t,secure_bps,violations,k_min,k_mean,q_total,aos_mean,aos_max,rekey,q_sumsq,z_l1,z_sumsq,z_max,lyapunov,key_inflow,key_overflow,cg_iters,cg_columns,cg_converged,obj_lp,obj_greedy,key_blocked_edges
0,245000000.0,0,2109375.0,2425672.7430555555,0,0.8678816811621574,0.9476988686844755,0,0.0,571875.0,109013671875.0,190625.0,10901367187500.0,7200000.0,0.0,1,5,1,1.5601026095561774e+16,1.5601026095561776e+16,0
1,245000000.0,0,1796875.0,2351345.486111111,0,1.9210137071769111,2.1124243899047483,0,0.0,728125.0,192998046875.0,346875.0,19299804687500.0,7200000.0,0.0,1,6,1,1.5589178731719426e+16,1.5589178731719424e+16,0
2,245000000.0,0,1718750.0,2281358.5069444445,0,2.994112692211281,3.1629597325192615,0,0.0,718750.0,130585937500.0,190625.0,13058593750000.0,7200000.0,0.0,1,7,1,1.5593434543936038e+16,1.5593434543936034e+16,0
3,245000000.0,0,1718750.0,2200520.8333333335,0,4.023049426344968,4.162959732519262,0,0.0,762500.0,145351562500.0,190625.0,14535156250000.0,7200000.0,0.0,1,8,1,1.5575474641472196e+16,1.5575474641472196e+16,0
4,245000000.0,0,1328125.0,2132575.630571016,0,4.567215740681314,5.504749365183861,0,0.0,571875.0,109013671875.0,190625.0,10901367187500.0,7273503.950556569,2.0372681319713593e-10,1,8,1,1.5588029237986212e+16,1.5588029237986212e+16,0
5,245000000.0,0,1328125.0,2092408.205586476,0,5.446862497716831,6.504749365183861,0,0.0,571875.0,109013671875.0,190625.0,10901367187500.0,7273503.950556569,2.0372681319713593e-10,1,8,1,1.5576857922148894e+16,1.5576857922148892e+16,0
6,245000000.0,0,1337500.0,2074463.0028241584,0,6.3297057442982565,7.494209936496078,0,0.0,571875.0,109013671875.0,190625.0,10901367187500.0,7273503.950556569,2.0372681319713593e-10,1,8,1,1.5582263325431902e+16,1.5582263325431902e+16,0
7,245000000.0,0,1337500.0,2059773.0083951743,0,7.04776842167404,8.494209936496077,0,0.0,571875.0,109013671875.0,190625.0,10901367187500.0,7273503.950556569,2.0372681319713593e-10,1,9,1,1.5571271905609498e+16,1.55712719056095e+16,0
8,245000000.0,0,1346875.0,2053351.2431350036,0,7.7081681526571,9.483817119540017,0,0.0,571875.0,109013671875.0,190625.0,10901367187500.0,7273503.950633861,0.0,1,10,1,1.5576923734732434e+16,1.5576923734732432e+16,0
9,245000000.0,0,1346875.0,2046929.4778748332,0,8.525511500476155,10.483817119540017,0,0.0,571875.0,109013671875.0,190625.0,10901367187500.0,7273503.950633861,0.0,1,10,1,1.556609345752567e+16,1.5566093457525668e+16,0
10,245000000.0,0,1356250.0,2041008.141390497,0,7.537759001683372,11.473567876220299,0,0.0,567371.1410174894,107316860383.65216,190625.0,10731686038365.217,7291519.386563904,6.821210263296962e-11,1,10,1,1.5578072236343884e+16,1.5578072236343886e+16,0
11,245000000.0,0,1356250.0,2035086.8049061613,0,8.176359974536465,12.473567876220299,0,0.0,567371.1410174894,107316860383.65216,190625.0,10731686038365.217,7291519.386563904,6.821210263296962e-11,1,10,1,1.5567863359920036e+16,1.5567863359920036e+16,0
12,245000000.0,0,1365625.0,2018314.7739773807,0,7.158966981056513,13.463459251806457,0,0.0,721244.165700559,130318414263.9206,190625.0,13031841426392.059,7291519.386563904,6.821210263296962e-11,1,11,1,1.5574764071959672e+16,1.5574764071959668e+16,0
13,245000000.0,0,1365625.0,2017948.9930486004,0,7.1085087213081115,14.463459251806457,0,0.0,567371.1410174894,107316860383.65216,190625.0,10731686038365.217,7291519.386563904,9.094947017729282e-11,1,11,1,1.5568546406354684e+16,1.5568546406354686e+16,0
14,245000000.0,0,1375000.0,2006732.5176753753,0,5.862301001342022,15.453488372093023,0,0.0,721244.165700559,130318414263.9206,190625.0,13031841426392.059,7291519.386563904,9.094947017729282e-11,1,11,1,1.5576743016584178e+16,1.557674301658418e+16,0
15,245000000.0,0,1375000.0,2010194.8139877012,0,8.041066465652737,16.453488372093023,0,0.0,567371.1410174894,107316860383.65216,190625.0,10731686038365.217,7291519.386563904,9.094947017729282e-11,1,11,1,1.5565379766181294e+16,1.556537976618129e+16,0
16,245000000.0,0,1384375.0,2009917.4612582102,0,6.54706210829868,17.443652440674907,0,0.0,721244.165700559,130318414263.9206,190625.0,13031841426392.059,7291519.386563904,9.094947017729282e-11,1,11,1,1.557454061588192e+16,1.5574540615881924e+16,0
17,245000000.0,0,1384375.0,2026218.3469960967,0,8.939230228323694,18.443652440674907,0,0.0,567371.1410174894,107316860383.65216,190625.0,10731686038365.217,7291519.386563904,2.0736479200422764e-10,1,11,1,1.556226389661067e+16,1.5562263896610672e+16,0
18,245000000.0,0,1393750.0,2041012.672380334,0,7.17943173747896,19.433948736332677,0,0.0,721244.165700559,130318414263.9206,190625.0,13031841426392.059,7291519.386563904,9.094947017729282e-11,1,11,1,1.5572470414174514e+16,1.5572470414174516e+16,0
19,245000000.0,0,1393750.0,2065841.830305758,0,9.79172803679114,20.433948736332677,0,0.0,567371.1410174894,107316860383.65216,190625.0,10731686038365.217,7291519.386563904,9.094947017729282e-11,1,11,1,1.5559202854722366e+16,1.5559202854722366e+16,0
20,245000000.0,0,1403125.0,2076847.5771547551,0,7.789700938292342,21.424374610522566,0,0.0,721244.165700559,130318414263.9206,190625.0,13031841426392.059,7291519.386563904,9.094947017729282e-11,1,11,1,1.5570428211228902e+16,1.5570428211228902e+16,0
21,245000000.0,0,1403125.0,2098704.0184481973,0,10.649545905221702,22.424374610522566,0,0.0,567371.1410174894,107316860383.65216,190625.0,10731686038365.217,7291519.386563904,9.094947017729282e-11,1,11,1,1.5556134614300238e+16,1.555613461430024e+16,0
22,245000000.0,0,1412500.0,2109709.7652971945,0,8.408316857424508,23.414927484966395,0,0.0,721244.165700559,130318414263.9206,190625.0,13031841426392.059,7291519.386563904,9.094947017729282e-11,1,11,1,1.5568373589534566e+16,1.5568373589534566e+16,0
23,245000000.0,0,1412500.0,2131566.206590636,0,11.514938610640804,24.414927484966395,0,0.0,567371.1410174894,107316860383.65216,190625.0,10731686038365.217,7291519.386563904,9.094947017729282e-11,1,11,1,1.5553056360944616e+16,1.5553056360944616e+16,0
24,245000000.0,0,1421875.0,2142571.9534396334,0,9.033261083566808,25.40560484933673,0,0.0,721244.165700559,130318414263.9206,190625.0,13031841426392.059,7291519.386563904,6.821210263296962e-11,1,11,1,1.5566309232178776e+16,1.5566309232178774e+16,0
25,245000000.0,0,1421875.0,2164791.6665297765,0,12.385747121670068,26.40560484933673,0,0.0,564101.7187425874,106110532297.11829,190625.0,10611053229711.828,7304597.171245153,3.675182796980536e-10,1,11,1,1.5549971327544526e+16,1.5549971327544526e+16,0
26,245000000.0,0,1431250.0,2176160.6851754757,0,9.662495823079157,27.39640425903299,0,0.0,717974.743425657,129112086177.38672,190625.0,12911208617738.672,7304597.171245153,3.675182796980536e-10,1,11,1,1.5564239084038396e+16,1.5564239084038392e+16,0
27,245000000.0,0,1328125.0,2187529.703821174,0,5.502167284475131,28.39640425903299,0,0.0,910976.7187425874,226432797922.1183,346875.0,22643279792211.83,7304597.171245153,3.675182796980596e-10,1,12,1,1.5562015107834872e+16,1.5562015107834874e+16,0
28,245000000.0,0,1440625.0,2199842.6817794377,0,7.4423739832667195,29.387323333044307,0,0.0,859238.7016652214,148767100894.3211,190625.0,14876710089432.111,7315819.254766024,6.294527538086627e-10,1,12,1,1.556636224648732e+16,1.556636224648732e+16,0
29,245000000.0,0,1440625.0,2222374.119411827,0,8.85789440678114,30.387323333044307,0,0.0,667226.7187425874,116745297922.11829,190625.0,11674529792211.828,7315819.254766024,6.294527538086627e-10,1,12,1,1.5548664046053716e+16,1.5548664046053716e+16,0
30,245000000.0,0,1450000.0,2234054.862599773,0,5.9376270643145554,31.378359751895246,0,0.0,771738.7016652214,130720225894.32109,190625.0,13072022589432.11,7315819.254766024,6.294527538086627e-10,1,12,1,1.5566597790309912e+16,1.5566597790309912e+16,0
31,245000000.0,0,1116510.4517314667,2245735.6057877173,0,6.149290811839799,32.378359751895246,0,0.0,970351.7187425874,271149594797.1183,406250.0,27114959479711.83,7315819.254766024,6.294527538086627e-10,1,12,1,1.55525174339651e+16,1.55525174339651e+16,0
32,245000000.0,0,1316510.4517314667,2258631.62675344,0,8.312321265513715,33.36951125567063,0,0.0,918613.7016652214,169733897769.3211,206250.0,16973389776932.111,7315819.254766024,6.294527538086627e-10,1,12,1,1.5562695140023562e+16,1.556269514002356e+16,0
33,245000000.0,0,1459375.0,2282847.073509159,0,11.920397966701131,34.36951125567063,0,0.0,722383.1366326261,188609016253.21045,346875.0,18860901625321.047,7332693.583205869,4.020790783654309e-10,1,12,1,1.5542490731527976e+16,1.5542490731527976e+16,0
34,245000000.0,0,1468750.0,2300154.934410456,0,6.551417352196737,35.360775642116,0,0.0,855020.11955526,147242147350.41327,190625.0,14724214735041.326,7332693.583205869,4.020790783654309e-10,1,12,1,1.5566750862453352e+16,1.556675086245335e+16,0
35,245000000.0,0,1468750.0,2316303.594228874,0,6.732121288141634,36.360775642116,0,0.0,906758.1366326261,224907844378.21045,346875.0,22490784437821.047,7332693.583205869,4.020790783654309e-10,1,12,1,1.5556246454047414e+16,1.5556246454047412e+16,0
36,245000000.0,0,1478125.0,2328650.4233215917,0,9.206791886761412,37.352150764810276,0,0.0,855020.11955526,147242147350.41327,190625.0,14724214735041.326,7332693.583205869,4.020790783654309e-10,1,12,1,1.5558979059085642e+16,1.5558979059085644e+16,0
37,245000000.0,0,1478125.0,2356116.3316391376,0,10.936476667311764,38.352150764810276,0,0.0,663008.1366326261,115220344378.21045,190625.0,11522034437821.045,7332695.114549622,3.05142577872181e-10,1,12,1,1.5538889374844072e+16,1.5538889374844074e+16,0
38,245000000.0,0,1487500.0,2372530.8359773834,0,7.178649696426696,39.34363453140746,0,0.0,767520.11955526,129195272350.41325,190625.0,12919527235041.326,7332695.114549622,5.379732215260505e-10,1,12,1,1.5560824921908854e+16,1.5560824921908852e+16,0
39,245000000.0,0,1487500.0,2388115.7835242804,0,7.347948325617647,40.34363453140746,0,0.0,966133.1366326261,269624641253.21045,406250.0,26962464125321.047,7332695.114549622,3.05142577872181e-10,1,12,1,1.5546901057812866e+16,1.5546901057812866e+16,0
40,245000000.0,0,1406250.0,2399230.495089228,0,10.099692362954734,41.33522490194442,0,0.0,914395.11955526,168208944225.41327,206250.0,16820894422541.326,7332695.114549622,5.379732215260504e-10,1,12,1,1.5555269055381622e+16,1.555526905538162e+16,0
41,245000000.0,0,1454449.279476402,2426749.421486709,0,11.989687402531708,42.33522490194442,0,0.0,722383.1366326261,130991828753.21045,190625.0,13099182875321.045,7332695.114549622,5.379732215260504e-10,1,12,1,1.5532128885590468e+16,1.5532128885590468e+16,0
42,245000000.0,0,1454449.279476402,2441961.1029450893,0,4.313155654466738,43.32691988721181,0,0.0,826895.11955526,139771444225.41327,190625.0,13977144422541.326,7332830.370206775,6.752358672201868e-10,1,12,1,1.5566557325433486e+16,1.5566557325433486e+16,0
43,245000000.0,0,1454449.279476402,2457055.3936389675,0,4.39466038644574,44.32691988721181,0,0.0,1025508.1366326261,321392219378.21045,465625.0,32139221937821.047,7332830.370206775,6.752358672201868e-10,1,12,1,1.554826736370737e+16,1.5548267363707372e+16,0
44,245000000.0,0,1298199.279476402,2454675.095482717,0,3.6211335437975603,45.318717547185365,0,0.0,1286270.11955526,350956829513.7364,325693.491461317,35095682951373.64,7332830.370206775,6.752358672201868e-10,1,13,1,1.5563979095337908e+16,1.5563979095337908e+16,0
45,245000000.0,0,1498199.279476402,2485952.4632898583,0,8.952118979256584,46.318717547185365,0,0.0,990782.102477894,175659603527.0523,221875.0,17565960352705.23,7332830.370206775,6.752358672201868e-10,1,13,1,1.5536626054383024e+16,1.5536626054383028e+16,0
46,245000000.0,0,1525000.0,2501594.095258283,0,4.62707230355469,47.31061598951507,0,0.0,1095294.085400528,250079407643.08167,273955.474383951,25007940764308.168,7332830.370206775,6.752358672201868e-10,1,13,1,1.5546409703951584e+16,1.5546409703951584e+16,0
47,245000000.0,0,1525000.0,2516219.3560195384,0,4.697506507126406,48.31061598951507,0,0.0,1190431.068323162,385780761695.28546,525000.0,38578076169528.55,7332830.370206775,6.752358672201868e-10,1,13,1,1.5539864353456734e+16,1.5539864353456734e+16,0
48,245000000.0,0,1373505.180423174,2526442.5661640856,0,8.196101972706835,49.30261336806969,0,0.0,1138693.051245796,272633884791.81827,325000.0,27263388479181.83,7332830.370206775,6.752358672201868e-10,1,13,1,1.5551573221108298e+16,1.5551573221108298e+16,0
49,245000000.0,0,1417255.180423174,2552976.2419953314,0,13.026943985531021,50.30261336806969,0,0.0,843205.03416843,204197100132.9099,346875.0,20419710013290.992,7332830.370206775,6.752358672201868e-10,1,13,1,1.5531916697180114e+16,1.5531916697180114e+16,0
50,245000000.0,0,1543750.0,2572906.909657054,0,4.93042323876254,51.29470788153423,0,0.0,938342.017091064,154547995334.94614,190625.0,15454799533494.613,7332830.370206775,6.752358672201868e-10,1,13,1,1.556368988274332e+16,1.5563689882743322e+16,0
51,245000000.0,0,1543750.0,2589183.791480618,0,4.998414791371471,52.29470788153423,0,0.0,988008.1366326261,287876594378.21045,428125.0,28787659437821.047,7332830.370206775,6.752358672201868e-10,1,13,1,1.5548556710996288e+16,1.554855671099629e+16,0
52,245000000.0,0,1553125.0,2584735.0310308645,0,4.080390637325097,53.28689777205823,0,0.0,1248770.11955526,332441204513.7364,325693.491461317,33244120451373.64,7332830.370206775,6.752358672201868e-10,1,13,1,1.5560106915409204e+16,1.5560106915409206e+16,0
53,245000000.0,0,1553125.3551485233,2602925.405924265,0,0.7494296550301089,1.2868974779765212,0,0.0,1343906.7473293708,457055952501.8039,575000.0,45705595250180.39,7332831.790800869,9.501296416303322e-10,1,13,1,1.5557983981093874e+16,1.5557983981093874e+16,0
54,245000000.0,0,1562500.7102970467,2614949.358926533,0,4.904522499007348,54.53948344460179,0,0.0,1292168.7302520047,358975756617.83325,375000.0,35897575661783.33,7332831.790800869,8.13705436364393e-10,1,13,1,1.5566434363961152e+16,1.5566434363961152e+16,0
55,245000000.0,0,1562501.06544557,2639398.840392193,0,9.871927774258433,55.59517166982852,0,0.0,996680.7131746386,224765001295.03705,346875.0,22476500129503.703,7332831.790800869,8.13705436364393e-10,1,13,1,1.5552394232298258e+16,1.555239423229826e+16,0
56,245000000.0,0,1571876.4205940934,2657218.497400567,0,0.739634488570147,1.2715557139858307,0,0.0,1091817.6960972727,205807577516.56985,222217.45730658498,20580757751656.984,7332831.790800869,8.13705436364393e-10,1,13,1,1.5579104145932006e+16,1.5579104145932008e+16,0
57,245000000.0,0,1571876.7757426167,2674922.7268780083,0,0.7204500327780788,1.271555426874252,0,0.0,1040079.6790199066,333191105357.66144,478125.0,33319110535766.145,7332831.790800869,8.13705436364393e-10,1,13,1,1.5568671577427854e+16,1.5568671577427854e+16,0
58,245000000.0,0,1581252.13089114,2670502.0524260676,0,0.8113936294502657,1.2640210500924276,0,0.0,1300841.6619425407,359105322577.9596,326729.440229219,35910532257795.96,7332831.790800869,8.13705436364393e-10,1,13,1,1.558594250703295e+16,1.5585942507032946e+16,0
59,245000000.0,0,1581252.4860396634,2687986.841341926,0,0.7236662635180872,1.264020766373354,0,0.0,1395978.6448651745,517491175121.2621,625000.0,51749117512126.21,7332831.790800869,5.669765767990558e-10,1,13,1,1.55525940523058e+16,1.55525940523058e+16,0
60,245000000.0,0,1590627.8411881868,2698413.445965111,0,5.32341065346361,60.47572324800048,0,0.0,1344240.6277878087,400113118342.12494,425000.0,40011311834212.49,7332831.790800869,5.669765767990558e-10,1,13,1,1.556518019674514e+16,1.5565180196745144e+16,0
61,245000000.0,0,1590628.1963367101,2722203.596533979,0,10.820662948669161,61.51850411562642,0,0.0,1048752.6107104425,244985832174.3153,346875.0,24498583217431.53,7332831.790800869,5.669765767990558e-10,1,13,1,1.5548328385814456e+16,1.5548328385814454e+16,0
62,245000000.0,0,1600003.5514852335,2739385.9003421213,0,0.7196934406889887,1.2492164668495718,0,0.0,1143889.5936330766,222355547500.68158,223253.40607448696,22235554750068.156,7332831.790800869,5.669765767990558e-10,1,13,1,1.5577432261164462e+16,1.5577432261164456e+16,0
63,245000000.0,0,1600003.9066337568,2756474.021726005,0,0.6979061051987813,1.2492161897375789,0,0.0,1092151.5765557105,383510044496.75977,528125.0,38351004449675.98,7332831.790800869,1.0326378641067948e-09,1,13,1,1.5563272086003954e+16,1.5563272086003956e+16,0
64,245000000.0,0,1609379.2617822802,2751435.1422546636,0,0.9283001818563611,1.7671573310163167,0,0.0,1331776.547760967,377141293698.43427,328125.0,37714129369843.43,7375105.814235625,6.615640257834343e-10,1,13,1,1.5585426200959394e+16,1.5585426200959396e+16,0
65,245000000.0,0,1609379.6169308035,2780080.6491103526,0,6.567924118187738,65.46875457768142,0,0.0,1015091.1174578578,200022569023.72552,284314.59849163494,20002256902372.55,7375347.420269085,1.5148690080124538e-09,1,13,1,1.5547479203874254e+16,1.5547479203874256e+16,0
66,245000000.0,0,1618754.9720793269,2793675.421819292,0,0.7094775105374751,1.2347546601030288,0,0.0,1098405.687154749,245476158514.40634,244321.85434368823,24547615851440.633,7375347.420269085,1.5148690080124538e-09,1,13,1,1.5570661303020734e+16,1.5570661303020734e+16,0
67,245000000.0,0,1618755.3272278502,2805747.365226132,0,0.6850084730346339,1.2347543893699822,0,0.0,1172284.855343275,449821888763.60474,587318.7954749048,44982188876360.48,7375347.420269085,1.5148690080124538e-09,1,13,1,1.5556833632253712e+16,1.555683363225371e+16,0
68,245000000.0,0,1628130.6823763736,2800378.7000018125,0,0.812623195764088,1.227648599118303,0,0.0,1411909.8265485314,432987035375.2163,387258.39396653976,43298703537521.63,7375347.420269085,1.301542762455199e-09,1,13,1,1.5583435982295486e+16,1.5583435982295488e+16,0
69,245000000.0,0,1628131.037524897,2829776.0089346236,0,6.916042690913478,69.42771599657827,0,0.0,1073768.5499908586,237066484628.70563,343447.9924581747,23706648462870.562,7432603.208384597,1.7394573559315063e-09,1,13,1,1.5543679118300608e+16,1.554367911830061e+16,0
70,245000000.0,0,1637506.3926734203,2841327.334933528,0,0.6981958673571222,1.2206238614283094,0,0.0,1135623.1655869156,266947110629.91882,299633.4831035391,26694711062991.883,7432672.308545466,1.167463348217268e-09,1,13,1,1.5568882264731362e+16,1.5568882264731362e+16,0
71,245000000.0,0,1637506.7478219436,2849031.606317171,0,0.6753300482833563,1.2206235968564592,0,0.0,1206262.2458783705,522450664519.23706,646443.9737489035,52245066451923.7,7432672.308545466,1.167463348217268e-09,1,13,1,1.5550397422427028e+16,1.555039742242703e+16,0
72,245000000.0,0,1563548.2313429406,2843003.8883349616,0,0.8227048339753746,1.2783242855244459,0,0.0,1424431.3708290632,452817322248.1152,446379.4643942679,45281732224811.516,7432672.308545466,1.167463348217268e-09,1,13,1,1.5586172548105614e+16,1.5586172548105612e+16,0
73,245000000.0,0,1563582.0452572291,2863574.7571709496,0,12.756793510403538,73.4057515279081,0,0.0,1086285.98642512,256908831498.4571,346875.0,25690883149845.71,7432672.308545466,1.167463348217268e-09,1,13,1,1.5540112157601422e+16,1.5540112157601422e+16,0
74,245000000.0,0,1563615.8591715177,2880283.2664610264,0,0.6815592428376287,1.206812835026991,0,0.0,1138765.6020211768,219081855055.00757,210066.18742603873,21908185505500.758,7432672.308545466,1.167463348217268e-09,1,13,1,1.5575606155945272e+16,1.557560615594527e+16,0
75,245000000.0,0,1563649.6730858062,2887796.369990731,0,0.6547593115085486,1.2068125764083857,0,0.0,1109129.208459828,406303358095.10205,549310.9363303611,40630335809510.2,7432672.308545466,1.167463348217268e-09,1,13,1,1.5561084546996806e+16,1.5561084546996804e+16,0
76,245000000.0,0,1407433.4870000947,2882396.3735115123,0,0.8366712892488725,1.4200173586187002,0,0.0,1303855.8177222998,361538872716.35547,349246.42697572545,36153887271635.55,7479557.3399219075,1.5167093136980725e-09,1,13,1,1.558615133313705e+16,1.5586151333137052e+16,0
77,245000000.0,0,1449246.5782999243,2903249.075513032,0,0.6607962380031317,1.2000236077910105,0,0.0,1332828.4082755006,592016984811.8105,696056.9176210898,59201698481181.055,7537202.59203503,2.2446319247748647e-09,1,13,1,1.5545015530872422e+16,1.5545015530872422e+16,0
78,245000000.0,0,1296595.7932908775,2899292.7894425243,0,0.8579739619859748,1.541312025162883,0,0.0,1527555.0175379722,533579864241.178,495992.40826645424,53357986424117.8,7537202.59203503,2.2446319247748647e-09,1,13,1,1.5577679912220114e+16,1.5577679912220114e+16,0
79,245000000.0,0,1500195.0082818307,2941355.3915912183,0,13.726974860130815,79.35827847194231,0,0.0,1165967.1174458084,287986735390.021,346875.0,28798673539002.1,7537202.597676553,2.1063887301053796e-09,1,13,1,1.553599987822676e+16,1.553599987822676e+16,0
80,245000000.0,0,1611182.3999317354,2967309.842633932,0,0.6629245314769671,1.1866725206794835,0,0.0,1195004.2173536448,244442194593.14474,252113.38955718302,24444219459314.473,7537202.597676553,1.87355808645151e-09,1,13,1,1.5571763388979896e+16,1.5571763388979898e+16,0
81,245000000.0,0,1614781.6149226886,2982697.1011674944,0,0.6377506082758367,1.1866722706209398,0,0.0,1158742.1523320144,463270667599.8394,598923.8802025474,46327066759983.945,7537202.597676553,1.87355808645151e-09,1,13,1,1.555571034269987e+16,1.5555710342699868e+16,0
82,245000000.0,0,1462130.8299136418,2978456.009944108,0,0.8055471696685563,1.3669317596964625,0,0.0,1353468.7615944862,398654603674.2368,398859.3708479118,39865460367423.68,7537202.597676553,1.87355808645151e-09,1,13,1,1.5586254895198646e+16,1.5586254895198644e+16,0
83,245000000.0,0,1665730.044904595,3013732.8836268666,0,0.6447541274576242,1.1858315856670616,0,0.0,1382441.352147687,663545294583.0397,745669.8614932762,66354529458303.97,7537202.597676553,1.87355808645151e-09,1,13,1,1.553963906355844e+16,1.553963906355844e+16,0
84,245000000.0,0,1552695.9246989107,3005101.505104803,0,0.791733939030344,1.2872531672422183,0,0.0,1577167.9614101585,585256595465.5509,545605.3521386406,58525659546555.09,7537202.597676553,2.3392193737592493e-09,1,13,1,1.557787433769927e+16,1.557787433769927e+16,0
85,245000000.0,0,1679687.5,3041208.9672554294,0,14.700952251767196,85.3423288173789,0,0.0,1215580.0613179947,319811888067.5379,346875.0,31981188806753.79,7537202.597676553,1.87355808645151e-09,1,13,1,1.5531872369169816e+16,1.5531872369169816e+16,0
86,245000000.0,0,1679687.5,3069813.3486468177,0,0.6448423015542959,1.1671934088599176,0,0.0,1244617.1612258311,271919813683.8638,301726.3334293694,27191981368386.38,7537202.597676553,1.87355808645151e-09,1,13,1,1.5570270013209136e+16,1.5570270013209138e+16,0
87,245000000.0,0,1679687.5,3084601.392345867,0,0.6228319994772417,1.1671931669433675,0,0.0,1208353.4778038352,525160287306.6582,648536.8240747338,52516028730665.82,7537209.071278015,2.317391500916699e-09,1,13,1,1.5550331479690852e+16,1.5550331479690854e+16,0
88,245000000.0,0,1679687.5,3079999.4928421997,0,0.746940627039206,1.1608417083283071,0,0.0,1403080.087066307,440692644834.19946,448472.31472009816,44069264483419.945,7537209.071278015,2.317391500916699e-09,1,13,1,1.558643086166757e+16,1.5586430861667568e+16,0
89,245000000.0,0,1635967.1946345367,3103816.478571799,0,0.6320420394440646,1.2217715825676718,0,0.0,1432052.6776195078,739995914556.35,795282.8053654626,73999591455635.0,7537209.071278015,2.317391500916699e-09,1,13,1,1.5534254971307866e+16,1.5534254971307866e+16,0
90,245000000.0,0,1679687.5,3091989.2702510185,0,0.7386849197415701,1.1545587637385353,0,0.0,1626779.2868819793,641855636892.0052,595218.296010827,64185563689200.52,7537209.071278015,2.317391500916699e-09,1,13,1,1.557803611618942e+16,1.5578036116189422e+16,0
91,245000000.0,0,1679687.5,3122215.273104948,0,15.6825876956497,91.33924403432539,0,0.0,1265191.3867898155,356559350947.13617,395153.78665619134,35655935094713.62,7537209.071278015,2.317391500916699e-09,1,13,1,1.5527724471016398e+16,1.55277244710164e+16,0
92,245000000.0,0,1679687.5,3124304.993317791,0,0.7227125243654677,1.148343464695654,0,0.0,1450478.4866976517,401130295792.54016,369629.02315617946,40113029579254.016,7537209.071278015,2.317391500916699e-09,1,13,1,1.5569662557260222e+16,1.556966255726022e+16,0
93,245000000.0,0,1679687.5,3149959.3673509457,0,0.599880193285642,1.148343230529817,0,0.0,1332576.0772508525,424863723912.7066,541899.7679469201,42486372391270.664,7537209.071278015,2.317391500916699e-09,1,13,1,1.5562067724488294e+16,1.5562067724488296e+16,0
94,245000000.0,0,1679687.5,3151091.69775747,0,0.7064172231200345,1.1421947245869035,0,0.0,1527302.686513324,518198732971.22253,408105.63241865125,51819873297122.25,7537209.071278015,2.3137535221096073e-09,1,13,1,1.5561290472832608e+16,1.556129047283261e+16,0
95,245000000.0,0,1679687.5,3175115.6032794206,0,0.6086728793513169,1.1470492797465632,0,0.0,1550375.9297421551,624094809360.171,688645.7492376489,62409480936017.1,7560806.460575494,2.1100267089124713e-09,1,13,1,1.5545992550526332e+16,1.5545992550526332e+16,0
96,245000000.0,0,1679687.5,3168609.979387151,0,0.6940308415057412,1.1361114799483996,0,0.0,1729135.987563172,691664785142.8068,488581.2398830133,69166478514280.68,7600334.575923371,1.5206741421636139e-09,1,13,1,1.5552909163302094e+16,1.5552909163302094e+16,0
97,245000000.0,0,1595858.2694716216,3193525.0383277843,0,0.6192994444357304,1.2524593060233031,0,0.0,1742330.2356927616,862729114300.0759,835391.7305283777,86272911430007.6,7607553.17035265,2.2337179883535896e-09,1,13,1,1.5529913672624142e+16,1.5529913672624142e+16,0
98,245000000.0,0,1679687.5,3186027.1336586764,0,0.683040366671908,1.1300926898519552,0,0.0,1921278.5025316225,897618396854.5538,635327.2211737421,89761839685455.39,7607553.17035265,2.2337179883535896e-09,1,13,1,1.5547582220242852e+16,1.5547582220242852e+16,0
99,245000000.0,0,1679687.5,3217375.2967262263,0,16.996069725942977,99.34120808053497,0,0.0,1543912.2600158479,455541119187.9916,435262.7118191065,45554111918799.16,7607553.17035265,2.2337179883535896e-09,1,13,1,1.5522183964599288e+16,1.5522183964599288e+16,0
100,245000000.0,0,1679687.5,3237716.3319657827,0,0.6252908038009933,1.1241373353112882,0,0.0,1557171.0175000732,457011303739.369,391448.2024644709,45701130373936.9,7607553.17035265,2.2337179883535896e-09,1,13,1,1.5548127614560554e+16,1.5548127614560554e+16,0
101,245000000.0,0,1679687.5,3250418.0494147525,0,0.599986883785578,1.18064360298968,0,0.0,1423490.265629663,655343470214.4398,738258.6931098353,65534347021443.984,7607553.17035265,2.2337179883535896e-09,1,13,1,1.5540601357323146e+16,1.5540601357323148e+16,0
102,245000000.0,0,1679687.5,3241121.4475308144,0,0.6562246256794892,1.118244418706904,0,0.0,1602438.5324685238,602820157808.267,538194.1837551997,60282015780826.695,7607553.17035265,2.6865326629987862e-09,1,13,1,1.5571930256232386e+16,1.5571930256232384e+16,0
103,245000000.0,0,1546245.3255994353,3263343.863287831,0,0.6112203243934737,1.292619836628143,0,0.0,1615632.7805981135,900714874731.6561,885004.674400564,90071487473165.61,7607553.17035265,2.2337179883535896e-09,1,13,1,1.552452079631676e+16,1.552452079631676e+16,0
104,245000000.0,0,1679687.5,3255233.0828016526,0,0.6512305559393768,1.1008246814646938,0,0.0,1754128.6951269577,792558830787.8649,684940.1650459284,79255883078786.48,7726310.398516066,2.4025439415709116e-09,1,13,1,1.5566984244883804e+16,1.5566984244883804e+16,0
105,245000000.0,0,1679687.5,3289081.8617497482,0,17.982954687592517,105.3593742586672,0,0.0,1355236.3620728573,430163470171.6324,484875.65569129284,43016347017163.24,7726310.398516066,1.7168986232718453e-09,1,13,1,1.5518024996116948e+16,1.5518024996116948e+16,0
106,245000000.0,0,1679687.5,3289338.1524520116,0,0.6430812784524844,1.072933765299369,0,0.0,1503219.0290187572,427816194731.89594,365449.91746345366,42781619473189.59,7726310.398516066,1.7168986232718453e-09,1,13,1,1.5566759043158328e+16,1.5566759043158326e+16,0
107,245000000.0,0,1679687.5,3317498.2639773237,0,0.5743600371965906,1.1107233680623922,0,0.0,1348012.1866100212,510427415063.8444,631621.6369820216,51042741506384.445,7726310.398516066,1.7168986232718453e-09,1,13,1,1.555235099833814e+16,1.5552350998338142e+16,0
108,245000000.0,0,1679687.5,3310618.3618286285,0,0.6341389684836771,1.0464212356933764,0,0.0,1505434.3629105566,513084329358.9872,431557.127627386,51308432935898.72,7726310.398516066,2.169713297917042e-09,1,13,1,1.5566535947014942e+16,1.5566535947014942e+16,0
109,245000000.0,0,1652882.381727249,3338139.0811232715,0,0.5831743267092158,1.2092758361155522,0,0.0,1497102.5205018206,717774587025.1304,778367.6182727504,71777458702513.03,7726310.398516066,2.169713297917042e-09,1,13,1,1.5536279031037262e+16,1.5536279031037262e+16,0
110,245000000.0,0,1679687.5,3330898.7492577806,0,0.6251357553304928,1.0211873755946912,0,0.0,1654524.696802356,662998991650.1543,578303.1089181148,66299899165015.43,7726310.398516066,2.169713297917042e-09,1,13,1,1.5566312775337236e+16,1.5566312775337232e+16,0
111,245000000.0,0,1506136.40043652,3358367.996574367,0,0.5946469605514785,1.3270199030563719,0,0.0,1646192.85439362,968196021025.4924,925113.5995634792,96819602102549.25,7726310.398516066,2.169713297917042e-09,1,13,1,1.5520200697826024e+16,1.5520200697826022e+16,0
112,245000000.0,0,1679687.5,3351058.359912801,0,0.616752869122179,0.9971418599511955,0,0.0,1803615.0306941555,855987915980.3976,725049.0902088436,85598791598039.77,7726310.398516066,2.169713297917042e-09,1,13,1,1.556608765154489e+16,1.556608765154489e+16,0
113,245000000.0,0,1679687.5,3384989.926192114,0,19.29611786541812,113.36911579557929,0,0.0,1404722.697640055,472426531160.63855,524984.580854208,47242653116063.85,7726310.398516066,2.169713297917042e-09,1,13,1,1.5512496096133356e+16,1.5512496096133356e+16,0
114,245000000.0,0,1679687.5,3388342.432388064,0,0.6088267016421379,0.9742026753989013,0,0.0,1552705.364585955,459169774147.0596,370138.622665595,45916977414705.95,7726310.398516066,2.169713297917042e-09,1,13,1,1.5565861069016508e+16,1.5565861069016506e+16,0
115,245000000.0,0,1679687.5,3415378.017166673,0,0.5584215397144364,1.1360283544706042,0,0.0,1397498.522177219,564484107172.4199,671730.5621449368,56448410717241.99,7726310.398516066,2.169713297917042e-09,1,13,1,1.5548029100386348e+16,1.554802910038635e+16,0
116,245000000.0,0,1679687.5,3410115.2685355693,0,0.6011829267245987,0.9522951857119504,0,0.0,1554920.6984777544,556231539893.7201,471666.05279030115,55623153989372.01,7726310.398516066,2.169713297917042e-09,1,13,1,1.5565633536593526e+16,1.5565633536593528e+16,0
117,245000000.0,0,1612773.4565643338,3437449.475254076,0,0.568621576676159,1.2393313273710231,0,0.0,1546588.8560690184,783624910253.2753,818476.5434356655,78362491025327.53,7726310.398516066,2.169713297917042e-09,1,13,1,1.5531953173844498e+16,1.5531953173844498e+16,0
118,245000000.0,0,1679687.5,3428879.3014666704,0,0.5947167963360307,0.9313513205741828,0,0.0,1704011.0323695538,717939833304.4568,618412.0340810299,71793983330445.67,7726310.398516066,2.169713297917042e-09,1,13,1,1.5565402363863014e+16,1.5565402363863012e+16,0
119,245000000.0,0,1466027.475273605,3456174.263142667,0,0.5816016548962097,1.363300983594049,0,0.0,1695679.1899608178,1045839975373.2067,965222.5247263943,104583997537320.67,7726310.398516066,2.169713297917042e-09,1,13,1,1.5515870705660648e+16,1.551587070566065e+16,0
120,245000000.0,0,1666091.9846282406,3447237.756313249,0,0.5887249491639006,0.9113088690953226,0,0.0,1853101.3662613533,922722388754.2693,765158.0153717587,92272238875426.92,7726310.398516066,2.169713297917042e-09,1,13,1,1.556516964834398e+16,1.556516964834398e+16,0
121,245000000.0,0,1679687.5,3480948.4885955327,0,20.614390404627976,121.39067112264911,0,0.0,1454209.0332072529,517994979730.98364,565093.5060171231,51799497973098.37,7726310.398516066,2.169713297917042e-09,1,13,1,1.5506950137848768e+16,1.5506950137848768e+16,0
122,245000000.0,0,1679687.5,3482780.889658735,0,0.5829244002629985,0.9051190154961835,0,0.0,1602190.6682362366,493828386787.6951,374827.3278677363,49382838678769.516,7726314.526183731,2.635374585224781e-09,1,13,1,1.5564936235551924e+16,1.5564936235551924e+16,0
123,245000000.0,0,1679687.5,3507524.519583139,0,0.5458621893355146,1.1625132404418659,0,0.0,1446983.8258275006,621845832506.4674,711839.4873078519,62184583250646.74,7726314.526183731,2.635374585224781e-09,1,13,1,1.5543695385508756e+16,1.5543695385508756e+16,0
124,245000000.0,0,1679687.5,3498978.1430220604,0,0.5774861088507863,0.9055994174491253,0,0.0,1604406.002128036,602683783653.9252,511774.9779532163,60268378365392.516,7726314.526183731,2.635374585224781e-09,1,13,1,1.556470160578515e+16,1.5564701605785148e+16,0
125,245000000.0,0,1572664.5314014186,3526170.257040611,0,0.5573026834748398,1.2709189030389536,0,0.0,1596074.1597193,852780266706.8922,858585.4685985807,85278026670689.22,7726314.526183731,2.635374585224781e-09,1,13,1,1.552761595129557e+16,1.552761595129557e+16,0
126,245000000.0,0,1679687.5,3517109.323956927,0,0.5724335895099428,0.9060803296302025,0,0.0,1749079.1077904312,770387545347.8086,654103.731014541,77038754534780.86,7743983.439101347,1.6916601452976465e-09,1,13,1,1.5564465688172652e+16,1.5564465688172654e+16,0
127,245000000.0,0,1434753.0065694982,3545285.801395707,0,0.570380646498767,1.392997257083013,0,0.0,1724158.6053872348,1104880130397.967,996496.9934305013,110488013039796.7,7775000.253243957,2.1827872842550278e-09,1,13,1,1.5512016702394696e+16,1.5512016702394696e+16,0
128,245000000.0,0,1639234.744153538,3536825.586376835,0,0.5674321551265671,0.9065617528527057,0,0.0,1881580.7816877703,969035434853.307,792015.2558464616,96903543485330.7,7775000.253243957,2.1827872842550278e-09,1,13,1,1.55642300335318e+16,1.5564230033531798e+16,0
129,245000000.0,0,1679687.5,3574205.3574955952,0,12.238038504698126,129.4010284123483,0,0.0,1478271.2204042657,667268245983.6301,743783.518262422,66726824598363.016,7775000.253243957,2.1827872842550278e-09,1,13,1,1.550145968780854e+16,1.550145968780854e+16,0
130,245000000.0,0,1679687.5,3566702.7745360886,0,0.5629443695447531,0.9070436879316557,0,0.0,1631211.6591207616,634370370806.6365,539301.7806783823,63437037080663.65,7775000.253243957,2.1827872842550278e-09,1,13,1,1.5563992681085188e+16,1.5563992681085186e+16,0
131,245000000.0,0,1549554.9569056574,3587135.4263417744,0,0.5489420448866537,1.289860763136878,0,0.0,1614045.3602532174,890249267449.6355,881695.0430943426,89024926744963.55,7775000.253243957,2.1827872842550278e-09,1,13,1,1.5524642553288458e+16,1.552464255328846e+16,0
132,245000000.0,0,1679687.5,3578593.026367679,0,0.5587528041133023,0.9075261356838067,0,0.0,1771467.5365537528,803924008117.0632,677213.3055103029,80392400811706.33,7775000.253243957,2.1827872842550278e-09,1,13,1,1.5563754289598824e+16,1.5563754289598822e+16,0
133,245000000.0,0,1411643.432073737,3605539.4637105786,0,0.5627336478161143,1.4157854378468553,0,0.0,1731771.758998538,1148358313791.8242,1019606.5679262632,114835831379182.42,7820059.210619299,2.5320332497358322e-09,1,13,1,1.5509524650989202e+16,1.55095246509892e+16,0
134,245000000.0,0,1616125.1696577768,3597954.0327014625,0,0.5527139944785059,0.8988155745873163,0,0.0,1866664.4566114026,978125011916.8582,815124.8303422235,97812501191685.81,7820059.210619299,2.5320332497358322e-09,1,13,1,1.5565987823165242e+16,1.556598782316524e+16,0
135,245000000.0,0,1664356.9072418166,3635769.387746839,0,12.777265638520758,135.4317270112591,0,0.0,1440825.4166402277,691236546771.7935,766893.0927581838,69123654677179.34,7820059.210619299,2.5320332497358322e-09,1,13,1,1.5497760163421596e+16,1.5497760163421598e+16,0
136,245000000.0,0,1679687.5,3632038.287750866,0,0.5468543268691315,0.8902706341757042,0,0.0,1571236.3766690528,600217968685.806,562411.3551741441,60021796868580.6,7820059.210619299,2.9976945370435715e-09,1,13,1,1.5570684817636978e+16,1.5570684817636984e+16,0
137,245000000.0,0,1526445.3824098962,3653465.9135639174,0,0.5416845672799708,1.3093757872013336,0,0.0,1531504.7876230383,914577225388.6603,904804.6175901045,91457722538866.03,7820130.833600897,2.5320332497358322e-09,1,13,1,1.55221480008447e+16,1.5522148000844698e+16,0
138,245000000.0,0,1679687.5,3647141.9088957836,0,0.5409885246390211,0.8818727098115332,0,0.0,1666361.6737451039,746357671916.3208,700322.8800060648,74635767191632.08,7903257.658706823,2.077285898849368e-09,1,13,1,1.557538558545314e+16,1.5575385585453138e+16,0
139,245000000.0,0,1388533.8575779758,3673887.818713695,0,0.5562286006570617,1.4393316068498654,0,0.0,1626630.0846990894,1179470931389.877,1042716.1424220251,117947093138987.69,7903257.658706823,2.077285898849368e-09,1,13,1,1.550702773351268e+16,1.5507027733512678e+16,0
140,245000000.0,0,1593015.5951620156,3667034.118522918,0,0.5354551590338795,0.8736317401621035,0,0.0,1761486.970821155,932367213795.3436,838234.4048379854,93236721379534.36,7903257.658706823,2.077285898849368e-09,1,13,1,1.5580089126058784e+16,1.5580089126058788e+16,0
141,245000000.0,0,1634935.217087145,3654827.0032629063,0,0.5972989527858813,1.222542298197534,0,0.0,2742922.6279871804,1299749050717.0889,633752.6672539457,129974905071708.89,7903257.658706823,3.474269760772586e-09,1,14,1,1.5499954899624766e+16,1.5499954899624766e+16,0
142,245000000.0,0,1455104.0703300952,3658248.546110378,0,0.5138694125805897,1.3735281981229577,0,0.0,2871261.3987320354,1402350038178.0454,976145.929669906,140235003817804.55,7903257.658706823,2.077285898849368e-09,1,15,1,1.5510437999696256e+16,1.5510437999696256e+16,0
143,245000000.0,0,1566509.5596220144,3656846.8314256775,0,0.6064860467171053,1.2759092840762485,0,0.0,2650405.9821915505,1376847705050.3303,771664.1920858664,137684770505033.03,7903257.658706823,2.5538611225783825e-09,1,16,1,1.5500328705317374e+16,1.5500328705317372e+16,0
144,245000000.0,0,1317192.5454981748,3695977.2663279898,0,0.5552522959653531,1.5172290321549002,0,0.0,2338016.202820524,1474143032885.6257,1114057.4545018268,147414303288562.56,7903257.658706823,2.5538611225783825e-09,1,16,1,1.5494797231137178e+16,1.5494797231137176e+16,0
145,245000000.0,0,1521674.2830822146,3701074.080090338,0,0.5496959284257517,0.9664920128023864,0,0.0,2442890.852744893,1484604131037.854,909575.7169177871,148460413103785.4,7903257.658706823,3.183231456205249e-09,1,16,1,1.5518611005403156e+16,1.5518611005403158e+16,0
146,245000000.0,0,1639652.3234243186,3745099.977465271,0,24.745450820187457,146.46667017924665,0,0.0,1901521.6258881667,781176455133.5531,705093.9793337474,78117645513355.31,7903257.658706823,2.5538611225783825e-09,1,16,1,1.548959285352036e+16,1.5489592853520358e+16,0
147,245000000.0,0,1664033.2446917533,3757553.733106239,0,0.5417350792155677,0.9566025249917942,0,0.0,2022521.7744261923,834979233213.2556,500612.2417497077,83497923321325.56,7903257.658706823,2.5538611225783825e-09,1,16,1,1.5532344622152492e+16,1.5532344622152492e+16,0
148,245000000.0,0,1588244.4958343338,3783633.545627719,0,0.5110239978952669,1.2584596047004237,0,0.0,1781256.42154132,888643546133.1737,843005.504165668,88864354613317.38,7903257.658706823,3.2523530535399914e-09,1,16,1,1.5529018950137476e+16,1.5529018950137476e+16,0
149,245000000.0,0,1679687.5,3786282.541840119,0,0.5348977425742192,0.9469133727449023,0,0.0,1916113.307663385,909411847185.5881,638523.7665816284,90941184718558.81,7903257.658706823,2.3901520762592554e-09,1,16,1,1.554132202804607e+16,1.5541322028046072e+16,0
150,245000000.0,0,1450332.9710024134,3812483.8062347258,0,0.5242489795262211,1.3780435227201038,0,0.0,1873566.8046725274,1122105856459.0493,980917.0289975887,112210585645904.94,7908887.48659651,2.4374458007514477e-09,1,16,1,1.551390036660086e+16,1.551390036660086e+16,0
151,245000000.0,0,1654814.7085864532,3804624.8073795885,0,0.5295858978146324,0.9361833516013643,0,0.0,2005608.7768497493,1059983850040.9979,776435.291413549,105998385004099.8,7908887.48659651,2.2737367544323206e-09,1,16,1,1.5546333043882238e+16,1.5546333043882238e+16,0
152,245000000.0,0,1312421.446170493,3831056.240324648,0,0.5415836120587442,1.5227404774235607,0,0.0,1963062.273858892,1394767400791.6816,1118828.5538295093,139476740079168.16,7908887.48659651,2.4374458007514477e-09,1,16,1,1.5498773271845142e+16,1.5498773271845144e+16,0
153,245000000.0,0,1516903.1837545328,3823315.2886171094,0,0.5245993797061242,0.9256937818711094,0,0.0,2095104.246036114,1250939144703.612,914346.8162454696,125093914470361.2,7908887.48659651,2.2737367544323206e-09,1,16,1,1.5551650813294712e+16,1.5551650813294712e+16,0
154,245000000.0,0,1565134.9213385726,3855923.616295526,0,14.480581826693442,154.4920715290286,0,0.0,1666414.480629296,880260517584.4188,866115.0786614299,88026051758441.88,7908887.48659651,2.2737367544323206e-09,1,16,1,1.5485251445416582e+16,1.5485251445416584e+16,0
155,245000000.0,0,1679687.5,3849313.1851405012,0,0.5205628988521315,0.9154366706186381,0,0.0,1793974.7152224784,812788792831.7196,661633.3410773902,81278879283171.95,7908887.48659651,2.2737367544323206e-09,1,16,1,1.5556965576966542e+16,1.555696557696654e+16,0
156,245000000.0,0,1427223.3965066522,3865561.937675381,0,0.5209565691652428,1.4003411545363833,0,0.0,1751428.212231621,1124256690274.379,1004026.6034933506,112425669027437.89,7908887.48659651,2.2737367544323206e-09,1,16,1,1.5511392384350118e+16,1.5511392384350118e+16,0
157,245000000.0,0,1631705.134090692,3858034.3718031547,0,0.5166309767340685,0.90540437528764,0,0.0,1883470.1844088428,976767292333.8048,799544.8659093109,97676729233380.48,7908887.492640264,2.3246684577316046e-09,1,16,1,1.556227988417879e+16,1.5562279884178788e+16,0
158,245000000.0,0,1289311.8716747318,3878282.2817812804,0,0.5392119730583337,1.5500128642574946,0,0.0,1840923.6814179851,1410324731253.6865,1141938.1283252712,141032473125368.66,7908887.492640264,2.3246684577316046e-09,1,16,1,1.549626251379258e+16,1.549626251379258e+16,0
159,245000000.0,0,1493793.6092587716,3870851.0357943326,0,0.51279885902066,0.8955895847100401,0,0.0,1972965.653595207,1181129083643.0945,937456.3907412315,118112908364309.45,7908887.492640264,2.3246684577316046e-09,1,16,1,1.5567593753542352e+16,1.5567593753542354e+16,0
160,245000000.0,0,1590360.2211684047,3853677.214795894,0,0.5738348425550064,1.2567864732295273,0,0.0,2951586.396816389,1563468541711.2827,732974.6531571918,156346854171128.28,7908887.492640264,2.3246684577316046e-09,1,16,1,1.548780032914569e+16,1.5487800329145692e+16,0
161,245000000.0,0,1355882.0844268512,3856813.885695218,0,0.5006597464550078,1.4739674308875577,0,0.0,3077110.2536164015,1669977610614.7598,1075367.9155731522,166997761061475.97,7908887.492640264,1.888111000880599e-09,1,16,1,1.5499664308465252e+16,1.5499664308465252e+16,0
162,245000000.0,0,1521934.5637032741,3855443.8876411775,0,0.5836096612224236,1.3132540607238306,0,0.0,2853439.9231310734,1656610813085.6633,870886.1779891126,165661081308566.34,7908907.14629749,2.1718733478337526e-09,1,16,1,1.5488764446991864e+16,1.5488764446991862e+16,0
163,245000000.0,0,1217970.5595949308,3894608.909759254,0,0.5436396928522987,1.6407287151090906,0,0.0,2538235.2298152028,1761149761069.9998,1213279.4404050729,176114976106999.97,7908907.14629749,2.3501343093812466e-09,1,16,1,1.5484013882201332e+16,1.548401388220133e+16,0
164,245000000.0,0,1422452.2971789706,3899743.6032873904,0,0.5295495564668564,0.9899773042062661,0,0.0,2640288.75398169,1780921152507.4248,1008797.7028210332,178092115250742.47,7908931.993549646,3.1104718800634146e-09,1,16,1,1.5507648397473764e+16,1.5507648397473762e+16,0
165,245000000.0,0,1470684.0347630105,3945348.4054846796,0,15.474459916579583,165.52803127458336,0,0.0,2096092.1895540424,1171327556984.2651,960565.9652369935,117132755698426.52,7908931.993549646,3.423338057473302e-09,1,16,1,1.5476834913541198e+16,1.5476834913541198e+16,0
166,245000000.0,0,1619458.248773013,3945814.878543412,0,0.523172075023428,0.9782551669349675,0,0.0,2223652.424147225,1230128954938.6838,756084.2276529538,123012895493868.39,7908931.993549646,3.423338057473302e-09,1,16,1,1.5521993700177846e+16,1.5521993700177846e+16,0
167,245000000.0,0,1336642.7668357114,3967836.462373164,0,0.516945812781408,1.495167506292537,0,0.0,2118719.067134344,1416369382049.3896,1094607.2331642928,141636938204938.97,7924413.021168131,3.052264219149947e-09,1,16,1,1.5501093591299742e+16,1.550109359129974e+16,0
168,245000000.0,0,1544994.7613243726,3963758.0849151686,0,0.5184702547954114,0.96680738042502,0,0.0,2250761.039311566,1373040028578.1753,886255.2386756316,137304002857817.53,7924413.021168131,3.052264219149947e-09,1,16,1,1.5531579264552934e+16,1.5531579264552934e+16,0
169,245000000.0,0,1206471.7558130338,3985612.519411269,0,0.5363745243998844,1.6563534429451965,0,0.0,2200474.0225114655,1694816006178.5383,1224778.2441869704,169481600617853.84,7924413.107828266,4.165485734120011e-09,1,16,1,1.548680797495214e+16,1.5486807974952142e+16,0
170,245000000.0,0,1414823.750301695,3977598.5585860335,0,0.5142635378488281,0.9556244245200963,0,0.0,2332515.9946886874,1571938399955.9365,1016426.2496983092,157193839995593.66,7924413.107828266,4.165485734120011e-09,1,16,1,1.5536894217617656e+16,1.5536894217617656e+16,0
171,245000000.0,0,1466925.7447903561,4008522.321212876,0,16.01891707105643,171.58874968178742,0,0.0,1899955.9723772479,1106643956052.619,964324.255209648,110664395605261.89,7924413.107828266,4.165485734120011e-09,1,16,1,1.5473594693140508e+16,1.5473594693140508e+16,0
172,245000000.0,0,1675277.7392790173,4000657.7789978334,0,0.5107393310855118,0.9446972145016623,0,0.0,2023645.9500658086,1063878650686.0326,755972.2607209869,106387865068603.27,7924413.107828266,4.165485734120011e-09,1,16,1,1.554220698047246e+16,1.5542206980472462e+16,0
173,245000000.0,0,1336754.7337676785,4016378.6552590216,0,0.5124140441129588,1.495042364280903,0,0.0,1973358.9332657082,1352746233064.6487,1094495.2662323257,135274623306464.88,7924413.107828266,4.165485734120011e-09,1,16,1,1.5501125476624362e+16,1.5501125476624362e+16,0
174,245000000.0,0,1545106.7282563397,4008653.7364341733,0,0.5073198881503753,0.9340170764750809,0,0.0,2105400.9054429303,1233547117033.5383,886143.2717436645,123354711703353.83,7924413.107828266,4.165485734120011e-09,1,16,1,1.5547519304371484e+16,1.5547519304371484e+16,0
175,245000000.0,0,1206583.7227450009,4024369.0426827883,0,0.5328343728890602,1.656199866170546,0,0.0,2055113.8886428296,1638196050829.1477,1224666.2772550033,163819605082914.78,7924413.107828266,4.165485734120011e-09,1,16,1,1.5486836698932212e+16,1.5486836698932214e+16,0
176,245000000.0,0,1419131.8347546044,4017124.270619299,0,0.5039494234203886,0.9235757244066657,0,0.0,2182959.7432991094,1430937141111.5,1012118.1652453998,143093714111150.0,7941197.577912035,4.361936589702964e-09,1,16,1,1.5552831361043724e+16,1.5552831361043724e+16,0
177,245000000.0,0,1475429.946764208,4015442.3395891543,0,0.5998734007054335,1.3546189606782668,0,0.0,2841014.06876466,1662058740126.1853,955820.0532357963,166205874012618.53,7941197.577912035,4.361936589702964e-09,1,16,1,1.547383836608324e+16,1.5473838366083242e+16,0
178,245000000.0,0,1141103.0587738114,4005638.8684455073,0,0.5167801548856047,1.7511554536481557,0,0.0,3008542.019248414,2065265761032.703,1290146.9412261928,206526576103270.28,7941197.577912035,4.361936589702964e-09,1,16,1,1.5475268543924626e+16,1.5475268543924624e+16,0
179,245000000.0,0,1186986.21221593,3981410.1802284843,0,0.6019643898567606,1.6835212222450249,0,0.0,3406620.2134032156,2005751532635.2537,1069297.05096237,200575153263525.38,7974431.147005568,4.1509338188916445e-09,1,16,1,1.551477243073415e+16,1.5514772430734154e+16,0
180,245000000.0,0,1411367.1551483984,4020426.431019927,0,16.869805478133205,180.94769886868448,0,0.0,2239656.778588915,1209503090048.5525,1004697.1606985469,120950309004855.25,8035315.240477717,3.219611244276166e-09,1,17,1,1.5465266454141456e+16,1.5465266454141456e+16,0
181,245000000.0,0,1635748.0980808667,4025672.768517129,0,0.5116848602298626,0.9483846792614646,0,0.0,2305935.154867143,1214945737171.7476,783847.2704347239,121494573717174.75,8035315.452157691,3.368768375366926e-09,1,17,1,1.5519903545962888e+16,1.5519903545962888e+16,0
182,245000000.0,0,1321377.619829103,4054912.797115194,0,0.5052975120381108,1.5124272900644442,0,0.0,2054708.1015188922,1386818310723.9304,1109872.3801709008,138681831072393.05,8035315.452157691,3.368768375366926e-09,1,17,1,1.5498111524770966e+16,1.5498111524770966e+16,0
183,245000000.0,0,1542227.5100929257,4065709.827005711,0,0.5069230156684663,0.937615662702095,0,0.0,2186736.8456577864,1275911342443.3499,889022.4899070779,127591134244334.98,8035315.452157691,3.368768375366926e-09,1,17,1,1.553969111268855e+16,1.5539691112688552e+16,0
184,245000000.0,0,1216202.4003567486,4097270.0243104305,0,0.5194474918139734,1.643112106428497,0,0.0,2034199.6732529134,1610967779682.604,1215047.599643255,161096777968260.4,8035315.452157691,3.5142875276505947e-09,1,17,1,1.5486571647353162e+16,1.5486571647353162e+16,0
185,245000000.0,0,1437052.2906205715,4098792.436939856,0,0.5018592539052588,0.9270884670691552,0,0.0,2166228.417391808,1404194113929.914,994197.7093794319,140419411392991.4,8035315.452157691,3.368768375366926e-09,1,17,1,1.5551045820685256e+16,1.5551045820685256e+16,0
186,245000000.0,0,1111027.1808843943,4122693.5561588714,0,0.5378699322608518,1.7985171894893806,0,0.0,2090932.381003056,1862719081489.5154,1320222.819115609,186271908148951.53,8035315.452157691,3.368768375366926e-09,1,17,1,1.5475025191062518e+16,1.547502519106252e+16,0
187,245000000.0,0,1331877.0711482172,4117818.6806059126,0,0.49766846659492303,0.9167950375758217,0,0.0,2222961.1251419503,1584170884251.834,1099372.928851786,158417088425183.4,8035315.452157691,3.368768375366926e-09,1,17,1,1.5556363483469468e+16,1.5556363483469468e+16,0
188,245000000.0,0,1552726.96141204,4102680.630501782,0,0.5408086276804344,1.0415658688317226,0,0.0,3185200.4443149543,1925242003764.7593,878523.0385879631,192524200376475.94,8035315.452157691,3.8344296626746655e-09,1,17,1,1.5476701428976864e+16,1.5476701428976862e+16,0
189,245000000.0,0,1226701.851675863,4111033.756162612,0,0.4886307507525199,1.62906001751966,0,0.0,3277974.7243870054,2026895667938.7747,1204548.14832414,202689566793877.47,8035315.452157691,3.485183697193861e-09,1,17,1,1.5483831712468262e+16,1.5483831712468262e+16,0
190,245000000.0,0,1447551.7419396858,4115305.725122038,0,0.5381121672715485,1.028591202226704,0,0.0,3039063.865687173,1973987624057.0566,983698.2580603171,197398762405705.66,8035315.452157691,3.368768375366926e-09,1,17,1,1.5478807286234598e+16,1.5478807286234596e+16,0
191,245000000.0,0,1121526.6322035086,4159642.3774516294,0,0.5311141063148426,1.7816949216376452,0,0.0,2660655.255271391,2055454566186.62,1309723.3677964942,205545456618662.0,8035315.452157691,3.485183697193861e-09,1,17,1,1.5471752753177994e+16,1.5471752753177996e+16,0
192,245000000.0,0,1342376.5224673315,4167937.8019149983,0,0.5153688525600026,1.0159358063710868,0,0.0,2762701.8282076893,2043485459708.1497,1088873.4775326713,204348545970814.97,8035315.452157691,3.368768375366926e-09,1,17,1,1.5499992528482344e+16,1.5499992528482344e+16,0
193,245000000.0,0,1016351.4127311544,4200099.583079966,0,0.5516352444330292,1.9658890477488535,0,0.0,2592940.8162686406,2300647153778.0703,1414898.5872688484,230064715377807.03,8035315.452157691,3.0850060284137726e-09,1,17,1,1.5464652407697862e+16,1.5464652407697862e+16,0
194,245000000.0,0,1237201.3029949772,4202726.849902805,0,0.5101693609080531,1.0035880399368906,0,0.0,2724969.5604075342,2187795705167.7673,1194048.6970050256,218779570516776.72,8035315.452157691,3.3905962482094765e-09,1,17,1,1.5512693049053878e+16,1.5512693049053878e+16,0
195,245000000.0,0,1301801.1932588,4239155.7339223595,0,18.191526931915174,195.61519488480022,0,0.0,2249891.956142521,1550149390513.6714,1129448.8067412027,155014939051367.12,8035315.452157691,3.4269760362803936e-09,1,17,1,1.545610726687816e+16,1.5456107266878162e+16,0
196,245000000.0,0,1522651.083522623,4227216.773751718,0,0.5061021513029869,0.9915368207586182,0,0.0,2365289.392127554,1521493253457.914,908598.9164773797,152149325345791.4,8018441.123717846,4.678440745919943e-09,1,17,1,1.552035439013569e+16,1.5520354390135692e+16,0
197,245000000.0,0,1196625.9737864458,4238778.272314158,0,0.5103949464457678,1.6699704613759732,0,0.0,2289993.3557388023,1764044598274.966,1234624.0262135568,176404459827496.6,8018441.123717846,4.583853296935558e-09,1,17,1,1.5484475635920902e+16,1.5484475635920904e+16,0
198,245000000.0,0,1417475.8640502687,4229066.051850779,0,0.5029099821010194,0.9797715926591256,0,0.0,2422022.0998776965,1669879004702.4265,1013774.1359497338,166987900470242.66,8018441.123717846,4.678440745919943e-09,1,17,1,1.5525668754951462e+16,1.552566875495146e+16,0
199,245000000.0,0,1091450.7543140915,4242380.833095742,0,0.5309854835758001,1.8307461385348434,0,0.0,2346726.063488945,2008675211528.543,1339799.2456859108,200867521152854.3,8018441.123717846,4.678440745919943e-09,1,17,1,1.5472922790418482e+16,1.5472922790418484e+16,0
200,245000000.0,0,1312300.6445779144,4232894.391356396,0,0.49981423399827496,0.968274449436695,0,0.0,2478721.3371395627,1842700346796.6226,1118949.355422088,184270034679662.25,8018508.064694399,4.8094079829752445e-09,1,17,1,1.5530982712396696e+16,1.5530982712396696e+16,0
201,245000000.0,0,986275.5348417372,4250077.911948211,0,0.5552156681879133,2.025776927937959,0,0.0,2403391.830262535,2277744906818.761,1444974.465158265,227774490681876.12,8018508.064694399,4.8094079829752445e-09,1,17,1,1.5461364749008224e+16,1.5461364749008224e+16,0
202,245000000.0,0,1207125.42510556,4240801.579096769,0,0.4968019943946369,0.9570363393008969,0,0.0,2535387.1039131526,2039962147284.8853,1224124.5748944422,203996214728488.53,8018508.064694399,4.831235855817795e-09,1,17,1,1.5536303626795298e+16,1.5536303626795296e+16,0
203,245000000.0,0,1427975.315369383,4218999.123736103,0,0.5296075664883424,1.0938078795797872,0,0.0,3497592.9525978803,2421763718669.8584,1003274.6846306192,242176371866985.84,8018508.064694399,4.8094079829752445e-09,1,17,1,1.5456721462311886e+16,1.5456721462311884e+16,0
204,245000000.0,0,1101950.2056332058,4223186.160246212,0,0.5004180850474504,1.8133184887089224,0,0.0,3586382.6986281774,2498129186992.077,1329299.7943667963,249812918699207.72,8085240.428708853,3.39787220582366e-09,1,17,1,1.5470173523689284e+16,1.5470173523689284e+16,0
205,245000000.0,0,1322800.0958970287,4223436.41100871,0,0.5320377158639525,1.079488459338501,0,0.0,3347232.719314866,2490270045710.887,1108449.9041029734,249027004571088.72,8087133.1034356,3.550667315721512e-09,1,17,1,1.5458481207047038e+16,1.5458481207047038e+16,0
206,245000000.0,0,996774.9861608515,4265178.049433284,0,0.5489055019199597,2.004459951131286,0,0.0,2980232.528820834,2546662247591.5215,1434475.0138391503,254666224759152.16,8087133.1034356,3.5797711461782455e-09,1,17,1,1.5458232713727372e+16,1.5458232713727372e+16,0
207,245000000.0,0,1217624.8764246744,4271936.561300072,0,0.5167154744552588,1.0655391153440137,0,0.0,3086196.6948223333,2579380614016.8584,1213625.1235753275,257938061401685.84,8087133.1034356,3.572495188564062e-09,1,17,1,1.54790287588482e+16,1.54790287588482e+16,0
208,245000000.0,0,891599.7666884973,4302105.447007074,0,0.575304112648476,2.240645891517432,0,0.0,2902800.12870175,2808060185222.915,1539650.2333115046,280806018522291.5,8087133.1034356,3.485183697193861e-09,1,17,1,1.5450978213798224e+16,1.5450978213798224e+16,0
209,245000000.0,0,1112449.6569523201,4304711.077715893,0,0.511856423972501,1.05194568404485,0,0.0,3034795.4023523675,2735162558935.7075,1318800.3430476817,273516255893570.75,8087133.1034356,3.572495188564062e-09,1,17,1,1.5492797928329216e+16,1.5492797928329216e+16,0
210,245000000.0,0,1333299.547216143,4335584.651415769,0,35.38623180947257,210.73961014427385,0,0.0,2561559.4647256434,1693968039134.075,1097950.4527838589,169396803913407.5,8087168.178635963,3.7325662560760975e-09,1,17,1,1.544492292146325e+16,1.5444922921463248e+16,0
211,245000000.0,0,1554149.4374799659,4330082.046500313,0,0.5074487533595731,1.0386852550857613,0,0.0,2663312.310512257,1711230875066.8381,877100.5625200359,171123087506683.8,8087168.178635963,2.801243681460619e-09,1,17,1,1.5500321478631896e+16,1.5500321478631894e+16,0
212,245000000.0,0,1228124.3277437887,4344005.335249497,0,0.4941378511238416,1.627174692466831,0,0.0,2441090.2660350474,1807054524694.465,1203125.672256213,180705452469446.5,8087168.178635963,2.801243681460619e-09,1,17,1,1.5487981913612494e+16,1.5487981913612492e+16,0
213,245000000.0,0,1448974.2180076116,4336124.573138578,0,0.5035859668997184,1.0257549762713862,0,0.0,2573068.0020854827,1822418398283.0508,982275.7819923899,182241839828305.06,8087168.178635963,3.7325662560760975e-09,1,17,1,1.5505648891732708e+16,1.5505648891732708e+16,0
214,245000000.0,0,1122949.1082714344,4351109.701540185,0,0.5137352784319007,1.7794399989122984,0,0.0,2497720.9576082733,2036119912764.989,1308300.891728567,203611991276498.9,8087168.178635963,3.7325662560760975e-09,1,17,1,1.5476430483657958e+16,1.5476430483657956e+16,0
215,245000000.0,0,1343798.9985352573,4343451.589542139,0,0.49983651588732575,1.0131426693964556,0,0.0,2629698.6936973557,1979658411942.5098,1087451.001464744,197965841194250.97,8087168.178558671,3.812601789832115e-09,1,17,1,1.5510975855362892e+16,1.5510975855362892e+16,0
216,245000000.0,0,1017773.8887990802,4360786.758852755,0,0.5366277135736716,1.9631441500307578,0,0.0,2554351.6492587924,2289665525656.7954,1413476.1112009212,228966552565679.53,8087168.178558671,3.7180143408477306e-09,1,17,1,1.5464874497003388e+16,1.5464874497003388e+16,0
217,245000000.0,0,1239316.525016813,4353394.429846235,0,0.49658165205883653,1.0008367479254447,0,0.0,2685636.639393965,2159726756333.3809,1191933.474983188,215972675633338.1,8089939.162374312,4.059984348714352e-09,1,17,1,1.5516301223083006e+16,1.5516301223083006e+16,0
218,245000000.0,0,913984.1612345462,4369900.21232053,0,0.5639580232722067,2.185830186723114,0,0.0,2608904.1030475814,2563250382497.3604,1517265.838765455,256325038249736.03,8089939.162374312,3.747118171304464e-09,1,17,1,1.5453387044647954e+16,1.5453387044647954e+16,0
219,245000000.0,0,1135526.7974522794,4362702.298369863,0,0.4935828163758466,0.9888261814914378,0,0.0,2740881.839136664,2362189152541.899,1295723.2025477218,236218915254189.9,8089939.162374312,3.787135938182473e-09,1,17,1,1.5521625715652268e+16,1.5521625715652268e+16,0
220,245000000.0,0,1200819.4336700125,4357639.580294379,0,0.5638958375193467,1.664143501068686,0,0.0,3386770.193255274,2597782116313.475,1230430.5663299887,259778211631347.5,8089939.162374312,3.747118171304464e-09,1,17,1,1.5442915475887496e+16,1.5442915475887496e+16,0
221,245000000.0,0,875487.0698877457,4348247.62587132,0,0.543336413133213,2.2818362856809125,0,0.0,3504938.83970852,2971755010434.307,1555762.9301122557,297175501043430.7,8150658.526699782,3.9071892388165e-09,1,17,1,1.5445232857105704e+16,1.5445232857105704e+16,0
222,245000000.0,0,1097029.7061054786,4328526.94931047,0,0.5189576208141791,1.0299610185805432,0,0.0,3845280.355004289,2934053403454.712,1334220.2938945226,293405340345471.2,8150658.526699782,4.063622327521443e-09,1,17,1,1.548403302462729e+16,1.5484033024627292e+16,0
223,245000000.0,0,1162322.3423232117,4370784.823481873,0,20.79319151333594,224.16295973251925,0,0.0,2688075.5463719405,1964655631264.42,1268927.6576767894,196465563126442.0,8150658.526699782,3.9071892388165e-09,1,17,1,1.5437296681892022e+16,1.543729668189202e+16,0
224,245000000.0,0,1383864.9785409449,4379274.741138894,0,0.5010086585653576,1.0172457088248315,0,0.0,2830600.058967963,2012592307534.98,1047385.0214590564,201259230753498.0,8150658.526699782,3.9071892388165e-09,1,17,1,1.5489618067149348e+16,1.5489618067149348e+16,0
225,245000000.0,0,1058532.614758678,4405700.543462055,0,0.5203736973898313,1.8876247622217135,0,0.0,2615409.503721225,2190641629918.022,1372717.3852413234,219064162991802.2,8150658.431118141,4.241883289068937e-09,1,17,1,1.5469308187126426e+16,1.5469308187126424e+16,0
226,245000000.0,0,1280075.2509764112,4414189.32653626,0,0.49731796593738853,1.004840522350506,0,0.0,2747387.2398103066,2114448564643.4724,1151174.7490235902,211444856464347.25,8150658.431118141,4.241883289068937e-09,1,17,1,1.5507796296148166e+16,1.5507796296148166e+16,0
227,245000000.0,0,954742.8871941443,4434901.441096291,0,0.5445772169266269,2.0926130100445426,0,0.0,2584067.2245695274,2450926340190.8647,1476507.1128058573,245092634019086.47,8150663.9857585365,4.096364136785269e-09,1,17,1,1.5457900404034188e+16,1.5457900404034186e+16,0
228,245000000.0,0,1176285.5234118775,4438362.293802325,0,0.4929329092692487,0.992732881552408,0,0.0,2716042.183338412,2276242337223.8765,1254964.4765881242,227624233722387.66,8150663.9857585365,4.136381903663278e-09,1,17,1,1.5519889642341012e+16,1.5519889642341012e+16,0
229,245000000.0,0,850953.1596296106,4461652.898681865,0,0.5748425136566025,2.347546901368975,0,0.0,2639306.86967183,2739410374753.5205,1580296.840370391,273941037475352.06,8150663.9857585365,4.096364136785269e-09,1,17,1,1.544648415587367e+16,1.5446484155873668e+16,0
230,245000000.0,0,1072495.7958473437,4454678.566794466,0,0.48919565295431067,0.9809135444673368,0,0.0,2771281.8284407146,2493366400979.61,1358754.2041526579,249336640097961.0,8150663.9857585365,4.136381903663278e-09,1,17,1,1.5525216806783566e+16,1.5525216806783564e+16,0
231,245000000.0,0,1294038.5286059517,4434390.911500801,0,0.5186074402229379,1.125102578024844,0,0.0,3699307.6743263374,2851195738959.863,1137211.47139405,285119573895986.25,8150664.371922037,4.43833414465189e-09,1,17,1,1.5445708617367344e+16,1.5445708617367342e+16,0
232,245000000.0,0,968706.2613645596,4445357.538991756,0,0.5092380249056885,2.0624802372479505,0,0.0,3756702.469934535,2947250120607.362,1462543.738635442,294725012060736.2,8150664.371922037,4.43833414465189e-09,1,17,1,1.5455538594436254e+16,1.5455538594436256e+16,0
233,245000000.0,0,1190248.9941231676,4448332.7441800935,0,0.5133315311655544,1.1083685426297378,0,0.0,3486847.797757293,2938691052810.918,1241001.005876834,293869105281091.8,8160917.249951569,4.394678398966789e-09,1,17,1,1.5448532249120318e+16,1.5448532249120316e+16,0
234,245000000.0,0,864916.7268817755,4492302.286709044,0,0.5676311709328812,2.3096909182042653,0,0.0,3175351.4583055126,3026960702456.468,1566333.273118226,302696070245646.75,8160917.249951569,4.452886059880257e-09,1,17,1,1.5445389236944014e+16,1.5445389236944012e+16,0
235,245000000.0,0,1086459.4596403835,4500929.31325139,0,0.5092337191002151,1.0905985073311482,0,0.0,3302199.9780596294,3040029484294.3076,1344790.5403596181,304002948429430.75,8160917.249951569,4.423782229423523e-09,1,17,1,1.5469185584765148e+16,1.5469185584765148e+16,0
236,245000000.0,0,761127.1923989914,4529024.989038916,0,0.6036248396102611,2.62423388109862,0,0.0,3112270.9730529767,3298270840931.2183,1670122.8076010102,329827084093121.8,8160917.249951569,4.685716703534126e-09,1,17,1,1.5436610836112812e+16,1.5436610836112812e+16,0
237,245000000.0,0,982669.9251575994,4531717.78360045,0,0.5040251597744853,1.0733892807299998,0,0.0,3239119.492807094,3200437297153.274,1448580.0748424022,320043729715327.4,8160917.249951569,4.394678398966789e-09,1,17,1,1.5484081665365538e+16,1.548408166536554e+16,0
238,245000000.0,0,1050487.8265767938,4560910.009533084,0,22.127225859340893,238.86449016261236,0,0.0,2758955.8337737396,2369838909741.1787,1380762.1734232078,236983890974117.88,8171017.924593915,3.92901711165905e-09,1,17,1,1.5426614056499006e+16,1.5426614056499004e+16,0
239,245000000.0,0,1274555.7279959882,4548548.557292088,0,0.5000189683326062,1.0567147271973598,0,0.0,2861736.4521086635,2347049320426.6445,1156694.2720040134,234704932042664.44,8171017.924593915,3.8708094507455826e-09,1,17,1,1.5492617167223876e+16,1.5492617167223874e+16,0
240,245000000.0,0,951748.6294151826,4561155.813226753,0,0.5373513492084555,2.099189585009052,0,0.0,2774824.169024392,2594457789009.773,1479501.370584819,259445778900977.28,8170882.668936762,4.103640094399452e-09,1,17,1,1.5457328059186436e+16,1.5457328059186436e+16,0
241,245000000.0,0,1175816.530834377,4554417.255077743,0,0.49615920218072773,1.0405503102764917,0,0.0,2901672.6887785103,2505587278903.3105,1255433.4691656246,250558727890331.06,8170882.668936762,4.045432433485985e-09,1,17,1,1.5499066635360612e+16,1.5499066635360612e+16,0
242,245000000.0,0,853009.4322535715,4566830.933937903,0,0.5674979253888495,2.3418945089662224,0,0.0,2818557.911926723,2851784915898.3,1578240.5677464302,285178491589830.0,8155692.644006827,2.8230715543031693e-09,1,17,1,1.5446462945637702e+16,1.5446462945637698e+16,0
243,245000000.0,0,1077077.3336727659,4559842.351860158,0,0.49242627454778176,1.0248729722140841,0,0.0,2945406.4316808404,2688236861462.565,1354172.6663272358,268823686146256.5,8155692.644006827,2.764863893389702e-09,1,17,1,1.5505515537906194e+16,1.5505515537906196e+16,0
244,245000000.0,0,754270.2350919603,4577924.657069485,0,0.6041999808080224,2.6480588100449687,0,0.0,2858494.14859657,3130913711253.908,1676979.7649080413,313091371125390.8,8155692.644006827,2.8230715543031693e-09,1,17,1,1.543559022628025e+16,1.5435590226280252e+16,0
245,245000000.0,0,978338.1365111547,4570998.154737364,0,0.4887953873757781,1.0096610242200195,0,0.0,2985342.6683506873,2892688112488.901,1452911.863488847,289268811248890.06,8155692.644006827,2.764863893389702e-09,1,17,1,1.5511964038380916e+16,1.5511964038380916e+16,0
246,245000000.0,0,1202406.0379303491,4550123.618321611,0,0.512906532916409,1.1613551571746736,0,0.0,3905716.9065609574,3254407162707.979,1228843.9620696525,325440716270797.9,8155692.644006827,2.8230715543031693e-09,1,17,1,1.5433059019179134e+16,1.5433059019179136e+16,0
247,245000000.0,0,879598.9393495435,4555581.514951789,0,0.5261826631324753,2.2711814773219063,0,0.0,3952934.925833216,3332106958832.373,1551651.060650458,333210695883237.3,8155692.644006827,2.8230715543031693e-09,1,17,1,1.544548599580486e+16,1.544548599580486e+16,0
248,245000000.0,0,1103666.840768738,4557584.10148939,0,0.5079897680044848,1.141860424942353,0,0.0,3686877.75066631,3336443110200.641,1327583.1592312637,333644311020064.1,8155692.662451121,2.473825588822365e-09,1,17,1,1.5436677221158578e+16,1.543667722115858e+16,0
249,245000000.0,0,780859.7421879324,4594561.08222888,0,0.5914115203108236,2.5580035549640416,0,0.0,3377926.0955804707,3408888731927.1934,1650390.2578120693,340888873192719.3,8155692.662451121,2.473825588822365e-09,1,17,1,1.5435885374264796e+16,1.5435885374264796e+16,0
250,245000000.0,0,1004927.6436071268,4601582.76740646,0,0.5100893769440311,1.1230093724668229,0,0.0,3504106.599649655,3436789432423.4004,1426322.3563928748,343678943242340.06,8158364.725190854,2.7430360205471516e-09,1,17,1,1.5456721137684828e+16,1.5456721137684826e+16,0
251,245000000.0,0,682120.5450263212,4628842.214725806,0,0.6332644427526587,2.9277409595738897,0,0.0,3297734.738624378,3672030333159.8423,1749129.4549736804,367203033315984.25,8158364.725190854,2.7430360205471516e-09,1,17,1,1.5427652816779136e+16,1.5427652816779138e+16,0
252,245000000.0,0,906188.4464455156,4630715.827324677,0,0.5048974414312353,1.1047706378434876,0,0.0,3424583.258378496,3587105205585.1562,1525061.553554486,358710520558515.6,8158364.725190854,2.7430360205471516e-09,1,17,1,1.547250692044789e+16,1.5472506920447888e+16,0
253,245000000.0,0,583381.34786471,4648109.357957883,0,0.6888209734769348,3.4224227164468286,0,0.0,3310975.984308501,3967595366044.8506,1847868.6521352916,396759536604485.06,8158367.574019117,3.259629011154175e-09,1,17,1,1.5416758564033288e+16,1.5416758564033288e+16,0
254,245000000.0,0,807449.2492839044,4641050.180156959,0,0.500945582915852,1.087114863995454,0,0.0,3437824.504062618,3798851282502.274,1623800.7507160972,379885128250227.4,8158367.574019117,3.2014213502407074e-09,1,17,1,1.5481041989379352e+16,1.5481041989379354e+16,0
255,245000000.0,0,1031517.1507030989,4665108.59217356,0,42.919329148175485,256.1321006831462,0,0.0,2984355.122397542,2549380777439.2183,1399732.8492969028,254938077743921.8,8158367.574019117,2.7939677238464355e-09,1,17,1,1.5413345933079992e+16,1.5413345933079992e+16,0
256,245000000.0,0,1255585.0521222933,4663675.330873998,0,0.49687820478675954,1.0700145409937758,0,0.0,3077760.740732465,2480024683832.2695,1175664.9478777084,248002468383226.94,8158367.574019117,2.735760062932968e-09,1,17,1,1.5487491826880776e+16,1.5487491826880776e+16,0
257,245000000.0,0,932777.9535414877,4680394.347009013,0,0.5365500943938067,2.1418368172162463,0,0.0,2843973.4576481944,2690994910681.7085,1498472.046458514,269099491068170.84,8158367.574019117,2.7939677238464355e-09,1,17,1,1.545527023049849e+16,1.545527023049849e+16,0
258,245000000.0,0,1156845.854960682,4673471.278548808,0,0.49259120666793166,1.0534438630290524,0,0.0,2970821.9774023117,2617970005657.831,1274404.1450393195,261797000565783.1,8158367.574019117,2.735760062932968e-09,1,17,1,1.5493942237781206e+16,1.5493942237781208e+16,0
259,245000000.0,0,834038.7563798765,4688741.975410287,0,0.5680002385870486,2.3950984127617647,0,0.0,2883909.694318041,2948146688736.378,1597211.243620125,294814668873637.8,8158367.574019117,2.7939677238464355e-09,1,17,1,1.5444402878314664e+16,1.5444402878314664e+16,0
260,245000000.0,0,1058106.657799071,4681505.023590563,0,0.4884385934662588,1.0373785984703274,0,0.0,3015262.0730546694,2801845412562.504,1373143.3422009307,280184541256250.38,8140352.138089075,2.735760062932968e-09,1,17,1,1.5500392115191368e+16,1.5500392115191366e+16,0
261,245000000.0,0,735299.5592182653,4699165.335088924,0,0.6064828580019067,2.7162857494080463,0,0.0,2928349.789970398,3229656286245.1577,1695950.4407817363,322965628624515.75,8140352.138089075,2.7939677238464355e-09,1,17,1,1.5433527367733134e+16,1.5433527367733132e+16,0
262,245000000.0,0,959367.4606374598,4691985.793874759,0,0.4849017999294263,1.0217959716351792,0,0.0,3055198.3097245162,3007276292562.736,1471882.5393625419,300727629256273.56,8140352.138089075,2.735760062932968e-09,1,17,1,1.5506840010726846e+16,1.5506840010726848e+16,0
263,245000000.0,0,1183435.3620566542,4670138.658342848,0,0.5088126014344357,1.1774394419416792,0,0.0,3975572.5387126394,3384840943661.4565,1247814.6379433475,338484094366145.6,8140352.138089075,2.7939677238464355e-09,1,17,1,1.5427942252307172e+16,1.5427942252307172e+16,0
264,245000000.0,0,860628.2634758486,4675339.153038985,0,0.5276298671542732,2.3211866239530106,0,0.0,4022790.548762751,3447674761395.3594,1570621.736524153,344767476139535.94,8140352.138089075,2.7939677238464355e-09,1,17,1,1.5443418860552774e+16,1.5443418860552776e+16,0
265,245000000.0,0,1084696.164895043,4677018.792802868,0,0.501201750492461,1.1574056400716917,0,0.0,3760568.512498123,3471443601871.739,1346553.8351049586,347144360187173.9,8140352.138089075,2.7939677238464355e-09,1,17,1,1.5431261654637784e+16,1.5431261654637786e+16,0
266,245000000.0,0,761889.0663142374,4712218.330852997,0,0.593718783040022,2.621613139198132,0,0.0,3459287.1259946916,3527208819905.8853,1669360.9336857642,352720881990588.5,8140352.138089075,2.7939677238464355e-09,1,17,1,1.543382084638441e+16,1.5433820846384412e+16,0
267,245000000.0,0,985956.9677334318,4718421.515399166,0,0.5056082384380236,1.129704480719687,0,0.0,3560194.8926940695,3532860026662.717,1445293.0322665698,353286002666271.7,8192233.644198555,2.0081643015146255e-09,1,17,1,1.5450701336930358e+16,1.545070133693036e+16,0
268,245000000.0,0,663149.8691526263,4746393.797169664,0,0.6377764494922917,3.011368507159016,0,0.0,3294600.2023520926,3705366452917.853,1768100.1308473754,370536645291785.3,8251331.458454235,2.8812792152166367e-09,1,17,1,1.542558528166124e+16,1.542558528166124e+16,0
269,245000000.0,0,887217.7705718207,4750354.721288747,0,0.4936397684810645,1.0780127445803211,0,0.0,3368706.1146698394,3515021267355.3164,1544032.229428181,351502126735531.6,8240343.247469397,4.562025424093008e-09,1,17,1,1.5475711799207932e+16,1.547571179920793e+16,0
270,245000000.0,0,564410.6719910151,4768191.816256854,0,0.6964669072297949,3.5372519463724976,0,0.0,3191837.674128437,3909602223955.8535,1866839.3280089865,390960222395585.4,8240343.247469397,4.853063728660345e-09,1,17,1,1.541468762153737e+16,1.5414687621537372e+16,0
271,245000000.0,0,785953.404749623,4761922.908482239,0,0.4837449930972048,1.0308445299267543,0,0.0,3265721.7023605607,3592393459693.939,1645296.5952503786,359239345969393.9,8230242.57282705,4.831235855817795e-09,1,17,1,1.5497016283413222e+16,1.5497016283413222e+16,0
272,245000000.0,0,1007496.137508231,4740808.616667108,0,0.5056577863608557,1.1701621433033458,0,0.0,4132609.0702979984,3817993263891.3193,1423753.8624917706,381799326389131.94,8230242.57282705,5.144102033227682e-09,1,17,1,1.542423605448141e+16,1.542423605448141e+16,0
273,245000000.0,0,689031.6943421941,4747505.522198079,0,0.5820268954851541,2.898417589218994,0,0.0,4114608.080575654,3926540576944.15,1742218.3056578075,392654057694415.0,8257712.448534378,3.725290298461914e-09,1,17,1,1.5424061098976768e+16,1.542406109897677e+16,0
274,245000000.0,0,917442.2511761573,4750872.848146438,0,0.4917114404540437,1.1147924115018546,0,0.0,3800165.8064033478,3735228401298.422,1513807.7488238444,373522840129842.2,8257712.448534378,3.725290298461914e-09,1,17,1,1.5439551913173076e+16,1.5439551913173074e+16,0
275,245000000.0,0,598977.8080101204,4789419.685622075,0,0.671980547600246,3.3334566267262074,0,0.0,3440204.264677265,3902795629830.5825,1832272.1919898812,390279562983058.25,8257712.448534378,4.190951585769653e-09,1,17,1,1.5415394507343936e+16,1.5415394507343938e+16,0
276,245000000.0,0,827388.3648440836,4799328.296156738,0,0.48897845896088143,1.0644259068902016,0,0.0,3511283.4427275783,3691173176449.683,1603861.635155918,369117317644968.3,8258831.174619273,3.623426891863346e-09,1,17,1,1.5470722526436272e+16,1.5470722526436272e+16,0
277,245000000.0,0,508923.9216780467,4827463.679445471,0,0.7359425535010811,3.92215370759317,0,0.0,3241938.894303082,4081383048231.5327,1922326.078321955,408138304823153.25,8258831.174619273,3.739842213690281e-09,1,17,1,1.5408091917894908e+16,1.540809191789491e+16,0
278,245000000.0,0,737334.4785120098,4829937.916188208,0,0.48029400618351825,1.0280332959650444,0,0.0,3350049.729152904,3757548825289.1406,1693915.5214879918,375754882528914.06,8185327.224062705,3.754394128918648e-09,1,17,1,1.5498567026741388e+16,1.5498567026741388e+16,0
279,245000000.0,0,965745.035345973,4807423.027710252,0,0.506234101473166,1.1791796753752148,0,0.0,4222422.590639787,4000176602874.1353,1465504.9646540286,400017660287413.5,8185327.224062705,3.754394128918648e-09,1,17,1,1.5423654050958428e+16,1.5423654050958428e+16,0
280,245000000.0,0,647280.5921799361,4814742.324752684,0,0.5955913322345998,3.0850838728253676,0,0.0,4240614.213153278,4151740487557.4824,1783969.4078200655,415174048755748.25,8185327.224062705,4.685716703534126e-09,1,17,1,1.54194788607246e+16,1.5419478860724598e+16,0
281,245000000.0,0,875691.1490138993,4817119.168568332,0,0.4967133848242607,1.146635452237284,0,0.0,3962923.9142592563,4038805778575.4595,1555558.8509861024,403880577857545.94,8185327.224062705,3.754394128918648e-09,1,17,1,1.543096073122041e+16,1.5430960731220408e+16,0
282,245000000.0,0,557226.7058478624,4852018.453384733,0,0.6960199356354998,3.5827737710296406,0,0.0,3639154.9847690095,4199687731289.712,1874023.2941521392,419968773128971.2,8185327.224062705,3.754394128918648e-09,1,17,1,1.5410796607646716e+16,1.5410796607646718e+16,0
283,245000000.0,0,785637.2626818256,4861997.665759467,0,0.49461604676029436,1.10373445804232,0,0.0,3707951.1150054024,4035324442808.076,1645612.737318176,403532444280807.6,8263958.097395089,2.2846506908535957e-09,1,17,1,1.5454132254813686e+16,1.5454132254813684e+16,0
284,245000000.0,0,467172.8195157887,4889385.902723764,0,0.7701442295912938,4.271926768556353,0,0.0,3436043.837245761,4355953268159.5854,1964077.180484213,435595326815958.56,8263958.097395089,2.3392203729599714e-09,1,17,1,1.5403485152212204e+16,1.5403485152212208e+16,0
285,245000000.0,0,695583.3763497518,4891964.986206232,0,0.4831293316212304,1.052917576266164,0,0.0,3504839.9674821533,4031068083290.8184,1735666.6236502498,403106808329081.8,8263958.097395089,2.8958311304450035e-09,1,17,1,1.548254843211369e+16,1.5482548432113688e+16,0
286,245000000.0,0,923993.933183715,4848541.225613195,0,0.4865405117858697,1.1977673497253125,0,0.0,4758096.929239767,4317344498813.6235,1507256.0668162866,431734449881362.4,8263958.097395089,2.950400812551379e-09,1,18,1,1.5412490572373278e+16,1.5412490572373272e+16,0
287,245000000.0,0,605529.4900176781,4838803.035815498,0,0.5898366577069318,3.2974489005336034,0,0.0,4844183.975760409,4465765184004.127,1825720.5099823235,446576518400412.7,8263958.097395089,2.954038791358471e-09,1,19,1,1.5410394233022186e+16,1.5410394233022186e+16,0
288,245000000.0,0,833940.0468516413,4844576.704044392,0,0.48019517733266986,1.138156737827537,0,0.0,4355222.759722827,4204849654840.5215,1597309.9531483604,420484965484052.1,8263958.097395089,2.3392203729599714e-09,1,20,1,1.5414793790123014e+16,1.5414793790123014e+16,0
289,245000000.0,0,515475.6036856044,4881742.05458433,0,0.7260288171011077,3.872399752723781,0,0.0,3734804.623393953,4303451430369.729,1915774.3963143972,430345143036972.9,8263958.097395089,2.3392203729599714e-09,1,20,1,1.5401251006478144e+16,1.5401251006478144e+16,0
290,245000000.0,0,743886.1605195676,4902831.88450799,0,0.48909150843780236,1.0841982451163272,0,0.0,3769130.154075385,4094171717035.0396,1687363.839480434,409417171703503.94,8263958.097395089,3.27054294757545e-09,1,20,1,1.545557217395296e+16,1.5455572173952962e+16,0
291,245000000.0,0,972296.7173535307,4874582.493527095,0,0.485922462984818,1.2384126953683938,0,0.0,4931083.671150907,4383991472547.059,1458953.282646471,438399147254705.94,8272301.286069672,4.2891770135611296e-09,1,20,1,1.539827474414132e+16,1.5398274744141318e+16,0
292,245000000.0,0,653832.2741874938,4867239.627671896,0,0.5687421148010681,3.054217207729369,0,0.0,5008827.528996968,4477892024998.498,1777417.7258125078,447789202499849.8,8272301.286069672,3.82351572625339e-09,1,20,1,1.5405857267388012e+16,1.5405857267388008e+16,0
293,245000000.0,0,877825.6027920529,4853589.748944279,0,0.4760432983828926,1.1760418549093914,0,0.0,5093766.90287323,4498050972158.617,1553424.3972079488,449805097215861.75,8247413.778722776,4.514731699600816e-09,1,20,1,1.5396404424463232e+16,1.5396404424463234e+16,0
294,245000000.0,0,554943.931396612,4873594.198959984,0,0.6408099397830717,3.5974850826695945,0,0.0,4678574.218749101,4541273617691.576,1876306.06860339,454127361769157.6,8247413.778722776,4.194589564576745e-09,1,20,1,1.5394428936860774e+16,1.5394428936860774e+16,0
295,245000000.0,0,778937.260001171,4893492.27507869,0,0.48351605751486537,1.1207845288721465,0,0.0,4234346.59730638,4271615803181.9917,1652312.739998831,427161580318199.2,8247413.778722776,4.514731699600816e-09,1,20,1,1.542417346125303e+16,1.542417346125303e+16,0
296,245000000.0,0,456055.5886057301,4939090.401328617,0,0.7794493847252277,4.3758353466393345,0,0.0,3755973.9638085114,4485789533846.918,1975194.411394272,448578953384691.8,8247413.778722776,4.660250851884484e-09,1,20,1,1.5394719802515204e+16,1.5394719802515206e+16,0
297,245000000.0,0,680048.9172102892,4965559.402054293,0,0.4806978033169884,1.0704867969417362,0,0.0,3748818.610208663,4253956043170.6426,1751201.082789713,425395604317064.25,8249595.735452031,5.260517355054617e-09,1,20,1,1.546180124486271e+16,1.5461801244862708e+16,0
298,245000000.0,0,904042.2458148482,4950531.423767551,0,0.4684957382626191,1.2219011035127478,0,0.0,4954264.071087207,4506743271611.891,1527207.754185154,450674327161189.06,8249595.735452031,5.376932676881552e-09,1,20,1,1.5405800616495944e+16,1.5405800616495946e+16,0
299,245000000.0,0,581160.5744194072,4950620.633508761,0,0.5982353665380786,3.435478264728961,0,0.0,5056620.727815688,4701535907311.912,1850089.4255805952,470153590731191.2,8225257.645034089,4.431058187037706e-09,1,20,1,1.5399216400087838e+16,1.5399216400087838e+16,0
300,245000000.0,0,805153.9030239662,4936528.07877276,0,0.4603313774783305,1.1706386015400043,0,0.0,5148766.429489206,4711866917922.936,1626096.0969760362,471186691792293.56,8225257.645034089,4.3146428652107716e-09,1,20,1,1.5398020103527602e+16,1.5398020103527602e+16,0
301,245000000.0,0,482272.2316285253,4957687.624703481,0,0.6871376114982504,4.138454206773732,0,0.0,4750262.853969855,4824802266054.784,1948977.7683714773,482480226605478.44,8214035.561513217,4.4165062718093395e-09,1,20,1,1.5387228351576148e+16,1.538722835157615e+16,0
302,245000000.0,0,706265.5602330844,4977152.090830228,0,0.4752536954211324,1.1270566524031937,0,0.0,4323815.31949654,4559749341659.591,1724984.4397669183,455974934165959.06,8214035.561513217,4.4165062718093395e-09,1,20,1,1.5423349821079038e+16,1.5423349821079038e+16,0
303,245000000.0,0,383379.7809913729,5022304.033027071,0,0.8635868963551346,5.203187313447396,0,0.0,3862140.010295993,4819412177807.246,2047870.2190086297,481941217780724.6,8214019.130128135,4.598405212163925e-09,1,20,1,1.5387487381807234e+16,1.5387487381807234e+16,0
304,245000000.0,0,607369.0017496614,5048283.649019217,0,0.47914628258107417,1.0866032721075294,0,0.0,3894183.9379044184,4605768116750.027,1823880.9982503413,460576811675002.75,8214204.744212109,4.2637111619114876e-09,1,20,1,1.5457152063286154e+16,1.5457152063286154e+16,0
305,245000000.0,0,831358.2225079499,5032211.71434547,0,0.46122123911038104,1.2498493008524334,0,0.0,5117320.786556654,4878849801757.132,1599891.7774920529,487884980175713.2,8214204.744212109,4.336470738053322e-09,1,20,1,1.5399798510263566e+16,1.5399798510263566e+16,0
306,245000000.0,0,508472.44326623855,5032149.5885159,0,0.6362992926735237,3.9256293965144766,0,0.0,5225203.893696122,5088750794156.05,1922777.5567337642,508875079415605.0,8214204.744212109,4.336470738053322e-09,1,20,1,1.5389846299167032e+16,1.5389846299167032e+16,0
307,245000000.0,0,732461.6640245271,5017517.012371276,0,0.45332259115238877,1.2002947416786032,0,0.0,5322775.023046101,5120057179690.262,1698788.3359754758,512005717969026.2,8214204.744212109,4.336470738053322e-09,1,20,1,1.5388101981792122e+16,1.5388101981792124e+16,0
308,245000000.0,0,800791.9421588366,5071177.1337162545,0,27.854754940199214,301.50474936518384,0,0.0,3893037.349127496,3576901788536.9546,1630458.0578411664,357690178853695.44,8216568.973716193,4.4674379751086235e-09,1,20,1,1.5382547030736732e+16,1.5382547030736734e+16,0
309,245000000.0,0,1025372.2202931462,5091650.27018259,0,0.4919563444240085,1.154519845487863,0,0.0,3923811.5118688485,3694701907824.406,1405877.779706857,369470190782440.56,8216568.973716193,4.4674379751086235e-09,1,20,1,1.5415819575635846e+16,1.5415819575635848e+16,0
310,245000000.0,0,703077.4984274558,5125702.792664748,0,0.5994307603151084,2.840596389555075,0,0.0,3597927.747779252,3704305075727.4893,1728172.5015725475,370430507572748.94,8216568.973716193,4.4674379751086235e-09,1,20,1,1.5428076657804204e+16,1.5428076657804204e+16,0
311,245000000.0,0,927657.7765617653,5148446.786256183,0,0.48001933372460903,1.1121080697160677,0,0.0,3675582.745817721,3680835196771.582,1503592.223438238,368083519677158.2,8216568.973716193,4.4674379751086235e-09,1,20,1,1.5446561416314154e+16,1.5446561416314154e+16,0
312,245000000.0,0,605363.0546960749,5169668.380028804,0,0.6521191801350389,3.298353988605807,0,0.0,3452771.442994184,3913119392072.376,1825886.9453039286,391311939207237.6,8174294.9502814375,4.831235855817795e-09,1,20,1,1.5419211399355896e+16,1.54192113993559e+16,0
313,245000000.0,0,829943.3328303845,5174132.999460599,0,0.4721718894050527,1.085002427197573,0,0.0,3564093.9691320006,3784316279863.1816,1601306.6671696191,378431627986318.2,8179291.851522615,5.558831617236137e-09,1,20,1,1.54685460720431e+16,1.54685460720431e+16,0
314,245000000.0,0,507648.61096469406,5189879.376986701,0,0.7233806953114056,3.9319875389157852,0,0.0,3385640.602515368,4184692342294.561,1923601.3890353097,418469234229456.1,8179291.851522615,5.558831617236137e-09,1,20,1,1.5408410603864018e+16,1.5408410603864016e+16,0
315,245000000.0,0,732228.8890990036,5192641.336547587,0,0.4665655770384684,1.0652387357287065,0,0.0,3518418.9749077484,3971950692995.192,1699021.1109010002,397195069299519.2,8136380.159013487,5.398760549724102e-09,1,20,1,1.5484255855888758e+16,1.548425585588876e+16,0
316,245000000.0,0,956809.1672333132,5151095.497333623,0,0.4456322617318079,1.2376479212301013,0,0.0,4849222.956188455,4418711210095.747,1474440.8327666908,441871121009574.7,8137007.128682578,5.2532413974404335e-09,1,20,1,1.5407976880600858e+16,1.5407976880600854e+16,0
317,245000000.0,0,634514.4453676227,5135853.269952744,0,0.5677841281453044,3.14705671063554,0,0.0,4995704.87109269,4584409631248.724,1796735.554632381,458440963124872.4,8137007.128682578,5.369656719267368e-09,1,20,1,1.541220812742884e+16,1.5412208127428844e+16,0
318,245000000.0,0,859094.7235019322,5136515.241564068,0,0.4595908961192726,1.219695470604734,0,0.0,4565695.328856944,4553118168903.421,1572155.2764980716,455311816890342.06,8137007.128682578,5.2532413974404335e-09,1,20,1,1.5394818577942638e+16,1.5394818577942638e+16,0
319,245000000.0,0,536800.0016362418,5163610.688102391,0,0.7007441265051587,3.7188545814709086,0,0.0,4031127.0300525734,4577182454054.992,1894449.9983637622,457718245405499.25,8137007.128682578,5.2532413974404335e-09,1,20,1,1.540435554127802e+16,1.540435554127802e+16,0
320,245000000.0,0,761380.2797705514,5178618.892131807,0,0.4944981470352774,1.2022563847261136,0,0.0,4127035.520886802,4649164932098.194,1669869.7202294527,464916493209819.44,8137007.128682578,5.2532413974404335e-09,1,20,1,1.5421400183295562e+16,1.5421400183295564e+16,0
321,245000000.0,0,439085.55790486094,5205300.292361357,0,0.7896215479774468,4.544570854634512,0,0.0,3888810.1827596785,4868261513178.26,1992164.4420951433,486826151317826.0,8137007.128682578,5.2532413974404335e-09,1,20,1,1.5398903097009524e+16,1.539890309700952e+16,0
322,245000000.0,0,663665.8360391705,5202540.02569936,0,0.48933208396050887,1.1849955992087928,0,0.0,4007852.177971538,4835295021923.478,1767584.1639608338,483529502192347.75,8138791.880610587,5.136826075613499e-09,1,20,1,1.5438804008531104e+16,1.5438804008531102e+16,0
323,245000000.0,0,341371.1141734801,5217862.840888373,0,0.9244751543499605,5.841614310331672,0,0.0,3849648.7968109194,5198124508169.407,2089878.8858265243,519812450816940.75,8138791.880610587,5.136826075613499e-09,1,20,1,1.5389978215563446e+16,1.5389978215563444e+16,0
324,245000000.0,0,565951.3923077896,5215102.53340012,0,0.48515746685735284,1.167919037338883,0,0.0,3981221.30840475,5070598895657.916,1865298.607692215,507059889565791.6,8138791.880610587,5.136826075613499e-09,1,20,1,1.5450568198781824e+16,1.5450568198781824e+16,0
325,245000000.0,0,634281.6704420992,5240900.538210443,0,27.879854328366115,301.22558834561534,0,0.0,3491059.7463345192,4007632413852.2627,1796968.3295579054,400763241385226.25,8124447.785004202,4.321918822824955e-09,1,20,1,1.5382398007066844e+16,1.5382398007066844e+16,0
326,245000000.0,0,858861.9485764088,5227347.498944525,0,0.4801360712309528,1.1443195812239615,0,0.0,3576774.8891888205,3927401148620.588,1572388.051423596,392740114862058.8,8166949.297438856,4.583853296935558e-09,1,20,1,1.5459183661252792e+16,1.545918366125279e+16,0
327,245000000.0,0,536567.2267107184,5234594.689597748,0,0.7000283847395501,3.720464903036699,0,0.0,3472284.753908812,4256051736259.8525,1894682.7732892865,425605173625985.25,8192621.332189249,5.413312464952469e-09,1,20,1,1.541161296078053e+16,1.541161296078053e+16,0
328,245000000.0,0,761147.5048450279,5227358.408146561,0,0.4741653943119293,1.1150024186594012,0,0.0,3582580.174897422,4094658863962.3774,1670102.495154977,409465886396237.75,8192621.332189249,5.413312464952469e-09,1,20,1,1.5469261899195062e+16,1.546926189919506e+16,0
329,245000000.0,0,438852.7829793375,5232775.103945202,0,0.7904611342282194,4.546975891463103,0,0.0,3478092.816937612,4540784363921.572,1992397.2170206676,454078436392157.25,8192615.777548852,4.6711647883057594e-09,1,20,1,1.5400796358876152e+16,1.5400796358876154e+16,0
330,245000000.0,0,663433.0611136471,5225658.678763862,0,0.46863598887306596,1.087151568636127,0,0.0,3588391.01524642,4289468371965.9346,1767816.9388863582,428946837196593.44,8192615.777548852,4.845787771046162e-09,1,20,1,1.54793383829021e+16,1.5479338382902098e+16,0
331,245000000.0,0,888013.3392479566,5195804.183155924,0,0.47991592574023784,1.2584882795166683,0,0.0,4482126.468143726,4616436574090.55,1543236.6607520487,461643657409055.0,8192615.777548852,5.136826075613499e-09,1,20,1,1.5402477456209888e+16,1.5402477456209886e+16,0
332,245000000.0,0,565718.6173824491,5190391.452590473,0,0.6234567942078298,3.529088225895186,0,0.0,4500846.140303833,4716997884663.589,1865531.3826175563,471699788466358.9,8192615.777549584,4.740286385640502e-09,1,20,1,1.5410964265530546e+16,1.5410964265530548e+16,0
333,245000000.0,0,790298.8955169416,5186153.000328088,0,0.4744341257914064,1.2231218317098174,0,0.0,4225343.204868797,4685929697882.561,1640951.1044830638,468592969788256.06,8192615.777549584,5.6716089602559805e-09,1,20,1,1.5409540920201264e+16,1.5409540920201264e+16,0
334,245000000.0,0,467943.77214306896,5194798.120207314,0,0.7607155471362557,4.264903638361626,0,0.0,3926909.8065819545,4802759468230.349,1963306.2278569364,480275946823034.9,8192374.171516124,3.939931048080325e-09,1,20,1,1.540182980813104e+16,1.540182980813104e+16,0
335,245000000.0,0,692463.6487691964,5192936.753214391,0,0.49189264446893144,1.1896888090457751,0,0.0,4037208.004890763,4776529660850.991,1738786.351230809,477652966085099.1,8192374.171516124,3.939931048080325e-09,1,20,1,1.543200575699261e+16,1.543200575699261e+16,0
336,245000000.0,0,370108.52539532376,5209168.68901401,0,0.8785722945403508,5.389259106536283,0,0.0,3812932.238643448,5068265798045.178,2061141.4746046816,506826579804517.75,8242154.360259278,3.372406354174018e-09,1,20,1,1.539317994194528e+16,1.539317994194528e+16,0
337,245000000.0,0,594628.4020214512,5205343.418509592,0,0.482780373952986,1.1464079900480013,0,0.0,3888198.6037805807,4853160060269.253,1836621.5979785542,485316006026925.3,8312218.026602629,4.129105946049094e-09,1,20,1,1.5451440785473892e+16,1.5451440785473894e+16,0
338,245000000.0,0,658702.1611266362,5229379.110100765,0,27.904349117820427,301.61128634731915,0,0.0,3345788.36605498,3786270723713.4365,1772547.8388733692,378627072371343.6,8295433.556518859,4.220055416226387e-09,1,20,1,1.5383195026101358e+16,1.5383195026101356e+16,0
339,245000000.0,0,879025.9202318212,5223429.427502054,0,0.472446204751043,1.095552295775809,0,0.0,3400730.9720869283,3616026121845.825,1552224.079768184,361602612184582.5,8295433.556518859,4.220055416226387e-09,1,20,1,1.5472410037156078e+16,1.5472410037156074e+16,0
340,245000000.0,0,552474.6793370063,5231302.574894581,0,0.6883022079328587,3.613534773434895,0,0.0,3269724.8190136915,4009542227341.3345,1878775.320662999,400954222734133.44,8295433.556518859,4.220055416226387e-09,1,20,1,1.5413839959193562e+16,1.541383995919356e+16,0
341,245000000.0,0,772798.4384421913,5226318.194504669,0,0.4629295946029923,1.0490169557810876,0,0.0,3344991.1841508243,3724364974832.0146,1658451.561557814,372436497483201.44,8295433.556518859,4.220055416226387e-09,1,20,1,1.5490165400700452e+16,1.5490165400700454e+16,0
342,245000000.0,0,993122.1975473764,5195247.653687527,0,0.4718235506557575,1.1950278284655365,0,0.0,4207951.32290558,3981246807897.935,1438127.802452629,398124680789793.5,8295433.556518859,4.220055416226387e-09,1,20,1,1.5417142432034976e+16,1.5417142432034976e+16,0
343,245000000.0,0,666570.9566525614,5192783.591769727,0,0.5725483331559469,2.9959362073339926,0,0.0,4200152.199952626,4088114950398.912,1764679.043347444,408811495039891.2,8295433.556518859,4.220055416226387e-09,1,20,1,1.5422559417010982e+16,1.5422559417010984e+16,0
344,245000000.0,0,886894.7157577465,5195935.768744716,0,0.46030118532632447,1.139870793167873,0,0.0,3889336.9620403484,3952916002133.2793,1544355.2842422589,395291600213327.94,8295433.556518859,4.18367562815547e-09,1,20,1,1.5431921970381078e+16,1.543192197038108e+16,0
345,245000000.0,0,560343.4748629315,5213731.294775302,0,0.6831972695134763,3.5628809981061216,0,0.0,3563137.0670052427,4129369669420.906,1870906.5251370738,412936966942090.56,8296565.476533535,4.954927135258913e-09,1,20,1,1.5412512838105346e+16,1.5412512838105344e+16,0
346,245000000.0,0,780667.2339681166,5219209.127361969,0,0.4725768798980639,1.0895807157562774,0,0.0,3638403.4321318096,3966309860843.627,1650582.7660318888,396630986084362.7,8296565.4765546685,4.9112713895738125e-09,1,20,1,1.5462130591276118e+16,1.546213059127612e+16,0
347,245000000.0,0,454115.9930733016,5232312.947756493,0,0.7732886135030067,4.394484110510872,0,0.0,3398720.8023855384,4374102526116.42,1977134.0069267037,437410252611642.0,8215321.303800315,3.987224772572517e-09,1,20,1,1.5402958447715174e+16,1.5402958447715172e+16,0
348,245000000.0,0,674439.7521784867,5226655.035396659,0,0.46307346469737604,1.0435406384024406,0,0.0,3473987.167512105,4051368106608.7593,1756810.2478215187,405136810660875.94,8215321.303800315,3.4633558243513107e-09,1,20,1,1.5488836716484038e+16,1.5488836716484038e+16,0
349,245000000.0,0,894763.5112836717,5199315.271313101,0,0.4730122414089312,1.187926098121248,0,0.0,4309179.914189982,4251438683931.595,1536486.4887163336,425143868393159.5,8215321.303800315,4.190951585769653e-09,1,20,1,1.5417974392464812e+16,1.5417974392464812e+16,0
350,245000000.0,0,568212.2703888568,5193468.827439279,0,0.6225583582259997,3.5136276992653412,0,0.0,4301380.7912264615,4427486879638.264,1863037.7296111486,442748687963826.4,8215321.303800315,4.190951585769653e-09,1,20,1,1.5411702885174322e+16,1.541170288517432e+16,0
351,245000000.0,0,788536.0294940418,5195191.109075981,0,0.4610850377082934,1.1334077280535855,0,0.0,3996181.9206243185,4251002313445.6914,1642713.9705059635,425100231344569.1,8215321.303800315,4.5693013817071915e-09,1,20,1,1.5432322138519374e+16,1.5432322138519376e+16,0
352,245000000.0,0,461984.78859922686,5212695.895912233,0,0.765577325923144,4.319796350223632,0,0.0,3697289.127298691,4499026889435.39,1969265.2114007785,449902688943538.94,8184304.489657705,2.1827872842550278e-09,1,20,1,1.540163352680554e+16,1.540163352680554e+16,0
353,245000000.0,0,682308.5477044119,5218431.739973548,0,0.4726138000040245,1.0836738819641532,0,0.0,3746410.196230653,4287079381983.62,1748941.4522955935,428707938198362.0,8288885.674436122,2.1827872842550278e-09,1,20,1,1.5461027493886504e+16,1.54610274938865e+16,0
354,245000000.0,0,902632.306809597,5176879.470784871,0,0.4577416403260394,1.2492920067833784,0,0.0,4959227.894204916,4639916918974.583,1528617.6931904084,463991691897458.3,8241996.515392017,3.259629011154175e-09,1,20,1,1.5400916669940798e+16,1.5400916669940798e+16,0
355,245000000.0,0,576081.065914782,5162806.374541411,0,0.5895785688337799,3.46571758827267,0,0.0,5083817.677176228,4807091136098.994,1855168.9340852234,480709113609899.44,8241996.515392017,2.8812792152166367e-09,1,20,1,1.5403143424302596e+16,1.5403143424302594e+16,0
356,245000000.0,0,796404.825019967,5143861.564794721,0,0.44991042062424574,1.2059468635223172,0,0.0,5114292.875943688,4896329907003.688,1634845.1749800383,489632990700368.9,8241996.515392017,2.8812792152166367e-09,1,21,1,1.5398248273192756e+16,1.5398248273192758e+16,0
357,245000000.0,0,469853.5841251521,5167586.993365422,0,0.6907714857199551,4.2476049188751706,0,0.0,4848359.768531446,4987484728391.085,1961396.4158748533,498748472839108.5,8241996.515392017,3.383320290595293e-09,1,21,1,1.5387008652351544e+16,1.5387008652351546e+16,0
358,245000000.0,0,690177.3432303371,5179060.372908814,0,0.46922869197686734,1.1655086480781724,0,0.0,4421017.552154842,4810538758932.106,1741072.6567696682,481053875893210.6,8240877.789307121,3.1141098588705063e-09,1,21,1,1.5409912342390622e+16,1.540991234239062e+16,0
359,245000000.0,0,363626.1023355222,5222536.839372862,0,0.8868002358306936,5.485070836096196,0,0.0,3984810.2596142353,5028036902409.826,2067623.8976644832,502803690240982.6,8240877.789307121,3.65253072232008e-09,1,21,1,1.5386266322615262e+16,1.538626632261526e+16,0
360,245000000.0,0,583949.8614407072,5233789.207806873,0,0.479790259637321,1.127694419868636,0,0.0,4034715.814214105,4888040597305.788,1847300.1385592981,488804059730578.8,8240871.315705659,3.892637323588133e-09,1,21,1,1.5443311824596202e+16,1.5443311824596202e+16,0
361,245000000.0,0,804273.6205458923,5208440.536749,0,0.46373846740919317,1.3081615475188524,0,0.0,5240853.915466461,5246449830408.8545,1626976.379454113,524644983040885.44,8240871.315705659,4.984030965715647e-09,1,21,1,1.538513064820735e+16,1.5385130648207348e+16,0
362,245000000.0,0,868347.3796510773,5258372.2895392785,0,27.784874912446597,300.748043082245,0,0.0,3913120.4796968447,3723436833292.577,1562902.620348928,372343683329257.7,8240871.315705659,3.892637323588133e-09,1,21,1,1.5390296015253222e+16,1.5390296015253224e+16,0
363,245000000.0,0,541796.1387562624,5291212.302411757,0,0.6915699591478495,3.6846245895976826,0,0.0,3301524.434884135,4057465521111.1377,1889453.861243743,405746552111113.75,8240871.315705659,3.892637323588133e-09,1,21,1,1.5412672996204578e+16,1.5412672996204578e+16,0
364,245000000.0,0,762119.8978614474,5306664.989162486,0,0.4619177180316543,1.0589785721367178,0,0.0,3400233.315698922,3812880480859.3687,1669130.102138558,381288048085936.9,8240871.315705659,3.5142875276505947e-09,1,21,1,1.5487155107656544e+16,1.5487155107656542e+16,0
365,245000000.0,0,982443.6569666325,5287722.651732812,0,0.4741902812709694,1.2165854167051882,0,0.0,4244844.17360276,4098256055823.66,1448806.343033373,409825605582366.0,8240871.315705659,4.281901055946946e-09,1,21,1,1.5414811338318696e+16,1.5414811338318696e+16,0
366,245000000.0,0,655892.4160718175,5293991.1897285925,0,0.5706508083311495,3.044638590836375,0,0.0,4219277.801157073,4213348855729.617,1775357.5839281878,421334885572961.75,8240871.315705659,4.660250851884484e-09,1,21,1,1.5421410283867678e+16,1.5421410283867678e+16,0
367,245000000.0,0,876216.1751770026,5280309.179235472,0,0.44858820393485016,1.1754427537129333,0,0.0,4509892.747995208,4303314163351.8037,1555033.8248230028,430331416335180.4,8240871.3342149155,1.979060471057892e-09,1,21,1,1.5427123609505034e+16,1.5427123609505032e+16,0
368,245000000.0,0,549664.9342821876,5295753.7724400405,0,0.6285374242388292,3.6319726851811893,0,0.0,4367043.18629102,4519692908138.815,1881585.0657178177,451969290813881.56,8312368.923625208,2.597516868263483e-09,1,21,1,1.540164281433024e+16,1.5401642814330236e+16,0
369,245000000.0,0,769988.6933873727,5307393.757920172,0,0.45624160091754373,1.1369917992790204,0,0.0,3973728.9966898155,4273780647816.046,1661261.3066126327,427378064781604.56,8312368.917581453,2.3355823941528797e-09,1,21,1,1.5440440823664734e+16,1.5440440823664734e+16,0
370,245000000.0,0,443437.4524925577,5338976.535839866,0,0.7809335271033487,4.500070794626587,0,0.0,3685441.006353581,4615647922632.876,1987812.5475074477,461564792263287.6,8269316.7365048025,3.5652192309498787e-09,1,21,1,1.5397394041787198e+16,1.5397394041787198e+16,0
371,245000000.0,0,663761.2115977427,5356528.982729781,0,0.4705774121357372,1.114179643910609,0,0.0,3780637.0743982657,4473950250809.196,1767488.7884022626,447395025080919.6,8269316.7365048025,3.5652192309498787e-09,1,21,1,1.5461593121949918e+16,1.5461593121949918e+16,0
372,245000000.0,0,727142.2247490176,5363533.470540364,0,0.5856441830702764,2.746716138717786,0,0.0,4303340.48888523,4647350038963.62,1704107.7752509876,464735003896362.0,8266545.752689161,3.5906850825995207e-09,1,21,1,1.539445294973848e+16,1.539445294973848e+16,0
373,245000000.0,0,399898.2379002925,5365576.791958361,0,0.7505228039500922,4.98879718323287,0,0.0,4400045.163560359,5108532750996.648,2031351.7620997126,510853275099664.9,8266545.752689161,3.5906850825995207e-09,1,21,1,1.5388241121389142e+16,1.5388241121389144e+16,0
374,245000000.0,0,619529.2510515674,5353860.36618305,0,0.43903620734816184,1.154815948026292,0,0.0,4659558.669125688,5024606059201.16,1811720.7489484376,502460605920116.0,8266360.138605188,2.659362507984042e-09,1,21,1,1.5442403147265686e+16,1.5442403147265686e+16,0
375,245000000.0,0,682910.2642028423,5358949.944738962,0,0.5898963351531034,2.924360262864568,0,0.0,4406087.574560173,4971617020300.512,1748339.7357971626,497161702030051.2,8266360.138605188,2.659362507984042e-09,1,22,1,1.5384382009420058e+16,1.5384382009420056e+16,0
376,245000000.0,0,746291.2773541171,5408103.931547779,0,27.845817816132698,301.16295973251925,0,0.0,3597739.7457704223,3830228639780.8174,1684958.7226458876,383022863978081.75,8190655.091518423,1.6116246115416288e-09,1,23,1,1.5386921028088602e+16,1.5386921028088602e+16,0
377,245000000.0,0,965922.290505392,5413638.598291856,0,0.4885826567345052,1.1985286239119266,0,0.0,3813728.8433736805,3966275684567.0234,1465327.7094946126,396627568456702.4,8190655.091518423,1.6116246115416288e-09,1,23,1,1.5429815573839448e+16,1.542981557383945e+16,0
378,245000000.0,0,638678.303656667,5435476.9080512235,0,0.6246080690393294,3.126571572878381,0,0.0,3674848.541592191,4095960639946.953,1792571.6963433377,409596063994695.3,8190655.091518423,1.6116246115416288e-09,1,23,1,1.5422553795024876e+16,1.5422553795024878e+16,0
379,245000000.0,0,858309.3168079419,5428278.450861671,0,0.4827484942656345,1.1732078406293014,0,0.0,3777389.521374759,4126800383316.3027,1572940.6831920627,412680038331630.25,8215186.955261029,2.812157617881894e-09,1,23,1,1.5441954546107324e+16,1.5441954546107324e+16,0
380,245000000.0,0,531065.3299592168,5431396.439464574,0,0.6969864608893785,3.7589368962516345,0,0.0,3626243.287721966,4389203322378.04,1900184.6700407877,438920332237804.0,8215186.955261029,2.557499101385474e-09,1,23,1,1.5411564521865884e+16,1.5411564521865884e+16,0
381,245000000.0,0,750696.3431104916,5425242.268033632,0,0.47821627216773177,1.1489348040094218,0,0.0,3746478.2590750786,4320487291424.686,1680553.6568895127,432048729142468.6,8215186.955261029,2.812157617881894e-09,1,23,1,1.5455047928877202e+16,1.54550479288772e+16,0
382,245000000.0,0,423452.3562617665,5428255.893992715,0,0.8009248219040738,4.711954052074029,0,0.0,3614350.2530770754,4725341301118.934,2007797.6437382377,472534130111893.4,8209918.87052306,2.3028405848890543e-09,1,23,1,1.5399648013647766e+16,1.5399648013647766e+16,0
383,245000000.0,0,643083.3694130414,5421955.3813504325,0,0.4738365904756501,1.1256458003172387,0,0.0,3734585.224430188,4557169285271.922,1788166.6305869627,455716928527192.2,8209918.87052306,2.3028405848890543e-09,1,23,1,1.546665496377647e+16,1.5466654963776472e+16,0
384,245000000.0,0,706464.3825643163,5413774.129169027,0,0.5884452762202944,2.8269974422608874,0,0.0,4348151.500034388,4837757519137.281,1724785.6174356877,483775751913728.1,8164859.913147719,1.7716956790536642e-09,1,23,1,1.5389957002800784e+16,1.5389957002800782e+16,0
385,245000000.0,0,379220.39571559115,5396951.959178943,0,0.7746278510167813,5.260107091929968,0,0.0,4492972.245069265,5279801629828.858,2052029.6042844127,527980162982885.8,8164859.913147719,1.7716956790536642e-09,1,23,1,1.5390888596724514e+16,1.5390888596724512e+16,0
386,245000000.0,0,598851.408866866,5372924.925625051,0,0.444115260044408,1.190618877467912,0,0.0,4833096.551242787,5308540734315.406,1832398.5911331377,530854073431540.6,8164859.913147719,2.004526322707534e-09,1,23,1,1.543045714372411e+16,1.543045714372411e+16,0
387,245000000.0,0,662232.4220181409,5409770.069713364,0,27.94574417323851,302.1310602024507,0,0.0,3713242.6441800175,4009528611820.1567,1769017.5779818627,400952861182015.7,8164859.913147719,1.7716956790536642e-09,1,23,1,1.5383245744646658e+16,1.5383245744646658e+16,0
388,245000000.0,0,881863.4351694158,5419345.381729045,0,0.4867447364740589,1.1811366238569967,0,0.0,3860735.3435280635,4139716125359.2617,1549386.5648305877,413971612535926.2,8164859.913147719,1.7716956790536642e-09,1,23,1,1.5433479007755326e+16,1.5433479007755328e+16,0
389,245000000.0,0,554619.4483206905,5426925.228304574,0,0.6794092491166289,3.599586022492227,0,0.0,3716722.476842133,4365936618240.9185,1876630.5516793127,436593661824091.9,8164859.913147719,1.888111000880599e-09,1,23,1,1.5414168071393302e+16,1.5414168071393304e+16,0
390,245000000.0,0,774250.4614719654,5419998.88017511,0,0.4847023455204822,1.1718042128405315,0,0.0,3859486.9268829157,4393892575666.3984,1656999.5385280377,439389257566639.9,8164859.913147719,1.7716956790536642e-09,1,23,1,1.5444699512841704e+16,1.5444699512841704e+16,0
391,245000000.0,0,447006.4746232403,5423826.762637083,0,0.774786583785263,4.4642211960930664,0,0.0,3744551.113438596,4739347658999.595,1984243.5253767627,473934765899959.5,8164859.913147719,1.7716956790536642e-09,1,23,1,1.5402257807595964e+16,1.5402257807595966e+16,0
392,245000000.0,0,666637.4877745152,5416900.410436085,0,0.4828700169531539,1.1626181204477832,0,0.0,3887315.5634793793,4687806290637.068,1764612.5122254877,468780629063706.8,8164859.913147719,1.7716956790536642e-09,1,23,1,1.5451784770788726e+16,1.545178477078873e+16,0
393,245000000.0,0,339393.50092579005,5427698.528106176,0,0.9219219327233902,5.875552836821125,0,0.0,3772379.750035059,5142225720248.5,2091856.4990742127,514222572024850.0,8181020.067505983,1.69893610291183e-09,1,23,1,1.5390316745378484e+16,1.5390316745378484e+16,0
394,245000000.0,0,559024.5140770649,5421411.109880962,0,0.48104143372616004,1.1535749323499715,0,0.0,3915144.2000758424,5011187026097.965,1872225.4859229377,501118702609796.5,8181020.067505983,1.69893610291183e-09,1,23,1,1.5458869972075006e+16,1.5458869972075008e+16,0
395,245000000.0,0,622405.5272283398,5446920.850809644,0,27.943455257098172,301.96109993105716,0,0.0,3471561.4671042874,4014128839985.617,1808844.4727716628,401412883998561.75,8243527.952758486,1.3787939678877592e-09,1,23,1,1.5381986975905164e+16,1.5381986975905164e+16,0
396,245000000.0,0,842036.5403796147,5437317.281833268,0,0.4790726698603363,1.1443402476891857,0,0.0,3593683.8540303563,3980693437129.6885,1589213.4596203878,398069343712968.9,8269491.4241515165,2.0627339836210012e-09,1,23,1,1.546264723779374e+16,1.5462647237793736e+16,0
397,245000000.0,0,514792.55353088956,5447097.081187901,0,0.7112572590943919,3.877527867180085,0,0.0,3530550.22780515,4375256272599.2925,1916457.4464691128,437525627259929.25,8269491.4241515165,1.873559085652232e-09,1,23,1,1.5409763493994612e+16,1.5409763493994612e+16,0
398,245000000.0,0,734423.5666821644,5442970.872390915,0,0.47723185925914396,1.1358337428324319,0,0.0,3675118.5418273374,4290847275067.992,1696826.4333178378,429084727506799.25,8263861.59626183,1.4515535440295935e-09,1,23,1,1.5465827472097322e+16,1.5465827472097324e+16,0
399,245000000.0,0,407179.5798334393,5452656.9624768,0,0.8216610485941471,4.899804151927724,0,0.0,3614798.075446658,4773597500783.937,2024070.4201665628,477359750078393.6,8263868.612663097,2.3392203729599714e-09,1,23,1,1.5397843292704212e+16,1.5397843292704212e+16,0
400,245000000.0,0,626810.5929847142,5448530.945475488,0,0.4756250091035614,1.1283480263942662,0,0.0,3759366.3894688454,4629414289906.187,1804439.4070152878,462941428990618.6,8263868.612663097,2.3392203729599714e-09,1,23,1,1.54683910304985e+16,1.54683910304985e+16,0
401,245000000.0,0,690191.6061359891,5442047.812217625,0,0.5913532380583444,2.893553657546166,0,0.0,4343794.211322439,4905026228884.381,1741058.3938640128,490502622888438.06,8263241.642994006,2.7466739993542433e-09,1,23,1,1.5388790501239642e+16,1.538879050123964e+16,0
402,245000000.0,0,362947.61928726395,5422568.680167911,0,0.7977728187558564,5.495296284439766,0,0.0,4490728.796972632,5345946550405.975,2068302.3807127378,534594655040597.44,8263241.642994006,2.7466739993542433e-09,1,23,1,1.5389071546672604e+16,1.5389071546672602e+16,0
403,245000000.0,0,582578.6324385388,5400497.123716222,0,0.442769991698374,1.189287516260622,0,0.0,4762538.347478553,5341222170120.749,1848671.3675614628,534122217012074.9,8300487.913942976,3.9108272176235914e-09,1,23,1,1.5429077858864468e+16,1.5429077858864468e+16,0
404,245000000.0,0,546875.0,5428101.396236247,0,28.091131618719803,303.65046771617614,0,0.0,3657465.0130371954,4039129869579.217,1785290.3544101878,403912986957921.7,8300416.290961377,4.027242539450526e-09,1,23,1,1.5383876447957868e+16,1.538387644795787e+16,0
405,245000000.0,0,746875.0,5439111.241656163,0,0.48515454336809216,1.1684736567708787,0,0.0,3840296.721273657,4125660586731.3154,1565659.3412589128,412566058673131.56,8300416.290961377,4.027242539450526e-09,1,23,1,1.5436687477235504e+16,1.5436687477235506e+16,0
406,245000000.0,0,538346.6718923636,5455247.331197852,0,0.6928971777644014,3.708190120062772,0,0.0,3680345.026973808,4363883411552.7827,1892903.3281076378,436388341155278.25,8298326.812846608,3.925379132851958e-09,1,23,1,1.5412366744254934e+16,1.5412366744254934e+16,0
407,245000000.0,0,757977.6850436385,5457225.059924368,0,0.480625333090796,1.148375798032048,0,0.0,3806639.5093703987,4328430174707.32,1673272.3149563628,432843017470732.0,8298326.812846608,3.925379132851958e-09,1,23,1,1.54505425539258e+16,1.5450542553925804e+16,0
408,245000000.0,0,442042.83921588096,5467107.107209769,0,0.7813470028432632,4.514236148223722,0,0.0,3589154.7830130113,4587938272931.244,1989207.1607841204,458793827293124.44,8470484.703384357,4.300090949982405e-09,1,23,1,1.5400468851712204e+16,1.5400468851712204e+16,0
409,245000000.0,0,672982.9933881233,5466291.631992622,0,0.4683662769426195,1.089914484680877,0,0.0,3651988.602182662,4295273063106.568,1758267.006611878,429527306310656.8,8470484.703384357,3.601599019020796e-09,1,23,1,1.5468212264886112e+16,1.5468212264886112e+16,0
410,245000000.0,0,903923.1475603658,5443399.769254177,0,0.4764346250989184,1.2435669194379684,0,0.0,4403268.435674345,4473036224834.943,1527326.8524396357,447303622483494.3,8470484.703384357,3.536115400493145e-09,1,23,1,1.5402069083538862e+16,1.540206908353886e+16,0
411,245000000.0,0,584118.044827987,5438022.161120027,0,0.6068060439124794,3.4181136912090277,0,0.0,4326435.39206228,4512826539854.363,1847131.9551720147,451282653985436.3,8455003.67576587,3.536115400493145e-09,1,23,1,1.5411928356926398e+16,1.5411928356926396e+16,0
412,245000000.0,0,811187.942095608,5424144.459108753,0,0.44369212471089703,1.1753000440582728,0,0.0,4524353.920970997,4494965010856.335,1620062.0579043936,449496501085633.5,8455003.67576587,3.536115400493145e-09,1,23,1,1.5423290062769788e+16,1.5423290062769788e+16,0
413,245000000.0,0,491382.839363229,5423411.467762001,0,0.6697293411536952,4.0618799846608935,0,0.0,4349947.844882435,4675142324509.689,1939867.1606367726,467514232450968.94,8371876.850659945,5.136826075613499e-09,1,23,1,1.5399382816359078e+16,1.5399382816359074e+16,0
414,245000000.0,0,718452.73663085,5428464.795520831,0,0.4511563524233988,1.114138285641591,0,0.0,3952774.0234431014,4342361058222.7866,1712797.2633691516,434236105822278.7,8371876.850659945,5.1513779908418655e-09,1,23,1,1.5443288714139456e+16,1.5443288714139456e+16,0
415,245000000.0,0,554897.633898471,5438451.084264228,0,0.5747196103386574,3.5977846963912055,0,0.0,3738445.2166051515,4398331337463.834,1876352.3661015306,439833133746383.4,8371876.850659945,5.136826075613499e-09,1,23,1,1.5393458615590776e+16,1.5393458615590776e+16,0
416,245000000.0,0,781967.531166092,5455337.974352302,0,0.48295803812167104,1.1545507744597,0,0.0,3801279.0357748023,4280301196321.356,1649282.4688339096,428030119632135.6,8371876.850659945,5.136826075613499e-09,1,23,1,1.544155834629135e+16,1.5441558346291346e+16,0
417,245000000.0,0,462162.42843371304,5484449.594828511,0,0.7595688250008187,4.318139549365966,0,0.0,3591534.8232266577,4529200407233.247,1969087.5715662886,452920040723324.7,8371876.850659945,5.136826075613499e-09,1,23,1,1.5403123394741118e+16,1.540312339474112e+16,0
418,245000000.0,0,689232.325701334,5487844.603516,0,0.4692562333841215,1.0954752327974335,0,0.0,3654368.6423963085,4266493804080.748,1742017.6742986676,426649380408074.8,8371876.850659945,5.1513779908418655e-09,1,23,1,1.5466172911749994e+16,1.5466172911749996e+16,0
419,245000000.0,0,916302.2229689551,5474401.200622699,0,0.4781897457821647,1.2500085277857778,0,0.0,4449028.483996101,4486153969736.543,1514947.7770310466,448615396973654.3,8375984.173358896,5.558831617236137e-09,1,23,1,1.5400019363881474e+16,1.5400019363881472e+16,0
420,245000000.0,0,596497.1202365761,5475564.073762927,0,0.5978721701543747,3.347296467651777,0,0.0,4411705.191587523,4513642629482.672,1834752.8797634256,451364262948267.2,8375984.173358896,6.410118658095598e-09,1,23,1,1.541330481384269e+16,1.541330481384269e+16,0
421,245000000.0,0,823567.0175041971,5479161.777897441,0,0.46338416408799266,1.1796216166122766,0,0.0,4094516.2308164216,4359960701406.294,1607682.9824958046,435996070140629.4,8375984.173358896,6.410118658095598e-09,1,23,1,1.5417263971780248e+16,1.541726397178025e+16,0
422,245000000.0,0,503761.9147718181,5502315.221835419,0,0.7202598253795774,3.9622640723678946,0,0.0,3716244.3863491616,4458784423315.478,1927488.0852281835,445878442331547.75,8376444.0501925945,6.410118658095598e-09,1,23,1,1.540482170540053e+16,1.540482170540053e+16,0
423,245000000.0,0,730831.8120394391,5511181.965487049,0,0.47250825590436135,1.1167389986502867,0,0.0,3777024.544169337,4275776758355.9995,1700418.1879605625,427577675835599.94,8376444.0501925945,6.410118658095598e-09,1,23,1,1.5450918963155898e+16,1.5450918963155898e+16,0
424,245000000.0,0,411026.7093070601,5528284.483887446,0,0.8152055214880868,4.854054251394449,0,0.0,3533316.6014713785,4614650958174.29,2020223.2906929415,461465095817429.0,8376444.0501925945,6.410118658095598e-09,1,23,1,1.5397460300019602e+16,1.5397460300019602e+16,0
425,245000000.0,0,638096.6065746811,5523975.805914965,0,0.4606242873630535,1.0602213065078188,0,0.0,3594096.759291554,4275129482706.228,1793153.3934253205,427512948270622.8,8376444.0501925945,6.424670573323965e-09,1,23,1,1.5478470491666028e+16,1.5478470491666026e+16,0
426,245000000.0,0,865166.5038423021,5498338.84381734,0,0.4705952456049214,1.2043143123700402,0,0.0,4388526.662474496,4412279332971.962,1566083.4961576995,441227933297196.2,8376444.0501925945,6.410118658095598e-09,1,23,1,1.5413329093474466e+16,1.5413329093474466e+16,0
427,245000000.0,0,545361.4011099231,5500874.950360328,0,0.6276360122345237,3.6605806997658266,0,0.0,4351203.370065919,4553801234489.718,1885888.5988900785,455380123448971.75,8376444.0501925945,6.410118658095598e-09,1,23,1,1.5406884435789632e+16,1.540688443578963e+16,0
428,245000000.0,0,772431.2983775442,5482997.242696323,0,0.4415057012327924,1.1388445870905135,0,0.0,4609604.618512277,4494648041350.63,1658818.7016224575,449464804135063.0,8376444.0501925945,6.410118658095598e-09,1,23,1,1.5430444241642566e+16,1.5430444241642566e+16,0
429,245000000.0,0,843251.1956451652,5494060.30889755,0,0.5529197566525629,2.3689631833705933,0,0.0,4247661.406377415,4249703076535.629,1587998.8043548365,424970307653562.9,8376444.0501925945,6.410118658095598e-09,1,23,1,1.5393111689149646e+16,1.5393111689149644e+16,0
430,245000000.0,0,523446.0929127862,5512290.351894551,0,0.6431944166007648,3.81354733504058,0,0.0,4113271.393203068,4548963140453.804,1907803.9070872155,454896314045380.4,8376444.0501925945,6.410118658095598e-09,1,24,1,1.5398057750603392e+16,1.539805775060339e+16,0
431,245000000.0,0,750515.9901804072,5528107.264179555,0,0.45575827920480816,1.1222191242967425,0,0.0,3987010.37295638,4282058919058.725,1680734.0098195944,428205891905872.5,8376444.0501925945,6.410118658095598e-09,1,24,1,1.5442477402328608e+16,1.5442477402328608e+16,0
432,245000000.0,0,430710.8874480282,5556723.242937077,0,0.7912945528152902,4.632730047237392,0,0.0,3606322.7883947087,4567334985075.492,2000539.1125519734,456733498507549.25,8376444.0501925945,6.410118658095598e-09,1,24,1,1.5396007929519666e+16,1.5396007929519666e+16,0
433,245000000.0,0,657780.7847156492,5559717.901271141,0,0.45992232387623877,1.065159548410116,0,0.0,3647316.383046166,4257810029910.053,1773469.2152843524,425781002991005.3,8376424.396535369,5.449692253023386e-09,1,24,1,1.547188902668706e+16,1.547188902668706e+16,0
434,245000000.0,0,884850.6819832702,5525584.9742938,0,0.4462003360324007,1.1992232824660547,0,0.0,4813875.779912064,4416814924626.578,1546399.3180167314,441681492462657.8,8439607.352002252,4.882167559117079e-09,1,24,1,1.5407992492052686e+16,1.5407992492052688e+16,0
435,245000000.0,0,565045.5792508912,5519988.201459276,0,0.5733434142257369,3.5332843737545203,0,0.0,4756909.997097241,4561421255550.278,1866204.4207491104,456142125555027.8,8439607.352002252,4.649336915463209e-09,1,24,1,1.5401337756036582e+16,1.5401337756036584e+16,0
436,245000000.0,0,792115.4765185122,5528295.092033688,0,0.4350057679217091,1.1143256560813026,0,0.0,4242179.730590822,4225568459359.2476,1639134.5234814894,422556845935924.75,8439607.352002252,4.649336915463209e-09,1,24,1,1.5419432972384036e+16,1.5419432972384038e+16,0
437,245000000.0,0,472310.37378613325,5569865.434248199,0,0.7475072129733088,4.225557077909529,0,0.0,3644224.6386498236,4368235872346.3135,1958939.6262138684,436823587234631.4,8439607.352002252,4.649336915463209e-09,1,24,1,1.539857655158372e+16,1.539857655158372e+16,0
438,245000000.0,0,699380.2710537543,5591487.999940378,0,0.45244309897411716,1.04065735611531,0,0.0,3664732.6039774795,4062847550735.325,1731869.7289462474,406284755073532.5,8439556.048673442,7.908965926617384e-09,1,24,1,1.5466614166942832e+16,1.5466614166942834e+16,0
439,245000000.0,0,926450.1683213753,5567769.337901166,0,0.4360918539981949,1.168259298074371,0,0.0,4762896.683225,4136816284457.287,1504799.8316786264,413681628445728.7,8470311.6360402,6.81757228448987e-09,1,24,1,1.541771717378833e+16,1.541771717378833e+16,0
440,245000000.0,0,606645.0655889963,5563684.22617766,0,0.5516758648332438,3.291395114122058,0,0.0,4705944.128448505,4342039664118.8867,1824604.9344110053,434203966411888.7,8470311.6360402,6.351910997182131e-09,1,24,1,1.539916338282128e+16,1.539916338282128e+16,0
441,245000000.0,0,833714.9628566173,5552557.778091037,0,0.4153663496634687,1.0875494706480142,0,0.0,4726570.113271287,4145611297933.096,1597535.0371433843,414561129793309.6,8470311.6360402,6.351910997182131e-09,1,24,1,1.5426913149677688e+16,1.5426913149677688e+16,0
442,245000000.0,0,904534.8601242383,5580960.402596544,0,0.523595213641632,2.2086394329707,0,0.0,4256435.330446143,3799839772150.9224,1526715.1398757633,379983977215092.25,8468418.961313453,6.737536750733852e-09,1,24,1,1.539472193446613e+16,1.539472193446613e+16,0
443,245000000.0,0,584729.7573918593,5625316.494661842,0,0.6559153569630529,3.414543950960612,0,0.0,3473306.796450154,4011546974017.1025,1846520.2426081423,401154697401710.25,8493681.485645631,4.889443516731262e-09,1,24,1,1.5399200712227916e+16,1.5399200712227916e+16,0
444,245000000.0,0,811799.6546594803,5657867.03091327,0,0.44921923141036296,1.045816465773042,0,0.0,3356988.1280311905,3582294658055.7783,1619450.3453405213,358229465805577.8,8493681.485645631,4.831235855817795e-09,1,24,1,1.5486429168258816e+16,1.5486429168258816e+16,0
445,245000000.0,0,1018835.8422876853,5645485.882363794,0,0.4550167126743049,1.174765114622908,0,0.0,4105402.3585763704,3741017861585.4307,1392380.4480729003,374101786158543.06,8432797.392173482,4.922185325995088e-09,1,24,1,1.5419643823520336e+16,1.5419643823520336e+16,0
446,245000000.0,0,719064.4491947223,5658386.5171748735,0,0.5360569032664407,2.7775291534482536,0,0.0,4022352.340156342,3786553831136.4907,1712185.5508052793,378655383113649.06,8431665.472158806,5.158653948456049e-09,1,24,1,1.5427669502775244e+16,1.5427669502775242e+16,0
447,245000000.0,0,946134.3464623434,5683134.635754239,0,0.43589673333714807,1.093185254281795,0,0.0,3682664.744583402,3531366338300.506,1485115.6535376583,353136633830050.56,8431665.472158806,5.158653948456049e-09,1,24,1,1.5445047016472224e+16,1.5445047016472224e+16,0
448,245000000.0,0,626329.2437299644,5725734.699209083,0,0.6291781447384491,3.1881185517646706,0,0.0,3281170.872720948,3710306352931.1353,1804920.7562700373,371030635293113.5,8431665.472158806,5.158653948456049e-09,1,24,1,1.5418378697964432e+16,1.5418378697964432e+16,0
449,245000000.0,0,853399.1409975854,5747613.751238801,0,0.43967350070934674,1.02220005344249,0,0.0,3310372.7808460086,3405558187615.658,1577850.8590024163,340555818761565.8,8431665.472158806,5.566107574850321e-09,1,24,1,1.5484976132281244e+16,1.548497613228124e+16,0
450,245000000.0,0,1018835.8422876853,5745520.147561478,0,0.4434187977169839,1.1450486240808466,0,0.0,4084397.874377235,3486840374028.7563,1350780.9617347952,348684037402875.6,8431665.472158806,5.5952114053070545e-09,1,24,1,1.5429360689208952e+16,1.5429360689208952e+16,0
451,245000000.0,0,760663.9355328274,5753404.205531162,0,0.5192468606628025,2.625829984454871,0,0.0,3998003.775805773,3602160151710.958,1670586.0644671742,360216015171095.8,8443909.872749861,6.719346856698394e-09,1,24,1,1.5423768922545966e+16,1.5423768922545966e+16,0
452,245000000.0,0,987733.8328004484,5747142.095472882,0,0.41101620871235356,1.0674074140200664,0,0.0,4204408.060545491,3458914861905.982,1443516.1671995532,345891486190598.2,8443909.872749861,6.69024302624166e-09,1,24,1,1.5454540330803924e+16,1.5454540330803922e+16,0
453,245000000.0,0,1018835.8422876853,5762256.204151779,0,0.487135192015132,1.8875871447043209,0,0.0,3813130.4475485203,3197941072865.4004,1372696.2699319322,319794107286540.06,8443909.872749861,6.719346856698394e-09,1,24,1,1.54131338644047e+16,1.5413133864404698e+16,0
454,245000000.0,0,738748.6273356904,5781527.82793415,0,0.529233512973937,2.7036211032973236,0,0.0,3606385.97698753,3470420763638.396,1692501.3726643112,347042076363839.6,8443909.872749861,6.9521775003522635e-09,1,24,1,1.5423360080892724e+16,1.5423360080892724e+16,0
455,245000000.0,0,965818.5246033114,5796138.844284449,0,0.4183975252090575,1.0271773424131112,0,0.0,3453602.8602079046,3112567547687.8677,1465431.4753966902,311256754768786.75,8443909.872749861,6.893969839438796e-09,1,24,1,1.5476167969482876e+16,1.5476167969482876e+16,0
456,245000000.0,0,646013.4218709324,5821891.393857126,0,0.6165446993991427,3.091125983471428,0,0.0,2999780.5035041776,3468593127199.8833,1785236.5781290692,346859312719988.3,8443909.872749861,6.92307366989553e-09,1,24,1,1.5417907790581484e+16,1.5417907790581484e+16,0
457,245000000.0,0,873083.3191385535,5825627.241058739,0,0.4237889633994413,0.9642589985384558,0,0.0,2984647.172401853,3032690677673.981,1558166.6808614482,303269067767398.1,8443909.872749861,6.893969839438796e-09,1,24,1,1.5515714966434782e+16,1.551571496643478e+16,0
458,245000000.0,0,1018835.8422876853,5785400.885368488,0,0.40153673705014786,1.07284548476133,0,0.0,4141220.3218908743,3149881642322.7866,1331096.7835938272,314988164232278.7,8443842.931773309,6.6611391957849264e-09,1,24,1,1.5451227027368946e+16,1.5451227027368944e+16,0
459,245000000.0,0,1018835.8422876853,5823163.1154281525,0,0.5221701973936185,1.7065237902348975,0,0.0,3272102.5729768868,2847983043205.7847,1260276.8863262061,284798304320578.44,8443842.931773309,6.835762178525329e-09,1,24,1,1.5439484839373116e+16,1.5439484839373116e+16,0
460,245000000.0,0,851168.0109414165,5849166.800668452,0,0.5279850322081148,2.3469550303707574,0,0.0,2947962.8254212975,2960112966678.426,1580081.9890585851,296011296667842.56,8443842.931773309,6.835762178525329e-09,1,24,1,1.5446074456586538e+16,1.5446074456586542e+16,0
461,245000000.0,0,1018835.8422876853,5857940.62164844,0,0.4366540694777728,1.0322390014636578,0,0.0,2977198.2040346344,2722457695387.7393,1353012.0917909641,272245769538773.94,8443842.931773309,6.6611391957849264e-09,1,24,1,1.5492025324516006e+16,1.5492025324516008e+16,0
462,245000000.0,0,758432.8054766585,5877506.357051143,0,0.5632992300040421,2.6335443841469273,0,0.0,2786668.7881127303,3072007225776.3765,1672817.1945233431,307200722577637.6,8443842.931773309,6.835762178525329e-09,1,24,1,1.5435858557916736e+16,1.5435858557916736e+16,0
463,245000000.0,0,985502.7027442795,5873588.24363356,0,0.422990695835087,0.9687339178423149,0,0.0,2815904.166726068,2685580393280.074,1445747.297255722,268558039328007.44,8443842.931773309,6.6611391957849264e-09,1,24,1,1.551986676537503e+16,1.551986676537503e+16,0
464,245000000.0,0,1018835.8422876853,5847677.147160772,0,0.42654979143256294,1.0783879016139568,0,0.0,3624616.738141573,2795988842735.0425,1218677.399988101,279598884273504.25,8443842.931773309,6.6611391957849264e-09,1,24,1,1.5453063424111536e+16,1.5453063424111534e+16,0
465,245000000.0,0,892767.4972795215,5843476.2080080835,0,0.4804966214545043,2.2377184291078662,0,0.0,3541317.210206152,2935426016369.353,1538482.50272048,293542601636935.3,8443842.931773309,6.835762178525329e-09,1,24,1,1.5446797855860806e+16,1.5446797855860802e+16,0
466,245000000.0,0,1018835.8422876853,5850125.558921867,0,0.41133488558470815,1.003734281563346,0,0.0,3176753.2084797956,2602078082465.568,1311412.605452859,260207808246556.78,8487540.484761167,6.2536855693906546e-09,1,24,1,1.5478670902993412e+16,1.547867090299341e+16,0
467,245000000.0,0,956282.2918147636,5846123.991002881,0,0.4483982865130561,2.089247881320889,0,0.0,2903571.8303161603,2595499315324.3604,1474967.708185238,259549931532436.03,8487540.484761167,6.428308552131057e-09,1,24,1,1.5437569377071254e+16,1.5437569377071256e+16,0
468,245000000.0,0,1018835.8422876853,5860425.196114097,0,0.43172814384737135,1.007469062959265,0,0.0,2910958.432435569,2395256980633.4365,1247897.810917617,239525698063343.66,8500177.3025455,6.079062586650252e-09,1,24,1,1.548959698185706e+16,1.5489596981857058e+16,0
469,245000000.0,0,863547.0863500056,5888261.720804872,0,0.5251227751042572,2.3133499974463096,0,0.0,2657804.0323282056,2674343313588.7236,1567702.913649996,267434331358872.38,8500177.3025455,6.079062586650252e-09,1,24,1,1.5447432091617064e+16,1.5447432091617062e+16,0
470,245000000.0,0,1018835.8422876853,5887371.518594648,0,0.41524913774104083,0.9369118137145132,0,0.0,2657690.3994250824,2294773191824.616,1340633.016382375,229477319182461.62,8527631.820312353,5.686160875484347e-09,1,24,1,1.5525413819742454e+16,1.5525413819742454e+16,0
471,245000000.0,0,1018835.8422876853,5866386.923188116,0,0.41714709309285847,1.0328959657679035,0,0.0,3383732.318879536,2322293313013.9575,1113563.119114754,232229331301395.75,8527631.820312353,5.686160875484347e-09,1,24,1,1.5468441434055938e+16,1.5468441434055936e+16,0
472,245000000.0,0,997881.7781528686,5860818.560450673,0,0.4559899125922088,2.0022389473340865,0,0.0,3270992.394396381,2502423351373.4775,1433368.221847133,250242335137347.75,8527631.820312353,5.948095349594951e-09,1,24,1,1.5455219914403224e+16,1.5455219914403224e+16,0
473,245000000.0,0,1018835.8422876853,5845589.441982951,0,0.38969199494787427,0.9585705622149262,0,0.0,3442305.8265181463,2297821232682.6465,1206298.324579512,229782123268264.66,8527631.820312353,5.686160875484347e-09,1,24,1,1.5499349615286446e+16,1.5499349615286444e+16,0
474,245000000.0,0,1018835.8422876853,5853535.267887443,0,0.4450847250390647,1.5422916742801118,0,0.0,3021804.0575242625,1981769862413.5283,1135478.427311891,198176986241352.84,8527631.820312353,5.686160875484347e-09,1,24,1,1.5459580171322246e+16,1.5459580171322244e+16,0
475,245000000.0,0,1018835.8422876853,5889883.302954454,0,0.4849879711615519,1.4624250325755097,0,0.0,2721983.2593979943,1949572560863.9497,1064658.53004427,194957256086394.97,8466167.541035866,6.384652806445956e-09,1,24,1,1.5460675052003286e+16,1.5460675052003284e+16,0
476,245000000.0,0,1018835.8422876853,5912695.361012183,0,0.4747749719316414,1.9087860489157018,0,0.0,2455101.600407205,2118721812615.9336,1384463.632776649,211872181261593.38,8466167.541035866,6.384652806445956e-09,1,24,1,1.5467587175270004e+16,1.5467587175270004e+16,0
477,245000000.0,0,1018835.8422876853,5915253.628680941,0,0.41219565642230355,0.9292219727042531,0,0.0,2461214.991364975,1817945195423.3276,1157393.735509028,181794519542332.75,8466167.541035866,6.384652806445956e-09,1,24,1,1.5527563912480856e+16,1.552756391248086e+16,0
478,245000000.0,0,1018835.8422876853,5880170.412898289,0,0.41576117734625356,1.0235576604527863,0,0.0,3183944.8640348217,1898705672647.609,927011.7914567997,189870567264760.88,8479415.728174295,6.410118658095598e-09,1,24,1,1.5472309927613994e+16,1.5472309927613994e+16,0
479,245000000.0,0,1018835.8422876853,5877018.808672073,0,0.421204657840522,1.682446397895569,0,0.0,3064580.845982453,1982276164710.1177,1243504.8474045715,198227616471011.78,8479415.728174295,6.410118658095598e-09,1,24,1,1.5473993548864378e+16,1.5473993548864378e+16,0
480,245000000.0,0,1018835.8422876853,5861373.836725652,0,0.38876155983012134,0.9505226040220849,0,0.0,3222805.748048759,1834596002753.518,1013122.9033523432,183459600275351.8,8479415.728174295,6.410118658095598e-09,1,24,1,1.550322006076687e+16,1.5503220060766872e+16,0
481,245000000.0,0,1018835.8422876853,5865246.247627353,0,0.42963674787607464,1.33935234643723,0,0.0,2829724.0719085108,1548391201750.8423,938990.959300115,154839120175084.22,8479415.728174295,6.410118658095598e-09,1,24,1,1.5467708006817408e+16,1.5467708006817408e+16,0
482,245000000.0,0,1018835.8422876853,5885579.67058207,0,0.4203820769687212,1.6995732591822825,0,0.0,2643991.8189256554,1880964675292.3684,1255484.0152478868,188096467529236.84,8479415.728174295,6.410118658095598e-09,1,24,1,1.547205787273976e+16,1.5472057872739758e+16,0
483,245000000.0,0,1018835.8422876853,5901859.91439799,0,0.3910919966503114,0.9031111320239156,0,0.0,2466144.617264773,1471942422385.2085,1025102.0711956585,147194242238520.84,8489190.907796895,6.206391844898462e-09,1,24,1,1.5533868590029038e+16,1.5533868590029038e+16,0
484,245000000.0,0,1018835.8422876853,5928585.442181243,0,0.46493213125381017,1.8337606604752352,0,0.0,2004847.1261401775,1891308677407.0955,1341595.1271434303,189130867740709.53,8428471.543471424,6.526533979922533e-09,1,24,1,1.5467125060953798e+16,1.5467125060953798e+16,0
485,245000000.0,0,1018835.8422876853,5931843.674292257,0,0.39527578423490783,0.844027486286891,0,0.0,1948507.892802553,1408967269225.8518,1111213.183091202,140896726922585.2,8428471.543471424,6.526533979922533e-09,1,24,1,1.5575608808053344e+16,1.5575608808053346e+16,0
486,245000000.0,0,1018835.8422876853,5889830.292808589,0,0.37565688814620507,0.9201084095899215,0,0.0,3120590.0497920155,1481352317691.311,880831.2390389738,148135231769131.1,8428436.468271062,7.399648893624544e-09,1,24,1,1.5515675514562428e+16,1.5515675514562428e+16,0
487,245000000.0,0,1018835.8422876853,5927241.151914383,0,0.4527944638182521,1.230352270053422,0,0.0,2250900.3538649785,1125939742711.2085,806699.2949867456,112593974271120.84,8428436.468271062,6.468326319009066e-09,1,24,1,1.5502111229406262e+16,1.5502111229406262e+16,0
488,245000000.0,0,1018835.8422876853,5953264.667354133,0,0.425083870031365,1.5278165949588,0,0.0,1806638.920326435,1359665169100.9692,1123192.3509345173,135966516910096.92,8428436.468271062,6.468326319009066e-09,1,24,1,1.5495923460432612e+16,1.5495923460432612e+16,0
489,245000000.0,0,1018835.8422876853,5962320.9739426095,0,0.4004228794471231,0.8737518566955743,0,0.0,1807878.3924573965,1024350822529.2314,892810.4068822891,102435082252923.14,8428451.934733825,4.9112713895738125e-09,1,24,1,1.556599492312597e+16,1.5565994923125972e+16,0
490,245000000.0,0,1018835.8422876853,5945924.955153243,0,0.40217024253977357,0.9555455235687877,0,0.0,2609328.150492178,1176470131902.9849,662428.4628300609,117647013190298.48,8436367.283817615,6.075424607843161e-09,1,24,1,1.5502265215408886e+16,1.5502265215408888e+16,0
491,245000000.0,0,1018835.8422876853,5954218.232110322,0,0.3872193450360725,1.3761513834216683,0,0.0,2493240.4887588834,1262262758211.7947,978921.5187778326,126226275821179.47,8465984.981994338,3.572495188564062e-09,1,24,1,1.5507895608935766e+16,1.5507895608935764e+16,0
492,245000000.0,0,1018835.8422876853,5961506.163146877,0,0.3865698265416279,0.8896591790983379,0,0.0,2117853.6576861367,961759955540.3418,748539.5747256044,96175995554034.19,8465984.981994338,4.212779458612204e-09,1,24,1,1.5533970896589526e+16,1.5533970896589526e+16,0
493,245000000.0,0,1018835.8422876853,5980351.020542759,0,0.4175184998592661,1.4628251841070705,0,0.0,1666891.820933169,1226071955923.4502,1065032.6306731065,122607195592345.02,8463803.025266161,4.6093191485852e-09,1,24,1,1.5498889796478532e+16,1.5498889796478532e+16,0
494,245000000.0,0,1018835.8422876853,5989018.303205542,0,0.3910842285204876,0.8322726876743998,0,0.0,1652130.030877636,870467409632.942,834650.6866206087,87046740963294.2,8521618.2424631,5.558831617236137e-09,1,24,1,1.5578794268931306e+16,1.5578794268931304e+16,0
495,245000000.0,0,1018835.8422876853,5964951.947961789,0,0.3925465090141082,0.9061564520012444,0,0.0,2357170.831762931,916956306182.3724,604268.7425681108,91695630618237.25,8521618.2424631,5.558831617236137e-09,1,24,1,1.5524047173658736e+16,1.5524047173658734e+16,0
496,245000000.0,0,1018835.8422876853,5966573.6411345145,0,0.38008905754461925,1.3231775049516947,0,0.0,2249528.989803464,1121506111789.0151,920737.000031782,112150611178901.52,8521717.41795413,6.788468454033136e-09,1,24,1,1.5511676722845426e+16,1.5511676722845426e+16,0
497,245000000.0,0,1018835.8422876853,5973048.485314805,0,0.3788997699363394,0.8466930761054702,0,0.0,1859688.3682647035,767765829585.959,690330.2574954531,76776582958595.9,8521717.41795413,6.788468454033136e-09,1,24,1,1.5554418693548752e+16,1.555441869354875e+16,0
498,245000000.0,0,1018835.8422876853,5935239.683078101,0,0.3758157931992244,0.9232771144755508,0,0.0,2817901.5152140292,952202809066.7656,459923.51495912427,95220280906676.56,8521717.41795413,6.788468454033136e-09,1,24,1,1.5510065790566772e+16,1.551006579056677e+16,0
499,245000000.0,0,1018835.8422876853,5956192.518670167,0,0.3632210989693788,1.2078328728216843,0,0.0,2250429.2567000445,912842280109.5554,776391.7724227954,91284228010955.55,8522250.177268784,6.490154191851616e-09,1,24,1,1.5517580489812968e+16,1.551758048981297e+16,0
500,245000000.0,0,1018835.8422876853,5960685.792996317,0,0.37411368235109904,0.8616219857027594,0,0.0,2076697.2008324247,688554377054.5369,545985.0298864666,68855437705453.69,8522247.322798997,4.351022653281689e-09,1,25,1,1.5546368888414404e+16,1.5546368888414404e+16,0
501,245000000.0,0,1018835.8422876853,6004944.686061912,0,0.39137018652997396,1.2738904835854021,0,0.0,1604219.1169574985,858418283648.4777,862256.3264693376,85841828364847.77,8512782.288292665,4.547473508864641e-09,1,25,1,1.551474539113286e+16,1.551474539113286e+16,0
502,245000000.0,0,1018835.8422876853,6022211.003115134,0,0.3844362149507241,0.8093614768200961,0,0.0,1490031.7941972492,584236249201.4382,631652.6230522087,58423624920143.82,8512782.288292665,4.3146428652107716e-09,1,25,1,1.5574131408861824e+16,1.5574131408861822e+16,0
503,245000000.0,0,1018835.8422876853,5994241.815481981,0,0.3648267037075267,0.8800545611262024,0,0.0,2580203.7579895533,829853984569.6587,401048.91963507974,82985398456965.88,8512782.288292665,4.3146428652107716e-09,1,25,1,1.551962584392486e+16,1.551962584392486e+16,0
504,245000000.0,0,1018835.8422876853,5990704.767959731,0,0.34586806343094895,1.1662285718649021,0,0.0,2555600.2579145455,917252526721.2548,717320.3127588257,91725252672125.47,8512781.902129166,4.067260306328535e-09,1,25,1,1.553223696264957e+16,1.553223696264957e+16,0
505,245000000.0,0,1018835.8422876853,6000406.919856404,0,0.35906734386528816,0.8256047810320346,0,0.0,1985125.9462024434,596227409454.4781,486715.00356766704,59622740945447.81,8512788.711388784,4.067260306328535e-09,1,25,1,1.5539616924578826e+16,1.5539616924578828e+16,0
506,245000000.0,0,1018835.8422876853,6048473.642651979,0,0.3826004998439694,1.2275471607336732,0,0.0,1470295.5749990465,731788410159.7467,802984.6943765084,73178841015974.67,8521177.670072518,2.9322109185159206e-09,1,25,1,1.552381496342587e+16,1.5523814963425872e+16,0
507,245000000.0,0,1018835.8422876853,6069788.370276352,0,0.3755928800834342,0.7775001369025248,0,0.0,1428748.971326253,511955649630.394,572379.3851853497,51195564963039.4,8521177.670072518,2.9322109185159206e-09,1,25,1,1.55744056201377e+16,1.5574405620137696e+16,0
508,245000000.0,0,1018835.8422876853,6103980.272049428,0,0.3906179597587692,1.2956716784088105,0,0.0,1358824.9688979033,863403319996.6858,888649.075994191,86340331999668.58,8521177.670072518,2.9322109185159206e-09,1,25,1,1.5521641503827726e+16,1.5521641503827726e+16,0
509,245000000.0,0,1018835.8422876853,6111009.475593839,0,0.3648732046037332,0.7346925783261414,0,0.0,1365194.7466593224,559923864098.042,658043.7668030323,55992386409804.2,8521177.670072518,2.9322109185159206e-09,1,25,1,1.5587921211550598e+16,1.5587921211550598e+16,0
510,245000000.0,0,1018835.8422876853,6093393.032343528,0,0.36604567058096726,0.7924779114674523,0,0.0,2157284.2278860393,741498019011.5093,427438.4576118736,74149801901150.92,8521177.670072518,2.9322109185159206e-09,1,25,1,1.5523608480631836e+16,1.5523608480631836e+16,0
511,245000000.0,0,1018835.8422876853,6094163.396164766,0,0.3602672465251481,1.1844539110057635,0,0.0,2047560.913719737,816141044216.7119,743708.1484207149,81614104421671.19,8534799.216674255,4.3146428652107716e-09,1,25,1,1.5533686581812434e+16,1.5533686581812434e+16,0
512,245000000.0,0,1018835.8422876853,6101469.98531236,0,0.3545721612128183,0.7461515435435863,0,0.0,1656036.6715123206,536109877247.9521,513102.8392295562,53610987724795.21,8534799.216674255,4.387402441352606e-09,1,25,1,1.5556194988802342e+16,1.5556194988802342e+16,0
513,245000000.0,0,1018835.8422876853,6127057.348248488,0,0.3841124498940338,1.2477560122221372,0,0.0,1373194.4374063057,766764719288.1067,829372.5300383975,76676471928810.67,8534805.492112506,4.780304152518511e-09,1,25,1,1.552473094577409e+16,1.5524730945774092e+16,0
514,245000000.0,0,1018835.8422876853,6136844.471901275,0,0.3581956358877743,0.7049422986906105,0,0.0,1371202.1035306843,510181490531.24243,598767.2208472388,51018149053124.24,8534805.492112506,5.085894372314215e-09,1,25,1,1.5582318281711032e+16,1.5582318281711034e+16,0
515,245000000.0,0,1018835.8422876853,6110418.212165548,0,0.36043534942739675,0.7569966447774915,0,0.0,2084382.9976093827,683613027824.2725,390184.00446055015,68361302782427.25,8534805.492112506,4.780304152518511e-09,1,25,1,1.552437705458909e+16,1.5524377054589092e+16,0
516,245000000.0,0,1018835.8422876853,6110804.611612903,0,0.35413784239139934,1.1442836411497708,0,0.0,1974656.5457239556,730345702011.489,684431.6024649214,73034570201148.9,8534805.492112506,4.780304152518511e-09,1,25,1,1.554019178378649e+16,1.5540191783786488e+16,0
517,245000000.0,0,1018835.8422876853,6116302.56406704,0,0.3494357757902861,0.7146147863076477,0,0.0,1583132.3011578298,472336886769.9419,453826.29327376274,47233688676994.19,8534805.501547344,7.334165275096893e-09,1,25,1,1.5557712624101162e+16,1.5557712624101162e+16,0
518,245000000.0,0,1018835.8422876853,6139953.767435501,0,0.378220382344377,1.20825027711634,0,0.0,1327653.5325250942,684823824662.965,776963.8081579593,68482382466296.5,8507334.205245923,6.708432920277119e-09,1,25,1,1.5531229803925122e+16,1.5531229803925122e+16,0
519,245000000.0,0,1018835.8422876853,6147902.094481877,0,0.352468639770148,0.67672697395003,0,0.0,1325661.198649473,457718667073.68567,553226.3230421558,45771866707368.57,8507334.205245923,6.708432920277119e-09,1,25,1,1.5582344258525216e+16,1.5582344258525218e+16,0
520,245000000.0,0,1018835.8422876853,6141086.3705945285,0,0.3739753286074076,1.0274793378884954,0,0.0,1733209.9215209454,515571389541.2446,485738.8379263524,51557138954124.46,8507334.205245923,6.708432920277119e-09,1,25,1,1.5525442233819372e+16,1.5525442233819374e+16,0
521,245000000.0,0,1018835.8422876853,6137111.016350781,0,0.36398726927804265,1.232002258668298,0,0.0,1950007.8788471306,909209720524.3411,808876.352810549,90920972052434.11,8507334.205245923,6.708432920277119e-09,1,25,1,1.5527298820602718e+16,1.5527298820602716e+16,0
522,245000000.0,0,1018835.8422876853,6122263.504755873,0,0.33190210716146346,0.6507767334807792,0,0.0,2186010.3344225762,727391011874.6521,585138.8676947455,72739101187465.2,8507334.205245923,6.708432920277119e-09,1,25,1,1.5572035978292714e+16,1.5572035978292714e+16,0
523,245000000.0,0,1018835.8422876853,6129422.988215895,0,0.3579886127172687,1.0446053714871961,0,0.0,1740055.0129394636,476241799690.1328,517651.3825789421,47624179969013.28,8507334.205245923,6.708432920277119e-09,1,25,1,1.5525814994755868e+16,1.552581499475587e+16,0
524,245000000.0,0,1018835.8422876853,6165881.819607516,0,0.38451481373436763,1.0090379007451833,0,0.0,1460110.954358541,470930697242.7238,450163.8974631387,47093069724272.38,8507334.205245923,6.941263563930988e-09,1,25,1,1.5529251676295828e+16,1.5529251676295824e+16,0
525,245000000.0,0,1018835.8422876853,6186457.227799745,0,0.37668137251618866,1.205582870310588,0,0.0,1322439.796019589,679143732823.2888,773301.4123473353,67914373282328.88,8507334.205245923,6.708432920277119e-09,1,25,1,1.5535046462583734e+16,1.5535046462583734e+16,0
526,245000000.0,0,1018835.8422876853,6188318.733388621,0,0.34416852388943203,0.6370872909131641,0,0.0,1348607.569219812,464440778963.74426,549563.9272315318,46444077896374.43,8452780.636396712,4.73664840683341e-09,1,25,1,1.558238374328532e+16,1.5582383743285318e+16,0
527,245000000.0,0,1018835.8422876853,6196226.732624221,0,0.3869893602610243,1.2824223971026927,0,0.0,1350411.6035614568,837765114309.5315,872701.4421157284,83776511430953.16,8452780.636396712,4.73664840683341e-09,1,25,1,1.5524144156086308e+16,1.5524144156086308e+16,0
528,245000000.0,0,1018835.8422876853,6197653.943502441,0,0.3392285133874489,0.6116137853823729,0,0.0,1375911.3610767466,556039989008.0164,648963.956999925,55603998900801.63,8452780.636396712,4.73664840683341e-09,1,25,1,1.5588041628477774e+16,1.5588041628477772e+16,0
529,245000000.0,0,1018835.8422876853,6166824.1052381955,0,0.3420269523253393,0.6531731759590309,0,0.0,2193997.077273127,770926415528.73,425226.47188412154,77092641552873.0,8452780.636396712,4.73664840683341e-09,1,25,1,1.5521638792787538e+16,1.552163879278754e+16,0
530,245000000.0,0,1018835.8422876853,6158741.534830581,0,0.3567212191661115,1.1877288511718396,0,0.0,2123947.02659315,833404455175.7809,748363.9867683181,83340445517578.1,8452780.636396712,4.73664840683341e-09,1,25,1,1.5533943654872022e+16,1.5533943654872022e+16,0
531,245000000.0,0,1018835.8422876853,6163236.636241157,0,0.3344775334820352,0.6264240691578788,0,0.0,1759031.5507666967,596276869411.0388,524626.5016525147,59627686941103.88,8452780.636396712,4.73664840683341e-09,1,25,1,1.5549230635641988e+16,1.5549230635641988e+16,0
532,245000000.0,0,1018835.8422876853,6178892.607721939,0,0.3850611694798541,1.262238997929471,0,0.0,1401125.8012848685,800354393855.8304,847764.0165367112,80035439385583.05,8452780.636396712,4.73664840683341e-09,1,25,1,1.5523462787750918e+16,1.5523462787750918e+16,0
533,245000000.0,0,1018835.8422876853,6184772.924931516,0,0.3403072889524844,0.6044668047328716,0,0.0,1454623.1275918277,565475853806.6283,624026.5314209078,56547585380662.83,8393682.82214103,5.4060365073382854e-09,1,25,1,1.5582251795246944e+16,1.5582251795246946e+16,0
534,245000000.0,0,1018835.8422876853,6178144.610827055,0,0.36447339179918714,1.066262366309834,0,0.0,1891352.898077906,633879997440.7795,556539.0463051044,63387999744077.95,8442291.9578848,5.085894372314215e-09,1,25,1,1.5518952247278004e+16,1.5518952247278004e+16,0
535,245000000.0,0,1018835.8422876853,6170260.749531484,0,0.36871422755272903,1.288183830796456,0,0.0,2034312.1202860116,1036582895907.8514,879676.561189301,103658289590785.14,8416619.923134407,4.3146428652107716e-09,1,25,1,1.5519540715956824e+16,1.5519540715956822e+16,0
536,245000000.0,0,1018835.8422876853,6148278.819050351,0,0.3246407255974296,0.5911105904303979,0,0.0,2319793.4191653444,836202919864.5502,655939.0760734975,83620291986455.02,8431376.490648808,3.965396899729967e-09,1,25,1,1.5572084147357276e+16,1.5572084147357278e+16,0
537,245000000.0,0,1018835.8422876853,6154804.950356573,0,0.35446237219212645,1.0847172826441593,0,0.0,1905398.9462931913,582088002566.0371,588451.5909576941,58208800256603.71,8431376.490648808,3.965396899729967e-09,1,25,1,1.5521063935911206e+16,1.5521063935911204e+16,0
538,245000000.0,0,1018835.8422876853,6189295.407979898,0,0.3757532751574682,1.0464159266350688,0,0.0,1603667.6197676444,582026822954.5347,520964.1058418907,58202682295453.47,8431376.490648808,3.965396899729967e-09,1,25,1,1.5522713180455168e+16,1.5522713180455166e+16,0
539,245000000.0,0,1018835.8422876853,6209099.881327729,0,0.38378078714067426,1.2593281749368879,0,0.0,1395912.067138073,794155705583.1471,844101.6207260872,79415570558314.7,8431376.490648808,3.965396899729967e-09,1,25,1,1.5527279657776994e+16,1.5527279657776996e+16,0
540,245000000.0,0,1018835.8422876853,6211942.236057022,0,0.3370632069151999,0.585676404844429,0,0.0,1419277.8801521184,547300091592.70996,620364.1356102838,54730009159271.0,8450457.26034637,3.965396899729967e-09,1,25,1,1.5582269491964678e+16,1.5582269491964678e+16,0
541,245000000.0,0,1018835.8422876853,6180399.190209805,0,0.3394428303848301,0.6197707263702982,0,0.0,2135685.005477153,719028505492.0953,396626.6504944804,71902850549209.53,8527018.017904451,5.24596543982625e-09,1,25,1,1.5521890347160092e+16,1.5521890347160092e+16,0
542,245000000.0,0,1018835.8422876853,6173534.216437425,0,0.35328850984298593,1.1678928722013326,0,0.0,2043316.3490633585,793500528603.9237,719764.165378677,79350052860392.38,8505979.217219368,6.763002602383494e-09,1,25,1,1.553708340424483e+16,1.553708340424483e+16,0
543,245000000.0,0,1018835.8422876853,6184865.54311777,0,0.3300448516464865,0.5885530522555267,0,0.0,1662500.276190686,514730407032.9356,496026.68026287353,51473040703293.56,8505979.217219368,6.530171958729625e-09,1,25,1,1.555752189673189e+16,1.5557521896731892e+16,0
544,245000000.0,0,1018835.8422876853,6205304.330593691,0,0.38193466428198347,1.2398596491166438,0,0.0,1412818.8066431049,757355661191.5009,819164.1951470701,75735566119150.08,8505979.217219368,6.530171958729625e-09,1,25,1,1.5525894724768808e+16,1.5525894724768808e+16,0
545,245000000.0,0,1018835.8422876853,6213510.485631052,0,0.3340550202280735,0.5603294197439848,0,0.0,1377102.7430948357,511947068598.9276,595426.7100312667,51194706859892.76,8505963.750756603,4.489265847951174e-09,1,25,1,1.558105487521789e+16,1.5581054875217888e+16,0
546,245000000.0,0,1018835.8422876853,6193951.588615872,0,0.3350905011056848,0.5914580974146407,0,0.0,2061126.939033216,655597242585.7863,375710.4342350054,65559724258578.625,8578368.159898616,4.5183696784079075e-09,1,25,1,1.5526102824322928e+16,1.5526102824322926e+16,0
547,245000000.0,0,1018835.8422876853,6194800.297639137,0,0.3506969782111821,1.1511299784080102,0,0.0,1927296.3778771437,736467963007.3297,694826.7397996598,73646796300732.97,8578368.159898616,4.5183696784079075e-09,1,25,1,1.5538287880527254e+16,1.5538287880527254e+16,0
548,245000000.0,0,1018835.8422876853,6181449.196234915,0,0.321489703115713,0.5629619036313368,0,0.0,2082494.5131372581,636554112882.092,471089.2546838564,63655411288209.2,8578368.159898616,4.5183696784079075e-09,1,25,1,1.5562355282056448e+16,1.5562355282056448e+16,0
549,245000000.0,0,1018835.8422876853,6193855.119178556,0,0.3455407533192051,0.9858781675392515,0,0.0,1654283.3275623803,380529564589.092,403601.76956805296,38052956458909.195,8562208.005540352,6.060872692614794e-09,1,25,1,1.5529222998414448e+16,1.5529222998414444e+16,0
550,245000000.0,0,1018835.8422876853,6216113.45032545,0,0.3511221387802404,1.1726692666118266,0,0.0,1739002.0710708357,758612130089.1982,726739.2844522495,75861213008919.83,8562208.005540352,6.293703336268663e-09,1,25,1,1.5532166879363376e+16,1.5532166879363376e+16,0
551,245000000.0,0,1018835.8422876853,6229689.082478323,0,0.32191758286436206,0.5416828159910708,0,0.0,1546942.7674110923,465815978840.2942,503001.7993364461,46581597884029.42,8562208.005540352,6.060872692614794e-09,1,25,1,1.557223985047649e+16,1.5572239850476492e+16,0
552,245000000.0,0,1018835.8422876853,6260231.404460361,0,0.38131036042062644,1.2452441900226205,0,0.0,1426211.1654497536,767867491104.5986,826139.3142206427,76786749110459.86,8562206.541434826,5.900801625102758e-09,1,25,1,1.5525662313155574e+16,1.5525662313155576e+16,0
553,245000000.0,0,1018835.8422876853,6266273.530900366,0,0.32387706973058333,0.5176837965617799,0,0.0,1371316.131406677,513426050736.81006,602401.8291048392,51342605073681.01,8562262.91684016,6.933987606316805e-09,1,25,1,1.5580536782048806e+16,1.5580536782048804e+16,0
554,245000000.0,0,1018835.8422876853,6231134.72251833,0,0.3159259094874197,0.5441426233375469,0,0.0,2492132.0766870743,767249210535.4222,378664.3439890358,76724921053542.22,8562262.91684016,7.399648893624544e-09,1,25,1,1.552221866546581e+16,1.5522218665465812e+16,0
555,245000000.0,0,1018835.8422876853,6227805.215221745,0,0.33526601823453583,1.155769972221015,0,0.0,2425273.9917905703,874555137219.4913,701801.8588732324,87455513721949.14,8562262.91684016,7.457856554538012e-09,1,25,1,1.553474106383935e+16,1.5534741063839348e+16,0
556,245000000.0,0,1018835.8422876853,6238458.326807871,0,0.3090726042953723,0.5199300189643252,0,0.0,1843783.8394115518,550561669453.4113,478064.37375742896,55056166945341.125,8550018.516249103,6.410118658095598e-09,1,25,1,1.5547735874605658e+16,1.5547735874605656e+16,0
557,245000000.0,0,1018835.8422876853,6283018.612891204,0,0.378362975678173,1.2262053988918478,0,0.0,1500348.7576939338,737494356686.033,801201.8886416255,73749435668603.3,8550018.516249103,6.410118658095598e-09,1,25,1,1.5526266926357064e+16,1.5526266926357062e+16,0
558,245000000.0,0,1018835.8422876853,6303985.870138581,0,0.3176365609606946,0.4977803857118071,0,0.0,1445452.9915980943,525556790500.018,577464.4035258221,52555679050001.8,8550018.516249103,6.235495675355196e-09,1,25,1,1.5573062157008034e+16,1.5573062157008032e+16,0
559,245000000.0,0,1018835.8422876853,6280249.899331828,0,0.30814238592081,0.5221958189659226,0,0.0,2502110.127392114,750989934583.5625,375710.4342350054,75098993458356.25,8550018.516249103,6.846676114946604e-09,1,25,1,1.552226345574482e+16,1.552226345574482e+16,0
560,245000000.0,0,1018835.8422876853,6276441.026695468,0,0.3329536091713106,1.1393508286349066,0,0.0,2443595.231170193,855048163284.126,676864.4332942152,85504816328412.6,8541675.327574521,7.672497304156423e-09,1,25,1,1.5534989297360616e+16,1.5534989297360616e+16,0
561,245000000.0,0,1018835.8422876853,6263864.3739876095,0,0.3005972382101998,0.5000384305131939,0,0.0,2406453.03256156,700978085876.6261,453126.9481784118,70097808587662.61,8535863.879883425,6.81757228448987e-09,1,25,1,1.5547055312188452e+16,1.5547055312188452e+16,0
562,245000000.0,0,1018835.8422876853,6295945.910289915,0,0.3556150524240294,1.2077400166784216,0,0.0,2202960.8324656305,910335364792.1943,776264.4630626084,91033536479219.44,8535863.879883425,7.021299097687006e-09,1,25,1,1.5519354638013708e+16,1.5519354638013708e+16,0
563,245000000.0,0,1018835.8422876853,6322662.243625111,0,0.3034830528344429,0.47985204187139735,0,0.0,1657800.2287820764,551893868677.3866,552526.977946805,55189386867738.66,8535863.879883425,6.613845471292734e-09,1,25,1,1.5561201317055322e+16,1.5561201317055324e+16,0
564,245000000.0,0,1018835.8422876853,6358567.797152619,0,0.33217476878998026,1.1676544487950402,0,0.0,1304523.6069818898,606178656056.7687,719414.4928310015,60617865605676.87,8535863.879883425,6.613845471292734e-09,1,25,1,1.5521695160445258e+16,1.5521695160445256e+16,0
565,245000000.0,0,1018835.8422876853,6393703.966037285,0,0.30912482280319875,0.4784734480684691,0,0.0,1278974.5087378884,397245350211.952,482136.7513906425,39724535021195.2,8590024.905181646,6.642949301749468e-09,1,25,1,1.558044421466791e+16,1.558044421466791e+16,0
566,245000000.0,0,1018835.8422876853,6439630.869789354,0,0.3738605456743532,1.2191286230251124,0,0.0,1299144.058290239,702531501540.1924,791734.0099502834,70253150154019.234,8590024.905181646,7.1668182499706745e-09,1,25,1,1.5531555039194268e+16,1.5531555039194268e+16,0
567,245000000.0,0,1018835.8422876853,6456555.323689385,0,0.30198050925802594,0.4599584224195962,0,0.0,1287135.216370793,442668951122.6933,554456.2685099244,44266895112269.33,8590024.905181646,7.1668182499706745e-09,1,25,1,1.5585486980860496e+16,1.5585486980860494e+16,0
568,245000000.0,0,1018835.8422876853,6466668.392036904,0,0.33250375368548746,1.0210220929465068,0,0.0,1683362.225625348,489000570416.46497,473428.5270695654,48900057041646.5,8590024.905181646,7.1668182499706745e-09,1,25,1,1.5526529256280352e+16,1.5526529256280352e+16,0
569,245000000.0,0,1018835.8422876853,6465446.2942739865,0,0.35341769557982045,1.2126913870004163,0,0.0,1888107.7322967255,851262367170.342,783025.7856292063,85126236717034.2,8604455.414785016,4.598405212163925e-09,1,25,1,1.5528688103333086e+16,1.5528688103333086e+16,0
570,245000000.0,0,1018835.8422876853,6453893.175371515,0,0.2884059601887302,0.44617685077931896,0,0.0,2066645.9676592257,662042258039.72,545748.0441888473,66204225803972.0,8604455.414785016,4.0745362639427185e-09,1,25,1,1.5572606903030802e+16,1.5572606903030802e+16,0
571,245000000.0,0,1018835.8422876853,6467663.267882863,0,0.32121280844228745,1.0165030813988924,0,0.0,1643069.1553404378,413972126475.02454,464720.30274848826,41397212647502.45,8604455.414785016,4.0745362639427185e-09,1,25,1,1.5529347994871428e+16,1.5529347994871426e+16,0
572,245000000.0,0,1018835.8422876853,6514246.790213853,0,0.33825710707958795,0.9762967648479088,0,0.0,1375544.75681203,408716009130.8162,383692.5613081292,40871600913081.625,8604455.414785016,5.005858838558197e-09,1,25,1,1.5532123971162164e+16,1.5532123971162164e+16,0
573,245000000.0,0,1018835.8422876853,6530927.151840145,0,0.36294154753456276,1.150112591909903,0,0.0,1260804.8623112587,563688495483.8529,693289.8198677702,56368849548385.29,8561901.233574575,2.6193447411060333e-09,1,25,1,1.5542354623362068e+16,1.554235462336207e+16,0
574,245000000.0,0,1018835.8422876853,6534970.143962176,0,0.2952102847721362,0.4384418507198881,0,0.0,1270965.4869610376,380128318231.78613,456012.07842741115,38012831823178.61,8561901.233574575,3.14321368932724e-09,1,25,1,1.5580505561282118e+16,1.5580505561282118e+16,0
575,245000000.0,0,1018835.8422876853,6540233.793679117,0,0.3700722856830383,1.20001872292279,0,0.0,1268965.5699441633,660598754416.5421,765609.3369870521,66059875441654.21,8561901.233574575,3.14321368932724e-09,1,25,1,1.5534423311902876e+16,1.5534423311902874e+16,0
576,245000000.0,0,1018835.8422876853,6538768.253392368,0,0.2926643663857498,0.42483611389047804,0,0.0,1279126.1945939423,421773271675.3273,528331.5955466931,42177327167532.73,8561901.233574575,3.14321368932724e-09,1,25,1,1.5585532909542424e+16,1.5585532909542424e+16,0
577,245000000.0,0,1018835.8422876853,6547651.7861685995,0,0.3780701301326843,1.2544524076289085,0,0.0,1306369.6107793883,775346771594.6,837928.854106334,77534677159460.0,8561901.233574575,3.14321368932724e-09,1,25,1,1.5526490584113466e+16,1.5526490584113466e+16,0
578,245000000.0,0,1018835.8422876853,6546231.574720893,0,0.29033234965912225,0.4120493885092863,0,0.0,1316513.5755798346,490797504352.72363,600651.112665975,49079750435272.36,8561967.872971905,3.14321368932724e-09,1,25,1,1.5588274680648902e+16,1.5588274680648902e+16,0
579,245000000.0,0,1018835.8422876853,6521166.525606606,0,0.29207298637818013,0.4297937984938728,0,0.0,2078271.7115808306,684023353487.4048,400785.62464977894,68402335348740.48,8561967.87586789,3.6088749766349792e-09,1,25,1,1.5523903122641204e+16,1.5523903122641202e+16,0
580,245000000.0,0,1018835.8422876853,6510247.566381366,0,0.34383838128804467,1.134075074197583,0,0.0,1925755.3957390971,691881382543.1976,668698.3220697762,69188138254319.766,8579057.100937843,3.2887328416109085e-09,1,25,1,1.5540758275802898e+16,1.5540758275802898e+16,0
581,245000000.0,0,1018835.8422876853,6513613.829421603,0,0.28702228668856733,0.42022038413760643,0,0.0,1532542.4639287794,456813055073.1559,427739.3310139537,45681305507315.586,8657917.068408147,5.24596543982625e-09,1,25,1,1.5555544367671178e+16,1.5555544367671176e+16,0
582,245000000.0,0,1018835.8422876853,6523131.755229347,0,0.368465888328634,1.1774439464861453,0,0.0,1242637.3115936876,609447341150.6997,733655.3399581312,60944734115069.97,8633385.20466554,5.362380761653185e-09,1,25,1,1.5535387081664888e+16,1.5535387081664886e+16,0
583,245000000.0,0,1018835.8422876853,6529580.820710386,0,0.29131303879846215,0.42237822546372517,0,0.0,1252797.9362434666,388556942081.2194,492696.3489023087,38855694208121.945,8633385.20466554,5.362380761653185e-09,1,25,1,1.5583711608116062e+16,1.5583711608116058e+16,0
584,245000000.0,0,1018835.8422876853,6542190.420772924,0,0.37471936622753765,1.224261701856677,0,0.0,1249183.88047443,705567450992.3335,798612.3578464861,70556745099233.34,8633378.169755016,3.1723175197839737e-09,1,25,1,1.5530398017080708e+16,1.5530398017080708e+16,0
585,245000000.0,0,1018835.8422876853,6544206.909611135,0,0.2886632675147195,0.42185774740109244,0,0.0,1248094.1726285054,424259616017.3365,546407.2870401016,42425961601733.65,8716161.189901596,4.234607331454754e-09,1,25,1,1.5588289507197418e+16,1.5588289507197416e+16,0
586,245000000.0,0,1018835.8422876853,6540841.205052576,0,0.32233924950313736,1.0091846990559836,0,0.0,1669660.3494512746,479558455997.87317,450452.2162337171,47955845599787.32,8716161.189901596,4.234607331454754e-09,1,25,1,1.5524946429736302e+16,1.55249464297363e+16,0
587,245000000.0,0,1018835.8422876853,6532994.246449478,0,0.351588498417832,1.1854466124658762,0,0.0,1812490.2098143708,775804195852.3779,745122.1454273326,77580419585237.8,8716161.189901596,4.234607331454754e-09,1,25,1,1.5531206380060492e+16,1.5531206380060492e+16,0
588,245000000.0,0,1018835.8422876853,6515657.930629636,0,0.28121222026210463,0.4177030992906174,0,0.0,1976703.8345509544,599645178992.9714,492917.0746209481,59964517899297.14,8716161.189901596,4.234607331454754e-09,1,25,1,1.557185369377166e+16,1.557185369377166e+16,0
589,245000000.0,0,1018835.8422876853,6524802.116836782,0,0.31381754690239255,0.9826619150451524,0,0.0,1544148.1310440714,368637412046.28577,396962.0038145636,36863741204628.58,8697669.086678162,1.7025740817189217e-09,1,25,1,1.5530356691795194e+16,1.5530356691795196e+16,0
590,245000000.0,0,1018835.8422876853,6538802.0695316605,0,0.34312608098316355,1.1490171439254562,0,0.0,1645368.767479787,690173898883.7587,691631.9330081791,69017389888375.87,8697669.086678162,1.7025740817189217e-09,1,25,1,1.553494604993007e+16,1.5534946049930072e+16,0
591,245000000.0,0,1018835.8422876853,6535251.699353668,0,0.2816803935905423,0.41767124134163286,0,0.0,1520444.4784690929,421900413109.2315,439426.8622017946,42190041310923.15,8697669.086678162,1.7025740817189217e-09,1,25,1,1.5571610036255672e+16,1.5571610036255672e+16,0
592,245000000.0,0,1018835.8422876853,6556992.302905697,0,0.36801576853944296,1.1777500344880156,0,0.0,1321868.2107368265,615100291727.3181,734096.7913954101,61510029172731.81,8697669.086678162,1.7025740817189217e-09,1,25,1,1.5532233220571714e+16,1.5532233220571716e+16,0
593,245000000.0,0,1018835.8422876853,6560356.226779261,0,0.28496991906781155,0.4222424418176867,0,0.0,1285707.0804159553,395597275423.43225,481891.7205890256,39559727542343.23,8697669.086678162,1.7025740817189217e-09,1,25,1,1.5578916478606354e+16,1.5578916478606354e+16,0
594,245000000.0,0,1018835.8422876853,6584058.562924435,0,0.37194857461781017,1.2079567991992148,0,0.0,1233338.321585724,667898456756.0508,776561.6497826411,66789845675605.08,8697669.086678162,1.7025740817189217e-09,1,25,1,1.5531197313057896e+16,1.5531197313057896e+16,0
595,245000000.0,0,1018835.8422876853,6587423.354194817,0,0.282862098484586,0.4269148084604081,0,0.0,1243494.693490361,406467478110.9978,524356.5789762565,40646747811099.78,8697669.086678162,1.7025740817189217e-09,1,25,1,1.5586961161045834e+16,1.5586961161045832e+16,0
596,245000000.0,0,1018835.8422876853,6606949.477671832,0,0.37608396235075153,1.2397538283620462,0,0.0,1258632.420352821,735430579155.988,819026.508169872,73543057915598.8,8696547.209455894,3.448803909122944e-09,1,25,1,1.5526934696797264e+16,1.5526934696797264e+16,0
597,245000000.0,0,1018835.8422876853,6609626.6689379355,0,0.28127496126158974,0.431691737241759,0,0.0,1268788.7922574582,447065477160.78076,566821.4373634874,44706547716078.08,8672605.837989742,3.5070115700364113e-09,1,25,1,1.5588335016911916e+16,1.5588335016911916e+16,0
598,245000000.0,0,1018835.8422876853,6605041.315141275,0,0.31714517819461124,1.0196883291461494,0,0.0,1692853.4197008163,499127447410.6483,470866.36655710294,49912744741064.83,8672605.837989742,3.5070115700364113e-09,1,25,1,1.5524343823613616e+16,1.552434382361362e+16,0
599,245000000.0,0,1018835.8422876853,6594714.013190747,0,0.35328913499915204,1.2023554209079916,0,0.0,1842307.373633127,814097059741.7126,768848.3425353258,81409705974171.27,8659357.650851313,3.2014213502407074e-09,1,25,1,1.552897012785812e+16,1.5528970127858116e+16,0
