t,secure_bps,violations,k_min,k_mean,q_total,aos_mean,aos_max,rekey,q_sumsq,z_l1,z_sumsq,z_max,lyapunov,key_inflow,key_overflow,cg_iters,cg_columns,cg_converged,obj_lp,obj_greedy,key_blocked_edges
0,245000000.0,0,2109375.0,2425130.2083333335,0,0.8811589100178921,0.9476988686844755,0,0.0,762500.0,145351562500.0,190625.0,14535156250000.0,7200000.0,0.0,0,0,1,0.0,0.0,0
1,245000000.0,0,1796875.0,2350260.4166666665,0,1.9315194519902665,2.1124243899047483,0,0.0,918750.0,229335937500.0,346875.0,22933593750000.0,7200000.0,0.0,0,0,1,0.0,0.0,0
2,245000000.0,0,1640625.0,2275390.625,0,3.0512916738522198,3.218305033122668,0,0.0,1065625.0,237236328125.0,303125.0,23723632812500.0,7200000.0,0.0,0,0,1,0.0,0.0,0
3,245000000.0,0,1160095.3703703706,2202363.7602880658,0,4.1463299723175515,4.722511389707835,0,0.0,1221875.0,531513671875.0,650000.0,53151367187500.0,7200000.0,0.0,0,0,1,0.0,0.0,0
4,245000000.0,0,1203845.3703703706,2135091.300581304,0,3.9562761008246086,5.659964049482299,0,0.0,1331998.0247217158,499554288268.582,606250.0,49955428826858.195,7273503.950556569,4.0745362639427185e-10,0,0,1,0.0,0.0,0
5,245000000.0,0,1137500.0,2101152.1742078755,0,4.7228622964358,6.756697408871322,0,0.0,2013996.0494434317,844467153074.3279,562500.0,84446715307432.78,7273503.950556569,4.0745362639427185e-10,0,0,1,0.0,0.0,0
6,245000000.0,0,900720.3703703706,2072768.603390002,0,6.385827585024354,8.217982498475136,0,0.0,2095994.0741651475,1033493223975.7162,909375.0,103349322397571.62,7273503.950556569,4.0745362639427185e-10,0,0,1,0.0,0.0,0
7,245000000.0,0,944470.3703703706,2061051.6992387958,0,6.121160606067272,9.115349208898568,0,0.0,2206117.0988868633,1203939238166.9495,865625.0,120393923816694.95,7273503.950556569,4.0745362639427185e-10,0,0,1,0.0,0.0,0
8,245000000.0,0,597595.3703703706,2055416.3215146412,0,8.209866297995612,11.34115514251728,0,0.0,2275391.0063352333,1649095591435.9646,1212500.0,164909559143596.47,7298952.18510326,0.0,0,0,1,0.0,0.0,0
9,245000000.0,0,641345.3703703706,2055517.4238786204,0,7.527384723349118,12.11358981048905,0,0.0,2372789.913783604,1743528681998.9011,1168750.0,174352868199890.12,7298952.18510326,0.0,0,0,1,0.0,0.0,0
10,245000000.0,0,685095.3703703706,2066559.2897023063,0,6.578105823167725,12.915046633998351,0,0.0,3042057.3243066506,2206221870418.9688,1125000.0,220622187041896.88,7298978.172804552,2.963362888408483e-10,0,0,1,0.0,0.0,0
11,245000000.0,0,338220.37037037057,2077772.2250579884,0,9.041401828533887,16.89587234344548,0,0.0,3111318.2379043745,2590095042185.1865,1471875.0,259009504218518.66,7298978.172804552,3.1397284772083367e-10,0,0,1,0.0,0.0,0
12,245000000.0,0,381970.37037037057,2088985.1604136704,0,7.702804120536726,17.222336125026594,0,0.0,3208717.1453527445,2871049814854.535,1428125.0,287104981485453.5,7298978.172804552,2.963362888408483e-10,0,0,1,0.0,0.0,0
13,245000000.0,0,425720.37037037057,2100727.6233045403,0,6.099469892743531,17.686910067743206,0,0.0,3877984.5558757917,3520264441830.735,1384375.0,352026444183073.5,7318041.164071309,3.1397284772083367e-10,0,0,1,0.0,0.0,0
14,245000000.0,0,78845.37037037057,2112470.08619541,0,10.326504037877678,39.04841533983503,0,0.0,3947245.4694735156,3842864339989.6934,1731250.0,384286433998969.3,7318041.164071309,2.703171020357331e-10,0,0,1,0.0,0.0,0
15,245000000.0,0,278845.37037037057,2106851.437975168,0,6.9939886591481235,17.51651462724127,0,0.0,4200894.376921886,4139733788238.244,1531250.0,413973378823824.44,7318041.164071309,1.9755752589389886e-10,0,0,1,0.0,0.0,0
16,245000000.0,0,322595.37037037057,2118593.900866038,0,7.407664368440326,22.18055813873636,0,0.0,4870161.787444933,5092821074848.191,1487500.0,509282107484819.1,7318041.164071309,1.7153833908878369e-10,0,0,1,0.0,0.0,0
17,238784414.81481487,1,0.0,2133034.100382422,6215585,19.748996703625128,137.0,1,38633499194292.92,4842304.182524139,4990800582530.6045,1810095.3703703706,518396807850206.9,7318041.164071309,7.275957614183426e-11,0,0,1,0.0,0.0,0
18,251215585.18518513,0,200000.0,2124717.7155366666,0,8.388174503888685,21.39431577822546,0,0.0,5265910.497379916,5934748325552.322,1610095.3703703706,593474832555232.2,7318041.164071309,1.7153833908878369e-10,0,0,1,0.0,0.0,0
19,245000000.0,0,243750.0,2147310.872871981,0,10.205899719521343,27.171603677221654,0,0.0,4944546.410977639,4534668674199.658,1566345.3703703706,453466867419965.8,7318041.164071309,7.275957614183426e-11,0,0,1,0.0,0.0,0
20,245000000.0,0,287500.0,2159053.33576285,0,8.790386430094841,26.932409012131714,0,0.0,5041945.318426009,5421569297736.76,1522595.3703703706,542156929773676.0,7318041.164071309,1.7153833908878369e-10,0,0,1,0.0,0.0,0
21,229800000.0,1,0.0,2177393.0208759424,15200000,21.718811220302342,141.0,1,231040000000000.0,4873706.232023734,5121683941660.798,1810095.3703703706,627688394166079.8,7318041.164071309,7.275957614183426e-11,0,0,1,0.0,0.0,0
22,260200000.0,0,200000.0,2165177.150433479,0,9.994817042145078,25.64567422187641,0,0.0,5542980.139472104,6459889248451.718,1610095.3703703706,645988924845171.8,7318041.164071309,1.7153833908878369e-10,0,0,1,0.0,0.0,0
23,245000000.0,0,243750.0,2155218.2244354594,0,8.96783313736014,31.171603677221654,0,0.0,6383959.557436449,7199981208642.894,1566345.3703703706,719998120864289.4,7318041.164071309,7.275957614183426e-11,0,0,1,0.0,0.0,0
24,218600000.0,1,0.0,2178419.0206596623,26400000,23.24587711521947,144.0,1,696960000000000.0,5669001.966667552,6374215823508.798,1810095.3703703706,985901582350879.8,7318041.164071309,2.1519408477388424e-10,0,0,1,0.0,0.0,0
25,271400000.0,0,157009.1538916073,2161988.142407164,0,12.57690494662083,32.569439090545906,0,0.0,6532012.82395371,8631418648055.888,1610095.3703703706,863141864805588.8,7341300.882910054,4.77281325572676e-10,0,0,1,0.0,0.0,0
26,207400000.0,1,0.0,2196251.7085991097,37600000,24.31483428956164,146.0,1,1413760000000000.0,6013773.681239868,7436765305007.453,1810095.3703703706,1450556530500745.2,7341300.882910054,6.35768770962386e-10,0,0,1,0.0,0.0,0
27,282600000.0,0,201151.0990034418,2203039.0080136606,0,9.91872161356759,28.271556862433442,0,0.0,5931883.439522584,5671367371617.854,1608944.2713669287,567136737161785.4,7345905.278923821,9.304450543368148e-10,0,0,1,0.0,0.0,0
28,245000000.0,0,246052.1980068836,2224394.197568438,0,7.0561498275802235,32.223014254628204,0,0.0,5999968.316685442,6414009159258.327,1564043.1723634868,641400915925832.8,7345955.041163537,8.917755422999107e-10,0,0,1,0.0,0.0,0
29,219484044.0346433,1,0.0,2250848.8145922897,25515956,16.022583657178284,120.0,1,651064008826021.8,5530715.28288616,5861213500806.584,1810095.3703703703,911653354493669.2,7345955.041163537,1.086642775760538e-09,0,0,1,0.0,0.0,0
30,270515955.9653567,0,201151.0990034418,2234305.579104633,0,9.91044350507433,35.21786317095014,0,0.0,6263934.774000833,7716266257006.807,1608944.2713669285,771626625700680.6,7345955.041163537,8.826805952821815e-10,0,0,1,0.0,0.0,0
31,207989362.6897622,1,0.0,2266615.498976,37010637,16.43172244657926,120.0,1,1369787274109966.0,5752577.344187784,6712524552675.434,1810095.3703703703,1356146092322526.5,7345955.041163537,1.1869225602367806e-09,0,0,1,0.0,0.0,0
32,282010637.31023777,0,44901.09900344181,2262192.462186137,0,12.382838960941415,43.5719414877198,1,0.0,6639481.534784743,9212940866641.26,1765194.2713669285,921294086664126.0,7345955.041163537,1.0775478287428086e-09,0,0,1,0.0,0.0,0
33,245000000.0,0,89802.19800688361,2283478.8180873417,0,11.99162902263686,34.204547165549954,0,0.0,6516947.879446962,7910202109282.459,1720293.1723634866,791020210928245.9,7345955.27149052,4.911271389573812e-10,0,0,1,0.0,0.0,0
34,245000000.0,0,134703.29701032542,2304643.983041676,0,11.896029342132733,41.76771833348105,0,0.0,6013157.641446328,6893666368859.315,1675392.0733600447,689366636885931.5,7345955.27149052,7.020535264246064e-10,0,0,1,0.0,0.0,0
35,245000000.0,0,179604.39601376723,2293139.913414037,0,12.340485180545883,36.50474936518386,0,0.0,6481255.568771399,7344965526241.579,1630490.9743566029,734496552624157.9,7345955.27149052,4.984030965715647e-10,0,0,1,0.0,0.0,0
36,202473406.72440553,1,0.0,2330801.441742942,42526593,17.282912991854314,120.0,1,1808511135627838.2,5502461.211836159,6264131037397.006,1810095.37037037,1530668671553619.8,7345955.27149052,5.365254907019334e-10,0,0,1,0.0,0.0,0
37,287526593.2755945,0,178001.10483509384,2316095.446810946,0,12.370264325055281,43.65045373820666,0,2.220446049250313e-16,6743427.268061417,9155713613500.785,1608944.2713669282,915571361350078.5,7346931.811921778,4.43833414465189e-10,0,0,1,0.0,0.0,0
38,207989362.6897622,1,0.0,2355457.138195083,37010637,17.532266869326882,120.0,1,1369787274109967.0,6232069.723084876,7851642289613.154,1810095.37037037,1470057866016299.0,7346931.811921778,1.2659402415238219e-09,0,0,1,0.0,0.0,0
39,282010637.3102378,0,44901.09900344181,2329020.970814143,0,13.151543822891187,51.08214225073395,1,0.0,7821107.936058593,10045555975625.32,1765194.2713669282,1004555597562532.0,7346931.811921778,1.4096404044039446e-09,0,0,1,0.0,0.0,0
40,245000000.0,0,89802.19800688361,2355121.946439581,0,13.834380473893782,41.27918132395267,0,0.0,7076918.129101146,8330045450558.927,1720293.1723634864,833004545055892.6,7346931.811921778,1.6733938679180937e-09,0,0,1,0.0,0.0,0
41,245000000.0,0,134703.29701032542,2344367.7100685686,0,15.629991014979831,42.286622585321616,0,0.0,7327307.755679315,9116132384054.576,1675392.0733600445,911613238405457.6,7346931.811921778,1.7606289759442006e-09,0,0,1,0.0,0.0,0
42,245000000.0,0,179604.39601376723,2375420.25634229,0,9.679810263404953,47.33463415312029,0,0.0,6623517.517678682,7686865633364.432,1630490.9743566026,768686563336443.1,7346931.812392233,2.0314410023125704e-09,0,0,1,0.0,0.0,0
43,202473406.72440553,1,0.0,2412975.0821051933,42526593,14.830392478101603,120.0,1,1808511135627838.2,5835348.160743442,6584101895524.505,1810095.3703703699,1562665757366369.5,7346931.812392233,1.9514054685565527e-09,0,0,1,0.0,0.0,0
44,287526593.2755945,0,112437.20570939325,2398987.2103332845,0,6.739050327524281,53.16741309379813,0,2.220446049250313e-16,6900806.546660205,9576670830878.549,1608944.271366928,957667083087854.9,7346931.812392233,1.7877728055815199e-09,0,0,1,0.0,0.0,0
45,207989362.6897622,1,0.0,2437848.9717904213,37010637,14.918971045061811,120.0,1,1369787274109967.0,6389449.0016836645,8205980046181.055,1810095.3703703699,1505491641673089.0,7346931.812392233,1.8568180195721682e-09,0,0,1,0.0,0.0,0
46,282010637.3102378,0,26740.377387764398,2384005.4569804166,0,15.248946603044747,72.09707251070604,3,0.0,8510065.51143248,9695671813200.541,1765194.271366928,969567181320054.1,7346931.812392233,1.8582519923586015e-09,0,0,1,0.0,0.0,0
47,245000000.0,0,89802.19800688361,2421238.0983113092,0,11.732037473776082,51.67793522944844,0,0.0,7365875.704239806,8433974151062.436,1720293.1723634861,843397415106243.5,7346931.812392233,1.7968677525992491e-09,0,0,1,0.0,0.0,0
48,245000000.0,0,134703.29701032542,2456094.884119285,0,10.71321230359811,49.537995073063996,0,0.0,6355218.396650788,6663889409184.629,1675392.0733600443,666388940918462.9,7346931.812392233,1.824152593652437e-09,0,0,1,0.0,0.0,0
49,245000000.0,0,179604.39601376723,2485539.856829855,0,7.064871714472627,53.57755932615143,0,0.0,6432678.158650155,7697765165407.927,1630490.9743566024,769776516540792.6,7346931.812392233,1.750931617549396e-09,0,0,1,0.0,0.0,0
50,202473406.72440553,1,0.0,2526247.675432551,42526593,15.393307623996018,120.0,1,1808511135627838.2,5835133.801714916,6621663888456.083,1810095.3703703696,1566421956659527.5,7346931.812392233,1.867346939376331e-09,0,0,1,0.0,0.0,0
51,287526593.2755945,0,46873.30658369267,2480019.1843150705,0,8.646309986717808,51.88786845316353,2,2.220446049250313e-16,7926581.197362033,9425053898906.559,1608944.2713669278,942505389890655.9,7346931.812392233,1.7054568824607496e-09,0,0,1,0.0,0.0,0
52,207989362.6897622,1,0.0,2518092.6824777722,37010637,15.498815870896019,120.0,1,1369787274109967.0,7015223.652150265,7987954559510.421,1810095.3703703696,1483689093006025.5,7346931.812392233,1.723570393152114e-09,0,0,1,0.0,0.0,0
53,272071815.74532616,1,0.0,2497419.509863675,9938822,20.915135455363934,120.0,3,98780174099152.83,7832244.172243722,9296409952695.092,1765194.2713669278,979031082319085.5,7347450.32287525,1.7861176938242362e-09,0,0,1,0.0,0.0,0
54,254938821.56491166,0,89802.19800688361,2530909.4569151346,0,8.015716966515884,55.18982003428718,0,0.0,6978276.665998675,8308598271956.492,1720293.172363486,830859827195649.2,7347450.32287525,1.751556895156865e-09,0,0,1,0.0,0.0,0
55,245000000.0,0,58875.97367148771,2509650.315184225,0,5.649213475972918,33.40237957503776,0,0.0,7786952.603564492,8725030809151.849,1675392.073360044,872503080915184.9,7347450.32287525,1.7054568824607496e-09,0,0,1,0.0,0.0,0
56,190978725.3795244,1,0.0,2554686.727815021,54021275,11.404330471601389,120.0,1,2918298111620840.0,6198743.20790413,7221269164193.742,1810095.3703703694,2181275972229794.2,7347450.32287525,1.7661088103852318e-09,0,0,1,0.0,0.0,0
57,275144498.5198017,1,0.0,2565915.5242976877,23876776,24.4514549409928,120.0,3,570100436961712.2,6850176.219350783,9307814196728.387,1765194.2713669275,1215831638153694.8,7347450.32287525,1.902533015651171e-09,0,0,1,0.0,0.0,0
58,268876776.1006739,0,89802.19800688361,2590342.891392975,0,7.929027913700661,59.86227396395945,0,0.0,6807182.696038414,7678411718276.788,1720293.1723634857,767841171827678.8,7347450.32287525,1.751556895156865e-09,0,0,1,0.0,0.0,0
59,245000000.0,0,58875.97367148771,2617133.180046066,0,7.604640788819926,33.40237957503776,0,0.0,6875008.202796272,8686067305536.417,1675392.0733600438,868606730553641.8,7347450.32287525,1.749737905753319e-09,0,0,1,0.0,0.0,0
60,190978725.3795244,1,0.0,2667259.6857887236,54021275,11.39057974211177,120.0,1,2918298111620840.0,6035253.240952174,7306742230680.81,1810095.3703703692,2189823278878501.0,7347450.32287525,1.7661088103852318e-09,0,0,1,0.0,0.0,0
61,275144498.5198017,1,0.0,2647717.0666373596,23876776,20.90179068966534,120.0,3,570100436961712.2,7403307.167822422,9341499411602.645,1765194.2713669273,1219200159641120.5,7347450.32287525,1.7861176938242362e-09,0,0,1,0.0,0.0,0
62,268876776.1006739,0,89802.19800688361,2666153.9293824825,0,8.25697347627572,63.4387845546662,0,0.0,6960313.644274825,7810183788033.112,1720293.1723634854,781018378803311.2,7347450.32287525,1.8679722169837997e-09,0,0,1,0.0,0.0,0
63,245000000.0,0,58875.97367148771,2659711.267534119,0,6.37592188870884,33.40237957503776,0,0.0,7170985.687860374,8291871210031.086,1675392.0733600436,829187121003108.6,7347450.32287525,1.7054568824607496e-09,0,0,1,0.0,0.0,0
64,245000000.0,0,178453.29701032542,2697620.0823648367,0,7.6408850048389265,65.42914596183998,0,0.0,6468599.85086111,7049400885562.109,1631642.0733600436,704940088556211.0,7385119.950296238,1.30590449128813e-09,0,0,1,0.0,0.0,0
65,245000000.0,0,138888.95906035323,2724653.3450135584,0,3.743933974128035,14.297053987921425,0,0.0,6515618.318384036,7442923892267.414,1587070.9468390483,744292389226741.4,7388404.456380219,1.79413261588361e-09,0,0,1,0.0,0.0,0
66,213504460.81339288,1,0.0,2756729.9825958773,31495539,11.1053812585049,120.0,1,991968988655103.9,5995179.202951973,6843228385128.69,1810095.370370369,1180307332840421.0,7388404.456380219,1.8384136391761795e-09,0,0,1,0.0,0.0,0
67,261038897.77899998,1,0.0,2737042.8740827763,15456641,16.190686319088492,120.0,2,238907763603355.12,6582281.024740455,8173924737555.392,1609274.2438493737,936846355557216.8,7388404.456380219,1.5424299571679522e-09,0,0,1,0.0,0.0,0
68,207820416.7787496,1,0.0,2773584.322048073,52636225,11.149879289622733,120.0,1,2770572143179549.0,6047547.377910349,7255859634931.328,1810095.370370369,2110872035082907.2,7388404.456380219,1.683458479361617e-09,0,0,1,0.0,0.0,0
69,297636224.62885755,0,44571.12652099528,2777511.7401693533,0,10.862425927525178,70.10913811997152,1,0.0,6271703.367151924,6973893968970.818,1765524.2438493737,697389396897081.9,7397398.674639779,1.9426076259480406e-09,0,0,1,0.0,0.0,0
70,245000000.0,0,89148.38009752869,2785807.548380179,0,3.4528798764901656,22.18564546402568,0,0.0,6314218.598489533,6978596387188.138,1720946.9902728403,697859638718813.8,7397423.182861933,1.6085956967219327e-09,0,0,1,0.0,0.0,0
71,245000000.0,0,133725.6336740621,2790308.5595044647,0,3.8429272051409757,14.844984918301021,0,0.0,6360498.577370667,7466321968284.344,1676369.7366963068,746632196828434.4,7397423.182861933,1.6085956967219327e-09,0,0,1,0.0,0.0,0
72,245000000.0,0,178302.8872505955,2805586.6869383906,0,8.12529657052986,72.99375083203307,0,0.0,6012388.808708275,6248817595710.831,1631792.4831197734,624881759571083.1,7397423.182861933,1.6503756095846266e-09,0,0,1,0.0,0.0,0
73,245000000.0,0,222880.1408271289,2809942.99439756,0,2.6787704087609328,8.933351536277254,0,0.0,6064279.0400458835,6695284400487.291,1587215.22954324,669528440048729.1,7397423.182861933,1.6060945862920572e-09,0,0,1,0.0,0.0,0
74,213469092.96733755,1,0.0,2827915.836688133,31530907,11.088617656512321,120.0,1,994198098302402.4,5613296.595421608,6150011274133.171,1810095.370370369,1112100176564518.2,7397423.182861933,1.6503756095846266e-09,0,0,1,0.0,0.0,0
75,276530907.03266245,0,200827.2535765334,2819966.9994111615,0,6.077678881640526,75.95293259794047,0,0.0,5724309.502721101,5887980061740.957,1609268.1167938355,588798006174095.8,7397423.182861933,1.6060945862920572e-09,0,0,1,0.0,0.0,0
76,245000000.0,0,245404.5071530668,2824363.9295786275,0,2.023499203572722,8.116734645432429,0,0.0,5766824.724615651,5881118305415.5,1564690.8632173021,588111830541550.0,7397423.20174805,1.176813087055235e-09,0,0,1,0.0,0.0,0
77,245000000.0,0,264051.9274713963,2830369.870890413,0,2.4306972428138214,7.54569121258639,0,0.0,5895547.340913864,6349862164661.806,1520113.6096407687,634986216466180.6,7465982.420374015,9.246523546835306e-10,0,0,1,0.0,0.0,0
78,230647107.6623702,1,0.0,2842545.330515924,14352892,10.962660857473807,120.0,1,206005518455592.1,5712971.366456415,6189339633963.884,1810095.370370369,721936722624184.4,7465982.420374015,1.2017640216299696e-09,0,0,1,0.0,0.0,0
79,259352892.3376298,0,200827.2535765334,2843319.4098900873,0,6.335969807891113,79.81562963667614,0,0.0,5555577.784702964,5731191788317.954,1609268.1167938355,573119178831795.4,7484458.8718812475,9.246523546835306e-10,0,0,1,0.0,0.0,0
80,245000000.0,0,245404.5071530668,2855576.7554129227,0,1.9872687584028526,8.116734645432429,0,0.0,5598093.006597514,5744076204300.728,1564690.8632173021,574407620430072.8,7484458.8718812475,8.8099660899843e-10,0,0,1,0.0,0.0,0
81,245000000.0,0,276822.1353948042,2863674.11916666,0,2.3585164890412855,7.198850434137884,0,0.0,5793917.242798198,6216494296837.614,1520113.6096407687,621649429683761.4,7484458.8718812475,1.5067289638182046e-09,0,0,1,0.0,0.0,0
82,230647107.6623702,1,0.0,2876142.026812099,14352892,10.95273367198992,120.0,1,206005518455592.1,5611341.26834075,6073096783404.795,1810095.370370369,710312437568275.5,7484458.8718812475,9.689333779761e-10,0,0,1,0.0,0.0,0
83,259352892.3376298,0,200827.2535765334,2877315.4293976324,0,8.121635266292671,83.64602752153478,0,0.0,5788138.672281165,6354282770865.35,1609268.1167938355,635428277086535.0,7484458.8718812475,9.246523546835306e-10,0,0,1,0.0,0.0,0
84,245000000.0,0,245404.5071530668,2905415.927984739,0,8.879762812092318,84.68841641692244,0,0.0,5440028.894175715,5188936475290.934,1564690.8632173021,518893647529093.4,7484458.8718812475,9.689333779761e-10,0,0,1,0.0,0.0,0
85,245000000.0,0,289981.7607296002,2913919.920255497,0,2.016223470154422,6.8732830366592435,0,0.0,5491919.116070265,5646369714093.751,1520113.6096407687,564636971409375.1,7484458.8718812475,8.8099660899843e-10,0,0,1,0.0,0.0,0
86,245000000.0,0,334559.0143061336,2930816.180392731,0,8.860687920353191,86.68620207579289,0,0.0,5143809.337964815,4569641291772.841,1475536.3560642353,456964129177284.06,7484458.8718812475,9.689333779761e-10,0,0,1,0.0,0.0,0
87,242058884.57796276,1,0.0,2939677.86871737,2941115,10.896037618085833,120.0,1,8650159925745.315,4910905.0862809,5155047146785.26,1810095.370370369,519829794641398.7,7560483.454946447,8.756160241318867e-10,0,0,1,0.0,0.0,0
88,247941115.42203724,0,200827.2535765334,2934138.176219982,0,1.290293147627138,3.6689486940846825,0,0.0,5139303.930806049,5160552474931.025,1609268.1167938355,516055247493102.56,7560483.454946447,8.756160241318867e-10,0,0,1,0.0,0.0,0
89,245000000.0,0,245404.5071530668,2958045.4671736183,0,9.330917373448532,89.6402113537425,0,0.0,4753181.861167999,4485671424267.046,1564690.8632173021,448567142426704.56,7560483.454946447,8.756160241318867e-10,0,0,1,0.0,0.0,0
90,245000000.0,0,289981.7607296002,2960688.48965945,0,1.6180164353680266,6.8732830366592435,0,0.0,4767059.79152995,4488077693092.083,1520113.6096407687,448807769309208.3,7560483.454946447,8.756160241318867e-10,0,0,1,0.0,0.0,0
91,245000000.0,0,334559.0143061336,2967355.7152478066,0,1.7568041765442322,5.960203465657404,0,0.0,4971562.7218919,4932017848625.945,1475536.3560642353,493201784862594.5,7560483.454946447,8.756160241318867e-10,0,0,1,0.0,0.0,0
92,245000000.0,0,379136.267882667,2985591.4943018975,0,9.318183709285393,92.59999819880544,0,0.0,4585440.65225385,3905764173593.764,1430959.102487702,390576417359376.44,7560483.454946447,9.635527931095567e-10,0,0,1,0.0,0.0,0
93,245000000.0,0,33088.52145920042,2992940.4744908423,0,5.7239493888252975,58.67077580333729,1,0.0,4401293.818120936,4615791791524.794,1777006.8489111685,461579179152479.4,7560483.454946447,8.756160241318867e-10,0,0,1,0.0,0.0,0
94,245000000.0,0,233915.77503573382,2988383.133761642,0,1.1752094163294187,3.113346387726576,0,0.0,4572249.002059419,4488973197504.664,1576179.595334635,448897319750466.4,7560483.454946447,8.781171345617622e-10,0,0,1,0.0,0.0,0
95,245000000.0,0,278493.0286122672,3012216.094543771,0,9.76628324596484,95.56453824663919,0,0.0,4231770.959977187,3918598051530.5186,1531602.3417581017,391859805153051.9,7567509.172156393,4.718003765447065e-10,0,0,1,0.0,0.0,0
96,245000000.0,0,323070.28218880063,3014878.139183925,0,1.4592786158355129,6.171500782150758,0,0.0,4222371.974060226,3873224972047.936,1487025.0881815683,387322497204793.6,7607037.28750427,1.0174971976084635e-09,0,0,1,0.0,0.0,0
97,245000000.0,0,367647.53576533403,3021345.1201901278,0,1.5484792870871598,5.425236319152065,0,0.0,4437976.354517813,4256549044188.907,1442447.834605035,425654904418890.75,7612744.325318286,1.1193606042070314e-09,0,0,1,0.0,0.0,0
98,245000000.0,0,412224.78934186744,3040470.3105347026,0,9.804819928695348,98.53303577996813,0,0.0,4025723.849693844,3320022714547.1826,1397870.5810285015,332002271454718.25,7612744.325318286,1.1193606042070314e-09,0,0,1,0.0,0.0,0
99,245000000.0,0,456802.04291840084,3048696.6238913722,0,1.3679152284968046,4.368700469858939,0,0.0,4071979.672798119,3605284024227.641,1353293.327451968,360528402422764.1,7612744.325318286,1.1193606042070314e-09,0,0,1,0.0,0.0,0
100,245000000.0,0,110754.29649493424,3056829.254231276,0,2.236854634225418,17.896403652728097,0,0.0,4049524.914397617,3975450916741.2935,1699341.0738754347,397545091674129.4,7612744.325318286,1.1193606042070314e-09,0,0,1,0.0,0.0,0
101,245000000.0,0,311581.55007146765,3053081.292518181,0,1.191388037681766,3.1732966321981904,0,0.0,4252857.991078425,4171361007817.274,1498513.8202989013,417136100781727.4,7612744.325318286,1.121861714636907e-09,0,0,1,0.0,0.0,0
102,245000000.0,0,356158.80364800105,3074951.613157751,0,10.223248339419726,102.48059959528614,0,0.0,3850072.134003309,3324646411653.207,1453936.566722368,332464641165320.7,7612744.325318286,1.1193606042070314e-09,0,0,1,0.0,0.0,0
103,245000000.0,0,400736.05722453445,3077532.7553647435,0,1.3722686440646445,4.978393061895809,0,0.0,3896327.957107584,3544634878646.307,1409359.3131458345,354463487864630.7,7612744.325318286,1.1193606042070314e-09,0,0,1,0.0,0.0,0
104,245000000.0,0,445313.31080106786,3097160.368053125,0,10.298864705247485,104.47951932905734,0,0.0,3491132.3257080344,2780625990826.7173,1364782.059569301,278062599082671.72,7715647.234325935,1.2939835869474337e-09,0,0,1,0.0,0.0,0
105,245000000.0,0,489890.56437760126,3107881.931464212,0,1.2221254873663556,4.074227832298619,0,0.0,3485936.6943084844,2903537743442.8325,1320204.8059927677,290353774344283.25,7715647.234325935,1.2939835869474337e-09,0,0,1,0.0,0.0,0
106,245000000.0,0,143842.81795413466,3118531.1452787495,0,1.862566910306222,13.808071592706183,0,0.0,3470538.809332401,3414826159110.671,1666252.5524162343,341482615911067.06,7715647.234325935,1.2939835869474337e-09,0,0,1,0.0,0.0,0
107,245000000.0,0,344670.07153066806,3117304.865594399,0,1.0479238938801347,2.5006087224029385,0,0.0,3622420.431509385,3371676480022.4004,1465425.2988397009,337167648002240.06,7715647.234325935,1.2939835869474337e-09,0,0,1,0.0,0.0,0
108,245000000.0,0,389247.32510720147,3143439.991650056,0,10.706094598949683,108.436660406019,0,0.0,3217224.800109835,2682228254619.0337,1420848.0452631675,268222825461903.38,7715647.234325935,1.2939835869474337e-09,0,0,1,0.0,0.0,0
109,245000000.0,0,433824.5786837349,3148553.3724426795,0,1.211704686315967,4.5995560003858,0,0.0,3212029.1687102853,2770305047657.229,1376270.791686634,277030504765722.9,7715647.234325935,1.2939835869474337e-09,0,0,1,0.0,0.0,0
110,245000000.0,0,478401.8322602683,3168045.668426058,0,10.796742271559687,110.43576845525057,0,0.0,2806833.5373107353,2207296915868.6807,1331693.5381101007,220729691586868.06,7715647.234325935,1.2939835869474337e-09,0,0,1,0.0,0.0,0
111,245000000.0,0,522979.0858368017,3178638.124179034,0,1.0953595446707947,3.8169462370925986,0,0.0,2801637.905911186,2245045679024.6235,1287116.2845335673,224504567902462.34,7715647.234325935,1.2939835869474337e-09,0,0,1,0.0,0.0,0
112,245000000.0,0,176931.33941333508,3189162.5339240646,0,1.6167736077497292,11.240290814391013,0,0.0,2786240.0209351024,2931484443333.503,1633164.0309570339,293148444333350.3,7715647.234325935,1.2939835869474337e-09,0,0,1,0.0,0.0,0
113,245000000.0,0,377758.5929898685,3187815.610305859,0,0.9374016599855749,2.0346913794414476,0,0.0,2938121.643112086,2699046439544.5757,1432336.7773805005,269904643954457.56,7715647.234325935,1.2939835869474337e-09,0,0,1,0.0,0.0,0
114,245000000.0,0,422335.8465664019,3213689.3658095025,0,11.197551763634298,114.40008254983269,0,0.0,2555034.4455202743,2210110187326.8184,1387759.523803967,221011018732681.84,7715647.234325935,1.2939835869474337e-09,0,0,1,0.0,0.0,0
115,245000000.0,0,466913.1001429353,3218690.71622962,0,1.0933103702901552,4.274297939914595,0,0.0,2549838.814120725,2220610239555.4814,1343182.2702274336,222061023955548.16,7715647.234325935,1.2939835869474337e-09,0,0,1,0.0,0.0,0
116,245000000.0,0,511490.3537194687,3227221.9068880924,0,1.1327651498518583,3.902512477522215,0,0.0,3098690.006096612,2547041684609.9326,1298605.0166509002,254704168460993.25,7715647.234325935,1.2939835869474337e-09,0,0,1,0.0,0.0,0
117,245000000.0,0,556067.6072960021,3248559.7124408446,0,11.351353178497925,117.3839992622299,0,0.0,2634986.046768819,1885764425595.3552,1254027.7630743668,188576442559535.53,7715647.234325935,1.2939835869474337e-09,0,0,1,0.0,0.0,0
118,245000000.0,0,600644.8608725355,3258982.2890293617,0,1.0367795652488074,3.3242202004343557,0,0.0,2677277.19415416,2028753071485.4814,1209450.5094978334,202875307148548.16,7715647.234325935,1.2939835869474337e-09,0,0,1,0.0,0.0,0
119,245000000.0,0,254597.1144490689,3269342.4822487477,0,1.2755138308002105,7.824814471442425,0,0.0,2603370.981249833,2598818890659.0767,1555498.2559213,259881889065907.66,7715647.234325935,1.2939835869474337e-09,0,0,1,0.0,0.0,0
120,245000000.0,0,299174.3680256023,3285197.927100195,0,1.2749669246854214,6.662794072508606,0,0.0,2646489.3822117075,2616732125105.6323,1510921.0023447666,261673212510563.22,7715647.234325935,1.2939835869474337e-09,0,0,1,0.0,0.0,0
121,245000000.0,0,343751.6216021357,3308470.3398353066,0,11.905286360746477,121.35601642498867,0,0.0,2192252.0706327674,2258564594219.2485,1466343.7487682332,225856459421924.84,7715647.234325935,1.2939835869474337e-09,0,0,1,0.0,0.0,0
122,245000000.0,0,388328.8751786691,3319628.121252329,0,1.1128419055423107,5.1370451243365105,0,0.0,2225790.3887969675,2185306629479.8662,1421766.4951916998,218530662947986.62,7750658.551210498,7.992184691829607e-10,0,0,1,0.0,0.0,0
123,245000000.0,0,432906.1287552025,3341582.124803052,0,11.974487475934701,123.355423285017,0,0.0,1896688.8590374582,1987072610297.0615,1377189.2416151664,198707261029706.16,7750658.551210498,7.992184691829607e-10,0,0,1,0.0,0.0,0
124,245000000.0,0,477483.3823317359,3352632.7773422785,0,1.0020226656686595,4.179873479103159,0,0.0,1938980.0064227993,1868440516904.476,1332611.988038633,186844051690447.6,7750658.551210498,7.992184691829607e-10,0,0,1,0.0,0.0,0
125,245000000.0,0,522060.6359082693,3363632.528533355,0,1.021654690246006,3.823648469602568,0,0.0,2500770.771230432,2029376702141.6448,1288034.7344620996,202937670214164.47,7750658.551210498,7.992184691829607e-10,0,0,1,0.0,0.0,0
126,245000000.0,0,566826.6933488477,3385449.5031876666,0,12.13512382354009,126.3426729802153,0,0.0,2019372.349596312,1658588181913.2427,1243268.6770215211,165858818191324.28,7751413.766666678,7.821654435247183e-10,0,0,1,0.0,0.0,0
127,245000000.0,0,611592.750789426,3397014.4025435103,0,0.9416161592248211,3.2648117324644677,0,0.0,2053720.4895819556,1629049832128.4238,1198502.6195809427,162904983212842.38,7782430.580809288,1.546140993013978e-09,0,0,1,0.0,0.0,0
128,245000000.0,0,265733.8082300044,3408533.322900095,0,1.223166436194159,7.498112118863467,0,0.0,2121455.5986265787,2474775907252.7573,1544361.5621403642,247477590725275.72,7782430.580809288,1.546140993013978e-09,0,0,1,0.0,0.0,0
129,245000000.0,0,310499.86567058275,3425563.3524462823,0,1.1749341493932788,6.420548515147803,0,0.0,2164573.999588453,2362367579639.3926,1499595.5046997857,236236757963939.25,7782430.580809288,1.546140993013978e-09,0,0,1,0.0,0.0,0
130,245000000.0,0,355265.9231111611,3447845.5560609372,0,12.679485236246798,130.32021296262613,0,0.0,1966574.8611458465,2204435951088.679,1454829.4472592073,220443595108867.9,7782430.580809288,1.546140993013978e-09,0,0,1,0.0,0.0,0
131,245000000.0,0,400031.98055173946,3459235.532571409,0,1.0292868216509032,4.987133438207102,0,0.0,2008677.2046671426,2078349396946.645,1410063.3898186288,207834939694664.5,7782430.580809288,1.546140993013978e-09,0,0,1,0.0,0.0,0
132,245000000.0,0,444798.0379923178,3470585.360844132,0,1.0290603903538067,4.486336478749744,0,0.0,2562524.962075078,2224319340357.991,1365297.3323780503,222431934035799.12,7782430.580809288,1.546140993013978e-09,0,0,1,0.0,0.0,0
133,245000000.0,0,489564.09543289617,3491265.7342631905,0,12.801833629639106,133.3126068346091,0,0.0,2062899.90071115,1849560654055.3208,1320531.2749374718,184956065405532.1,7787867.046126294,2.1864252630621195e-09,0,0,1,0.0,0.0,0
134,245000000.0,0,534330.1528734745,3502652.4959691428,0,0.9383364559505195,3.736012233319315,0,0.0,2102284.0115739433,1806618102617.146,1275765.2174968934,180661810261714.6,7787867.046126294,2.1864252630621195e-09,0,0,1,0.0,0.0,0
135,245000000.0,0,579096.2103140529,3524853.6863650777,0,12.923283735871719,135.31214942814978,0,0.0,1785846.6433761504,1604449550324.8528,1230999.160056315,160444955032485.28,7787867.046126294,2.1864252630621195e-09,0,0,1,0.0,0.0,0
136,245000000.0,0,623862.2677546312,3536169.12542059,0,0.8687233692365038,3.200705344534186,0,0.0,1825230.7542389438,1511595149753.5435,1186233.1026157364,151159514975354.34,7787867.046126294,2.661181497387588e-09,0,0,1,0.0,0.0,0
137,245000000.0,0,668628.3251952096,3548785.577948425,0,0.8887316636077682,2.9867314818514603,0,0.0,2344322.635665914,1672202959897.2563,1141467.045175158,167220295989725.62,7851942.332771218,2.5447661755606532e-09,0,0,1,0.0,0.0,0
138,245000000.0,0,713394.382635788,3572220.037928306,0,13.127597095018603,138.3022717486443,0,0.0,1833659.7127143329,1316672308323.189,1096700.9877345795,131667230832318.89,7851947.497279925,2.710294211283326e-09,0,0,1,0.0,0.0,0
139,245000000.0,0,758160.4400763663,3584772.1366994446,0,0.8293545391033882,2.6344892257541948,0,0.0,1841006.180254664,1286092679361.3306,1051934.930294001,128609267936133.06,7851947.497279925,2.710294211283326e-09,0,0,1,0.0,0.0,0
140,245000000.0,0,412301.49751694466,3597293.6242650957,0,0.9319891839035047,4.839082393883665,0,0.0,1994727.368165876,2046082153093.6255,1397793.8728534225,204608215309362.56,7851947.497279925,2.710294211283326e-09,0,0,1,0.0,0.0,0
141,245000000.0,0,457067.554957523,3608819.690499122,0,0.9474687861963377,4.366168217667068,0,0.0,2003089.8931467854,1944333416933.564,1353027.815412844,194433341693356.4,7851947.497279925,2.710294211283326e-09,0,0,1,0.0,0.0,0
142,245000000.0,0,501833.61239810137,3615727.4272063407,0,0.9511216533294902,3.97745884659868,0,0.0,2522181.774573756,2096173757256.8552,1308261.7579722656,209617375725685.53,7851947.497279925,3.1759554985910654e-09,0,0,1,0.0,0.0,0
143,245000000.0,0,546599.6698386797,3633458.207369461,0,13.648672408550071,143.29450015611945,0,0.0,2043556.4949446367,1722045564151.4573,1263495.7005316871,172204556415145.72,7851947.497279925,2.710294211283326e-09,0,0,1,0.0,0.0,0
144,245000000.0,0,591365.7272792581,3645867.1193547696,0,0.8740104151173888,3.3762925636937515,0,0.0,2050902.962484968,1690475203615.493,1218729.6430911086,169047520361549.28,7851947.497279925,2.710294211283326e-09,0,0,1,0.0,0.0,0
145,245000000.0,0,636131.7847198364,3664523.4230161654,0,13.781964411663653,145.30139754319,0,0.0,1815015.2078367583,1476748221013.7588,1173963.5856505302,147674822101375.88,7851947.497279925,2.710294211283326e-09,0,0,1,0.0,0.0,0
146,245000000.0,0,680897.8421604148,3676881.5196533087,0,0.8132195506201484,2.9329906568754107,0,0.0,1822361.6753770895,1408595896128.5454,1129197.5282099517,140859589612854.53,7851947.497279925,2.6811903808265924e-09,0,0,1,0.0,0.0,0
147,245000000.0,0,725663.8996009931,3689215.471822764,0,0.8331581225385615,2.7523040584487384,0,0.0,2341453.55680406,1594418987253.1826,1084431.4707693732,159441898725318.25,7851947.497279925,2.6811903808265924e-09,0,0,1,0.0,0.0,0
148,245000000.0,0,379804.9570415715,3697117.1826140117,0,0.9662485592299137,5.252032472312762,0,0.0,2252437.2197343623,2185040208466.069,1430290.4133287948,218504020846606.9,7851947.497279925,3.1759554985910654e-09,0,0,1,0.0,0.0,0
149,245000000.0,0,424571.01448214985,3709405.233467674,0,0.9705597162092628,4.699568184721584,0,0.0,2260799.744715272,2152865455882.4966,1385524.3558882163,215286545588249.66,7851947.497279925,2.6811903808265924e-09,0,0,1,0.0,0.0,0
150,245000000.0,0,469337.0719227282,3694414.5400796505,0,0.7969183694570383,4.252269530496589,0,0.0,2889326.5665472886,2202469491850.1143,1340758.2984476378,220246949185011.44,7851947.96820775,3.052264219149947e-09,0,0,1,0.0,0.0,0
151,245000000.0,0,514103.12936330657,3711954.8474036623,0,14.385440600076826,151.2991142317802,0,0.0,2169940.718784851,1886785632717.74,1295992.2410070593,188678563271774.0,7851947.96820775,3.0886440072208643e-09,0,0,1,0.0,0.0,0
152,245000000.0,0,558869.1868038849,3724179.6359715317,0,0.8523764907884184,3.5722630341872605,0,0.0,2112294.5136340973,1759049094951.05,1251226.1835664809,175904909495105.0,7851947.96820775,3.0886440072208643e-09,0,0,1,0.0,0.0,0
153,245000000.0,0,603635.2442444633,3730829.1684455,0,0.8624998546465577,3.3077793910263185,0,0.0,2533562.315437915,1945676274363.728,1206460.1261259024,194567627436372.8,7851947.96820775,3.0886440072208643e-09,0,0,1,0.0,0.0,0
154,245000000.0,0,648401.3016850416,3748310.35151018,0,14.580291478605538,154.30789202567166,0,0.0,2054937.5067366196,1527480884582.6472,1161694.068685324,152748088458264.72,7851947.96820775,3.0886440072208643e-09,0,0,1,0.0,0.0,0
155,245000000.0,0,693167.35912562,3760477.986627361,0,0.8037596102766584,2.8811495869226977,0,0.0,2062283.7388130387,1540266981933.9604,1116928.0112447455,154026698193396.03,7851947.96820775,4.478351911529899e-09,0,0,1,0.0,0.0,0
156,245000000.0,0,737933.4165661983,3770898.810462709,0,0.8242318911145926,2.7066038091685454,0,0.0,2581375.384776097,1807028380983.325,1072161.953804167,180702838098332.5,7851947.96820775,4.478351911529899e-09,0,0,1,0.0,0.0,0
157,245000000.0,0,392074.4740067767,3777476.291508933,0,0.9401154925400873,5.088094323737541,0,0.0,2492359.518634224,2271977893938.584,1418020.8963635885,227197789393858.4,7851962.337624526,2.950400812551379e-09,0,0,1,0.0,0.0,0
158,245000000.0,0,436840.53144735505,3789592.6992762526,0,0.955065390620188,4.567873132687524,0,0.0,2500721.808151221,2320741563591.538,1373254.83892301,232074156359153.8,7851962.337624526,2.48473952524364e-09,0,0,1,0.0,0.0,0
159,245000000.0,0,481606.5888879334,3797991.049961418,0,0.9583082132708997,4.144162234934638,0,0.0,3019813.4541142797,2623094195416.0454,1328488.7814824316,262309419541604.53,7851962.337624526,2.48473952524364e-09,0,0,1,0.0,0.0,0
160,245000000.0,0,526372.6463285118,3815370.9833556702,0,15.180841660588895,160.31041854068812,0,0.0,2541188.6454129843,2026505938467.0813,1283722.724041853,202650593846708.12,7851962.337624526,2.48473952524364e-09,0,0,1,0.0,0.0,0
161,245000000.0,0,571138.7037690901,3824844.837811286,0,0.8785730283800324,3.4956558380416465,0,0.0,2548534.877489404,2145447983744.1323,1238956.6666012746,214544798374413.22,7851962.337624526,2.48473952524364e-09,0,0,1,0.0,0.0,0
162,245000000.0,0,615904.7612096685,3810030.3386074454,0,0.7333877490125094,3.24199151272275,0,0.0,3170085.0663125734,2268325520414.9106,1194190.6091606962,226832552041491.06,7865901.234225444,2.9976945370435715e-09,0,0,1,0.0,0.0,0
163,245000000.0,0,660670.8186502468,3795201.803333593,0,0.7271369178380345,3.022651057938195,0,0.0,3323858.420920207,2117197618563.6665,1149424.5517201177,211719761856366.66,7865901.234225444,2.9976945370435715e-09,0,0,1,0.0,0.0,0
164,245000000.0,0,314811.8760908252,3802069.516392716,0,1.0620995685260444,6.332884072493887,0,0.0,2821516.0408424693,2535716510916.5864,1495283.4942795392,253571651091658.66,7866305.761190235,3.5834091249853373e-09,0,0,1,0.0,0.0,0
165,245000000.0,0,359577.93353140354,3814479.66907975,0,1.0309821667675283,5.546651123135952,0,0.0,2755659.3318775226,2524782747530.0083,1450517.4368389607,252478274753000.84,7866305.761190235,3.5834091249853373e-09,0,0,1,0.0,0.0,0
166,245000000.0,0,404343.9909719819,3826877.1430367264,0,1.0172208463653292,4.934080791981553,0,0.0,3190564.7120811017,2828349875991.6045,1405751.3793983823,282834987599160.44,7866305.761190235,3.5834091249853373e-09,0,0,1,0.0,0.0,0
167,245000000.0,0,459544.07280111674,3845427.001809249,0,15.860833037520633,167.324736685715,0,0.0,2648265.484059847,2140105674673.3962,1350551.2975692474,214010567467339.62,7908041.858744461,3.5925040720030665e-09,0,0,1,0.0,0.0,0
168,245000000.0,0,514744.1546302516,3853114.318568465,0,0.9037034065272618,3.8778917454408073,0,0.0,2645177.6917477096,2228235035553.5073,1295351.2157401126,222823503555350.72,7908041.858744461,3.5925040720030665e-09,0,0,1,0.0,0.0,0
169,245000000.0,0,569944.2364593864,3839116.124155365,0,0.7503922434560738,3.502969068227503,0,0.0,3256192.724441125,2347415764263.2725,1240151.1339109777,234741576426327.25,7910009.645130872,3.561581252142787e-09,0,0,1,0.0,0.0,0
170,245000000.0,0,625144.3182885213,3846808.2477362505,0,0.8899394217876989,3.194151797890178,0,0.0,3271665.671414318,2651353056698.2744,1184951.052081843,265135305669827.44,7910009.645130872,2.6957422960549593e-09,0,0,1,0.0,0.0,0
171,245000000.0,0,289719.4001176561,3854489.6694520605,0,1.1069258319688424,6.879485851960985,0,0.0,3108541.3615639284,2862945637181.059,1520375.970252708,286294563718105.94,7910009.645130872,2.710294211283326e-09,0,0,1,0.0,0.0,0
172,245000000.0,0,344919.48194679094,3867716.301587186,0,1.0776292986064835,5.781692284991449,0,0.0,3116903.651080926,3016909738640.273,1465175.8884235732,301690973864027.3,7910009.645130872,2.710294211283326e-09,0,0,1,0.0,0.0,0
173,245000000.0,0,400119.5637759258,3880932.933423946,0,1.056068786380626,4.986044512945382,0,0.0,3625460.14091423,3422604973991.95,1409975.8065944384,342260497399195.0,7910009.645130872,2.710294211283326e-09,0,0,1,0.0,0.0,0
174,245000000.0,0,455319.6456050606,3899435.0371945105,0,16.49482356605915,174.34672795254178,0,0.0,3083160.912892976,2523335187260.937,1354775.7247653035,252333518726093.7,7910009.645130872,2.710294211283326e-09,0,0,1,0.0,0.0,0
175,245000000.0,0,510519.72743419546,3907077.1017973796,0,0.9366437847894468,3.909917629241954,0,0.0,3080073.120580838,2736900682757.2065,1299575.6429361687,273690068275720.66,7910009.645130872,2.710294211283326e-09,0,0,1,0.0,0.0,0
176,245000000.0,0,569915.9267842727,3893358.420738963,0,0.7759971762652899,3.503142767911822,0,0.0,3711113.7194634834,2632884208567.6064,1240179.4435860915,263288420856760.66,7926794.115214641,2.3519532987847924e-09,0,0,1,0.0,0.0,0
177,245000000.0,0,238687.12613434985,3901332.39644471,0,1.2415754493430942,8.344211190045128,0,0.0,3180494.948759954,2923898301253.2197,1571408.2442360143,292389830125322.0,7926794.115214641,2.3519532987847924e-09,0,0,1,0.0,0.0,0
178,245000000.0,0,454333.32548442704,3897492.3755410025,0,0.7199615499945426,1.6439302610670536,0,0.0,3270888.239795007,2705919614336.3604,1355762.0448859371,270591961433636.03,7926794.115214641,3.2032403396442533e-09,0,0,1,0.0,0.0,0
179,245000000.0,0,522031.3030887237,3886858.756560093,0,0.7891522772108288,3.8238629087573615,0,0.0,3759606.918525028,2825488777073.0645,1288064.0672816406,282548877707306.44,8011630.140053817,2.0099832909181714e-09,0,0,1,0.0,0.0,0
180,245000000.0,0,589729.2806930203,3893637.498763769,0,0.927041551860826,3.3856456169798776,0,0.0,3721546.4904438728,3152747515631.287,1220366.089677344,315274751563128.7,8072514.233525965,1.7698766896501184e-09,0,0,1,0.0,0.0,0
181,245000000.0,0,266802.25829731696,3900962.0425979337,0,1.1525108921383453,7.468196917815303,0,0.0,3477169.886395937,3086953741740.605,1543293.1120730476,308695374174060.5,8086174.849920601,2.4901964934542775e-09,0,0,1,0.0,0.0,0
182,245000000.0,0,334500.23590161355,3918137.7706327364,0,1.1050972698183865,5.961247671332505,0,0.0,3459717.720001785,3259515783756.966,1475595.134468751,325951578375696.56,8086174.849920601,2.497472451068461e-09,0,0,1,0.0,0.0,0
183,245000000.0,0,402198.2135059101,3935297.360966674,0,1.0656232784941735,4.960339438534451,0,0.0,3914740.8347807415,3656939565680.452,1407897.1568644545,365693956568045.2,8086174.849920601,2.497472451068461e-09,0,0,1,0.0,0.0,0
184,245000000.0,0,469896.19111020677,3957175.583780443,0,17.385574192430077,184.37191408731024,0,0.0,3303687.2083371016,2531285834044.8506,1340199.179260158,253128583404485.06,8086174.849920601,2.497472451068461e-09,0,0,1,0.0,0.0,0
185,245000000.0,0,537594.1687145033,3968748.93899641,0,0.9242841678942475,3.713371061505412,0,0.0,3262287.0643386533,2737297930114.362,1272501.2016558615,273729793011436.2,8086174.849920601,2.5556801119819283e-09,0,0,1,0.0,0.0,0
186,245000000.0,0,214667.14631879993,3977398.492189402,0,1.3158418488565677,9.27354969979337,0,0.0,3017910.4602907174,2992758557329.073,1595428.224051565,299275855732907.3,8086174.849920601,2.4901964934542775e-09,0,0,1,0.0,0.0,0
187,245000000.0,0,438615.1239230965,3977137.623503154,0,0.7163825498686941,1.522359555435863,0,0.0,3156708.293896566,2762167919874.481,1371480.2464472684,276216791987448.1,8086174.849920601,2.497472451068461e-09,0,0,1,0.0,0.0,0
188,245000000.0,0,506313.1015273931,3989838.357706898,0,0.9662729400016454,3.942338555772558,0,0.0,3611731.408675522,3129532567295.3955,1303782.268842972,312953256729539.56,8086174.849920601,2.497472451068461e-09,0,0,1,0.0,0.0,0
189,245000000.0,0,183386.07913168974,3991990.4936898807,0,1.4581247805767703,10.846805840323698,0,0.0,3367354.804627586,3238928141360.054,1626709.2912386754,323892814136005.44,8067111.858653843,2.1354935597628355e-09,0,0,1,0.0,0.0,0
190,245000000.0,0,407334.0567359863,3987865.9504209566,0,0.7431334135725274,1.6448366091661693,0,0.0,3506152.6382334344,3133504625298.2383,1402761.3136343788,313350462529823.8,8067111.858653843,2.142769517377019e-09,0,0,1,0.0,0.0,0
191,245000000.0,0,475032.0343402829,3994609.94052623,0,1.0147322459102537,4.201397922246418,0,0.0,3961175.753012391,3578930946102.419,1335063.3360300823,357893094610241.9,8067111.858653843,2.142769517377019e-09,0,0,1,0.0,0.0,0
192,245000000.0,0,152105.01194457943,4001352.6718279636,0,1.654571867396961,13.062929649383099,0,0.0,3716799.1489644544,3542261467017.025,1657990.3584257858,354226146701702.5,8067111.858653843,2.2009771782904863e-09,0,0,1,0.0,0.0,0
193,245000000.0,0,376052.989548876,3998042.050016499,0,0.7730943506694802,1.7887449311238874,0,0.0,3855596.9825703027,3562005072347.9854,1434042.3808214893,356200507234798.56,8067111.858653843,2.142769517377019e-09,0,0,1,0.0,0.0,0
194,245000000.0,0,443750.9671531726,3983080.9993039453,0,0.8729352011074234,4.496898596537955,0,0.0,4406248.332012053,3730098877192.453,1366344.4032171927,373009887719245.3,8067111.858653843,2.142769517377019e-09,0,0,1,0.0,0.0,0
195,245000000.0,0,511448.94475746923,3989820.200407704,0,1.0227373261724566,3.9028278240411947,0,0.0,4375018.2121282155,4197699301459.1997,1298646.4256128962,419769930145920.0,8067111.858653843,2.4156179279088974e-09,0,0,1,0.0,0.0,0
196,245000000.0,0,188521.92236176587,3992549.784199477,0,1.4217966202293166,10.5528688981021,0,0.0,4130641.7232437707,3881803064843.502,1621573.4480085997,388180306484350.2,8067111.62832686,1.7316779121756554e-09,0,0,1,0.0,0.0,0
197,245000000.0,0,412469.89996606245,3987425.338363489,0,0.8209642075311874,1.8403931292215345,0,0.0,4269439.556849619,4138585207867.9316,1397625.4704043032,413858520786793.2,8067111.62832686,2.270098775625229e-09,0,0,1,0.0,0.0,0
198,245000000.0,0,480167.87757035904,4002613.0970660737,0,18.64682444115834,198.4010458450087,0,0.0,3658386.045569471,2804724141123.974,1329927.4928000066,280472414112397.4,8067111.62832686,1.7389538697898388e-09,0,0,1,0.0,0.0,0
199,245000000.0,0,547865.8551746556,4012067.6918134657,0,0.933577744843074,3.643877608971643,0,0.0,3616985.9015710233,3087662033748.4336,1262229.5151957101,308766203374843.4,8067111.62832686,1.7971615307033062e-09,0,0,1,0.0,0.0,0
200,735000000.0,0,266153.23035790445,3864015.6131279385,0,2.1905361820887284,7.486340319825463,0,0.0,8756465.822249057,11698452513261.334,1773531.1977714275,1169845251326133.5,8072401.469066641,3.41970007866621e-09,0,0,1,0.0,0.0,0
201,735000000.0,0,58261.81038324884,3768413.9178242343,0,21.63877346280271,201.5242345741793,0,0.0,12048619.05928624,13295637290185.959,1751833.559987117,1329563729018596.0,8072401.469066641,2.4883775040507317e-09,0,0,1,0.0,0.0,0
202,735000000.0,0,282209.7879875454,3631840.0002983077,0,14.230727159633227,202.7034300231064,0,0.0,16327703.132717825,21739441854760.46,1943750.0,2173944185476046.0,8072401.469066641,2.4374458007514477e-09,0,0,1,0.0,0.0,0
203,735000000.0,0,37407.765591842006,3406811.22166127,0,7.202940524235157,52.072802704899075,1,0.0,24384854.066871725,42969641398898.055,2832198.844159241,4296964139889805.5,8072401.469066641,2.495653461664915e-09,0,0,1,0.0,0.0,0
204,681907070.2582115,1,0.0,3361696.7260938142,53092930,29.839940652761765,204.9655603783064,1,2818859188566492.0,26368829.241396025,57114327560543.39,3776265.1255456544,7120862350337585.0,8075152.145963863,2.2355379769578576e-09,0,0,1,0.0,0.0,0
205,535550984.2640582,2,0.0,3340118.3930791104,252541945,30.593505856925503,120.0,3,3.2109583726177532e+16,27333535.148236774,58290024804907.75,3548456.406932068,2.188379434357954e+16,8075152.145963863,2.206434146501124e-09,0,0,1,0.0,0.0,0
206,809110380.2693417,1,0.0,3241627.0294930115,178431565,30.216332437240066,208.61381418018678,1,3.1837823462715464e+16,30866435.922337253,91951025448097.38,5026818.383641301,2.511401427616747e+16,8075152.145963863,2.206434146501124e-09,0,0,1,0.0,0.0,0
207,517475536.4782947,2,0.0,3222138.9834846538,395956029,30.658597923343873,120.0,3,8.210975193241014e+16,31548712.957525443,92581864544711.6,4799009.665027714,5.031306242067623e+16,8075152.145963863,2.206434146501124e-09,0,0,1,0.0,0.0,0
208,812330682.2666999,2,0.0,3026932.5582278552,318625347,35.04491119161587,328.0,2,9.249701017451774e+16,38423041.33713283,132582361354295.4,6289950.946414128,5.950674122268842e+16,8075152.145963863,2.4010660126805305e-09,0,0,1,0.0,0.0,0
209,517475536.4782947,2,0.0,3013000.0677750516,536149810,30.74929843953596,120.0,3,1.6307950371838474e+17,39121768.82395313,131864929314539.8,6062142.227800542,9.472624479064635e+16,8075152.145963863,1.964508555829525e-09,0,0,1,0.0,0.0,0
210,772757007.7514498,2,0.0,2933944.873465895,498392802,41.53661644935607,330.0,2,1.8893466121223485e+17,42361165.818849154,177994293569941.1,7398498.84311176,1.1226675996311154e+17,8155342.461853351,1.4260876923799515e-09,0,0,1,0.0,0.0,0
211,527739896.91214925,2,0.0,2917784.874238385,705652905,30.93890795040494,120.0,3,2.875881619349437e+17,43336335.7908059,177702386024032.75,7170690.124498174,1.6156431956987514e+17,8155342.461853351,1.7462298274040222e-09,0,0,1,0.0,0.0,0
212,592305872.7360795,2,0.0,2897470.2837753766,848347033,42.074854480365595,214.656922915197,2,3.9378895071532314e+17,44261071.04724055,186307970691232.06,7802159.4936556015,2.1552527242678477e+17,8155342.461853351,1.7462298274040222e-09,0,0,1,0.0,0.0,0
213,527739896.91214925,2,0.0,2853139.882064044,1055607135,26.911847563083306,120.0,3,5.731069155133143e+17,45837672.8877358,194342663370003.97,7574350.775042015,3.0598772409365754e+17,8155342.461853351,2.1245796233415604e-09,0,0,1,0.0,0.0,0
214,518680128.1535621,2,0.0,2803591.1707214606,1271927007,31.131168240536713,215.80302175675206,2,8.127399973516175e+17,47374325.15634253,202810361778937.62,7932479.556428429,4.266510348537025e+17,8155342.461853351,2.1245796233415604e-09,0,0,1,0.0,0.0,0
215,526111209.901161,2,0.0,2766326.5241614343,1480815798,28.830752415992134,120.0,3,1.0964160979637604e+18,48510394.16095085,214333111949266.3,8305376.023886956,5.6964136017680685e+17,8129894.22730666,1.864464138634503e-09,0,0,1,0.0,0.0,0
216,452332216.65127844,3,0.0,2798005.172702861,1763483582,52.881461153863164,217.74614147709588,3,1.4991401010371187e+18,47389394.518807374,212958299837683.0,8077567.30527337,7.708658805023277e+17,8129894.22730666,1.6534613678231835e-09,0,0,1,0.0,0.0,0
217,429747621.2373797,3,0.0,2784691.9366105245,2068735960,23.62976135450509,120.0,3,2.1062637610615654e+18,47829667.95747915,218048665574417.9,8428123.146363439,1.0749367470882245e+18,8146090.785454565,2.1973391994833946e-09,0,0,1,0.0,0.0,0
218,399216416.9224664,3,0.0,2822791.800249986,2404519543,31.211504332556103,120.0,3,2.8412175366260367e+18,46444702.368579015,213008060407688.53,8200314.427749853,1.4419095743537871e+18,8146090.785454565,1.7680577002465725e-09,0,0,1,0.0,0.0,0
219,527622713.2120238,3,0.0,2732589.563440066,2611896829,41.79517354543232,220.31789303545096,4,3.463583330748562e+18,49462888.402701356,222085429586102.44,8428123.146363439,1.7540002083328911e+18,8146090.785454565,1.949956640601158e-09,0,0,1,0.0,0.0,0
220,457583678.91063225,3,0.0,2769906.4960887227,2889313150,53.172901401304834,221.1279098995097,3,4.331443115904474e+18,48431021.241382025,223131830303774.06,8428123.146363439,2.1880347409826145e+18,8146090.785454565,1.8408172763884068e-09,0,0,1,0.0,0.0,0
221,492157166.5417949,3,0.0,2727363.876104608,3132155984,39.48283858849268,222.36802984720796,3,5.167317309787436e+18,50000616.979153655,222042207596205.22,8200314.427749853,2.6058628756533386e+18,8146433.491148572,1.0550138540565968e-09,0,0,1,0.0,0.0,0
222,457535448.8875445,3,0.0,2758372.7749792594,3409620535,53.41921729549149,223.1644331955806,3,6.08841964039772e+18,49171238.610554956,231092571827188.8,8428123.146363439,3.067319077381579e+18,8146433.491148572,1.0550138540565968e-09,0,0,1,0.0,0.0,0
223,492157166.5417949,3,0.0,2715830.1549951443,3652463368,39.74395691376853,224.42213224768966,3,7.073844131092421e+18,51093132.49222732,232519151027037.22,8200314.427749853,3.560173980648914e+18,8146433.491148572,1.2150849215686321e-09,0,0,1,0.0,0.0,0
224,416973305.2691247,3,0.0,2735278.579685774,3970490063,27.281557329429994,120.0,3,8.360940646902523e+18,50553797.74418464,233284957541078.72,8269677.272853986,4.2037988192053693e+18,8146433.491148572,1.1132215149700642e-09,0,0,1,0.0,0.0,0
225,398324357.8834002,3,0.0,2753178.927665979,4307165706,27.3640252462295,120.0,3,9.766952583347192e+18,50093080.643780105,232126312392501.7,8428123.146363439,4.906688922912846e+18,8123173.884932959,1.5360228644567542e-09,0,0,1,0.0,0.0,0
226,416973305.2691247,3,0.0,2788490.7835016036,4625192400,32.33025921890181,120.0,3,1.1275239680307894e+19,49292073.38563194,228675073281442.66,8200314.427749853,5.660487347482092e+18,8123173.884932959,1.5869545677560382e-09,0,0,1,0.0,0.0,0
227,416856682.92854977,3,0.0,2798684.1486924603,4943335717,34.56080742769744,120.0,4,1.2888906418564487e+19,49618504.14945775,230876945470220.7,8428123.146363439,6.467540903829265e+18,8135290.083346886,8.957385944086127e-10,0,0,1,0.0,0.0,0
228,934244267.6532968,3,0.0,2666635.4962569615,4744091450,48.655878471609476,231.24509214520162,3,1.3554177304249143e+19,55135428.56607548,254117317193704.7,8200314.427749853,6.802500383843942e+18,8135290.083346886,8.811866791802458e-10,0,0,1,0.0,0.0,0
229,456691619.87156606,3,0.0,2677340.5561787225,5022399830,27.600677573984747,120.0,3,1.5368274170751975e+19,55649427.302278094,256941195883099.12,8428123.146363439,7.709831204964298e+18,8135290.083346886,6.847358235972933e-10,0,0,1,0.0,0.0,0
230,399216416.9224664,3,0.0,2726251.511426304,5358183413,31.32953573578406,120.0,3,1.7401327083222202e+19,54852427.92761407,252747854686621.84,8200314.427749853,8.725938327079763e+18,8135290.083346886,6.774598659831099e-10,0,0,1,0.0,0.0,0
231,399113640.5208048,3,0.0,2750215.261323694,5694069772,27.015772637832068,120.0,3,1.9560196820569465e+19,54956611.08085932,254163519647942.72,8428123.146363439,9.805514762249527e+18,8147622.624556333,6.847358235972933e-10,0,0,1,0.0,0.0,0
232,400005699.559871,3,0.0,2799297.5018658508,6029064073,30.989447067994018,120.0,3,2.1844661158699573e+19,54156528.57089293,250853145414214.03,8200314.427749853,1.0947415893891207e+19,8147622.624556333,6.629079507547431e-10,0,0,1,0.0,0.0,0
233,399113640.5208048,3,0.0,2822854.8994564656,6364950432,26.84089131390257,120.0,3,2.425636991501567e+19,54260711.724138185,253156267785877.03,8428123.146363439,1.2153500584286423e+19,8147622.624556333,6.701839083689265e-10,0,0,1,0.0,0.0,0
234,520358771.9537773,3,0.0,2762841.282922332,6579591660,47.83668744678345,234.6061316463442,4,2.6534942929232617e+19,56352431.68076271,259197438290940.03,8200314.427749853,1.3293391208445403e+19,8147622.624556333,1.5667183106415905e-09,0,0,1,0.0,0.0,0
235,458716214.66590846,3,0.0,2793626.970707103,6855875446,54.63881845755393,236.28147800007685,3,2.852095587221918e+19,56028494.9283561,265898537957676.38,8428123.146363439,1.4287067789905359e+19,8147622.624556333,1.1002612154698e-09,0,0,1,0.0,0.0,0
236,399559670.0403379,3,0.0,2824594.410371321,7191315775,31.587074700852366,120.0,3,3.071475902873552e+19,55478180.86187572,259732601689535.3,8200314.427749853,1.5383352774536714e+19,8147622.624556333,1.1584688763832673e-09,0,0,1,0.0,0.0,0
237,399113640.5208048,3,0.0,2837447.0491576,7527202134,27.462863629461673,120.0,3,3.356170599510806e+19,55470464.4523565,262787167217862.25,8428123.146363439,1.6807131714275817e+19,8147622.624556333,1.2312284525251016e-09,0,0,1,0.0,0.0,0
238,400005699.5598726,3,0.0,2855886.9285886455,7862196436,26.649007990777623,120.0,3,3.653368711100139e+19,54925241.89205371,260415820649776.94,8200314.427749853,1.8292885137565673e+19,8147622.624556359,1.6976855476968922e-09,0,0,1,0.0,0.0,0
239,399113640.52080643,3,0.0,2871707.8413571515,8198082795,27.216345724415596,120.0,3,3.9633473096342766e+19,54774565.095635355,264054034102170.56,8428123.146363439,1.98431419515816e+19,8147622.624556359,1.289436113438569e-09,0,0,1,0.0,0.0,0
240,400005699.5297636,3,0.0,2884592.165226108,8533077096,26.501013833526656,120.0,3,4.285817577952875e+19,54229342.53533256,262229133736827.6,8200314.427749853,2.145531080313806e+19,8147622.624085903,8.739107215660624e-10,0,0,1,0.0,0.0,0
241,399113640.52080643,3,0.0,2897444.803999319,8868963455,27.10138219963326,120.0,3,4.621080078384097e+19,54302071.900610045,266424640349618.34,8428123.146363439,2.3132042855955448e+19,8147622.624085903,1.1103793440270238e-09,0,0,1,0.0,0.0,0
242,987952597.3377911,3,0.0,2717654.878252192,8616010858,41.1478678536263,246.61947043627399,3,4.833849453924843e+19,60893122.32648627,308118920078322.3,8200314.427749853,2.4200059161632047e+19,8132432.599155969,1.2959162631887011e-09,0,0,1,0.0,0.0,0
243,458270185.1463786,3,0.0,2712369.289273732,8892740673,27.093168801253036,120.0,3,5.176769119950396e+19,61212201.04765539,314567831208605.0,8428123.146363439,2.591530238287284e+19,8132432.599155969,1.1976908353972249e-09,0,0,1,0.0,0.0,0
244,400005699.4996544,3,0.0,2724831.6680122805,9227734974,26.444917762661216,120.0,3,5.541909299839695e+19,60682168.5120473,311760674321630.7,8200314.427749853,2.7740722566630638e+19,8132432.599155969,1.1940528565901332e-09,0,0,1,0.0,0.0,0
245,399113640.52080643,3,0.0,2731706.806092993,9563621333,27.054451504783025,120.0,3,5.919865202180652e+19,60539086.72832914,315135113679696.3,8428123.146363439,2.963083952227123e+19,8132432.599155969,1.1976908353972249e-09,0,0,1,0.0,0.0,0
246,462839572.82787186,3,0.0,2677586.1316119675,9835781760,21.162689335055955,120.0,3,6.297627062313338e+19,61975871.00200993,315602291142113.9,8302550.645836732,3.15196955406809e+19,8132432.599155969,1.0921894499915652e-09,0,0,1,0.0,0.0,0
247,400397182.67072445,3,0.0,2715050.3586206827,10170384577,31.01941927764995,120.0,3,6.701138471250982e+19,60729217.628881454,311283045106703.0,8231901.053822179,3.3536820660765577e+19,8132432.599155969,1.2522605175036006e-09,0,0,1,0.0,0.0,0
248,400005699.4996544,3,0.0,2715525.5779043157,10505378877,23.81396922732131,120.0,3,7.115714326736121e+19,60840944.41605382,314083505768413.44,8390802.483114274,3.5609979984257446e+19,8178134.448892906,1.0550138540565968e-09,0,0,1,0.0,0.0,0
249,400005699.4996544,3,0.0,2734813.008024447,10840373179,26.51210361742647,120.0,3,7.54292336407936e+19,60198358.629110225,311854439765640.44,8549703.91240637,3.774580226437336e+19,8178134.448892906,5.893525667488575e-10,0,0,1,0.0,0.0,0
250,400005699.4996544,3,0.0,2748126.019110504,11175367479,27.18735601329817,120.0,3,7.982765583280698e+19,60073826.54468352,316200910197140.1,8708605.341698466,3.9945448007423205e+19,8178134.448892906,4.874891601502895e-10,0,0,1,0.0,0.0,0
251,400005699.4996544,3,0.0,2761857.8936750796,11510361779,26.486902845065476,120.0,3,8.43524098434014e+19,59525554.36195393,314532487938667.8,8867506.770990562,4.220765817049457e+19,8178134.448892906,2.546585164964199e-10,0,0,1,0.0,0.0,0
252,400005699.4996544,3,0.0,2769615.3492055815,11845356080,27.178808857551594,120.0,3,8.90034956725768e+19,59401022.27752722,319481822028746.2,9026408.200282658,4.453369601849128e+19,8178134.448892906,2.546585164964199e-10,0,0,1,0.0,0.0,0
253,398823206.6031916,3,0.0,2802823.894874711,12181532873,30.914981757644068,120.0,3,9.378408879458392e+19,58601881.40857699,319286755368501.75,9180690.516697945,4.692397307282881e+19,8166931.3829032425,9.677023626863956e-10,0,0,1,0.0,0.0,0
254,397640713.7067288,3,0.0,2791778.5014077853,12518892159,23.7608085431672,120.0,3,9.86944279715535e+19,58938170.995607145,323531233007528.5,9330235.57046947,4.93795671090775e+19,8167403.981971063,1.1568772606551647e-09,0,0,1,0.0,0.0,0
255,985528831.2598045,3,0.0,2487050.3879528036,12268363328,42.051985724424526,258.9570122236222,3,1.023560717333426e+20,69707523.54995073,375753799663731.2,9479780.624240996,5.121561124663767e+19,8167403.981971063,1.622538547962904e-09,0,0,1,0.0,0.0,0
256,456797258.3323009,3,0.0,2493809.5637945654,12546566069,27.184995090528307,120.0,3,1.0734085644916543e+20,69819398.9629629,380098018873294.4,9629325.678012522,5.370843802647004e+19,8167403.981971063,1.2441887520253658e-09,0,0,1,0.0,0.0,0
257,397640713.7067288,3,0.0,2538398.9657087345,12883925355,30.98530457777652,120.0,3,1.1255240926434397e+20,68626399.38532487,375962167132463.94,9778870.731784048,5.6313800848885236e+19,8167403.981971063,1.0113581083714962e-09,0,0,1,0.0,0.0,0
258,397640713.7067288,3,0.0,2557995.9333529207,13221284642,27.2415224359226,120.0,3,1.178906122476112e+20,68332074.01682958,377853972244456.75,9928415.785555573,5.8983091521030046e+19,8167403.981971063,1.0695657692849636e-09,0,0,1,0.0,0.0,0
259,397640713.7067288,3,0.0,2579601.597012485,13558643928,26.597489718640734,120.0,3,1.2335546539896709e+20,67634852.08723907,375726981630803.1,10077960.839327099,6.171530539764662e+19,8167403.981971063,1.0113581083714962e-09,0,0,1,0.0,0.0,0
260,397640713.7067288,3,0.0,2599197.8427760806,13896003215,27.287766366414385,120.0,3,1.2894696871841171e+20,67201031.25726314,378414151805259.06,10227505.893098624,6.451132577438638e+19,8167377.994269771,1.1859810911118984e-09,0,0,1,0.0,0.0,0
261,397640713.7067288,3,0.0,2624255.2728096573,14233362501,26.687269241067867,120.0,3,1.3466512220594497e+20,66503828.81844859,376961628895711.94,10377050.94687015,6.737025726586206e+19,8167377.994269771,1.1132215149700642e-09,0,0,1,0.0,0.0,0
262,397640713.7067288,3,0.0,2643851.5185732525,14570721787,27.391645668833473,120.0,3,1.4050992586156689e+20,66070007.988472655,380463491173754.3,10526596.000641676,7.029300927990082e+19,8167377.994269771,1.1714291758835316e-09,0,0,1,0.0,0.0,0
263,397640713.7067288,3,0.0,2668908.948606829,14908081074,26.860091620649833,120.0,3,1.464813796852775e+20,65372805.54965811,379685310126408.9,10676141.054413201,7.327865837365139e+19,8167377.994269771,1.04046193882823e-09,0,0,1,0.0,0.0,0
264,397640713.7067288,3,0.0,2688505.1943704244,15245440360,27.630332026569164,120.0,3,1.5257948367707678e+20,64938984.71968217,384001864508037.6,10825686.108184727,7.63281420249892e+19,8167377.994269771,1.0986695997416973e-09,0,0,1,0.0,0.0,0
265,397640713.7067288,3,0.0,2713562.6244040015,15582799645,27.27237144352124,120.0,3,1.5880423783696476e+20,64255917.235623814,383897825525947.94,10975231.161956253,7.944050870103497e+19,8167377.994269771,1.04046193882823e-09,0,0,1,0.0,0.0,0
266,397640713.7067288,3,0.0,2733158.8701675963,15920158932,28.382820052788166,120.0,3,1.651556421649414e+20,64070229.019376606,388968850527241.7,11124776.215727778,8.261671796752341e+19,8167377.994269771,1.1132215149700642e-09,0,0,1,0.0,0.0,0
267,719480782.282311,3,0.0,2648472.909924667,15935678151,45.125327511997334,268.41126943914117,3,1.7074166223041944e+20,67548806.55478705,415914217184866.9,11261350.892971933,8.54124225369282e+19,8219259.50037925,8.803908713161945e-10,0,0,1,0.0,0.0,0
268,456797258.3323009,3,0.0,2631006.9952605986,16213880892,35.89203498630916,120.0,5,1.7715858062274953e+20,68462284.43502347,422751487255987.75,11397835.011926958,8.862156546010037e+19,8219621.733535766,8.967617759481072e-10,0,0,1,0.0,0.0,0
269,354745538.03121483,4,0.0,2673585.5172656123,16594135354,36.03774687917285,120.0,4,1.8394557955521236e+20,67359431.1396413,416101398630180.2,11422009.162964726,9.20143999174692e+19,8224486.87941498,1.862645149230957e-09,0,0,1,0.0,0.0,0
270,403177292.91447085,4,0.0,2648975.3490601564,16925958062,31.64662631045605,120.0,5,1.9074189873345747e+20,68376091.66924343,410048387753965.94,11422009.162964726,9.541195420550413e+19,8224486.87941498,2.2882886696606874e-09,0,0,1,0.0,0.0,0
271,389791328.6252464,4,0.0,2671110.655956749,17271166732,36.97269125391754,120.0,4,1.9772555486799086e+20,67782447.69065855,405047907550035.7,11357423.551932355,9.890328222475043e+19,8224486.879414955,2.215529093518853e-09,0,0,1,0.0,0.0,0
272,419711209.3387561,4,0.0,2645098.3624145966,17586455524,40.29165104271423,272.9750693378818,4,2.04773748468261e+20,68626458.90287215,406194601447584.94,11422009.162964726,1.0242749369427526e+20,8224486.879414955,2.2118911147117615e-09,0,0,1,0.0,0.0,0
273,387368218.7335856,3,0.0,2673899.364948441,17934087305,29.212021393740862,120.0,3,2.1210198758373697e+20,67449318.67007217,403069983882698.7,11422009.162964726,1.0609130079025676e+20,8224066.111311367,1.5315890777856112e-09,0,0,1,0.0,0.0,0
274,682773571.9464912,3,0.0,2585875.2764036916,17986313732,53.61034334625085,275.28381708452326,5,2.1178526730597915e+20,71000339.32410844,437756903196957.4,11422009.162964726,1.0593640934330927e+20,8224066.111311367,1.6934791347011924e-09,0,0,1,0.0,0.0,0
275,457661869.80261934,4,0.0,2606236.418931601,18263651862,44.729442524386656,120.0,5,2.174225664622022e+20,70593213.14855224,433732948906851.0,11381597.702970123,1.0875465652599177e+20,8224066.111311367,1.356966095045209e-09,0,0,1,0.0,0.0,0
276,380533543.0650608,4,0.0,2606072.6243411265,18618118320,31.698064586348096,120.0,4,2.2493082007192568e+20,70925186.37656076,424492294359021.5,11293149.913495308,1.1250785926539873e+20,8224469.445917208,2.4883775040507317e-09,0,0,1,0.0,0.0,0
277,383694006.22469,4,0.0,2630121.0283341007,18969424313,35.572909422571946,120.0,4,2.325641892242663e+20,69973472.9078218,419178727732651.75,11204702.124020493,1.1632401248490642e+20,8224469.445917208,2.35741026699543e-09,0,0,1,0.0,0.0,0
278,442363421.2860061,3,0.0,2575165.4132375247,19262060892,36.910679723567995,278.9750693378818,4,2.40202689864148e+20,71630735.10742809,426984327239973.6,11376153.283985388,1.2014404336479799e+20,8150965.495360639,2.750311978161335e-09,0,0,1,0.0,0.0,0
279,370045892.23762506,3,0.0,2605689.4266740363,19627014999,28.573869286562438,120.0,3,2.4811509587558085e+20,70377085.53987843,423659985723467.6,11422009.162964726,1.2409991393636277e+20,8150965.495360639,2.7575879357755184e-09,0,0,1,0.0,0.0,0
280,587986050.268826,3,0.0,2545979.6344090174,19774028950,48.04809359349033,281.080828345377,4,2.5062337866911298e+20,72678263.3459655,447487978312819.0,11422009.162964726,1.2535643813238777e+20,8150965.495360639,2.88855517283082e-09,0,0,1,0.0,0.0,0
281,468120944.33938944,3,0.0,2562584.564406147,20040908005,39.89407833267061,120.0,5,2.567869090675937e+20,72226852.31956126,445485315541435.6,11390869.78690821,1.28438003065351e+20,8150965.495360639,2.608430804684758e-09,0,0,1,0.0,0.0,0
282,392724506.5012412,4,0.0,2538084.9989840356,20383183498,29.23211778446806,120.0,4,2.649468300038601e+20,73025083.14337325,445501263487973.8,11320797.985072536,1.3251796512827885e+20,8150965.495360639,2.7212081477046013e-09,0,0,1,0.0,0.0,0
283,383260512.2321549,4,0.0,2580454.443344546,20734922986,44.3831067465556,120.0,4,2.7154126974569333e+20,71826988.0063408,436864126031063.3,11230420.856329666,1.3581432128544978e+20,8235507.705871609,1.8590071704238653e-09,0,0,1,0.0,0.0,0
284,382326312.4293349,4,0.0,2610710.077408912,21087596674,38.943561783705455,120.0,4,2.797939909779172e+20,71471513.90303794,439344267114775.3,11365390.748876909,1.3994092991567007e+20,8235507.705871609,2.0372681319713593e-09,0,0,1,0.0,0.0,0
285,629969595.1756825,4,0.0,2556704.2531304066,21192627079,53.74933813785616,286.26925434717026,4,2.874171047476377e+20,73534654.16678976,462959053677294.0,11422009.162964724,1.4375484827918659e+20,8235507.705871609,2.0372681319713593e-09,0,0,1,0.0,0.0,0
286,403318490.71776813,4,0.0,2550882.1060999352,21524308589,38.95353632804029,120.0,5,2.9593245742289886e+20,73942131.61731663,461213728871538.5,11409983.51268128,1.4801235008433658e+20,8235507.705871609,1.9081198843196034e-09,0,0,1,0.0,0.0,0
287,350852586.4098023,4,0.0,2556872.256635919,21908456003,28.53002986209263,120.0,4,3.047294788678342e+20,73624945.96946311,458984845429575.0,11422009.162964724,1.5241063791846005e+20,8235507.705871609,1.786247594282031e-09,0,0,1,0.0,0.0,0
288,436002383.6042221,4,0.0,2531107.7168723233,22207453617,33.28036301791182,120.0,4,3.133878523788076e+20,74655245.2153157,461192436080570.0,11422009.162964724,1.5674004543301186e+20,8235507.705871609,1.7280399333685637e-09,0,0,1,0.0,0.0,0
289,406397057.1903298,4,0.0,2555617.060300536,22536056561,46.569186149669235,120.0,6,3.2040402047501074e+20,74299400.58751176,455759688170321.56,11422009.162964724,1.602475862063224e+20,8235507.705871609,1.7025740817189217e-09,0,0,1,0.0,0.0,0
290,427727733.4578277,4,0.0,2577940.9489278737,22843328827,63.26828473938018,291.0057182593241,5,3.2641541196114566e+20,73945909.64546865,466536103980259.7,11376224.798026226,1.6325435959097085e+20,8235507.705871609,1.7425918485969305e-09,0,0,1,0.0,0.0,0
291,490934663.58679014,4,0.0,2534501.920517939,23087394164,55.47422089961579,291.61697531967224,4,3.333809912529876e+20,75724856.57688798,467856343088179.75,11302765.716574632,1.667372812608026e+20,8303179.895036714,2.3137545213103294e-09,0,0,1,0.0,0.0,0
292,446754332.47657555,4,0.0,2572138.564796375,23375639832,72.20409838286626,293.0359280418653,4,3.4057191424516044e+20,74759004.44586034,475311344993904.8,11229306.635123037,1.703334882570796e+20,8303179.895036714,2.1082087187096477e-09,0,0,1,0.0,0.0,0
293,467311714.596795,4,0.0,2544729.854664148,23643328117,54.53594526317259,293.7184867386008,4,3.477802798538301e+20,76130832.12744562,475969389131707.44,11157274.313124947,1.7393773686582824e+20,8296717.641766518,2.2519088815897703e-09,0,0,1,0.0,0.0,0
294,387986293.85589993,4,0.0,2589384.9169551907,23990341823,42.29995524413672,120.0,4,3.5729745082590986e+20,74483131.90483023,468622766976083.2,11085241.991126858,1.7869558768965255e+20,8296717.641766518,2.2846506908535957e-09,0,0,1,0.0,0.0,0
295,433524497.9292466,4,0.0,2526159.729088172,24291817324,31.97123999922049,120.0,6,3.671260775732702e+20,76165012.15422037,485674552458503.56,11422009.162964724,1.8361160624188097e+20,8296717.641766518,2.291926648467779e-09,0,0,1,0.0,0.0,0
296,347312101.93875265,4,0.0,2565665.961500124,24679505222,37.31035063889844,120.0,4,3.7695795709513807e+20,74672975.20464596,478481431489120.44,11422009.162964724,1.8852682669071794e+20,8296717.641766518,2.266460796818137e-09,0,0,1,0.0,0.0,0
297,465387051.97253716,4,0.0,2555047.122738289,24949118172,54.76829645275845,297.8209844687492,4,3.841471112038824e+20,75260005.10525428,488725979979879.75,11422009.162964724,1.9212242819993918e+20,8299196.50570086,2.2082531359046698e-09,0,0,1,0.0,0.0,0
298,428263663.0226688,4,0.0,2591846.896548769,25255854508,48.68015153300894,120.0,5,3.931576695087311e+20,74337597.74914773,485353313236955.2,11422009.162964724,1.9662737008568926e+20,8299196.50570086,2.1864252630621195e-09,0,0,1,0.0,0.0,0
299,366033921.1005137,4,0.0,2599603.6169594685,25624820587,33.932857200119,120.0,4,4.0255467608695295e+20,74003417.79095325,483018742421510.0,11422009.162964724,2.0132563991771863e+20,8274858.415282917,2.2591848392039537e-09,0,0,1,0.0,0.0,0
300,526753991.0202246,4,0.0,2594581.786054432,25833066597,71.30000879540715,300.9237398633661,5,4.116175644804447e+20,74724571.35716172,490611158355820.1,11422009.162964724,2.0585784335605793e+20,8274858.415282917,2.204615157097578e-09,0,0,1,0.0,0.0,0
301,428280400.09448457,4,0.0,2565622.2837192137,26139786196,29.287323603409707,120.0,4,4.20901131153117e+20,75836743.66153993,495878564475047.25,11422009.162964724,2.10500153433006e+20,8274808.653043201,2.5120243662968278e-09,0,0,1,0.0,0.0,0
302,424476454.27494556,4,0.0,2573026.5263262405,26450309741,56.91036883900813,300.8604384482301,4,4.289886247892557e+20,75575136.38643643,494895537519750.6,11422009.162964724,2.145438019483798e+20,8274808.653043201,2.2628228180110455e-09,0,0,1,0.0,0.0,0
303,405021255.9566833,4,0.0,2607329.93791853,26780288485,39.286914845846105,120.0,4,4.394172802343362e+20,74558591.11456999,494503256101873.56,11422009.162964724,2.197580904427783e+20,8274784.144821049,2.1573214326053858e-09,0,0,1,0.0,0.0,0
304,476416811.8049075,4,0.0,2586022.7174958717,27038871673,57.146626474729295,300.83978352576224,4,4.463036871559685e+20,75749892.94505867,507611111151179.4,11422009.162964724,2.2320260468909936e+20,8285631.592319116,2.2628228180110455e-09,0,0,1,0.0,0.0,0
305,425137312.3038353,4,0.0,2608141.6893046293,27348734361,63.25146561690531,300.930475996627,4,4.561057960549148e+20,75029419.2138298,496233366632274.06,11422009.162964724,2.2810252136412063e+20,8285631.592319116,2.0845618564635515e-09,0,0,1,0.0,0.0,0
306,432688044.06660354,4,0.0,2613173.355365807,27651046318,56.92838943481349,300.8732665126867,4,4.641869224080255e+20,75335851.20393455,504774287590365.6,11422009.162964724,2.321439386327718e+20,8285631.592319116,2.2591848392039537e-09,0,0,1,0.0,0.0,0
307,425137312.3038353,4,0.0,2645057.952174565,27960909005,47.26043754210203,120.0,5,4.741852271684527e+20,74757158.85448517,501897701747725.8,11422009.162964724,2.371428033544011e+20,8285631.592319116,2.255546860396862e-09,0,0,1,0.0,0.0,0
308,445190231.251125,4,0.0,2590218.694759532,28250718774,56.29542908263314,301.0155784253625,4,4.8198619960843554e+20,76042635.20981857,498546626138085.56,11422009.162964724,2.4104295446683156e+20,8319520.822073018,2.5538611225783825e-09,0,0,1,0.0,0.0,0
309,431644044.4165844,4,0.0,2615621.472965315,28554074730,40.25254635069587,120.0,4,4.921588703660247e+20,75208138.14531639,501870933169321.56,11422009.162964724,2.4612962227632928e+20,8319520.822073018,2.586602931842208e-09,0,0,1,0.0,0.0,0
310,400440014.67987907,4,0.0,2613036.6071947725,28888634714,48.501037863698365,301.6724126694458,4,5.020574035353896e+20,74987376.23631726,499328555818900.75,11422009.162964724,2.510786346232767e+20,8319520.822073018,2.4811015464365482e-09,0,0,1,0.0,0.0,0
311,431644044.4165844,4,0.0,2655561.6313680597,29191990671,54.292729356450046,120.0,5,5.1244088280170155e+20,73902648.39327115,497314722483718.5,11422009.162964724,2.5627017287309915e+20,8319520.822073018,2.459273673593998e-09,0,0,1,0.0,0.0,0
312,410998934.58650374,4,0.0,2654267.430129096,29515991736,54.268831908382104,300.6512546414595,6,5.2187144260999374e+20,74290118.68151955,503816575599382.8,11422009.162964724,2.609861029625568e+20,8277246.798638263,2.397428033873439e-09,0,0,1,0.0,0.0,0
313,417402243.7897604,4,0.0,2696036.1749866568,29833589493,69.16267846494844,120.0,7,5.326700622737852e+20,73360992.73071869,500441517709998.1,11404872.736449353,2.663850752886636e+20,8359893.687592468,2.5684130378067493e-09,0,0,1,0.0,0.0,0
314,418970843.7685191,5,0.0,2690269.178522461,30149618649,61.117988413680784,300.86263191428014,6,5.416065037229588e+20,73773595.2170994,501505178047048.94,11422009.162964724,2.708534023792841e+20,8359893.687592468,2.5283952709287405e-09,0,0,1,0.0,0.0,0
315,408671853.88664746,5,0.0,2717397.4324912815,30475946794,51.18589188128137,120.0,6,5.525863435897601e+20,73239394.51185678,503149920795219.3,11422009.162964724,2.7634348678695957e+20,8350899.469332908,2.499291440472007e-09,0,0,1,0.0,0.0,0
316,418501283.80442977,5,0.0,2716451.8497354444,30792445510,62.70536940037535,300.59477825232665,5,5.636373369101883e+20,73764650.97574735,500675784221625.9,11422009.162964724,2.8186873603351632e+20,8352020.555932798,2.4665496312081814e-09,0,0,1,0.0,0.0,0
317,408887102.5138265,5,0.0,2759959.149464906,31118558408,59.890009230402164,120.0,6,5.7483811689955295e+20,72816953.42957027,497102572666524.56,11422009.162964724,2.8746876870704313e+20,8352020.555932798,2.521119313314557e-09,0,0,1,0.0,0.0,0
318,338438118.91876686,5,0.0,2764042.836165006,31515120289,48.918368335403784,300.5607036237046,5,5.8753052576573496e+20,72581203.79675892,496142023990058.6,11422009.162964724,2.9381487708526648e+20,8352020.555932798,2.510205376893282e-09,0,0,1,0.0,0.0,0
319,408887102.5138265,5,0.0,2801994.580338912,31841233186,55.89499349696643,120.0,6,5.989676649401841e+20,71923475.50231405,492679159587055.7,11422009.162964724,2.995331003860508e+20,8352020.555932798,2.4519977159798145e-09,0,0,1,0.0,0.0,0
320,414128010.41098034,5,0.0,2808735.5903346073,32162105176,61.96873070590045,300.5754348729174,5,6.082984218232063e+20,72248798.72325674,498135812447616.06,11422009.162964724,3.0419902449284796e+20,8352020.555932798,2.470187610015273e-09,0,0,1,0.0,0.0,0
321,408887102.5138265,5,0.0,2846687.3345085136,32488218073,55.73433184856983,120.0,6,6.199379641671928e+20,71851639.00265737,494731686332070.7,11422009.162964724,3.100184552522296e+20,8352020.555932798,2.4519977159798145e-09,0,0,1,0.0,0.0,0
322,338567856.1345479,5,0.0,2845166.194792029,32884650218,48.823208332913424,300.6842078276275,5,6.331238058097947e+20,71617916.5138426,490944317429009.25,11422009.162964724,3.1661099733664026e+20,8353034.127931088,2.4774635676294565e-09,0,0,1,0.0,0.0,0
323,409081708.337498,5,0.0,2888039.726208939,33210568509,54.380911566401664,120.0,5,6.449957509925141e+20,71043953.45852268,487678428489160.1,11422009.162964724,3.22546643339106e+20,8353034.127931088,2.510205376893282e-09,0,0,1,0.0,0.0,0
324,414322616.23465186,5,0.0,2894738.504038039,33531245894,61.544735719973055,300.5284968561967,5,6.546846010999729e+20,71420152.44081537,492945234462448.6,11422009.162964724,3.273915950734327e+20,8353034.127931088,2.586602931842208e-09,0,0,1,0.0,0.0,0
325,409081708.337498,5,0.0,2929657.662344751,33857164184,54.32790574098905,120.0,5,6.66758822768432e+20,71023246.11321558,489731044248993.1,11422009.162964724,3.334283844886409e+20,8353034.127931088,2.3901520762592554e-09,0,0,1,0.0,0.0,0
326,414322616.2670109,5,0.0,2910905.936615521,34177841568,55.53107335897721,300.5415646647895,5,6.766139998517479e+20,71761663.20387395,498292491423173.9,11422009.162964724,3.3835682917501626e+20,8353034.128099624,2.1755113266408443e-09,0,0,1,0.0,0.0,0
327,605311609.0277493,4,0.0,2871191.9239937267,34307529959,63.190512644875376,301.83975051741254,4,6.888518850764953e+20,73458094.84201644,492423373557377.06,11422009.162964724,3.444751848756034e+20,8353460.1341311755,2.6338966563344e-09,0,0,1,0.0,0.0,0
328,428567856.1561206,4,0.0,2865780.716800934,34613962103,53.854812018520235,300.5552950965784,4,7.012124253226395e+20,73701742.94025677,490527670476650.94,11422009.162964724,3.506552654283674e+20,8353460.1341311755,2.6157067622989416e-09,0,0,1,0.0,0.0,0
329,421830603.6340227,4,0.0,2906167.051887497,34927131500,44.85953642218727,120.0,4,7.13757167738314e+20,72424870.6718168,488310114390524.3,11422009.162964724,3.5692741488059607e+20,8341343.93571725,2.990418579429388e-09,0,0,1,0.0,0.0,0
330,483750771.7160989,4,0.0,2836048.3377932915,35178380728,56.1673560908628,301.5918622026933,4,7.210141229865717e+20,74260407.46760042,495992275359108.56,11422009.162964724,3.605566607208217e+20,8341343.93571725,2.648448571562767e-09,0,0,1,0.0,0.0,0
331,421830603.6340227,4,0.0,2882159.9039229327,35491550124,45.75751064044015,120.0,4,7.337362219498091e+20,73140626.02617726,493620537676617.25,11422009.162964724,3.6691747302867226e+20,8341343.93571725,2.8339854907244444e-09,0,0,1,0.0,0.0,0
332,385184383.82078016,4,0.0,2912485.0739295683,35841365740,44.81868897811729,120.0,5,7.467333457019141e+20,72409513.5325851,489504862664652.2,11422009.162964724,3.734156233372235e+20,8342145.994682033,2.2337189875543118e-09,0,0,1,0.0,0.0,0
333,351840508.9488131,5,0.0,2924703.209800686,36224525231,54.314448863953935,300.54972228870724,5,7.604644035483478e+20,71863301.99586014,487597524359477.2,11422009.162964724,3.802809615266099e+20,8342145.994682033,3.3360265661031008e-09,0,0,1,0.0,0.0,0
334,408516974.35975707,5,0.0,2962523.950418828,36551008257,52.07611156113328,120.0,5,7.735223526445865e+20,71187769.85692601,484596113087683.7,11422009.162964724,3.86809635933602e+20,8338861.488598052,2.521119313314557e-09,0,0,1,0.0,0.0,0
335,411837429.5559085,5,0.0,2967694.385429397,36874170828,61.522936446945245,300.5638748855034,5,7.841591779772137e+20,71350698.12056164,489932456128814.44,11422009.162964724,3.9212858223421974e+20,8338861.488598052,2.2337189875543118e-09,0,0,1,0.0,0.0,0
336,408306765.9703822,5,0.0,3001364.53906499,37200864062,52.39945708757111,120.0,5,7.974217521332063e+20,70938859.02998793,486837379102439.5,11422009.162964724,3.9875955980451335e+20,8387798.1041843295,1.5352270565927029e-09,0,0,1,0.0,0.0,0
337,411873173.6870788,5,0.0,2982510.5672428785,37523990888,54.28112867286398,300.7663326603465,5,8.08223772159245e+20,71221663.55955036,486604202888683.06,11422009.162964724,4.0416054649991135e+20,8387798.735490581,1.6152625903487206e-09,0,0,1,0.0,0.0,0
338,406158475.01045996,5,0.0,3021736.2588977423,37852832412,52.716376728973046,120.0,5,8.216966066546841e+20,70550324.78498876,483565863969351.2,11422009.162964724,4.1089665991373894e+20,8371014.265406811,1.6007106751203537e-09,0,0,1,0.0,0.0,0
339,401473816.6334512,5,0.0,3021956.2636778518,38186358596,61.4741862438672,300.51389326234096,5,8.353049645521754e+20,70489135.0727371,480887917657081.2,11422009.162964724,4.177005710678534e+20,8371014.265406811,1.6152625903487206e-09,0,0,1,0.0,0.0,0
340,398725678.94972825,5,0.0,3010729.3881818266,38522632917,43.372788342215955,120.0,6,8.490397729396236e+20,70658613.63011399,480430591855463.1,11422009.162964724,4.245679295289973e+20,8371014.265406811,1.6079866327345371e-09,0,0,1,0.0,0.0,0
341,405576965.5562321,5,0.0,3031440.851388982,38852055952,70.64732328105157,300.5234501062855,5,8.628556084990215e+20,70114675.78036138,477086178914962.8,11422009.162964724,4.314755128674023e+20,8371014.265406811,1.8480932340025902e-09,0,0,1,0.0,0.0,0
342,410798967.60171753,5,0.0,3014973.833248864,39176256985,46.19362581900058,120.0,6,8.767601853564556e+20,70491242.95899513,479684351438131.75,11422009.162964724,4.3842806111337166e+20,8371014.265406811,1.5752448234707117e-09,0,0,1,0.0,0.0,0
343,347892892.43770766,5,0.0,3038191.1006794977,39563364092,61.54545598530314,300.5031349524583,5,8.917161370899622e+20,69639175.85708182,476253004023191.7,11422009.162964724,4.459056938453834e+20,8371014.265406811,2.164597390219569e-09,0,0,1,0.0,0.0,0
344,855583659.2917727,5,0.0,2894457.4728941107,39442780432,54.24450709914287,420.0,5,9.053455115981535e+20,74241206.5889476,476479318603610.56,11422009.162964724,4.5272040373093715e+20,8371014.265406811,1.3169483281672e-09,0,0,1,0.0,0.0,0
345,480405134.70461303,5,0.0,2893786.137570326,39697375296,64.05042310625613,300.51221478799226,6,9.195820202856282e+20,74340093.54779275,480657759921285.2,11422009.162964724,4.598390759188062e+20,8371014.265406811,1.331500243395567e-09,0,0,1,0.0,0.0,0
346,398725988.6824552,5,0.0,2893670.33957726,40033649309,43.2554924619931,120.0,6,9.339876348563626e+20,74049081.29432051,479723525385502.8,11422009.162964724,4.670417897807199e+20,8371016.68519374,1.3242242857813835e-09,0,0,1,0.0,0.0,0
347,405577430.1553225,5,0.0,2917810.5834495802,40363071879,70.73763920715375,300.5217087282309,5,9.484736768657839e+20,73118285.8039476,475049906975543.2,11422009.162964724,4.742843434235895e+20,8294455.20892657,1.913576852530241e-09,0,0,1,0.0,0.0,0
348,409900140.39793485,5,0.0,2910718.185544805,40688171738,46.39139298443047,120.0,6,9.630523289133125e+20,73112847.13053192,475599731443456.1,11422009.162964724,4.8157372442980064e+20,8294455.20892657,1.9208528101444244e-09,0,0,1,0.0,0.0,0
349,405577430.1553225,5,0.0,2918586.8324808474,41017594309,61.9155640998365,300.5315612567464,5,9.777652231982662e+20,72498108.30180341,474928793212030.3,11422009.162964724,4.889301044784543e+20,8294455.20892657,1.913576852530241e-09,0,0,1,0.0,0.0,0
350,334920621.7155723,5,0.0,2927766.0315123484,41417673687,34.841149554540436,120.0,5,9.943363902152207e+20,71663934.75387362,471231223798766.1,11422009.162964724,4.9721531822999024e+20,8294455.20892657,1.9208528101444244e-09,0,0,1,0.0,0.0,0
351,405577430.1553225,5,0.0,2970546.699460464,41747096255,55.0197115881005,120.0,6,1.009287349645992e+21,70284915.41219778,468008038261752.75,11422009.162964724,5.046904756268222e+20,8294455.20892657,1.9972503650933504e-09,0,0,1,0.0,0.0,0
352,407915064.2928078,5,0.0,2976792.819613416,42074181193,61.23767753676441,300.5151565760033,5,1.021618607518488e+21,69877974.03193447,471489917428527.4,11422009.162964724,5.1085645275098684e+20,8263438.394783961,1.3496901374310255e-09,0,0,1,0.0,0.0,0
353,405577430.1553225,5,0.0,3021616.942301416,42403603762,55.60730785170978,120.0,6,1.0367747816058727e+21,68808674.57017264,468764852344909.06,11422009.162964724,5.184342672881708e+20,8368019.579562377,1.6079866327345371e-09,0,0,1,0.0,0.0,0
354,333643433.57558584,5,0.0,3021429.3281674488,42804960329,48.42227700729063,300.4887284921086,5,1.0539212348672203e+21,68668715.36189684,466399750030147.2,11422009.162964724,5.270072574086131e+20,8333008.243791697,1.6661942936480045e-09,0,0,1,0.0,0.0,0
355,405577426.529188,5,0.0,3065280.9147999347,43134382902,55.202015046079346,120.0,6,1.0693160489828937e+21,67907804.36795619,463942568457854.7,11422009.162964724,5.347044187482926e+20,8333008.243791697,1.6661942936480045e-09,0,0,1,0.0,0.0,0
356,408622951.04923695,5,0.0,3063027.1370682525,43460759951,61.07981133462196,300.49884021549826,5,1.0848088404458237e+21,68554837.41611074,462685905302214.0,11422009.162964724,5.424506888134421e+20,8333008.243791697,1.7826096154749393e-09,0,0,1,0.0,0.0,0
357,405577426.529188,5,0.0,3085051.5714712143,43790182524,47.678800361721436,120.0,6,1.1004305053326175e+21,67947890.88167536,461521522318101.06,11422009.162964724,5.502614048185406e+20,8333008.243791697,1.622538547962904e-09,0,0,1,0.0,0.0,0
358,408622951.04923695,5,0.0,3089912.0953122396,44116559572,61.35281973372875,300.50937919909524,5,1.1132672651596846e+21,67888691.49239926,465345218370299.2,11422009.162964724,5.5668016710167934e+20,8332604.909185856,2.029992174357176e-09,0,0,1,0.0,0.0,0
359,405577426.529188,5,0.0,3124136.589411041,44445982147,56.572244978567376,120.0,6,1.1290938261258062e+21,67336125.17390522,463259610907473.6,11422009.162964724,5.645932390239938e+20,8332604.909185856,2.1464074961841106e-09,0,0,1,0.0,0.0,0
360,328777860.25941306,5,0.0,3134125.86416293,44852204287,54.17079982891837,300.4813140597983,5,1.1473058592206518e+21,66953993.89236342,459414258331760.0,11422009.162964724,5.7369887103615907e+20,8256580.326120657,2.6921043172478676e-09,0,0,1,0.0,0.0,0
361,1004991240.4716909,4,0.0,2968661.509543571,44582213045,66.88784044937326,317.5097593000322,5,1.1630139529074698e+21,73326032.47226855,474013560260385.06,11422009.162964724,5.8155437780976094e+20,8256580.326120657,3.0631781555712223e-09,0,0,1,0.0,0.0,0
362,458961012.76894075,4,0.0,2868915.533299874,44858252033,45.998258771165105,300.90578428181215,4,1.1791786454658061e+21,76195581.21214315,477152175113538.56,11422009.162964724,5.896370379504144e+20,8256580.326120657,2.86672729998827e-09,0,0,1,0.0,0.0,0
363,480556944.0028391,5,0.0,2905483.636656418,45112695089,57.13315318207875,120.0,6,1.1954049289816076e+21,74697855.38688192,479468313099543.25,11422009.162964724,5.977504113221138e+20,8256580.326120657,2.8994691092520952e-09,0,0,1,0.0,0.0,0
364,398891804.4168914,5,0.0,2917140.357706232,45448803284,62.14480572107051,300.4919550675041,5,1.211825781910317e+21,74568566.53933288,477408747118517.94,11422009.162964724,6.059606318298704e+20,8256580.326120657,2.688466338440776e-09,0,0,1,0.0,0.0,0
365,405577426.529188,5,0.0,2942597.3499516645,45778225859,50.672775641488634,120.0,6,1.2283248721633443e+21,73629497.46503659,474069642129429.56,11422009.162964724,6.14209843045885e+20,8256580.326120657,2.9358488973230124e-09,0,0,1,0.0,0.0,0
366,746738362.5983939,5,0.0,2783095.241091499,45766487496,68.37878742506847,420.0,5,1.2190389830734253e+21,79040674.015781,498759753809610.06,11422009.162964724,6.095693675120936e+20,8256580.326120657,2.5502231437712908e-09,0,0,1,0.0,0.0,0
367,405577426.529188,5,0.0,2836731.1245614383,46095910069,57.5468354476136,120.0,6,1.2355908036196675e+21,77642136.77010265,493153983802613.1,11422009.162964724,6.17844717208214e+20,8285242.929939988,1.6952981241047382e-09,0,0,1,0.0,0.0,0
368,366506108.9287014,5,0.0,2853833.3042969406,46464403960,54.313061333399546,300.72905856989985,5,1.2520570865739594e+21,76940524.86859275,492046157473051.7,11422009.162964724,6.26077747902727e+20,8354772.819624004,2.648448571562767e-09,0,0,1,0.0,0.0,0
369,405325549.87172735,5,0.0,2915010.390729481,46794078410,57.44587553087579,120.0,6,1.268834129041097e+21,75664623.17188676,487016867339117.94,11422009.162964724,6.344657662072823e+20,8354758.450207228,1.899024937301874e-09,0,0,1,0.0,0.0,0
370,397338628.2169562,5,0.0,2937780.5184926554,47131739781,61.454930282557065,300.7451584356507,5,1.2830807309345686e+21,75008553.60602623,488565941237342.0,11422009.162964724,6.41589222061408e+20,8327560.588286344,2.342858351767063e-09,0,0,1,0.0,0.0,0
371,400103560.38291764,5,0.0,2994157.5455341097,47466636222,57.77847937079125,120.0,6,1.3002208611447829e+21,73898475.12892938,484179017026586.5,11422009.162964724,6.501588484740941e+20,8327560.588286344,2.1973391994833946e-09,0,0,1,0.0,0.0,0
372,396302048.4954903,5,0.0,3016702.721100786,47805334173,61.5992489650909,300.7619854281641,5,1.3146469961804753e+21,73257303.30762303,486588410937199.94,11422009.162964724,6.573721569313313e+20,8311364.030138439,2.622982719913125e-09,0,0,1,0.0,0.0,0
373,399066980.66145176,5,0.0,3072854.7959457412,48141267191,61.04435413108504,120.0,6,1.3319986329554557e+21,72411720.6472775,482918223274575.75,11422009.162964724,6.660476083000553e+20,8311364.030138439,2.0736479200422764e-09,0,0,1,0.0,0.0,0
374,578827077.751483,4,0.0,3029279.7262398787,48297440115,69.4035660229877,301.1294856946077,4,1.3465708029923054e+21,74148165.79390804,488097212589317.56,11422009.162964724,6.733342112174117e+20,8300516.582640371,1.9172148313373327e-09,0,0,1,0.0,0.0,0
375,443999614.5940606,4,0.0,3025530.7220519865,48588440501,79.97224273082642,301.1375480868894,6,1.3651212407581374e+21,74208197.9165006,482650231986897.7,11422009.162964724,6.826088854022674e+20,8300516.582640371,1.9208528101444244e-09,0,0,1,0.0,0.0,0
376,417613643.1467905,5,0.0,3050003.8925766344,48905826856,63.443781141711,300.73104336306,5,1.3840036831281705e+21,73531256.27058749,485389739472841.5,11422009.162964724,6.920503805380326e+20,8224811.535553606,1.648004399612546e-09,0,0,1,0.0,0.0,0
377,397356376.93093944,5,0.0,3104122.9562288066,49243470480,70.99500318599452,120.0,7,1.4018090692444026e+21,72067417.39517692,481616533084488.4,11422009.162964724,7.009526962755097e+20,8224811.535553606,1.076841726899147e-09,0,0,1,0.0,0.0,0
378,673911927.5135458,5,0.0,2964783.831514677,49304558554,61.397294753885774,302.3294442778617,5,1.396811933861277e+21,76977113.43224171,510090252009031.9,11422009.162964724,6.984569759558394e+20,8224811.535553606,1.0659277904778719e-09,0,0,1,0.0,0.0,0
379,461629922.96476114,4,0.0,2995457.4299185597,49577928628,71.05362955286161,300.873213346519,5,1.4146986139895097e+21,76412282.06944983,504439851638411.7,11422009.162964724,7.073997509799186e+20,8249343.399296213,1.0841176845133305e-09,0,0,1,0.0,0.0,0
380,383063402.77817917,4,0.0,3009575.145758481,49929865227,47.73612307167233,300.8948175998641,4,1.43187712812339e+21,75529887.71391113,498681997784337.0,11422009.162964724,7.159884322614735e+20,8249343.399296213,1.1095835361629725e-09,0,0,1,0.0,0.0,0
381,413666361.2774646,4,0.0,3066391.712494969,50251198866,52.99105690881345,120.0,5,1.449989732676513e+21,74575878.17630291,495198917696896.2,11422009.162964724,7.250443862300262e+20,8249343.399296213,1.1568772606551647e-09,0,0,1,0.0,0.0,0
382,412289902.3912558,4,0.0,3083739.7096158033,50573908962,56.3668557215859,301.1262393056201,5,1.4652350860394991e+21,74126772.84790091,490162984230418.94,11422009.162964724,7.326665593181726e+20,8249170.714648802,1.2332748156040907e-09,0,0,1,0.0,0.0,0
383,408528396.0211309,5,0.0,3141666.4893777827,50900380567,61.648299260110626,120.0,6,1.4835592952533292e+21,73417734.0781577,487196149521171.0,11422009.162964724,7.418283672416167e+20,8249170.714648802,1.1750671546906233e-09,0,0,1,0.0,0.0,0
384,416185370.5292182,4,0.0,3155050.7054922427,51219195197,69.1157887474474,300.8568544005273,4,1.4989928971528406e+21,73021537.81300338,488361480670227.8,11422009.162964724,7.495452847244874e+20,8243734.249331797,1.1859810911118984e-09,0,0,1,0.0,0.0,0
385,411697053.79974747,4,0.0,3212214.3360443898,51542498143,53.121125772348556,120.0,5,1.5175657491573666e+21,72408973.40794428,485744790503090.4,11422009.162964724,7.588314490577336e+20,8243734.249331797,1.0695657692849636e-09,0,0,1,0.0,0.0,0
386,644793627.7117524,4,0.0,3099846.8726092693,51632704515,62.592310313869525,301.83991287592175,4,1.515693490976085e+21,76597344.00582531,511542383786842.2,11422009.162964724,7.578978997264212e+20,8243734.249331797,1.0695657692849636e-09,0,0,1,0.0,0.0,0
387,411697053.79974747,4,0.0,3151454.9476058614,51956007461,55.30353293180995,120.0,6,1.5343714281002146e+21,76068765.56836243,508014594393061.56,11422009.162964724,7.672365155095466e+20,8243734.249331797,1.0477378964424133e-09,0,0,1,0.0,0.0,0
388,455928519.97907674,4,0.0,3144023.0241968054,52235078941,68.89074225028361,301.1480990563018,4,1.546708460344429e+21,75997580.1930858,502368867754866.7,11422009.162964724,7.7340446705899e+20,8243734.249331797,1.1095835361629725e-09,0,0,1,0.0,0.0,0
389,411697053.79974747,4,0.0,3201186.654748953,52558381888,52.58766523786411,120.0,5,1.565577268549684e+21,75166029.9559332,499226628926287.25,11422009.162964724,7.828385569377346e+20,8243734.249331797,1.127773430198431e-09,0,0,1,0.0,0.0,0
390,411246101.0503907,4,0.0,3217963.756577118,52882135786,54.65612939717068,301.18853837031446,4,1.5814463795541456e+21,74708769.9295557,494575312676217.0,11422009.162964724,7.907726473083404e+20,8243734.249331797,1.0695657692849636e-09,0,0,1,0.0,0.0,0
391,411697053.79974747,4,0.0,3269039.303896573,53205438733,54.43108880768421,120.0,5,1.6005263544065888e+21,74032640.99668343,492219687768213.9,11422009.162964724,8.003123991720712e+20,8243734.249331797,1.0695657692849636e-09,0,0,1,0.0,0.0,0
392,588045119.5919666,4,0.0,3183731.795910561,53352393612,55.352060635045596,420.0,4,1.602992057974963e+21,76015916.52682565,489813233405785.1,11422009.162964724,8.015450103108221e+20,8243734.249331797,1.0732037480920553e-09,0,0,1,0.0,0.0,0
393,411697053.79974747,4,0.0,3243557.793046248,53675696559,50.936138455077305,120.0,5,1.6222028941498909e+21,74957855.89746466,487667568357722.3,11422009.162964724,8.111502138317813e+20,8243734.249331797,1.2441887520253658e-09,0,0,1,0.0,0.0,0
394,455928519.9790766,4,0.0,3227193.840316923,53954768039,54.24555705000876,300.8588330155355,4,1.6412398075722809e+21,76372586.58046733,491981891956210.5,11422009.162964724,8.20669101975336e+20,8243734.249331797,1.418811734765768e-09,0,0,1,0.0,0.0,0
395,412499080.5522417,4,0.0,3264514.4985884526,54277268959,41.0262843814991,120.0,5,1.6606765352620683e+21,75642457.02447061,490824497428648.7,11422009.162964724,8.303873500807771e+20,8305113.397877361,1.3751559890806675e-09,0,0,1,0.0,0.0,0
396,419303931.156542,4,0.0,3279484.491534764,54592965028,69.17921819362353,300.88126281494914,4,1.6769431667037734e+21,75204974.59273754,490147699908662.7,11422009.162964724,8.385205981218776e+20,8347859.813913942,1.418811734765768e-09,0,0,1,0.0,0.0,0
397,694242107.9351747,4,0.0,3171925.938154576,54633722920,83.85397262401204,301.16173223736456,4,1.6748727620020284e+21,78683565.699924,495843929329725.7,11422009.162964724,8.374859653939471e+20,8347859.813913942,1.5279510989785194e-09,0,0,1,0.0,0.0,0
398,561260179.0174966,4,0.0,3178046.921179113,54807462740,80.86147202574837,300.81838123556923,4,1.692664076203669e+21,79067120.94964412,493570208808749.2,11126787.15609065,8.463813951227154e+20,8347859.342986119,1.5497789718210697e-09,0,0,1,0.0,0.0,0
399,766995447.9073329,4,0.0,2996221.241524019,54775467294,62.1009130023149,420.0,4,1.688406952442503e+21,85467476.84545465,529870492214428.0,11422009.162964724,8.44256463270473e+20,8368408.734467005,1.899024937301874e-09,0,0,1,0.0,0.0,0
400,465373688.52392566,4,0.0,3005919.6296016825,54555093604,73.63026204188115,300.83872284677943,5,1.6858784527773228e+21,85131489.2619765,536927200181846.06,11422009.162964724,8.429929191086796e+20,8368408.734467005,2.0372681319713593e-09,0,0,1,0.0,0.0,0
401,354425183.8777523,4,0.0,3058455.2484709807,54445668421,69.13597542874993,300.87262636322237,4,1.6879673866042962e+21,83385043.1704923,525967934876316.4,11422009.162964724,8.440362900956358e+20,8367287.647867114,1.979060471057892e-09,0,0,1,0.0,0.0,0
402,361725569.2821048,4,0.0,3115459.411016034,54328942851,54.311065964277645,300.88405751702487,4,1.690320383306334e+21,81877951.89728937,518982562752567.7,11422009.162964724,8.452120899094422e+20,8367287.647867114,1.979060471057892e-09,0,0,1,0.0,0.0,0
403,505869340.4526812,4,0.0,3095910.724153308,54068073510,82.519111719099,300.9165957850451,4,1.6808495141670523e+21,83031279.0617903,529473918667690.6,11422009.162964724,8.404777044753929e+20,8404902.55088668,2.750311978161335e-09,0,0,1,0.0,0.0,0
404,603548972.2672417,4,0.0,3087441.51482374,53709524538,92.06900430618589,300.90784246622485,4,1.674273086684917e+21,83861040.68334459,528723595003324.56,11133774.685426384,8.371894157019588e+20,8340827.264241755,2.764863893389702e-09,0,0,1,0.0,0.0,0
405,438752947.58554447,4,0.0,3084105.469331849,53515771590,72.35098763139189,300.9202214231254,5,1.6751949316751253e+21,84314446.35001318,531804228256389.75,11422009.162964724,8.376506462603882e+20,8340827.264241755,2.7212081477046013e-09,0,0,1,0.0,0.0,0
406,468080747.6605578,4,0.0,3110395.916554659,53292690842,78.83608286918225,300.94184704560826,4,1.6759363817441665e+21,83898865.6497013,533978156192823.3,11422009.162964724,8.380215886877025e+20,8335962.005739409,2.990418579429388e-09,0,0,1,0.0,0.0,0
407,338520281.6994821,3,0.0,3162775.424463128,53199170562,46.27684821181497,300.7530271542682,3,1.6770082522704936e+21,82296171.08674125,517176960989426.5,11422009.162964724,8.385558438313457e+20,8335962.005739409,2.9103830456733704e-09,0,0,1,0.0,0.0,0
408,378542239.8895517,3,0.0,3174023.1116022426,53065628321,47.873626056278745,300.8828443121432,3,1.6726776571123838e+21,82390579.22653644,508217496892439.9,11113646.44882478,8.363896503058812e+20,8387774.693802715,3.496097633615136e-09,0,0,1,0.0,0.0,0
409,667196802.0013578,3,0.0,3040080.2364395577,52643431519,55.15684152027767,303.3227359329666,3,1.6497879726483e+21,87620294.5681832,554082838497657.56,11422009.162964724,8.249493946079997e+20,8387774.693802715,3.4415279515087605e-09,0,0,1,0.0,0.0,0
410,367468906.92447686,3,0.0,3119459.4864727003,52520962613,62.68378572479231,300.9065631495514,3,1.6473693260474037e+21,85637686.11300276,542751681740204.6,11422009.162964724,8.237389381918759e+20,8387774.693802715,3.899913281202316e-09,0,0,1,0.0,0.0,0
411,411003684.8756266,3,0.0,3093668.2875882927,52354958928,42.35240938663893,300.75246362412605,3,1.6446156225219687e+21,87509071.01220745,559049390888474.0,11422009.162964724,8.223637162000731e+20,8346038.596248489,3.2887328416109085e-09,0,0,1,0.0,0.0,0
412,323494201.7982495,3,0.0,3153053.138183591,52276464726,33.28950970856645,120.0,4,1.6452745533143187e+21,86098678.51896064,546876665675360.2,11422009.162964724,8.226919643237269e+20,8346038.596248489,3.2741809263825417e-09,0,0,1,0.0,0.0,0
413,364018748.6389699,3,0.0,3211248.4846037803,52157445977,53.701128318182825,300.8105183445499,3,1.6457449060564074e+21,84944101.87720922,539341704023768.4,11422009.162964724,8.22926387198606e+20,8346033.431739782,3.3760443329811096e-09,0,0,1,0.0,0.0,0
414,323494201.7982495,3,0.0,3265077.6361849485,52078951775,31.363048323723127,120.0,3,1.6464346286661386e+21,83842912.5639864,528337357947443.2,11422009.162964724,8.23270148068864e+20,8346033.431739782,3.281456883996725e-09,0,0,1,0.0,0.0,0
415,333577289.21110505,3,0.0,3319061.125342092,51990374486,69.97236500554008,300.84326134378136,3,1.64754908875026e+21,82408100.77376391,522148370569775.5,11422009.162964724,8.23826759212187e+20,8346033.431739782,3.1868694350123405e-09,0,0,1,0.0,0.0,0
416,458232901.95123804,3,0.0,3289638.4608187326,51777141585,61.67586374453965,301.3553895252728,3,1.6422442520186436e+21,84002706.62151295,513891720896709.8,11113646.44882478,8.211735151814114e+20,8346033.431739782,3.2741809263825417e-09,0,0,1,0.0,0.0,0
417,409395903.91858923,3,0.0,3324496.9668896734,51612745680,45.53129693927807,300.86487492391444,3,1.6384541046107978e+21,83642794.46436065,520953608130554.1,11422009.162964724,8.19279147666212e+20,8346033.431739782,2.7066562324762344e-09,0,0,1,0.0,0.0,0
418,323494201.7982495,3,0.0,3402330.56555387,51534251479,33.48613383944196,120.0,3,1.639197219760116e+21,81904369.61111602,508847195295980.1,11422009.162964724,8.196494945995876e+20,8346033.431739782,2.4883775040507317e-09,0,0,1,0.0,0.0,0
419,333892674.7154102,3,0.0,3425262.275583953,51445358804,40.16269225973847,300.88762560163804,3,1.6370207607605347e+21,81999872.89018331,511726433150109.7,11422009.162964724,8.185615530235823e+20,8372889.881869834,2.306478563696146e-09,0,0,1,0.0,0.0,0
420,326931827.41489613,3,0.0,3486882.744322035,51363426977,32.30337633885945,120.0,3,1.637613529705293e+21,80471890.81071647,499958299868497.4,11422009.162964724,8.188567606826334e+20,8372889.881869834,3.296008799225092e-09,0,0,1,0.0,0.0,0
421,333892674.7154102,3,0.0,3515904.2775638048,51274534301,46.65895840319828,300.54602345288225,3,1.6354498172407222e+21,79970016.06225164,491491496199906.6,11422009.162964724,8.17774057769981e+20,8372889.881869834,3.3105607144534588e-09,0,0,1,0.0,0.0,0
422,326931827.41489613,3,0.0,3559225.2855266486,51192602474,27.575438877770235,120.0,3,1.636062129003838e+21,78953924.53040875,487453815815941.8,11422009.162964724,8.180798098835006e+20,8374018.495031078,3.954482963308692e-09,0,0,1,0.0,0.0,0
423,544900785.4921347,3,0.0,3482107.67817488,50892701689,71.25825481195308,301.1515247581581,3,1.6331598417784755e+21,82056532.1991375,495759968314569.8,11422009.162964724,8.166294968860692e+20,8374018.495031078,4.041794454678893e-09,0,0,1,0.0,0.0,0
424,328104977.60050696,3,0.0,3536868.218962578,50809596712,32.48849229423468,120.0,3,1.6337297366642962e+21,80228617.48559988,483587458259968.06,11422009.162964724,8.169132270779741e+20,8374018.495031078,3.1104718800634146e-09,0,0,1,0.0,0.0,0
425,493823731.1413206,3,0.0,3483844.2279381133,50560772980,61.66727547842457,300.8918126850273,3,1.6302939711133463e+21,82113933.50935785,497936861067554.94,11106932.336292267,8.1519677924278e+20,8374018.495031078,3.132299752905965e-09,0,0,1,0.0,0.0,0
426,438822132.58524656,3,0.0,3496052.492592862,50366950848,60.2738684458698,300.40203464316215,5,1.626941961189079e+21,81569994.3497691,493867561907208.5,11422009.162964724,8.135203673507303e+20,8374018.495031078,3.0959199648350477e-09,0,0,1,0.0,0.0,0
427,317893983.7681432,3,0.0,3533064.3057130957,50294056864,45.880997748498025,300.931614540728,3,1.6295990331052875e+21,80124454.59884155,492198805865891.94,11422009.162964724,8.148487364332303e+20,8374018.495031078,2.710294211283326e-09,0,0,1,0.0,0.0,0
428,383402060.12642586,3,0.0,3531088.0052563883,50155654804,46.19199646997949,301.06774984395724,3,1.6271167072342025e+21,80453146.34312212,494558940684571.7,11422009.162964724,8.136078095111697e+20,8374018.495031078,2.7466739993542433e-09,0,0,1,0.0,0.0,0
429,340710119.5891712,3,0.0,3544272.647883509,50059944683,47.172308608189745,300.73963074954327,3,1.6288250458165742e+21,79841281.95071518,485050889478989.1,11106932.336292267,8.14461027997235e+20,8374018.495031078,2.6448105927556753e-09,0,0,1,0.0,0.0,0
430,352285248.963746,3,0.0,3570089.3876978825,49952659435,25.418722470925434,120.0,3,1.6300627279516357e+21,79174755.58110267,485927489110930.75,11422009.162964724,8.15079956724729e+20,8374018.495031078,2.7030182536691427e-09,0,0,1,0.0,0.0,0
431,271625581.33559704,3,0.0,3637361.331795155,49926033853,36.13960592450541,120.0,4,1.6309516408023435e+21,77296430.34842035,470499392974909.94,11422009.162964724,8.155228703404693e+20,8374018.495031078,2.7685018721967936e-09,0,0,1,0.0,0.0,0
432,413901038.43242824,3,0.0,3603454.605223421,49757132816,60.9492045103076,301.01550286732754,3,1.6302309933718105e+21,78361079.87915365,479663603119189.7,11422009.162964724,8.151634630462172e+20,8374018.495031078,2.76122591458261e-09,0,0,1,0.0,0.0,0
433,382487082.9912118,3,0.0,3583497.9568412015,49619645733,52.868264303696414,300.6925144659737,4,1.6312181529873537e+21,78659374.08196446,478584674036497.0,11106932.336292267,8.156569349610804e+20,8360079.59843016,2.499291440472007e-09,0,0,1,0.0,0.0,0
434,393387092.42922914,3,0.0,3630526.9825018733,49471258640,62.24467895394189,301.04732196462567,3,1.6276152060190266e+21,77033377.276795,483258619391845.06,11422009.162964724,8.138559288714525e+20,8423262.553897044,2.6666384655982256e-09,0,0,1,0.0,0.0,0
435,356618735.2590169,3,0.0,3630555.9230728406,49359639904,45.6930505835987,300.7085979349232,3,1.6246383330662374e+21,77374677.02093954,478020728101649.3,11091136.597425546,8.123669686059288e+20,8423262.553897044,2.521119313314557e-09,0,0,1,0.0,0.0,0
436,333407558.2564028,3,0.0,3690848.609311922,49271232346,38.370305749442686,120.0,4,1.6256747434116118e+21,75562089.36599454,471195788741534.7,11398977.906765388,8.1288449128468e+20,8423262.553897044,3.6052369978278875e-09,0,0,1,0.0,0.0,0
437,414014317.75849456,3,0.0,3672288.5951125612,49102218028,46.31600244281414,301.0989737426314,3,1.6182284369860218e+21,76939512.02853598,484399059755903.06,11068105.34122621,8.091626583989864e+20,8423262.553897044,3.2996467780321836e-09,0,0,1,0.0,0.0,0
438,347832255.27293575,3,0.0,3669112.902307855,48999385774,24.615070089146023,120.0,4,1.620219555857043e+21,77166157.94486056,486304201957981.56,11246746.912875297,8.101584083487173e+20,8371229.115109954,3.205059329047799e-09,0,0,1,0.0,0.0,0
439,308891893.547815,3,0.0,3707256.8454167116,48935493880,60.96928820869154,300.5988064355721,4,1.6209905958537863e+21,75872287.69425432,482481071683498.5,11422009.162964726,8.105435460340614e+20,8432828.253079701,3.1359377317130566e-09,0,0,1,0.0,0.0,0
440,255238277.53884006,3,0.0,3778547.4924480096,48925255603,32.10451686819099,120.0,3,1.6232681934861136e+21,73889573.75760357,465992503592267.2,11422009.162964726,8.11680695993416e+20,8432828.253079701,3.0631781555712223e-09,0,0,1,0.0,0.0,0
441,473634766.1466557,3,0.0,3735181.9642756456,48696620837,45.985585032207794,301.17604590098296,3,1.6112430097588583e+21,76365945.41805275,488701300204666.25,11104043.825381123,8.056703750094497e+20,8432828.253079701,2.9976945370435715e-09,0,0,1,0.0,0.0,0
442,400170308.9983811,3,0.0,3709733.1002427232,48541450527,27.632663861903033,120.0,5,1.6126415462075746e+21,77416547.88893569,496655183917176.0,11422009.162964726,8.06370438622179e+20,8432828.253079701,3.612512955442071e-09,0,0,1,0.0,0.0,0
443,311068657.48758066,3,0.0,3741429.236977606,48475381869,57.24565110188442,300.54894224181584,4,1.610084271072936e+21,76562346.22692992,492195134123404.8,11391665.085712034,8.050913550498803e+20,8432836.621349644,2.61206878349185e-09,0,0,1,0.0,0.0,0
444,300937744.5774292,3,0.0,3749592.1529278615,48419444125,25.736650698249825,120.0,3,1.6132580274616512e+21,76205213.04410094,484818151702126.94,11322003.202744775,8.066774955459959e+20,8432836.621349644,2.0845618564635515e-09,0,0,1,0.0,0.0,0
445,297972033.77368724,3,0.0,3798399.386936589,48366472091,90.63408238193803,300.52698212558914,4,1.6148133717100132e+21,74574861.69961141,464489874692231.44,11004037.865161171,8.074531348424758e+20,8371952.527877495,2.7721398510038853e-09,0,0,1,0.0,0.0,0
446,419376114.36715174,3,0.0,3821515.93579613,48192095976,62.249030139055115,301.0050672319253,3,1.6070451372838596e+21,74352386.10491952,475804572480391.6,11182679.436810257,8.035701490991779e+20,8371952.527877495,2.815795596688986e-09,0,0,1,0.0,0.0,0
447,367501917.0865663,3,0.0,3805397.095527841,48069594059,45.84405203403945,300.54070943186264,3,1.603542664944301e+21,75355557.80612513,472640244888549.25,10864714.099226654,8.018185964966394e+20,8371952.527877495,3.7034624256193638e-09,0,0,1,0.0,0.0,0
448,300970521.9010403,3,0.0,3865784.0118366117,48013623538,31.907061446697227,120.0,3,1.605077850618481e+21,73642392.6153124,462004557868363.7,11043355.67087574,8.025851257650273e+20,8371952.527877495,2.7721398510038853e-09,0,0,1,0.0,0.0,0
449,300970521.9010403,3,0.0,3898212.675213307,47957653016,28.064369111110576,120.0,3,1.6066280630488292e+21,73013314.39540881,460566493589866.7,11221997.242524825,8.033600881737736e+20,8371952.527877495,2.8085196390748024e-09,0,0,1,0.0,0.0,0
450,599212159.9337548,3,0.0,3850019.877254235,47603440856,58.77017825243159,301.4195771816185,4,1.608051781227791e+21,75210939.39268051,489803115069904.9,11400638.81417391,8.040748709254024e+20,8371952.527877495,2.815795596688986e-09,0,0,1,0.0,0.0,0
451,356276767.98033935,3,0.0,3820904.592716709,47492164088,40.473764810524386,300.4705141839118,3,1.6096361797526534e+21,76556405.09700923,488919628909443.25,11082673.476590307,8.048669818392176e+20,8384196.92846855,2.4665496312081814e-09,0,0,1,0.0,0.0,0
452,300970521.9010403,3,0.0,3864106.473755512,47436193566,27.8477366409981,120.0,3,1.6112422954333357e+21,75203363.72406286,479367262131394.56,11261315.048239393,8.05669084442881e+20,8384196.92846855,2.342858351767063e-09,0,0,1,0.0,0.0,0
453,283289139.3477499,2,0.0,3886432.74470004,47397904427,25.115668543058284,120.0,3,1.6129372357686875e+21,74614376.81846589,476200975877519.0,11422009.162964728,8.065162379819315e+20,8384196.92846855,2.5393092073500156e-09,0,0,1,0.0,0.0,0
454,239932033.47957546,2,0.0,3949380.6003226894,47402972393,23.492412274237378,120.0,2,1.6153035665653542e+21,72475584.77138521,459216754240971.94,11422009.162964728,8.076977049581012e+20,8384196.92846855,2.5247572921216488e-09,0,0,1,0.0,0.0,0
455,548853892.704949,2,0.0,3866975.0487669464,47099118501,40.41309863969202,301.7382872802237,2,1.5965527412402498e+21,75961240.66333452,495891205332912.9,11104043.825381124,7.983259597406582e+20,8384196.92846855,2.582964953035116e-09,0,0,1,0.0,0.0,0
456,383004057.73865587,2,0.0,3891095.5935750315,46961114443,35.532363201335116,120.0,4,1.5928009931928639e+21,75494869.86592688,493088179446961.25,11422009.162964728,7.964498054143767e+20,8384196.92846855,2.5538611225783825e-09,0,0,1,0.0,0.0,0
457,234023958.92338133,2,0.0,3967646.281168577,46972090484,56.20053250284771,300.3849686820285,3,1.595141575968098e+21,73317873.06913784,473843268662063.0,11391665.085712036,7.976181723109153e+20,8384196.92846855,2.444721758365631e-09,0,0,1,0.0,0.0,0
458,347077767.01276445,2,0.0,3931118.2168143187,46870012717,18.23607248438979,120.0,2,1.594212732158993e+21,74880360.91442977,480266738888828.9,11075022.208313378,7.971543927533854e+20,8378907.0877287695,2.4301698431372643e-09,0,0,1,0.0,0.0,0
459,349197182.8799143,2,0.0,3975880.6639051875,46765815534,54.142977726088404,300.3922432357673,2,1.5909122607755265e+21,73654634.11212075,471732880519343.06,11254986.240147408,7.955033036758153e+20,8378907.0877287695,2.495653461664915e-09,0,0,1,0.0,0.0,0
460,282351351.91346335,2,0.0,4008300.56138817,46728464183,20.869578505239645,120.0,2,1.592650699180038e+21,72620796.50362003,468468281370801.0,11422009.162964728,7.96372196418156e+20,8378907.0877287695,2.4301698431372643e-09,0,0,1,0.0,0.0,0
461,239593483.67222953,2,0.0,4076890.4213022226,46733870699,22.8747683242438,120.0,2,1.5950429142401273e+21,70540711.0901444,452147162890270.9,11422009.162964728,7.975666718363527e+20,8378907.0877287695,2.459273673593998e-09,0,0,1,0.0,0.0,0
462,314906627.09893584,2,0.0,4106883.4212444243,46663964071,44.02734667882366,300.4074062117827,2,1.596466251612091e+21,69814805.7432529,438747471008499.94,11105366.28556607,7.982770005531464e+20,8378907.0877287695,2.5538611225783825e-09,0,0,1,0.0,0.0,0
463,344186967.344459,2,0.0,4138578.073245322,46564777104,64.16678958395262,300.3701971914521,3,1.5958354777446364e+21,68865003.48633273,434543736425407.0,11422009.162964728,7.979611932459607e+20,8378907.0877287695,2.597516868263483e-09,0,0,1,0.0,0.0,0
464,292743860.92216635,2,0.0,4133420.8335218495,46517033243,16.820980734600354,120.0,2,1.597026701161833e+21,68957962.51667346,432244744800692.5,11105366.28556607,7.985565750553965e+20,8378907.0877287695,2.6557245291769505e-09,0,0,1,0.0,0.0,0
465,523267461.7218751,2,0.0,4105478.6391001884,46238765782,39.13652266177948,300.9913110940557,2,1.5808575787713374e+21,70314342.68774942,461062205696764.0,11328615.503669502,7.904748956062384e+20,8378907.0877287695,2.6557245291769505e-09,0,0,1,0.0,0.0,0
466,372730089.9380872,2,0.0,4083195.3388133324,46111035692,38.381518294796436,300.36939558500154,2,1.575808923437147e+21,71593720.42596656,458352013221115.25,11001048.238023879,7.879502969198957e+20,8422604.640716627,3.4269760362803936e-09,0,0,1,0.0,0.0,0
467,308050107.00146544,2,0.0,4112036.6080339435,46047985584,38.13902938510992,300.4156751890335,2,1.5758285500959047e+21,70788803.28035523,455646082508936.5,11170087.881610945,7.879598396562033e+20,8422604.640716627,2.4519977159798145e-09,0,0,1,0.0,0.0,0
468,309197182.8799143,2,0.0,4142635.4994934467,45983788401,77.34749288634505,300.46351637612094,2,1.5757707843276185e+21,69845881.09989828,438102597154267.8,10842520.615965322,7.879292024235248e+20,8422620.82941612,2.735760062932968e-09,0,0,1,0.0,0.0,0
469,292743860.92216635,2,0.0,4196005.200876227,45936044541,22.087213693333833,120.0,2,1.577012380265213e+21,68235002.64574684,432589774668522.44,11011560.259552388,7.885494491100734e+20,8422620.82941612,2.7575879357755184e-09,0,0,1,0.0,0.0,0
470,309197182.8799143,2,0.0,4171456.895704972,45871847358,30.091766790305087,300.37189941398236,2,1.5769795062824226e+21,68894362.95662883,427577379992280.06,10669552.32977503,7.885325108792105e+20,8483392.478406884,2.975866664201021e-09,0,0,1,0.0,0.0,0
471,446797580.71611094,2,0.0,4180212.006500045,45670049777,51.24079474775283,300.8547272493008,2,1.5662040605316347e+21,69024893.49945019,443490237572115.2,10824151.309230361,7.831463792895746e+20,8483392.478406884,2.76122591458261e-09,0,0,1,0.0,0.0,0
472,285631498.4981301,2,0.0,4222140.3927834965,45629418279,21.661291906746985,120.0,2,1.56391257778359e+21,67916529.77031437,429756113457459.06,10730446.834069349,7.819992645031407e+20,8483392.478406884,2.7685018721967936e-09,0,0,1,0.0,0.0,0
473,285598721.17451894,2,0.0,4250112.424349748,45588819558,19.078841022972146,120.0,2,1.5657388395034106e+21,67232143.50037026,428144463657083.0,10884789.74068397,7.82912234198071e+20,8483392.478406884,2.863089321181178e-09,0,0,1,0.0,0.0,0
474,285664275.8217413,2,0.0,4306395.665923208,45548155282,21.553827019046782,120.0,2,1.567578788134103e+21,65613617.747243665,418479768891210.5,11039388.7201393,7.838312420439407e+20,8483392.478406884,2.964952727779746e-09,0,0,1,0.0,0.0,0
475,412663430.40493286,2,0.0,4238542.253636758,45380491852,23.97046877508079,120.0,3,1.5636597680834981e+21,68555911.2499901,432694755150034.75,10697380.790361943,7.81873153517264e+20,8480814.486157075,2.3646862246096134e-09,0,0,1,0.0,0.0,0
476,308867199.8719385,2,0.0,4264552.958858019,45316624651,33.25970808864537,300.4742499012979,2,1.563699996104562e+21,67523451.017411,424499500891063.3,10850690.77369237,7.818924480023702e+20,8480814.486157075,2.1391315385699272e-09,0,0,1,0.0,0.0,0
477,285466506.9941423,2,0.0,4321502.609965025,45276158144,50.854581546918894,300.65712155924933,2,1.561419311175527e+21,65897350.04334466,419125903700724.0,10756341.800468905,7.807515681781336e+20,8480814.486157075,2.3392203729599714e-09,0,0,1,0.0,0.0,0
478,358559123.52544606,2,0.0,4296230.242845226,45162599021,37.932371145918374,300.32713054604903,2,1.5582325680195617e+21,67091263.04093889,416709960906972.9,10414333.870691547,7.791579550058716e+20,8480814.486183098,2.684828359633684e-09,0,0,1,0.0,0.0,0
479,327798032.43556803,2,0.0,4327677.006447377,45079800989,44.34909279686807,300.4854923174919,2,1.5568225646342596e+21,66027854.99691782,415287181438556.4,10567643.854021974,7.784528110352737e+20,8480814.486183098,1.8226273823529482e-09,0,0,1,0.0,0.0,0
480,285466506.9941423,2,0.0,4351394.718428072,45039334481,16.43666278230766,120.0,2,1.5545498702279053e+21,65238489.69037935,404981310217252.0,10473294.88079851,7.773154332449744e+20,8480814.486183098,1.8189894035458565e-09,0,0,1,0.0,0.0,0
481,306667888.61088943,2,0.0,4374719.971646898,44977666592,19.388229721709475,120.0,2,1.55620796820648e+21,64829700.481519714,408259164383271.1,10709939.222711451,7.781448100196783e+20,8480814.486183098,1.786247594282031e-09,0,0,1,0.0,0.0,0
482,285334292.8137655,2,0.0,4424147.490673204,44937332300,21.662301179748056,120.0,2,1.5581396440023218e+21,63176563.61570057,399388386333453.06,10863249.206041878,7.791097608397943e+20,8480814.486183098,1.877197064459324e-09,0,0,1,0.0,0.0,0
483,372756214.7286809,2,0.0,4366595.7297545215,44809576085,22.503686848863143,120.0,3,1.5565647392099897e+21,65138687.0883224,407744422268548.9,10500492.862919504,7.783231440472217e+20,8563808.139563164,1.8553691916167736e-09,0,0,1,0.0,0.0,0
484,348867199.8719385,2,0.0,4385452.97030262,44705708885,61.410318800958,300.4972806942844,2,1.5535705851105643e+21,64356738.64495272,403189938935922.1,10633054.432904914,7.768256115491757e+20,8563465.433869157,3.357854438945651e-09,0,0,1,0.0,0.0,0
485,291380314.4694965,2,0.0,4398926.310076329,44659328571,18.259851921492967,120.0,2,1.555477860967427e+21,63914172.587827675,404690293104266.75,10789233.274983022,7.77779399513024e+20,8563465.433869157,3.2741809263825417e-09,0,0,1,0.0,0.0,0
486,305393529.3112758,2,0.0,4460058.869722111,44598935041,50.70681758083513,300.45863195996,2,1.5559013943397806e+21,62375502.93927827,401431238343308.1,10941842.423940804,7.779908402937247e+20,8483275.117979668,4.016328603029251e-09,0,0,1,0.0,0.0,0
487,285466506.9941423,2,0.0,4497806.1349630775,44558468534,21.63933252659926,120.0,2,1.5536396623226342e+21,61503330.00097818,390247287206294.6,10846792.616344694,7.768588558900378e+20,8483275.117979668,3.903551260009408e-09,0,0,1,0.0,0.0,0
488,388062460.8096455,2,0.0,4433293.749011549,44415406074,21.907044623502628,120.0,3,1.5509655991835408e+21,63796553.002338566,401113918550984.56,10504083.852194693,7.755229109836255e+20,8483275.117979668,3.987224772572517e-09,0,0,1,0.0,0.0,0
489,348867199.8719385,2,0.0,4470261.433594757,44311538874,88.34684246865821,300.50965579124323,2,1.5480302213066515e+21,62738653.54874458,395358808173311.7,10656693.001152474,7.740546465341431e+20,8483346.593162056,4.431058187037706e-09,0,0,1,0.0,0.0,0
490,301264741.51470816,2,0.0,4517744.127685834,44255274133,50.81376068506122,300.4477234177416,2,1.5449015445160848e+21,61338116.28270726,391304100667205.5,10582204.329529189,7.724899026681092e+20,8565591.137053348,3.496097633615136e-09,0,0,1,0.0,0.0,0
491,290730157.803185,2,0.0,4554902.57766102,44209543975,21.609860673855106,120.0,2,1.5425962462283513e+21,60580019.71347898,380633377774970.25,10507715.657905903,7.713361864519532e+20,8565694.7955168,1.9354047253727913e-09,0,0,1,0.0,0.0,0
492,285598721.17451894,2,0.0,4562334.575942128,44168945254,16.30571347877799,120.0,2,1.5446263232153086e+21,60189507.988145016,381545939274756.06,10661357.730147878,7.723513162015817e+20,8565694.7955168,1.7062120605260134e-09,0,0,1,0.0,0.0,0
493,295702947.1400531,2,0.0,4621456.750053701,44118242306,21.359174083038823,120.0,2,1.546577961297196e+21,59019483.169614494,374699846473366.6,10855089.151051305,7.733264506332453e+20,8614705.674850246,2.3246684577316046e-09,0,0,1,0.0,0.0,0
494,435176683.15681434,2,0.0,4534936.2252868675,43928065623,19.075278184496128,120.0,3,1.542843575656395e+21,62557101.82340691,389915932334461.25,10512380.386901304,7.71460779421431e+20,8697820.983032525,2.281012712046504e-09,0,0,1,0.0,0.0,0
495,334077206.9064282,2,0.0,4553368.368241948,43838988416,33.13907969757764,300.37659155561556,2,1.540144918705541e+21,61823289.21420077,386225811221349.7,10706111.807804732,7.701110819338926e+20,8697820.983032525,2.179149305447936e-09,0,0,1,0.0,0.0,0
496,285122779.2991254,2,0.0,4587050.768087548,43798865637,19.32805869906003,120.0,2,1.5422519874798058e+21,60872025.1599554,385395386208497.0,10858514.448079536,7.711645332785238e+20,8672764.857508421,3.3542164601385593e-09,0,0,1,0.0,0.0,0
497,295702947.1400531,2,0.0,4637771.797675531,43748162689,18.705204061295795,120.0,2,1.5442731599969124e+21,59681153.48142623,378672818882049.3,11052245.868982963,7.721744472803444e+20,8672764.857508421,3.041350282728672e-09,0,0,1,0.0,0.0,0
498,385118857.1820261,2,0.0,4606403.762858653,43608043833,38.458489145935076,300.3692978928044,2,1.5411255829743403e+21,61598754.70420712,386102949325475.75,10709537.104832962,7.706014017821027e+20,8672764.857508421,3.259629011154175e-09,0,0,1,0.0,0.0,0
499,336521527.45241165,2,0.0,4638428.5806277655,43516522305,37.17210970864635,300.3503759444546,2,1.5384459296175948e+21,60462587.75843997,379981196597072.0,10912816.652869139,7.692609629284572e+20,8710957.366039412,3.39787220582366e-09,0,0,1,0.0,0.0,0
500,285122779.2991254,2,0.0,4661957.735937685,43476399525,19.107808176297937,120.0,2,1.5406069752754508e+21,59430848.53548405,379470623507966.0,11065219.293143943,7.703414347000762e+20,8703683.980521843,3.2232492230832577e-09,0,0,1,0.0,0.0,0
501,300591588.2320199,2,0.0,4716387.853481393,43420807938,22.203758357262416,120.0,2,1.5426464158256023e+21,58087709.17671555,372797787272825.4,11278046.968312867,7.713604876915284e+20,8745927.856775304,2.88855517283082e-09,0,0,1,0.0,0.0,0
502,391847399.69209045,2,0.0,4663455.424459875,43273960538,16.929863757838593,120.0,2,1.539518974316492e+21,60566344.69061679,381101586977330.75,10935338.204162866,7.697975973169438e+20,8745927.856775304,4.1254679672420025e-09,0,0,1,0.0,0.0,0
503,363965847.998395,2,0.0,4694227.658839319,43154994690,43.64390705917416,300.52266252877524,2,1.5366540183550847e+21,59826651.81527133,377632714120441.25,11148165.87933179,7.683647724489544e+20,8745927.856775304,3.0631781555712223e-09,0,0,1,0.0,0.0,0
504,285122779.2991254,2,0.0,4716032.148354097,43114871911,17.72192419850451,120.0,2,1.5388750367217596e+21,59364050.90289419,378134707535509.8,11300568.519606594,7.694753318316334e+20,8733595.315565856,3.39787220582366e-09,0,0,1,0.0,0.0,0
505,277166261.7481183,2,0.0,4780804.995554661,43082705649,23.06079353103023,120.0,2,1.541174625790689e+21,57566883.05542096,371800204443995.6,11422009.162964731,7.706244929157889e+20,8735229.613457184,3.892637323588133e-09,0,0,1,0.0,0.0,0
506,395156450.7510904,2,0.0,4739541.508421023,42932549199,38.1466772465286,300.41058187847676,2,1.5381062016705346e+21,59669867.91501859,373881917643945.5,11079418.548581686,7.690904890270317e+20,8745546.159247875,6.017216946929693e-09,0,0,1,0.0,0.0,0
507,388711692.34350526,2,0.0,4770434.689206107,42788837506,75.50297466943013,300.5363505329682,3,1.5351185056448931e+21,58720825.177858084,379164830897527.56,11389027.827990651,7.675971693055363e+20,8745546.159247875,5.2023096941411495e-09,0,0,1,0.0,0.0,0
508,320692685.2286034,2,0.0,4760209.915952614,42713144820,17.96039358302521,120.0,2,1.5326641998816425e+21,59141452.17222707,371497745062501.4,11046437.213607606,7.663692497153275e+20,8745546.159247875,5.085894372314215e-09,0,0,1,0.0,0.0,0
509,365286365.85960364,2,0.0,4778724.975844718,42592858455,43.74295601756648,300.5507747683465,2,1.5298886188195122e+21,58512456.08324461,375347634918450.9,11264541.31143883,7.649818441732479e+20,8745546.159247875,5.027686711400747e-09,0,0,1,0.0,0.0,0
510,293517442.69617695,2,0.0,4815544.310151325,42544341012,22.580520595930256,120.0,2,1.5276475646227406e+21,57464308.20269221,364326931090569.9,11202298.05316292,7.638602150044794e+20,8745546.159247875,5.071342457085848e-09,0,0,1,0.0,0.0,0
511,285122779.2991254,2,0.0,4842055.159943033,42504218233,20.696220668804123,120.0,2,1.5299486002496015e+21,56967946.237326086,364348845425942.25,11354817.759982754,7.650107350093433e+20,8745550.492135577,4.300090949982405e-09,0,0,1,0.0,0.0,0
512,263278733.51663426,2,0.0,4910332.879372694,42485939499,22.27062718856177,120.0,2,1.5324163687846484e+21,55456866.81335339,353731286645867.4,11422009.162964731,7.662435575209888e+20,8745550.492135577,3.9726728573441505e-09,0,0,1,0.0,0.0,0
513,431336624.99630266,2,0.0,4839396.094121378,42299602874,43.20234521526115,300.32829088177925,3,1.5288897634916806e+21,58317065.78216804,364858317830601.0,11079417.46535976,7.644813675776234e+20,8822537.541574761,4.059984348714352e-09,0,0,1,0.0,0.0,0
514,382009811.0347113,2,0.0,4862500.076608541,42162593063,41.72466947711182,300.3865070764367,3,1.5253781917932876e+21,57510974.93083873,364082035583374.56,11422009.162964731,7.627255041002022e+20,8822537.541574761,4.547473508864641e-09,0,0,1,0.0,0.0,0
515,335746507.4970075,2,0.0,4845029.730189863,42071846555,17.02563783898317,120.0,2,1.5221822125863915e+21,58250208.54741934,364786113352041.9,11079417.46535976,7.611275849045309e+20,8822537.541574761,4.045432433485985e-09,0,0,1,0.0,0.0,0
516,381904977.9175218,2,0.0,4855704.303473767,41934941578,63.349978403461584,300.5659962755512,2,1.5187076830565132e+21,57560972.2911323,363642802304210.7,11323943.40860071,7.59390205808487e+20,8822537.541574761,4.343746695667505e-09,0,0,1,0.0,0.0,0
517,276109738.6345452,2,0.0,4896891.674740589,41903831839,44.333472348538606,300.40751896636823,2,1.520787743658498e+21,56039094.59760169,359911345737920.06,11422009.162964731,7.604298629638229e+20,8823295.01744315,4.067260306328535e-09,0,0,1,0.0,0.0,0
518,323005978.11888313,2,0.0,4882944.617527347,41825825861,16.959234110114775,120.0,2,1.5208902213865345e+21,56900851.75093695,358886107626044.75,11079417.46535976,7.604809993040298e+20,8823197.275063721,4.1254679672420025e-09,0,0,1,0.0,0.0,0
519,382009811.0347113,2,0.0,4889855.346168515,41688816050,19.168630234119405,120.0,2,1.5174648318373973e+21,56567772.77127969,360814175076462.9,11422009.162964731,7.587684973362064e+20,8823197.275063721,4.329194780439138e-09,0,0,1,0.0,0.0,0
520,319306336.44783866,2,0.0,4936058.585511394,41614509714,52.13585023884059,300.33898265062686,2,1.5144094868852735e+21,55491306.86707156,358394594097545.6,11422009.162964731,7.572405829020465e+20,8823197.275063721,4.1254679672420025e-09,0,0,1,0.0,0.0,0
521,367500343.8678955,2,0.0,4918386.863823236,41492009370,37.5747001750531,300.46109184172735,2,1.511095739406229e+21,56597297.27871016,355370919135868.7,11079417.46535976,7.55583406795028e+20,8823197.275063721,4.18367562815547e-09,0,0,1,0.0,0.0,0
522,374105977.08090824,2,0.0,4929853.862721561,41362903392,22.195071599862953,120.0,3,1.50776475054786e+21,56184754.53043728,364160932108268.6,11391134.811582688,7.539187913671408e+20,8823197.275063721,4.401954356580973e-09,0,0,1,0.0,0.0,0
523,322877901.47232735,2,0.0,4914875.354392451,41285025491,36.47039411087117,300.3255337102554,3,1.5052685954969968e+21,56520078.042950585,356204454024336.7,11048543.113977717,7.526699181939008e+20,8823197.275063721,4.081812221556902e-09,0,0,1,0.0,0.0,0
524,375140708.18781936,2,0.0,4951848.52349427,41154884782,71.78741259754591,300.5820830348172,2,1.5019634400813357e+21,55416001.10035266,360386627090720.9,11266646.128587017,7.510177587033769e+20,8823197.275063721,4.110916052013636e-09,0,0,1,0.0,0.0,0
525,338191131.5921773,2,0.0,4955793.127157076,41061693652,37.430974365648375,300.46038041469626,2,1.4983016405029122e+21,55742575.50149079,351100145912808.8,10924054.430982046,7.491859302660474e+20,8823197.275063721,4.169123712927103e-09,0,0,1,0.0,0.0,0
526,350140708.18781936,2,0.0,4976189.427612039,40956552943,23.56472999647543,120.0,3,1.4951465129674812e+21,55341542.130007155,357577752138580.75,11155127.822118716,7.476090142589544e+20,8771315.768954242,3.899913281202316e-09,0,0,1,0.0,0.0,0
527,330534516.5322523,2,0.0,4962041.776682692,40871018427,35.627955225072775,300.31980034037343,3,1.4920937612383318e+21,55805502.72983606,350525338942020.94,10825506.501041114,7.460819331530601e+20,8771315.768954242,3.346940502524376e-09,0,0,1,0.0,0.0,0
528,350140708.18781936,2,0.0,4994899.436356982,40765877718,37.40918502275425,300.3378208835915,2,1.4889600949941017e+21,54800485.75028563,355242190827626.5,11056579.892177785,7.445155717161336e+20,8771315.768954242,3.899913281202316e-09,0,0,1,0.0,0.0,0
529,303371785.02439266,2,0.0,5033943.731763813,40707505933,22.431413555819145,120.0,2,1.4860441920800164e+21,54182093.03020838,346038469262832.8,11007305.927207319,7.430566998869346e+20,8771315.768954242,3.3614924177527428e-09,0,0,1,0.0,0.0,0
530,299904292.79144895,2,0.0,5053371.107831303,40652601640,19.280144206539976,120.0,2,1.4881076158261195e+21,53935265.28909226,348222165897820.1,11211289.535274116,7.440886301296495e+20,8771315.768954242,3.4633558243513107e-09,0,0,1,0.0,0.0,0
531,301628713.81514704,2,0.0,5102077.196877609,40595972926,29.028644518264443,120.0,3,1.4901809849916905e+21,52732180.58778766,346874455759949.44,11422009.162964733,7.451251799414213e+20,8771315.768954242,3.3760443329811096e-09,0,0,1,0.0,0.0,0
532,441431998.5391818,2,0.0,5023824.746037416,40399540928,38.8139124727882,300.5133087010874,2,1.486731414321974e+21,55852311.667067215,349995863849504.56,11092387.841887131,7.434007067473719e+20,8771315.768954242,3.65253072232008e-09,0,0,1,0.0,0.0,0
533,380351271.6300088,2,0.0,5054834.507454674,40264189657,72.6983495852146,300.59911098100946,2,1.4835504137766592e+21,54943942.62489234,355065988785551.44,11343905.554758983,7.418107134872081e+20,8770953.535797726,3.3614924177527428e-09,0,0,1,0.0,0.0,0
534,330534516.5322523,2,0.0,5060360.6331180325,40178655140,37.298355095920655,300.52577262074936,2,1.4805624695393563e+21,55155303.49384196,348266459163010.75,11013907.234586146,7.403160614155945e+20,8772823.765335184,4.351022653281689e-09,0,0,1,0.0,0.0,0
535,350140708.18781936,2,0.0,5072929.128169247,40073514432,17.413406530398078,120.0,2,1.4775160695271876e+21,54661107.04999217,355149474905110.2,11244603.62662758,7.387935497110844e+20,8772397.759303631,3.6088749766349792e-09,0,0,1,0.0,0.0,0
536,330534516.5322523,2,0.0,5058929.792536171,39987979915,34.019279167059494,300.30163900780417,2,1.4745449803219848e+21,55233058.18713264,347604052250666.0,10914213.529532531,7.373072505662175e+20,8773964.866992475,2.6047928258776665e-09,0,0,1,0.0,0.0,0
537,350140708.18781936,2,0.0,5091933.375144584,39882839207,37.45085745200445,300.3176197701841,2,1.471520041601017e+21,54134863.35738908,352896994341287.6,11144518.144651754,7.357953104999426e+20,8773964.866992475,2.6047928258776665e-09,0,0,1,0.0,0.0,0
538,330534516.5322523,2,0.0,5097109.863785473,39797304690,37.261563594473905,300.53153519511653,2,1.4685658074279135e+21,54476503.214599624,343190792840090.2,10814128.047556706,7.343172227932408e+20,8773964.866992475,2.6047928258776665e-09,0,0,1,0.0,0.0,0
539,350140708.18781936,2,0.0,5119466.963431392,39692163982,17.27754963662525,120.0,2,1.465562329998147e+21,53981523.21690541,350402865378393.7,11044432.662675928,7.328162052856113e+20,8773964.866992475,2.837623469531536e-09,0,0,1,0.0,0.0,0
540,330534516.5322523,2,0.0,5110697.417836229,39606629466,33.773697315223714,300.29671005300264,2,1.462624950857144e+21,54553473.90955384,342768139852593.75,10714042.56558088,7.313467522425573e+20,8773965.755976547,2.6775524020195007e-09,0,0,1,0.0,0.0,0
541,350140821.97778034,2,0.0,5149725.069118501,39501488644,37.24019406571854,300.31215943794905,2,1.4596429344184022e+21,53447290.165692955,348261457131793.5,10940352.945887458,7.298562933549143e+20,8789944.47319527,4.4674379751086235e-09,0,0,1,0.0,0.0,0
542,290379758.46519053,2,0.0,5155079.327965541,39456108886,16.933643161563264,120.0,2,1.4597875011548375e+21,53563261.678091474,337766081183725.9,10605968.16948773,7.29927527185537e+20,8768905.672510186,4.71482053399086e-09,0,0,1,0.0,0.0,0
543,350140821.97778034,2,0.0,5173155.784603093,39350968063,17.647500051547382,120.0,2,1.4568240064915028e+21,53396926.65402668,345324025045760.6,10832278.549794307,7.28446535648256e+20,8768905.672510186,4.583853296935558e-09,0,0,1,0.0,0.0,0
544,337973985.57506835,2,0.0,5190562.303546194,39257994077,49.19052049708234,300.2919395922279,3,1.4513443755253023e+21,53356298.0497411,339168674154987.75,10778241.35174773,7.257061046300667e+20,8768905.672510186,4.583853296935558e-09,0,0,1,0.0,0.0,0
545,305456907.20281553,2,0.0,5215625.668445023,39197537170,42.84813707225458,300.4908946931144,2,1.4531394034999128e+21,52707927.020942934,339837205266005.44,10977461.5044924,7.26603685470483e+20,8768834.197327798,3.7834979593753815e-09,0,0,1,0.0,0.0,0
546,306839391.04729736,2,0.0,5264109.309810583,39135697779,21.962392841888065,120.0,2,1.4553603650591803e+21,51574502.45371441,335894792775614.56,11203771.884798978,7.277137720088678e+20,8811041.39199477,5.5442797020077705e-09,0,0,1,0.0,0.0,0
547,420108939.2054747,2,0.0,5194924.521060569,38960588840,38.27178872029228,300.2952879686047,2,1.452312204609516e+21,54199759.96988228,343606486093982.94,10869387.10839925,7.261904629533674e+20,8811041.39199477,5.602487362921238e-09,0,0,1,0.0,0.0,0
548,375140821.97778034,2,0.0,5225980.24262762,38830448018,50.97334719284167,300.53467520608615,2,1.449372101482542e+21,53328296.61170085,341690766183662.94,11095697.488705827,7.247202198178894e+20,8811041.39199477,5.529727786779404e-09,0,0,1,0.0,0.0,0
549,299904292.79144895,2,0.0,5246736.338662664,38775543726,19.450245396214978,120.0,2,1.4516607371638685e+21,52477567.18157213,343624697810481.6,11294917.641450496,7.258647310517153e+20,8811041.39199477,5.384208634495735e-09,0,0,1,0.0,0.0,0
550,281439363.196458,2,0.0,5296560.446593447,38739104363,22.684006671005946,120.0,2,1.4539886731716597e+21,51125340.78377346,340368970040932.75,11422009.162964731,7.27028373482834e+20,8811041.39199477,5.4424162954092026e-09,0,0,1,0.0,0.0,0
551,369108580.1028393,2,0.0,5239775.765753453,38614995782,16.94405086132214,120.0,2,1.4534814906209573e+21,53177254.16619445,337298080115673.5,11087624.386565004,7.267744751184903e+20,8811041.39199477,5.384208634495735e-09,0,0,1,0.0,0.0,0
552,375434580.9363898,2,0.0,5247702.310032543,38484561201,23.894455014366798,120.0,3,1.4506082952291872e+21,53120311.82972697,347675967023258.4,11412738.51280365,7.253389152112959e+20,8809380.94055368,4.889443516731262e-09,0,0,1,0.0,0.0,0
553,362215166.96665883,2,0.0,5228717.309717322,38367346034,53.58637272820249,300.51812629803493,2,1.4453751042016066e+21,53769120.16740898,339851196135973.0,11078353.736403922,7.227215372204169e+20,8823545.904655894,3.3760443329811096e-09,0,0,1,0.0,0.0,0
554,349928284.1933208,2,0.0,5260142.611249778,38262417750,38.07776867857971,300.29925808792314,2,1.4425501416273756e+21,52647690.08842604,345552484978044.4,11303833.890989954,7.213096260621856e+20,8823545.904655894,3.434251993894577e-09,0,0,1,0.0,0.0,0
555,330534516.5322523,2,0.0,5252171.024656687,38176883233,19.908907223771116,120.0,3,1.4397458807046907e+21,53163759.57954954,337886654801975.2,10969449.114590226,7.199067290178256e+20,8823545.904655894,3.3760443329811096e-09,0,0,1,0.0,0.0,0
556,349928284.1933208,2,0.0,5268446.2355435975,38071954949,17.088277652054416,120.0,2,1.4369423004870613e+21,52715074.48004561,345340423088343.06,11194929.269176258,7.185056842858395e+20,8811301.50406484,3.725290298461914e-09,0,0,1,0.0,0.0,0
557,330534516.5322523,2,0.0,5270262.127023918,37986420433,53.54186862837135,300.48467719971774,2,1.4341548738079618e+21,52998747.39574495,335710525797549.7,10860544.49277653,7.171110079565606e+20,8811301.50406484,3.725290298461914e-09,0,0,1,0.0,0.0,0
558,349928284.1933208,2,0.0,5306926.831063698,37881492149,37.315756986989285,300.2948843943225,2,1.4313726759469336e+21,52112182.95675693,341822950843508.6,11086024.647362562,7.157205202685512e+20,8811301.50406484,3.7834979593753815e-09,0,0,1,0.0,0.0,0
559,329639333.8890892,1,0.0,5299104.389375096,37796852815,17.88642479396667,120.0,2,1.428602082710067e+21,52679788.87583242,334195011534879.2,10751639.870962834,7.143344608561871e+20,8811301.50406484,3.725290298461914e-09,0,0,1,0.0,0.0,0
560,281602861.86096597,1,0.0,5330137.144482662,37760249953,9.878462442086771,120.0,1,1.4258364765148388e+21,51901041.631110474,333580237054993.5,10710223.844563106,7.129515962811249e+20,8743629.314899735,4.249159246683121e-09,0,0,1,0.0,0.0,0
561,281602861.86096597,1,0.0,5368463.080501113,37723647091,34.40654724512629,300.2767756616425,1,1.4230735498586027e+21,51198056.481838755,323836852911844.44,10573667.517546907,7.115691586145925e+20,8733565.517365614,2.546585164964199e-09,0,0,1,0.0,0.0,0
562,281602861.86096597,1,0.0,5417556.530092236,37687044229,39.822313372793644,300.2901719921019,1,1.42031330274136e+21,49986499.98825581,320433565016968.06,10437111.190530708,7.101886947271817e+20,8733565.517365614,3.434251993894577e-09,0,0,1,0.0,0.0,0
563,281602861.86096597,1,0.0,5446276.868733736,37650441367,11.817555167534495,120.0,1,1.41755573516311e+21,49325568.85201395,311441243991838.2,10300554.863514509,7.088090117059542e+20,8733565.517365614,3.521563485264778e-09,0,0,1,0.0,0.0,0
564,281602861.86096597,1,0.0,5476573.2381402,37613838506,12.77599472559936,120.0,1,1.4148008471238528e+21,48619111.49848583,310368416958341.56,10163998.53649831,7.074314604036222e+20,8733565.517365614,3.521563485264778e-09,0,0,1,0.0,0.0,0
565,281602861.86096597,1,0.0,5491936.431423573,37577235644,8.748959655583407,120.0,1,1.412048638623588e+21,48368925.0626903,302675599021527.8,10027442.209482111,7.060545868716962e+20,8749516.803889431,3.8708094507455826e-09,0,0,1,0.0,0.0,0
566,281602861.86096597,1,0.0,5541672.732411008,37540632782,39.42004603072794,300.27997721091316,1,1.4092991096623168e+21,47116916.45095745,300462685204054.7,9890885.882465912,7.046796010996788e+20,8749516.803889431,3.8708094507455826e-09,0,0,1,0.0,0.0,0
567,281602861.86096597,1,0.0,5576964.238240829,37504029920,11.425211740935099,120.0,1,1.4065522602400376e+21,46444856.06356933,292635088853679.0,9754329.555449713,7.033053936289042e+20,8749516.803889431,3.827153705060482e-09,0,0,1,0.0,0.0,0
568,281602861.86096597,1,0.0,5606651.098210387,37467427058,12.909312715824887,120.0,1,1.403808090356752e+21,45942371.98306621,292780018191958.9,9617773.228433514,7.019333231801952e+20,8749516.803889431,3.8708094507455826e-09,0,0,1,0.0,0.0,0
569,281602868.13161767,1,0.0,5624456.793885444,37430824190,8.492597575766903,120.0,1,1.4010665995430273e+21,45782737.60991967,285683824082855.4,9481470.294416888,7.005618681539219e+20,8748503.329870075,4.234607331454754e-09,0,0,1,0.0,0.0,0
570,281602874.40226936,1,0.0,5668844.530735629,37394221316,39.28414632929208,300.2773989138041,1,1.3983277878002416e+21,44781518.93145623,284579160000824.25,9345167.360400261,6.991923518161209e+20,8748503.329870075,4.4674379751086235e-09,0,0,1,0.0,0.0,0
571,281602874.40226936,1,0.0,5681004.452880558,37357618441,8.483866441748948,120.0,1,1.3955916555982849e+21,44667926.49094943,277944869682609.84,9208864.426383635,6.978236222861108e+20,8748503.329870075,4.1763996705412865e-09,0,0,1,0.0,0.0,0
572,281602874.40226936,1,0.0,5710482.621149186,37321015567,11.542795313237255,120.0,1,1.3928582029371567e+21,44165426.860482685,278606849364728.03,9072561.492367009,6.964569621535148e+20,8748503.329870075,4.321918822824955e-09,0,0,1,0.0,0.0,0
573,281602874.40226936,1,0.0,5728113.797703081,37284412692,8.490422213097357,120.0,1,1.3901274298168582e+21,44112557.00364309,272163387733158.94,8936258.558392515,6.950909312472024e+20,8748503.32970154,3.754394128918648e-09,0,0,1,0.0,0.0,0
574,281602874.40226936,1,0.0,5772332.835366901,37247809818,39.10634014865499,300.2748676702176,1,1.3873993362373885e+21,43374352.694518186,271606287292653.2,8799955.624418022,6.937268287474235e+20,8748503.32970154,3.754394128918648e-09,0,0,1,0.0,0.0,0
575,281602874.40226936,1,0.0,5801690.792742632,37211206944,11.176917824256897,120.0,1,1.384673922198748e+21,43211274.672339395,265178190617684.03,8663652.690443529,6.923634789184358e+20,8748503.32970154,3.798049874603748e-09,0,0,1,0.0,0.0,0
576,281602874.40226936,1,0.0,5827537.303614028,37174604069,11.57137727814195,120.0,1,1.3819511877009358e+21,42918303.42128968,266400012342660.62,8527349.756469036,6.910022338517021e+20,8748503.32970154,5.515175871551037e-09,0,0,1,0.0,0.0,0
577,281602874.40226936,1,0.0,5839460.539266365,37138001195,8.376003467631229,120.0,1,1.3792311327439533e+21,42865433.56445008,260219668760283.72,8391046.822494542,6.896415883388526e+20,8748503.32970154,6.461050361394882e-09,0,0,1,0.0,0.0,0
578,281602874.40226936,1,0.0,5877976.717347692,37101398320,39.087544757782155,300.27238220372175,1,1.3765137573277996e+21,42127229.21194441,260146949086449.9,8428123.146363458,6.882828933588084e+20,8748503.416463083,4.496541805565357e-09,0,0,1,0.0,0.0,0
579,281602874.40226936,1,0.0,5901639.974545841,37064795446,11.121504268607715,120.0,1,1.373799061452475e+21,41964092.66059716,254036261682020.88,8161320.657296525,6.869249343524058e+20,8748620.388038455,5.4424162954092026e-09,0,0,1,0.0,0.0,0
580,281602874.40226936,1,0.0,5925320.255271716,37028192572,11.640557158016094,120.0,1,1.3710870451179791e+21,41722939.767646976,255749583076764.25,8428123.146363458,6.855690975172973e+20,8750409.808764664,5.24596543982625e-09,0,0,1,0.0,0.0,0
581,281602874.40226936,1,0.0,5935303.774623332,36991589697,8.323497360088915,120.0,1,1.3683777083243126e+21,41694054.989201635,249930506802699.5,8161320.657296525,6.842138472128365e+20,8716524.591639176,4.307366907596588e-09,0,0,1,0.0,0.0,0
582,280032835.12274253,1,0.0,5898615.934612476,36956556862,8.522536529623158,120.0,1,1.3657870950982707e+21,42768695.70056303,252554367165251.84,8428123.146363458,6.829188029858518e+20,8691992.727896571,4.3655745685100555e-09,0,0,1,0.0,0.0,0
583,278462795.8432157,1,0.0,5916389.161210064,36923094066,11.844722851697847,120.0,1,1.36331487542229e+21,41757956.91948889,246909656311166.2,8167453.6232321765,6.81682128676776e+20,8691992.727896571,2.7066562324762344e-09,0,0,1,0.0,0.0,0
584,277147634.78843904,1,0.0,5933536.712222491,36890946431,11.85441173110037,120.0,1,1.3609419286061132e+21,41483897.56743125,248329015417688.12,8428123.146363458,6.804957972045984e+20,8642780.732596353,4.158209776505828e-09,0,0,1,0.0,0.0,0
585,275832473.73366225,1,0.0,5941512.103568802,36860113958,8.89103032895876,120.0,1,1.358668000973836e+21,41366544.70576577,243139201813827.12,8172590.971102399,6.793583144070994e+20,8727474.264643153,6.806658348068595e-09,0,0,1,0.0,0.0,0
586,275832473.73366225,1,0.0,5977307.3516286975,36829281484,39.15061895492815,300.27032508690377,1,1.3563959746244324e+21,40579814.17386357,242914978830963.56,8428123.146363458,6.782222788100993e+20,8727474.264643153,5.707988748326898e-09,0,0,1,0.0,0.0,0
587,275832473.73366225,1,0.0,5993635.18669578,36798449010,11.44929391296723,120.0,1,1.3541258495579012e+21,40344257.438888095,237572368193902.62,8172590.971102399,6.7708668201577e+20,8727474.264643153,5.37329469807446e-09,0,0,1,0.0,0.0,0
588,275832473.73366225,1,0.0,6007783.213587631,36767616536,12.134391759161971,120.0,1,1.3518576257742437e+21,39959590.2267005,239237767382794.44,8428123.146363458,6.759527366638602e+20,8727474.264643153,6.7484506871551275e-09,0,0,1,0.0,0.0,0
589,275832473.73366225,1,0.0,6007028.166665085,36736784063,8.58441545596607,120.0,1,1.3495913032734587e+21,39854401.94239503,234248141725789.62,8172590.971102399,6.74819076450902e+20,8596169.066248912,6.930349627509713e-09,0,0,1,0.0,0.0,0
590,275832473.73366225,1,0.0,6034794.717719022,36705951589,39.22727870455334,300.28714957889724,1,1.3473268820555467e+21,39084973.33711534,234748151376773.3,8428123.146363458,6.736869158429111e+20,8596169.066248912,6.573827704414725e-09,0,0,1,0.0,0.0,0
591,275832473.73366225,1,0.0,6033993.87613693,36675119115,8.651688435231488,120.0,1,1.3450643621205086e+21,39017831.17949987,230062371049259.1,8172590.971102399,6.725551872973592e+20,8596169.066248912,6.632035365328193e-09,0,0,1,0.0,0.0,0
592,275832473.73366225,1,0.0,6048688.216486683,36644286642,11.49349577199635,120.0,1,1.3428037434683427e+21,38645328.54467229,232125127182575.94,8428123.146363458,6.714250842468896e+20,8596169.066248912,6.573827704414725e-09,0,0,1,0.0,0.0,0
593,275832473.73366225,1,0.0,6047844.582339391,36613454168,8.782397295039221,120.0,1,1.3405450260990507e+21,38540140.26036682,227522098080775.84,8172590.971102399,6.702952652593335e+20,8596169.066248912,6.632035365328193e-09,0,0,1,0.0,0.0,0
594,275832473.73366225,1,0.0,6004781.510238077,36582621694,8.775757492144724,120.0,1,1.338288210012631e+21,39545938.57675519,230925015000144.94,8428123.146363458,6.691671975078155e+20,8596169.066248912,6.271875463426113e-09,0,0,1,0.0,0.0,0
595,275832473.73366225,1,0.0,6020083.757715387,36551789220,13.805153700828983,120.0,1,1.3360332952090845e+21,38542451.58819721,226421622206960.22,8172590.971102399,6.680392897667629e+20,8596169.066248912,6.260961527004838e-09,0,0,1,0.0,0.0,0
596,275832473.73366225,1,0.0,6030980.894244019,36520956747,11.724587080274203,120.0,1,1.3337802816884116e+21,38197084.715721,228461582735603.5,8428123.146363458,6.669129870024793e+20,8595890.762183521,5.9626472648233175e-09,0,0,1,0.0,0.0,0
597,275832473.73366225,1,0.0,6030032.482519855,36490124273,11.01277322495501,120.0,1,1.3315291694506112e+21,38092230.22117332,224633615124058.16,8172590.971102399,6.65787048086818e+20,8595112.211283144,5.322362994775176e-09,0,0,1,0.0,0.0,0
598,275832473.73366225,1,0.0,6058055.465533713,36459291799,39.50041397227923,300.29465684285225,1,1.3292799584956845e+21,37419142.22476646,225514185347529.22,8428123.146363458,6.64662530666377e+20,8595112.211283144,5.64978108741343e-09,0,0,1,0.0,0.0,0
599,275832473.73366225,1,0.0,6068877.693019052,36428459325,21.098495773775937,120.0,2,1.3270326488236302e+21,37336473.733605295,221403865925961.28,8172590.971102399,6.635384647984077e+20,8595112.21125712,4.6820787247270346e-09,0,0,1,0.0,0.0,0
