t,secure_bps,violations,k_min,k_mean,q_total,aos_mean,aos_max,rekey,q_sumsq,z_l1,z_sumsq,z_max,lyapunov,key_inflow,key_overflow,cg_iters,cg_columns,cg_converged,obj_lp,obj_greedy,key_blocked_edges
0,245000000.0,0,2109375.0,2425672.7430555555,0,0.8678816811621574,0.9476988686844755,0,0.0,571875.0,109013671875.0,190625.0,10901367187500.0,7200000.0,0.0,1,5,1,1.5601026095561774e+16,1.5601026095561776e+16,0
1,245000000.0,0,1796875.0,2351345.486111111,0,1.9210137071769111,2.1124243899047483,0,0.0,728125.0,192998046875.0,346875.0,19299804687500.0,7200000.0,0.0,1,6,1,1.5589178731719426e+16,1.5589178731719424e+16,0
2,245000000.0,0,1718750.0,2281358.5069444445,0,2.994112692211281,3.1629597325192615,0,0.0,718750.0,130585937500.0,190625.0,13058593750000.0,7200000.0,0.0,1,7,1,1.5593434543936038e+16,1.5593434543936034e+16,0
3,245000000.0,0,1718750.0,2200520.8333333335,0,4.023049426344968,4.162959732519262,0,0.0,762500.0,145351562500.0,190625.0,14535156250000.0,7200000.0,0.0,1,8,1,1.5575474641472196e+16,1.5575474641472196e+16,0
4,245000000.0,0,1328125.0,2131557.73992537,0,4.5681902083667785,5.504749365183861,0,0.0,571875.0,109013671875.0,190625.0,10901367187500.0,7236859.887313323,3.2014213502407074e-10,1,8,1,1.5588027057268688e+16,1.558802705726869e+16,0
5,245000000.0,0,1328125.0,2090372.4242951844,0,5.448871612677997,6.504749365183861,0,0.0,571875.0,109013671875.0,190625.0,10901367187500.0,7236859.887313323,3.2014213502407074e-10,1,8,1,1.5576853481126488e+16,1.5576853481126488e+16,0
6,245000000.0,0,1337500.0,2071409.3308872217,0,6.332835773383506,7.494209936496078,0,0.0,571875.0,109013671875.0,190625.0,10901367187500.0,7236859.887313323,3.2014213502407074e-10,1,8,1,1.5582256504121042e+16,1.558225650412104e+16,0
7,245000000.0,0,1337500.0,2055701.4458125914,0,7.051200101772223,8.494209936496077,0,0.0,571875.0,109013671875.0,190625.0,10901367187500.0,7236859.887313323,3.2014213502407074e-10,1,9,1,1.5571264497737104e+16,1.5571264497737104e+16,0
8,245000000.0,0,1346875.0,2048554.1697944084,0,7.712621474335151,9.483817119540017,0,0.0,571875.0,109013671875.0,190625.0,10901367187500.0,7247385.563345414,4.511093720793724e-10,1,10,1,1.5576914985074588e+16,1.5576914985074586e+16,0
9,245000000.0,0,1346875.0,2041406.8937762256,0,8.530709554883503,10.483817119540017,0,0.0,571875.0,109013671875.0,190625.0,10901367187500.0,7247385.563345414,4.511093720793724e-10,1,10,1,1.5566083328200444e+16,1.5566083328200442e+16,0
10,245000000.0,0,1356250.0,2035564.0626926075,0,7.542776021669107,11.473567876220299,0,0.0,560134.9955889164,104675622896.84662,190625.0,10467562289684.662,7294345.580989749,5.456968210637569e-10,1,10,1,1.5578063356602656e+16,1.5578063356602658e+16,0
11,245000000.0,0,1356250.0,2029721.2316089894,0,8.181230273559292,12.473567876220299,0,0.0,560134.9955889164,104675622896.84662,190625.0,10467562289684.662,7294345.580989749,5.456968210637569e-10,1,10,1,1.556785566545631e+16,1.5567855665456308e+16,0
12,245000000.0,0,1365625.0,2013027.7060809268,0,7.171387527811952,13.463459251806457,0,0.0,727067.2139162093,132261314460.82233,190625.0,13226131446082.232,7294345.580989749,5.456968210637569e-10,1,11,1,1.5574726279486332e+16,1.557472627948633e+16,0
13,245000000.0,0,1365625.0,2013269.958088052,0,7.112727618392132,14.463459251806457,0,0.0,560134.9955889164,104675622896.84662,190625.0,10467562289684.662,7313408.5722565055,5.456968210637569e-10,1,11,1,1.5568541615209816e+16,1.5568541615209816e+16,0
14,245000000.0,0,1375000.0,2002661.5156507327,0,5.876007485372004,15.453488372093023,0,0.0,727067.2139162093,132261314460.82233,190625.0,13226131446082.232,7313408.5722565055,5.456968210637569e-10,1,11,1,1.557669992706751e+16,1.5576699927067512e+16,0
15,245000000.0,0,1375000.0,2006506.3594330093,0,8.044969992359968,16.453488372093023,0,0.0,560134.9955889164,104675622896.84662,190625.0,10467562289684.662,7313408.5722565055,5.456968210637569e-10,1,11,1,1.556537738161888e+16,1.556537738161888e+16,0
16,245000000.0,0,1384375.0,2007009.0281068012,0,6.562677920210419,17.443652440674907,0,0.0,727067.2139162093,132261314460.82233,190625.0,13226131446082.232,7313408.5722565055,5.456968210637569e-10,1,11,1,1.5574489147843008e+16,1.5574489147843008e+16,0
17,245000000.0,0,1384375.0,2023917.9467805931,0,8.939219310771914,18.443652440674907,0,0.0,560134.9955889164,104675622896.84662,190625.0,10467562289684.662,7313408.5722565055,5.456968210637569e-10,1,11,1,1.5562268659715476e+16,1.5562268659715476e+16,0
18,245000000.0,0,1393750.0,2037511.2687435928,0,7.1976071108278274,19.433948736332677,0,0.0,727067.2139162093,132261314460.82233,190625.0,13226131446082.232,7313408.5722565055,5.456968210637569e-10,1,11,1,1.5572414429521706e+16,1.5572414429521706e+16,0
19,245000000.0,0,1393750.0,2062948.4596049222,0,9.793890146944864,20.433948736332677,0,0.0,560134.9955889164,104675622896.84662,190625.0,10467562289684.662,7313408.5722565055,5.456968210637569e-10,1,11,1,1.55592071716061e+16,1.5559207171606102e+16,0
20,245000000.0,0,1403125.0,2074562.2393898251,0,7.806844118683064,21.424374610522566,0,0.0,727067.2139162093,132261314460.82233,190625.0,13226131446082.232,7313408.5722565055,5.456968210637569e-10,1,11,1,1.5570372669907072e+16,1.5570372669907074e+16,0
21,245000000.0,0,1403125.0,2097026.7136191726,0,10.649788146004433,22.424374610522566,0,0.0,560134.9955889164,104675622896.84662,190625.0,10467562289684.662,7313408.5722565055,5.456968210637569e-10,1,11,1,1.5556143383947978e+16,1.5556143383947976e+16,0
22,245000000.0,0,1412500.0,2108640.4934040755,0,8.424793178469999,23.414927484966395,0,0.0,727067.2139162093,132261314460.82233,190625.0,13226131446082.232,7313408.5722565055,5.456968210637569e-10,1,11,1,1.5568318140203182e+16,1.5568318140203182e+16,0
23,245000000.0,0,1412500.0,2131104.967633423,0,11.513681865859036,24.414927484966395,0,0.0,560134.9955889164,104675622896.84662,190625.0,10467562289684.662,7313408.5722565055,5.456968210637569e-10,1,11,1,1.5553068966297468e+16,1.5553068966297466e+16,0
24,245000000.0,0,1421875.0,2142718.747418326,0,9.049286905171627,25.40560484933673,0,0.0,727067.2139162093,132261314460.82233,190625.0,13226131446082.232,7313408.5722565055,5.456968210637569e-10,1,11,1,1.5566253700004886e+16,1.5566253700004884e+16,0
25,245000000.0,0,1421875.0,2166365.3966096877,0,12.38258558353259,26.40560484933673,0,0.0,549672.073275659,101041776016.47147,190625.0,10104177601647.146,7355966.870889019,1.0841176845133305e-09,1,11,1,1.554998929275291e+16,1.554998929275291e+16,0
26,245000000.0,0,1431250.0,2179161.351356605,0,9.677005155275369,27.39640425903299,0,0.0,716604.2916029519,128627467580.44717,190625.0,12862746758044.717,7355966.870889019,1.0841176845133305e-09,1,11,1,1.5564187190903618e+16,1.5564187190903616e+16,0
27,245000000.0,0,1330665.268648161,2192239.5581755396,0,5.496790736468104,28.39640425903299,0,0.0,891466.5359793366,218646158774.30783,344334.7313518388,21864615877430.78,7366127.945481664,1.482476363889873e-09,1,12,1,1.5562041127515242e+16,1.5562041127515244e+16,0
28,245000000.0,0,1440625.0,2206272.4901009654,0,7.454039031773951,29.387323333044307,0,0.0,850053.6596073732,145784108689.29764,190625.0,14578410868929.764,7382818.134880177,1.2860255083069205e-09,1,12,1,1.5566315161027426e+16,1.5566315161027426e+16,0
29,245000000.0,0,1440625.0,2230214.4687631875,0,8.850389799671305,30.387323333044307,0,0.0,645176.2673311755,110162827098.6652,190625.0,11016282709866.521,7382818.134880177,1.5188561519607902e-09,1,12,1,1.5548853988856488e+16,1.5548853988856484e+16,0
30,245000000.0,0,1450000.0,2242941.5316877905,0,5.949280789968977,31.378359751895246,0,0.0,757473.1223110509,128100449489.87375,190625.0,12810044948987.375,7382818.134880177,1.2860255083069205e-09,1,12,1,1.5566792855002746e+16,1.5566792855002744e+16,0
31,245000000.0,0,1124131.25767595,2255580.432290977,0,6.14006857957898,32.378359751895246,0,0.0,940680.461386692,254960296796.1308,393548.6567591941,25496029679613.08,7382818.134880177,1.2860255083069205e-09,1,12,1,1.5553669920619674e+16,1.5553669920619676e+16,0
32,245000000.0,0,1326671.526324111,2269349.387094572,0,8.322248556464277,33.36951125567063,0,0.0,899267.5850147285,162162643364.648,191008.38811103292,16216264336464.8,7382818.134880177,1.5188561519607902e-09,1,12,1,1.5562655952563148e+16,1.556265595256315e+16,0
33,245000000.0,0,1459375.0,2294079.669315154,0,11.911835851591148,34.36951125567063,0,0.0,703605.8841076586,184251320985.1869,346875.0,18425132098518.688,7392082.891552178,1.3260432751849294e-09,1,12,1,1.554253093781038e+16,1.5542530937810376e+16,0
34,245000000.0,0,1468750.0,2312219.898170662,0,6.562180276016041,35.360775642116,0,0.0,852818.0077356952,146475874629.58844,190625.0,14647587462958.844,7392082.891552178,1.3260432751849294e-09,1,12,1,1.5566908443811572e+16,1.5566908443811574e+16,0
35,245000000.0,0,1468750.0,2329176.340635864,0,6.722458716551231,36.360775642116,0,0.0,889150.3468113362,217871328743.0233,344334.7313518388,21787132874302.33,7392082.891552178,1.3260432751849294e-09,1,12,1,1.5556292316596142e+16,1.5556292316596144e+16,0
36,245000000.0,0,1478125.0,2342824.8935013968,0,9.214946381898791,37.352150764810276,0,0.0,847737.4704393728,145009278658.01306,190625.0,14500927865801.307,7392082.891552178,1.3260432751849294e-09,1,12,1,1.555894604711393e+16,1.5558946047113932e+16,0
37,245000000.0,0,1478125.0,2360673.9997194516,0,7.047267054424413,38.352150764810276,0,0.0,1030944.8095150138,335626514840.9462,486129.1940555164,33562651484094.62,7392561.22491022,1.192347554024309e-09,1,12,1,1.5539295949108182e+16,1.5539295949108182e+16,0
38,245000000.0,0,1436733.223777933,2373297.514265336,0,9.661714673942607,39.34363453140746,0,0.0,989531.9331430504,205326287618.28693,283588.9254073552,20532628761828.69,7392561.22491022,1.192347554024309e-09,1,12,1,1.5557091759008672e+16,1.5557091759008672e+16,0
39,245000000.0,0,1378312.2491424042,2399284.193642894,0,13.861855721288627,40.34363453140746,0,0.0,784654.5408668526,190820205747.65652,346875.0,19082020574765.652,7392561.22491022,1.4251781976781785e-09,1,12,1,1.5533968130759292e+16,1.5533968130759292e+16,0
40,245000000.0,0,1496875.0,2421539.143796382,0,7.502663502609608,41.33522490194442,0,0.0,887576.395846728,147684020173.66565,190625.0,14768402017366.564,7392561.22491022,1.1850715964101255e-09,1,12,1,1.5560032169800266e+16,1.5560032169800266e+16,0
41,245000000.0,0,1496875.0,2442353.2931097234,0,7.653951081471287,42.33522490194442,0,0.0,923908.734922369,243016514751.97134,379093.11946287163,24301651475197.133,7392561.22491022,1.4251781976781785e-09,1,12,1,1.554818686909759e+16,1.5548186869097588e+16,0
42,245000000.0,0,1506250.0,2441733.9734963104,0,3.510862751518455,43.32691988721181,0,0.0,1194995.8585504056,314031431769.1513,330856.0618140183,31403143176915.13,7402981.852795347,1.5747900761198252e-09,1,13,1,1.5564920389058908e+16,1.5564920389058908e+16,0
43,245000000.0,0,1506250.0,2463913.929785062,0,4.398114651843144,44.32691988721181,0,0.0,1295377.44488212,397003924709.51587,520887.5821665493,39700392470951.586,7402981.852795347,1.8294485926162452e-09,1,13,1,1.5541936010896718e+16,1.5541936010896718e+16,0
44,245000000.0,0,1515625.0,2489236.113914594,0,11.779213349072243,45.318717547185365,0,0.0,865703.1976260466,201611958009.56177,318347.3135183881,20161195800956.176,7402981.852795347,1.8294485926162452e-09,1,13,1,1.5546209260707312e+16,1.5546209260707312e+16,0
45,245000000.0,0,1325000.0,2472130.397316609,0,3.4114851983738133,46.50829562594269,0,0.0,1852251.0856037803,556555237495.2037,381250.0,55655523749520.375,7402981.852795347,2.2805579646956176e-09,1,14,1,1.5539207944625084e+16,1.5539207944625084e+16,0
46,245000000.0,0,1456180.1107497024,2472279.7531869407,0,4.023338670527711,47.16507682225297,0,0.0,2197196.2049333532,597456926693.4468,460141.7762220657,59745692669344.68,7402981.852795347,1.4747456589248031e-09,1,15,1,1.554314932224113e+16,1.5543149322241132e+16,0
47,245000000.0,0,1334375.0,2494027.9939247943,0,11.005500113023063,48.497706636712536,0,0.0,1425773.5071740674,357219755365.1712,371875.0,35721975536517.12,7402981.852795347,1.6375452105421573e-09,1,18,1,1.5519129436017294e+16,1.5519129436017294e+16,0
48,245000000.0,0,1349116.5777518442,2476614.647441992,0,3.559547417122367,49.15874855156431,0,0.0,2041634.3164266972,557558385398.6292,344269.8430287185,55755838539862.914,7402981.852795347,1.5379555406980217e-09,1,19,1,1.5540227696679e+16,1.5540227696679002e+16,0
49,245000000.0,0,1354178.561252915,2503723.5722014452,0,4.845529837538729,50.30261336806969,0,0.0,1706614.4733233438,457328549128.2957,399395.9702775821,45732854912829.57,7402981.852795347,1.5761543181724846e-09,1,19,1,1.5532666520101582e+16,1.5532666520101582e+16,0
50,245000000.0,0,1359240.544753986,2520844.0721247075,0,8.439957837998806,51.29470788153423,0,0.0,1314083.9930518237,303087630669.1903,289443.1854420549,30308763066919.03,7402981.852795347,1.0959411156363785e-09,1,19,1,1.5540630722216604e+16,1.5540630722216606e+16,0
51,245000000.0,0,1328125.0,2553066.0391507647,0,10.086327119632294,52.50474936518386,0,0.0,1035755.848031699,242852878537.5785,381250.0,24285287853757.848,7402981.852795347,1.1104930308647454e-09,1,19,1,1.5523554139114274e+16,1.5523554139114276e+16,0
52,245000000.0,0,1369364.5117561277,2558204.956783596,0,4.415266542164308,53.14629603094999,0,0.0,1865529.3127904544,585576670173.2739,494900.16433309857,58557667017327.39,7402981.852795347,1.0959411156363785e-09,1,19,1,1.553649069558076e+16,1.553649069558076e+16,0
53,245000000.0,0,866613.9952571986,2530307.787881105,0,1.030452978299701,2.305172589346156,0,0.0,2480767.8086467804,754185679738.7408,364399.30623257277,75418567973874.08,7432884.627865056,2.1391315385699272e-09,1,19,1,1.5560589359113878e+16,1.5560589359113876e+16,0
54,245000000.0,0,1071675.9787582695,2584163.7483054837,0,5.637567140753902,55.02347598029809,0,0.0,1563514.6103028352,248551036262.53577,246069.6270367762,24855103626253.58,7432884.627865056,1.496118784416467e-09,1,20,1,1.5549725117023306e+16,1.5549725117023306e+16,0
55,245000000.0,0,1180684.0618762423,2624020.0355488406,0,5.818341561716323,56.692499767513546,0,0.0,994484.4954050258,244001282896.9896,340072.91869771836,24400128289698.96,7432884.627865056,1.496118784416467e-09,1,20,1,1.5540580772939074e+16,1.5540580772939076e+16,0
56,245000000.0,0,1155556.006962829,2612310.283352501,0,0.9264255563203118,1.7292720697997972,0,0.0,1832465.2613866304,534691904431.378,344269.8430287185,53469190443137.8,7432884.627865056,1.496118784416467e-09,1,20,1,1.556912851518752e+16,1.5569128515187518e+16,0
57,245000000.0,0,1358161.1639341107,2654770.4875508035,0,0.7068039036754764,1.242040485368011,0,0.0,1578188.6150780632,382341078988.05585,366298.6124651456,38234107898805.586,7432884.627865056,1.496118784416467e-09,1,20,1,1.5568746127925136e+16,1.5568746127925138e+16,0
58,245000000.0,0,1560766.3209053923,2685877.5977575504,0,5.143928171439439,58.40626666328111,0,0.0,1228758.942625737,274019937463.43384,289443.1854420549,27401993746343.383,7432884.627865056,1.5515979612246156e-09,1,20,1,1.556424083230981e+16,1.556424083230981e+16,0
59,245000000.0,0,1633579.8563719906,2722533.1612912915,0,0.7074467891571232,1.2235560056631756,0,0.0,1329140.5289574512,427015867009.9618,486129.1940555164,42701586700996.18,7432884.627865056,1.496118784416467e-09,1,20,1,1.5555162393347546e+16,1.5555162393347546e+16,0
60,245000000.0,0,1650430.5501394179,2740472.4998608883,0,5.286875430124035,60.41958408727349,0,0.0,1263401.2650506336,282684897052.01154,283588.9254073552,28268489705201.152,7432884.627865056,1.496118784416467e-09,1,20,1,1.5570348068613918e+16,1.5570348068613918e+16,0
61,245000000.0,0,1467281.243906845,2779768.5352450716,0,6.293080656677779,62.25702436064285,0,0.0,1024350.8951002178,256463837085.55566,366298.6124651456,25646383708555.566,7432884.627865056,1.496118784416467e-09,1,20,1,1.5542141069268926e+16,1.5542141069268928e+16,0
62,245000000.0,0,1674756.9376742723,2776398.02445486,0,0.7444924607997109,1.0943066224459816,0,0.0,1488361.0486026756,278928206675.71545,206617.43269812805,27892820667571.547,7432884.627865056,1.760781742632389e-09,1,20,1,1.5563806803346382e+16,1.5563806803346382e+16,0
63,245000000.0,0,1679687.5,2801545.8093455154,0,0.6888961882434964,1.1881898928533645,0,0.0,1255832.3473875148,483733959953.00977,535343.1194628717,48373395995300.98,7432884.627865056,1.496118784416467e-09,1,20,1,1.5547943371245666e+16,1.5547943371245668e+16,0
64,245000000.0,0,1679687.5,2809029.7510609305,0,0.8759012946165566,1.6854714983865091,0,0.0,1505133.352128858,417746027661.5745,335343.1194628717,41774602766157.45,7422723.553272411,1.4301804185379297e-09,1,20,1,1.5586086914270114e+16,1.5586086914270116e+16,0
65,245000000.0,0,1515934.018976554,2849291.940137625,0,6.619196332441646,66.03198656916794,0,0.0,1243841.9681014414,309240324412.9815,366298.6124651456,30924032441298.152,7424543.134033642,1.6630110621917993e-09,1,20,1,1.5538645096360074e+16,1.5538645096360074e+16,0
66,245000000.0,0,1562500.0,2884852.5124630015,0,6.696735812521902,67.27918132395267,0,0.0,945636.438120206,183673512248.96753,246933.32908225618,18367351224896.754,7424543.134033642,1.6621015674900264e-09,1,20,1,1.555037965709268e+16,1.555037965709268e+16,0
67,245000000.0,0,1499479.4623599171,2870417.651530092,0,0.7819632115535691,1.3329072807530795,0,0.0,1743644.6995557928,516897650794.45087,341972.2249302912,51689765079445.086,7424543.134033642,1.6948433767538518e-09,1,20,1,1.556470454086015e+16,1.5564704540860148e+16,0
68,245000000.0,0,1562500.0,2889068.812561853,0,0.6033280773468614,1.055533329944714,0,0.0,2077809.1782662184,523328068921.4858,392898.5387016407,52332806892148.58,7424543.134033642,1.4847501006443053e-09,1,20,1,1.5574281663795744e+16,1.5574281663795744e+16,0
69,245000000.0,0,1562500.0,2902210.289117728,0,0.7686149154659067,1.2774762840397977,0,0.0,2017440.055517366,673755916245.2058,445693.1833207164,67375591624520.58,7476044.71017054,1.9758772396016866e-09,1,20,1,1.553206811939764e+16,1.5532068119397636e+16,0
70,245000000.0,0,1562500.0,2932714.1413050024,0,0.7095375303005327,1.0487443592952528,0,0.0,1933064.9474368093,572122685482.7864,537958.7972356249,57212268548278.64,7479669.48056067,2.8244357963558286e-09,1,20,1,1.5556871641353332e+16,1.5556871641353332e+16,0
71,245000000.0,0,1406250.0,2964383.040891357,0,12.582789207626767,72.4212115828744,0,0.0,1180426.8108786023,314466031818.6237,336598.95095991675,31446603181862.37,7479669.48056067,3.0900082492735237e-09,1,20,1,1.5531565639976044e+16,1.5531565639976044e+16,0
72,245000000.0,0,1553835.6254024415,2931629.5764212566,0,0.7280713124199039,1.0606395291329629,0,0.0,2557576.9168739766,724641316757.4619,344511.3623987557,72464131675746.19,7479669.48056067,2.8244357963558286e-09,1,21,1,1.5553283261988682e+16,1.5553283261988684e+16,0
73,245000000.0,0,1539615.0230810111,2925032.7392440108,0,0.6718848907580756,1.2981828490808067,0,0.0,2996233.2501859325,845694217269.9773,480754.2584085005,84569421726997.73,7479669.48056067,2.857177605619654e-09,1,22,1,1.5549020882704938e+16,1.5549020882704942e+16,0
74,245000000.0,0,1397585.6254024415,2949753.1003071293,0,9.987682511398331,75.43001612748915,0,0.0,1740994.4041229293,412521420641.6085,378461.80623257277,41252142064160.85,7479669.48056067,2.591605152701959e-09,1,23,1,1.5524047982274194e+16,1.5524047982274194e+16,0
75,245000000.0,0,1481315.9566508264,2974625.9164561643,0,0.7286356456986665,1.34924001258061,0,0.0,1710325.1903382284,476158973590.64325,400916.67479087354,47615897359064.33,7479669.48056067,2.391516318311915e-09,1,24,1,1.5569060484024556e+16,1.5569060484024556e+16,0
76,245000000.0,0,1658871.4999632891,3012949.399509268,0,0.6387259358549949,1.1377823125667468,0,0.0,1781368.432158275,482740411046.82874,423549.7195813762,48274041104682.875,7479829.7615761915,1.831267582019791e-09,1,24,1,1.5550024945599852e+16,1.5550024945599848e+16,0
77,245000000.0,0,1505642.3441856808,3047061.6323569203,0,0.6793905745642923,1.3274550577436293,0,0.0,1788709.1949807485,521612103523.59973,378439.87330566806,52161210352359.98,7548887.187275373,1.4379111235029995e-09,1,24,1,1.5540251285384518e+16,1.5540251285384522e+16,0
78,245000000.0,0,1658871.4999632891,3068819.0926526403,0,0.6545475133131423,1.1551492294322696,0,0.0,1842368.4970364887,749524046074.107,723955.02702996,74952404607410.7,7548887.187275373,1.4379111235029995e-09,1,24,1,1.5524833066122054e+16,1.5524833066122054e+16,0
79,245000000.0,0,1529968.7317205353,3067605.3357751006,0,0.6660740161748515,1.306362408690318,0,0.0,2063648.6078742133,774862467195.6528,522595.18075425184,77486246719565.28,7548894.430908026,1.7944330465979874e-09,1,24,1,1.5552847564975754e+16,1.5552847564975752e+16,0
80,245000000.0,0,1658871.4999632891,3100898.4588637883,0,13.898209167660006,80.50749326916572,0,0.0,1728040.9452974983,440669781437.13776,346875.0,44066978143713.77,7548894.430908026,1.7944330465979874e-09,1,24,1,1.5522141515210846e+16,1.5522141515210844e+16,0
81,245000000.0,0,1554295.1192553898,3128052.835107868,0,0.6627540298776524,1.285929580334256,0,0.0,1783058.2827207833,507381624618.79083,362626.9963254752,50738162461879.086,7548894.430908026,1.7944330465979874e-09,1,24,1,1.5539696383819768e+16,1.5539696383819768e+16,0
82,245000000.0,0,1658871.4999632891,3144554.2155862707,0,0.6269769681520222,1.0906954628232728,0,0.0,1689840.7738683603,586700497146.8204,621640.6419271275,58670049714682.05,7548894.430908026,2.027263690251857e-09,1,24,1,1.5543823587631588e+16,1.5543823587631588e+16,0
83,245000000.0,0,1578621.5067902443,3140931.9766647876,0,0.6529916218494978,1.2661260886881411,0,0.0,1918446.317142409,757626571766.7122,477383.9752030737,75762657176671.22,7548894.430908026,2.027263690251857e-09,1,24,1,1.5544519943360754e+16,1.5544519943360756e+16,0
84,245000000.0,0,1658871.4999632891,3162785.9039362613,0,0.6322125345561053,1.1837561827323084,0,0.0,1996782.2159337369,861640975974.7979,765795.9493757113,86164097597479.78,7548894.430908026,1.9945218809880316e-09,1,24,1,1.5531611760903368e+16,1.553161176090337e+16,0
85,245000000.0,0,1602947.8943250987,3179595.8755094633,0,14.775789310180933,86.05686303674355,0,0.0,1340337.807276481,467050981996.1487,564436.1031000032,46705098199614.87,7548894.430908026,2.027263690251857e-09,1,24,1,1.5532362947227788e+16,1.5532362947227792e+16,0
86,245000000.0,0,1658871.4999632891,3134643.9118803903,0,0.6361026717628331,1.0188559216654685,0,0.0,2741288.6698828586,853351347613.723,376081.9435194714,85335134761372.3,7548894.430908026,1.9945218809880316e-09,1,24,1,1.5547608704322306e+16,1.5547608704322308e+16,0
87,245000000.0,0,1500767.7987513621,3182997.1050542155,0,8.579050174797642,88.33176380640396,0,0.0,1599752.5996233004,317102482986.5519,317966.410548587,31710248298655.188,7548894.431064397,1.8671926227398217e-09,1,24,1,1.5537958123486644e+16,1.5537958123486648e+16,0
88,245000000.0,0,1658871.4999632891,3216123.9586884165,0,0.6068816057230696,1.1161639261896925,0,0.0,1274512.3513686485,549212554123.0051,663481.5642728789,54921255412300.516,7548894.431064397,1.8344508134759963e-09,1,24,1,1.5546683471084652e+16,1.554668347108465e+16,0
89,245000000.0,0,1651600.6693948077,3228013.5776268267,0,0.6195764730446557,1.2102137177110137,0,0.0,1521192.9427113924,513217678582.7681,462121.7179971708,51321767858276.81,7548894.431064397,1.8671926227398217e-09,1,24,1,1.5583124108270836e+16,1.5583124108270836e+16,0
90,245000000.0,0,1646696.1877233712,3262792.5355864647,0,0.6144196025380672,1.213816002550451,0,0.0,1599528.8415027203,776365402943.0555,807636.8717214627,77636540294305.55,7548894.431064397,1.9545041141100228e-09,1,24,1,1.5532796425763812e+16,1.5532796425763808e+16,0
91,245000000.0,0,1658871.4999632891,3272006.993616727,0,0.6161426204768126,1.192657719806765,0,0.0,1869834.4206591542,834795526568.8652,606277.0254457546,83479552656886.53,7548894.431064397,2.2746462491340935e-09,1,24,1,1.5559925842578388e+16,1.5559925842578388e+16,0
92,245000000.0,0,1658871.4999632891,3302133.304241538,0,15.865653042721677,92.58176504579238,0,0.0,1560075.2849815788,450768334316.6087,404917.1791700465,45076833431660.87,7548894.431064397,1.9545041141100228e-09,1,24,1,1.5526985440860744e+16,1.5526985440860742e+16,0
93,245000000.0,0,1658871.4999632891,3321801.370040708,0,0.624564748213767,1.1756037917263504,0,0.0,1664097.417583469,538729622973.8151,404079.9471939961,53872962297381.516,7548894.431064397,1.987245923373848e-09,1,24,1,1.55446693463493e+16,1.55446693463493e+16,0
94,245000000.0,0,1658871.4999632891,3334661.7163216816,0,0.5925334663869519,1.142850238196031,0,0.0,1619884.7039096516,665139686864.3878,705322.4866186304,66513968686438.78,7548894.431064397,1.9545041141100228e-09,1,24,1,1.554411345860582e+16,1.5544113458605822e+16,0
95,245000000.0,0,1658871.4999632891,3325145.955610303,0,0.6101987331023254,1.1590306996591795,0,0.0,1890233.2617334072,853278385963.733,518836.9260715946,85327838596373.3,7551528.1152797695,2.1327650756575167e-09,1,24,1,1.5545729142726686e+16,1.5545729142726684e+16,0
96,245000000.0,0,1604855.2653776202,3333140.399637527,0,0.6019630486938091,1.2454422531844398,0,0.0,1992883.162229981,1001692196372.2606,849477.7940672141,100169219637226.06,7551555.886720852,2.8931026463396847e-09,1,24,1,1.552832130609434e+16,1.552832130609434e+16,0
97,245000000.0,0,1658871.4999632891,3341455.5751366955,0,16.743817248161182,98.1008537210378,0,0.0,1349447.7033804783,530450542725.20483,648117.9477915061,53045054272520.484,7574168.990297705,2.9185684979893267e-09,1,24,1,1.553156956654846e+16,1.553156956654846e+16,0
98,245000000.0,0,1565756.9133016525,3322401.5936112734,0,0.6120810208118919,1.2765222115952672,0,0.0,2292788.6373146833,829295972672.8901,446758.10151579796,82929597267289.02,7574168.990297705,2.8858266887255013e-09,1,24,1,1.5545856400685406e+16,1.5545856400685404e+16,0
99,245000000.0,0,1658871.4999632891,3321320.7910905234,0,0.5387097595449577,1.2026025732468328,0,0.0,2588231.531205754,1022482940647.8076,792273.2552400898,102248294064780.77,7574168.990297705,2.8858266887255013e-09,1,24,1,1.5530790171697546e+16,1.5530790171697546e+16,0
100,245000000.0,0,1590083.300836507,3317216.280730734,0,0.6410500676180307,1.2570052108198901,0,0.0,2516159.934720305,1115152245272.8943,590913.4089643818,111515224527289.42,7574168.990297705,2.8858266887255013e-09,1,24,1,1.5516219866268072e+16,1.5516219866268068e+16,0
101,245000000.0,0,1502621.4999632891,3352271.9012710657,0,15.053550966874909,102.33012197554294,0,0.0,1862038.4034138676,496591519192.2235,389553.5626886737,49659151919222.35,7574168.990297705,3.3514879760332406e-09,1,24,1,1.5516805861103582e+16,1.5516805861103584e+16,0
102,245000000.0,0,1502621.4999632891,3383749.297822366,0,0.6189243835216174,1.2380760214558193,0,0.0,1904385.0245362364,713776060148.2976,456841.09599254734,71377606014829.77,7574168.990297705,3.3514879760332406e-09,1,24,1,1.5517257209492848e+16,1.5517257209492846e+16,0
103,245000000.0,0,1502621.4999632891,3401526.649203732,0,0.5629718949520063,1.1329042942360275,0,0.0,1911670.4118480422,719910391854.4587,689958.8701372575,71991039185445.88,7574168.990297705,3.2791831472422928e-09,1,24,1,1.5541411234535352e+16,1.5541411234535354e+16,0
104,245000000.0,0,1502621.4999632891,3411132.418330313,0,8.568141123880777,104.54320197101006,0,0.0,1782455.224344519,685183573188.4727,488599.0238615494,68518357318847.266,7649922.118653968,2.591605152701959e-09,1,24,1,1.5524384927069838e+16,1.5524384927069838e+16,0
105,245000000.0,0,1502621.4999632891,3430802.341127525,0,0.5716501212667653,1.233639715389122,0,0.0,1765617.305611664,854670955236.7932,834114.1775858413,85467095523679.33,7649922.118653968,2.1982486941851676e-09,1,24,1,1.5530111320703094e+16,1.5530111320703094e+16,0
106,245000000.0,0,1502621.4999632891,3422638.917112955,0,0.5933625720420502,1.162222256960447,0,0.0,2025282.8061274115,987764076756.9733,632754.3313101332,98776407675697.33,7649922.118653968,2.591605152701959e-09,1,24,1,1.5543292421976382e+16,1.5543292421976382e+16,0
107,245000000.0,0,1502621.4999632891,3441982.1803359827,0,10.264174078488882,107.57174949446603,0,0.0,1679347.2278176784,599259477792.9553,587644.485034425,59925947779295.53,7649922.118653968,2.591605152701959e-09,1,24,1,1.5517332988925622e+16,1.5517332988925624e+16,0
108,245000000.0,0,1502621.4999632891,3451041.5256649973,0,0.607715232590215,1.1216923089561552,0,0.0,1781402.8820577178,762007034410.771,542534.6387587169,76200703441077.1,7649922.118653968,2.591605152701959e-09,1,24,1,1.5530233147005076e+16,1.5530233147005074e+16,0
109,245000000.0,0,1502621.4999632891,3458133.5460497895,0,0.5677737469476388,1.2760935066173413,0,0.0,1872723.6900220492,987252058341.1848,888049.7924830087,98725205834118.48,7649922.118653968,2.591605152701959e-09,1,24,1,1.5524232837399964e+16,1.552423283739996e+16,0
110,245000000.0,0,1502621.4999632891,3455337.722276972,0,0.5900057265364707,1.0838938906525781,0,0.0,2132389.190537797,1148646401933.6152,686689.9462073005,114864640193361.53,7649922.118653968,2.591605152701959e-09,1,24,1,1.5535999056586476e+16,1.5535999056586474e+16,0
111,245000000.0,0,1502621.4999632891,3465330.635153393,0,18.97670784991352,111.56319618004288,0,0.0,1834444.8447778362,636384844880.856,485330.0999315924,63638484488085.59,7649922.118653968,2.591605152701959e-09,1,24,1,1.5513877141146578e+16,1.5513877141146578e+16,0
112,245000000.0,0,1502621.4999632891,3485212.751352612,0,10.767013251888237,113.01697791831491,0,0.0,1336500.4990178756,332291582662.73804,440220.2536558843,33229158266273.805,7649922.118653968,2.1982486941851676e-09,1,24,1,1.5527521396553184e+16,1.5527521396553184e+16,0
113,245000000.0,0,1502621.4999632891,3458956.98849242,0,0.5895105910510688,1.1473449415999546,0,0.0,2114016.1305456404,717116933972.5669,439700.8691465338,71711693397256.69,7649922.118653968,2.591605152701959e-09,1,24,1,1.5540122923960982e+16,1.5540122923960982e+16,0
114,245000000.0,0,1502621.4999632891,3454778.657426627,0,0.49064088291423064,1.0689713698863281,0,0.0,2371582.460258578,741841187642.5039,584375.5611044681,74184118764250.39,7649922.118653968,2.663909981492907e-09,1,24,1,1.5553721278727396e+16,1.5553721278727396e+16,0
115,245000000.0,0,1502621.4999632891,3454121.2653550375,0,0.6166979930614275,1.107828339640263,0,0.0,2299486.8231383804,937089200842.1887,543116.3696622814,93708920084218.88,7649922.118653968,2.591605152701959e-09,1,24,1,1.5513441524576122e+16,1.5513441524576122e+16,0
116,245000000.0,0,1502621.4999632891,3469075.983554258,0,0.5734877625484968,1.1582102516137804,0,0.0,2202671.780618368,895239477729.2603,728530.8685530518,89523947772926.03,7649922.118653968,2.1982486941851676e-09,1,24,1,1.553688949077094e+16,1.5536889490770942e+16,0
117,245000000.0,0,1346371.4999632891,3487919.1252456284,0,9.632027775934844,118.48437160801939,0,0.0,2040436.30814143,877142066192.661,527171.0222773438,87714206619266.1,7649922.118653968,2.591605152701959e-09,1,24,1,1.5508209818156686e+16,1.5508209818156688e+16,0
118,245000000.0,0,1346371.4999632891,3507929.676365538,0,0.5444089987488833,1.2637057709606128,0,0.0,2032158.8200489332,1020410878338.1382,872686.1760016356,102041087833813.81,7649922.118653968,2.591605152701959e-09,1,24,1,1.552151002085812e+16,1.5521510020858122e+16,0
119,245000000.0,0,1346371.4999632891,3512250.8793586963,0,9.68782353955666,119.47676822281984,0,0.0,1921869.894317101,905069513486.0557,671326.3297259274,90506951348605.56,7649922.118653968,2.591605152701959e-09,1,24,1,1.552488541444274e+16,1.552488541444274e+16,0
120,245000000.0,0,1346371.4999632891,3525778.289530614,0,0.5578391068863319,1.3903452987669669,0,0.0,1967210.8866624832,1217197659903.5613,1016841.4834502193,121719765990356.12,7649922.118653968,2.591605152701959e-09,1,24,1,1.5510197716471284e+16,1.5510197716471286e+16,0
121,245000000.0,0,1346371.4999632891,3516978.1900404124,0,0.5778802160798866,1.0040812983690721,0,0.0,2226876.387178231,1304417166520.8005,815481.6371745111,130441716652080.05,7649922.118653968,2.591605152701959e-09,1,24,1,1.5539809133324248e+16,1.553980913332425e+16,0
122,245000000.0,0,1346371.4999632891,3531581.173902912,0,20.780826737477565,122.54824028646846,0,0.0,1928794.3739418902,755456115770.9075,614121.7908988029,75545611577090.75,7650472.788559487,3.0572664400096983e-09,1,24,1,1.550628343092216e+16,1.550628343092216e+16,0
123,245000000.0,0,1346371.4999632891,3545913.2836698405,0,0.5812255367890912,1.06026486385856,0,0.0,2021475.0281819298,875986619620.5004,569011.9446230948,87598661962050.03,7650472.788559487,2.591605152701959e-09,1,24,1,1.5524273342117894e+16,1.5524273342117896e+16,0
124,245000000.0,0,1346371.4999632891,3554177.035550468,0,0.5380732742868236,1.298021977131687,0,0.0,1965920.836146261,1068307401820.3192,914527.0983473866,106830740182031.92,7650472.788559487,2.591605152701959e-09,1,24,1,1.5521452280383396e+16,1.5521452280383398e+16,0
125,245000000.0,0,1346371.4999632891,3551036.5600960515,0,0.5767211759551387,0.9448317137369053,0,0.0,2225586.336662009,1262515615104.4756,713167.2520716784,126251561510447.56,7650472.788559487,2.591605152701959e-09,1,24,1,1.552875749315232e+16,1.552875749315232e+16,0
126,245000000.0,0,1346371.4999632891,3560131.639710268,0,0.5528676975028709,1.4319973250109714,0,0.0,2316907.14462634,1484303177160.5806,1058682.4057959702,148430317716058.06,7650472.788559487,2.591605152701959e-09,1,24,1,1.5505647925574838e+16,1.5505647925574838e+16,0
127,245000000.0,0,1346371.4999632891,3559097.819550899,0,10.291570774368607,127.48007798897056,0,0.0,2263165.6732232994,1369199174472.1545,857322.5595202621,136919917447215.45,7654100.67623464,2.6207089831586927e-09,1,24,1,1.5511115178796806e+16,1.5511115178796806e+16,0
128,245000000.0,0,1346371.4999632891,3582402.103743343,0,21.768430521669398,128.52568171854938,0,0.0,1965221.3274633384,805431828322.8641,655962.7132445539,80543182832286.4,7654100.67623464,2.6207089831586927e-09,1,24,1,1.550212983775556e+16,1.5502129837755558e+16,0
129,245000000.0,0,1346371.4999632891,3602331.39053573,0,0.5701404602202202,1.0843163337608108,0,0.0,2057901.981703378,920665036281.819,610852.8669688457,92066503628181.89,7654100.67623464,2.1550476958509535e-09,1,24,1,1.552336434813417e+16,1.552336434813417e+16,0
130,245000000.0,0,1346371.4999632891,3611096.2862908235,0,0.5331429096639676,1.33425393407811,0,0.0,2002347.7896677093,1143897834506.051,956368.0206931375,114389783450605.11,7654100.67623464,2.1550476958509535e-09,1,24,1,1.5516900809504542e+16,1.551690080950454e+16,0
131,245000000.0,0,1346371.4999632891,3608004.122561718,0,0.5678744039826336,0.896675613812183,0,0.0,2262013.290183457,1318325027133.5488,755008.1744174294,131832502713354.88,7654100.67623464,2.082288119709119e-09,1,24,1,1.5529297408751768e+16,1.5529297408751766e+16,0
132,245000000.0,0,1346371.4999632891,3631362.0007828083,0,12.48219951939022,132.47461312050396,0,0.0,1964068.944423496,864345237939.0677,709898.3281417212,86434523793906.78,7654100.67623464,2.1550476958509535e-09,1,24,1,1.5501221902512896e+16,1.5501221902512896e+16,0
133,245000000.0,0,1346371.4999632891,3634680.977077046,0,0.5682075566023971,1.116978613682103,0,0.0,2066124.5986635343,1071296063989.4598,664788.481866013,107129606398945.98,7654100.676234642,2.1695996110793203e-09,1,24,1,1.551378657498675e+16,1.5513786574986748e+16,0
134,245000000.0,0,1346371.4999632891,3641441.1991444635,0,0.5345641425091653,1.3840548621253108,0,0.0,2157445.4066278646,1308511021581.831,1010303.6355903049,130851102158183.11,7654100.676234642,2.1695996110793203e-09,1,24,1,1.5511003907800222e+16,1.5511003907800222e+16,0
135,245000000.0,0,1346371.4999632891,3638430.008115758,0,0.568965195482441,0.9174816902245424,0,0.0,2417110.907143611,1527001968915.0842,808943.7893145967,152700196891508.44,7654100.676234642,2.1695996110793203e-09,1,24,1,1.551823680316768e+16,1.5518236803167682e+16,0
136,245000000.0,0,1346371.4999632891,3651180.4711022787,0,12.840874821901558,136.44486033870533,0,0.0,2119166.5613836492,1023294874325.3309,763833.9430388885,102329487432533.1,7654100.676234642,2.1695996110793203e-09,1,24,1,1.5497562791767392e+16,1.549756279176739e+16,0
137,245000000.0,0,1346371.4999632891,3665721.702702697,0,13.01064193897525,138.09203346149243,0,0.0,1621848.661436309,680579391697.6262,718724.0967631803,68057939169762.625,7671597.784609399,1.7330421542283148e-09,1,24,1,1.550643381869626e+16,1.5506433818696258e+16,0
138,245000000.0,0,1346371.4999632891,3634000.681700589,0,0.565590064376805,0.8669482332415805,0,0.0,2537210.0929273977,1066243035335.3347,517364.2504874722,106624303533533.47,7671883.741355232,1.7330421542283148e-09,1,24,1,1.5523363993108688e+16,1.5523363993108686e+16,0
139,245000000.0,0,1346371.4999632891,3621554.5197257604,0,0.4783606700717227,1.2559235199264118,0,0.0,2785609.55512728,1213619877761.1863,862879.4042117641,121361987776118.62,7671883.741355232,1.7330421542283148e-09,1,24,1,1.5523336810972124e+16,1.5523336810972124e+16,0
140,245000000.0,0,1346371.4999632891,3609981.5674423184,0,0.5899216459914005,0.9040463831276652,0,0.0,2703643.924341541,1374291784767.874,661519.557936056,137429178476787.4,7671883.741355232,1.7330421542283148e-09,1,24,1,1.5498679310146044e+16,1.5498679310146046e+16,0
141,245000000.0,0,1346371.4999632891,3619499.9282666314,0,0.5538041452900418,1.3809309408240844,0,0.0,2596277.005589646,1461557752080.3142,1007034.7116603479,146155775208031.4,7671883.741355232,1.3396856957115233e-09,1,24,1,1.5506522779390586e+16,1.5506522779390588e+16,0
142,245000000.0,0,1190121.4999632891,3627445.0650528655,0,11.536162741492682,143.6790898326171,0,0.0,2423693.5026471266,1360875043903.7927,805674.8653846397,136087504390379.27,7671883.741355232,1.7330421542283148e-09,1,24,1,1.549422968910498e+16,1.549422968910498e+16,0
143,245000000.0,0,1190121.4999632891,3647978.372988092,0,0.5413265775814587,1.5335741081629097,0,0.0,2405541.8539115726,1642581848224.921,1151190.0191089315,164258184822492.1,7671883.741355232,1.3396856957115233e-09,1,24,1,1.5491243447374758e+16,1.5491243447374758e+16,0
144,245000000.0,0,1190121.4999632891,3639512.4003860196,0,0.5724864385849973,0.9177713664187909,0,0.0,2600818.3178299377,1791907267398.0269,949830.1728332234,179190726739802.7,7671883.741355232,1.7330421542283148e-09,1,24,1,1.5513890920756166e+16,1.5513890920756168e+16,0
145,245000000.0,0,1190121.4999632891,3659418.8171789087,0,24.565498848681006,145.43966499215136,0,0.0,2252680.4618575894,1077907953691.5143,748470.3265575152,107790795369151.42,7671883.741355232,1.7398633644916117e-09,1,24,1,1.5490368523990822e+16,1.5490368523990824e+16,0
146,245000000.0,0,1190121.4999632891,3671437.9470330644,0,0.5566756500337466,1.141570378319198,0,0.0,2336612.5619102493,1240480994151.7727,703360.480281807,124048099415177.27,7671883.741355232,2.271008270327002e-09,1,24,1,1.5505295569722912e+16,1.5505295569722912e+16,0
147,245000000.0,0,1190121.4999632891,3678456.6302811005,0,0.5217727618168393,1.4220124717789524,0,0.0,2272309.815687201,1438855118055.9639,1048875.6340060988,143885511805596.38,7671883.741355232,2.133219823008403e-09,1,24,1,1.5506839719883036e+16,1.5506839719883034e+16,0
148,245000000.0,0,1190121.4999632891,3670095.3125657197,0,0.5716246346567166,0.9319195118766942,0,0.0,2523226.762015569,1679601263180.3525,847515.7877303907,167960126318035.25,7671883.741355232,2.198703441536054e-09,1,24,1,1.5509902178497592e+16,1.5509902178497592e+16,0
149,245000000.0,0,1190121.4999632891,3678038.4241799647,0,0.5409891984444891,1.5844067529447028,0,0.0,2605799.015792521,1913545028043.7073,1193030.9414546825,191354502804370.72,7671883.741355232,1.7398633644916117e-09,1,24,1,1.5491024688611376e+16,1.5491024688611376e+16,0
150,245000000.0,0,1190121.4999632891,3688068.0707514887,0,25.497890123722275,151.3880977583575,0,0.0,1953543.1941285278,1171703983098.1138,991671.0951789743,117170398309811.38,7671979.277339955,2.999058779096231e-09,1,24,1,1.5494720051322444e+16,1.5494720051322444e+16,0
151,245000000.0,0,1190121.4999632891,3666871.4615466762,0,0.573589261260071,0.8781200405253506,0,0.0,2868856.857627255,1485083715703.5486,790311.2489032662,148508371570354.84,7671979.277339955,2.6057023205794394e-09,1,24,1,1.5516907605947908e+16,1.5516907605947908e+16,0
152,245000000.0,0,1190121.4999632891,3662611.623183052,0,0.4948219596742742,1.5157180069285208,0,0.0,3117208.551834775,1794500515423.0498,1135826.402627558,179450051542304.97,7671979.277339955,2.999058779096231e-09,1,24,1,1.5493448029553036e+16,1.5493448029553036e+16,0
153,245000000.0,0,1190121.4999632891,3656524.66047409,0,0.5933053093255816,0.9161814219220924,0,0.0,3035195.1530566737,1882818181519.504,934466.5563518498,188281818151950.38,7671979.277339955,2.999058779096231e-09,1,24,1,1.5492275143747954e+16,1.5492275143747952e+16,0
154,245000000.0,0,1033871.4999632891,3692738.9026105762,0,22.561386610202398,155.9326070918669,0,0.0,2332811.880907235,1029321489265.8489,733106.7100761416,102932148926584.89,7671979.277339955,2.999058779096231e-09,1,24,1,1.5480053576015936e+16,1.5480053576015936e+16,0
155,245000000.0,0,1033871.4999632891,3720265.6454116027,0,0.5476156833263556,1.1316466017778606,0,0.0,2364524.195377537,1250681582323.804,687996.8638004335,125068158232380.39,7671979.277339955,2.999058779096231e-09,1,24,1,1.5495292882643778e+16,1.5495292882643776e+16,0
156,245000000.0,0,1033871.4999632891,3735328.9170160666,0,0.5078816786091617,1.4066467867848422,0,0.0,2346324.7786496216,1424577882799.7542,1033512.0175247253,142457788279975.4,7671979.277339955,2.999058779096231e-09,1,24,1,1.5504225014968196e+16,1.5504225014968198e+16,0
157,245000000.0,0,1033871.4999632891,3727443.3101725075,0,0.5664572575609828,0.9302388753024147,0,0.0,2541553.474575625,1658735708707.2173,832152.1712490171,165873570870721.72,7672195.626476244,2.5188455765601248e-09,1,24,1,1.550753194029168e+16,1.550753194029168e+16,0
158,245000000.0,0,1033871.4999632891,3742722.9653824004,0,0.5269804782516941,1.5653546510952239,0,0.0,2582633.004335207,1870170771847.4204,1177667.324973309,187017077184742.03,7672195.626476244,2.5188455765601248e-09,1,24,1,1.5492756659969392e+16,1.549275665996939e+16,0
159,245000000.0,0,1033871.4999632891,3741742.738079182,0,12.71468008835844,159.4411931051396,0,0.0,2521002.1826712135,1746586914314.81,976307.4786976008,174658691431481.0,7672195.626476244,2.919023245340213e-09,1,24,1,1.549332385519845e+16,1.5493323855198448e+16,0
160,245000000.0,0,1033871.4999632891,3764167.7263621613,0,15.004729553275883,160.48279588131672,0,0.0,2214261.514731512,1249170317810.318,931197.6324218926,124917031781031.81,7672195.626476244,2.919023245340213e-09,1,24,1,1.5480414098387098e+16,1.5480414098387102e+16,0
161,245000000.0,0,1033871.4999632891,3773949.930450139,0,0.5489823085369184,1.2744980240060721,0,0.0,2307520.8467918104,1436264074478.1821,886087.7861461844,143626407447818.22,7672195.626476244,3.3192009141203016e-09,1,24,1,1.5504703869132884e+16,1.5504703869132888e+16,0
162,245000000.0,0,1033871.4999632891,3783814.4486355153,0,0.5324073676525447,1.6343472862265123,0,0.0,2390045.3325764006,1811818180618.8042,1231602.9398704763,181181818061880.4,7708676.702973637,3.3192009141203016e-09,1,24,1,1.5486848853023508e+16,1.548684885302351e+16,0
163,245000000.0,0,1033871.4999632891,3780963.3656265056,0,0.556234643020483,0.9180090058264951,0,0.0,2640914.510912407,1937220240555.7039,1030243.0935947681,193722024055570.38,7708676.702973637,3.3192009141203016e-09,1,24,1,1.5517084006337722e+16,1.5517084006337722e+16,0
164,245000000.0,0,1033871.4999632891,3791993.3185789715,0,27.716150172523005,164.48026049794743,0,0.0,2333155.5089901867,1205309460178.0327,828883.2473190599,120530946017803.27,7712750.03890371,3.988589014625177e-09,1,24,1,1.5477130421408306e+16,1.5477130421408306e+16,0
165,245000000.0,0,1033871.4999632891,3802079.4651517677,0,0.5391699988134949,1.1964873583468771,0,0.0,2417039.8410504856,1360927834434.3892,783773.4010433517,136092783443438.92,7712750.03890371,3.988589014625177e-09,1,24,1,1.5502772401101388e+16,1.5502772401101388e+16,0
166,245000000.0,0,1033871.4999632891,3810062.94881662,0,0.5122090766286469,1.508245004557274,0,0.0,2352689.326835076,1614368981251.8962,1129288.5547676436,161436898125189.62,7712750.03890371,3.988589014625177e-09,1,24,1,1.5498096762297584e+16,1.5498096762297584e+16,0
167,245000000.0,0,1033871.4999632891,3808400.6112049646,0,0.5576403256655269,0.9321230302938658,0,0.0,2602129.1089184885,1820648023953.394,926499.3122393417,182064802395339.4,7718467.623914085,3.4306140150874853e-09,1,24,1,1.550986976768504e+16,1.5509869767685038e+16,0
168,245000000.0,0,1033871.4999632891,3814585.497495263,0,0.5344670390569229,1.6881227208913727,0,0.0,2681794.8021978913,2104531809326.0466,1270585.0697110398,210453180932604.66,7718467.623914085,3.4306140150874853e-09,1,24,1,1.548242946926661e+16,1.5482429469266608e+16,0
169,245000000.0,0,1033871.4999632891,3814977.6384766307,0,13.471784932194804,169.41595982731977,0,0.0,2620163.980533898,1943872069072.7517,1067795.8271827379,194387206907275.16,7720486.3395339055,4.522007657214999e-09,1,24,1,1.5490697712353474e+16,1.5490697712353474e+16,0
170,245000000.0,0,1033871.4999632891,3838779.3046738408,0,28.707790945798923,170.45402396733377,0,0.0,2311993.9163416023,1220604663222.4204,865006.584654436,122060466322242.05,7720486.3395339055,4.522007657214999e-09,1,24,1,1.5472963293965556e+16,1.5472963293965558e+16,0
171,245000000.0,0,1033871.4999632891,3854890.1328468653,0,0.5319282496343709,1.2218473261668263,0,0.0,2394448.8521493073,1351775721142.2817,818467.3421261341,135177572114228.17,7720486.3395339055,4.522007657214999e-09,1,24,1,1.55061533389326e+16,1.5506153338932602e+16,0
172,245000000.0,0,1033871.4999632891,3865115.4472961733,0,0.5124486736545136,1.5470536844001617,0,0.0,2327239.54542871,1651234307920.714,1162553.0995978322,165123430792071.4,7720486.3395339055,4.96947905048728e-09,1,24,1,1.5494306705151974e+16,1.5494306705151972e+16,0
173,245000000.0,0,1033871.4999632891,3863489.0840786896,0,0.54949232077374,0.9198438955741913,0,0.0,2578108.7237647166,1807813044462.1035,959763.8570695303,180781304446210.34,7720486.3395339055,4.522007657214999e-09,1,24,1,1.5516175993675396e+16,1.5516175993675396e+16,0
174,245000000.0,0,1033871.4999632891,3877723.8276659152,0,0.5354122490025264,1.7368899299871594,0,0.0,2657774.4170441194,2140495985123.3098,1303849.6145412284,214049598512330.97,7720486.3395339055,4.522007657214999e-09,1,24,1,1.5478796315161182e+16,1.5478796315161184e+16,0
175,245000000.0,0,1033871.4999632891,3865146.6584960273,0,0.5605438415536149,0.9616943695190268,0,0.0,2908643.595380126,2361163199313.148,1101060.3720129265,236116319931314.78,7720486.3395339055,4.522007657214999e-09,1,24,1,1.5495439351763672e+16,1.5495439351763672e+16,0
176,245000000.0,0,1033871.4999632891,3881497.969448329,0,29.69822806827931,176.4293523474139,0,0.0,2596277.4136668886,1501461013525.629,894075.0119636822,150146101352562.88,7737270.809617675,4.69299266114831e-09,1,24,1,1.5468798169402912e+16,1.5468798169402912e+16,0
177,245000000.0,0,1033871.4999632891,3892947.5193429207,0,0.535687730705983,1.240699863074524,0,0.0,2674536.2319536507,1706795586546.204,843339.651914438,170679558654620.4,7737270.809617675,4.507455741986632e-09,1,24,1,1.5485292671945946e+16,1.5485292671945946e+16,0
178,245000000.0,0,1033871.4999632891,3900031.1023781192,0,0.5114385385229768,1.5721987867430687,0,0.0,2598934.690191169,1896441787088.9094,1183229.2918651938,189644178708890.94,7737270.809617675,4.69299266114831e-09,1,24,1,1.5491596157718454e+16,1.5491596157718452e+16,0
179,245000000.0,0,1033871.4999632891,3900301.6461702352,0,0.560445735607348,0.9710709864994149,0,0.0,2820601.120569588,2155523080654.1406,972855.6397695118,215552308065414.06,7802452.889625724,3.0340743251144886e-09,1,24,1,1.5488229497178552e+16,1.5488229497178552e+16,0
180,245000000.0,0,1033871.4999632891,3911646.5429601246,0,0.5320660581508231,1.74523713824947,0,0.0,2859283.538803032,2343523362379.0913,1309356.9876738298,234352336237909.12,7802452.889625922,3.688910510390997e-09,1,24,1,1.5477380504785706e+16,1.5477380504785704e+16,0
181,245000000.0,0,1033871.4999632891,3913851.7468190077,0,14.383329782130978,181.3871270742605,0,0.0,2771838.2612278895,2166274678121.124,1098983.3355781478,216627467812112.4,7802879.964597734,4.540197551250458e-09,1,24,1,1.5476912250809962e+16,1.547691225080996e+16,0
182,245000000.0,0,1033871.4999632891,3943091.501213444,0,16.98765828279654,182.4085357345968,0,0.0,2430269.331557065,1557732039245.4026,1044859.6834824658,155773203924540.25,7802879.964597734,4.540197551250458e-09,1,24,1,1.5465666392958594e+16,1.5465666392958594e+16,0
183,245000000.0,0,1033871.4999632891,3955204.7559405384,0,0.5332407237606173,1.3655633335893442,0,0.0,2488700.40188624,1720090217831.336,990736.0313867838,172009021783133.6,7802879.964597734,4.540197551250458e-09,1,24,1,1.5493156516818586e+16,1.5493156516818588e+16,0
184,245000000.0,0,1033871.4999632891,3967323.815722339,0,0.5322703111741928,1.7728992630549254,0,0.0,2527382.8201197335,2087344003808.7766,1327237.3792911018,208734400380877.66,7802879.964597734,4.540197551250458e-09,1,24,1,1.5475429231215846e+16,1.5475429231215844e+16,0
185,245000000.0,0,1033871.4999632891,3967642.9315014672,0,0.5450883883854329,0.9235028005670511,0,0.0,2752437.542544591,2156437459656.5195,1116863.7271954198,215643745965651.94,7802879.964597734,4.540197551250458e-09,1,24,1,1.5511504695068278e+16,1.5511504695068276e+16,0
186,245000000.0,0,1033871.4999632891,3984444.798343598,0,17.347323054186035,186.3917798642814,0,0.0,2410868.612873766,1563782307340.0454,1062740.0750997378,156378230734004.53,7802879.964597734,4.540197551250458e-09,1,24,1,1.5463125365747332e+16,1.5463125365747334e+16,0
187,245000000.0,0,1033871.4999632891,3973663.4711971525,0,0.5550891397363303,0.9538058583423795,0,0.0,2625549.6832029414,1825038293496.623,852366.4230040559,182503829349662.3,7802879.964597734,4.540197551250458e-09,1,24,1,1.5496420455117372e+16,1.5496420455117372e+16,0
188,245000000.0,0,1033871.4999632891,3981017.2619968555,0,0.5039456992524546,1.5791984337061593,0,0.0,2664232.101436435,1967594989021.9736,1188867.7709083739,196759498902197.38,7802879.964597734,4.540197551250458e-09,1,24,1,1.549063914867505e+16,1.5490639148675052e+16,0
189,245000000.0,0,1033871.4999632891,3970744.056889578,0,0.5657342118923392,0.9861650638449,0,0.0,2889286.823861292,2264353774194.9863,978494.1188126919,226435377419498.62,7783816.973330977,4.725734470412135e-09,1,24,1,1.5481334075533246e+16,1.5481334075533246e+16,0
190,245000000.0,0,1033871.4999632891,3985080.0339696333,0,0.526309136804146,1.7538665854343687,0,0.0,2927969.2420947854,2426007763519.416,1314995.46671701,242600776351941.6,7783816.973330977,4.300090949982405e-09,1,24,1,1.5476787827696258e+16,1.547678782769626e+16,0
191,245000000.0,0,1033871.4999632891,3986941.678646573,0,15.146126833452701,191.37168583937853,0,0.0,2840523.9645196428,2265501344351.632,1104621.814621328,226550134435163.2,7783816.973330977,4.300090949982405e-09,1,24,1,1.5470015936486206e+16,1.5470015936486204e+16,0
192,245000000.0,0,1013209.89691919,4000110.7732821885,0,0.5533917307740001,1.9719783903463088,0,0.0,2879206.382753136,2595649589217.373,1441123.162525646,259564958921737.3,7783816.973330977,4.300090949982405e-09,1,24,1,1.546293013372031e+16,1.5462930133720312e+16,0
193,245000000.0,0,1033871.4999632891,3994515.8448254517,0,0.5568069305413392,0.9771834462386386,0,0.0,3104261.1051779934,2763319374758.136,1230749.510429964,276331937475813.62,7783816.973330977,4.300090949982405e-09,1,24,1,1.5485446716666804e+16,1.5485446716666804e+16,0
194,245000000.0,0,1033871.4999632891,4012018.1125440854,0,32.68411807067651,194.4137348944864,0,0.0,2762692.1755071688,1785288269948.5122,1020375.858334282,178528826994851.22,7783816.973330977,4.300090949982405e-09,1,24,1,1.5456255368418932e+16,1.545625536841893e+16,0
195,245000000.0,0,1033871.4999632891,4028454.380714478,0,0.5279366581330552,1.3431104131744567,0,0.0,2811748.245836344,1948719680467.9443,966252.2062386,194871968046794.44,7783816.973330977,4.300090949982405e-09,1,24,1,1.5478263335647126e+16,1.5478263335647126e+16,0
196,245000000.0,0,1033871.4999632891,4040039.546413048,0,0.5195928322465805,1.735238212027812,0,0.0,2705871.853237838,2182758385281.0957,1302753.554142918,218275838528109.56,7774552.216658976,2.903107088059187e-09,1,24,1,1.5478151815312702e+16,1.54781518153127e+16,0
197,245000000.0,0,1033871.4999632891,4039822.8925312078,0,0.553697249455732,0.968363954389974,0,0.0,2930926.5756626953,2385693586889.3604,1092379.902047236,238569358688936.03,7774552.216658976,2.903107088059187e-09,1,24,1,1.548954236414272e+16,1.548954236414272e+16,0
198,245000000.0,0,1025451.8094932819,4049046.7978587607,0,0.5453706659901781,1.9484597148182923,0,0.0,2969608.9938961887,2659638996844.3228,1428881.249951554,265963899684432.28,7774552.216658976,2.903107088059187e-09,1,24,1,1.5464296456440956e+16,1.5464296456440956e+16,0
199,245000000.0,0,1033871.4999632891,4037726.135369668,0,0.5640328253340966,1.0017357869518673,0,0.0,3194663.716321046,2894229655265.3467,1218507.597855872,289422965526534.7,7774552.216658976,3.3032847568392754e-09,1,24,1,1.5474456310705356e+16,1.5474456310705356e+16,0
200,245000000.0,0,1033871.4999632891,4049508.9656183016,0,13.859893184287097,200.39655879428176,0,0.0,3105715.813279548,2367824801689.0366,1164383.94576019,236782480168903.66,7825125.359208957,4.096364136785269e-09,1,12,1,1.5410299780640268e+16,1.541029978064027e+16,0
201,245000000.0,0,643246.4999632891,4059993.0836674473,0,14.07185561695791,204.10440180911183,0,0.0,3253721.3836129867,2145970608152.5833,1110260.293664508,214597060815258.3,7825125.359208957,4.030880518257618e-09,1,13,1,1.5397766278777126e+16,1.5397766278777126e+16,0
202,245000000.0,0,843246.4999632891,4067757.8770297808,0,0.6099289948504505,1.9830028538899889,0,0.0,3550031.8941281387,2920385323202.992,1446761.641568826,292038532320299.25,7825125.359208957,4.030880518257618e-09,1,14,1,1.5387694887341008e+16,1.5387694887341008e+16,0
203,245000000.0,0,516932.99831159983,4090329.9251312655,0,26.01119781904512,206.86150333444627,0,0.0,3718268.1223393297,2734217557479.2993,1236387.989473144,273421755747929.94,7825125.359208957,4.030880518257618e-09,1,14,1,1.5346549325789026e+16,1.5346549325789024e+16,0
204,245000000.0,0,716932.9983115998,4117114.880477686,0,12.549139611633413,204.402244275594,0,0.0,3870931.9562762296,2701102854419.62,1182264.337377462,270110285441962.0,7825150.561215594,3.7325662560760975e-09,1,14,1,1.53393138113819e+16,1.53393138113819e+16,0
205,245000000.0,0,916932.9983115998,4138001.6096707913,0,0.6250864879337603,2.1354576885483105,0,0.0,4267277.217169527,3902733793164.9766,1518765.68528178,390273379316497.6,7862902.630569014,2.713932190090418e-09,1,14,1,1.5310346979846096e+16,1.5310346979846098e+16,0
206,245000000.0,0,726307.9983115997,4168230.8323318386,0,26.31485448104641,208.74986663785202,0,0.0,4471864.904822391,3789489131228.3994,1308392.033186098,378948913122839.94,7862902.630569014,2.8303475119173527e-09,1,14,1,1.5301576181604046e+16,1.5301576181604048e+16,0
207,245000000.0,0,926307.9983115997,4199566.190900997,0,12.744291309303968,207.397991886087,0,0.0,4615090.721420936,4011451431963.471,1284368.9638609497,401145143196347.1,7862902.630569014,2.3501343093812466e-09,1,14,1,1.527792166380418e+16,1.527792166380418e+16,0
208,245000000.0,0,735682.9983115997,4236868.514628943,0,14.564805531616743,210.71487193892597,0,0.0,4631184.634409916,4381453553793.3267,1439016.3235070966,438145355379332.7,7862902.630569014,2.3501343093812466e-09,1,14,1,1.5255494946972088e+16,1.5255494946972088e+16,0
209,245000000.0,0,917686.9825457837,4253884.050678916,0,0.6311581429397559,2.1770200710341814,0,0.0,5027529.895303213,5790981249115.482,1593663.6831532435,579098124911548.2,7862902.630569014,2.713932190090418e-09,1,14,1,1.5256378157598232e+16,1.5256378157598234e+16,0
210,245000000.0,0,745057.9983115997,4284187.387692567,0,26.85590778473618,212.68075673007485,0,0.0,5049302.210717726,5919754032565.54,1748311.0427993904,591975403256554.0,7925751.930317453,2.815795596688986e-09,1,14,1,1.5225473374787564e+16,1.5225473374787566e+16,0
211,245000000.0,0,945057.9983115997,4329568.952382599,0,35.76291720020351,212.3119593292608,0,0.0,4646978.842399211,5973511445269.73,1902958.4024455373,597351144526973.0,7925751.930317453,2.815795596688986e-09,1,15,1,1.5225716745731096e+16,1.5225716745731098e+16,0
212,245000000.0,0,754432.9983115997,4353135.801511648,0,14.816712741943258,214.64748826761607,0,0.0,4742958.246396136,6596177940231.865,2057605.7620916842,659617794023186.5,7925751.930317453,2.815795596688986e-09,1,15,1,1.522605667007426e+16,1.522605667007426e+16,0
213,245000000.0,0,899806.5909285117,4365868.275135457,0,0.625044810590108,2.2202324229649433,0,0.0,5189092.9852325,8305834727659.202,2212253.1217378313,830583472765920.2,7925751.930317453,2.815795596688986e-09,1,15,1,1.5221230772838034e+16,1.5221230772838034e+16,0
214,245000000.0,0,763807.9983115997,4390130.046034828,0,27.340219762401055,216.61503541335242,0,0.0,5367524.2906872835,8626436007291.675,2366900.4813839784,862643600729167.5,7925751.930317453,2.815795596688986e-09,1,15,1,1.519613724327498e+16,1.5196137243274982e+16,0
215,245000000.0,0,963807.9983115997,4424245.439413493,0,36.4449258400284,216.50474936518387,0,0.0,5137515.440970743,8954275345278.168,2521547.8410301255,895427534527816.8,7915226.254285363,1.9863364286720753e-09,1,15,1,1.5178469097981376e+16,1.5178469097981376e+16,0
216,245000000.0,0,773182.9983115997,4442099.531962831,0,15.038435027747566,218.58336853736358,0,0.0,5569066.190720278,9888617013060.344,2676195.2006762726,988861701306034.4,7915226.254285363,2.4519977159798145e-09,1,15,1,1.5180970376371398e+16,1.5180970376371398e+16,0
217,245000000.0,0,881961.0690419439,4447576.05005886,0,0.6172499689134795,2.265105529703703,0,0.0,6148769.800725391,11778585634990.871,2830842.5603224197,1177858563499087.0,7915365.7332081795,2.2628228180110455e-09,1,15,1,1.5167565706961704e+16,1.5167565706961706e+16,0
218,245000000.0,0,782557.9983115997,4486822.073707699,0,50.99376215985573,220.55245942777634,0,0.0,5823576.048437009,11862634241584.19,2985489.919968567,1186263424158419.0,7915365.7332081795,2.317392500117421e-09,1,15,1,1.5129140823592524e+16,1.5129140823592522e+16,0
219,245000000.0,0,982557.9983115997,4504579.865829634,0,15.121705422993513,219.34574541653245,0,0.0,5947673.807211252,12776705171683.453,3140137.279614714,1277670517168345.2,7915365.7332081795,2.2628228180110455e-09,1,15,1,1.5137593849544674e+16,1.5137593849544674e+16,0
220,245000000.0,0,791932.9983115997,4519823.708910767,0,15.332528134833892,222.52228120693505,0,0.0,6130722.873204626,13841610714476.344,3294784.639260861,1384161071447634.5,7915365.7332081795,2.2628228180110455e-09,1,15,1,1.5117520307668992e+16,1.5117520307668988e+16,0
221,245000000.0,0,864220.1563474888,4521186.634542722,0,0.6242145823865023,2.3115504017416373,0,0.0,6635037.110152483,16002673229313.121,3449431.998907008,1600267322931312.0,7915475.123181113,1.6534613678231835e-09,1,15,1,1.511131527845748e+16,1.511131527845748e+16,0
222,245000000.0,0,801307.9983115997,4534632.817549316,0,28.32205486168671,224.49280825344988,0,0.0,6813398.676145857,16708588075128.375,3604079.3585531553,1670858807512837.5,7915475.123181113,1.7080310499295592e-09,1,15,1,1.5084801972514536e+16,1.5084801972514532e+16,0
223,245000000.0,0,937500.0,4563156.4734254675,0,37.843158538988085,225.13106020245073,0,0.0,6641522.685623014,17390830567010.898,3758726.7181993024,1739083056701089.8,7915475.123181113,1.6534613678231835e-09,1,15,1,1.5069251653958556e+16,1.5069251653958554e+16,0
224,245000000.0,0,810682.9983115997,4580975.795205157,0,15.57876637964342,226.46401612964698,0,0.0,7088064.848006823,18749321116331.2,3913374.0778454496,1874932111633120.0,7915475.123181113,1.6534613678231835e-09,1,15,1,1.5064830395517712e+16,1.506483039551771e+16,0
225,245000000.0,0,846479.2436530336,4599428.090122562,0,15.744543389168255,226.91895428786103,0,0.0,7328885.988564245,20582862027816.008,4068021.4374915967,2058286202781600.8,7914768.51380163,1.6298145055770874e-09,1,15,1,1.505233452715445e+16,1.5052334527154452e+16,0
226,245000000.0,0,820057.9983115997,4621750.484828446,0,28.815758731102576,228.43588151398896,0,0.0,7507247.55455762,21501772189430.926,4222668.797137744,2150177218943092.5,7914768.51380163,1.684384187683463e-09,1,15,1,1.5027985986526298e+16,1.50279859865263e+16,0
227,245000000.0,0,1020057.9983115997,4655104.2804401945,0,38.484539094054696,228.6039498085588,0,0.0,7294878.835158249,22335669809995.844,4377316.156783891,2233566980999584.5,7914768.5138016315,2.459273673593998e-09,1,15,1,1.501856061494565e+16,1.5018560614945652e+16,0
228,245000000.0,0,829432.9983115997,4672168.879513784,0,15.872983621125346,230.40838213807294,0,0.0,7477927.901151624,23791693752913.914,4531963.516430038,2379169375291391.5,7914768.5138016315,2.266460796818137e-09,1,15,1,1.5011300431331254e+16,1.5011300431331254e+16,0
229,245000000.0,0,828738.3309585785,4678370.067767162,0,0.6504921470091984,2.410398465850606,0,0.0,7982242.13809948,26371594843960.953,4686610.876076185,2637159484396095.5,7914768.5138016315,2.2264430299401283e-09,1,15,1,1.5006249235214736e+16,1.5006249235214734e+16,0
230,245000000.0,0,838807.9983115997,4693956.288023778,0,29.33575158547169,232.3814967278484,0,0.0,8160603.704092855,27457540019467.35,4841258.235722332,2745754001946735.0,7914768.5138016315,2.281012712046504e-09,1,15,1,1.4978047994211904e+16,1.4978047994211904e+16,0
231,245000000.0,0,1038807.9983115997,4721866.185240115,0,39.17292823596599,232.28572880189455,0,0.0,7985817.047857807,28494112706909.28,4995905.595368479,2849411270690928.0,7920589.84522604,2.7321220841258764e-09,1,15,1,1.49639327747567e+16,1.49639327747567e+16,0
232,245000000.0,0,848182.9983115997,4739044.109690202,0,16.172356330034315,234.35520494872898,0,0.0,8429448.544529412,30235895465123.25,5150552.9550146265,3023589546512325.0,7920589.84522604,2.6921043172478676e-09,1,15,1,1.4958541817567094e+16,1.4958541817567094e+16,0
233,245000000.0,0,815363.4168324296,4760187.930362415,0,16.311741360383934,234.13621806296413,0,0.0,8665903.686518528,32448945120590.168,5305200.314660774,3244894512059017.0,7920589.84522604,2.561137080192566e-09,1,15,1,1.4948477913102128e+16,1.494847791310213e+16,0
234,245000000.0,0,680801.0027448325,4780995.72680624,0,29.9056498135905,236.3294873543,0,0.0,8841354.586799698,33741110067675.766,5459847.674306921,3374111006767576.5,7920589.84522604,2.6684574550017715e-09,1,15,1,1.4921221925717684e+16,1.4921221925717684e+16,0
235,245000000.0,0,526153.6430986855,4814810.640201161,0,39.98287550051888,236.01785677389162,0,0.0,8627530.534544226,34931847911872.85,5614495.033953068,3493184791187285.0,7920589.84522604,2.5520421331748366e-09,1,15,1,1.4913158788928776e+16,1.4913158788928778e+16,0
236,245000000.0,0,371506.28345253854,4826227.6035494255,0,16.660011601404907,238.30432533835057,0,0.0,8807668.934825394,36770991400119.01,5769142.393599215,3677099140011901.0,7920589.84522604,2.5120243662968278e-09,1,15,1,1.4905090441466646e+16,1.4905090441466644e+16,0
237,245000000.0,0,216858.92380639154,4832345.171093712,0,1.129826553191716,9.180252821671765,0,0.0,9307617.173204945,39753094065321.56,5923789.753245362,3975309406532156.0,7920589.84522604,2.2500898921862245e-09,1,15,1,1.4901748228307136e+16,1.4901748228307136e+16,0
238,245000000.0,0,62211.56416024454,4857236.75938036,0,57.87485825619645,240.279701089981,0,0.0,9148056.928168604,40665211690658.94,6078437.112891509,4066521169065894.0,7920589.84522604,2.5520421331748366e-09,1,15,1,1.4871034797227614e+16,1.4871034797227614e+16,0
239,221336436.35560897,1,0.0,4879312.493939572,23663564,24.36707868996708,239.2865356570552,1,559964244352144.9,9032429.363649463,41423400299664.96,6140648.677051754,4422322152142568.5,7920589.84522604,2.5520421331748366e-09,1,15,1,1.2643936706017616e+16,1.2643936706017616e+16,1
240,205410275.93058637,1,0.0,4908866.635888903,63253288,24.53571782217296,241.92062008441047,1,4000978406605351.0,9196990.372354431,41529593359572.08,6140648.677051754,6153448539259884.0,7910169.217340914,2.2209860617294908e-09,1,15,1,1.257311500397282e+16,1.2573115003972824e+16,1
241,205410275.93058637,1,0.0,4935610.591348452,102843012,24.632949063550747,241.84235779565225,1,1.0576685072643174e+16,8987789.602270385,41682395453433.586,6140648.677051754,9456582081664946.0,7910169.217340914,2.2209860617294908e-09,1,15,1,1.496667155736758e+16,1.4966671557367582e+16,1
242,205410275.93058637,1,0.0,4957631.860978851,142432736,24.662265001365622,243.65926535095534,1,2.0287084242465612e+16,9288640.593760196,41783666259594.15,6140648.677051754,1.432190874719222e+16,7910163.217777181,2.9594957595691085e-09,1,15,1,1.7353837528238614e+16,1.735383752823861e+16,1
243,205410275.93058637,1,0.0,4960744.655223022,182022460,7.206061041958524,120.0,1,3.313217591607267e+16,9433715.42476257,42536129082420.28,6140648.677051754,2.0819700866278364e+16,7910163.217777181,3.4251570468768477e-09,1,15,1,1.9740343715501588e+16,1.9740343715501584e+16,1
244,205410275.93058637,1,0.0,5000131.57816327,221612184,65.97539128572002,245.46052022796877,1,4.911196009346435e+16,8960543.21910273,41555396341791.52,6140648.677051754,2.871151968091133e+16,7910163.217777181,3.4251570468768477e-09,1,15,1,2.2129276660877584e+16,2.212927666087758e+16,1
245,205410275.93058637,1,0.0,5008833.780888523,261201908,8.046320142956201,120.0,1,6.822643677464064e+16,9210148.045409117,42325659015552.61,6140648.677051754,3.834578428887558e+16,7910163.217777181,3.5415723687037826e-09,1,15,1,2.4529030874296596e+16,2.45290308742966e+16,1
246,205410275.93058637,1,0.0,5047511.302874945,300791632,66.41998463652865,247.3042932979256,1,9.047560595960154e+16,8895940.44072663,41378469761482.86,6140648.677051754,4.937564995594906e+16,7910163.217777181,3.4251570468768477e-09,1,15,1,2.691172095478084e+16,2.691172095478084e+16,1
247,205410275.93058637,1,0.0,5053515.053828436,340381356,8.035533709867934,120.0,1,1.1585946764834706e+17,9145545.267033018,42131999908296.9,6140648.677051754,6.214293381500322e+16,7910163.217777181,3.385139279998839e-09,1,15,1,2.931672255138441e+16,2.931672255138441e+16,1
248,205410275.93058637,1,0.0,5078272.809454061,379971080,38.87606739506525,249.1782589104204,1,1.4437802184087722e+17,9429843.403949408,41812687083499.54,6140648.677051754,7.637027962878856e+16,7925088.159172664,3.3760443329811096e-09,1,15,1,3.169495739592573e+16,3.169495739592573e+16,1
249,205410275.93058637,1,0.0,5093973.758007854,419560804,25.15866352506051,249.70833895486322,1,1.76031268537192e+17,9080942.488656916,41942516888471.195,6140648.677051754,9.220988595744312e+16,7925088.159172664,2.990418579429388e-09,1,15,1,3.4094113232959204e+16,3.409411323295921e+16,1
250,205410275.93058637,1,0.0,5118715.489328277,459150528,25.15135023556622,251.07443575044806,1,2.1081920773729136e+17,9340021.42870289,42040024940256.68,6140648.677051754,1.0961360636267134e+17,8008629.262278471,3.816239768639207e-09,1,15,1,3.647995449759131e+16,3.647995449759131e+16,1
251,205410275.93058637,1,0.0,5144902.23853447,498740252,29.163048729014374,251.68745606040704,1,2.4874183944117533e+17,9161398.723645596,42252408499284.5,6140648.677051754,1.2859616057051611e+17,8008629.262278471,4.2273313738405704e-09,1,15,1,3.886772640291911e+16,3.886772640291912e+16,1
252,205410275.93058637,1,0.0,5165355.695958119,538329977,39.357258633474956,252.98742781439242,1,2.8979916364884397e+17,9415117.295644304,41872367816329.945,6140648.677051754,1.4908681860605498e+17,8008629.262278471,4.110916052013636e-09,1,15,1,4.126340114135326e+16,4.1263401141353256e+16,1
253,205410275.93058637,1,0.0,5195163.588870971,577919701,29.299463562390223,253.64862968272058,1,3.339911803602973e+17,9096795.945269495,42061433882752.85,6140648.677051754,1.7120173356842394e+17,8017264.411397681,2.495653461664915e-09,1,15,1,4.365363406637535e+16,4.365363406637536e+16,1
254,205410275.93058637,1,0.0,5216777.934418097,617509425,39.6001278347511,254.91345603501773,1,3.8131788957553504e+17,9346193.32089227,41688373933109.31,6140648.677051754,1.9482778218107846e+17,8062741.819151445,1.331500243395567e-09,1,15,1,4.604761553385237e+16,4.6047615533852376e+16,1
255,205410275.93058637,1,0.0,5247116.5174223,657099149,29.43716074960344,255.6161137428029,1,4.317792912945575e+17,9032193.166893397,41874635353651.22,6140648.677051754,2.2007710918264387e+17,8062741.819151445,1.4479155652225018e-09,1,15,1,4.843958149681801e+16,4.843958149681801e+16,1
256,205410275.93058637,1,0.0,5273046.449805119,696688873,25.536528446227738,256.84979483834155,1,4.853753855173645e+17,9298141.897198658,41948294469706.13,6140648.677051754,2.4688252220565286e+17,8062741.819151445,1.331500243395567e-09,1,15,1,5.0831851768123624e+16,5.083185176812364e+16,1
257,205410275.93058637,1,0.0,5282988.201319619,736278597,8.072763716639601,120.0,1,5.421061722439562e+17,9319152.888517294,42726876973350.98,6140648.677051754,2.753257738193132e+17,8062741.819151445,1.4479155652225018e-09,1,15,1,5.3218128606037896e+16,5.321812860603789e+16,1
258,205410275.93058637,1,0.0,5298999.228055445,775868321,40.090320256572,258.7944289573773,1,6.019716514743325e+17,9568550.264140071,42335246905915.31,6140648.677051754,3.052193504277578e+17,8062741.819151445,1.331500243395567e-09,1,15,1,5.560458643520427e+16,5.560458643520428e+16,1
259,205410275.93058637,1,0.0,5319212.069032628,815458045,29.775256714573523,259.58854404841145,1,6.649718232084936e+17,9254550.110141195,42525656101697.71,6140648.677051754,3.367384772144166e+17,8062741.819151445,1.4479155652225018e-09,1,15,1,5.799519957764431e+16,5.79951995776443e+16,1
260,205410275.93058637,1,0.0,5337417.900970515,855047769,40.335113202368234,260.7458361957267,1,7.31106687446439e+17,9527427.494586138,42147646943462.77,6140648.677051754,3.697681084175658e+17,8015781.801507111,5.748006515204906e-10,1,15,1,6.0388793971771704e+16,6.038879397177171e+16,1
261,205410275.93058637,1,0.0,5350819.651544938,894637493,25.976893962405402,261.58773332899074,1,8.003762441881692e+17,9189947.331765095,42328611317474.45,6140648.677051754,4.0442098322583206e+17,8015781.801507111,6.912159733474255e-10,1,15,1,6.2780985030169816e+16,6.278098503016981e+16,1
262,205410275.93058637,1,0.0,5365723.649581083,934227217,40.57999457831786,262.70284532174173,1,8.727804934336841e+17,9462824.716210037,41958580027770.9,6140648.677051754,4.4058610471961914e+17,8015781.801507111,5.748006515204906e-10,1,15,1,6.517300082940884e+16,6.517300082940885e+16,1
263,205410275.93058637,1,0.0,5380712.028946189,973816941,26.0988038616488,263.57679360131453,1,9.483194351829833e+17,9125344.553388994,42135742620681.22,6140648.677051754,4.7837329185355974e+17,8015781.801507111,6.912159733474255e-10,1,15,1,6.756688128281515e+16,6.756688128281517e+16,1
264,205410275.93058637,1,0.0,5400220.067525037,1013406665,26.05453144056802,264.66454043107797,1,1.0269930694360675e+18,9414773.292516425,42221883435412.2,6140648.677051754,5.17718723061575e+17,8015781.801507111,5.748006515204906e-10,1,15,1,6.995787647532268e+16,6.995787647532268e+16,1
265,205410275.93058637,1,0.0,5400889.600590541,1052996389,7.228421781565981,120.0,1,1.1088013961929361e+18,9563806.405292504,43027414521094.81,6140648.677051754,5.5870343954857754e+17,8015781.801507111,6.912159733474255e-10,1,15,1,7.234494765204421e+16,7.234494765204421e+16,1
266,205410275.93058637,1,0.0,5410748.277486389,1092586114,41.07334415593424,266.63019496624776,1,1.1937444154535895e+18,9685181.659457836,42627336665859.5,6140648.677051754,6.011349413933807e+17,8015781.801507111,5.748006515204906e-10,1,15,1,7.47299596245697e+16,7.47299596245697e+16,1
267,205410275.93058637,1,0.0,5424705.542024527,1132175838,26.399133675801163,267.554784947643,1,1.2818221272180275e+18,9347701.496636793,42808647034010.305,6140648.677051754,6.451919283124148e+17,8052684.490204206,2.2337189875543118e-09,1,15,1,7.712248371029365e+16,7.712248371029366e+16,1
268,205410275.93058637,1,0.0,5442350.09901848,1171765562,41.3191825586445,268.5992251911011,1,1.37303453148625e+18,9620578.881081738,42428023495046.0,6140648.677051754,6.907600680926296e+17,8111782.304459888,5.748006515204906e-10,1,15,1,7.95141629929317e+16,7.951416299293171e+16,1
269,206329959.7707727,1,0.0,5456314.034881175,1210435602,26.521071508910705,269.55406451018143,1,1.4651543463146079e+18,9304224.302658021,42618083715565.27,6140648.677051754,7.368389815288604e+17,8084300.67520977,9.313225746154785e-10,1,15,1,8.307227355498277e+16,8.307227355498278e+16,1
270,206329959.7707727,1,0.0,5473991.70244462,1249105642,41.565521725615696,270.57174331814275,1,1.5602649051656266e+18,9587679.492334334,42250791086961.54,6140648.677051754,7.843575316915095e+17,8084300.67520977,8.149072527885437e-10,1,15,1,8.54421992260737e+16,8.544219922607371e+16,1
271,206329959.7707727,1,0.0,5488795.8193299705,1287775682,26.6440196347379,271.55002941544194,1,1.6583662080393055e+18,9243214.039282648,42430889135502.15,6140648.677051754,8.33426192933203e+17,8084300.67520977,8.149072527885437e-10,1,15,1,8.781791677936176e+16,8.781791677936176e+16,1
272,206329959.7707727,1,0.0,5511001.787933551,1326445723,26.57948734601295,272.5466716728159,1,1.7594582549356444e+18,9543220.58364145,42529944723792.39,6140648.677051754,8.839821219402015e+17,8084300.67520977,8.149072527885437e-10,1,15,1,9.01874915517549e+16,9.018749155175486e+16,1
273,204416182.16631135,1,0.0,5512283.388159389,1367029540,7.246194344609525,120.0,1,1.868769764348064e+18,9661324.211845623,43334487929256.56,6140648.677051754,9.387183309669577e+17,8056420.7175253695,1.709850039333105e-09,1,15,1,8.983730714570864e+16,8.983730714570864e+16,1
274,204416182.16631135,1,0.0,5521606.475457431,1407613358,42.06155650180928,274.5226833300491,1,1.981375366300399e+18,9792265.862549674,42930937382689.19,6140648.677051754,9.949807768884685e+17,8056420.7175253695,1.709850039333105e-09,1,15,1,9.224108046235582e+16,9.224108046235584e+16,1
275,204416182.16631135,1,0.0,5535095.007041619,1448197176,26.945536154301735,275.5315382962449,1,2.097275060792651e+18,9439313.307037905,43089257801204.484,6140648.677051754,1.052946456176446e+18,8056420.7175253695,1.709850039333105e-09,1,15,1,9.46551175759603e+16,9.465511757596032e+16,1
276,204420807.4500899,1,0.0,5548754.965217262,1488776369,42.308947270352064,276.5007140067065,1,2.2164550757770499e+18,9721793.223051084,42707151247653.805,6140648.677051754,1.1124982530132904e+18,8056492.987584409,1.1605152394622564e-09,1,15,1,9.70718979733145e+16,9.70718979733145e+16,1
277,204420807.4500899,1,0.0,5562211.510060571,1529355561,27.064173948289476,277.53087693353996,1,2.338928432497454e+18,9368858.735054076,42860543743030.375,6140648.677051754,1.17375027062303e+18,8056492.987584409,6.948539521545172e-10,1,15,1,9.948785694519997e+16,9.948785694519998e+16,1
278,204420807.4500899,1,0.0,5579584.988929882,1569934754,26.98200374989008,278.4805170098738,1,2.4646951309538637e+18,9668359.575066552,42963135075997.03,6140648.677051754,1.2366438789845315e+18,8019633.100271086,1.393345883116126e-09,1,15,1,1.018961935789123e+17,1.0189619357891232e+17,1
279,204420807.4500899,1,0.0,5575969.160123056,1610513946,7.272502659480716,120.0,1,2.5937551711462784e+18,9801432.658320338,43802903451939.695,6140648.677051754,1.3012578759183332e+18,8019633.100271086,1.393345883116126e-09,1,15,1,1.043030231207304e+17,1.043030231207304e+17,1
280,204420807.4500899,1,0.0,5605408.833749708,1651093139,74.1615137753556,280.5302172145814,1,2.7261085530747e+18,9335217.219011914,42692763937526.25,6140648.677051754,1.3673235529311025e+18,8019633.100271086,8.476490620523691e-10,1,15,1,1.0670837329177314e+17,1.0670837329177312e+17,1
281,204420807.4500899,1,0.0,5607190.358169296,1691672331,8.10344895533223,120.0,1,2.861755276739125e+18,9579439.82102738,43547966604689.91,6140648.677051754,1.4352324350300316e+18,8019633.100271086,1.393345883116126e-09,1,15,1,1.0913139424025587e+17,1.0913139424025586e+17,1
282,204420807.4500899,1,0.0,5622172.806502396,1732251524,43.05439006016208,282.4446461651632,1,3.0006953421395564e+18,9861883.60201104,43160831934931.25,6140648.677051754,1.5046637542632714e+18,8019633.100271086,1.7789716366678476e-09,1,15,1,1.1153097988448538e+17,1.1153097988448538e+17,1
283,204420807.4500899,1,0.0,5636261.319924005,1772830716,27.48498762506872,283.52955913324877,1,3.1429287492759926e+18,9508949.114014033,43309480263729.56,6140648.677051754,1.5757953226643692e+18,8079810.612911647,2.055458026006818e-09,1,15,1,1.1394833307808253e+17,1.1394833307808253e+17,1
284,204420807.4500899,1,0.0,5656642.529954507,1813409909,27.387004843619714,284.4286468114531,1,3.2884554981484344e+18,9808449.954026507,43421769500362.99,6140648.677051754,1.6485699260242534e+18,8079810.612911647,1.939042704179883e-09,1,15,1,1.1635498281203157e+17,1.1635498281203157e+17,1
285,204420807.4500899,1,0.0,5670706.599399139,1853989102,27.679794123996285,285.528902683452,1,3.4372755887568814e+18,9594708.407000683,43639812945996.44,6140648.677051754,1.7230017756730404e+18,8079810.612911647,1.939042704179883e-09,1,15,1,1.187615721160742e+17,1.1876157211607418e+17,1
286,204420807.4500899,1,0.0,5686005.069574981,1894568294,43.54888988161065,286.4137588516833,1,3.5893890211013345e+18,9877152.187984344,43206215628398.71,6140648.677051754,1.799015132113507e+18,8079810.612911647,1.939042704179883e-09,1,15,1,1.2117800331901654e+17,1.2117800331901653e+17,1
287,204420807.4500899,1,0.0,5702474.693391789,1935147487,27.791388088231937,287.5163257383213,1,3.744795795181793e+18,9524217.699987337,43399907038087.05,6140648.677051754,1.8767378882947052e+18,8079810.612911647,1.939042704179883e-09,1,15,1,1.235871018636543e+17,1.235871018636543e+17,1
288,204420807.4500899,1,0.0,5717852.276518438,1975726679,43.797136642284016,288.4233983397067,1,3.9034959109982556e+18,9806661.480970996,42976261140168.03,6140648.677051754,1.9560455816131446e+18,8079810.612911647,1.939042704179883e-09,1,15,1,1.2600151177332742e+17,1.2600151177332742e+17,1
289,204420807.4500899,1,0.0,5734823.477016801,2016305872,27.90507368778502,289.50195024824757,1,4.065489368550724e+18,9453726.992973987,43164975188727.45,6140648.677051754,2.037061181794235e+18,8079810.612911647,2.7430360205471516e-09,1,15,1,1.2841262924983819e+17,1.2841262924983819e+17,1
290,204420807.4500899,1,0.0,5754615.264578594,2056885064,27.79079371966939,290.38688398391696,1,4.230776167839198e+18,9753227.832986463,43255478270054.54,6140648.677051754,2.1197136317466045e+18,8079810.612911647,1.939042704179883e-09,1,15,1,1.3082521895915398e+17,1.3082521895915395e+17,1
291,204420807.4500899,1,0.0,5755412.9118265845,2097464257,7.325374342651879,120.0,1,4.3993563088636774e+18,9886300.916240249,44126907180294.984,6140648.677051754,2.2040908451498683e+18,8091490.612237163,1.939042704179883e-09,1,15,1,1.3323112219984218e+17,1.3323112219984218e+17,1
292,204420807.4500899,1,0.0,5776813.501946136,2138043449,44.29619252814888,292.43788261891245,1,4.571229791624162e+18,10017242.5669443,43676806245770.38,6140648.677051754,2.289982576436658e+18,8091490.612237163,1.939042704179883e-09,1,15,1,1.3563707741140045e+17,1.3563707741140045e+17,1
293,204420807.4500899,1,0.0,5792872.72764611,2178622642,28.218962409983973,293.489222293858,1,4.746396616120652e+18,9664308.07894729,43865753488880.45,6140648.677051754,2.377584883409214e+18,8068877.508660311,1.4915713109076023e-10,1,15,1,1.3804757294130347e+17,1.3804757294130344e+17,1
294,204420807.4500899,1,0.0,5813832.550322472,2219201835,44.54479496167575,294.4533930029377,1,4.924856782353147e+18,9946751.859930951,43437080421774.195,6140648.677051754,2.466772099218751e+18,8068877.508660311,1.4915713109076023e-10,1,15,1,1.404605845747926e+17,1.4046058457479259e+17,1
295,204420807.4500899,1,0.0,5827649.774204697,2259781027,28.329479059585434,295.4920510453809,1,5.106610290321648e+18,9593817.371933945,43621050303755.36,6140648.677051754,2.557667250191199e+18,8068877.508660311,1.4915713109076023e-10,1,15,1,1.4287310244478027e+17,1.4287310244478026e+17,1
296,204420807.4500899,1,0.0,5843148.5742246695,2300360220,44.79355335096807,296.4700425338705,1,5.291657140026154e+18,9876261.152917603,43202328656327.82,6140648.677051754,2.65014880287871e+18,8068877.508660311,1.4915713109076023e-10,1,15,1,1.4528409121597142e+17,1.4528409121597146e+17,1
297,205870996.46434075,1,0.0,5856949.5241641365,2339489223,28.445515582259326,297.49148424381224,1,5.473209825277722e+18,9540321.067431347,43402339202217.44,6140648.677051754,2.7409451465590825e+18,8091536.71200798,9.567884262651205e-10,1,15,1,1.5117041799148656e+17,1.5117041799148653e+17,1
298,205870996.46434075,1,0.0,5877474.389991425,2378618227,28.322727047204776,298.34273609998365,1,5.657824668364676e+18,9839821.907443821,43502841065595.04,6140648.677051754,2.8332626182888975e+18,8091536.71200798,9.567884262651205e-10,1,15,1,1.535510944575829e+17,1.535510944575829e+17,1
299,205870996.46434075,1,0.0,5877029.313067293,2417747230,7.339450327961038,120.0,1,5.845501669287017e+18,9978559.791534526,44409259073275.945,6140648.677051754,2.927191760550836e+18,8091514.94013063,2.8194335754960775e-09,1,15,1,1.559291574898566e+17,1.5592915748985654e+17,1
300,205870996.46434075,1,0.0,5898801.042655416,2456876234,45.29355872404832,300.4879614913571,1,6.036240828044747e+18,10109501.442238577,43961623219223.53,6140648.677051754,3.022516576344296e+18,8091514.94013063,2.3610482458025217e-09,1,15,1,1.583029973093868e+17,1.583029973093868e+17,1
301,205870996.46434075,1,0.0,5918860.797053635,2496005237,28.702107686452123,300.4841417539438,1,6.230042144637862e+18,9762231.755078485,44164214901848.85,6140648.677051754,3.1194374938091156e+18,8074824.750732117,2.295564627274871e-09,1,15,1,1.6068690054810096e+17,1.6068690054810093e+17,1
302,205870996.46434075,1,0.0,5940834.6652182415,2535134241,45.29270540760501,300.5073008084719,1,6.426905619066368e+18,10044675.536062146,43735600852703.336,6140648.677051754,3.2178263696184545e+18,8074824.750732117,2.295564627274871e-09,1,15,1,1.630686429329475e+17,1.630686429329475e+17,1
303,205870996.46434075,1,0.0,5954592.337834413,2574263244,28.681361212699095,300.48740417326576,1,6.626831251330257e+18,9700120.702158256,43941279005256.69,6140648.677051754,3.317809753565654e+18,8071204.946390515,2.9867806006222963e-09,1,15,1,1.6545366633739386e+17,1.6545366633739386e+17,1
304,205870996.46434075,1,0.0,5970568.824164733,2613392248,45.29205153264894,300.5282363333933,1,6.829819041429535e+18,9984374.385312717,43526313594718.73,6140648.677051754,3.4192621520742395e+18,8082052.393888583,3.65253072232008e-09,1,15,1,1.6783423490718733e+17,1.678342349071873e+17,1
305,205870996.46434075,1,0.0,5990028.026444965,2652521251,28.664316243033532,300.48684802071017,1,7.0358689893642e+18,9638914.600323427,43728539168320.11,6140648.677051754,3.5223073485989325e+18,8082052.393888583,3.65253072232008e-09,1,15,1,1.7022024904456256e+17,1.7022024904456256e+17,1
306,205870996.46434075,1,0.0,6010370.933049307,2691650255,28.462557348289856,300.3084380563003,1,7.244981095134253e+18,9939320.391421303,43841173387742.48,6140648.677051754,3.6268746649059005e+18,8082052.393888583,3.65253072232008e-09,1,15,1,1.7260031783932003e+17,1.7260031783932006e+17,1
307,205870996.46434075,1,0.0,6009386.931921036,2730779259,7.365111500251108,120.0,1,7.457155358739694e+18,10075349.405019173,44777138898733.734,6140648.677051754,3.73305539325972e+18,8082052.393888583,3.65253072232008e-09,1,15,1,1.749771055693396e+17,1.749771055693396e+17,1
308,205870996.46434075,1,0.0,6047245.586680203,2769908262,78.75747912677465,300.5222021983254,1,7.672391780180519e+18,9615462.640545182,43582690331075.56,6140648.677051754,3.840554159123367e+18,8082052.393888583,3.8344296626746655e-09,1,15,1,1.773541822754252e+17,1.7735418227542525e+17,1
309,205870996.46434075,1,0.0,6055666.442799203,2809037266,8.191179632921092,120.0,1,7.890690359456736e+18,9868064.896653768,44539594463182.016,6140648.677051754,3.949799139174686e+18,8082052.393888583,4.511093720793724e-09,1,15,1,1.7974599720981504e+17,1.7974599720981504e+17,1
310,205870996.46434075,1,0.0,6075786.928242404,2848166269,45.29049080343323,300.5444126256627,1,8.112051096568335e+18,10152318.579808228,44111256709633.49,6140648.677051754,4.060436673955131e+18,8082052.393888583,3.499735612422228e-09,1,15,1,1.8211940780539542e+17,1.821194078053954e+17,1
311,205870996.46434075,1,0.0,6099759.716589265,2887295273,52.141984041514476,300.4913084651165,1,8.336473991515324e+18,9899827.544818938,44018082441435.55,6140648.677051754,4.172638804001806e+18,8082052.393888583,4.3655745685100555e-09,1,15,1,1.8450370430810496e+17,1.8450370430810496e+17,1
312,205870996.46434075,1,0.0,6111506.371034961,2926424276,45.28728201488747,300.5392735142313,1,8.563959044297701e+18,9993456.227973398,43557464372146.55,6140648.677051754,4.2863352685860654e+18,8082052.393888583,3.965396899729967e-09,1,15,1,1.8689067521827427e+17,1.8689067521827427e+17,1
313,205870996.46434075,1,0.0,6141113.791379411,2965553280,28.684615476396548,300.46848253462935,1,8.794506254915465e+18,9647996.442984108,43781713263822.77,6140648.677051754,4.4016312987841147e+18,8082052.393888583,3.499735612422228e-09,1,15,1,1.8927220400623722e+17,1.892722040062372e+17,1
314,205870996.46434075,1,0.0,6152910.303808887,3004682283,45.28554511714769,300.5329860862365,1,9.028115623368616e+18,9932250.126138568,43351371926849.44,6140648.677051754,4.518392948876993e+18,8082052.393888583,3.499735612422228e-09,1,15,1,1.9165621647493197e+17,1.9165621647493194e+17,1
315,205870996.46434075,1,0.0,6177221.666042579,3043811287,28.666132070619323,300.45933663875957,1,9.264787149657154e+18,9586790.341149278,43572420984116.19,6140648.677051754,4.636750816926988e+18,8082052.385403229,4.7075445763766766e-09,1,15,1,1.9403879042220208e+17,1.9403879042220208e+17,1
316,205870996.46434075,1,0.0,6193044.101596457,3082940290,28.460429643094393,300.2931288555544,1,9.50452083378108e+18,9887196.132247154,43673348205309.44,6140648.677051754,4.756627751711071e+18,8093418.22810651,2.495653461664915e-09,1,15,1,1.964219214750088e+17,1.964219214750088e+17,1
317,205870996.46434075,1,0.0,6189820.792556888,3122069294,7.369810380579382,120.0,1,9.74731667574039e+18,10023225.145845026,44603190000968.34,6140648.677051754,4.878118656870291e+18,8093418.22810651,2.495653461664915e-09,1,15,1,1.9879813741386173e+17,1.987981374138617e+17,1
318,205870996.46434075,1,0.0,6204719.980745818,3161198297,45.28587161546003,300.5268435797262,1,9.99317467553509e+18,10161400.422468908,44141849273396.89,6140648.677051754,5.001001522694884e+18,8093418.22810651,2.495653461664915e-09,1,15,1,2.0117584409669936e+17,2.0117584409669936e+17,1
319,205870996.46434075,1,0.0,6215702.3123512305,3200327301,28.737276522472232,300.4511072767607,1,1.0242094833165177e+19,9815940.637479618,44369093122646.61,6140648.677051754,5.125484325894853e+18,8093418.22810651,2.495653461664915e-09,1,15,1,2.0355564691637053e+17,2.035556469163705e+17,1
320,205870996.46434075,1,0.0,6227497.358985647,3239456304,45.28614669809549,300.54945912767437,1,1.0494077148630653e+19,10100194.32063408,43925379442662.73,6140648.677051754,5.251431112259593e+18,8093418.22810651,2.495653461664915e-09,1,15,1,2.0594137923251654e+17,2.0594137923251658e+17,1
321,205870996.46434075,1,0.0,6244040.650023907,3278585308,28.714549558460913,300.45697258067094,1,1.0749121621931514e+19,9754734.535644788,44149423457502.97,6140648.677051754,5.378975753311507e+18,8093418.22810651,2.495653461664915e-09,1,15,1,2.08322234708106e+17,2.08322234708106e+17,1
322,205870996.46434075,1,0.0,6253408.560258092,3317714312,45.284623371495826,300.54293338415715,1,1.1007228253067764e+19,10038988.21879925,43712667374679.38,6140648.677051754,5.50798539327135e+18,8094146.649935819,4.241883289068937e-09,1,15,1,2.107069196651855e+17,2.107069196651855e+17,1
323,205870996.46434075,1,0.0,6269967.017889317,3356843315,28.694664978036673,300.45648367319706,1,1.12683970420394e+19,9693528.43380996,43933511555110.15,6140648.677051754,5.638591872175212e+18,8094146.649935819,4.241883289068937e-09,1,15,1,2.1308881976692525e+17,2.1308881976692528e+17,1
324,205870996.46434075,1,0.0,6279341.320072715,3395972319,45.283131714188066,300.5365608294429,1,1.1532627988846422e+19,9977782.11696442,43503713069446.875,6140648.677051754,5.770664365730156e+18,8094146.649935819,4.241883289068937e-09,1,15,1,2.154724600040655e+17,2.1547246000406554e+17,1
325,205870996.46434075,1,0.0,6295421.942194644,3435101322,28.676833739404508,300.45512635688783,1,1.1799921093488833e+19,9632322.33197513,43721357415468.164,6140648.677051754,5.904332682485963e+18,8042645.082284275,4.409230314195156e-09,1,15,1,2.178554025547618e+17,2.178554025547618e+17,1
326,205870996.46434075,1,0.0,6304677.879070454,3474230326,45.281670611078084,300.5303361320545,1,1.207027635596663e+19,9916576.01512959,43298516526965.19,6140648.677051754,6.039468029636011e+18,8085194.2974461885,2.4656401365064085e-09,1,15,1,2.20238000252338e+17,2.2023800025233802e+17,1
327,205870996.46434075,1,0.0,6323123.966999403,3513359329,28.66044995597599,300.44730984591195,1,1.2343693776279816e+19,9571116.2301403,43512961038577.0,6140648.677051754,6.176198184243766e+18,8085194.594738286,3.816239768639207e-09,1,15,1,2.2262198449866173e+17,2.2262198449866173e+17,1
328,205870996.46434075,1,0.0,6336725.7671452975,3552488333,28.452012309014847,300.2938096245813,1,1.262017335442839e+19,9871522.021238176,43616025797088.12,6140648.677051754,6.314448279793904e+18,8085194.594738286,2.6175257517024875e-09,1,15,1,2.2500424870733594e+17,2.2500424870733594e+17,1
329,205870996.46434075,1,0.0,6333204.545120811,3591617336,7.365657107204827,120.0,1,1.289971509041235e+19,10033304.153040035,44543937572438.875,6140648.677051754,6.454311938963418e+18,8085194.594738284,3.6070559872314334e-09,1,15,1,2.273812600049473e+17,2.273812600049473e+17,1
330,205870996.46434075,1,0.0,6348026.838518365,3630746340,45.282315820190995,300.52425420508155,1,1.3182318984231696e+19,10145726.31145993,44086003707318.734,6140648.677051754,6.59556809248658e+18,8085194.594738284,3.6070559872314334e-09,1,15,1,2.297576267385388e+17,2.2975762673853878e+17,1
331,205870996.46434075,1,0.0,6368892.963466022,3669875343,28.72627889909451,300.4402445808359,1,1.3467985035886428e+19,9800266.52647064,44306643010913.52,6140648.677051754,6.738423182244306e+18,8085194.594738284,4.538378561846912e-09,1,15,1,2.3213884751522496e+17,2.3213884751522496e+17,1
332,205870996.46434075,1,0.0,6384426.998540578,3709004347,45.282527316386286,300.5454209026368,1,1.375671324537655e+19,10076693.65651818,43851503183183.36,6140648.677051754,6.882741773006594e+18,8095629.998880846,4.562934918794781e-09,1,15,1,2.345231620288033e+17,2.3452316202880323e+17,1
333,205870996.46434075,1,0.0,6401026.75412577,3748133350,28.700658276388268,300.4468828895889,1,1.4048503612702058e+19,9726016.169457609,44050643681066.83,6140648.677051754,7.028656870719136e+18,8095629.998880846,5.3169060265645385e-09,1,15,1,2.3690569760108304e+17,2.36905697601083e+17,1
334,205870996.46434075,1,0.0,6410542.248046587,3787262354,45.28099494040647,300.5389901666294,1,1.4343356137862955e+19,10006416.836111711,43607553968969.31,6140648.677051754,7.176038824328374e+18,8093810.418119615,7.208655006252229e-09,1,15,1,2.392890081791034e+17,2.392890081791034e+17,1
335,205870996.46434075,1,0.0,6427120.093538769,3826391358,28.680045784883646,300.44641532231736,1,1.464127082085924e+19,9656649.139431756,43806270619532.32,6140648.677051754,7.325016037491574e+18,8093810.418119615,7.1286194724962115e-09,1,15,1,2.416727532615006e+17,2.4167275326150064e+17,1
336,205870996.46434075,1,0.0,6438090.573861624,3865520361,45.279469073952,300.5327093055619,1,1.494224766169091e+19,9933026.911226787,43370563116441.28,6140648.677051754,7.4754608871571e+18,8149604.728978031,6.755726644769311e-09,1,15,1,2.4405480103413923e+17,2.4405480103413917e+17,1
337,205870996.46434075,1,0.0,6456746.777675143,3904649365,28.661591916134242,300.4459487324413,1,1.524628666035797e+19,9585043.214381212,43566722302166.72,6140648.677051754,7.627500002409202e+18,8187431.720321577,3.117747837677598e-09,1,15,1,2.4643976183174406e+17,2.4643976183174406e+17,1
338,205870996.46434075,1,0.0,6472210.191677268,3943778368,28.450074586027476,300.2942009474701,1,1.5553387816860412e+19,9889903.284841258,43686488977143.74,6140648.677051754,7.78106255732792e+18,8170647.250237808,2.4756445782259107e-09,1,15,1,2.4882136619823706e+17,2.4882136619823702e+17,1
339,205870996.46434075,1,0.0,6470460.333928301,3982907372,7.370170094604144,120.0,1,1.5863551131198249e+19,10059595.901504327,44634151948396.16,6140648.677051754,7.936238980793965e+18,8170647.250237808,2.94130586553365e-09,1,15,1,2.5119817996794723e+17,2.511981799679473e+17,1
340,205870996.46434075,1,0.0,6486954.090742068,4022036375,45.28018363447433,300.5265731403017,1,1.6176776603371465e+19,10174318.38344106,44193449566466.75,6140648.677051754,8.092807646642379e+18,8170647.250237808,2.4901964934542775e-09,1,15,1,2.5357444051336902e+17,2.5357444051336902e+17,1
341,205870996.46434075,1,0.0,6511067.437615423,4061165379,28.732989882763366,300.43964606898487,1,1.6493064233380071e+19,9834726.921637373,44425014926256.46,6140648.677051754,8.250974618182661e+18,8170647.250237808,2.94130586553365e-09,1,15,1,2.5595622511534048e+17,2.559562251153405e+17,1
342,205870996.46434075,1,0.0,6530455.967519511,4100294382,45.280553991135214,300.5484654527839,1,1.6812414021224067e+19,10121280.92830867,44004754954686.055,6140648.677051754,8.410607486107503e+18,8170647.250237808,2.4901964934542775e-09,1,15,1,2.5833973606896173e+17,2.5833973606896173e+17,1
343,205870996.46434075,1,0.0,6548887.295583926,4139423386,28.712836998767052,300.44632576611644,1,1.713482596690345e+19,9781689.466504982,44233465488059.0,6140648.677051754,8.57183633000053e+18,8170647.250237808,3.2123352866619825e-09,1,15,1,2.6072240768183958e+17,2.6072240768183955e+17,1
344,205870996.46434075,1,0.0,6559832.213774185,4178552389,45.279167693731445,300.5419631513576,1,1.746030007041822e+19,10068243.473176278,43818884890401.3,6140648.677051754,8.734531923698149e+18,8170647.250237808,3.2123352866619825e-09,1,15,1,2.6310503679721866e+17,2.6310503679721866e+17,1
345,205870996.46434075,1,0.0,6578265.937145818,4217681393,28.69668007544222,300.4458593633307,1,1.7788836331768371e+19,9728652.010682216,44044740597343.16,6140648.677051754,8.89882263994392e+18,8170647.252999303,5.1768438424915075e-09,1,15,1,2.6548858503240272e+17,2.6548858503240272e+17,1
346,205870996.46434075,1,0.0,6589238.390344935,4256810396,45.27780834301352,300.5356132188699,1,1.8120434750953918e+19,10015206.01666314,43635839373237.97,6140648.677051754,9.064580959414283e+18,8170760.576440632,2.824890543706715e-09,1,15,1,2.678703374440069e+17,2.6787033744400694e+17,1
347,205870996.46434075,1,0.0,6605671.219105527,4295939400,28.68199650665922,300.4453939342933,1,1.8455095327974846e+19,9676272.976603668,43858854335049.875,6140648.677051754,9.23193354942093e+18,8098591.133168036,2.2500898921862245e-09,1,15,1,2.7025476061690653e+17,2.7025476061690653e+17,1
348,205870996.46434075,1,0.0,6615074.935558526,4335068403,45.276544679358636,300.52941036163463,1,1.879281806283117e+19,9963485.403638434,43455976439879.766,6140648.677051754,9.400754629059574e+18,8098591.133168036,2.2500898921862245e-09,1,15,1,2.7263563774484832e+17,2.7263563774484835e+17,1
349,205870996.46434075,1,0.0,6633132.791370187,4374197407,28.668140522964467,300.4392206382069,1,1.913360295552287e+19,9623235.521471277,43675778539340.2,6140648.677051754,9.57116905561537e+18,8098591.133168036,2.2500898921862245e-09,1,15,1,2.750209360624741e+17,2.7502093606247408e+17,1
350,205870996.46434075,1,0.0,6647209.300186491,4413326411,28.45032531760864,300.2945258334785,1,1.947745000604996e+19,9924557.894773848,43799231014577.28,6140648.677051754,9.743104926126438e+18,8098591.133168036,3.181412466801703e-09,1,15,1,2.7740147413412224e+17,2.7740147413412224e+17,1
351,205870996.46434075,1,0.0,6643527.62934725,4452455414,7.379086983765605,120.0,1,1.9824359214412444e+19,10093592.09107345,44753605000579.125,6140648.677051754,9.91665496770628e+18,8098591.133168036,3.181412466801703e-09,1,15,1,2.79777917932999e+17,2.7977791793299904e+17,1
352,205870996.46434075,1,0.0,6658058.727327298,4491584418,45.27762401233612,300.52334952837975,1,2.0174330580610306e+19,10210786.937211229,44315009609583.39,6140648.677051754,1.0091596791266111e+19,8094963.245492883,2.9194779926910996e-09,1,15,1,2.8215478425345686e+17,2.8215478425345683e+17,1
353,211217709.04631412,1,0.0,6683577.818316658,4525366709,52.18055892957046,300.44226054188795,1,2.047894384707058e+19,10019995.921024013,44328950503200.73,6140648.677051754,1.024390481858561e+19,8199544.4302713005,2.4174369173124433e-09,1,15,1,3.090528586781777e+17,3.090528586781777e+17,1
354,211182466.17236093,1,0.0,6694018.345928419,4559184242,45.27654998039345,300.54390471304686,1,2.0786160956164112e+19,10111955.284853537,43863655602617.16,6140648.677051754,1.0397466843642319e+19,8198833.4793502595,4.854882718063891e-09,1,15,1,3.111335924860062e+17,3.111335924860062e+17,1
355,211182466.17236093,1,0.0,6717350.147065782,4593001776,28.749307932849206,300.4370840424612,1,2.1095665316446007e+19,9796806.059485815,44194184223234.4,6140648.677051754,1.0552252076645327e+19,8198833.4793502595,5.993570084683597e-09,1,15,1,3.133675316493149e+17,3.133675316493148e+17,1
356,211182466.17236093,1,0.0,6729472.961577503,4626819310,45.27523753330297,300.53750947073104,1,2.140745692791628e+19,10079665.7582681,43753696852071.734,6140648.677051754,1.0708103833643348e+19,8198833.4793502595,3.949025995098054e-09,1,15,1,3.1561150579404563e+17,3.1561150579404563e+17,1
357,211182466.17236093,1,0.0,6753119.870587414,4660636844,28.746361052052105,300.4309715827109,1,2.1721535790574916e+19,9764516.532900378,44088862111190.914,6140648.677051754,1.0865176781498577e+19,8198833.4793502595,5.993570084683597e-09,1,15,1,3.178446828064339e+17,3.178446828064338e+17,1
358,211177840.88858235,1,0.0,6765161.396637412,4694459003,45.27395474881646,300.53126287143755,1,2.2037945330810675e+19,10047340.096653143,43645353787529.59,6140648.677051754,1.1023337200784091e+19,8198761.20929122,5.346009857021272e-09,1,15,1,3.200674295270218e+17,3.200674295270218e+17,1
359,211177840.88858235,1,0.0,6785696.938711394,4728281162,28.743871130448852,300.4254123526894,1,2.235664274794035e+19,9732172.803770661,43985091632906.8,6140648.677051754,1.1182719883133467e+19,8198761.20929122,6.459231371991336e-09,1,15,1,3.2229999239116166e+17,3.2229999239116166e+17,1
360,211177840.88858235,1,0.0,6797661.502013499,4762103321,45.27270048538395,300.525159792391,1,2.267762804196395e+19,10015032.502631132,43538582851169.56,6140648.677051754,1.1343167879267092e+19,8198761.209134849,5.1895767683163285e-09,1,15,1,3.245456419854193e+17,3.2454564198541926e+17,1
361,211177840.88858235,1,0.0,6817215.092403853,4795925480,28.74162376214173,300.42034564271313,1,2.3000901212881457e+19,9699865.209709557,43882950062307.87,6140648.677051754,1.150483890144696e+19,8198761.209134849,6.10634742770344e-09,1,15,1,3.267774419988079e+17,3.267774419988079e+17,1
362,211177840.88858235,1,0.0,6829109.177565042,4829747639,45.27147338750484,300.5191953435417,1,2.3326462260692877e+19,9982724.908530934,43433438058064.89,6140648.677051754,1.1667574474152245e+19,8198761.209134849,5.1895767683163285e-09,1,15,1,3.2902385435086317e+17,3.290238543508631e+17,1
363,211177840.88858235,1,0.0,6832245.0065729525,4863569799,7.363059722190176,120.0,1,2.365431118539822e+19,10162731.747808311,44430366834863.65,6140648.677051754,1.1831598629382597e+19,8198761.209134849,5.175024853087962e-09,1,15,1,3.312554272636681e+17,3.312554272636681e+17,1
364,211177840.88858235,1,0.0,6870245.10882589,4897391958,60.547488312658636,300.4157189647407,1,2.3984447986997477e+19,9707353.919341553,43831361979359.63,6140648.677051754,1.1996607129696674e+19,8198761.209134849,5.1895767683163285e-09,1,15,1,3.334847516093103e+17,3.334847516093102e+17,1
365,211177840.88858235,1,0.0,6885825.600047292,4931214117,45.32792948334516,300.54984972220944,1,2.4316872665490653e+19,9879867.830538137,43404084929327.26,6140648.677051754,1.216277674123826e+19,8198761.209134849,5.175024853087962e-09,1,15,1,3.357336316221941e+17,3.357336316221941e+17,1
366,211177840.88858235,1,0.0,6915627.058697528,4965036276,33.005674333832815,300.4153143068492,1,2.4651585220877742e+19,9707780.352272589,43729648223540.125,6140648.677051754,1.2330165575261225e+19,8198761.209134849,5.640686140395701e-09,1,15,1,3.3797311649944723e+17,3.3797311649944723e+17,1
367,211177840.88858235,1,0.0,6938589.497158591,4998858435,45.27001087778348,300.5153168290916,1,2.498858565315875e+19,9948481.024149768,43307890088171.59,6140648.677051754,1.2498623615588192e+19,8198766.316425167,5.542460712604225e-09,1,15,1,3.402131994567472e+17,3.4021319945674726e+17,1
368,211177840.88858235,1,0.0,6962013.459501097,5032680594,28.688477964510877,300.4149104359739,1,2.532787396233367e+19,9633315.008050773,43625634446861.29,6140648.677051754,1.2668299544611523e+19,8268245.276875774,5.8498699218034744e-09,1,15,1,3.424509269879905e+17,3.424509269879906e+17,1
369,211177840.88858235,1,0.0,6978556.095047844,5066502753,45.26758255737636,300.4848652370796,1,2.566945014840251e+19,9916173.430049572,43203343095657.2,6140648.677051754,1.2839045408510822e+19,8268028.927739485,5.195033736526966e-09,1,15,1,3.446918761364452e+17,3.446918761364452e+17,1
370,211177840.88858235,1,0.0,6980676.871823586,5100324912,7.315167143913104,120.0,1,2.601331421136527e+19,10097190.903959438,44173388057230.65,6140648.677051754,1.3011074444488358e+19,8267980.846469987,2.6775524020195007e-09,1,15,1,3.469289703981899e+17,3.469289703981899e+17,1
371,211177840.88858235,1,0.0,7020702.623125922,5134147071,60.51310839590953,300.41450734982106,1,2.6359466151221928e+19,9640803.717682771,43581416864594.56,6140648.677051754,1.3184091217297424e+19,8267980.846469987,2.6775524020195007e-09,1,15,1,3.491548139507345e+17,3.491548139507345e+17,1
372,211177840.88858235,1,0.0,7040972.779903372,5167969231,28.494523198491173,300.4814725404357,1,2.6707905967972516e+19,9671247.314608568,43655957946280.6,6140648.677051754,1.3358318579780887e+19,8267841.36754717,3.8708094507455826e-09,1,15,1,3.514025703392866e+17,3.5140257033928666e+17,1
373,211177840.88858235,1,0.0,7062678.425381351,5201791390,28.428541307108553,300.29219402576604,1,2.705863366161702e+19,9958862.976068772,43802793781443.19,6140648.677051754,1.3533697110186656e+19,8267841.36754717,3.4051481634378433e-09,1,15,1,3.5363942745523066e+17,3.536394274552307e+17,1
374,211177840.88858235,1,0.0,7070380.492582181,5235613549,7.335151500809811,120.0,1,2.741164923215544e+19,10159518.729187593,44819929613996.19,6140648.677051754,1.3710306609039118e+19,8256993.920049103,3.5433913581073284e-09,1,15,1,3.558756507084706e+17,3.558756507084705e+17,1
375,211177840.88858235,1,0.0,7100470.192535526,5269435708,78.73248473924244,300.46196211076614,1,2.776695267958778e+19,9669522.796356985,43639460191619.836,6140648.677051754,1.3887840285813051e+19,8256993.920049103,3.601599019020796e-09,1,15,1,3.581060175787664e+17,3.581060175787664e+17,1
376,206332717.87502939,1,0.0,7112692.603740924,5308102990,8.158981743057447,120.0,1,2.8175957352607474e+19,9892307.222401632,44611559212070.43,6140648.677051754,1.4092439832224944e+19,8181288.872962337,2.015440259128809e-09,1,15,1,3.3437072986717e+17,3.343707298671699e+17,1
377,206332717.87502939,1,0.0,7146717.307832658,5346770272,78.73285739668574,300.4599955311735,1,2.8587952343041032e+19,9580575.89586453,43462522559916.45,6140648.677051754,1.4298322423776508e+19,8181288.872962337,2.015440259128809e-09,1,15,1,3.367320780817409e+17,3.3673207808174086e+17,1
378,206332717.87502939,1,0.0,7164459.370799317,5385437554,8.141172072998126,120.0,1,2.9002937650888454e+19,9841212.845452558,44423895660368.734,6140648.677051754,1.4505911215010263e+19,8181288.872962337,2.015440259128809e-09,1,15,1,3.391173732390353e+17,3.391173732390353e+17,1
379,206625478.5640434,1,0.0,7196915.575355959,5423812076,78.73209516325421,300.458172944888,1,2.94177374325202e+19,9531768.71179838,43290870508327.71,6140648.677051754,1.4713197803310932e+19,8185863.258728182,2.015440259128809e-09,1,15,1,3.430798022119493e+17,3.4307980221194925e+17,1
380,206625478.5640434,1,0.0,7208710.40895028,5462186597,8.12639369774016,120.0,1,2.983548242194282e+19,9793549.25782787,44243263921003.125,6140648.677051754,1.4922165537363511e+19,8185863.258728182,2.015440259128809e-09,1,15,1,3.454613431190044e+17,3.454613431190043e+17,1
381,206625478.5640434,1,0.0,7224996.069362059,5500561119,45.26700922844486,300.45648284476795,1,3.025617261915631e+19,10076477.419288075,43861802063113.03,6140648.677051754,1.5132472489784465e+19,8185863.258728182,2.015440259128809e-09,1,15,1,3.4781094228500685e+17,3.4781094228500685e+17,1
382,206625478.5640434,1,0.0,7248170.723159827,5538935640,52.08414852699748,300.43993765810666,1,3.067980802416068e+19,9836567.227320258,43766517241575.09,6140648.677051754,1.5344280663804498e+19,8185838.056721544,2.610249794088304e-09,1,15,1,3.5018450469714816e+17,3.5018450469714816e+17,1
383,206625478.5640434,1,0.0,7264640.384245733,5577310161,28.444166986430524,300.2892665386801,1,3.1106388636955927e+19,9942945.465317564,43868911044574.96,6140648.677051754,1.555758120958242e+19,8185838.056721544,2.610249794088304e-09,1,15,1,3.525485977180631e+17,3.5254859771806304e+17,1
384,206625478.5640434,1,0.0,7270795.776669922,5615684683,7.3553710687992595,120.0,1,3.1535914457542054e+19,10125831.154109472,44840642293407.93,6140648.677051754,1.5772441293000368e+19,8185838.056721541,5.142283043824136e-09,1,15,1,3.549081989442834e+17,3.549081989442834e+17,1
385,206625478.5640434,1,0.0,7305671.463499207,5654059204,78.73047316679562,300.45491477090167,1,3.1968385485919064e+19,9635822.620275546,43650638774447.914,6140648.677051754,1.5988557806836978e+19,8185838.056721541,5.142283043824136e-09,1,15,1,3.5726863918124576e+17,3.572686391812457e+17,1
386,206625478.5640434,1,0.0,7310116.821443108,5692433726,8.185824463483048,120.0,1,3.2403801722086937e+19,9897603.166305035,44639323540564.914,6140648.677051754,1.6206364793397524e+19,8185838.056721541,5.142283043824136e-09,1,15,1,3.596423418806646e+17,3.5964234188066445e+17,1
387,206625478.5640434,1,0.0,7326280.636210778,5730808247,45.266948330044485,300.4716783205203,1,3.28421631660457e+19,10180531.32776524,44222024259257.945,6140648.677051754,1.6425503785448776e+19,8185838.056721541,5.142283043824136e-09,1,15,1,3.619992596099819e+17,3.619992596099818e+17,1
388,206625478.5640434,1,0.0,7347499.708649252,5769182769,52.14627987029454,300.4336091726274,1,3.328346981779533e+19,9940621.135797422,44155293023127.98,6140648.677051754,1.6646150438199978e+19,8185838.056721541,5.142283043824136e-09,1,15,1,3.643662837501288e+17,3.6436628375012883e+17,1
389,206625478.5640434,1,0.0,7359508.524761387,5807557290,45.26489969439744,300.4804021062136,1,3.3727721677335847e+19,10032924.297257628,43701792779802.93,6140648.677051754,1.6868231017945903e+19,8185838.056721541,5.142283043824136e-09,1,15,1,3.667363333871614e+17,3.667363333871615e+17,1
390,206625478.5640434,1,0.0,7385491.708956665,5845931811,28.695248552335503,300.42453035722417,1,3.4174918744667242e+19,9700045.355289811,43956134092763.96,6140648.677051754,1.7091854985742897e+19,8185838.056721541,5.142283043824136e-09,1,15,1,3.6909986350408723e+17,3.6909986350408723e+17,1
391,206625478.5640434,1,0.0,7397455.672302813,5884306333,45.2636824799154,300.47703299991474,1,3.4625061019789513e+19,9982973.516750017,43531358194387.695,6140648.677051754,1.7316883645714194e+19,8185838.056721541,5.142283043824136e-09,1,15,1,3.714676830446225e+17,3.714676830446225e+17,1
392,206625478.5640434,1,0.0,7420070.2957339315,5922680854,28.680854951662013,300.41954085414426,1,3.507814850270265e+19,9650094.5747822,43783810988861.58,6140648.677051754,1.7543452632450212e+19,8185838.056721541,5.142283043824136e-09,1,15,1,3.738318665717187e+17,3.738318665717188e+17,1
393,206625478.5640434,1,0.0,7430352.240352637,5961055376,45.262678547128765,300.47392718963914,1,3.553418119340667e+19,9933022.736242404,43363459005921.64,6140648.677051754,1.7771426942603928e+19,8201998.211079805,6.626578397117555e-09,1,15,1,3.7619903199763334e+17,3.7619903199763334e+17,1
394,206625478.5640434,1,0.0,7450194.323463644,5999429897,28.667867761255806,300.414983291557,1,3.599315909190157e+19,9600143.794274589,43614023281908.375,6140648.677051754,1.8000940948278977e+19,8201998.211079805,6.626578397117555e-09,1,15,1,3.785638670247401e+17,3.785638670247401e+17,1
395,206625478.5640434,1,0.0,7461042.4477565605,6037804419,45.26157515902919,300.4710613134507,1,3.6455082198187352e+19,9851123.170974623,43125274627128.555,6140648.677051754,1.823185362655639e+19,8244187.603277168,5.199581210035831e-09,1,15,1,3.8093038120526944e+17,3.809303812052695e+17,1
396,206625478.5640434,1,0.0,7465284.078787022,6076178940,7.271266744930745,120.0,1,3.691995051226401e+19,9977326.359804727,43948570652392.67,6140648.677051754,1.8464370113197244e+19,8244239.24583619,2.114575181622058e-09,1,15,1,3.8329743808572474e+17,3.832974380857248e+17,1
397,206625478.5640434,1,0.0,7504882.399962682,6114553462,60.47935496000216,300.41081309858436,1,3.738776403413153e+19,9526126.617709534,43295584457905.53,6140648.677051754,1.8698211575511556e+19,8244239.24583619,2.114575181622058e-09,1,15,1,3.8564978454701805e+17,3.856497845470181e+17,1
398,206625478.5640434,1,0.0,7506619.123614601,6152927983,8.173007923907816,120.0,1,3.785852276378994e+19,9755958.378978852,44187440967073.17,6140648.677051754,1.8933680125991678e+19,8244143.709851467,2.813067112583667e-09,1,15,1,3.880271038152741e+17,3.8802710381527405e+17,1
399,206648346.40781987,1,0.0,7523566.048904576,6191279637,45.26231333969315,300.46841446192576,1,3.833194353828528e+19,10017766.005628448,43682526107812.92,6140648.677051754,1.917034002175342e+19,8244501.019910474,4.151843313593417e-09,1,15,1,3.9052696765729165e+17,3.905269676572916e+17,1
400,1206648346.4078197,1,0.0,6904085.152885903,5229631290,5.204935694134121,120.0,1,2.7349043431110017e+19,31361637.25778814,120383876603791.19,6140648.677051754,1.3686560103215387e+19,8244501.019910474,4.144567355979234e-09,1,29,1,6.684044924759718e+18,6.296599789689052e+18,1
401,1206648346.4078197,1,0.0,6513622.343380974,4267982944,64.81227666014658,420.0,2,1.8215678408232546e+19,44232151.054440305,179818718430978.94,7330872.293688907,9.125821075959371e+18,8233135.177207194,4.14638634538278e-09,2,30,1,5.658502338749976e+18,5.330321486524152e+18,2
402,1206648346.40782,1,0.0,6030526.502607277,3306334597,60.82700436037218,420.0,4,1.093184846965286e+19,61410418.14496493,317391516941424.75,10996308.44053336,5.497663386520573e+18,8233135.177207194,4.785761120729148e-09,3,32,1,4.6316816794416e+18,4.362789140425193e+18,3
403,1143670716.988771,1,0.0,5700344.14787523,2407663880,109.60846705733312,420.0,5,5.796845360810126e+18,72487718.50199026,447083792406887.6,14415738.222459655,2.943131059645752e+18,8352755.969727719,2.5374902179464698e-09,3,35,1,3.392330717419691e+18,3.181747331402089e+18,5
404,268296692.81563973,1,0.0,5756732.728417045,2384367188,71.37473714201768,420.0,5,5.685206885057962e+18,69987496.27525656,435960361471167.44,14415738.222459655,2.8861994786760975e+18,8335258.861352962,4.2909960029646754e-09,1,35,1,3.123945595978583e+17,1.5901858621014874e+17,4
405,268296692.81563973,1,0.0,5814893.174832669,2361070495,71.04800577295111,420.0,5,5.574653881098093e+18,67423486.87706572,425964584051859.94,14415738.222459655,2.8299233989542323e+18,8335258.861352962,4.283720045350492e-09,1,35,1,3.095124405458755e+17,1.57578921116334e+17,4
406,266457325.13526705,1,0.0,5862822.872602593,2339613170,53.810995601299325,318.396422681405,3,5.473789783354514e+18,64864600.937263936,416953200647281.94,14415738.222459655,2.7785902117419853e+18,8320888.801350051,3.396053216420114e-09,2,36,1,3.021661328801917e+17,1.5391525959122445e+17,3
407,266457325.13526702,1,0.0,5905696.1299002655,2318155844,44.63646188872849,420.0,4,5.37384651921486e+18,62453126.983922645,408739220081626.8,14415738.222459655,2.727797181615593e+18,8320888.801350051,3.396053216420114e-09,2,37,1,2.996013825350221e+17,1.5264098550284592e+17,4
408,266457325.13526708,1,0.0,5939384.581605371,2296698519,18.760031246077055,120.0,3,5.274824088679126e+18,60536399.10152003,402544881565897.9,14415738.222459655,2.6776665324961526e+18,8394491.876815505,6.375557859428227e-09,1,37,1,2.970314871659331e+17,1.5136138193640426e+17,3
409,266457325.13526705,1,0.0,5966001.828179635,2275241194,33.63837902743927,300.8315327383571,4,5.176722491747312e+18,58670939.44374837,396980326349102.06,14415738.222459655,2.628059278508566e+18,8394491.876815505,6.142727215774357e-09,1,37,1,2.9442013728631277e+17,1.5006500324854163e+17,3
410,266457325.13526702,1,0.0,6015484.598035979,2253783869,70.13513798615755,302.9784267309181,3,5.079541728419418e+18,56412008.447821885,390056586332675.25,14415738.222459655,2.578776522842977e+18,8394491.876815505,6.142727215774357e-09,1,37,1,2.918384321431357e+17,1.4878491203116954e+17,3
411,266457325.13526705,1,0.0,6048934.817032319,2232326544,18.842424667863845,120.0,3,4.983281798695446e+18,54570149.18390456,385839395344276.4,14415738.222459655,2.5302248388821504e+18,8388774.29180513,4.887624527327716e-09,1,37,1,2.8928701119974016e+17,1.4751211206667574e+17,3
412,266457325.13526705,1,0.0,6075432.9472522,2210869219,33.44719556093154,300.7120242398083,4,4.887942702575396e+18,52777999.46602304,382229430446868.8,14415738.222459655,2.482194294332385e+18,8388774.29180513,4.887624527327716e-09,1,37,1,2.866758831955055e+17,1.462105816885275e+17,3
413,266457325.13526702,1,0.0,6130214.004733441,2189411894,56.66492448589991,302.0751652627077,3,4.793524440059268e+18,50641036.70615322,377926319261746.56,14415738.222459655,2.434554851955809e+18,8388488.335059296,5.804395186714828e-09,1,37,1,2.840873459987766e+17,1.44928180360526e+17,3
414,266457325.13526705,1,0.0,6146610.558380468,2167954569,28.330843646148033,301.10474349237035,4,4.700027011147058e+18,49015642.3794881,374842525932407.1,14415738.222459655,2.3874977581667697e+18,8388488.335059296,4.931280273012817e-09,1,37,1,2.8153055202940467e+17,1.436451328198133e+17,3
415,266457325.13526702,1,0.0,6192711.060306155,2146497243,73.33581695793563,301.394433590157,4,4.6074504158387717e+18,46899073.4988412,371889410902535.8,14415738.222459655,2.3409141490096394e+18,8388488.335059296,4.473804438021034e-09,1,37,1,2.7892562804933613e+17,1.423588115614964e+17,3
416,266457325.13526702,1,0.0,6205446.128459241,2125039918,11.154010754042693,120.0,2,4.5157946541344056e+18,45904797.48394221,370708293179515.4,14415738.222459655,2.2949681563851543e+18,8388488.335059296,4.415596777107567e-09,1,37,1,2.764026883255647e+17,1.4110490045298387e+17,2
417,266457325.13526702,1,0.0,6250877.196833488,2103582593,40.476188117898076,301.3101375028388,3,4.42505972603396e+18,43980018.667101085,369100839535437.25,14415738.222459655,2.2494399469705236e+18,8388488.335059296,4.415596777107567e-09,1,37,1,2.73774200712821e+17,1.398090133351127e+17,2
418,266457325.13526702,1,0.0,6264300.26087809,2082125268,24.036038452446295,300.5596067046614,2,4.335245631537436e+18,43663732.21152958,367730968909125.2,14415738.222459655,2.2043959126596306e+18,8388488.335059296,4.8730726120993495e-09,1,37,1,2.7120776023945738e+17,1.3852450932427178e+17,2
419,266457325.13526702,1,0.0,6312180.226137269,2060667943,41.05187414603679,301.0014757875535,2,4.246352370644834e+18,42353528.2808204,366710001257900.8,14415738.222459655,2.1598471854482068e+18,8388491.78878102,1.9044819055125117e-09,1,37,1,2.686027724716624e+17,1.3722982969379272e+17,2
420,266457325.13526702,1,0.0,6302489.439331574,2039210618,9.500340695226509,120.0,2,4.158379943356153e+18,42948232.07217482,366701856850460.9,14415738.222459655,2.1158601573631224e+18,8388491.78878102,1.4679244486615062e-09,1,37,1,2.6606825740789936e+17,1.3596375832186482e+17,2
421,266457325.13526702,1,0.0,6345820.845170199,2017753293,79.66760805961812,300.9259981897027,3,4.071328349671392e+18,41407302.463012494,364090992070246.56,14415738.222459655,2.0720732740427208e+18,8388491.78878102,1.4606484910473228e-09,1,37,1,2.6343719254516867e+17,1.3466326452681656e+17,2
422,266457325.13526702,1,0.0,6366758.166504418,1996295967,13.7574251215852,120.0,2,3.985197589590553e+18,40837605.854488164,364077238379712.75,14415738.222459655,2.0290065186332477e+18,8389945.472347049,9.658833732828498e-10,1,37,1,2.6086108055624166e+17,1.3336911503746046e+17,2
423,266457325.13526702,1,0.0,6411754.204509347,1974838642,65.18746818148763,300.8611001914047,3,3.8999876631136353e+18,39911555.81737073,362645566106019.1,14415738.222459655,1.9862583881674196e+18,8389945.472347049,9.658833732828498e-10,1,37,1,2.5824709725260915e+17,1.3207216868113098e+17,2
424,266457325.13526702,1,0.0,6388713.618547929,1953381317,9.493956374073349,120.0,2,3.8156985702406374e+18,40740051.03063524,363048461258741.94,14415738.222459655,1.944154131246193e+18,8389945.472347049,1.431544660590589e-09,1,37,1,2.557127735395609e+17,1.3080921229454902e+17,2
425,266457325.13526702,1,0.0,6422999.248799016,1931923992,42.999175876778054,300.8047030839853,3,3.732330310971563e+18,39430858.83368774,362286623197686.3,14415738.222459655,1.90239381780555e+18,8389945.472347049,9.658833732828498e-10,1,37,1,2.5307456918202074e+17,1.294986259646374e+17,2
426,266457325.13526702,1,0.0,6420181.697685228,1910466667,11.152785977179482,120.0,2,3.6498828853064074e+18,39856593.72771159,362653296239320.4,14415738.222459655,1.861206772277136e+18,8389945.472347049,9.36779542826116e-10,1,37,1,2.5049603588521443e+17,1.2820497374142821e+17,2
427,266457325.13526702,1,0.0,6432954.754671764,1889009342,20.89084850362207,120.0,3,3.568356293245174e+18,39584413.39686404,362731078441654.8,14415738.222459655,1.8204512544667523e+18,8389945.472347049,1.394255377817899e-09,1,37,1,2.4787431509328717e+17,1.2690275714194075e+17,2
428,266457325.13526702,1,0.0,6447548.455699879,1867552017,13.708585535560164,120.0,2,3.4877505347878615e+18,39494982.195462205,363253773101050.1,14415738.222459655,1.7802006447040358e+18,8389945.472347049,9.36779542826116e-10,1,37,1,2.4524243329814374e+17,1.2557711408393938e+17,2
429,266457325.13526702,1,0.0,6460155.991971264,1846094691,17.577655878005444,120.0,3,3.40806560993447e+18,39495494.12466872,363410611804580.8,14415738.222459655,1.740373866147693e+18,8389945.472347049,1.394255377817899e-09,1,37,1,2.4266072514117245e+17,1.2429295683394634e+17,3
430,266457325.13526702,1,0.0,6440279.985563397,1824637366,13.39231536388562,120.0,3,3.329301518685e+18,40233032.01056562,363890797689274.0,14415738.222459655,1.7010398391114276e+18,8389945.472347049,1.394255377817899e-09,1,37,1,2.4003190860603974e+17,1.2297375887699512e+17,3
431,266457325.13526702,1,0.0,6474391.873728092,1803180041,37.776175600040276,300.63240402970564,4,3.25145826103945e+18,39232289.79262001,363382456463670.0,14415738.222459655,1.662067376166092e+18,8389945.472347049,1.4024408301338553e-09,1,37,1,2.374160008945687e+17,1.216682395319957e+17,3
432,266457325.13526702,1,0.0,6453703.453040461,1781722716,13.392491689902858,120.0,3,3.1745358369978235e+18,39932606.3403621,363851813233268.06,14415738.222459655,1.6236530998222385e+18,8389945.472347049,1.394255377817899e-09,1,37,1,2.348369334021849e+17,1.203791014735649e+17,3
433,266457325.13526702,1,0.0,6481288.745465149,1760265391,37.755274844963324,300.6436985476418,4,3.0985342465601157e+18,38980591.89497611,363418058967400.94,14415738.222459655,1.585608929176798e+18,8353464.395849655,3.5770426620729268e-09,1,37,1,2.3221194500488515e+17,1.1907036281030131e+17,3
434,266457325.13526702,1,0.0,6466423.499424172,1738808066,13.3926895796462,120.0,3,3.0234534897263304e+18,39708268.65746661,363887507625903.1,14415738.222459655,1.5481154956257554e+18,8353465.58109891,3.5770426620729268e-09,1,37,1,2.2963952551064202e+17,1.1778384519424802e+17,3
435,266457325.13526702,1,0.0,6493285.6809349805,1717350741,37.73444013145873,300.61683347439714,4,2.949293566496466e+18,38750047.57669881,363508993828228.56,14415738.222459655,1.510997682631056e+18,8353465.58109891,3.5770426620729268e-09,1,37,1,2.2700718533964253e+17,1.1647177217949238e+17,3
436,266457325.13526702,1,0.0,6471822.727642149,1695893416,13.393196831079862,120.0,3,2.8760544768705224e+18,39511335.13786621,363971441361088.5,14415738.222459655,1.47442438257137e+18,8353465.58109891,3.5770426620729268e-09,1,37,1,2.2444082614389392e+17,1.1518785627475594e+17,3
437,266457325.13526702,1,0.0,6463034.699770463,1674436090,19.09479045353838,120.0,4,2.8037362208485e+18,39579408.01523839,364657223458681.1,14415738.222459655,1.4383338327701181e+18,8353465.58109891,3.5770426620729268e-09,1,37,1,2.218053647297017e+17,1.1387186507254392e+17,3
438,266457325.13526702,1,0.0,6439125.058628964,1652978765,13.395908536303777,120.0,3,2.7323387984303985e+18,39892349.866385825,364930867741112.5,14415738.222459655,1.4026624859893105e+18,8297763.333346538,6.071786629036069e-09,1,37,1,2.19227817764831e+17,1.1257761877076534e+17,3
439,266457399.3615938,1,0.0,6454139.310949049,1631521366,41.58126271804105,300.2631786294993,4,2.661861967412537e+18,39317885.65206896,365389615211337.2,14415738.222459655,1.3674699452274022e+18,8297763.913239716,6.093614501878619e-09,1,37,1,2.1656670831556022e+17,1.1124258582041126e+17,3
440,266457399.3615938,1,0.0,6453834.087659377,1610063967,26.977962738668616,300.374140391241,3,2.5923059763694013e+18,39223352.499178246,365099307299594.25,14415738.222459655,1.33266291891466e+18,8297763.913239716,6.093614501878619e-09,1,37,1,2.1396638993984717e+17,1.0994375647085893e+17,3
441,266457399.3615938,1,0.0,6458653.1315066535,1588606567,22.43092713315373,120.0,4,2.523670825300992e+18,39237221.17033164,365647769589592.1,14415738.222459655,1.298400189609455e+18,8297763.913239716,6.093614501878619e-09,1,37,1,2.1136445984565018e+17,1.0864508983600219e+17,3
442,261625134.48435616,1,0.0,6420359.573259923,1571981433,16.5091932843084,120.0,4,2.4711256247532744e+18,40022946.44151844,365992531213514.06,14415738.222459655,1.2721620654979886e+18,8260011.843886297,6.937625585123897e-09,1,37,1,2.0067046344467334e+17,1.0330153967272606e+17,3
443,263146947.702955,1,0.0,6436916.82549417,1553834485,43.445335864370065,300.5861671720498,5,2.4144016067657656e+18,39150688.369744115,365291168343808.4,14415738.222459655,1.2437299202172636e+18,8274648.916183766,6.290065357461572e-09,1,37,1,2.012563413511973e+17,1.0360898851475672e+17,3
444,263146947.702955,1,0.0,6394649.1031380035,1535687537,16.506951739567416,120.0,4,2.358336212200123e+18,39935901.94113496,365719373934395.44,14415738.222459655,1.215740043493501e+18,8274648.916183766,6.290065357461572e-09,1,37,1,1.9911582256162653e+17,1.0252755431254421e+17,3
445,263146947.702955,1,0.0,6386572.13003989,1517540590,16.372470404032967,120.0,3,2.3029294410563492e+18,39973587.19022049,366034673417973.56,14415738.222459655,1.188068187869972e+18,8274648.916183568,5.8098521549254656e-09,1,37,1,1.9697300933144458e+17,1.0146854800761926e+17,3
446,263146947.702955,1,0.0,6360362.6802105075,1499393642,16.507454848668228,120.0,4,2.2481812933344417e+18,40247404.198482245,366228240985022.3,14415738.222459655,1.1607134707657231e+18,8274648.913422072,5.806214176118374e-09,1,37,1,1.9482408670183005e+17,1.0037757282540459e+17,3
447,263146947.702955,1,0.0,6395217.426056715,1481246694,67.24458881898737,300.6286094647912,5,2.1940917690344033e+18,39239321.86455552,365621726743854.2,14415738.222459655,1.1336080571915871e+18,8274648.913422072,5.806214176118374e-09,1,37,1,1.9266334918076627e+17,9.930388224583162e+16,3
448,263146947.702955,1,0.0,6379131.989309501,1463099746,16.506995961044943,120.0,4,2.1406608681562317e+18,39977160.644516595,365931684027435.7,14415738.222459655,1.1069236024808594e+18,8274648.913422072,5.806214176118374e-09,1,37,1,1.9055086538119472e+17,9.824610587837064e+16,3
449,263146947.702955,1,0.0,6412546.790184613,1444952799,67.21736670533245,300.6346676969543,5,2.0878885906999276e+18,39096813.05649758,365349947198166.1,14415738.222459655,1.0804792900697804e+18,8274648.913422072,6.737536750733852e-09,1,37,1,1.8838518348596525e+17,9.716965343362107e+16,3
450,263146947.702955,1,0.0,6392390.559264962,1426805851,16.506485118466006,120.0,4,2.035774936665491e+18,39882412.11897204,365653727777563.7,14415738.222459655,1.0544528411105019e+18,8274648.913422072,5.806214176118374e-09,1,37,1,1.862695154541679e+17,9.610651032561155e+16,3
451,263146947.702955,1,0.0,6424266.781723577,1408658903,43.47601160607091,300.60492062521666,5,1.984319906052922e+18,38999774.41297249,365003876387786.3,14415738.222459655,1.0286603406652397e+18,8286893.314013127,5.876245268154889e-09,1,37,1,1.8410111696726352e+17,9.502928598137229e+16,3
452,263146947.702955,1,0.0,6404104.927794425,1390511956,16.505867670819296,120.0,4,1.9335234988622208e+18,39784987.98436334,365203977733415.8,14415738.222459655,1.003282147204452e+18,8286893.314013127,6.333721103146672e-09,1,37,1,1.8198789976940368e+17,9.396619780154534e+16,3
453,263146947.702955,1,0.0,6434058.905415388,1372365008,43.44805879961719,300.5748927557224,5,1.883385715093387e+18,38896228.07806826,364568523098490.1,14415738.222459655,9.781497098565425e+17,8286893.314013127,6.333721103146672e-09,1,37,1,1.7981709902387818e+17,9.288860947193245e+16,3
454,263146947.702955,1,0.0,6414175.544694189,1354218060,16.505261242598287,120.0,4,1.8339065547464207e+18,39681441.64945911,364759143797192.8,14415738.222459655,9.534291917529297e+17,8286893.314013127,6.333721103146672e-09,1,37,1,1.7770635606948387e+17,9.182585193204896e+16,3
455,263146947.702955,1,0.0,6412755.76699344,1336071113,16.384263562753542,120.0,3,1.785086017821322e+18,39700760.3018004,365133918843626.3,14415738.222459655,9.290564007950236e+17,8286893.314013127,6.450136424973607e-09,1,37,1,1.755337333864654e+17,9.074792966713053e+16,3
456,263146947.702955,1,0.0,6396445.374229612,1317924165,16.504931541673958,120.0,4,1.736924104318091e+18,39977638.40951954,365091651902924.6,14415738.222459655,9.04971217349338e+17,8286893.314013127,6.333721103146672e-09,1,37,1,1.7341525286919987e+17,8.967594657239163e+16,3
457,263146947.702955,1,0.0,6433514.887912188,1299777217,67.2458173049083,300.54770503138593,5,1.6894208142367276e+18,38957311.674311385,364543309471645.75,14415738.222459655,8.811647380655283e+17,8286893.314013127,6.333721103146672e-09,1,37,1,1.7122503668979315e+17,8.858333304785486e+16,3
458,263146947.702955,1,0.0,6421295.054213461,1281630269,16.504182289000575,120.0,4,1.6425761475772314e+18,39723498.12569521,364663007629384.4,14415738.222459655,8.577543745515542e+17,8236320.171463146,4.7330104280263186e-09,1,37,1,1.6914251711678275e+17,8.754440876662746e+16,3
459,263146947.702955,1,0.0,6454812.102435346,1263483322,67.21740914252044,300.54811640202956,5,1.5963901043396032e+18,38853131.60821237,364154343051970.2,14415738.222459655,8.346104864749987e+17,8236320.171463146,4.7330104280263186e-09,1,37,1,1.6694735796127862e+17,8.644903324945771e+16,3
460,263146947.702955,1,0.0,6436931.13237814,1245336374,16.503534743841,120.0,4,1.5508626845238423e+18,39667078.34210958,364298183429377.8,14415738.222459655,8.118611606048589e+17,8236320.171463146,4.7330104280263186e-09,1,37,1,1.6485547520347133e+17,8.54008989140409e+16,3
461,263146947.702955,1,0.0,6465934.157014305,1227189426,43.47698629145266,300.5233477456983,5,1.505993888129949e+18,38803605.007089496,363784951398870.3,14415738.222459655,7.893754392048614e+17,8236320.171463146,4.7330104280263186e-09,1,37,1,1.626635848063527e+17,8.430863234114229e+16,3
462,263146947.702955,1,0.0,6444350.059202421,1209042479,16.503175565898992,120.0,4,1.4617837151579233e+18,39614105.14975534,363949332080795.44,14415738.222459655,7.672867907870412e+17,8236320.171463146,4.7330104280263186e-09,1,37,1,1.6056768164284374e+17,8.325663742307626e+16,3
463,263146947.702955,1,0.0,6473419.643332805,1190895531,43.44880153217879,300.50072083255793,5,1.4182321656077652e+18,38750631.81473524,363419454323034.94,14415738.222459655,7.454580282361861e+17,8236320.171463146,4.7330104280263186e-09,1,37,1,1.5837956547041686e+17,8.216795627126157e+16,3
464,263146947.702955,1,0.0,6451871.33289909,1172748583,16.502839680564758,120.0,4,1.3753392394794747e+18,39561131.95740108,363604485595682.3,14415738.222459655,7.240300682993056e+17,8236320.171463146,4.7330104280263186e-09,1,37,1,1.5627988792489264e+17,8.111237578355917e+16,3
465,263146947.702955,1,0.0,6449533.045546142,1154601636,16.390792129245494,120.0,3,1.3331049367730516e+18,39605737.18101737,364056067029782.94,14415738.222459655,7.029580750895041e+17,8236320.171463146,4.7330104280263186e-09,1,37,1,1.5409581904478765e+17,8.00272768181478e+16,3
466,263146947.702955,1,0.0,6431873.551464436,1136454688,16.50274772688626,120.0,4,1.2915292574884964e+18,39902147.43908881,364027547412055.0,14415738.222459655,6.821673834854537e+17,8247829.013308536,5.009496817365289e-09,1,37,1,1.5198253490751798e+17,7.895855483133664e+16,3
467,263146947.702955,1,0.0,6477232.74869379,1118307740,54.79891554630995,300.4941970348766,3,1.2506122016258084e+18,38661971.384184286,362675038875806.44,14415738.222459655,6.615736047004849e+17,8247829.013308536,5.940819391980767e-09,1,37,1,1.4978752818706813e+17,7.786267781558813e+16,3
468,263146947.702955,1,0.0,6456704.156829579,1100160792,16.501985780555806,120.0,4,1.2103537691849882e+18,39395502.324103,362876283822103.94,14415738.222459655,6.414645129747045e+17,8325775.802488781,4.9112713895738125e-09,1,37,1,1.4770497245137334e+17,7.68239932741815e+16,3
469,263146947.702955,1,0.0,6455015.889998089,1082013845,16.328339994483784,120.0,3,1.1707539601660355e+18,39434353.12679658,363252595734707.1,14415738.222459655,6.217022396564884e+17,8325775.802488781,4.9112713895738125e-09,1,37,1,1.4553209620528064e+17,7.574618309663251e+16,3
470,263146947.702955,1,0.0,6438462.039084255,1063866897,16.50142473423301,120.0,4,1.1318127745689503e+18,39690574.27736632,363209835958421.1,14415738.222459655,6.022273708803172e+17,8333745.6329405075,5.216861609369516e-09,1,37,1,1.4341030733330258e+17,7.467228681659328e+16,3
471,263146947.702955,1,0.0,6473715.968889971,1045719949,47.86348614047887,300.4947877027763,5,1.0935302123937327e+18,39185512.327837236,363304012422698.7,14415738.222459655,5.830955074391363e+17,8333745.6329405075,5.216861609369516e-09,1,37,1,1.4122080902435434e+17,7.358254422841664e+16,3
472,263146947.702955,1,0.0,6489286.904514604,1027573002,31.75796629828517,300.3910197457529,4,1.0559062736403827e+18,39079029.67557196,362656155913279.56,14415738.222459655,5.642187524115193e+17,8333745.6329405075,5.216861609369516e-09,1,37,1,1.3907888969925968e+17,7.250436619886768e+16,3
473,263146947.702955,1,0.0,6505090.970221755,1009426054,27.83342790890855,120.0,5,1.0189409583089004e+18,39061853.589441106,362820444887100.06,14415738.222459655,5.457525236431602e+17,8333745.6329405075,5.216861609369516e-09,1,37,1,1.369434053417827e+17,7.1447321730480456e+16,3
474,263146947.702955,1,0.0,6525414.323017264,991279106,37.890000998447086,300.4094940830893,4,9.826342663992855e+17,38842050.0273007,362200723021736.6,14415738.222459655,5.2753720550181645e+17,8333745.6329405075,5.216861609369516e-09,1,37,1,1.3479446139034907e+17,7.036213374678792e+16,3
475,263146947.702955,1,0.0,6490667.062827962,973132159,15.48451566128407,120.0,4,9.469861979115382e+17,39620882.66196881,362497611378600.94,14415738.222459655,5.097428600936292e+17,8333745.6329405075,5.216861609369516e-09,1,37,1,1.3266953650154581e+17,6.930131802496719e+16,3
476,263146947.702955,1,0.0,6473922.526495708,954985211,19.417165685063555,120.0,4,9.119967528456584e+17,39650210.144807994,362704252901580.94,14415738.222459655,4.9226880171298726e+17,8333745.6329405075,5.216861609369516e-09,1,37,1,1.3052241686109637e+17,6.8239245072381816e+16,3
477,263146947.702955,1,0.0,6449279.474110391,936838263,15.485686960918292,120.0,4,8.776659312016462e+17,39907815.89653486,362799659270551.94,14415738.222459655,4.751129315278783e+17,8333745.6329405075,5.275069270282984e-09,1,37,1,1.2837463473078926e+17,6.714905826830688e+16,3
478,263146947.702955,1,0.0,6486519.7001739675,918691315,61.03755568546464,300.4953797843067,4,8.439937329795017e+17,38971589.88974988,362081815132924.94,14415738.222459655,4.582050480030433e+17,8346993.820078937,5.817128112539649e-09,1,37,1,1.2621290999772323e+17,6.607561524187559e+16,3
479,263146947.702955,1,0.0,6463218.802372439,900544368,15.485815933466855,120.0,4,8.109801581792246e+17,39693217.413866445,362294909690537.5,14415738.222459655,4.4171957005866605e+17,8346993.820078937,5.817128112539649e-09,1,37,1,1.2409712527821291e+17,6.501419082771164e+16,3
480,263146947.702955,1,0.0,6494017.3727528965,882397420,43.46967407765661,300.5073061584252,5,7.786252068008152e+17,38850969.44256157,361591798860362.9,14415738.222459655,4.254717832864439e+17,8346993.820078937,5.817128112539649e-09,1,37,1,1.2193504228069997e+17,6.394088255035527e+16,3
481,263146947.702955,1,0.0,6465379.499260086,864250472,15.48529270747538,120.0,4,7.469288788442733e+17,39615526.056802996,361821432261002.0,14415738.222459655,4.0964658264823686e+17,8346993.820078937,5.817128112539649e-09,1,37,1,1.1981205087531622e+17,6.2871758409260456e+16,3
482,263146947.702955,1,0.0,6491451.916262419,846103525,43.441317774219456,300.5381453650942,5,7.15891174309599e+17,38773278.08549812,361108882728655.4,14415738.222459655,3.94056475427665e+17,8346993.820078937,5.817128112539649e-09,1,37,1,1.1765168315690891e+17,6.18006168200519e+16,3
483,263146947.702955,1,0.0,6462297.165428156,827956577,15.484961804586671,120.0,4,6.855120931967922e+17,39537834.08168373,361353372706846.56,14415738.222459655,3.7889138386908077e+17,8346995.056190588,6.020854925736785e-09,1,37,1,1.1552622521809038e+17,6.0728574750475224e+16,3
484,263146947.702955,1,0.0,6457133.989217233,809809629,19.440710674702558,120.0,4,6.55791635505853e+17,39560591.54788433,361602660035264.56,14415738.222459655,3.64056083756453e+17,8346885.666217653,5.016772774979472e-09,1,37,1,1.1336927984662018e+17,5.966034693662318e+16,3
485,263146947.702955,1,0.0,6437799.850905195,791662681,15.484841004917183,120.0,4,6.267298012367814e+17,39811627.28297262,361648604545023.8,14415738.222459655,3.495297610728931e+17,8346885.666217653,5.016772774979472e-09,1,37,1,1.1123132907874563e+17,5.857632056629798e+16,3
486,263146947.702955,1,0.0,6475404.5151253985,773515734,67.23729249389788,300.5729766919489,5,5.983265903895773e+17,38906715.91803311,361014335742549.75,14415738.222459655,3.3526472876904365e+17,8284036.366469214,4.9876689445227385e-09,1,37,1,1.0906226783274702e+17,5.749752582599191e+16,3
487,263146947.702955,1,0.0,6473438.512827709,755368786,11.151336845817948,120.0,2,5.705820029642409e+17,39485467.420960434,361423413374182.94,14415738.222459655,3.2143334281953875e+17,8284036.366469214,4.9876689445227385e-09,1,37,1,1.0695054177272483e+17,5.64396134278619e+16,2
488,263146947.702955,1,0.0,6502486.962776644,737221838,45.11982146165699,300.52607773879197,3,5.43496038960772e+17,38850736.435662284,360603320128386.8,14415738.222459655,3.0780835149322464e+17,8284036.366469214,4.9876689445227385e-09,1,37,1,1.048109950138745e+17,5.537461237770566e+16,2
489,263146947.702955,1,0.0,6487427.748263884,719074891,11.15062752532883,120.0,2,5.170686983791706e+17,39465792.93514526,361070382010520.9,14415738.222459655,2.946413873906374e+17,8284036.366469214,4.9876689445227385e-09,1,37,1,1.0265772161843397e+17,5.429276386729735e+16,2
490,263146947.702955,1,0.0,6489814.399458408,700927943,19.97878849428742,120.0,3,4.9129998121943686e+17,39401496.489814855,361178046200393.44,14415738.222459655,2.8176779522975776e+17,8366280.910360507,2.077285898849368e-09,1,37,1,1.0052930673259979e+17,5.323519913331822e+16,2
491,263146947.702955,1,0.0,6474161.609146674,682780995,11.15036920484909,120.0,2,4.661898874815706e+17,39706281.6901394,361517448945775.44,14415738.222459655,2.6924668863536285e+17,8366281.086202642,3.3651303965598345e-09,1,37,1,9.835869309143794e+16,5.213970593818732e+16,2
492,263146947.702955,1,0.0,6507877.901161441,664634048,65.71879644590732,300.56007289404937,3,4.41738417165572e+17,38831179.2476222,359810118411507.56,14415738.222459655,2.5685022042393674e+17,8366281.086202642,3.3651303965598345e-09,1,37,1,9.6226172501147e+16,5.107687066829945e+16,2
493,260246569.67445326,1,0.0,6519018.614799925,649387478,18.674052077353444,120.0,3,4.217040964243739e+17,38748693.87608986,359801327181087.0,14415738.222459655,2.4683218093029565e+17,8423883.837221643,2.7430360205471516e-09,1,37,1,9.189907489895134e+16,4.890806487917711e+16,2
494,260246569.67445326,1,0.0,6505432.580124136,634140908,11.148468515012192,120.0,2,4.021346914568519e+17,39297365.58010199,359905218920607.25,14415738.222459655,2.370578676204867e+17,8427080.555446846,2.88855517283082e-09,1,37,1,9.01584170275873e+16,4.803912224882287e+16,2
495,260246569.67445326,1,0.0,6510822.116754164,618894339,16.203550129052964,120.0,2,3.8303020226300576e+17,39204138.066236705,359744019119067.75,14415738.222459655,2.2748950304340966e+17,8427080.555446846,3.281456883996725e-09,1,37,1,8.841029369063909e+16,4.7170718001665384e+16,2
496,260246569.67445326,1,0.0,6493471.918950899,603647769,11.148173191654303,120.0,2,3.6439062884283546e+17,39446246.7240898,359727514771603.25,14415738.222459655,2.1816806589857805e+17,8432801.338264197,3.3614924177527428e-09,1,37,1,8.663740185399325e+16,4.6275534990728664e+16,2
497,260246569.67445326,1,0.0,6523407.347352218,588401199,38.59881423376768,300.5977513568256,2,3.462159711963412e+17,38760582.14926234,358629204395501.7,14415738.222459655,2.0897090603772077e+17,8432801.338264197,3.4124241210520267e-09,1,37,1,8.48865973206941e+16,4.540359240576301e+16,2
498,260246569.6744533,1,0.0,6488330.827979427,573154630,12.74022284561477,120.0,3,3.285062293235228e+17,39638368.72664536,358643266026876.0,14415738.222459655,2.0011744126444902e+17,8432801.338264197,3.434251993894577e-09,1,37,1,8.312698672433546e+16,4.452250907048121e+16,3
499,260246569.67445326,1,0.0,6500311.792935235,557908060,32.35600508179696,300.5846944112795,2,3.112614032243804e+17,38959227.929247975,357717074472429.75,14415738.222459655,1.9140240905943318e+17,8432801.953105576,3.3542164601385593e-09,1,37,1,8.136041024011638e+16,4.3643731350908264e+16,2
500,260246569.67445326,1,0.0,6467492.009499263,542661490,13.330076889634247,120.0,3,2.9448149289891386e+17,39835445.829051256,357910136235128.5,14415738.222459655,1.830317600729698e+17,8424159.560353713,3.41970007866621e-09,1,37,1,7.961648192591773e+16,4.276472983101544e+16,2
501,260246569.67445326,1,0.0,6457600.695347476,527414920,11.537412149269953,120.0,2,2.7816649834712317e+17,40032050.71924119,358013831515454.1,14415738.222459655,1.74884632325107e+17,8424163.679759476,3.4051481634378433e-09,1,37,1,7.785535514745107e+16,4.1894521242208904e+16,2
502,260246569.67445326,1,0.0,6474824.253298014,512168351,50.10577343639551,300.6408650481272,3,2.6231641956900848e+17,38847321.22398358,356096310980451.4,14415738.222459655,1.6676784088254938e+17,8424163.679759476,3.3614924177527428e-09,1,37,1,7.607801457241814e+16,4.098988054209034e+16,2
503,260246569.67445326,1,0.0,6467162.108168595,496921781,11.146738846142293,120.0,2,2.469312565645697e+17,38969038.33048375,356082133107505.6,14415738.222459655,1.5907384159303542e+17,8424163.679759476,3.4051481634378433e-09,1,37,1,7.436874933416963e+16,4.01406144807955e+16,2
504,260246569.67445326,1,0.0,6487748.036771584,481675211,16.19378616552233,120.0,2,2.320110093338068e+17,38691130.21721048,355960665843290.5,14415738.222459655,1.5160157125123245e+17,8418342.348335069,3.41970007866621e-09,1,37,1,7.261964283742755e+16,3.92770136735928e+16,2
505,260246569.67445326,1,0.0,6481613.02361598,466428642,11.145309878836546,120.0,2,2.175556778767198e+17,38895812.91014926,355958306820373.25,14415738.222459655,1.4437366962039722e+17,8405652.903014053,4.001776687800884e-09,1,37,1,7.0858275996215976e+16,3.838776400947454e+16,2
506,260246569.67445326,1,0.0,6503285.140986199,451182072,15.771929875845444,120.0,2,2.0356526219330877e+17,38805837.212928444,355925342973776.44,14415738.222459655,1.3737516539403203e+17,8405652.903034948,4.933099262416363e-09,1,37,1,6.9093778802122744e+16,3.7514379279591656e+16,2
507,260246569.67445326,1,0.0,6497032.9993388485,435935502,11.144539571828632,120.0,2,1.9003976228357366e+17,39080166.740940854,355919435899746.06,14415738.222459655,1.3061182473176144e+17,8405652.903034948,4.001776687800884e-09,1,37,1,6.733635542058795e+16,3.662551370704984e+16,2
508,260246569.67445326,1,0.0,6531417.2918926375,420688933,38.3635035310696,300.69068145903543,2,1.7697917814751443e+17,38371883.29364408,354980351275664.44,14415738.222459655,1.2398762420132366e+17,8405652.903034948,4.001776687800884e-09,1,37,1,6.556787620537829e+16,3.574851346908753e+16,2
509,260246569.67445326,1,0.0,6519568.742748092,405442363,11.14375677677799,120.0,2,1.643835097851311e+17,38910619.51542573,355147637897360.9,14415738.222459655,1.1770651868230163e+17,8405652.903034948,5.864421837031841e-09,1,37,1,6.382158417445557e+16,3.4870412744960604e+16,2
510,260246569.67445326,1,0.0,6532569.802083849,390195793,15.24565134941048,120.0,2,1.5225275719642378e+17,38820643.818215355,355005440968602.44,14415738.222459655,1.1162692269507213e+17,8405652.903034948,4.485627869144082e-09,1,37,1,6.207472646408375e+16,3.4005028965245196e+16,2
511,260246569.67445326,1,0.0,6516619.428370922,374949224,11.143325675396568,120.0,2,1.4058692038139232e+17,39068180.0607309,355055843636313.94,14415738.222459655,1.0579904455432755e+17,8459239.474028686,3.485183697193861e-09,1,37,1,6.029466428226212e+16,3.310316304505892e+16,2
512,260246569.67445326,1,0.0,6543093.004975256,359702654,37.92232416149806,300.7488954015156,2,1.2938599934003677e+17,38376040.02791813,354005241266280.75,14415738.222459655,1.0009352379664646e+17,8459239.474028686,2.5538611225783825e-09,1,37,1,5.854598948163024e+16,3.223915941394574e+16,2
513,270100912.00266904,1,0.0,6537801.475324314,334601742,13.705305460428892,120.0,2,1.1195832578987384e+17,38657310.88199585,354747141261687.06,14415738.222459655,9.145387702110563e+16,8536226.523467872,2.5538611225783825e-09,1,37,1,6.116582744906874e+16,3.355657121548812e+16,2
514,270100912.00266904,1,0.0,6541160.290479005,309500830,15.395103656267192,120.0,2,9.579076380644243e+16,38865171.89217303,355497662725930.1,14415738.222459655,8.344514817581422e+16,8536226.523467872,2.5538611225783825e-09,1,37,1,5.8031134211674216e+16,3.1997099221810132e+16,2
515,270100912.00266904,1,0.0,6521190.357306069,284399918,11.143313049544604,120.0,2,8.088331338974245e+16,39228188.70884735,356058572288327.8,14415738.222459655,7.6047513923704e+16,8536226.523467872,3.805325832217932e-09,1,37,1,5.490515460944472e+16,3.042657355062123e+16,2
516,270100912.00266904,1,0.0,6551342.185634512,259299006,62.42173420348473,300.8243132165547,2,6.7235974539773944e+16,38355295.43839438,354825000753895.2,14415738.222459655,6.91004873452765e+16,8536226.523467872,5.504261935129762e-09,1,37,1,5.173476897976725e+16,2.8842332024370532e+16,2
517,270100912.00266904,1,0.0,6522790.164071532,234198094,11.14448159474296,120.0,2,5.4848747256536904e+16,38957373.33867908,355698047636214.94,14415738.222459655,6.2994178391889944e+16,8536735.83099476,6.057234713807702e-09,1,37,1,4.861616710910315e+16,2.7283533622184084e+16,2
518,270100912.00266904,1,0.0,6520843.521322154,209097182,15.832025604553856,120.0,2,4.3721631540031336e+16,38937594.92270003,356143380532944.0,14415738.222459655,5.747515382331006e+16,8534713.013609452,6.51925802230835e-09,1,37,1,4.5493281509946264e+16,2.5731421126416076e+16,2
519,270100912.00266904,1,0.0,6496031.451775184,183996270,11.145765696656902,120.0,2,3.3854627390257244e+16,39300357.08561092,356943690282529.44,14415738.222459655,5.262168272338157e+16,8534713.013609452,6.446498446166515e-09,1,37,1,4.2315230310957896e+16,2.4128531960184412e+16,2
520,270100912.00266904,1,0.0,6499741.136323875,158895358,16.58284010989911,120.0,3,2.5247734807214604e+16,39280578.66963186,357462364579272.4,14415738.222459655,4.8370103861534536e+16,8534713.013609452,6.51925802230835e-09,1,37,1,3.918693658736134e+16,2.2576306062986916e+16,2
521,270100912.00266904,1,0.0,6476053.394179425,133794446,11.146995756249686,120.0,2,1.7900953790903438e+16,39643340.83254274,358248916953329.1,14415738.222459655,4.477536859078463e+16,8534713.013609452,6.446498446166515e-09,1,37,1,3.601785149821266e+16,2.0977088298781916e+16,2
522,270100912.00266904,1,0.0,6500218.720885999,108693534,41.44231408771547,300.89281925568616,3,1.181428434132374e+16,38941804.94679039,357715218447725.9,14415738.222459655,4.1678664015434456e+16,8534713.013609452,6.461050361394882e-09,1,37,1,3.289007458896653e+16,1.9421154529134884e+16,2
523,270100912.00266904,1,0.0,6519302.437506112,83592622,52.79131077061253,300.4965685841892,2,6987726458475510.0,38570202.57388801,357020742124714.8,14415738.222459655,3.919593744170923e+16,8534713.013609452,5.296897143125534e-09,1,37,1,2.97352729633322e+16,1.7840444930690422e+16,2
524,270100912.00266904,1,0.0,6516624.119503505,58491710,20.898405457823237,120.0,3,3421280142358746.5,38637832.76004231,357559734253324.56,14415738.222459655,3.746661349651183e+16,8534713.013609452,5.311449058353901e-09,1,37,1,2.662595308881576e+16,1.629311472345491e+16,2
525,270100912.00266904,1,0.0,6497641.104371458,33390798,11.147908466867664,120.0,2,1114945392973450.4,39279399.039575055,358456151758814.75,14415738.222459655,3.64030878723682e+16,8534713.013609452,5.296897143125534e-09,1,37,1,2.347590772652211e+16,1.4711742457125262e+16,2
526,270100912.00266904,1,0.0,6480709.370311481,8289886,17.244819167901408,120.0,4,68722210319621.93,39319842.519497454,359564760151302.25,14415738.222459655,3.5990837120290036e+16,8414269.22180655,6.069967639632523e-09,1,37,1,2.035033167211543e+16,1.316013463708115e+16,3
527,253289886.0257317,0,0.0,6468413.654613442,0,7.05891251022605,120.0,1,0.0,39480154.29742014,357893569699636.1,14350070.152237244,3.5789356969963612e+16,8414269.22180655,6.055415724404156e-09,1,37,1,1.565924529278796e+16,1.1553489008026148e+16,1
528,245000000.0,0,0.0,6498856.814048607,0,33.682863480132625,300.8719126434927,2,0.0,38627295.37967543,353819136077987.9,14252019.714726819,3.5381913607798788e+16,8414269.22180655,6.1281753005459905e-09,1,37,1,1.4109416059582884e+16,1.2023772868316464e+16,1
529,245000000.0,0,0.0,6501796.8714021295,0,7.481293656420571,120.0,1,0.0,38601928.386591196,350619406651792.8,14153969.277216394,3.506194066517928e+16,8414269.22180655,6.069967639632523e-09,1,37,1,1.4097852145306882e+16,1.3712552932962988e+16,1
530,245000000.0,0,0.0,6520777.6757945195,0,31.396004094178807,300.9093382363341,1,0.0,38039649.11226217,346847699596769.2,14055918.839705968,3.468476995967692e+16,8414269.22180655,6.069967639632523e-09,1,37,1,1.4116649928058502e+16,1.3726809906302934e+16,1
531,245000000.0,0,0.0,6515906.536690414,0,5.891614523553562,120.0,1,0.0,38398928.300263375,343609841905535.9,13957868.402195543,3.4360984190553588e+16,8414269.22180655,6.075424607843161e-09,1,37,1,1.4147078990718398e+16,1.3771859060617676e+16,1
532,245000000.0,0,0.0,6528388.72515919,0,8.969217717311794,120.0,1,0.0,37949119.59263364,340429922802879.7,13859817.964685118,3.404299228028797e+16,8414269.22180655,6.186382961459458e-09,1,37,1,1.4135027982011344e+16,1.375202385794848e+16,1
533,245000000.0,0,0.0,6513289.52202584,0,5.832258860823405,120.0,1,0.0,38143368.221222736,337209741487597.4,13761767.527174693,3.3720974148759736e+16,8355171.4075508695,4.896719474345446e-09,1,37,1,1.416029308778995e+16,1.3794909408630998e+16,1
534,245000000.0,0,0.0,6537771.640422599,0,30.11793672649483,300.8867277929169,1,0.0,37357937.10506422,333536448153362.3,13663717.089664267,3.335364481533623e+16,8403780.543294638,4.905814421363175e-09,1,37,1,1.413908801470359e+16,1.3766107746213442e+16,1
535,245000000.0,0,0.0,6527501.576995296,0,5.800146151564537,120.0,1,0.0,37722460.63232138,330374072577089.44,13565666.652153842,3.3037407257708944e+16,8403780.246002542,3.115928848274052e-09,1,37,1,1.4173955900426892e+16,1.381830899573903e+16,1
536,245000000.0,0,0.0,6539837.585866552,0,8.345440434725997,120.0,1,0.0,37277644.41274067,327295194436725.06,13467616.214643417,3.2729519443672508e+16,8404283.948416416,4.51291271019727e-09,1,37,1,1.415898296150873e+16,1.3795464626624072e+16,1
537,245000000.0,0,0.0,6524279.680490147,0,5.780113066058167,120.0,1,0.0,37447336.62225094,324102362701223.3,13369565.777132992,3.2410236270122332e+16,8404283.948416416,4.396497388370335e-09,1,37,1,1.418596055503013e+16,1.3839999984985214e+16,1
538,245000000.0,0,0.0,6538057.742688381,0,8.032810196847613,120.0,1,0.0,36954228.21737506,320923776158481.44,13271515.339622566,3.2092377615848144e+16,8404283.948416416,4.396497388370335e-09,1,37,1,1.4163566418237118e+16,1.3810988156556626e+16,1
539,245000000.0,0,0.0,6524472.899027872,0,5.767053699469212,120.0,1,0.0,37318499.893425286,317971827546453.3,13173464.902112141,3.1797182754645332e+16,8404283.948416416,4.483808879740536e-09,1,37,1,1.4170285353223348e+16,1.383398167039969e+16,1
540,245000000.0,0,0.0,6538482.14015213,0,8.040540331657882,120.0,1,0.0,36859627.81932001,314830422848587.75,13075414.464601716,3.1483042284858776e+16,8460507.366514664,4.600224201567471e-09,1,37,1,1.4182773744174674e+16,1.3838573314882008e+16,1
541,245000000.0,0,0.0,6530362.71355425,0,5.756687564875496,120.0,1,0.0,36976983.795526676,311772069890876.4,12977364.02709129,3.1177206989087636e+16,8537068.124072745,3.0340743251144886e-09,1,37,1,1.418284025808083e+16,1.3856174429334202e+16,1
542,245000000.0,0,0.0,6548369.460857109,0,7.991240237856362,120.0,1,0.0,36518462.452034034,308856038540119.4,12879313.589580866,3.0885603854011936e+16,8516029.323387662,2.863089321181178e-09,1,37,1,1.4186546717923466e+16,1.3851978601031042e+16,1
543,245000000.0,0,0.0,6540777.294499084,0,5.7485361142178215,120.0,1,0.0,36646337.82858324,305903588400365.9,12781263.15207044,3.0590358840036588e+16,8516029.323387662,2.863089321181178e-09,1,37,1,1.4204959052405174e+16,1.3887918686641758e+16,1
544,245000000.0,0,0.0,6563591.46633268,0,7.9684510365796495,120.0,1,0.0,36187816.48509059,303131310584245.75,12683212.714560015,3.0313131058424576e+16,8516029.323387662,2.863089321181178e-09,1,37,1,1.4189472802796764e+16,1.3864526777584628e+16,1
545,245000000.0,0,0.0,6555894.563549265,0,5.741956210828085,120.0,1,0.0,36315691.8616398,300134827146656.75,12585162.27704959,3.0013482714665676e+16,8516029.323387662,2.863089321181178e-09,1,37,1,1.4226661945681756e+16,1.3919238506968236e+16,1
546,245000000.0,0,0.0,6578719.723354477,0,7.755241694908743,120.0,1,0.0,35822934.187376544,297261445617460.4,12487111.839539165,2.9726144561746036e+16,8516029.323387662,2.863089321181178e-09,1,37,1,1.4197043441533762e+16,1.3889490902655288e+16,1
547,245000000.0,0,0.0,6570924.950200226,0,5.737372523236116,120.0,1,0.0,36131333.17594115,294456932751643.25,12389061.40202874,2.9445693275164324e+16,8516029.323387662,3.0959199648350477e-09,1,37,1,1.4217964480866776e+16,1.3920151756349834e+16,1
548,245000000.0,0,0.0,6588204.822098918,0,7.841020860872173,120.0,1,0.0,35672811.8324485,291707043250986.56,12291010.964518314,2.9170704325098656e+16,8516029.323387662,3.0340743251144886e-09,1,37,1,1.4211471238095436e+16,1.3905750194409702e+16,1
549,245000000.0,0,0.0,6580094.147932053,0,5.732883283622197,120.0,1,0.0,35808767.28617684,288839030563316.1,12192960.527007889,2.8883903056331612e+16,8499869.169029398,5.045876605436206e-09,1,37,1,1.4238052749459548e+16,1.3949846079027912e+16,1
550,245000000.0,0,0.0,6598750.140176971,0,7.659338065762217,120.0,1,0.0,35307929.53473446,286014321471619.56,12094910.089497464,2.8601432147161956e+16,8499869.169029398,5.042238626629114e-09,1,37,1,1.4216215730478964e+16,1.392317170582061e+16,1
551,245000000.0,0,0.0,6594112.497995816,0,5.729616261632218,120.0,1,0.0,35624408.60047819,283338279355721.0,11996859.651987039,2.83338279355721e+16,8499869.169029398,5.045876605436206e-09,1,37,1,1.4229350934751298e+16,1.3950746735218286e+16,1
552,245000000.0,0,0.0,6613565.251986221,0,7.7411105604342385,120.0,1,0.0,35170082.40600724,280610288250537.25,11898809.214476613,2.8061028825053724e+16,8466928.418584354,4.8094079829752445e-09,1,37,1,1.4233438853898716e+16,1.3946925458876902e+16,1
553,245000000.0,0,0.0,6605523.122686658,0,5.725871419084237,120.0,1,0.0,35310233.00875727,277871501796083.62,11800758.776966188,2.7787150179608364e+16,8467606.23515455,4.6966306399554014e-09,1,37,1,1.4248957350489182e+16,1.3979952808817e+16,1
554,245000000.0,0,0.0,6623635.520542192,0,7.739986624555257,120.0,1,0.0,34839436.439063795,275283696746598.06,11702708.339455763,2.752836967465981e+16,8467606.23515455,6.555637810379267e-09,1,37,1,1.4236339594296548e+16,1.3959425465476808e+16,1
555,245000000.0,0,0.0,6615514.062476139,0,5.722848480552248,120.0,1,0.0,34979587.04181383,272500876994308.8,11604657.901945338,2.725008769943088e+16,8467606.23515455,4.6966306399554014e-09,1,37,1,1.4270648121949686e+16,1.401124099026408e+16,1
556,245000000.0,0,0.0,6637522.965870942,0,7.575238603112151,120.0,1,0.0,34468401.11544445,269901166714330.88,11506607.464434912,2.699011667143309e+16,8455361.834563494,4.803041520062834e-09,1,37,1,1.424329373258786e+16,1.3982762597288792e+16,1
557,245000000.0,0,0.0,6633412.847821267,0,5.7207114063798725,120.0,1,0.0,34807472.75670624,267395921987271.8,11408557.026924487,2.673959219872718e+16,8455361.834563494,6.665686669293791e-09,1,37,1,1.4262182615325678e+16,1.4012371069737982e+16,1
558,245000000.0,0,0.0,6649606.112097885,0,7.667235452867028,120.0,1,0.0,34342798.38730829,264914670357775.56,11310506.589414062,2.6491467035777556e+16,8455361.834563494,4.919456841889769e-09,1,37,1,1.4257793393233868e+16,1.4000072115832918e+16,1
559,245000000.0,0,0.0,6641094.673852182,0,5.718138903170502,120.0,1,0.0,34489071.190353855,262342557191007.56,11212456.151903637,2.6234255719100756e+16,8455361.834563494,5.7343640946783125e-09,1,37,1,1.4281306286565028e+16,1.4041088827382466e+16,1
560,245000000.0,0,0.0,6659171.1308236495,0,7.5229123323785485,120.0,1,0.0,33977885.26398448,259792057061914.38,11114405.714393212,2.5979205706191436e+16,8443681.83523798,5.210495146457106e-09,1,37,1,1.4261452955911704e+16,1.4015417581357448e+16,1
561,245000000.0,0,0.0,6654174.919023573,0,5.716353804123458,120.0,1,0.0,34300006.305238895,257374272120643.8,11016355.276882786,2.573742721206438e+16,8489263.034578223,5.923538992647082e-09,1,37,1,1.4272600399784342e+16,1.4041975779368372e+16,1
562,245000000.0,0,0.0,6671151.569861364,0,7.607969810519854,120.0,1,0.0,33809621.33633945,254902057670605.12,10918304.839372361,2.549020576706051e+16,8489263.034578223,5.908987077418715e-09,1,37,1,1.4278749023928766e+16,1.4040214686530336e+16,1
563,245000000.0,0,0.0,6663471.957128287,0,5.714117368376886,120.0,1,0.0,33936023.539546266,252398999065383.25,10820254.401861936,2.5239899906538324e+16,8489263.034578223,5.923538992647082e-09,1,37,1,1.4296594301850156e+16,1.407556147142357e+16,1
564,245000000.0,0,0.0,6681800.278857032,0,7.477909439190096,120.0,1,0.0,33396207.013844013,249890248609226.25,10722203.96435151,2.4989024860922624e+16,8489263.034578223,5.923538992647082e-09,1,37,1,1.428160107446862e+16,1.4053400704703364e+16,1
565,245000000.0,0,0.0,6676988.164492561,0,5.712668647197504,120.0,1,0.0,33717921.497267134,247554205741974.7,10624153.526841085,2.4755420574197468e+16,8490889.265903395,6.061782187316567e-09,1,37,1,1.4292986699049248e+16,1.4081544768785472e+16,1
566,245000000.0,0,0.0,6694043.441371196,0,7.556454292483257,120.0,1,0.0,33226723.41270511,245158417189980.38,10526103.08933066,2.4515841718998036e+16,8490889.265903395,6.1272658058442175e-09,1,37,1,1.4299738751521546e+16,1.4080387337205284e+16,1
567,245000000.0,0,0.0,6686294.862109873,0,5.710747160317436,120.0,1,0.0,33353125.615911923,242737587005125.12,10428052.651820235,2.427375870051251e+16,8490889.265903395,6.061782187316567e-09,1,37,1,1.4316979396263898e+16,1.411512760487406e+16,1
568,245000000.0,0,0.0,6704386.1878302805,0,7.438403741092433,120.0,1,0.0,32812902.532378376,240306598522964.94,10330002.21430981,2.4030659852296492e+16,8490889.265903395,6.061782187316567e-09,1,37,1,1.4302505099483894e+16,1.4093191829949476e+16,1
569,245000000.0,0,0.0,6699620.980022879,0,5.709589513544151,120.0,1,0.0,33134981.226716153,238053613059430.7,10231889.167547686,2.3805361305943068e+16,8490286.06257748,2.8458089218474925e-09,1,37,1,1.4313395623715838e+16,1.4121108357965598e+16,1
570,245000000.0,0,0.0,6716725.0929427855,0,7.511217151837343,120.0,1,0.0,32643990.829939537,235733911566985.12,10133776.120785562,2.357339115669851e+16,8490286.06257748,2.9112925403751433e-09,1,37,1,1.4320880929382972e+16,1.4120686586451022e+16,1
571,245000000.0,0,0.0,6708878.374833171,0,5.7079069467595955,120.0,1,0.0,32770788.548686855,233396464110205.5,10035663.074023439,2.333964641102055e+16,8490286.06257748,2.9622242436744273e-09,1,37,1,1.433731137575432e+16,1.4154620374614662e+16,1
572,245000000.0,0,0.0,6726782.3842385225,0,7.403774862325921,120.0,1,0.0,32230773.152938716,231043282464124.25,9937550.027261315,2.3104328246412424e+16,8490286.06257748,2.9112925403751433e-09,1,37,1,1.4323431598486146e+16,1.413291593715576e+16,1
573,245000000.0,0,0.0,6721185.707926123,0,5.707018166362849,120.0,1,0.0,32574128.937881716,228908308504312.12,9839436.980499191,2.2890830850431212e+16,8447731.881367039,2.9185684979893267e-09,1,37,1,1.4333629933794434e+16,1.4160534699139308e+16,1
574,245000000.0,0,0.0,6737454.667748685,0,7.471414372171608,120.0,1,0.0,32104415.631710313,226672143925485.44,9741323.933737068,2.2667214392548544e+16,8447731.881367039,2.8676367946900427e-09,1,37,1,1.4341988537483674e+16,1.4160986652677112e+16,1
575,245000000.0,0,0.0,6728642.562142802,0,5.705612238326463,120.0,1,0.0,32252490.441062853,224469558241855.44,9643210.886974944,2.2446955824185544e+16,8447731.881367039,2.9185684979893267e-09,1,37,1,1.4352890140596504e+16,1.4189390234881696e+16,1
576,245000000.0,0,0.0,6745505.159249093,0,7.4764174955819716,120.0,1,0.0,31782777.134891458,222377675905490.44,9545097.84021282,2.2237767590549044e+16,8447731.881367039,2.9840521165169775e-09,1,37,1,1.4344490685621626e+16,1.417308435336668e+16,1
577,245000000.0,0,0.0,6736657.465228466,0,5.7045680767475515,120.0,1,0.0,31930851.944243997,220129960887401.94,9446984.793450696,2.201299608874019e+16,8447731.881367039,2.9185684979893267e-09,1,37,1,1.4374348868451316e+16,1.4220443905303526e+16,1
578,245000000.0,0,0.0,6759413.235254381,0,7.372735763571844,120.0,1,0.0,31411883.213282935,217948191776542.12,9348871.746688573,2.1794819177654212e+16,8448192.733003328,3.0595401767641306e-09,1,37,1,1.4350021842116138e+16,1.4193272454508956e+16,1
579,245000000.0,0,0.0,6758585.928032067,0,5.703904760010068,120.0,1,0.0,31754992.726054624,215889332684870.62,9250758.699926449,2.1588933268487064e+16,8448256.118415995,3.219611244276166e-09,1,37,1,1.4366021291958026e+16,1.422171092851432e+16,1
580,245000000.0,0,0.0,6777331.233172221,0,7.4396204727311295,120.0,1,0.0,31284703.11159524,213817071535630.88,9152645.653164325,2.138170715356309e+16,8448884.49794301,3.714376362040639e-09,1,37,1,1.4365615241805064e+16,1.4213399159162808e+16,1
581,245000000.0,0,0.0,6772649.111392343,0,5.702307013975448,120.0,1,0.0,31391935.396642447,211149052715089.94,9054532.606402202,2.111490527150899e+16,8530108.694917396,3.848981577903032e-09,1,37,1,1.4385300638108988e+16,1.4250584568731248e+16,1
582,245000000.0,0,0.0,6793762.124699706,0,7.330730910877823,120.0,1,0.0,30835612.41528365,208519057877131.75,8958706.752523,2.0851905787713176e+16,8525534.309151553,6.912159733474255e-09,1,37,1,1.4369417239240018e+16,1.4227979663193002e+16,1
583,245000000.0,0,0.0,6792090.853206252,0,5.701193792189893,120.0,1,0.0,31137952.73468639,206090968070127.25,8862880.898643797,2.0609096807012724e+16,8525534.309151553,6.912159733474255e-09,1,37,1,1.4379242100842672e+16,1.4254606153425044e+16,1
584,245000000.0,0,0.0,6812366.754531693,0,7.381079375948605,120.0,1,0.0,30633039.54013653,203551095609448.3,8767233.699794099,2.035510956094483e+16,8525171.891802227,3.092281986027956e-09,1,37,1,1.4390949259278226e+16,1.4258383356690984e+16,1
585,245000000.0,0,0.0,6808035.141020389,0,5.699449472862844,120.0,1,0.0,30715560.29703269,201030709092220.56,8671586.5009444,2.0103070909222056e+16,8572193.44227872,2.648448571562767e-09,1,37,1,1.4401508300686492e+16,1.4286233241690992e+16,1
586,245000000.0,0,0.0,6829351.246325345,0,7.376709403774139,120.0,1,0.0,30187315.107244197,198636191888170.06,8575939.302094702,1.986361918881701e+16,8572193.44227872,2.648448571562767e-09,1,37,1,1.439661012785452e+16,1.4273349922453748e+16,1
587,245000000.0,0,0.0,6824986.0913991,0,5.698005844055602,120.0,1,0.0,30269865.356568515,196057037844315.06,8480292.103245003,1.9605703784431508e+16,8572193.44227872,2.764863893389702e-09,1,37,1,1.4431192835458436e+16,1.4325223059193984e+16,1
588,245000000.0,0,0.0,6850902.819029136,0,7.277448739406732,120.0,1,0.0,29692797.60147158,193588915292831.12,8384644.904395305,1.935889152928311e+16,8572193.44227872,3.4779077395796776e-09,1,37,1,1.4406895942572472e+16,1.4300565376493694e+16,1
589,245000000.0,0,0.0,6851400.300557146,0,5.697046714047556,120.0,1,0.0,29995988.472439937,191188976097464.38,8288997.705545606,1.9118897609746436e+16,8523535.130757835,1.2587406672537327e-09,1,37,1,1.4430859957212352e+16,1.4334195271629424e+16,1
590,245000000.0,0,0.0,6871661.1452417625,0,7.331859953536939,120.0,1,0.0,29455578.704771217,188878770981347.06,8193350.506695908,1.8887877098134708e+16,8523535.130757835,1.2078089639544487e-09,1,37,1,1.4424155138275014e+16,1.4319505901228548e+16,1
591,245000000.0,0,0.0,6867262.893481753,0,5.69543358852929,120.0,1,0.0,29550293.53197576,186395941364901.12,8097703.307846209,1.863959413649011e+16,8523535.130757835,1.2587406672537327e-09,1,37,1,1.4457821834729012e+16,1.43704620650126e+16,1
592,245000000.0,0,0.0,6887419.911340349,0,7.242913601565111,120.0,1,0.0,28948896.621118374,184011502251649.62,8002056.1089965105,1.8401150225164964e+16,8523535.130757835,2.5029294192790985e-09,1,37,1,1.443433205587151e+16,1.4346442294338624e+16,1
593,245000000.0,0,0.0,6887161.065246132,0,5.694509636733983,120.0,1,0.0,29252087.49208673,181703586020089.56,7906408.910146812,1.8170358602008956e+16,8523535.130757835,2.5029294192790985e-09,1,37,1,1.4457963949997074e+16,1.437990893655641e+16,1
594,245000000.0,0,0.0,6907069.977320693,0,7.29493251448001,120.0,1,0.0,28711677.724418014,179481994455507.8,7810761.711297113,1.7948199445550782e+16,8523535.130757835,2.5029294192790985e-09,1,37,1,1.4451683446118e+16,1.4365644139277072e+16,1
595,245000000.0,0,0.0,6902642.8258549,0,5.693003595811311,120.0,1,0.0,28806392.551622555,177091187802868.56,7715114.512447415,1.7709118780286856e+16,8523535.130757835,2.5029294192790985e-09,1,37,1,1.448492536517018e+16,1.4416174961912314e+16,1
596,245000000.0,0,0.0,6922420.831139783,0,7.214390687188709,120.0,1,0.0,28208563.640433937,174840533527566.8,7619467.313597716,1.7484053352756682e+16,8516399.131420305,2.026354195550084e-09,1,37,1,1.446175495227917e+16,1.4392306582516704e+16,1
597,245000000.0,0,0.0,6922116.867962885,0,5.692219265269791,120.0,1,0.0,28515323.473949872,172668473233216.03,7523820.114748018,1.7266847323321604e+16,8516397.20566268,1.0841176845133305e-09,1,37,1,1.4484927492756592e+16,1.4425481565597306e+16,1
598,245000000.0,0,0.0,6941919.235436888,0,7.264196477975641,120.0,1,0.0,27988859.889446627,170578800999327.12,7428172.915898319,1.7057880099932712e+16,8516397.20566268,1.1968950275331736e-09,1,37,1,1.4478919651012084e+16,1.4411489693773976e+16,1
599,245000000.0,0,0.0,6937042.178588889,0,5.6908495504893395,120.0,1,0.0,28090455.244543947,168335028447164.34,7332525.717048621,1.6833502844716434e+16,8503149.018524252,2.2482709027826786e-09,1,37,1,1.4510474371255434e+16,1.4460332796829522e+16,1
