t,secure_bps,violations,k_min,k_mean,q_total,aos_mean,aos_max,rekey,q_sumsq,z_l1,z_sumsq,z_max,lyapunov,key_inflow,key_overflow,cg_iters,cg_columns,cg_converged,obj_lp,obj_greedy,key_blocked_edges
0,245000000.0,0,2109375.0,2425672.7430555555,0,0.8678816811621574,0.9476988686844755,0,0.0,571875.0,109013671875.0,190625.0,10901367187500.0,7200000.0,0.0,1,5,1,1.5601026095561774e+16,1.5601026095561776e+16,0
1,245000000.0,0,1796875.0,2351345.486111111,0,1.9210137071769111,2.1124243899047483,0,0.0,728125.0,192998046875.0,346875.0,19299804687500.0,7200000.0,0.0,1,6,1,1.5589178731719426e+16,1.5589178731719424e+16,0
2,245000000.0,0,1718750.0,2281358.5069444445,0,2.994112692211281,3.1629597325192615,0,0.0,718750.0,130585937500.0,190625.0,13058593750000.0,7200000.0,0.0,1,7,1,1.5593434543936038e+16,1.5593434543936034e+16,0
3,245000000.0,0,1718750.0,2200520.8333333335,0,4.023049426344968,4.162959732519262,0,0.0,762500.0,145351562500.0,190625.0,14535156250000.0,7200000.0,0.0,1,8,1,1.5575474641472196e+16,1.5575474641472196e+16,0
4,245000000.0,0,1328125.0,2130942.2094475366,0,4.568784700746719,5.504749365183861,0,0.0,571875.0,109013671875.0,190625.0,10901367187500.0,7214700.790111314,4.092726157978177e-11,1,8,1,1.5588025727834328e+16,1.5588025727834326e+16,0
5,245000000.0,0,1328125.0,2089141.3633395177,0,5.450108339618078,6.504749365183861,0,0.0,571875.0,109013671875.0,190625.0,10901367187500.0,7214700.790111314,4.092726157978177e-11,1,8,1,1.557685075147666e+16,1.557685075147666e+16,0
6,245000000.0,0,1337500.0,2069562.7394537206,0,6.3347804368653255,7.494209936496078,0,0.0,571875.0,109013671875.0,190625.0,10901367187500.0,7214700.790111314,4.092726157978177e-11,1,8,1,1.5582252276071506e+16,1.5582252276071508e+16,0
7,245000000.0,0,1337500.0,2053239.3239012572,0,7.053345559825516,8.494209936496077,0,0.0,571875.0,109013671875.0,190625.0,10901367187500.0,7214700.790111314,4.092726157978177e-11,1,9,1,1.5571259877892586e+16,1.5571259877892586e+16,0
8,245000000.0,0,1346875.0,2045184.1375169621,0,7.7158822276995815,9.483817119540017,0,0.0,571875.0,109013671875.0,190625.0,10901367187500.0,7214700.790165379,2.8194335754960775e-11,1,10,1,1.5576908598091696e+16,1.5576908598091692e+16,0
9,245000000.0,0,1346875.0,2037128.9511326673,0,8.534940518165138,10.483817119540017,0,0.0,571875.0,109013671875.0,190625.0,10901367187500.0,7214700.790165379,2.8194335754960775e-11,1,10,1,1.5566075113546936e+16,1.5566075113546934e+16,0
10,245000000.0,0,1356250.0,2029156.2728184036,0,7.549527397660986,11.473567876220299,0,0.0,571132.4273697186,108731117473.81644,190625.0,10873111747381.645,7217671.080686505,2.8194335754960775e-11,1,10,1,1.5578049142450598e+16,1.55780491424506e+16,0
11,245000000.0,0,1356250.0,2021183.5945041394,0,8.190642965114458,12.473567876220299,0,0.0,571132.4273697186,108731117473.81644,190625.0,10873111747381.645,7217671.080686505,4.229150363244116e-11,1,10,1,1.5567835303658808e+16,1.5567835303658806e+16,0
12,245000000.0,0,1322139.277818037,2002360.2217454314,0,7.190532528139392,13.463459251806457,0,0.0,754407.0322870292,142293684127.47693,190625.0,14229368412747.693,7217671.080686505,4.229150363244116e-11,1,11,1,1.5574669408330316e+16,1.5574669408330318e+16,0
13,245000000.0,0,1365625.0,1999948.6937399432,0,7.128554299913251,14.463459251806457,0,0.0,571132.4273697186,108731117473.81644,190625.0,10873111747381.645,7217872.491802422,4.229150363244116e-11,1,11,1,1.556850754845565e+16,1.556850754845565e+16,0
14,245000000.0,0,1338864.6729007263,1986686.4712900105,0,5.905158643229797,15.453488372093023,0,0.0,754407.0322870292,142293684127.47693,190625.0,14229368412747.693,7217872.491802422,4.229150363244116e-11,1,11,1,1.5576616239110574e+16,1.5576616239110578e+16,0
15,245000000.0,0,1375000.0,1990701.8358562076,0,8.061255348936752,16.453488372093023,0,0.0,571132.4273697186,108731117473.81644,190625.0,10873111747381.645,7217872.491802422,5.638867150992155e-11,1,11,1,1.5565338428720328e+16,1.5565338428720328e+16,0
16,245000000.0,0,1355590.0679834157,1988550.7245173855,0,6.596746558462974,17.443652440674907,0,0.0,754407.0322870292,142293684127.47693,190625.0,14229368412747.693,7217872.491802422,5.638867150992155e-11,1,11,1,1.5574384498288658e+16,1.5574384498288656e+16,0
17,245000000.0,0,1384375.0,2002805.8631785645,0,8.962560567401756,18.443652440674907,0,0.0,571132.4273697186,108731117473.81644,190625.0,10873111747381.645,7217872.491802422,5.638867150992155e-11,1,11,1,1.556221569830852e+16,1.556221569830852e+16,0
18,245000000.0,0,1372315.463066105,2016494.763074151,0,7.232871312782012,19.433948736332677,0,0.0,754407.0322870292,142293684127.47693,190625.0,14229368412747.693,7217872.491802422,5.638867150992155e-11,1,11,1,1.5572297529552634e+16,1.5572297529552634e+16,0
19,245000000.0,0,1393750.0,2039278.1739228675,0,9.815187810886561,20.433948736332677,0,0.0,571132.4273697186,108731117473.81644,190625.0,10873111747381.645,7217872.491802422,5.638867150992155e-11,1,11,1,1.5559151542135114e+16,1.5559151542135116e+16,0
20,245000000.0,0,1389040.8581487944,2048238.1736951566,0,7.848303848430536,21.424374610522566,0,0.0,754407.0322870292,142293684127.47693,190625.0,14229368412747.693,7217872.491802422,5.638867150992155e-11,1,11,1,1.5570237361128228e+16,1.5570237361128228e+16,0
21,245000000.0,0,1403125.0,2068048.8679118906,0,10.675217049831332,22.424374610522566,0,0.0,571132.4273697186,108731117473.81644,190625.0,10873111747381.645,7217872.491802422,5.638867150992155e-11,1,11,1,1.5556077818096902e+16,1.5556077818096904e+16,0
22,245000000.0,0,1405766.2532314837,2077008.8676841801,0,8.471456225168106,23.414927484966395,0,0.0,754407.0322870292,142293684127.47693,190625.0,14229368412747.693,7217872.491802422,4.229150363244116e-11,1,11,1,1.556816623982192e+16,1.556816623982192e+16,0
23,245000000.0,0,1412500.0,2096819.5619009142,0,11.542479675862449,24.414927484966395,0,0.0,571132.4273697186,108731117473.81644,190625.0,10873111747381.645,7217872.491802422,4.229150363244116e-11,1,11,1,1.5552994645909916e+16,1.5552994645909916e+16,0
24,245000000.0,0,1421875.0,2105779.5616732035,0,9.100449479861508,25.40560484933673,0,0.0,754407.0322870292,142293684127.47693,190625.0,14229368412747.693,7217872.491802422,4.229150363244116e-11,1,11,1,1.5566086620461796e+16,1.5566086620461796e+16,0
25,245000000.0,0,1421875.0,2125628.534322112,0,12.41524485651147,26.40560484933673,0,0.0,570788.3764016384,108600577378.96915,190625.0,10860057737896.914,7219250.515360693,5.798028723802418e-10,1,11,1,1.5549904190129826e+16,1.5549904190129828e+16,0
26,245000000.0,0,1431250.0,2134626.8125265753,0,9.733917225681592,27.39640425903299,0,0.0,754062.981318949,142163144032.62964,190625.0,14216314403262.965,7219250.515360693,5.798028723802418e-10,1,11,1,1.5564000464260362e+16,1.5564000464260364e+16,0
27,245000000.0,0,1328126.026171152,2143625.204750056,0,5.53107424690137,28.39640425903299,0,0.0,917661.3240593344,228921739872.0868,346873.973828848,22892173987208.68,7219254.6200453015,5.798028723802418e-10,1,12,1,1.5561942073088848e+16,1.5561942073088848e+16,0
28,245000000.0,0,1440625.0,2153255.774734347,0,7.512234901296288,29.387323333044307,0,0.0,900935.928976641,163734806786.28848,190625.0,16373480678628.848,7219254.620045309,7.735252438578755e-10,1,12,1,1.5566107230365604e+16,1.5566107230365606e+16,0
29,245000000.0,0,1440625.0,2173104.8614022722,0,8.891587584677266,30.387323333044307,0,0.0,673910.2978881823,119234708070.04608,190625.0,11923470807004.607,7219254.620045309,7.735252438578755e-10,1,12,1,1.5548584905194244e+16,1.5548584905194246e+16,0
30,245000000.0,0,1450000.0,2182103.253625753,0,6.017586290575333,31.378359751895246,0,0.0,813433.876634337,145688047243.17938,190625.0,14568804724317.938,7219254.620045309,7.735252438578755e-10,1,12,1,1.5566326175330352e+16,1.5566326175330348e+16,0
31,245000000.0,0,1116513.5302449227,2191101.6458492335,0,6.1819552427947855,32.378359751895246,0,0.0,977032.2193747263,273635079858.29108,406244.8691442399,27363507985829.11,7219254.620045309,7.735252438578755e-10,1,12,1,1.5552432944204516e+16,1.5552432944204516e+16,0
32,245000000.0,0,1316514.5564160747,2201315.3158504926,0,8.389719906695344,33.36951125567063,0,0.0,960306.824292033,184699666796.9359,206243.8429730879,18469966679693.59,7219254.620045309,7.735252438578755e-10,1,12,1,1.5562407869747716e+16,1.5562407869747716e+16,0
33,245000000.0,0,1459375.0,2222379.6802962255,0,11.955020125435555,34.36951125567063,0,0.0,733281.1932033034,192623925140.48898,346875.0,19262392514048.9,7219254.620046392,1.012040229397826e-09,1,12,1,1.5542399271486828e+16,1.5542399271486826e+16,0
34,245000000.0,0,1468750.0,2236933.628075292,0,6.639266342744186,35.360775642116,0,0.0,900937.9813186742,163735409657.5255,190625.0,16373540965752.55,7219254.620046392,1.012040229397826e-09,1,12,1,1.556644732172411e+16,1.556644732172411e+16,0
35,245000000.0,0,1468750.0,2250874.513198599,0,6.768176194899268,36.360775642116,0,0.0,917661.3240590635,228921739871.9841,346873.973828848,22892173987198.41,7219254.620046392,1.012040229397826e-09,1,12,1,1.5556148728260194e+16,1.5556148728260196e+16,0
36,245000000.0,0,1478125.0,2261088.183199888,0,9.290590815441124,37.352150764810276,0,0.0,900935.9289763703,163734806786.18582,190625.0,16373480678618.582,7219254.620046392,1.012040229397826e-09,1,12,1,1.5558660896753328e+16,1.555866089675333e+16,0
37,245000000.0,0,1478125.0,2286493.309822583,0,10.976946794277593,38.352150764810276,0,0.0,673910.2978879114,119234708069.9434,190625.0,11923470806994.34,7219272.058417018,6.451301715060254e-10,1,12,1,1.5538786195505296e+16,1.5538786195505302e+16,0
38,245000000.0,0,1487500.0,2300238.718292303,0,7.272397678037195,39.34363453140746,0,0.0,813433.8766340662,145688047243.07672,190625.0,14568804724307.672,7219272.058417018,6.451301715060254e-10,1,12,1,1.556049296320806e+16,1.5560492963208062e+16,0
39,245000000.0,0,1487500.0,2312975.9202132276,0,7.386665566244992,40.34363453140746,0,0.0,977032.2193744554,273635079858.18842,406244.8691442399,27363507985818.84,7219272.058417018,6.451301715060254e-10,1,12,1,1.5546792110978572e+16,1.554679211097857e+16,0
40,245000000.0,0,1406264.3663961282,2321242.8861522023,0,10.189160482793634,41.33522490194442,0,0.0,960306.8242917622,184699666796.83325,206243.8429730879,18469966679683.324,7219272.058417018,6.451301715060254e-10,1,12,1,1.5554923323810402e+16,1.5554923323810404e+16,0
41,245000000.0,0,1454449.279476402,2345913.639352397,0,12.033658282869778,42.33522490194442,0,0.0,733281.1932033034,135004492891.09396,190625.0,13500449289109.396,7219272.058417018,6.451301715060254e-10,1,12,1,1.553201373919121e+16,1.5532013739191212e+16,0
42,245000000.0,0,1454450.305647554,2358273.8180832174,0,4.413017247812699,43.32691988721181,0,0.0,872804.7719494582,156262756874.7304,190625.0,15626275687473.041,7219272.058417018,6.451301720302465e-10,1,12,1,1.5566198960587494e+16,1.5566198960587492e+16,0
43,245000000.0,0,1454451.3318187061,2370516.606049536,0,4.436453073983313,44.32691988721181,0,0.0,1036403.1146898473,325398226265.4952,465615.7644596319,32539822626549.52,7219272.058417018,6.451301720302465e-10,1,12,1,1.5548147287964806e+16,1.5548147287964806e+16,0
44,245000000.0,0,1298202.3579898581,2365284.805165724,0,3.7423108895514376,45.318717547185365,0,0.0,1332177.719607154,378386084765.24146,343199.80245865334,37838608476524.15,7219272.058417018,6.451301720302465e-10,1,13,1,1.5563509549932318e+16,1.5563509549932322e+16,0
45,245000000.0,0,1498203.3841610102,2393710.6702453056,0,8.999230550194548,46.318717547185365,0,0.0,1071701.2983533088,196758314888.00806,221863.71211732784,19675831488800.805,7219272.058417018,6.451301720302465e-10,1,13,1,1.553650004545686e+16,1.553650004545686e+16,0
46,245000000.0,0,1525000.0,2417351.3514068434,0,9.175888010036843,47.31061598951507,0,0.0,748901.0623475433,140324706273.8275,190625.0,14032470627382.752,7219272.058417018,6.451301720302465e-10,1,13,1,1.5545173295669558e+16,1.5545173295669558e+16,0
47,245000000.0,0,1525000.0,2429124.767383488,0,4.741990935086163,48.31061598951507,0,0.0,1095774.0100052394,384211179093.9044,524986.6597750238,38421117909390.445,7219272.058417018,1.1107914593379862e-09,1,13,1,1.553973429985216e+16,1.553973429985216e+16,0
48,245000000.0,0,1373507.232765478,2423475.641467141,0,3.9419179394274524,49.30261336806969,0,0.0,1391548.6149225459,413450557618.0939,343199.80245865334,41345055761809.39,7219272.058417018,1.420987328329045e-09,1,13,1,1.556169231260996e+16,1.5561692312609962e+16,0
49,245000000.0,0,1417258.25893663,2447157.8145708274,0,13.06541029436481,50.30261336806969,0,0.0,1131072.1936687008,247140335228.6386,346875.0,24714033522863.86,7219272.058417018,1.420987328329045e-09,1,13,1,1.5531802609520228e+16,1.5531802609520228e+16,0
50,245000000.0,0,1543750.0,2475087.6739494344,0,9.89052432357294,51.29470788153423,0,0.0,798896.9576629353,136771737728.4462,190625.0,13677173772844.62,7219272.058417018,1.6538179719829147e-09,1,13,1,1.5544201354881064e+16,1.5544201354881066e+16,0
51,245000000.0,0,1543750.0,2494869.1919510346,0,5.043294639613264,52.29470788153423,0,0.0,998894.9053206312,291876264877.66113,428107.55509041576,29187626487766.113,7219272.058417018,1.2636447449223285e-09,1,13,1,1.5548421971203376e+16,1.5548421971203378e+16,0
52,245000000.0,0,1553125.0,2489000.872073624,0,4.145280769447435,53.28689777205823,0,0.0,1294669.5102379378,359867484104.77875,343199.80245865334,35986748410477.875,7219272.058417018,1.2636447449223285e-09,1,13,1,1.555986044531848e+16,1.5559860445318478e+16,0
53,245000000.0,0,1554620.1387534854,2505986.499239477,0,0.7949178132928113,1.285660907940286,0,0.0,1423321.9240594553,477569209237.426,574980.5027481117,47756920923742.6,7225252.613430959,1.8964967379544193e-09,1,13,1,1.5557846040468428e+16,1.5557846040468426e+16,0
54,245000000.0,0,1565490.2775069708,2527703.277100021,0,9.784937680899626,54.95584347317268,0,0.0,944272.7142248418,248642399022.92297,374979.4765769597,24864239902292.297,7225252.613430959,1.5063235108938331e-09,1,13,1,1.5561097469071564e+16,1.556109746907156e+16,0
55,245000000.0,0,1291324.6043226977,2511022.9555237656,0,0.9597565297509525,1.547598794691518,0,0.0,1966565.8196312645,601795738207.8579,378259.72249302914,60179573820785.79,7225252.613430959,1.5063235108938331e-09,1,14,1,1.5561574035711978e+16,1.556157403571198e+16,0
56,245000000.0,0,1291379.771615821,2517183.7511145547,0,0.7204702552800367,1.2354941064685319,0,0.0,2348300.2601130498,687080740648.844,521852.4242346557,68708074064884.4,7225252.613430959,1.9791044364138886e-09,1,15,1,1.55597472477801e+16,1.55597472477801e+16,0
57,245000000.0,0,1174247.4389089441,2542111.06167965,0,9.164671074390474,58.16295973251926,0,0.0,1542523.0483990666,411626002888.349,365894.4449860583,41162600288834.9,7225252.613430959,1.9719847982015724e-09,1,18,1,1.5535435132395772e+16,1.553543513239577e+16,0
58,245000000.0,0,1235012.0365652759,2526897.9356762436,0,0.9483396233530264,1.5047493651838615,0,0.0,2234695.602440985,605061924514.6392,346875.0,60506192451463.914,7225252.613430959,1.821761853007172e-09,1,19,1,1.5563243137242e+16,1.5563243137242004e+16,0
59,245000000.0,0,1235067.203858399,2560103.8041351046,0,0.7680382484124081,1.3208007695871173,0,0.0,1905584.8810817928,568329024117.7871,468724.34572119964,56832902411778.71,7225252.613430959,1.821761853007172e-09,1,19,1,1.5545930433543766e+16,1.5545930433543764e+16,0
60,245000000.0,0,1235122.3711515223,2588903.426019099,0,5.365004205996433,60.40756024249834,0,0.0,1571195.9612948638,397177035757.4208,326474.4073759601,39717703575742.08,7225252.613430959,1.821761853007172e-09,1,19,1,1.5559716339515394e+16,1.5559716339515396e+16,0
61,245000000.0,0,1235177.5384446455,2628507.673549095,0,6.38832855527071,62.50474936518386,0,0.0,1323084.8175479893,340635759283.25476,378259.72249302914,34063575928325.477,7225252.613430959,1.821761853007172e-09,1,19,1,1.553447336157811e+16,1.5534473361578112e+16,0
62,245000000.0,0,1235232.7057377687,2628709.6591977314,0,0.7015046513282586,1.2096064870061125,0,0.0,2055022.9862459758,688098150485.6504,571846.2672077436,68809815048565.04,7225252.613430959,1.7391541545477027e-09,1,19,1,1.5554352884993032e+16,1.5554352884993034e+16,0
63,245000000.0,0,1118100.3730308919,2615570.8054762846,0,0.9797621709070784,1.7871497929925109,0,0.0,2057682.8745701984,684558644932.8223,379076.752802735,68455864493282.23,7225252.613430959,1.7391541545477027e-09,1,19,1,1.555366218216417e+16,1.5553662182164172e+16,0
64,245000000.0,0,1124888.4068103305,2646354.8845008095,0,10.210944328795208,64.9138679460818,0,0.0,1479761.1234752417,293360417099.54584,306725.8764013675,29336041709954.582,7225255.509707393,1.945693384710819e-09,1,19,1,1.5543159412679964e+16,1.5543159412679962e+16,0
65,245000000.0,0,1324943.5741034537,2674468.7411756422,0,0.789208418924045,1.3896736648263848,0,0.0,1607691.3451994096,500783702302.806,367528.50560547004,50078370230280.6,7225426.051768805,2.2482993250163298e-09,1,19,1,1.5538704030214064e+16,1.5538704030214062e+16,0
66,245000000.0,0,1387213.430697209,2696430.9529229715,0,0.7328316717525856,1.3196187289047934,0,0.0,1713838.653901254,465711268353.9444,474884.9700058856,46571126835394.44,7225426.051768805,2.2354669232085023e-09,1,19,1,1.5560727218681056e+16,1.5560727218681056e+16,0
67,245000000.0,0,1387268.5979903322,2696348.399714483,0,5.889756417936886,67.37105831124455,0,0.0,1685561.5111407747,519386397529.59814,355980.25840820506,51938639752959.81,7225426.051768805,2.0026362795546335e-09,1,19,1,1.553605794572308e+16,1.5536057945723078e+16,0
68,245000000.0,0,1387323.7652834554,2710815.1429311973,0,0.7392201140477382,1.30963974337782,0,0.0,1791708.819842619,605015793334.632,621674.6989751796,60501579333463.195,7225426.051768805,2.2354669232085023e-09,1,19,1,1.5545553005175176e+16,1.5545553005175178e+16,0
69,245000000.0,0,1389954.0109591559,2710065.184068403,0,6.03648379306414,69.36807071782944,0,0.0,1762821.7268788512,582684953034.7388,421632.0634598266,58268495303473.875,7236946.265705691,1.8430341702481998e-09,1,19,1,1.5540161593774008e+16,1.5540161593774008e+16,0
70,245000000.0,0,1392707.1819666862,2730682.2030037306,0,12.310583246026093,70.39466163201534,0,0.0,1477776.7208833043,331721146545.2858,346875.0,33172114654528.582,7237437.967070833,1.329674149088885e-09,1,19,1,1.5535591255063044e+16,1.5535591255063042e+16,0
71,245000000.0,0,1395460.3529742165,2745251.1955694393,0,0.7707404388627186,1.3547541309505697,0,0.0,1595721.9923947277,420822338603.50226,332883.7640136751,42082233860350.23,7237437.967070833,1.4748877679961767e-09,1,19,1,1.5550745620825086e+16,1.5550745620825086e+16,0
72,245000000.0,0,1398213.5239817468,2758807.1089165136,0,0.7177459992607286,1.2901277944985676,0,0.0,1554384.350874372,455978468781.50665,524629.1568854009,45597846878150.664,7237437.967070833,1.4748877679961767e-09,1,19,1,1.5558039253659382e+16,1.555803925365938e+16,0
73,245000000.0,0,1400966.694989277,2750322.9163775677,0,0.8317949093220514,1.343501026286018,0,0.0,1837997.2579106046,647860747153.9084,414280.44913436146,64786074715390.84,7237437.967070833,1.698019503306921e-09,1,19,1,1.5551139971606372e+16,1.5551139971606372e+16,0
74,245000000.0,0,1403719.8659968073,2764690.52496498,0,0.7242373416523032,1.2805882351252813,0,0.0,1943534.6163902488,698320353740.7009,671418.8858357838,69832035374070.09,7237437.967070833,1.610402478560343e-09,1,19,1,1.55428648396827e+16,1.55428648396827e+16,0
75,245000000.0,0,1406473.0370043376,2774394.735752316,0,13.190185595594196,75.86889737578436,0,0.0,1324022.523426481,441966143198.6726,471376.25031097524,44196614319867.26,7237437.967070833,1.4651888596530514e-09,1,19,1,1.552918502831139e+16,1.5529185028311392e+16,0
76,245000000.0,0,1018601.208011868,2725310.163445363,0,0.9674029230550932,1.9615512263856796,0,0.0,2819623.3570461744,823035881045.9291,348535.77129975805,82303588104592.9,7240133.60381023,1.495202184811558e-09,1,20,1,1.5554458590055762e+16,1.555445859005576e+16,0
77,245000000.0,0,1221350.019426742,2767455.2082142513,0,7.758171895836503,78.04649427625539,0,0.0,1748021.5938748335,358925346744.8673,298239.02242188016,35892534674486.734,7254023.31725105,1.6022170257201651e-09,1,20,1,1.5535620953396298e+16,1.5535620953396298e+16,0
78,245000000.0,0,1424098.830841616,2801693.482448602,0,0.7028020222479893,1.2619261773892294,0,0.0,1354968.4779857928,468519956752.7583,574373.3437365496,46851995675275.83,7254023.31725105,1.7004424535116414e-09,1,20,1,1.5555350011604932e+16,1.5555350011604934e+16,0
79,245000000.0,0,1438090.3873768393,2815505.7514040023,0,0.8166854122260699,1.3108361117601026,0,0.0,1637233.5666523264,528432281907.8705,374330.70821174106,52843228190787.05,7257718.607552496,1.6061605379036337e-09,1,20,1,1.5572428686938252e+16,1.5572428686938254e+16,0
80,245000000.0,0,1439177.0109754717,2846738.430592422,0,0.7102030777069462,1.252797645147542,0,0.0,1741423.106762272,687572174036.6602,721163.0726869325,68757217403666.016,7257718.607552496,1.6061605379036337e-09,1,20,1,1.5540173647683444e+16,1.5540173647683444e+16,0
81,245000000.0,0,1440263.634574104,2851732.42596673,0,0.8010260524714301,1.300297943114886,0,0.0,2023688.1954288057,872652769634.6632,521120.43716212397,87265276963466.33,7257718.607552496,1.6061605379036337e-09,1,20,1,1.5544233365488742e+16,1.5544233365488744e+16,0
82,245000000.0,0,1441350.2581727365,2883819.346802342,0,14.26883568171103,82.37949610104212,0,0.0,1737295.37106356,460002290906.3177,346875.0,46000229090631.766,7257718.607552496,1.6061605379036337e-09,1,20,1,1.5532711918289574e+16,1.5532711918289572e+16,0
83,245000000.0,0,1442436.881771369,2923618.184807417,0,8.275653713967731,83.90794894486606,0,0.0,1263267.8242052852,272895376731.4351,277285.1661125069,27289537673143.508,7257718.607552496,1.7513741568109253e-09,1,20,1,1.5536758921206558e+16,1.5536758921206556e+16,0
84,245000000.0,0,1443523.5053700013,2947293.151204113,0,0.6899807887012844,1.234931134601269,0,0.0,1298327.3491324391,503755960802.8242,624117.5305876983,50375596080282.42,7257718.607552496,1.7513741568109253e-09,1,20,1,1.5552655591551928e+16,1.5552655591551928e+16,0
85,245000000.0,0,1444610.1289686337,2936471.749179699,0,0.7397636301022861,1.2797218774382852,0,0.0,1590435.6569688877,530437793279.7915,424074.8950628898,53043779327979.15,7257718.607552496,1.6061605379036337e-09,1,20,1,1.5578272173726666e+16,1.5578272173726666e+16,0
86,245000000.0,0,1445696.752567266,2965185.652875493,0,0.6992185614316481,1.2261876259288103,0,0.0,1694625.1970788331,743564240779.5267,770907.2595380812,74356424077952.67,7257718.607552496,1.6061605379036337e-09,1,20,1,1.5536706333293522e+16,1.5536706333293518e+16,0
87,245000000.0,0,1450584.6053191586,2953891.82241403,0,0.7417084067824598,1.2696761261937695,0,0.0,1984637.3037893716,889605266182.1323,570864.6240132727,88960526618213.23,7272923.524165535,1.678920114045468e-09,1,20,1,1.555003093610646e+16,1.555003093610646e+16,0
88,245000000.0,0,1455472.4580710512,2983786.050488088,0,15.257700992741798,88.40437791899765,0,0.0,1690642.021117606,480757281222.2451,370821.98848846415,48075728122224.516,7272923.524165535,1.678920114045468e-09,1,20,1,1.5529574346453368e+16,1.5529574346453366e+16,0
89,245000000.0,0,1460360.3108229437,3011422.8940327563,0,8.800436142026056,89.82259758854343,0,0.0,1228162.7214565962,264201644661.16888,327029.3529636556,26420164466116.887,7272923.524165535,1.678920114045468e-09,1,20,1,1.5538470260627788e+16,1.5538470260627788e+16,0
90,245000000.0,0,1465248.1635748362,3024387.003762834,0,0.6793618629809899,1.19805448154992,0,0.0,1255619.78807723,560853196701.5105,673861.7174388471,56085319670151.05,7272923.524165535,1.8241337329527596e-09,1,20,1,1.5547384053949284e+16,1.5547384053949282e+16,0
91,245000000.0,0,1470136.0163267287,3013860.8213306987,0,0.7081856018205152,1.2500504618917816,0,0.0,1549433.123941029,535257418522.1455,473819.0819140385,53525741852214.55,7272923.524165535,1.678920114045468e-09,1,20,1,1.5585179954763556e+16,1.5585179954763554e+16,0
92,245000000.0,0,1475023.8690786213,3039081.7166215414,0,0.6895009758272005,1.2409975224364551,0,0.0,1661227.4910866409,817906169140.6335,820651.44638923,81790616914063.36,7272923.524165535,1.678920114045468e-09,1,20,1,1.5531300214530768e+16,1.5531300214530766e+16,0
93,245000000.0,0,1479911.7218305138,3022679.265870532,0,0.7137693819444872,1.2404634034941182,0,0.0,1955040.8269504397,915806190302.4801,620608.8108644214,91580619030248.02,7272923.524165535,1.678920114045468e-09,1,20,1,1.555633558700148e+16,1.555633558700148e+16,0
94,245000000.0,0,1484799.5745824063,3046778.390693081,0,16.24620980862662,94.41599374213013,0,0.0,1692561.5272894294,518855936739.5912,420566.1753396129,51885593673959.12,7272923.524165535,1.678920114045468e-09,1,20,1,1.5525406691906046e+16,1.5525406691906046e+16,0
95,245000000.0,0,1492119.562627757,3064873.087743443,0,9.329109486575735,95.75737566436588,0,0.0,1227650.0923349613,279171566862.02686,376773.53981480433,27917156686202.688,7282652.065339369,1.792606951767084e-09,1,20,1,1.5537709541062982e+16,1.553770954106298e+16,0
96,245000000.0,0,1278912.308112968,3037129.8867450263,0,0.7607508400348443,1.5626070530946683,0,0.0,2093823.5865992447,701080329488.5272,412142.5359689075,70108032948852.72,7287879.956815309,1.0759251267700165e-09,1,20,1,1.5546924230706584e+16,1.5546924230706584e+16,0
97,245000000.0,0,1481661.119527842,3043898.550325634,0,0.5986503791615656,1.1690156781507848,0,0.0,2466596.0524424063,727720714150.594,523563.26876518724,72772071415059.4,7288750.467593957,1.2311431873968104e-09,1,20,1,1.5560047421148142e+16,1.5560047421148142e+16,0
98,245000000.0,0,1137500.0,3048804.8664411125,0,6.650041679359865,99.75669740887132,0,0.0,1833445.2554272823,453824381693.32733,365894.4449860583,45382438169332.734,7288750.467593957,1.3187602121433883e-09,1,20,1,1.5507317237507378e+16,1.5507317237507378e+16,0
99,245000000.0,0,1231643.796772505,3060868.8779011257,0,0.679163699373167,1.151824909480646,0,0.0,2077046.5913997346,496371517222.9426,342754.74181315454,49637151722294.266,7288750.467593957,1.2311431873968104e-09,1,20,1,1.5534936683467958e+16,1.5534936683467958e+16,0
100,245000000.0,0,1231643.796772505,3076238.9714028984,0,0.6623734506207694,1.2002428025750012,0,0.0,1792648.856479751,687226803599.4081,626560.3621907616,68722680359940.805,7288750.467593957,1.2311431873968104e-09,1,20,1,1.5527315838786866e+16,1.5527315838786866e+16,0
101,245000000.0,0,1231643.796772505,3078864.2068241877,0,0.6905264900591004,1.2035419283912296,0,0.0,1998652.9832780794,745103517300.4496,478787.87904265255,74510351730044.95,7288750.467593957,1.0859295684895187e-09,1,20,1,1.5556469601703006e+16,1.5556469601703008e+16,0
102,245000000.0,0,1231643.796772505,3103404.9166571423,0,0.6709161605458149,1.205612280767097,0,0.0,2125225.84945796,979564030984.1063,773350.0911411445,97956403098410.62,7288750.467593957,1.0859295684895187e-09,1,20,1,1.5517554567390496e+16,1.5517554567390496e+16,0
103,245000000.0,0,1231643.796772505,3119001.611946868,0,8.55581942561582,103.38203884041428,0,0.0,2067109.7305967922,847023480405.003,573307.455616336,84702348040500.31,7288750.467593957,1.0859295684895187e-09,1,20,1,1.553053778077234e+16,1.5530537780772342e+16,0
104,245000000.0,0,841018.7967725049,3149950.946534546,0,10.29954156303868,106.3752438872696,0,0.0,1823883.5886466114,634830391341.9934,529514.8200915274,63483039134199.34,7304215.369640258,6.830234156041115e-10,1,20,1,1.5507587638680176e+16,1.5507587638680176e+16,0
105,245000000.0,0,1041018.7967725049,3170008.6975334343,0,10.22442409391948,106.11242438990475,0,0.0,1323617.3832374846,373317883739.6758,485722.1845667189,37331788373967.58,7304215.369640258,9.158540592579811e-10,1,21,1,1.5523441210171052e+16,1.5523441210171052e+16,0
106,245000000.0,0,1241018.796772505,3132929.743759463,0,0.7158704814565016,1.4755420579740497,0,0.0,2147698.315797952,702624512420.2509,388940.3026446867,70262451242025.086,7304215.369640258,9.158540592579811e-10,1,21,1,1.5552509297864344e+16,1.5552509297864348e+16,0
107,245000000.0,0,1441018.796772505,3130372.060283212,0,0.5862061605996006,1.1112677406862348,0,0.0,2497686.744952743,825120027418.7242,632511.9135171018,82512002741872.42,7304215.369640258,8.282370345114032e-10,1,21,1,1.5548186332591614e+16,1.5548186332591614e+16,0
108,245000000.0,0,1362777.9234217738,3125989.86481412,0,0.7984511462858577,1.466514427057097,0,0.0,2520357.0123312976,1022592281484.2588,524811.4935597108,102259228148425.88,7304215.369640258,6.830234156041115e-10,1,21,1,1.5514354386881424e+16,1.5514354386881426e+16,0
109,245000000.0,0,1253669.9127136213,3149528.3398069236,0,0.803055524442622,1.5940447600870307,0,0.0,2474793.4170568585,1022121292873.9606,779301.6424674847,102212129287396.06,7304215.369640258,6.830234156041115e-10,1,21,1,1.5529878941934766e+16,1.5529878941934766e+16,0
110,245000000.0,0,1261749.4020054687,3170698.828815846,0,19.038521843398883,111.21830503312268,0,0.0,1743377.06363281,620498017772.0245,579259.0069426761,62049801777202.45,7304215.369640258,6.830234156041115e-10,1,21,1,1.5498949209469326e+16,1.5498949209469322e+16,0
111,245000000.0,0,1269828.8912973162,3130928.9106447985,0,0.665168008256064,1.146671862899438,0,0.0,3206937.01433749,1085271389556.4037,455180.779932247,108527138955640.38,7304215.369640258,6.830234156041115e-10,1,21,1,1.5529083864958292e+16,1.5529083864958288e+16,0
112,245000000.0,0,1277908.3805891636,3107663.063876497,0,0.6701710904892011,1.2750827940536216,0,0.0,3725338.890676562,1327849237192.0051,726048.735893059,132784923719200.52,7304215.369640258,9.158540592579811e-10,1,22,1,1.5514068123738092e+16,1.5514068123738094e+16,0
113,245000000.0,0,1168800.369881011,3122529.8722188454,0,14.912985076932527,114.34646133131365,0,0.0,2391581.9970758455,702369359879.4532,526006.1003682505,70236935987945.33,7304215.369640258,6.830234156041115e-10,1,23,1,1.5489143415885984e+16,1.5489143415885986e+16,0
114,245000000.0,0,1176879.8591728585,3136425.1053204145,0,0.723427471593072,1.396441914835033,0,0.0,2382929.5127231637,759086916648.3011,431045.5590604539,75908691664830.11,7304215.369640258,1.1486847029118508e-09,1,24,1,1.5545994932020964e+16,1.5545994932020962e+16,0
115,245000000.0,0,1184959.348464706,3163822.4981626617,0,0.6502128204056344,1.1753751742042915,0,0.0,2389649.241165124,882451068938.6313,672795.8293186334,88245106893863.14,7304215.369640258,7.300116067199269e-10,1,24,1,1.5514609852640564e+16,1.5514609852640566e+16,0
116,245000000.0,0,1193038.8377565534,3168630.8625976145,0,0.6742088138334003,1.3772708813186703,0,0.0,2627212.560752583,1069523134994.4662,521421.25721980724,106952313499446.62,7304215.369640258,5.847979878126353e-10,1,24,1,1.5517014808569332e+16,1.5517014808569334e+16,0
117,245000000.0,0,1201118.3270484009,3192068.9025140833,0,0.6602631092693316,1.2401772911790592,0,0.0,2699065.609290425,1188073487365.075,819585.5582690163,118807348736507.5,7304215.369640258,5.847979878126353e-10,1,24,1,1.5503182086295302e+16,1.55031820862953e+16,0
118,245000000.0,0,1209197.8163402483,3200101.854154155,0,9.720138675739367,118.42660343281794,0,0.0,2624128.928877884,1142397779908.4854,619542.9227442078,114239777990848.53,7304215.369640258,5.847979878126353e-10,1,24,1,1.549496770054979e+16,1.5494967700549788e+16,0
119,245000000.0,0,1217277.3056320958,3214615.9558540573,0,0.6731491136114958,1.3643654413183703,0,0.0,2695981.977415726,1381951740102.86,966375.2872193992,138195174010286.02,7304215.369640258,5.847979878126353e-10,1,24,1,1.5491355117754096e+16,1.5491355117754098e+16,0
120,245000000.0,0,1257674.752091333,3225897.1537414165,0,9.864068293084596,120.44131164069796,0,0.0,2452378.033253787,1183068934877.1187,766162.1095953564,118306893487711.86,7721076.84820129,1.6082708498288412e-09,1,24,1,1.5502054356877772e+16,1.5502054356877776e+16,0
121,245000000.0,0,1298072.1985505703,3249871.7432959997,0,20.7176636954125,121.50187326570477,0,0.0,2025809.7072795304,674119245594.5239,565948.9319713135,67411924559452.39,7721076.84820129,1.3754402061749715e-09,1,24,1,1.549164444895033e+16,1.549164444895033e+16,0
122,245000000.0,0,1338469.6450098075,3270994.5058695693,0,0.682433344052234,1.2695553983064576,0,0.0,1970283.9509650727,713230751891.8108,521985.7543472707,71323075189181.08,7721218.644632777,1.4773036127735395e-09,1,24,1,1.5526785121699666e+16,1.5526785121699668e+16,0
123,245000000.0,0,1378867.0914690448,3284420.6401385576,0,0.6397206967037762,1.279090815988849,0,0.0,1816523.1883570128,911596587899.125,868647.5767232279,91159658789912.5,7721218.644632777,1.4773036127735395e-09,1,24,1,1.5522024663376004e+16,1.5522024663376004e+16,0
124,245000000.0,0,1419264.537928282,3278476.9036796084,0,0.6327242634597825,1.2212961370482949,0,0.0,2016550.2912023645,992913188589.6697,668434.399099185,99291318858966.97,7721218.644632777,1.9065851120103616e-09,1,24,1,1.5544805260227096e+16,1.5544805260227096e+16,0
125,245000000.0,0,1416161.987894076,3287546.080226173,0,0.6484655141025387,1.4112712710930315,0,0.0,2037140.0073802816,1249959501935.0903,1015096.2214751422,124995950193509.03,7721218.644632777,2.092122031172039e-09,1,24,1,1.5510170412658598e+16,1.5510170412658596e+16,0
126,245000000.0,0,1484375.0,3274707.3313592495,0,0.6347026082262242,1.176571449154118,0,0.0,2285013.394989924,1381288906372.0176,814650.4768856216,138128890637201.75,7722148.912494688,2.067508830805309e-09,1,24,1,1.5530132067330374e+16,1.5530132067330372e+16,0
127,245000000.0,0,1484375.0,3290945.1455871593,0,21.691448172405885,127.51339293377973,0,0.0,1968669.4014398716,790476478643.2977,614204.7322961009,79047647864329.77,7753165.726637298,2.0747847884194925e-09,1,24,1,1.550248132509271e+16,1.5502481325092712e+16,0
128,245000000.0,0,1484375.0,3307245.966272628,0,0.6600093538537541,1.1350067372537365,0,0.0,2050704.6114254715,921267236045.8641,570008.9877065803,92126723604586.4,7753165.726637298,2.0747847884194925e-09,1,24,1,1.5519083076914368e+16,1.5519083076914368e+16,0
129,245000000.0,0,1484375.0,3314117.738612983,0,0.6192697436652018,1.3194179022096992,0,0.0,1985419.0768215507,1086955876493.591,916438.2431170597,108695587649359.1,7753165.726637298,2.0747847884194925e-09,1,24,1,1.5521034598932236e+16,1.5521034598932234e+16,0
130,245000000.0,0,1484375.0,3313077.2244912833,0,0.623554301052527,1.0962785313706562,0,0.0,2233525.031396671,1293006480597.9097,715992.4985275391,129300648059790.97,7753165.726637298,2.0747847884194925e-09,1,24,1,1.5524184277642636e+16,1.5524184277642634e+16,0
131,245000000.0,0,1368836.4554311996,3321521.608589472,0,0.6301628509748302,1.4600283063502177,0,0.0,2315114.49679275,1497820887047.7363,1062421.7539380183,149782088704773.62,7753165.726637298,2.0747847884194925e-09,1,24,1,1.5505046001343126e+16,1.5505046001343124e+16,0
132,245000000.0,0,1484375.0,3322409.296547346,0,10.735034584451856,132.46089304191344,0,0.0,2250720.4513678704,1375711209495.166,861976.0093484977,137571120949516.6,7753165.726637298,2.0747847884194925e-09,1,24,1,1.5508589782718696e+16,1.5508589782718694e+16,0
133,245000000.0,0,1484375.0,3347687.7412318992,0,22.667290438991625,133.50461499437608,0,0.0,1938454.5451475403,799507286872.5787,661530.2647589771,79950728687257.88,7760517.959049159,2.2930635168449953e-09,1,24,1,1.5498372695541412e+16,1.5498372695541414e+16,0
134,245000000.0,0,1484375.0,3366194.0333965244,0,0.6332885326052543,1.1019747066510783,0,0.0,2016813.63892721,897334640998.0199,617334.5201694565,89733464099801.98,7760517.959049159,2.2930635168449953e-09,1,24,1,1.5523767852079948e+16,1.5523767852079948e+16,0
135,245000000.0,0,1467494.433789282,3377156.199525405,0,0.6024346878740519,1.3619391085053203,0,0.0,1947851.9881173589,1130970298724.3955,963763.7755799359,113097029872439.55,7760517.959049159,2.2930635168449953e-09,1,24,1,1.5515927848289808e+16,1.5515927848289808e+16,0
136,245000000.0,0,1484375.0,3376320.741530152,0,0.6017470504625391,0.9944789932702288,0,0.0,2192281.826486549,1259692482078.5215,763318.0309904153,125969248207852.16,7760517.959049159,2.2930635168449953e-09,1,24,1,1.5533577400361334e+16,1.553357740036133e+16,0
137,245000000.0,0,1321510.9229683233,3391813.5708234916,0,0.6155410716483645,1.5122748442115543,0,0.0,2238157.5323542356,1514403771779.4443,1109747.2864008946,151440377177944.44,7824593.245694083,2.8969679988222197e-09,1,24,1,1.5499932903760666e+16,1.5499932903760668e+16,0
138,245000000.0,0,1484375.0,3381598.7720429264,0,0.6035498956620851,0.9646210173400881,0,0.0,2450549.7274009637,1636188342741.2031,909301.541811374,163618834274120.3,7842919.165132186,2.1275354811223224e-09,1,24,1,1.5517792922303512e+16,1.5517792922303514e+16,0
139,245000000.0,0,1484375.0,3399765.2086384795,0,23.64192520397385,139.47432224518246,0,0.0,2106246.177858171,946714739251.035,708855.7972218534,94671473925103.5,7842919.165132186,2.3312622943194583e-09,1,24,1,1.5494266623421654e+16,1.5494266623421656e+16,0
140,245000000.0,0,1484375.0,3412542.869358694,0,0.615462483554841,1.1314788898015968,0,0.0,2152567.6283153784,1045563807930.2203,664660.0526323328,104556380793022.03,7842919.165132186,2.1275354811223224e-09,1,24,1,1.5512947398894338e+16,1.551294739889434e+16,0
141,245000000.0,0,1420168.9013264058,3422031.505669867,0,0.5894316694094176,1.4072922635257212,0,0.0,2051568.3341830655,1253497546182.1953,1011089.3080428122,125349754618219.53,7842919.165132186,2.1275354811223224e-09,1,24,1,1.551080768240949e+16,1.551080768240949e+16,0
142,245000000.0,0,1484375.0,3422955.07442097,0,0.5905209270425964,0.9099790723175144,0,0.0,2263960.529229793,1361809223478.5935,810643.5634532915,136180922347859.34,7842919.165132186,2.1275354811223224e-09,1,24,1,1.5527475869225892e+16,1.5527475869225888e+16,0
143,245000000.0,0,1274185.390505447,3438592.4150332827,0,0.6046918806174567,1.568399398935442,0,0.0,2309836.2350974805,1637359511564.364,1157072.818863771,163735951156436.4,7842919.165132186,2.1275354811223224e-09,1,24,1,1.5494806863173338e+16,1.5494806863173338e+16,0
144,245000000.0,0,1474631.1350949677,3428417.1759143164,0,0.5936240306040719,0.9000090700417619,0,0.0,2522228.430144208,1754857059773.852,956627.0742742503,175485705977385.22,7842919.165132186,2.1275354811223224e-09,1,24,1,1.551519009083708e+16,1.551519009083708e+16,0
145,245000000.0,0,1484375.0,3446605.1548709166,0,24.6207326063934,145.4483315595255,0,0.0,2177924.8806014154,1034460153537.2609,756181.3296847297,103446015353726.1,7842919.165132186,2.1275354811223224e-09,1,24,1,1.5490146652656168e+16,1.5490146652656168e+16,0
146,245000000.0,0,1484375.0,3459358.079113856,0,0.5996248676619382,1.1626064216676364,0,0.0,2224246.331058623,1136201062646.2095,711985.5850952091,113620106264620.95,7842919.165132186,2.1275354811223224e-09,1,24,1,1.5509631063323148e+16,1.5509631063323148e+16,0
147,245000000.0,0,1372843.3688635295,3469717.029139895,0,0.5796390199768818,1.4557700283216708,0,0.0,2123247.0369263096,1364973799283.032,1058414.8405056885,136497379928303.2,7842919.165132186,2.1275354811223224e-09,1,24,1,1.5505676607459734e+16,1.5505676607459734e+16,0
148,245000000.0,0,1484375.0,3470675.1408502767,0,0.5824840214063646,0.8825480996128426,0,0.0,2335639.2319730376,1468998453827.1597,857969.0959161678,146899845382715.97,7842919.165132186,2.1275354811223224e-09,1,24,1,1.55248646496184e+16,1.5524864649618402e+16,0
149,245000000.0,0,1226859.8580425708,3481371.169982509,0,0.597225918932294,1.6288503829650065,0,0.0,2381514.937840725,1765387740297.7778,1204398.3513266472,176538774029777.78,7842919.165132186,2.1275354811223224e-09,1,24,1,1.5489669756367116e+16,1.5489669756367112e+16,0
150,245000000.0,0,1427305.6026320914,3471490.0150836674,0,0.5864290161707666,0.9036832230613911,0,0.0,2587623.7950379034,1870554638793.9854,1003952.6067371266,187055463879398.53,7855485.840831285,1.283524397877045e-09,1,24,1,1.5512575459727128e+16,1.5512575459727128e+16,0
151,245000000.0,0,1484375.0,3489957.377148526,0,25.605068497148846,151.44175240169207,0,0.0,2237036.907645561,1117397163199.2498,803506.862147606,111739716319924.97,7855485.840831285,1.283524397877045e-09,1,24,1,1.5486006952580034e+16,1.5486006952580032e+16,0
152,245000000.0,0,1484375.0,3503002.2695781365,0,0.5862365263959879,1.1954950696227935,0,0.0,2277075.020253219,1211672433390.647,759311.1175580854,121167243339064.7,7855485.840831285,1.283524397877045e-09,1,24,1,1.5507288554547096e+16,1.5507288554547098e+16,0
153,245000000.0,0,1325517.8364006532,3514682.0078265187,0,0.5724940259978573,1.5077068284485038,0,0.0,2169792.388271356,1466950764804.213,1105740.3729685647,146695076480421.28,7855485.840831285,1.283524397877045e-09,1,24,1,1.550053658768579e+16,1.5500536587685788e+16,0
154,245000000.0,0,1484375.0,3515930.1104078684,0,0.5756833091246868,0.8811748117464311,0,0.0,2375901.245468535,1544199349472.53,905294.6283790441,154419934947253.0,7855485.840831285,1.7491856851847842e-09,1,24,1,1.5524996899253464e+16,1.5524996899253462e+16,0
155,245000000.0,0,1484375.0,3537401.576788502,0,14.596293468717818,155.42212942361513,0,0.0,2025314.3580761927,1047482898496.474,861098.8837895235,104748289849647.4,7855485.840831285,1.283524397877045e-09,1,24,1,1.5484965494196018e+16,1.5484965494196018e+16,0
156,245000000.0,0,1484375.0,3544907.8704363327,0,0.5765380791621725,1.238117883141625,0,0.0,2074727.4706838506,1166942854317.3818,816903.1392000029,116694285431738.19,7855485.840831285,1.283524397877045e-09,1,24,1,1.5514368163570308e+16,1.5514368163570308e+16,0
157,245000000.0,0,1267925.8147587357,3558051.0134704537,0,0.5728653710706827,1.5761362695424912,0,0.0,2114319.838701988,1539891490777.0232,1163332.3946104823,153989149077702.3,7858272.309851386,6.86895873514004e-10,1,24,1,1.5494247173063448e+16,1.5494247173063448e+16,0
158,245000000.0,0,1468371.5593482563,3559392.3631320763,0,0.5665162213153936,0.8597604042231691,0,0.0,2320428.6958991666,1526582466433.2246,962886.6500209616,152658246643322.47,7858272.309851386,6.86895873514004e-10,1,24,1,1.5537412181830288e+16,1.553741218183029e+16,0
159,245000000.0,0,1484375.0,3572282.4884595443,0,14.953661650690265,159.40426430713055,0,0.0,1969841.8085068243,1080970287970.4962,918690.905431441,108097028797049.62,7858272.309851386,1.1525571608217433e-09,1,24,1,1.5481197277905304e+16,1.5481197277905302e+16,0
160,245000000.0,0,1484375.0,3562519.8793380717,0,0.5721168366206402,0.8785915518164622,0,0.0,2175504.921114482,1225071149443.5776,718245.1608419204,122507114944357.77,7858272.309851386,1.1525571608217433e-09,1,24,1,1.5526491453122868e+16,1.5526491453122868e+16,0
161,245000000.0,0,1366583.7931168182,3574582.4164515063,0,0.5505899478916321,1.4624332417992916,0,0.0,2215097.2891326193,1430541138382.638,1064674.4162523998,143054113838263.78,7858272.309851386,6.86895873514004e-10,1,24,1,1.5505104514466382e+16,1.5505104514466382e+16,0
162,245000000.0,0,1484375.0,3566649.428130202,0,0.5764749379580985,0.898266080982901,0,0.0,2421206.1463297983,1575793130585.0674,864228.6716628792,157579313058506.75,7858363.289656747,1.4144916349323466e-09,1,24,1,1.5515573957601062e+16,1.5515573957601062e+16,0
163,245000000.0,0,1220600.2822958594,3587741.722307492,0,0.5711187244202326,1.6371967401982148,0,0.0,2460798.5143479356,1832847723658.5557,1210657.9270733586,183284772365855.56,7858363.289656747,1.4144916349323466e-09,1,24,1,1.5489087037875384e+16,1.5489087037875378e+16,0
164,245000000.0,0,1421046.02688538,3578004.39132634,0,0.5754667765715669,0.918841947735424,0,0.0,2666789.505689504,1979047533559.5776,1010212.1824838379,197904753355957.75,7858834.753079187,2.1275354811223224e-09,1,24,1,1.5504671738504606e+16,1.5504671738504608e+16,0
165,245000000.0,0,1465241.7714749007,3618027.5674268953,0,15.49172046763029,165.39823437285415,0,0.0,2316202.618297162,1380568239474.0745,966016.4378943173,138056823947407.45,7858834.753079187,2.1275354811223224e-09,1,24,1,1.5476754078352958e+16,1.5476754078352958e+16,0
166,245000000.0,0,1484375.0,3625753.1746380497,0,0.5693308181074234,1.324119653232116,0,0.0,2365615.73090482,1543647049038.4922,921820.6933047967,154364704903849.22,7858834.753079187,2.1275354811223224e-09,1,24,1,1.5496592476839334e+16,1.5496592476839334e+16,0
167,245000000.0,0,1173442.2850424983,3636198.407916551,0,0.5735303568155609,1.702935959877865,0,0.0,2384340.0501458445,1866582847493.2764,1257815.9243267197,186658284749327.62,7900570.850633413,2.444721758365631e-09,1,24,1,1.5482791773618714e+16,1.548279177361871e+16,0
168,245000000.0,0,1384322.0540205752,3632897.4237487353,0,0.5600068699026417,0.8955817920161185,0,0.0,2590448.907343023,1908344949043.7617,1046936.1553486426,190834494904376.2,7900570.850633413,2.444721758365631e-09,1,24,1,1.551710288189249e+16,1.5517102881892486e+16,0
169,245000000.0,0,1438951.8229986522,3652448.837991443,0,15.851090531263303,169.40538588850836,0,0.0,2229427.995562124,1341998118441.6934,992306.3863705655,134199811844169.34,7909861.601560255,2.444721758365631e-09,1,24,1,1.5473625129048666e+16,1.5473625129048668e+16,0
170,245000000.0,0,1484375.0,3644181.144185961,0,0.5664711195810077,0.9160334688346264,0,0.0,2424657.0837812256,1551216793835.0742,781426.6173924884,155121679383507.44,7909861.601560255,2.444721758365631e-09,1,24,1,1.5506178127033124e+16,1.5506178127033128e+16,0
171,245000000.0,0,1313836.3609548062,3667387.4437479917,0,0.543084301571615,1.5211018339557043,0,0.0,2443381.4030222497,1680686484794.5337,1117421.8484144113,168068648479453.38,7909861.601560255,2.9103830456733704e-09,1,24,1,1.5498234597244688e+16,1.5498234597244688e+16,0
172,245000000.0,0,1484375.0,3658734.318933905,0,0.567364411929687,0.9374410517005323,0,0.0,2649490.2602194287,1900670999616.438,906542.0794363342,190067099961643.8,7909861.601560255,2.444721758365631e-09,1,24,1,1.5495269284255552e+16,1.5495269284255552e+16,0
173,245000000.0,0,1188720.8989109602,3683055.4337901967,0,0.5621942130145424,1.6810665441203465,0,0.0,2668214.579460453,2064655773946.1738,1242537.310458257,206465577394617.38,7909861.601560255,2.444721758365631e-09,1,24,1,1.5484503476723176e+16,1.548450347672318e+16,0
174,245000000.0,0,1399600.6678890372,3687427.5919182207,0,13.865655011775935,174.38630018505157,0,0.0,2561823.4366576313,1860166330748.3071,1031657.54148018,186016633074830.72,7909861.601560255,2.444721758365631e-09,1,24,1,1.5486265857372128e+16,1.5486265857372126e+16,0
175,245000000.0,0,1454230.4368671142,3717158.4602965675,0,16.387711861955854,175.41782475120584,0,0.0,2200802.524876733,1302122437731.809,977027.7725021029,130212243773180.9,7909861.601560255,2.444721758365631e-09,1,24,1,1.547113255884263e+16,1.5471132558842628e+16,0
176,245000000.0,0,1484375.0,3714074.091594151,0,0.5525489491812825,0.9132421060843959,0,0.0,2395976.496674195,1509736041266.158,766092.8871023864,150973604126615.78,7910082.067246811,3.3378455555066466e-09,1,24,1,1.5507696941846734e+16,1.5507696941846732e+16,0
177,245000000.0,0,1329225.207666547,3727346.9501831057,0,0.532827777761857,1.5035048114208855,0,0.0,2414590.5830719406,1635393920957.7617,1102033.00170267,163539392095776.2,7910082.067246811,2.892193151637912e-09,1,24,1,1.5499949065133222e+16,1.5499949065133224e+16,0
178,245000000.0,0,1484375.0,3722824.715821409,0,0.5582844852239959,0.9345179050443706,0,0.0,2620699.440269119,1853825886781.9048,891098.1163029536,185382588678190.47,7910082.067246811,3.803506842814386e-09,1,24,1,1.5496773440060748e+16,1.5496773440060748e+16,0
179,245000000.0,0,1204644.5948582275,3748752.3343026554,0,0.5506733856705095,1.6588636556158418,0,0.0,2612649.8379712203,1989144635572.7424,1226613.6145109897,198914463557274.25,7963409.4446381,2.004526322707534e-09,1,24,1,1.5486234544861566e+16,1.5486234544861566e+16,0
180,245000000.0,0,1416004.0966501916,3742614.095645335,0,0.5570075422375464,0.9451364772229431,0,0.0,2777723.2158892127,2155998467979.8442,1015254.1127190258,215599846797984.44,8024293.538110249,1.4406396076083183e-09,1,24,1,1.5488696954688388e+16,1.5488696954688388e+16,0
181,245000000.0,0,1080488.5984421556,3774547.045658959,0,0.572757260784813,1.8493028986906808,0,0.0,2769673.613591314,2349487441316.6016,1350769.6109270619,234948744131660.16,8024294.328277907,5.420588422566652e-10,1,24,1,1.5472605346607198e+16,1.54726053466072e+16,0
182,245000000.0,0,1291848.1002341197,3781634.8604880595,0,14.46882435499386,182.3907061670672,0,0.0,2637468.014877343,2069481839749.5488,1139410.1091350978,206948183974954.88,8024294.328277907,4.5838532969355583e-10,1,24,1,1.5484021197887708e+16,1.5484021197887708e+16,0
183,245000000.0,0,1484375.0,3809189.716674885,0,30.88771400883719,183.43743944968313,0,0.0,2250152.9143714085,1258584129101.0137,928050.6073431339,125858412910101.38,8024294.328277907,5.165929906070232e-10,1,24,1,1.546381287148861e+16,1.5463812871488612e+16,0
184,245000000.0,0,1484375.0,3819609.965489399,0,0.5377667185767656,0.8991763832945913,0,0.0,2409712.813865474,1365631597846.2722,716691.10555117,136563159784627.22,8024294.328277907,5.165929906070232e-10,1,24,1,1.5512436991989552e+16,1.5512436991989554e+16,0
185,245000000.0,0,1379051.6056100118,3836281.720605692,0,0.5138125449297802,1.4492211681576632,0,0.0,2254788.211567575,1450303240582.9453,1052206.603759206,145030324058294.53,8024294.328277907,4.911271389573812e-10,1,24,1,1.5505420909022212e+16,1.5505420909022212e+16,0
186,245000000.0,0,1484375.0,3839089.8845721087,0,0.5405714402405615,0.9090027750067592,0,0.0,2435082.6128536044,1598936321759.4585,840847.101967242,159893632175945.84,8024294.328277907,4.911271389573812e-10,1,24,1,1.5507171835991154e+16,1.5507171835991154e+16,0
187,245000000.0,0,1254895.60919394,3866424.883767492,0,0.5303004517320414,1.5924890455534293,0,0.0,2427033.0105557055,1763350454667.0518,1176362.600175278,176335045466705.2,8024294.328277907,4.911271389573812e-10,1,24,1,1.5491801877972496e+16,1.5491801877972496e+16,0
188,245000000.0,0,1466255.110985904,3860516.1895905593,0,0.5396079253291074,0.9190463095198375,0,0.0,2607327.411841735,1886955267122.5947,965003.0983833141,188695526712259.47,8024294.328277907,4.911271389573812e-10,1,24,1,1.5501917467083746e+16,1.5501917467083746e+16,0
189,245000000.0,0,1130739.612777868,3893401.476213092,0,0.5509576668677206,1.767190948712113,0,0.0,2599277.8095438364,2109539624576.108,1300518.5965913502,210953962457610.78,8023287.272698317,1.0440999176353216e-09,1,24,1,1.5478174448392134e+16,1.5478174448392134e+16,0
190,245000000.0,0,1342099.114569832,3887675.940321569,0,0.536722073448031,0.9293142648541758,0,0.0,2779572.2108298657,2208116168310.681,1089159.0947993863,220811616831068.12,8023287.272698317,1.0440999176353216e-09,1,24,1,1.549666851831592e+16,1.5496668518315924e+16,0
191,245000000.0,0,1006583.6163617962,3919383.8839861965,0,0.5767468505633772,1.984946924029632,0,0.0,2771522.6085319673,2488870750310.1143,1424674.5930074225,248887075031011.44,8023287.272698317,1.0440999176353216e-09,1,24,1,1.5464537516081384e+16,1.5464537516081386e+16,0
192,245000000.0,0,1217943.1181537602,3913836.03431951,0,0.5344086950733551,0.9398142479569185,0,0.0,2951817.0098179965,2562419025323.718,1213315.0912154587,256241902532371.78,8023287.272698317,1.0495568858459592e-09,1,24,1,1.549141769953028e+16,1.549141769953028e+16,0
193,245000000.0,0,1429302.6199457243,3950551.6750220787,0,32.539339730937435,193.43241500979775,0,0.0,2564501.909312062,1594568787089.3481,1001955.5894234948,159456878708934.8,8023287.272698317,1.0440999176353216e-09,1,24,1,1.5456869795904978e+16,1.545686979590498e+16,0
194,245000000.0,0,1484375.0,3973642.085483268,0,0.5324245851207092,1.3464276820767616,0,0.0,2567811.8088061274,1660681374374.5317,946846.0876315308,166068137437453.2,8023287.272698317,1.0440999176353216e-09,1,24,1,1.549005251032637e+16,1.5490052510326368e+16,0
195,245000000.0,0,1148896.6235296524,3989147.7379575553,0,0.5405263132902578,1.7392867837640242,0,0.0,2412887.2065082286,1937467218963.8918,1282361.5858395668,193746721896389.2,8023287.272698317,1.0440999176353216e-09,1,24,1,1.5480199757184088e+16,1.5480199757184086e+16,0
196,245000000.0,0,1360256.1253216164,3988450.999102437,0,0.5172921726339411,0.8943578678800196,0,0.0,2593181.607795612,1947671254408.9873,1071002.084047603,194767125440898.72,8023287.2726929,9.276845958083868e-10,1,24,1,1.5515149323667054e+16,1.5515149323667052e+16,0
197,245000000.0,0,1024740.6271135805,4001200.372384889,0,0.5648927188504372,1.9498106510882498,0,0.0,2585132.0054977136,2304199589169.2676,1406517.5822556391,230419958916926.75,8023287.2726929,9.276845958083868e-10,1,24,1,1.546656520580996e+16,1.546656520580996e+16,0
198,245000000.0,0,1236100.1289055445,3998214.6120644533,0,0.5213264116185949,0.9040786569713718,0,0.0,2765426.406783743,2289375355893.049,1195158.0804636753,228937535589304.88,8023287.2726929,9.331415640190244e-10,1,24,1,1.5509879468438754e+16,1.5509879468438754e+16,0
199,245000000.0,0,1291209.6306975086,4031999.195900537,0,18.555329540921953,199.43545616631678,0,0.0,2378111.3062778083,1665024844264.1997,1140048.5786717115,166502484426419.97,8023287.2726929,1.204170985147357e-09,1,24,1,1.5454105772084194e+16,1.5454105772084196e+16,0
200,245000000.0,0,1484375.0,4027592.5756209767,0,0.5210696218291508,0.9087621925400737,0,0.0,2521759.634496883,1752858719656.5146,928689.0768797476,175285871965651.47,8073860.415242882,1.1750671546906233e-09,1,24,1,1.55046234998417e+16,1.55046234998417e+16,0
201,245000000.0,0,1167053.6342814367,4054178.4742394113,0,0.5303992505876137,1.7122501410051776,0,0.0,2488423.4609239935,1957450156010.4639,1264204.5750877836,195745015601046.38,8073860.415242882,1.1750671546906233e-09,1,24,1,1.5482221355532836e+16,1.5482221355532838e+16,0
202,245000000.0,0,1378413.1360734007,4049932.1477401755,0,0.5171119170002502,0.9082495596302911,0,0.0,2643431.2909350316,1995647166633.1682,1052845.0732958196,199564716663316.8,8073860.415242882,1.1496013030409813e-09,1,24,1,1.5504911111579516e+16,1.5504911111579514e+16,0
203,245000000.0,0,1042897.6378653648,4079270.9565846696,0,0.5550637191479667,1.9158966621380047,0,0.0,2610095.117362142,2284912834371.2144,1388360.5715038558,228491283437121.44,8073860.415242882,1.1750671546906233e-09,1,24,1,1.546858489370724e+16,1.5468584893707238e+16,0
204,245000000.0,0,1254257.1396573288,4075447.6121393475,0,0.5133708081425024,0.9077375047470695,0,0.0,2765102.9473731807,2269271208447.0835,1177001.069711892,226927120844708.34,8083697.851969138,2.444721758365631e-09,1,24,1,1.5505197979664158e+16,1.5505197979664158e+16,0
205,245000000.0,0,918741.6414492929,4107067.7910903674,0,0.5858410992100204,2.174523703035211,0,0.0,2722328.756461936,2640200972997.1367,1512516.567919928,264020097299713.7,8121449.921322557,3.6307028494775295e-09,1,24,1,1.5454938784068312e+16,1.5454938784068314e+16,0
206,245000000.0,0,1130101.143241257,4104433.04873541,0,0.5097767535618173,0.9072260269133167,0,0.0,2877336.586472975,2570720710526.17,1301157.0661279643,257072071052617.0,8121449.921322557,3.410605131648481e-09,1,24,1,1.5505484813781686e+16,1.5505484813781686e+16,0
207,245000000.0,0,1341460.645033221,4142215.753336341,0,34.864709432321554,207.46785997459742,0,0.0,2464734.914692049,1626482636192.1345,1089797.5643360005,162648263619213.44,8121449.921322557,3.4051481634378433e-09,1,24,1,1.5447106430668144e+16,1.5447106430668142e+16,0
208,245000000.0,0,1484375.0,4148046.0392075586,0,0.5061592011808735,0.9067151251541412,0,0.0,2599008.2429111237,1667724311107.0679,878438.0625440365,166772431110706.78,8121449.921322557,3.4051481634378433e-09,1,24,1,1.5505771589780666e+16,1.5505771589780668e+16,0
209,245000000.0,0,1217304.648617149,4180811.8262148118,0,0.5140528298708437,1.6416255181084003,0,0.0,2418797.069338234,1822470331207.3655,1213953.5607520726,182247033120736.56,8121449.921322557,3.4051481634378433e-09,1,24,1,1.5487772793193662e+16,1.548777279319366e+16,0
210,245000000.0,0,1428664.1504091132,4178868.2753501926,0,0.5024767904432874,0.9058268684557066,0,0.0,2571963.2800814463,1874114497428.1155,1002594.0589601087,187411449742811.56,8125133.15985821,3.637978807091713e-09,1,24,1,1.5506058534511038e+16,1.5506058534511038e+16,0
211,245000000.0,0,1093148.6522010772,4209403.256834026,0,0.536757861751839,1.827905190009273,0,0.0,2536785.48724073,2134756499082.0217,1338109.5571681447,213475649908202.2,8125133.15985821,3.637978807091713e-09,1,24,1,1.5474139691886488e+16,1.547413969188649e+16,0
212,245000000.0,0,1304508.1539930413,4207212.460846402,0,0.4989854167299905,0.9045634740745515,0,0.0,2689951.697983942,2130563691221.5486,1126750.055376181,213056369122154.84,8125133.15985821,3.637978807091713e-09,1,24,1,1.5506747739628312e+16,1.550674773962831e+16,0
213,245000000.0,0,968992.6557850053,4239470.871161564,0,0.5648648545672871,2.061871281263898,0,0.0,2654773.9051432265,2477910128873.5347,1462265.553584217,247791012887353.47,8125133.15985821,3.637978807091713e-09,1,24,1,1.546049765054481e+16,1.5460497650544808e+16,0
214,245000000.0,0,1180352.1575769694,4237386.793152291,0,0.4956750075920469,0.9033035990021747,0,0.0,2807940.1158864386,2417880346931.839,1250906.0517922533,241788034693183.88,8125133.15985821,3.6434357753023505e-09,1,24,1,1.5507436287915938e+16,1.5507436287915936e+16,0
215,245000000.0,0,844836.6593689334,4267366.77709169,0,0.6008002557088487,2.364522721789064,0,0.0,2772762.323180885,2851931220679.924,1586421.5500002895,285193122067992.4,8125133.159587884,3.6961864680051804e-09,1,24,1,1.5446842948659338e+16,1.5446842948659336e+16,0
216,245000000.0,0,1056196.1611608975,4265382.42109878,0,0.49290831951357744,0.9020472286089503,0,0.0,2925928.53405926,2736064464902.024,1375062.0482083256,273606446490202.4,8125133.159587884,3.701643436215818e-09,1,24,1,1.5508123093425394e+16,1.5508123093425392e+16,0
217,245000000.0,0,1271604.8024898376,4301592.137592297,0,36.52443904464434,217.48450688848058,0,0.0,2507436.103608695,1763726403059.0566,1159653.4068793855,176372640305905.66,8141329.717735789,3.747118171304464e-09,1,24,1,1.5440135608583466e+16,1.5440135608583464e+16,0
218,245000000.0,0,1484375.0,4311149.505694687,0,0.4900811474811418,0.90079434823655,0,0.0,2635818.6731581297,1750631742352.743,944244.7655504453,175063174235274.28,8141329.717735789,4.678440745919943e-09,1,24,1,1.550880997491117e+16,1.5508809974911172e+16,0
219,245000000.0,0,1155547.085147718,4340293.563784257,0,0.5172161289997048,1.7292854097198762,0,0.0,2445667.6013786243,1952332142997.1836,1275711.1242215051,195233214299718.38,8141329.717735789,4.678440745919943e-09,1,24,1,1.548058401093834e+16,1.548058401093834e+16,0
220,245000000.0,0,1370955.7264766581,4338826.896690895,0,0.4871707307748243,0.8995449433629612,0,0.0,2598833.8122569984,1953933164687.0317,1060302.482892565,195393316468703.2,8141329.717735789,4.954927135258913e-09,1,24,1,1.5509497005628192e+16,1.5509497005628196e+16,0
221,245000000.0,0,1039489.3678055983,4368884.521114956,0,0.5406868000145761,1.9221724525816333,0,0.0,2555557.740477493,2257536202745.0786,1391768.8415636248,225753620274507.88,8202049.08206126,3.878085408359766e-09,1,24,1,1.5467835737863822e+16,1.5467835737863824e+16,0
222,245000000.0,0,1254898.0091345385,4367920.883879203,0,0.4842804077306091,0.8982989995466277,0,0.0,2708723.951355868,2205783679177.034,1176360.2002346846,220578367917703.4,8202049.08206126,4.925823304802179e-09,1,24,1,1.5510183875637118e+16,1.5510183875637116e+16,0
223,245000000.0,0,923431.6504634786,4398557.818565252,0,0.5696345162856774,2.163491480410983,0,0.0,2665447.8795763627,2589717089023.6865,1507826.5589057445,258971708902368.66,8202049.08206126,3.878085408359766e-09,1,24,1,1.5455078855689456e+16,1.5455078855689454e+16,0
224,245000000.0,0,1138840.2917924188,4397670.214836278,0,0.48183613926988234,0.8970565024258936,0,0.0,2818614.0904547367,2484611020197.7495,1292417.9175768043,248461102019774.94,8202049.08206126,4.925823304802179e-09,1,24,1,1.5510869314792096e+16,1.5510869314792096e+16,0
225,245000000.0,0,807373.933121359,4426465.594470299,0,0.6063826943015661,2.474102538508927,0,0.0,2775338.0186752314,2948874801833.008,1623884.2762478641,294887480183300.75,8202039.983631511,2.9831426218152046e-09,1,24,1,1.5442309892011466e+16,1.5442309892011464e+16,0
226,245000000.0,0,1022782.5744502991,4425648.976645784,0,0.47978464885561695,0.8958174377184519,0,0.0,2928504.2295536064,2790415187749.178,1408475.634918924,279041518774917.8,8202039.983631511,4.663888830691576e-09,1,24,1,1.551155348172272e+16,1.5511553481722718e+16,0
227,245000000.0,0,1081941.2157792393,4465172.449313454,0,21.110253432325948,227.49509011064325,0,0.0,2510011.6231096713,2133904546468.8057,1349316.9935899838,213390454646880.56,8202040.335618251,2.572051016613841e-09,1,24,1,1.5433461799042038e+16,1.543346179904204e+16,0
228,245000000.0,0,1297349.8571081795,4463153.197528718,0,0.4778193151326954,0.8945817207991156,0,0.0,2647769.0166657353,2084741957362.8823,1133908.3522610436,208474195736288.22,8202040.335618251,2.9467628337442875e-09,1,24,1,1.5512237322525428e+16,1.5512237322525428e+16,0
229,245000000.0,0,965883.4984371196,4486155.790095348,0,0.5533051777970329,2.0685015342932425,0,0.0,2604492.76889286,2450708463411.1865,1465374.7109321035,245070846341118.66,8202040.335618251,2.86672729998827e-09,1,24,1,1.5459769112265154e+16,1.5459769112265152e+16,0
230,245000000.0,0,1181292.1397660598,4485467.6101282295,0,0.4759337114891344,0.8933494083520713,0,0.0,2757658.803777865,2353829257004.6445,1249966.0696031633,235382925700464.44,8202040.335618251,2.86672729998827e-09,1,24,1,1.551292085983028e+16,1.5512920859830278e+16,0
231,245000000.0,0,849826.5592741303,4510129.372550081,0,0.5873288933510807,2.350655345910064,0,0.0,2714380.99964673,2800123595531.6313,1581431.6500950928,280012359553163.12,8202043.448334772,3.370587364770472e-09,1,24,1,1.5447002536347948e+16,1.5447002536347944e+16,0
232,245000000.0,0,1065235.9787822007,4509499.229522414,0,0.4741220263573783,0.8921204863273934,0,0.0,2867547.034531734,2649889135476.668,1366022.2305870224,264988913547666.8,8202043.448334772,2.788510755635798e-09,1,24,1,1.5513604095044342e+16,1.5513604095044342e+16,0
233,245000000.0,0,1124395.3982902712,4516522.938591288,0,0.5322637193855669,1.7771531703776735,0,0.0,3495548.516804268,2907537699471.7603,1306862.811078952,290753769947176.0,8220002.030483509,3.2541720429435372e-09,1,24,1,1.5434729075124712e+16,1.5434729075124712e+16,0
234,245000000.0,0,792929.8177983416,4511980.826612486,0,0.5716197141354994,2.5191143538936847,0,0.0,3635603.0776280733,3321229262093.862,1638328.3915708815,332122926209386.2,8220002.030483509,3.7198333302512765e-09,1,24,1,1.5436814171296184e+16,1.5436814171296186e+16,0
235,245000000.0,0,1008339.237306412,4496383.160676262,0,0.46504936577684797,0.9333769382306941,0,0.0,4009363.981349336,3319760290936.068,1422918.972062811,331976029093606.8,8220002.030483509,3.6034180084243417e-09,1,24,1,1.5475040098457882e+16,1.5475040098457882e+16,0
236,245000000.0,0,1067498.6568144823,4537208.8386450065,0,22.045783238289637,237.82690111897693,0,0.0,2807542.9916526238,2312211006235.5503,1363759.5525547406,231221100623555.03,8220002.030483509,3.772584022954106e-09,1,24,1,1.5427260328605516e+16,1.5427260328605518e+16,0
237,245000000.0,0,1093750.0,4544266.897203369,0,0.4815788461859481,0.9281516462761487,0,0.0,2951068.11682738,2378507270568.4277,1148350.1330466701,237850727056842.78,8220002.030483509,3.2541720429435372e-09,1,24,1,1.5481256155055708e+16,1.5481256155055706e+16,0
238,245000000.0,0,952494.9263547338,4575830.825746115,0,0.5484397724797109,2.0975465571129104,0,0.0,2769571.6997908363,2605597406908.0176,1478763.283014489,260559740690801.75,8224211.752579953,3.601599019020796e-09,1,24,1,1.545821466196812e+16,1.545821466196812e+16,0
239,245000000.0,0,1093750.0,4588531.651348098,0,0.47728453449139113,0.9229845337614813,0,0.0,2913758.4436014723,2571380573295.6904,1262301.432982308,257138057329569.03,8224211.752579953,4.041794454678893e-09,1,24,1,1.5496210253328398e+16,1.5496210253328396e+16,0
240,245000000.0,0,825374.146393351,4605989.833604877,0,0.585599818025174,2.4202112429688807,0,0.0,3092378.821312749,3118989642218.6636,1605884.0629758718,311898964221866.4,7404842.3505159905,3.6325218388810754e-09,1,24,1,1.544567067994627e+16,1.544567067994627e+16,0
241,245000000.0,0,1028666.5163997873,4597739.59411658,0,0.48624292455643725,0.9747556809395179,0,0.0,3363716.170074876,3312171610462.9766,1402591.6929694356,331217161046297.6,7404842.3505159905,3.6325218388810754e-09,1,24,1,1.5484903267224604e+16,1.5484903267224604e+16,0
242,245000000.0,0,685083.8864062235,4613474.378596907,0,0.6439611199921359,2.915095427289805,0,0.0,3463603.280070627,3831866281107.216,1746174.3229629993,383186628110721.56,7401804.345530003,3.930836101062596e-09,1,24,1,1.5430212751812006e+16,1.5430212751812008e+16,0
243,245000000.0,0,888376.2564126598,4603302.078602152,0,0.49657206788510483,1.0326797447770213,0,0.0,3734940.6288327547,4120375353867.092,1542881.952956563,412037535386709.2,7401804.345530003,3.839886630885303e-09,1,24,1,1.5459684731978904e+16,1.5459684731978904e+16,0
244,245000000.0,0,1091668.626419096,4625626.789277907,0,41.01781566478197,244.57143856088808,0,0.0,3446735.6075884453,2957795556623.755,1339589.5829501268,295779555662375.5,7401804.345530003,3.930836101062596e-09,1,24,1,1.5421267452019968e+16,1.542126745201997e+16,0
245,245000000.0,0,1093750.0,4626307.178983156,0,0.5452834979220132,1.7548308354245823,0,0.0,3549155.586344136,3284881011775.676,1292547.2129436906,328488101177567.56,7401804.345530003,3.839886630885303e-09,1,24,1,1.54425037579011e+16,1.54425037579011e+16,0
246,245000000.0,0,795128.3664319685,4623111.202411082,0,0.5954084972069901,2.512157692563396,0,0.0,3501408.1950933905,3643274281808.04,1636129.8429372543,364327428180804.0,7401804.345530003,3.930836101062596e-09,1,24,1,1.5442344784999852e+16,1.5442344784999852e+16,0
247,245000000.0,0,998420.7364384048,4608121.702374101,0,0.5033242807477886,1.073661700580827,0,0.0,3772745.543855518,4074396493678.4053,1432837.472930818,407439649367840.5,7401804.345530003,3.839886630885303e-09,1,24,1,1.544348636968485e+16,1.544348636968485e+16,0
248,245000000.0,0,654838.106444841,4601684.461107444,0,0.658911498709516,3.0495330788898114,0,0.0,3871873.1526047727,4451378030295.101,1776420.1029243818,445137803029510.06,7402240.511729447,4.02542355004698e-09,1,24,1,1.5426878364267148e+16,1.5426878364267148e+16,0
249,245000000.0,0,858130.4764512773,4610598.449985277,0,41.88205998828551,249.80154666699605,0,0.0,3240085.5013668993,3197368328540.288,1573127.7329179456,319736832854028.8,7402240.511729447,3.979948814958334e-09,1,24,1,1.5425926232876082e+16,1.5425926232876082e+16,0
250,245000000.0,0,1061422.8464577135,4578308.064760722,0,0.49055068558176335,1.0185422414612724,0,0.0,4210455.173461572,3767886613935.23,1369835.3629115093,376788661393523.0,7418948.732350608,4.269168130122125e-09,1,24,1,1.5442430067379072e+16,1.5442430067379074e+16,0
251,245000000.0,0,717840.2164641498,4559379.710813681,0,0.5842862661425918,2.7822594704531873,0,0.0,4535471.94630803,4187434019140.702,1713417.992905073,418743401914070.2,7418948.732350608,3.232344170100987e-09,1,24,1,1.5429927126405516e+16,1.5429927126405516e+16,0
252,245000000.0,0,921132.586470586,4546646.975996504,0,0.4926794152426225,1.0819564249582396,0,0.0,4515896.382654939,4565637665605.629,1510125.6228986369,456563766560562.9,7418948.732350608,3.3742253435775638e-09,1,24,1,1.5408783184969838e+16,1.5408783184969838e+16,0
253,245000000.0,0,577549.9564770223,4564346.458316776,0,0.6538317098218898,3.456918417518595,0,0.0,4436755.453779693,4870629125722.276,1853708.2528922006,487062912572227.6,7423920.201135603,2.5011104298755527e-09,1,24,1,1.541291197523526e+16,1.541291197523526e+16,0
254,245000000.0,0,780842.3264834585,4582103.349276662,0,42.857705566390734,256.1310602024507,0,0.0,3676853.763349949,3611315385448.0903,1650415.8828857644,361131538544809.06,7425363.374749959,1.8844730220735073e-09,1,24,1,1.5400474418142642e+16,1.5400474418142644e+16,0
255,245000000.0,0,937500.0,4537435.430823961,0,0.4975402144758697,1.0256245402579822,0,0.0,5083089.445981406,4216828429929.5737,1447123.512879328,421682842992957.4,7425363.374749959,1.8480932340025902e-09,1,24,1,1.5431771539669866e+16,1.543177153966987e+16,0
256,245000000.0,0,937500.0,4564597.262061553,0,23.803918507560926,257.16691152901086,0,0.0,3949373.464515658,3146266418737.0723,1400081.1428728919,314626641873707.25,7425363.374749959,1.8844730220735073e-09,1,24,1,1.5410420738736506e+16,1.5410420738736504e+16,0
257,245000000.0,0,687594.4365027673,4583968.188706249,0,0.6374099078409429,2.9044672654597647,0,0.0,3377762.1224577324,3597692266573.413,1743663.7728664556,359769226657341.3,7425363.374749959,1.8480932340025902e-09,1,24,1,1.5428530221648818e+16,1.5428530221648822e+16,0
258,245000000.0,0,890886.8065092035,4590533.236229022,0,0.48414940239239235,0.9746967740774676,0,0.0,3623069.7905080426,3770532444873.3506,1540371.4028600194,377053244487335.06,7425363.374749959,1.8480932340025902e-09,1,24,1,1.5474906094593314e+16,1.547490609459331e+16,0
259,245000000.0,0,547304.1765156398,4603569.708577522,0,0.7221200450235309,3.647610369684923,0,0.0,3658893.7247796417,4332867659892.9937,1883954.032853583,433286765989299.4,7425363.374749959,2.3501343093812466e-09,1,24,1,1.5415018721810402e+16,1.5415018721810402e+16,0
260,245000000.0,0,750596.546522076,4604157.909567114,0,0.49178208248499633,1.0322290617026457,0,0.0,3930252.0593648725,4587436730177.173,1680661.6628471469,458743673017717.3,7422393.084228833,2.6921043172478676e-09,1,24,1,1.5454742795137138e+16,1.545474279513714e+16,0
261,245000000.0,0,937500.0,4628342.917341245,0,43.86632341793804,261.7150994423808,0,0.0,3617600.2825192465,3342263659207.172,1477369.2928407106,334226365920717.2,7422393.084228833,2.7284841053187847e-09,1,24,1,1.5409316104679304e+16,1.5409316104679304e+16,0
262,245000000.0,0,937500.0,4635827.53649056,0,0.5611653944914721,1.9961448722863468,0,0.0,3719298.674467759,3669363114367.533,1430326.9228342744,366936311436753.3,7422393.084228833,2.6921043172478676e-09,1,24,1,1.5435150850679806e+16,1.5435150850679806e+16,0
263,245000000.0,0,657348.6565413848,4635553.5219946895,0,0.6523707906629932,3.0379039740233407,0,0.0,3647104.5276156976,4106373786833.055,1773909.552827838,410637378683305.5,7422393.084228833,2.7284841053187847e-09,1,24,1,1.5427173794512664e+16,1.5427173794512664e+16,0
264,245000000.0,0,860641.026547821,4620936.49444784,0,0.4978450734568666,1.0723441343268718,0,0.0,3917720.2895706464,4483874713480.538,1570617.1828214019,448387471348053.8,7422393.084228833,2.6921043172478676e-09,1,24,1,1.5442569545922256e+16,1.5442569545922258e+16,0
265,245000000.0,0,517058.39655425726,4616714.849886085,0,0.7453444482224444,3.8605686411078874,0,0.0,3998752.577468758,4949721934396.759,1914199.8128149656,494972193439675.9,7422393.084228833,2.7284841053187847e-09,1,24,1,1.5411676197579604e+16,1.5411676197579604e+16,0
266,245000000.0,0,720350.7665606935,4613691.349557191,0,20.915767304032684,266.6820389905816,0,0.0,3956868.3394237068,4775781494255.624,1710907.4428085294,477578149425562.4,7422393.084228833,2.7271198632661253e-09,1,24,1,1.5421036097900714e+16,1.5421036097900716e+16,0
267,245000000.0,0,923643.1365671298,4629275.577852173,0,44.879847171889004,267.81211520214964,0,0.0,3662753.5807612715,3510595470611.0566,1507615.072802093,351059547061105.7,7432769.385450729,3.623426891863346e-09,1,24,1,1.5405073146869226e+16,1.5405073146869226e+16,0
268,245000000.0,0,937500.0,4637839.544639222,0,0.5666720767570422,2.0582791309222648,0,0.0,3759263.822098836,3829974154308.491,1460572.7027956569,382997415430849.1,7432769.38545073,3.4524418879300356e-09,1,24,1,1.5433029313741492e+16,1.5433029313741492e+16,0
269,245000000.0,0,627102.8765800023,4640895.964610439,0,0.6679491447318385,3.1841917535705755,0,0.0,3705360.0996339144,4275101811700.632,1804155.3327892206,427510181170063.2,7433755.760634929,2.8849171940237284e-09,1,24,1,1.5423839701366222e+16,1.5423839701366222e+16,0
270,245000000.0,0,830395.2465864385,4632157.5130685605,0,0.5017380243605309,1.0840978441616655,0,0.0,3970787.7109779147,4653642834564.532,1600862.9627827844,465364283456453.25,7433755.760634929,2.76122591458261e-09,1,24,1,1.5438924469036692e+16,1.5438924469036692e+16,0
271,245000000.0,0,486602.1304880526,4633444.505605477,0,0.7704194668426508,4.101704801818959,0,0.0,4064426.5545186875,5122166487743.3545,1944656.0788811701,512216648774335.44,7432913.816215641,3.82487996830605e-09,1,24,1,1.5408333574780626e+16,1.5408333574780626e+16,0
272,245000000.0,0,689684.0143896667,4637729.658440027,0,21.37096412374366,272.6048774671989,0,0.0,4017354.1658626883,4938819572987.476,1741574.1949795561,493881957298747.56,7432913.816215641,3.8471625884994864e-09,1,24,1,1.5417096765368832e+16,1.5417096765368832e+16,0
273,245000000.0,0,893297.0200358966,4656741.841741116,0,45.858186079580484,273.6757716096717,0,0.0,3724413.910313945,3647567933741.968,1537961.1893333262,364756793374196.75,7429057.748180162,5.269612302072346e-09,1,24,1,1.5400944719140006e+16,1.5400944719140004e+16,0
274,245000000.0,0,937500.0,4665264.385987433,0,0.5714353803232946,2.1239087839066184,0,0.0,3820603.5160117154,3973464669118.5347,1490598.1836870962,397346466911853.44,7429057.748180162,4.680259735323489e-09,1,24,1,1.5429723919436202e+16,1.5429723919436202e+16,0
275,245000000.0,0,597398.0313283564,4668240.392866952,0,0.6844825002713518,3.3422569849708426,0,0.0,3766305.1160632563,4424866136551.758,1833860.1780408663,442486613655175.75,7429057.748180162,4.803951014764607e-09,1,24,1,1.54205293102758e+16,1.5420529310275798e+16,0
276,245000000.0,0,801011.0369745862,4659419.576722203,0,0.5053927009340422,1.093004223487661,0,0.0,4031732.5928678745,4810128727801.881,1630247.1723946363,481012872780188.06,7429058.28633769,3.1777744879946113e-09,1,24,1,1.5435625634009956e+16,1.5435625634009958e+16,0
277,245000000.0,0,457749.04262081604,4661175.562255742,0,0.7967945213608817,4.359682122875015,0,0.0,4124309.192919416,5283401330836.642,1973509.1667484064,528340133083664.2,7429058.28633769,2.624801709316671e-09,1,24,1,1.5405085521794504e+16,1.5405085521794508e+16,0
278,245000000.0,0,661362.0482670459,4664299.047929645,0,21.826530921736552,278.52585500321334,0,0.0,4084587.199319074,5111340096567.847,1769896.1611021764,511134009656784.7,7414357.496226377,1.915395841933787e-09,1,24,1,1.541356113512226e+16,1.5413561135122258e+16,0
279,245000000.0,0,864975.0539132757,4683089.97259603,0,46.84220331476373,279.5786275592615,0,0.0,3797502.200072501,3802822876079.7456,1566283.1554559465,380282287607974.56,7414357.496226377,1.915395841933787e-09,1,24,1,1.5396799398162392e+16,1.5396799398162394e+16,0
280,245000000.0,0,912338.0595595054,4691356.060829204,0,0.5774565690396443,2.1897696904961803,0,0.0,3901042.2008259287,4155189502482.732,1518920.1498097165,415518950248273.2,7414357.496226377,2.0318111637607217e-09,1,24,1,1.5425328465847228e+16,1.5425328465847226e+16,0
281,245000000.0,0,569076.0652057352,4694073.951845624,0,0.7019001659620274,3.5083037546545977,0,0.0,3854094.1959331264,4613833132390.778,1862182.1441634865,461383313239077.8,7414357.496226377,2.0318111637607217e-09,1,24,1,1.5417404804919624e+16,1.5417404804919628e+16,0
282,245000000.0,0,772689.070851965,4684993.400367331,0,0.5115580429974009,1.1133314191805666,0,0.0,4126872.2023327844,5042062113545.145,1658569.1385172566,504206211354514.44,7414357.496226377,1.915395841933787e-09,1,24,1,1.5429101142611502e+16,1.5429101142611502e+16,0
283,245000000.0,0,429427.07649819483,4687328.116584256,0,0.8260616491119713,4.646547834005484,0,0.0,4218511.021532994,5503964216880.49,2001831.1328710266,550396421688049.0,7431010.812000332,1.2059899745509028e-09,1,24,1,1.5401951808019258e+16,1.5401951808019258e+16,0
284,245000000.0,0,633040.0821444247,4689398.835199335,0,22.284642925356238,284.4650941284738,0,0.0,4170500.8520256625,5326756112645.921,1798218.1272247967,532675611264592.06,7431010.812000332,1.2059899745509028e-09,1,24,1,1.5407219591779954e+16,1.5407219591779952e+16,0
285,245000000.0,0,836653.0877906545,4708618.625797617,0,47.82993176485062,285.5059026454208,0,0.0,3875127.6768721025,3968825656648.855,1594605.1215785667,396882565664885.5,7431010.812000332,1.2059899745509028e-09,1,24,1,1.5392642610544572e+16,1.5392642610544572e+16,0
286,245000000.0,0,884016.0934368843,4717272.822929647,0,0.5836097299541454,2.259845911087527,0,0.0,3970379.5017185425,4319875169273.1255,1547242.1159323368,431987516927312.56,7431010.812000332,1.2059899745509028e-09,1,24,1,1.5420579346385148e+16,1.5420579346385148e+16,0
287,245000000.0,0,540754.0990831142,4720377.46849998,0,0.7212396386430601,3.6917117994766966,0,0.0,3915143.320918752,4768012130747.231,1890504.1102861068,476801213074723.1,7431010.812000332,1.671651261858642e-09,1,24,1,1.5414278372274876e+16,1.5414278372274874e+16,0
288,245000000.0,0,744367.104729344,4711682.362375488,0,0.5151895349512212,1.1209563570070915,0,0.0,4179633.1514114207,5188689707657.058,1686891.1046398769,518868970765705.75,7431010.812000332,1.4897523215040565e-09,1,24,1,1.5425511459740912e+16,1.5425511459740912e+16,0
289,245000000.0,0,401105.11037557386,4714467.701706848,0,0.8593441616300007,4.973823879363189,0,0.0,4271271.970611631,5659315722711.445,2030153.098993647,565931572271144.5,7431010.812000332,1.2059899745509028e-09,1,24,1,1.539881538543029e+16,1.539881538543029e+16,0
290,245000000.0,0,604718.1160218037,4714832.140663327,0,22.74257252900056,290.41947744570354,0,0.0,4223261.801104301,5478947335183.689,1826540.093347417,547894733518368.94,7431010.812000332,1.2059899745509028e-09,1,24,1,1.5404119017803768e+16,1.5404119017803768e+16,0
291,245000000.0,0,808331.1216680335,4734494.295429743,0,48.820569317722374,291.4523902474306,0,0.0,3927888.6259507397,4098763640459.0503,1622927.087701187,409876364045905.0,7444545.249833353,1.418811734765768e-09,1,24,1,1.538847628047503e+16,1.5388476280475032e+16,0
292,245000000.0,0,855694.1273142634,4743557.60126523,0,0.5895149809252651,2.3345555154790207,0,0.0,4023140.450797179,4455503484203.453,1575564.082054957,445550348420345.3,7444545.249833353,1.418811734765768e-09,1,24,1,1.5417774991089508e+16,1.5417774991089508e+16,0
293,245000000.0,0,512385.6195673975,4747048.238711809,0,0.7426875933194337,3.8957070937929514,0,0.0,3968432.552172904,4913215102926.578,1918872.5898018228,491321510292657.8,7443488.685482323,1.69893610291183e-09,1,24,1,1.5411150103877214e+16,1.5411150103877216e+16,0
294,245000000.0,0,715952.1118205318,4738738.056229326,0,0.51876049321566,1.1289637690270498,0,0.0,4233357.638054898,5339718121038.689,1715306.0975486885,533971812103868.94,7443488.685482323,1.5947989595588297e-09,1,24,1,1.5422780805623558e+16,1.5422780805623556e+16,0
295,245000000.0,0,372643.60407366604,4742252.775958143,0,0.8975348548000271,5.352694327414977,0,0.0,4325524.739430622,5819708424403.687,2058614.6052955543,581970842440368.6,7443488.685482323,1.5825207810848951e-09,1,24,1,1.5395665939063178e+16,1.5395665939063178e+16,0
296,245000000.0,0,576210.0963268003,4737938.060751963,0,23.202116855409024,296.39365918805584,0,0.0,4277949.825312615,5637624230846.1455,1855048.11304242,563762423084614.5,7443488.685482323,1.5947989595588297e-09,1,24,1,1.5400912350892726e+16,1.5400912350892724e+16,0
297,245000000.0,0,623526.5885799346,4761975.789261308,0,27.558500770410454,297.40900533037166,0,0.0,3983053.5699181566,4691725424474.932,1807731.6207892857,469172542447493.2,7443508.081575597,3.081368049606681e-09,1,24,1,1.5384454229381312e+16,1.5384454229381312e+16,0
298,245000000.0,0,670843.0808330688,4765489.11682551,0,0.6429127497283321,2.976885610729293,0,0.0,4088162.163547016,5103511472276.277,1760415.1285361515,510351147227627.75,7443508.081575597,3.081368049606681e-09,1,24,1,1.5409832424635714e+16,1.5409832424635716e+16,0
299,245000000.0,0,327534.5730862031,4768960.81900309,0,0.97161286412343,6.087639365356007,0,0.0,4181424.2081677173,5699541495930.186,2103723.636283017,569954149593018.5,7441318.195085643,3.1141098588705063e-09,1,24,1,1.5390657035898948e+16,1.5390657035898948e+16,0
300,245000000.0,0,531101.0653393373,4760630.829632082,0,0.52286154652579,1.138358457590589,0,0.0,4447444.237294688,6071633101537.123,1900157.144029883,607163310153712.2,7441318.195085643,3.126388037344441e-09,1,24,1,1.5419690506608628e+16,1.5419690506608628e+16,0
301,245000000.0,0,734667.5575924716,4762938.051406896,0,50.312087015778076,300.4046095694334,0,0.0,4153647.774168527,4598263409338.566,1696590.6517767487,459826340933856.6,7441318.195085635,3.954482963308692e-09,1,24,1,1.5382208471299276e+16,1.5382208471299278e+16,0
302,245000000.0,0,781984.0498456059,4766450.45456974,0,0.613251282624475,2.5543304495083565,0,0.0,4250476.3110423675,5003497650944.73,1649274.1595236144,500349765094473.06,7441318.195085635,3.954482963308692e-09,1,24,1,1.5403536706111864e+16,1.5403536706111864e+16,0
303,245000000.0,0,438675.54208928463,4769936.857003257,0,0.8119557181622187,4.548808856858955,0,0.0,4196863.355681983,5446315330433.108,1992582.6672799357,544631533043310.8,7441318.1950478135,4.380581231089309e-09,1,24,1,1.5402994757173592e+16,1.5402994757173592e+16,0
304,245000000.0,0,642242.0343329634,4761621.13032274,0,0.5350375029717944,1.1808984177670125,0,0.0,4462883.384808958,5946774294772.713,1789016.175036257,594677429477271.2,7441320.712317344,5.11863618157804e-09,1,24,1,1.5405803035903446e+16,1.5405803035903448e+16,0
305,245000000.0,0,298933.5265766422,4758672.010014188,0,1.0292810877874123,6.668144181237235,0,0.0,4556145.429448574,6411151434750.548,2132324.682792578,641115143475054.8,7441320.712317344,5.089987098472193e-09,1,24,1,1.538747486171403e+16,1.538747486171403e+16,0
306,245000000.0,0,502500.0188203209,4763162.586069568,0,50.38316015263027,301.18573914568464,0,0.0,3919040.4585755463,4860015376725.135,1928758.1905488991,486001537672513.5,7441320.712317344,5.11863618157804e-09,1,24,1,1.5390177339783538e+16,1.5390177339783538e+16,0
307,245000000.0,0,706066.5110639996,4734848.00494877,0,0.5228339102964116,1.1096265337488653,0,0.0,4888893.995745003,5493201582572.2295,1725191.6983052203,549320158257222.94,7441320.712317344,5.11863618157804e-09,1,24,1,1.540638594748378e+16,1.5406385947483778e+16,0
308,245000000.0,0,362975.28254608146,4711111.404178287,0,0.8234435969111861,5.494878624750537,0,0.0,5209408.408223562,6006555451677.121,2068282.9268231385,600655545167712.1,7442189.829270956,3.781678969971836e-09,1,24,1,1.5390695967893218e+16,1.539069596789322e+16,0
309,245000000.0,0,566759.0540281632,4693347.343822435,0,0.5253284288706909,1.1815874150818906,0,0.0,5183433.570809919,6436516257065.965,1864499.1553410566,643651625706596.5,7442189.829270956,3.861714503727853e-09,1,24,1,1.537387047267663e+16,1.5373870472676632e+16,0
310,245000000.0,0,614292.825510245,4709350.622834398,0,23.60607968863451,300.3809124442607,0,0.0,4715126.076149875,5268332838195.464,1816965.3838589748,526833283819546.4,7442189.829270956,3.781678969971836e-09,1,24,1,1.5377229527857836e+16,1.5377229527857838e+16,0
311,245000000.0,0,661826.5969923269,4726308.74193895,0,27.923149158309187,301.5431067361094,0,0.0,4135746.1650720974,4413292441869.576,1769431.612376893,441329244186957.6,7442189.829270956,3.781678969971836e-09,1,24,1,1.536838174338544e+16,1.536838174338544e+16,0
312,245000000.0,0,865610.3684744088,4673433.764633026,0,0.5571877873674602,1.1102359306577132,0,0.0,5503587.373886069,5152993204795.373,1565647.840894811,515299320479537.3,7442182.828309914,3.1996023608371615e-09,1,24,1,1.5398257133327556e+16,1.5398257133327558e+16,0
313,245000000.0,0,522519.1399564906,4652573.921701112,0,0.6360427555480829,3.8202996745567295,0,0.0,5948766.736408862,5656286032928.659,1908739.0694127292,565628603292865.9,7442182.828309914,2.9704096959903836e-09,1,24,1,1.5387935069149116e+16,1.5387935069149116e+16,0
314,245000000.0,0,726302.9114385725,4663851.873460416,0,37.99349971260709,302.55672738894214,0,0.0,4558376.209240975,4029358406100.151,1704955.2979306474,402935840610015.06,7442182.828309914,2.9704096959903836e-09,1,24,1,1.5363630317826098e+16,1.5363630317826098e+16,0
315,245000000.0,0,781250.0,4672603.195597683,0,0.48269569963136816,1.0471801023881484,0,0.0,4506501.185040969,4331873587117.3545,1501171.5264485655,433187358711735.44,7440962.927903337,3.3887772588059306e-09,1,24,1,1.5427650045945756e+16,1.5427650045945754e+16,0
316,245000000.0,0,586995.4544027362,4694716.44497677,0,0.6847755640788292,3.4013868390046067,0,0.0,4489823.781730351,4762370950370.432,1844262.7549664837,476237095037043.2,7441078.112233749,3.738023224286735e-09,1,24,1,1.5391504226907112e+16,1.5391504226907112e+16,0
317,245000000.0,0,781250.0,4690331.689052427,0,0.5306448868460781,1.1113795384136687,0,0.0,4678504.379952603,5152081089781.613,1640478.9834844018,515208108978161.3,7441078.112233749,3.145032678730786e-09,1,24,1,1.5405294436461954e+16,1.5405294436461952e+16,0
318,245000000.0,0,447687.99736689986,4706850.45986807,0,0.8004380950028495,4.457440385606227,0,0.0,4737758.89106165,5585547717643.352,1983570.21200232,558554771764335.1,7441078.112233749,3.1523086363449693e-09,1,24,1,1.5382258803154284e+16,1.5382258803154286e+16,0
319,245000000.0,0,651471.7688489817,4695241.624304486,0,0.5436108709919393,1.183964831307048,0,0.0,4926439.489283903,6084062110203.841,1779786.4405202381,608406211020384.1,7441078.112233749,3.1741365091875196e-09,1,24,1,1.5383774908202572e+16,1.5383774908202572e+16,0
320,245000000.0,0,308380.54033106356,4717354.776892492,0,1.0062283636489402,6.464530696920464,0,0.0,4985694.000392948,6503170099489.567,2122877.669038156,650317009948956.8,7441078.112233749,3.1523086363449693e-09,1,24,1,1.5372881451315166e+16,1.5372881451315168e+16,0
321,245000000.0,0,512164.31181314535,4721320.012687198,0,50.40917780713406,301.5320251191659,0,0.0,4299473.333720945,4960019623718.39,1919093.8975560742,496001962371838.94,7441078.112233749,3.1741365091875196e-09,1,24,1,1.5371638116636924e+16,1.5371638116636928e+16,0
322,245000000.0,0,715948.0832952271,4672044.692173699,0,0.5490530611430143,1.1127989913076106,0,0.0,5729743.323603465,5693112156559.842,1715310.1260739923,569311215655984.1,7441405.103637957,2.9303919291123748e-09,1,24,1,1.5391413305206478e+16,1.539141330520648e+16,0
323,245000000.0,0,763481.854777309,4709868.094548116,0,27.882004913268204,301.521101529702,0,0.0,4596337.739229412,4431385551182.563,1667776.3545919105,443138555118256.4,7441405.103637957,3.246896085329354e-09,1,24,1,1.5379508112158028e+16,1.5379508112158026e+16,0
324,245000000.0,0,420390.62625939085,4723345.473752555,0,0.8300478982048713,4.746190055895742,0,0.0,4068688.922905935,4967482565798.92,2010867.5831098286,496748256579892.0,7441405.103637957,3.1268427846953273e-09,1,24,1,1.5391872236567928e+16,1.5391872236567928e+16,0
325,245000000.0,0,624174.3977414726,4729780.885842568,0,0.5102285135079524,1.049613281374273,0,0.0,4300972.481277041,5198983128634.43,1807083.8116277468,519898312863443.0,7431104.790107648,1.951775630004704e-09,1,24,1,1.5439182789599032e+16,1.543918278959903e+16,0
326,245000000.0,0,281083.16922355443,4751177.478702027,0,1.0676084427226906,7.090107522207307,0,0.0,4360062.458670126,5824647924045.26,2150175.040145665,582464792404526.0,7430615.1648080405,2.5156623451039195e-09,1,24,1,1.5379060129685632e+16,1.5379060129685632e+16,0
327,245000000.0,0,484866.9407056362,4752616.931369437,0,0.5171941734654129,1.1140184891336753,0,0.0,4592344.9790273765,6145687169296.15,1946391.268663583,614568716929615.0,7430618.175120712,2.0318111637607217e-09,1,24,1,1.541771758066219e+16,1.541771758066219e+16,0
328,245000000.0,0,688650.712187718,4782209.654144134,0,50.30946986221672,300.41466085060625,0,0.0,4264593.727902544,4652644904155.122,1742607.4971815012,465264490415512.2,7430618.175120712,2.0318111637607217e-09,1,24,1,1.5378469646098214e+16,1.5378469646098214e+16,0
329,245000000.0,0,736184.4836697999,4792880.817604623,0,0.6206826946965222,2.7130250897899275,0,0.0,4339600.667712555,5047169064088.719,1695073.7256994194,504716906408871.9,7430618.104723365,2.231899998150766e-09,1,24,1,1.540029598587542e+16,1.540029598587542e+16,0
330,245000000.0,0,393093.2551518817,4789150.016360049,0,0.8648560809586772,5.074940953326413,0,0.0,4264018.365935855,5521108674991.436,2038164.9542173375,552110867499143.56,7430618.104723365,2.1254891180433333e-09,1,24,1,1.5396370975770754e+16,1.5396370975770756e+16,0
331,245000000.0,0,596877.0266339635,4774053.60382845,0,0.5200437100535431,1.1552482837758582,0,0.0,4510526.438590772,5974363263117.173,1834381.1827352557,597436326311717.2,7430618.104723365,2.205524651799351e-09,1,24,1,1.5408068450649458e+16,1.5408068450649456e+16,0
332,245000000.0,0,648162.5606754902,4787029.601074108,0,27.818143838033087,300.4408793974276,0,0.0,4191226.145736708,4910427080887.154,1783095.648693729,491042708088715.44,7445625.154961145,2.231899998150766e-09,1,24,1,1.5383619291970244e+16,1.5383619291970244e+16,0
333,245000000.0,0,699448.0947170169,4784368.993637466,0,0.6388215616314176,2.8553150691458526,0,0.0,4293852.000823473,5395264043298.447,1731810.1146522022,539526404329844.75,7445625.154961145,2.231899998150766e-09,1,24,1,1.5392404293136304e+16,1.5392404293136306e+16,0
334,245000000.0,0,360065.9932431906,4786369.76997203,0,0.9127540549514831,5.539153610218091,0,0.0,4357726.444958588,5854023195996.309,2071192.2161260284,585402319599630.9,7445454.612899732,2.231899998150766e-09,1,24,1,1.5393855007069934e+16,1.5393855007069934e+16,0
335,245000000.0,0,567558.8917693642,4784661.604441457,0,23.507989189028617,300.42035277652815,0,0.0,4311637.834086879,5665619899187.116,1863699.317599855,566561989918711.6,7445454.612899732,2.231899998150766e-09,1,24,1,1.5398282504767984e+16,1.5398282504767986e+16,0
336,245000000.0,0,618801.7902955379,4796972.5171592105,0,27.831292083637052,300.4430710661865,0,0.0,3989522.3034711503,4696449372135.646,1812456.4190736813,469644937213564.6,7458977.251463705,2.7557689463719726e-09,1,24,1,1.538268506666775e+16,1.538268506666775e+16,0
337,245000000.0,0,670044.6888217116,4799927.204447168,0,0.6390577507696965,2.980427433993708,0,0.0,4092190.5534527823,5098739369550.656,1761213.5205475078,509873936955065.6,7458977.732704676,3.308741725049913e-09,1,24,1,1.5409339809564636e+16,1.5409339809564638e+16,0
338,245000000.0,0,330651.5640635574,4802893.481162708,0,0.96228941243476,6.0304253521226325,0,0.0,4166305.7445597346,5676003570665.516,2100606.645305662,567600357066551.5,7458933.639567364,3.308741725049913e-09,1,24,1,1.5390587822211438e+16,1.5390587822211438e+16,0
339,245000000.0,0,538133.4393054033,4794066.293422818,0,0.5177339812969115,1.1367935617090015,0,0.0,4432716.893067541,6033395048532.743,1893124.770063816,603339504853274.4,7458933.639567364,3.319655661471188e-09,1,24,1,1.5420282940438282e+16,1.5420282940438284e+16,0
340,245000000.0,0,745615.3145472491,4792455.654857494,0,50.314100055173014,300.43791718589625,0,0.0,4135396.1663335,4552471165163.761,1685642.8948219703,455247116516376.06,7458933.639567364,3.308741725049913e-09,1,24,1,1.538220470245169e+16,1.5382204702451688e+16,0
341,245000000.0,0,781250.0,4793733.160247433,0,0.6052640430852219,2.506745684632524,0,0.0,4228700.43959946,4945215682475.402,1634411.0195801244,494521568247540.25,7458933.639567364,3.308741725049913e-09,1,24,1,1.5404247368264472e+16,1.5404247368264472e+16,0
342,245000000.0,0,457454.0650309408,4796745.436433856,0,0.7888874782981595,4.362487220753558,0,0.0,4167647.8376235734,5363326797142.023,1973804.1443382786,536332679714202.4,7458933.639567364,3.308741725049913e-09,1,24,1,1.540465708889654e+16,1.540465708889654e+16,0
343,245000000.0,0,664935.9402727867,4787962.714849154,0,0.5307909705476069,1.1797585848249381,0,0.0,4434058.986131379,5857532346895.758,1766322.2690964327,585753234689575.8,7458933.639567364,3.319655661471188e-09,1,24,1,1.5406221542814558e+16,1.5406221542814556e+16,0
344,245000000.0,0,325542.8155146325,4785479.12698195,0,0.9721310725902055,6.124771101908929,0,0.0,4519881.384155493,6290537470616.2705,2105715.393854587,629053747061627.0,7458933.639567364,3.308741725049913e-09,1,24,1,1.5390016943134826e+16,1.5390016943134822e+16,0
345,245000000.0,0,533024.6907564783,4789724.448439282,0,50.37182895581793,301.03938671563236,0,0.0,3883167.4512651144,4738626846644.691,1898233.518612741,473862684664469.1,7458933.9651601,3.319655661471188e-09,1,24,1,1.5390229888384754e+16,1.5390229888384756e+16,0
346,245000000.0,0,740506.5659983242,4765676.526408471,0,0.5380741716596371,1.108323816274443,0,0.0,4852753.407752083,5368526678657.054,1690751.6433708952,536852667865705.4,7463209.603835365,3.1341187423095107e-09,1,24,1,1.5406543046069124e+16,1.5406543046069124e+16,0
347,245000000.0,0,401113.44124017004,4746507.201673292,0,0.7741097111387288,4.973720833185134,0,0.0,5171951.550320248,5843735702643.777,2030144.7681290493,584373570264377.8,7439573.910850087,2.8558133635669947e-09,1,24,1,1.5394537704983354e+16,1.5394537704983352e+16,0
348,245000000.0,0,608595.3164820159,4730013.1860508155,0,0.536777467598527,1.1788953372718498,0,0.0,5151895.946976781,6267657114043.306,1822662.8928872035,626765711404330.6,7439573.910850087,2.86672729998827e-09,1,24,1,1.537437199662637e+16,1.537437199662637e+16,0
349,245000000.0,0,659827.1917238617,4745134.791437511,0,23.613960692117185,300.40687160391445,0,0.0,4666503.005291726,5087962877886.679,1771431.0176453576,508796287788667.9,7439573.910850087,2.8558133635669947e-09,1,24,1,1.5378353771562222e+16,1.5378353771562224e+16,0
350,245000000.0,0,711059.0669657076,4764526.910852802,0,27.86929981423019,301.19863591857865,0,0.0,4083523.9028701363,4224966734096.6743,1720199.1424035118,422496673409667.44,7439573.910850087,2.9440343496389687e-09,1,24,1,1.5369799044693254e+16,1.5369799044693254e+16,0
351,245000000.0,0,781250.0,4712284.629403849,0,0.563883130546533,1.106252235930185,0,0.0,5445578.669628831,4968758848272.527,1512717.267161666,496875884827252.75,7439573.910850087,2.775777829810977e-09,1,24,1,1.5399483056649434e+16,1.5399483056649432e+16,0
352,245000000.0,0,579147.8174493993,4696784.098042924,0,0.6026459491360165,3.4473972664293284,0,0.0,5901072.17547357,5428479813447.329,1852110.39191982,542847981344732.94,7433370.548021564,2.6275301934219897e-09,1,24,1,1.5393966479370748e+16,1.5393966479370748e+16,0
353,245000000.0,0,625000.0,4719359.4711091835,0,38.04233730011735,303.19488817891374,0,0.0,4505861.123861124,3811280455594.89,1644628.5166779743,381128045559489.0,7454286.784977248,3.3260221243835986e-09,1,24,1,1.5363149914594488e+16,1.5363149914594486e+16,0
354,245000000.0,0,625000.0,4734710.129542391,0,0.4797089139183569,1.0424079992880273,0,0.0,4435173.764268752,4104323187304.2944,1437146.6414361284,410432318730429.44,7451562.788951553,1.8517312128096819e-09,1,24,1,1.5429386631390528e+16,1.5429386631390528e+16,0
355,245000000.0,0,625000.0,4767798.868537439,0,0.642328040410794,3.050089593814318,0,0.0,4386809.592494126,4478490319209.428,1776539.7661942826,447849031920942.75,7451562.788951553,1.9826984498649836e-09,1,24,1,1.5398700355383472e+16,1.539870035538347e+16,0
356,245000000.0,0,625000.0,4772074.43560848,0,0.5190824080337284,1.105422239829708,0,0.0,4569295.5560156405,4868095048119.444,1569057.8909524367,486809504811944.44,7451562.788951553,1.8517312128096819e-09,1,24,1,1.5407868402959092e+16,1.5407868402959092e+16,0
357,245000000.0,0,522807.1936586285,4793670.238748554,0,0.7284260416245715,3.8181988033242327,0,0.0,4614813.062322155,5240965658399.513,1908451.0157105909,524096565839951.25,7451562.788951553,1.9826984498649836e-09,1,24,1,1.539089378689144e+16,1.539089378689144e+16,0
358,245000000.0,0,625000.0,4789866.948228142,0,0.5295083196105405,1.1765451587769515,0,0.0,4797299.294922433,5740497062374.954,1700969.140468745,574049706237495.4,7451562.250794025,2.128217602148652e-09,1,24,1,1.5386986315612528e+16,1.5386986315612528e+16,0
359,245000000.0,0,390895.9441423202,4812108.681907352,0,0.8652948767364271,5.103395505603099,0,0.0,4842817.070307712,6094244521231.357,2040362.2652268992,609424452123135.8,7451562.250794025,2.128217602148652e-09,1,24,1,1.5382779866229192e+16,1.5382779866229192e+16,0
360,245000000.0,0,625000.0,4838957.807681314,0,50.36931118991515,301.0608108366694,0,0.0,3818733.986241931,4217341425892.3604,1802952.8890176702,421734142589236.06,8381786.670904926,4.045432433485985e-09,1,24,1,1.5373153992620086e+16,1.537315399262009e+16,0
361,245000000.0,0,625000.0,4806920.207921161,0,0.5120095356371845,1.0207787471318617,0,0.0,4895970.781596294,4437924649396.915,1565543.5128084412,443792464939691.5,8381786.670904926,4.045432433485985e-09,1,24,1,1.5416108172013826e+16,1.5416108172013826e+16,0
362,245000000.0,0,625000.0,4854953.451408945,0,0.5634855255763742,2.109984920418096,0,0.0,4112352.7707346044,4241637284741.8623,1484384.1365992122,424163728474186.25,8381786.670904926,4.976755008101463e-09,1,24,1,1.539917836872701e+16,1.5399178368727012e+16,0
363,245000000.0,0,625000.0,4890923.671485086,0,0.6485527085200271,3.132790618917778,0,0.0,3611804.9581319448,4243440402172.415,1793849.7603899832,424344040217241.5,8381786.670904926,3.8708094507455826e-09,1,24,1,1.541977370307305e+16,1.5419773703073048e+16,0
364,245000000.0,0,625000.0,4909722.263940368,0,0.4944563968805173,1.050934963713782,0,0.0,3716061.349025593,4256735181234.35,1556440.3841807542,425673518123435.0,8381786.670904926,4.045432433485985e-09,1,24,1,1.54348790903539e+16,1.54348790903539e+16,0
365,245000000.0,0,565352.2013976942,4936499.965142952,0,0.6935259414305243,3.5313714594279366,0,0.0,3591223.3343064953,4397253496591.3457,1865906.0079715252,439725349659134.56,8381786.670904926,4.336470738053322e-09,1,24,1,1.5413335533226892e+16,1.5413335533226896e+16,0
366,245000000.0,0,625000.0,4948949.792957836,0,0.4845405832732047,1.0289592362452247,0,0.0,3706829.072005856,4335312675970.1753,1628496.6317622962,433531267597017.5,8381786.670904926,4.612957127392292e-09,1,24,1,1.5444250026083514e+16,1.5444250026083514e+16,0
367,245000000.0,0,493295.9538161522,4979434.081259013,0,0.7503470787064966,4.046158955094092,0,0.0,3574825.406331925,4566461436952.117,1937962.2555530672,456646143695211.75,8410449.274724258,3.987224772572517e-09,1,24,1,1.5405369756826148e+16,1.5405369756826146e+16,0
368,245000000.0,0,625000.0,4977814.213061713,0,0.4778071061600713,1.007883737661963,0,0.0,3690431.1440312853,4429156208974.926,1700552.8793438382,442915620897492.56,8472656.199867843,2.255546860396862e-09,1,24,1,1.5453167735574922e+16,1.545316773557492e+16,0
369,245000000.0,0,421239.7062346102,5008740.872315497,0,0.8242241493331921,4.736645963107825,0,0.0,3565593.129312188,4754387398769.801,2010018.5031346092,475438739876980.06,8469869.730847742,3.0122464522719383e-09,1,24,1,1.5397391300049784e+16,1.5397391300049784e+16,0
370,245000000.0,0,625000.0,5004871.016787895,0,0.47134559873924003,0.9878517667037235,0,0.0,3682008.598583918,4543056852723.345,1772609.1269253802,454305685272334.5,8468250.267703004,3.5943230614066124e-09,1,24,1,1.5462084156374658e+16,1.5462084156374656e+16,0
371,245000000.0,0,349183.45865306817,5028686.895429551,0,0.9250584394872705,5.71129204015724,0,0.0,3557980.31543719,4961032758897.016,2082074.7507161512,496103275889701.56,8468250.267703004,3.5943230614066124e-09,1,24,1,1.5389396672374878e+16,1.5389396672374878e+16,0
372,245000000.0,0,582543.6953253209,5024547.217273875,0,0.4666422400867376,0.968790517046142,0,0.0,3678444.924245896,4690048127494.377,1848714.5140438983,469004812749437.7,8452053.709555099,4.598405212163925e-09,1,24,1,1.5470818027501784e+16,1.5470818027501784e+16,0
373,245000000.0,0,625000.0,5008342.649265897,0,0.506345517603897,1.1044173897297291,0,0.0,4587393.570883444,5001651600946.084,1615354.2773716454,500165160094608.4,8452053.709555099,4.598405212163925e-09,1,24,1,1.5395511406398484e+16,1.5395511406398484e+16,0
374,245000000.0,0,502389.16866982635,5025321.785713652,0,0.6766547746380208,3.9730691967109104,0,0.0,4581076.576538854,5096499942372.208,1928869.0406993926,509649994237220.8,8452041.123207446,4.500179784372449e-09,1,24,1,1.5402958475069362e+16,1.5402958475069364e+16,0
375,245000000.0,0,625000.0,5029232.2372707855,0,0.48224968615811303,1.0806464378901877,0,0.0,4309659.884374098,4977214932393.962,1695508.8040271397,497721493239396.2,8452041.123207446,4.383764462545514e-09,1,24,1,1.5408289647306744e+16,1.5408289647306744e+16,0
376,245000000.0,0,422234.6420143319,5064167.738035991,0,0.7641299117269639,4.7255111029693895,0,0.0,4014984.9566670195,5143527333150.335,2009023.5673548868,514352733315033.5,8376336.076120682,3.8598955143243074e-09,1,24,1,1.5393315574863268e+16,1.5393315574863268e+16,0
377,245000000.0,0,625000.0,5082778.767051232,0,0.4808369863564864,1.0578771949507255,0,0.0,3972022.3490149723,5038778963318.853,1775663.330682634,503877896331885.25,8376336.076120682,3.8598955143243074e-09,1,24,1,1.5432726774132998e+16,1.5432726774133e+16,0
378,245000000.0,0,342080.1153588374,5112611.748295383,0,0.9335468882148684,5.829542169496306,0,0.0,3856092.3449421963,5319547058950.326,2089178.094010381,531954705895032.6,8376336.076120682,3.8598955143243074e-09,1,24,1,1.5389066312099404e+16,1.5389066312099404e+16,0
379,245000000.0,0,575440.3520310902,5118271.515966947,0,0.4744900204243834,1.036047649412784,0,0.0,3972403.418610029,5179860858996.999,1855817.8573381281,517986085899699.9,8376753.658536269,3.8598955143243074e-09,1,24,1,1.5441465980133168e+16,1.5441465980133168e+16,0
380,245000000.0,0,625000.0,5154280.792574866,0,27.806707800641004,300.4258303327826,0,0.0,3499208.651209506,4027033272767.544,1778707.6206658753,402703327276754.4,8376753.658536269,3.8598955143243074e-09,1,24,1,1.538299157813601e+16,1.538299157813601e+16,0
381,245000000.0,0,625000.0,5150451.4446051475,0,0.4693801978939368,1.0151008047796775,0,0.0,3582263.8838089835,3980281712897.5767,1545347.3839936224,398028171289757.7,8376753.658536269,3.8598955143243074e-09,1,24,1,1.5450201135020092e+16,1.5450201135020092e+16,0
382,245000000.0,0,572396.0620478485,5166624.382344443,0,0.6832099186662609,3.487990470072508,0,0.0,3466333.8797362074,4210120104816.884,1858862.1473213695,421012010481688.4,8376748.927425453,5.067704478278756e-09,1,24,1,1.5414587049381402e+16,1.5414587049381406e+16,0
383,245000000.0,0,625000.0,5159892.441121217,0,0.4647534290496277,0.9949841826360072,0,0.0,3582749.349007937,4097169032858.6646,1625501.9106491166,409716903285866.44,8376748.927425453,5.067704478278756e-09,1,24,1,1.5458934270243644e+16,1.5458934270243644e+16,0
384,245000000.0,0,492241.535392354,5173860.326134749,0,0.746521583982811,4.054808560291014,0,0.0,3470495.461141092,4428046771149.268,1939016.6739768637,442804677114926.75,8369396.695013593,5.1259121391922235e-09,1,24,1,1.5405722759351642e+16,1.5405722759351642e+16,0
385,245000000.0,0,625000.0,5167122.260362795,0,0.461049128672763,0.9774021592064689,0,0.0,3590587.046618752,4245069389267.473,1705656.4373046109,424506938926747.3,8369396.695013593,5.1259121391922235e-09,1,24,1,1.5467262061149622e+16,1.5467262061149624e+16,0
386,245000000.0,0,412087.00873685954,5186107.471418298,0,0.8308639314073512,4.841595009525026,0,0.0,3478333.1587519064,4668369510231.515,2019171.200632358,466836951023151.44,8369396.695013593,5.1259121391922235e-09,1,24,1,1.5396844764390808e+16,1.5396844764390806e+16,0
387,245000000.0,0,625000.0,5179459.102772636,0,0.4574548799507503,0.9604307181685314,0,0.0,3598424.7442295663,4411048965726.091,1785810.963960105,441104896572609.06,8369396.695013593,5.1259121391922235e-09,1,24,1,1.5475187376534138e+16,1.5475187376534138e+16,0
388,245000000.0,0,625000.0,5159574.735624133,0,0.49489217046076484,1.0946663391429947,0,0.0,4529880.031970073,4758011600880.609,1552450.7272878522,475801160088060.94,8369396.695013593,5.1259121391922235e-09,1,24,1,1.5398031064364044e+16,1.5398031064364042e+16,0
389,245000000.0,0,565292.7187536177,5165336.572848709,0,0.6337446747821163,3.5317423900520937,0,0.0,4564882.105135498,4826998436613.085,1865965.4906155993,482699843661308.5,8369396.695013593,5.242327461019158e-09,1,24,1,1.540992129746077e+16,1.5409921297460768e+16,0
390,245000000.0,0,625000.0,5167091.806926369,0,0.4736812760770739,1.073422555768723,0,0.0,4297145.077509783,4748516699832.788,1632605.2539433464,474851669983278.8,8369396.695013593,5.1259121391922235e-09,1,24,1,1.5407040618868218e+16,1.5407040618868216e+16,0
391,245000000.0,0,485138.19209812325,5200098.899317594,0,0.7044311268029357,4.11405652242257,0,0.0,3935594.138521694,4864901987088.971,1946120.0172710936,486490198708897.06,8369396.695013593,5.1259121391922235e-09,1,24,1,1.5400302487441448e+16,1.540030248744145e+16,0
392,245000000.0,0,625000.0,5218619.24361695,0,0.47343443758140136,1.0529876159078246,0,0.0,3896304.098742465,4787264322961.256,1712759.7805988407,478726432296125.56,8369396.695013593,5.1259121391922235e-09,1,24,1,1.5434699969185856e+16,1.5434699969185856e+16,0
393,245000000.0,0,404983.6654426288,5248810.798093999,0,0.8373145003559808,4.926306573983648,0,0.0,3779202.6003897577,5042195221185.339,2026274.5439265878,504219522118533.9,8369963.834756248,6.144546205177903e-09,1,24,1,1.5396067407488006e+16,1.5396067407488006e+16,0
394,245000000.0,0,625000.0,5258154.780091775,0,0.46788866406319407,1.0333161882389386,0,0.0,3899294.1858674176,4931590619610.453,1792914.307254335,493159061961045.3,8369963.834756248,6.144546205177903e-09,1,24,1,1.5443010778942252e+16,1.5443010778942254e+16,0
395,245000000.0,0,324835.83583945164,5282621.505253132,0,0.9608545533115364,6.138060274577826,0,0.0,3787026.903895938,5280461357780.828,2106422.373529765,528046135778082.8,8369997.4094202705,3.0122464522719383e-09,1,24,1,1.5387168947074716e+16,1.5387168947074716e+16,0
396,245000000.0,0,558202.7695640216,5279389.7990239225,0,0.4633185199958967,1.0140761066722352,0,0.0,3905990.169317578,5093508540773.605,1873055.4398051947,509350854077360.56,8396195.420998462,3.9071892388165e-09,1,24,1,1.5450939560055434e+16,1.5450939560055434e+16,0
397,245000000.0,0,625000.0,5308928.293274179,0,27.815658533036796,300.46445941634215,0,0.0,3435336.501014648,3990066905220.8745,1795938.5060806246,399006690522087.44,8396195.420998462,3.827153705060482e-09,1,24,1,1.5382436261188872e+16,1.5382436261188874e+16,0
398,245000000.0,0,625000.0,5296921.075642251,0,0.45975893863360073,0.9968183426019198,0,0.0,3527216.170561267,3909020568423.6987,1562571.5723560546,390902056842369.9,8383628.7452993635,4.700268618762493e-09,1,24,1,1.5459111393657096e+16,1.5459111393657096e+16,0
399,245000000.0,0,555178.5707377319,5309142.167091802,0,0.6924119039415246,3.5959673839053887,0,0.0,3418623.7729129307,4201358551750.811,1876079.6386314845,420135855175081.1,8389549.27918091,5.3551048040390015e-09,1,24,1,1.5412699873392286e+16,1.5412699873392286e+16,0
400,245000000.0,0,625000.0,5303171.726872046,0,0.45674915971554886,0.9816495238119608,0,0.0,3543870.37618412,4062527881478.043,1642712.7049069144,406252788147804.3,8389549.27918091,5.573383532464504e-09,1,24,1,1.5465906713036566e+16,1.5465906713036566e+16,0
401,245000000.0,0,475037.43818687205,5315658.378933334,0,0.7596213619418979,4.201350229128166,0,0.0,3437046.072832199,4441713853480.548,1956220.7711823443,444171385348054.8,8388973.35752885,4.903995431959629e-09,1,24,1,1.5403833545747838e+16,1.5403833545747838e+16,0
402,245000000.0,0,625000.0,5309975.936836821,0,0.45383888401412786,0.9670700754331182,0,0.0,3562580.636929418,4234090841400.224,1722853.8374577742,423409084140022.44,8388973.35752885,4.925823304802179e-09,1,24,1,1.5472670154260206e+16,1.5472670154260206e+16,0
403,245000000.0,0,625000.0,5307399.594178822,0,0.5789398055521866,2.542842750308869,0,0.0,4166865.15650463,4412188977700.082,1645736.9037332041,441218897770008.2,8448532.652994335,3.754394128918648e-09,1,24,1,1.5396255475438912e+16,1.5396255475438912e+16,0
404,245000000.0,0,472013.2393605823,5292345.092761535,0,0.6997486211430164,4.22821146127663,0,0.0,4267746.645777801,4802113225369.419,1959244.970008634,480211322536941.9,8384457.366349409,3.2741809263825417e-09,1,24,1,1.5399604191619156e+16,1.5399604191619154e+16,0
405,245000000.0,0,625000.0,5273363.984259171,0,0.47275936282808917,1.0035701202190896,0,0.0,4697321.982299979,4767534078326.596,1725878.036284064,476753407832659.56,8384457.366349409,4.2273313738405704e-09,1,24,1,1.544142107057856e+16,1.5441421070578558e+16,0
406,245000000.0,0,625000.0,5276067.12043511,0,0.5668022290311813,2.552657798755233,0,0.0,4352849.342948313,4684864270553.434,1648761.1025594939,468486427055343.4,8372644.471066807,4.743924364447594e-09,1,24,1,1.5384262063828846e+16,1.5384262063828848e+16,0
407,245000000.0,0,468989.0405342926,5296416.568627642,0,0.7016610382340283,4.255418376833557,0,0.0,4239124.855124392,4984311845772.307,1962269.1688349238,498431184577230.7,8372644.471066807,4.729372449219227e-09,1,25,1,1.53974178485278e+16,1.53974178485278e+16,0
408,245000000.0,0,625000.0,5311831.108807713,0,0.452337330867882,1.0480614054233726,0,0.0,4213556.645437524,4834511540590.814,1709715.9322274143,483451154059081.44,8475934.055784706,3.776222001761198e-09,1,25,1,1.5421531792455636e+16,1.5421531792455636e+16,0
409,245000000.0,0,427220.51374931145,5355456.795070141,0,0.8081959817470928,4.670490870436998,0,0.0,3839012.289993046,4939286637861.8,2004037.695619905,493928663786180.0,8475934.055784706,4.212779458612204e-09,1,25,1,1.5393218442071338e+16,1.5393218442071338e+16,0
410,245000000.0,0,625000.0,5371534.859377921,0,0.4635216685837169,1.0315349297207241,0,0.0,3938505.919249816,4807605551190.674,1751484.4590123955,480760555119067.4,8475934.055784706,3.776222001761198e-09,1,25,1,1.5436638541487868e+16,1.5436638541487868e+16,0
411,245000000.0,0,375017.9625757738,5404046.985109991,0,0.8743321504031143,5.318894837628846,0,0.0,3741079.6125824517,5068145819241.503,2056240.2467934424,506814581924150.3,8434197.958230479,4.18367562815547e-09,1,25,1,1.5391798676326108e+16,1.5391798676326108e+16,0
412,245000000.0,0,617137.1747947268,5408612.736462825,0,0.4579096922218394,1.015521562243319,0,0.0,3866756.5054581203,4890725460910.255,1814121.0345744896,489072546091025.5,8434197.958230479,3.979948814958334e-09,1,25,1,1.5450092241163824e+16,1.5450092241163824e+16,0
413,245000000.0,0,312381.3870136797,5432685.674553556,0,0.9815925018462918,6.381999961959119,0,0.0,3729956.7447041236,5255049986233.964,2118876.8223555367,525504998623396.4,8415872.038792375,4.256435204297304e-09,1,25,1,1.5384839893383658e+16,1.5384839893383658e+16,0
414,245000000.0,0,554500.5992326327,5428172.007578575,0,0.4538924443746061,0.9999977720744777,0,0.0,3855633.637579792,5011725432497.898,1876757.610136584,501172543249789.9,8415872.038792375,4.052708391100168e-09,1,25,1,1.5457781892579704e+16,1.5457781892579704e+16,0
415,245000000.0,0,625000.0,5452903.001508785,0,27.81421545139061,300.51079615115356,0,0.0,3382941.3182365084,3916263257612.6846,1790888.397917631,391626325761268.44,8415872.038792375,4.154571797698736e-09,1,25,1,1.538231505924257e+16,1.5382315059242568e+16,0
416,245000000.0,0,625000.0,5442310.802405194,0,0.4513628636834855,0.9849414454573462,0,0.0,3466498.9988932246,3785909473981.005,1548769.1856986783,378590947398100.5,8415872.038792375,4.052708391100168e-09,1,25,1,1.5464481576312984e+16,1.5464481576312984e+16,0
417,245000000.0,0,577733.2358894916,5451336.789945159,0,0.6731251423322301,3.45582364373125,0,0.0,3342312.4673309876,4063278853303.8423,1853524.9734797254,406327885330384.25,8415872.038792375,4.7584762796759605e-09,1,25,1,1.5414247834858658e+16,1.5414247834858656e+16,0
418,245000000.0,0,625000.0,5446592.735508652,0,0.44868252122023466,0.9703317806910341,0,0.0,3467989.360206656,3885308048471.5537,1611405.7612607726,388530804847155.4,8415872.038792375,4.7584762796759605e-09,1,25,1,1.547118164998516e+16,1.5471181649985162e+16,0
419,245000000.0,0,515096.6603273975,5456326.677193868,0,0.7205119343767549,3.875243057630435,0,0.0,3330374.6035793936,4222777629254.8794,1916161.5490418198,422277762925487.94,8442728.488922428,4.685716703534126e-09,1,25,1,1.5407321933764882e+16,1.5407321933764882e+16,0
420,245000000.0,0,625000.0,5452229.037278939,0,0.4447697348825934,0.9500501616110583,0,0.0,3442623.2713900367,3955833880717.893,1674042.336822867,395583388071789.3,8442728.488922428,4.685716703534126e-09,1,25,1,1.547935553656288e+16,1.5479355536562882e+16,0
421,245000000.0,0,625000.0,5441869.3059597155,0,0.556565407182963,2.3694293811104328,0,0.0,4055608.9276749343,4114791890631.318,1588173.124603914,411479189063131.8,8442728.488922428,4.685716703534126e-09,1,25,1,1.540341342837585e+16,1.5403413428375852e+16,0
422,245000000.0,0,538329.2969842562,5428250.655881586,0,0.6482185760027317,3.7083095822595054,0,0.0,4116043.8059777394,4442659344788.747,1892928.9123849613,444265934478874.7,8451320.848781645,3.899913281202316e-09,1,25,1,1.5405994446559776e+16,1.5405994446559774e+16,0
423,245000000.0,0,625000.0,5409851.2456034,0,0.4554398901957244,0.9737257153085465,0,0.0,4537244.650279926,4325333367013.719,1650809.7001660084,432533336701371.94,8451320.848781645,3.7834979593753815e-09,1,25,1,1.5451256795173062e+16,1.5451256795173064e+16,0
424,245000000.0,0,625000.0,5409727.072753638,0,0.5367265029787874,2.30596003125654,0,0.0,4161900.800635306,4142919438231.0317,1564940.4879470556,414291943823103.2,8451320.848781645,3.7834979593753815e-09,1,25,1,1.5395748575080976e+16,1.5395748575080978e+16,0
425,245000000.0,0,561561.9336411152,5431217.4938259255,0,0.6295091445259724,3.5551641168737422,0,0.0,3971900.9851478427,4405107546135.472,1869696.2757281028,440510754613547.2,8451320.848781645,3.7834979593753815e-09,1,25,1,1.5405380400285642e+16,1.5405380400285642e+16,0
426,245000000.0,0,625000.0,5441280.360311887,0,0.43690467934673033,0.9986114313703618,0,0.0,3952090.8532788884,4228815192131.892,1627577.06350915,422881519213189.2,8451320.848781645,3.7834979593753815e-09,1,25,1,1.543987751254936e+16,1.543987751254936e+16,0
427,245000000.0,0,498925.3580790211,5481703.143122304,0,0.7338182320835579,4.000597224523803,0,0.0,3584986.3215464978,4417144526303.223,1932332.851290197,441714452630322.25,8451320.848781645,3.7834979593753815e-09,1,25,1,1.540230725336905e+16,1.5402307253369048e+16,0
428,245000000.0,0,625000.0,5497089.919420864,0,0.4475253394416652,0.9771434752261745,0,0.0,3671051.7257382423,4231387303386.5396,1690213.6390712443,423138730338653.94,8451320.848781645,3.7834979593753815e-09,1,25,1,1.545791841692878e+16,1.5457918416928778e+16,0
429,245000000.0,0,436288.782516927,5529938.8541795565,0,0.793988509530913,4.573636644618438,0,0.0,3460197.1940058516,4559971669095.568,1994969.4268522914,455997166909556.8,8451320.848781645,3.7834979593753815e-09,1,25,1,1.5398600905262014e+16,1.5398600905262014e+16,0
430,245000000.0,0,625000.0,5531234.481137934,0,0.44188152636194944,0.9565791215793021,0,0.0,3572445.8618164947,4277069527704.0234,1752850.2146333386,427706952770402.4,8451320.848781645,3.7834979593753815e-09,1,25,1,1.5474310934644742e+16,1.5474310934644742e+16,0
431,245000000.0,0,625000.0,5514890.459172825,0,0.47303478050860054,1.0873425109918784,0,0.0,4497931.518101392,4602141300328.393,1510731.0024143858,460214130032839.25,8451320.848781645,3.7834979593753815e-09,1,25,1,1.5397952693423272e+16,1.5397952693423272e+16,0
432,245000000.0,0,615771.419173786,5522491.852071719,0,0.5971304575119526,3.24269241055164,0,0.0,4519678.0746147735,4604596960060.266,1815486.790195433,460459696006026.56,8451320.848781645,3.7834979593753815e-09,1,25,1,1.541457543407057e+16,1.5414575434070568e+16,0
433,245000000.0,0,625000.0,5531133.557469233,0,0.4484720708654362,1.0619385416106144,0,0.0,4255688.796469007,4497817178036.376,1573367.5779764801,449781717803637.6,8451229.868976282,2.86672729998827e-09,1,25,1,1.540830580225544e+16,1.5408305802255438e+16,0
434,245000000.0,0,553134.8436116918,5551524.732644792,0,0.6364938463977098,3.609229816635558,0,0.0,3855552.5489979666,4538373821991.7295,1878123.3657575273,453837382199172.94,8451230.604120629,2.735760062932968e-09,1,25,1,1.5406631446712014e+16,1.5406631446712012e+16,0
435,245000000.0,0,625000.0,5571797.353481329,0,0.45621325265303503,1.0376943180725797,0,0.0,3794680.4668677794,4436556707108.342,1636004.1535385745,443655670710834.2,8451230.604120629,2.735760062932968e-09,1,25,1,1.5437544593091286e+16,1.5437544593091288e+16,0
436,245000000.0,0,490498.26804959774,5596051.932907577,0,0.7380583085412132,4.069190330896908,0,0.0,3620426.1559568,4617928201571.889,1940759.9413196216,461792820157188.9,8451230.604120629,2.735760062932968e-09,1,25,1,1.5404607966717278e+16,1.5404607966717278e+16,0
437,245000000.0,0,625000.0,5603062.876730976,0,0.45089408199592335,1.0145323845391772,0,0.0,3732674.4561952697,4473641941283.98,1698640.7291006688,447364194128398.06,8451230.604120629,2.735760062932968e-09,1,25,1,1.5450054904380108e+16,1.5450054904380104e+16,0
438,245000000.0,0,427861.69248750363,5622841.336954881,0,0.8014272618686985,4.663508154341104,0,0.0,3620991.653762593,4788718448996.472,2003396.516881716,478871844899647.2,8399130.22887589,3.3032847568392754e-09,1,25,1,1.539767303187222e+16,1.5397673031872218e+16,0
439,245000000.0,0,625000.0,5622100.284773531,0,0.44878938843188554,1.005258100556252,0,0.0,3743654.625419775,4622355186095.534,1761277.3046627631,462235518609553.44,8460729.366845638,3.194145392626524e-09,1,25,1,1.5456866514874904e+16,1.5456866514874906e+16,0
440,245000000.0,0,365225.11692540953,5636493.767889189,0,0.8848496979938415,5.461121882602464,0,0.0,3631853.9571314882,4996136208002.759,2066033.0924438103,499613620800275.9,8460729.366845638,3.194145392626524e-09,1,25,1,1.5390724445468248e+16,1.5390724445468246e+16,0
441,245000000.0,0,607344.3291443625,5632250.412084831,0,0.4473251385681775,0.9961518411546083,0,0.0,3769916.713281107,4784861672857.89,1823913.8802248575,478486167285788.94,8460729.366845638,3.194145392626524e-09,1,25,1,1.5460852358505366e+16,1.5460852358505364e+16,0
442,245000000.0,0,625000.0,5624216.908386009,0,0.5891533508232986,2.880957919766799,0,0.0,4402754.690750899,4995541592473.897,1738044.6680059046,499554159247389.75,8422977.29749222,1.1859810911118984e-09,1,25,1,1.5384660370086386e+16,1.5384660370086384e+16,0
443,245000000.0,0,388457.7535822684,5616565.834187627,0,0.773844523080389,5.135345185976695,0,0.0,4449146.802949105,5320285076378.571,2042800.4557869518,532028507637857.1,8495771.37985874,2.546585164964199e-09,1,25,1,1.5389420627930792e+16,1.538942062793079e+16,0
444,245000000.0,0,625000.0,5621160.855266427,0,0.4412908820584717,1.042851055134911,0,0.0,4264254.553791993,5087855624108.956,1800681.243567999,508785562410895.6,8495771.37985874,2.546585164964199e-09,1,25,1,1.5427763088786862e+16,1.5427763088786862e+16,0
445,245000000.0,0,325821.17802017427,5628346.089673954,0,0.7723731880523756,6.119554467417477,0,0.0,4101134.6267151153,5480974132746.246,2105437.031349046,548097413274624.6,8434887.28638659,1.0622898116707802e-09,1,26,1,1.5381795280643636e+16,1.5381795280643636e+16,0
446,245000000.0,0,567940.3902391272,5649132.405620785,0,0.4548796336812738,1.0330542983121629,0,0.0,4089488.126662108,5200948539911.92,1863317.8191300933,520094853991192.0,8434885.658422912,1.4260876923799515e-09,1,26,1,1.5445133673738464e+16,1.5445133673738466e+16,0
447,245000000.0,0,234375.0,5680985.93567044,0,28.53062048775581,308.4970791290494,0,0.0,3622641.740777239,4078446795525.649,1777448.6069111405,407844679552564.9,8434885.658422912,1.4260876923799515e-09,1,26,1,1.537412000873723e+16,1.537412000873723e+16,0
448,245000000.0,0,434375.0,5662927.453190237,0,0.45325265172058926,1.0234398939213563,0,0.0,4100896.036147223,4143554441051.2256,1535329.3946921877,414355444105122.56,8434885.658422912,2.35741026699543e-09,1,26,1,1.5440309506840662e+16,1.5440309506840664e+16,0
449,245000000.0,0,591173.0268959859,5668071.68846393,0,0.6075973199156041,3.377391250802945,0,0.0,4221696.456104708,4407717513023.91,1840085.1824732348,440771751302391.0,8434885.658422912,1.5425030142068863e-09,1,26,1,1.5411870996001464e+16,1.5411870996001462e+16,0
450,245000000.0,0,746318.2248657331,5679982.63000284,0,0.43503074690696525,1.0140027975701027,0,0.0,3992544.9314294383,4203143863200.1665,1597965.970254282,420314386320016.6,8434885.658422912,1.4260876923799515e-09,1,26,1,1.5438544866982138e+16,1.5438544866982138e+16,0
451,245000000.0,0,528536.4513338918,5701475.227054551,0,0.6463645947101785,3.776888248131058,0,0.0,3681824.1585904164,4435354558559.432,1902721.7580353292,443535455855943.2,8437346.023433862,1.9936123862862587e-09,1,26,1,1.5403928488416168e+16,1.5403928488416166e+16,0
452,245000000.0,0,746318.2248657331,5722312.798893414,0,0.44870087405491993,1.0047381492225935,0,0.0,3646766.5323713776,4275587787743.6323,1660602.5458163763,427558778774363.25,8437346.023433862,8.221832104027271e-10,1,26,1,1.5457096845444754e+16,1.5457096845444752e+16,0
453,245000000.0,0,465899.8757717977,5749798.517280421,0,0.7587091516608933,4.283573639196086,0,0.0,3534965.864083091,4589169938018.784,1965358.3335974235,458916993801878.44,8437346.023433862,1.0622898116707802e-09,1,26,1,1.5401893196075584e+16,1.5401893196075582e+16,0
454,245000000.0,0,708019.0879907507,5755854.524631333,0,0.44658286826146165,0.9956412648537887,0,0.0,3673028.6202327097,4425557331482.473,1723239.1213784707,442555733148247.25,8437346.023433862,8.221832104027271e-10,1,26,1,1.5461085280068054e+16,1.5461085280068056e+16,0
455,245000000.0,0,403263.3002097036,5776434.747333522,0,0.8287936637481835,4.947270748946391,0,0.0,3561227.951944423,4797871049255.391,2027994.9091595178,479787104925539.06,8437346.023433862,8.221832104027271e-10,1,26,1,1.539495369995265e+16,1.5394953699952646e+16,0
456,245000000.0,0,645382.5124286566,5779802.759731614,0,0.4446419254994424,0.986707628552919,0,0.0,3699290.708094042,4584696659773.096,1785875.696940565,458469665977309.56,8437346.023433862,8.221832104027271e-10,1,26,1,1.5465073190875174e+16,1.5465073190875176e+16,0
457,245000000.0,0,731251.7246476095,5772232.456135852,0,0.5674375557650874,2.731301180563944,0,0.0,4320245.796055248,4786017570190.135,1700006.4847216122,478601757019013.5,8437346.023433862,8.221832104027271e-10,1,26,1,1.5389119168914192e+16,1.5389119168914194e+16,0
458,245000000.0,0,426495.93686656246,5767808.559524026,0,0.7279808815205804,4.678407038577948,0,0.0,4398240.11061149,5151068611661.857,2004762.2725026594,515106861166185.75,8386772.880883879,3.710738383233547e-10,1,26,1,1.5393660478569006e+16,1.5393660478569006e+16,0
459,245000000.0,0,668615.1490855154,5752577.911366012,0,0.43702866300478876,1.0461620729713557,0,0.0,4870541.614527643,5175521811988.252,1762643.0602837065,517552181198825.2,8386772.880883879,6.621121428906918e-10,1,26,1,1.5430027261955602e+16,1.5430027261955602e+16,0
460,245000000.0,0,355693.22486573306,5788086.66407424,0,28.22891808123069,305.60705912132994,0,0.0,3719122.15650188,3803068762058.6943,1676773.8480647537,380306876205869.44,8386772.880883879,8.36735125631094e-10,1,26,1,1.5381858278047492e+16,1.5381858278047494e+16,0
461,245000000.0,0,555693.2248657331,5808221.829159294,0,0.45864005825435883,1.050061501082069,0,0.0,3771700.340769711,3935520128884.796,1434654.6358458009,393552012888479.56,8386772.880883879,6.621121428906918e-10,1,26,1,1.5427807879965392e+16,1.5427807879965388e+16,0
462,245000000.0,0,691847.7857423741,5834606.994057851,0,0.6004408208449009,2.8866369225053314,0,0.0,3506140.6158340396,3999612574343.0728,1739410.423626848,399961257434307.25,8386772.880883879,9.531504474580288e-10,1,26,1,1.5426862905649112e+16,1.5426862905649114e+16,0
463,245000000.0,0,933966.9979613271,5856869.259876735,0,0.4589376877697904,1.053990107134956,0,0.0,3669489.9432586497,4097562057072.5166,1497291.2114078952,409756205707251.7,8386772.880883879,6.621121428906918e-10,1,26,1,1.5439479265052186e+16,1.5439479265052188e+16,0
464,245000000.0,0,629211.21018028,5875616.410306651,0,0.6334465155738084,3.173539232074076,0,0.0,3582975.846245354,4240766863601.9453,1802046.9991889424,424076686360194.5,8386772.880883879,8.36735125631094e-10,1,26,1,1.541995057553943e+16,1.5419950575539432e+16,0
465,245000000.0,0,871330.422399233,5883783.666798898,0,0.4593191313875048,1.0579482198510826,0,0.0,3746325.173669964,4316250999939.445,1559927.7869699895,431625099993944.5,8386772.880883879,6.621121428906918e-10,1,26,1,1.5437925696892736e+16,1.5437925696892734e+16,0
466,245000000.0,0,566574.6346181859,5896741.279504995,0,0.6733011647249209,3.523765647746791,0,0.0,3641783.297656306,4465205629093.556,1864683.5747510367,446520562909355.56,8422828.438884603,2.255546860396862e-10,1,26,1,1.541303236777535e+16,1.5413032367775352e+16,0
467,245000000.0,0,808693.8468371389,5891502.396648332,0,0.458205668712386,1.0518675126645773,0,0.0,3787104.8460805537,4473811759598.346,1622564.3625320839,447381175959834.56,8422828.438884603,2.255546860396862e-10,1,26,1,1.5438349876271626e+16,1.5438349876271624e+16,0
468,245000000.0,0,503938.0590560918,5906488.4582109805,0,0.7221276327954863,3.960881862893656,0,0.0,3682562.9700668957,4673135962629.789,1927320.150313131,467313596262978.9,8500775.228064848,1.4551915228366852e-11,1,26,1,1.5406106899805436e+16,1.5406106899805436e+16,0
469,245000000.0,0,746057.2712750448,5902859.880004924,0,0.4573219504268493,1.0458563054680603,0,0.0,3827884.5184911443,4639696924668.913,1685200.9380941782,463969692466891.3,8500775.228064848,1.4551915228366852e-11,1,26,1,1.544074508981588e+16,1.544074508981588e+16,0
470,245000000.0,0,441301.4834939977,5918715.169586123,0,0.7830176107756733,4.521802604415504,0,0.0,3723336.272299004,4889387936795.651,1989956.7258752254,488938793679565.1,8500798.482451957,1.4988472685217857e-09,1,26,1,1.5399172196953158e+16,1.539917219695316e+16,0
471,245000000.0,0,683420.6957129507,5915147.95279642,0,0.4563524818730116,1.0399128115994416,0,0.0,3868656.7075598417,4813901066779.619,1747837.5136562726,481390106677961.94,8500798.482451957,1.4988472685217857e-09,1,26,1,1.544314065380169e+16,1.5443140653801692e+16,0
472,245000000.0,0,378664.9079319036,5930587.573634599,0,0.8616350342781917,5.267803155404392,0,0.0,3764113.718382774,5113964213352.738,2052593.3014373197,511396421335273.8,8500798.482451957,1.4988472685217857e-09,1,26,1,1.5392225986881996e+16,1.5392225986881998e+16,0
473,245000000.0,0,620784.1201508566,5925390.742230918,0,0.4554794846089199,1.0340364885353592,0,0.0,3909434.153643612,4996431006011.648,1810474.089218367,499643100601164.9,8500798.482451957,1.4988472685217857e-09,1,26,1,1.5445535963457562e+16,1.5445535963457562e+16,0
474,245000000.0,0,316028.3323698095,5940378.567488132,0,0.9677969332199501,6.308584425404054,0,0.0,3804891.164466543,5346864992647.668,2115229.876999414,534686499264766.8,8500798.482451957,1.4988472685217857e-09,1,26,1,1.5385265705463288e+16,1.5385265705463288e+16,0
475,245000000.0,0,558147.5445887625,5935037.999584709,0,0.4547028772394387,1.028226203971026,0,0.0,3950211.599727381,5187285447981.52,1873110.6647804612,518728544798151.94,8490965.776836516,2.1973391994833946e-09,1,26,1,1.5447930920478614e+16,1.5447930920478616e+16,0
476,245000000.0,0,644016.7568077154,5961342.830521995,0,27.812187720028945,300.567403043925,0,0.0,3497162.8227692656,4053503920862.292,1787241.4525615084,405350392086229.2,8490965.776836516,2.1973391994833946e-09,1,26,1,1.5382421371023432e+16,1.5382421371023434e+16,0
477,245000000.0,0,886135.9690266683,5950503.8123963745,0,0.45395150548355967,1.022480850909279,0,0.0,3600364.045811151,4026749751796.612,1545122.2403425556,402674975179661.2,8490965.776836516,2.1973391994833946e-09,1,26,1,1.5450325777139724e+16,1.5450325777139724e+16,0
478,245000000.0,0,584692.2280302285,5960557.72751121,0,0.6623725935997736,3.414762744464447,0,0.0,3489196.963064868,4226619417278.539,1846565.9813389953,422661941727853.9,8504213.963974945,2.7066562324762344e-09,1,26,1,1.5414673382744266e+16,1.5414673382744266e+16,0
479,245000000.0,0,830123.4870337888,5955603.630601368,0,0.45320659115459927,1.016799346957461,0,0.0,3634517.398325706,4164062363533.3296,1601134.722335435,416406236353332.94,8504213.963974945,2.5902409106492996e-09,1,26,1,1.5452720590269404e+16,1.5452720590269402e+16,0
480,245000000.0,0,492334.7388345009,5950105.785565239,0,0.7343157481345034,4.054042504132149,0,0.0,3816119.626317718,4751337211188.626,1938923.4705347228,475133721118862.6,7460842.792794989,2.8358044801279902e-09,1,26,1,1.5408434726606182e+16,1.540843472660618e+16,0
481,245000000.0,0,701420.990635213,5926242.370132087,0,0.46790863934651494,1.0801222071729044,0,0.0,4087683.7133698864,5056461142513.753,1729837.2187340108,505646114251375.3,7460842.792794989,2.8358044801279902e-09,1,26,1,1.5441245897558438e+16,1.544124589755844e+16,0
482,245000000.0,0,363632.24243592506,5928916.4514004225,0,0.8866769675611254,5.484978472114817,0,0.0,4175450.2968206294,5602134469362.278,2067625.9669332989,560213446936227.8,7460842.792794989,2.8358044801279902e-09,1,26,1,1.539416490566143e+16,1.539416490566143e+16,0
483,245000000.0,0,572718.4942366371,5906484.062768476,0,0.48268244175442515,1.1491096617553933,0,0.0,4438715.018534791,5987679197356.944,1858539.715132587,598767919735694.4,7477441.5234710025,3.0449882615357637e-09,1,26,1,1.5415963266489062e+16,1.5415963266489062e+16,0
484,245000000.0,0,625554.7460373492,5924652.973226037,0,27.829622015737232,300.6381200912195,0,0.0,4136643.488448239,4949612205887.872,1805703.463331875,494961220588787.2,7465297.650605909,4.341927706263959e-09,1,26,1,1.5382831830430776e+16,1.5382831830430774e+16,0
485,245000000.0,0,678390.9978380613,5913899.319758465,0,0.6235988820508941,2.943812924169356,0,0.0,4234571.958361689,5392061600627.009,1752867.211531163,539206160062700.9,7465297.650605909,4.341927706263959e-09,1,26,1,1.5397819028137948e+16,1.5397819028137952e+16,0
486,245000000.0,0,340602.2496387734,5909832.843081768,0,0.9256623923225757,5.854762379682499,0,0.0,4314407.50032799,5886450422840.733,2090655.959730451,588645042284073.4,7464561.002898778,4.229150363244116e-09,1,26,1,1.5391604063321872e+16,1.5391604063321876e+16,0
487,245000000.0,0,549688.5014394855,5892936.863755492,0,0.4910864664989847,1.1888272884506306,0,0.0,4578040.545895717,6339029576346.103,1881569.707929739,633902957634610.2,7464561.002898778,4.229150363244116e-09,1,26,1,1.5403251459414242e+16,1.540325145941424e+16,0
488,245000000.0,0,758774.7532401975,5889771.059302548,0,50.35035335064121,300.7729972625393,0,0.0,4276337.339662731,4784993842479.236,1672483.456129027,478499384247923.6,7464561.002898778,4.229150363244116e-09,1,26,1,1.5382089984822674e+16,1.5382089984822674e+16,0
489,245000000.0,0,811611.0050409096,5898320.135126941,0,27.797037622996502,300.99149492169477,0,0.0,3774108.8381864848,3810350915634.4517,1619647.204328315,381035091563445.2,7466662.1838718215,6.071786629036069e-09,1,26,1,1.5396905942718638e+16,1.5396905942718638e+16,0
490,245000000.0,0,473822.2568416217,5894215.038349871,0,0.753811413251153,4.21210246820234,0,0.0,3516444.380152787,4448747529544.376,1957435.9525276031,444874752954437.6,7467031.9468214605,4.940375220030546e-09,1,26,1,1.5406379599567948e+16,1.5406379599567944e+16,0
491,245000000.0,0,682908.5086423338,5873718.51816694,0,0.4529999508281547,0.992832214639559,0,0.0,3780077.425720513,4522465775732.862,1748349.7007268912,452246577573286.25,7469837.865054343,3.4433469409123063e-09,1,26,1,1.5476053964120562e+16,1.5476053964120564e+16,0
492,245000000.0,0,345119.7604430459,5864221.054239991,0,0.9184696903576336,5.778346770608899,0,0.0,3859912.967686815,5211333087051.083,2086138.4489261792,521133308705108.3,7469837.865054343,3.712557372637093e-09,1,26,1,1.5392102127408346e+16,1.539210212740835e+16,0
493,245000000.0,0,554589.374717698,5846823.791447226,0,0.46781430189418666,1.0487368895708697,0,0.0,4123167.4998039193,5370306647525.734,1876668.834651527,537030664752573.44,7471351.918856829,3.370587364770472e-09,1,26,1,1.5452507315627334e+16,1.5452507315627332e+16,0
494,245000000.0,0,607808.9889923501,5854027.478611451,0,27.862987472522025,300.9104539893879,0,0.0,3816925.1656878795,4474551241123.658,1823449.2203768748,447455124112365.8,7487974.980493285,3.5834091249853373e-09,1,26,1,1.538215112918709e+16,1.5382151129187088e+16,0
495,245000000.0,0,817278.6032670022,5833684.558291681,0,0.48297930160155916,1.111313014634063,0,0.0,4071088.5969809536,4880704741702.601,1613979.6061022226,488070474170260.06,7487974.980493285,3.54702933691442e-09,1,26,1,1.5428959159587002e+16,1.5428959159587002e+16,0
496,245000000.0,0,479873.35568434966,5834766.226680342,0,0.7492728543284608,4.159099223024578,0,0.0,4150157.1377139855,5288382747592.53,1951384.8536848752,528838274759253.0,7487539.3668646235,4.230969352647662e-09,1,26,1,1.5407002252061038e+16,1.5407002252061036e+16,0
497,245000000.0,0,689343.1081016972,5815340.488188056,0,0.49966116997371357,1.1818305861000231,0,0.0,4413790.183281711,5784971621322.508,1741915.1012675278,578497162132250.8,7487539.3668646235,4.238245310261846e-09,1,26,1,1.5405406080594582e+16,1.540540608059458e+16,0
498,245000000.0,0,351937.8605190447,5819097.779000875,0,0.9086901293474726,5.666719906611093,0,0.0,4492858.724014742,6184593872915.256,2079320.3488501804,618459387291525.6,7487539.3668646235,4.230969352647662e-09,1,26,1,1.5392812468837728e+16,1.539281246883773e+16,0
499,245000000.0,0,561407.6129363922,5823115.200912168,0,50.402671667549264,301.22961069510444,0,0.0,3853366.769582469,4631535992409.451,1869850.596432833,463153599240945.1,7487539.87688456,5.838955985382199e-09,1,26,1,1.539017940020158e+16,1.5390179400201578e+16,0
500,245000000.0,0,770877.3653537397,5793911.4092596965,0,0.47553673266445845,1.1082463793104445,0,0.0,4818671.291831689,5262172649531.931,1660380.8440154856,526217264953193.06,7478873.117798119,2.5283952709287405e-09,1,26,1,1.5407159128096546e+16,1.5407159128096546e+16,0
501,245000000.0,0,433490.70546526473,5768800.587829179,0,0.730904783205289,4.6030904110097,0,0.0,5125084.99489874,5709710526813.189,1997767.5039039606,570971052681319.0,7475355.752145082,3.0249793780967593e-09,1,26,1,1.5397958448308592e+16,1.5397958448308588e+16,0
502,245000000.0,0,642979.0455767899,5750200.789070459,0,0.4721980477537919,1.179611158605416,0,0.0,5107571.174228742,6140401866338.694,1788279.1637924355,614040186633869.4,7475355.752145082,3.257810021750629e-09,1,26,1,1.5375250475313078e+16,1.5375250475313078e+16,0
503,245000000.0,0,305592.3856883149,5755377.446394067,0,0.8886481763829888,6.523319212608304,0,0.0,4998611.333508848,6466929776267.592,2125665.8236809103,646692977626759.1,7475355.752145082,2.257365849800408e-09,1,26,1,1.5382078401358948e+16,1.5382078401358948e+16,0
504,245000000.0,0,515080.57016401395,5767679.717671143,0,50.53404995632613,301.999113942991,0,0.0,4230179.497860767,4932729994622.364,1916177.6392052113,493272999462236.44,7475355.1296017775,2.4665496312081814e-09,1,26,1,1.5369118780266242e+16,1.5369118780266242e+16,0
505,245000000.0,0,724568.8209231896,5723443.808594604,0,0.48493941732601503,1.1081668908738571,0,0.0,5618336.638059279,5595932597993.276,1706689.3884460356,559593259799327.6,7473912.221121328,3.6161509342491627e-09,1,26,1,1.5399264274042456e+16,1.5399264274042452e+16,0
506,245000000.0,0,777807.0716823654,5756646.799925624,0,27.862284671776674,301.60606311912113,0,0.0,4466254.281362614,4340758825297.4556,1653451.1376868598,434075882529745.56,7475093.255896677,2.7075657271780074e-09,1,26,1,1.5381201568740756e+16,1.5381201568740756e+16,0
507,245000000.0,0,440420.3224415411,5776196.892409088,0,0.7894868639155989,4.53082900428733,0,0.0,3895393.488276273,4823126065106.162,1990837.886927684,482312606510616.2,7475093.255896677,2.7075657271780074e-09,1,26,1,1.5399941673142752e+16,1.539994167314275e+16,0
508,245000000.0,0,649908.5732007169,5783959.003334802,0,0.47013361666230763,1.0452766422153932,0,0.0,4127177.9715581946,5044296142133.48,1781349.6361685083,504429614213348.06,7475093.255896677,3.7080098991282284e-09,1,26,1,1.5445254756241336e+16,1.5445254756241334e+16,0
509,245000000.0,0,312521.8239598926,5800149.988541211,0,0.9800876111722197,6.379141250007051,0,0.0,4138040.094644094,5622505257465.618,2118736.385409333,562250525746561.8,7475093.255896677,3.3260221243835986e-09,1,26,1,1.5388425640918266e+16,1.5388425640918268e+16,0
510,245000000.0,0,522010.0747190683,5805720.048452984,0,0.47954838262414745,1.1089741287691006,0,0.0,4404190.585233873,5922590772415.813,1909248.134650157,592259077241581.4,7475093.255896677,3.0859155231155455e-09,1,26,1,1.5426695576949024e+16,1.5426695576949026e+16,0
511,245000000.0,0,731498.325478244,5835848.720100358,0,50.37331844478202,300.94448520602816,0,0.0,4066101.916429586,4449080808138.321,1699759.8838909813,444908080813832.1,7475614.551002188,3.2023308449424803e-09,1,26,1,1.5382014668849878e+16,1.538201466884988e+16,0
512,245000000.0,0,784736.5762374197,5840145.85366225,0,0.5838742353284597,2.5453823335769927,0,0.0,4156878.5087074335,4803945218834.812,1646521.6331318056,480394521883481.1,7475614.551002188,3.842615114990622e-09,1,26,1,1.5410455066645772e+16,1.541045506664577e+16,0
513,245000000.0,0,447349.8269965955,5843324.108150043,0,0.7822815797183752,4.460802435003921,0,0.0,4084559.1727179377,5257312813195.69,1983908.3823726298,525731281319569.06,7482474.3716607075,3.842615114990622e-09,1,26,1,1.5403393815995736e+16,1.5403393815995738e+16,0
514,245000000.0,0,656838.0777557711,5833934.998998418,0,0.4861615469444249,1.1491354302348156,0,0.0,4350449.015754961,5680750225386.937,1774420.131613454,568075022538693.6,7482474.3716607075,3.2605385058559477e-09,1,26,1,1.5416232161961936e+16,1.5416232161961938e+16,0
515,245000000.0,0,319451.32851494686,5828157.7300178455,0,0.9665636048361331,6.241197405136405,0,0.0,4431737.357273634,6148570896630.153,2111806.8808542783,614857089663015.4,7482474.3716607075,3.842615114990622e-09,1,26,1,1.5389196055132468e+16,1.5389196055132464e+16,0
516,245000000.0,0,528939.5792741226,5825503.693436222,0,23.52011885884929,300.7894640162647,0,0.0,4385127.200310657,5948165975070.672,1902318.6300951026,594816597507067.2,7482474.3716607075,3.2023308449424803e-09,1,26,1,1.5395203036877878e+16,1.539520303687788e+16,0
517,245000000.0,0,738427.8300332983,5844273.600876651,0,50.36877628544968,300.9147083170226,0,0.0,4082747.2388556954,4479076966969.165,1692830.3793359268,447907696696916.5,7492600.586591942,3.1877789297141135e-09,1,26,1,1.5382029606142054e+16,1.5382029606142054e+16,0
518,245000000.0,0,791134.9590478583,5851115.404955549,0,0.5829042916512758,2.5248222883686244,0,0.0,4174054.952878159,4845905110330.793,1640123.2503213668,484590511033079.3,7490476.099613479,4.042703949380666e-09,1,26,1,1.540849721298507e+16,1.5408497212985068e+16,0
519,245000000.0,0,453217.08806241816,5852873.310938911,0,0.7755922038146452,4.403180885447361,0,0.0,4109530.5378860626,5285345509342.56,1978041.1213068068,528534550934255.94,7490476.099613479,4.042703949380666e-09,1,26,1,1.5404102827435106e+16,1.5404102827435106e+16,0
520,245000000.0,0,662174.2170769781,5842432.536203708,0,0.49008030279958115,1.1600797751809453,0,0.0,4375420.380923086,5734486717642.41,1769083.9922922468,573448671764241.0,7490476.099613479,3.207787813153118e-09,1,26,1,1.5412627175426582e+16,1.5412627175426582e+16,0
521,245000000.0,0,324256.34609153797,5840781.192758128,0,0.9568926010912402,6.14899608887918,0,0.0,4457770.965930989,6186778873054.804,2107001.8632776868,618677887305480.4,7490476.099613479,3.207787813153118e-09,1,26,1,1.5389789007973854e+16,1.5389789007973854e+16,0
522,245000000.0,0,533213.4751060979,5843434.635424906,0,23.510876062760353,300.66001386831994,0,0.0,4411160.808968013,6001507474557.154,1898044.7342631267,600150747455715.4,7490476.099613479,3.207787813153118e-09,1,26,1,1.5392656200768508e+16,1.5392656200768508e+16,0
523,245000000.0,0,742170.6041206578,5861230.698651685,0,50.34326215287066,300.74533299763226,0,0.0,4111843.5229904763,4522522323707.103,1689087.6052485667,452252232370710.25,7490476.099613479,3.207787813153118e-09,1,26,1,1.538211091978887e+16,1.538211091978887e+16,0
524,245000000.0,0,794877.7331352177,5868292.992431503,0,0.5826686664046563,2.512948806999988,0,0.0,4203151.2370129395,4901042132281.894,1636380.4762340067,490104213228189.4,7490476.099613479,3.207787813153118e-09,1,26,1,1.5406045959416714e+16,1.5406045959416714e+16,0
525,245000000.0,0,456959.8621497776,5870017.36197562,0,0.7711862422935981,4.367194955932387,0,0.0,4138626.8220208427,5323594640015.027,1974298.3472194467,532359464001502.75,7490476.099613479,3.207787813153118e-09,1,26,1,1.5404517921320414e+16,1.5404517921320416e+16,0
526,245000000.0,0,665916.9911643375,5859406.44870201,0,0.49449398061813665,1.1730165630894511,0,0.0,4413881.870824104,5809198997643.089,1765341.2182048867,580919899764308.9,7463391.577770422,3.118657332379371e-09,1,26,1,1.5409020147342754e+16,1.5409020147342756e+16,0
527,245000000.0,0,327999.1201788974,5857440.654312765,0,0.9493392237990049,6.0790436123734155,0,0.0,4501420.606442956,6251977970399.333,2103259.0891903266,625197797039933.2,7463391.577770422,2.6529960450716317e-09,1,26,1,1.5390205632585264e+16,1.5390205632585266e+16,0
528,245000000.0,0,536956.2491934573,5870631.133854275,0,50.36417082507654,301.07836705251873,0,0.0,3869373.6000909274,4709164959276.981,1894301.9601757666,470916495927698.1,7463391.577770422,2.6529960450716317e-09,1,26,1,1.5390287582728704e+16,1.5390287582728706e+16,0
529,245000000.0,0,745913.3782080172,5846822.587961882,0,0.48149593632094995,1.1072963077661881,0,0.0,4838754.048886938,5337325563519.298,1685344.8311612066,533732556351929.8,7463391.577770422,2.6529960450716317e-09,1,26,1,1.5408400030132432e+16,1.540840003013243e+16,0
530,245000000.0,0,407995.5072225771,5820992.144429467,0,0.7522096641784787,4.8900292660466596,0,0.0,5148449.353684032,5815080097935.736,2023262.7021466466,581508009793573.6,7463391.577770422,2.6529960450716317e-09,1,26,1,1.5395208009850652e+16,1.5395208009850652e+16,0
531,245000000.0,0,616952.636237137,5801675.849062104,0,0.4791099442515926,1.1824710873329838,0,0.0,5138230.124301887,6250963098514.894,1814305.5731320865,625096309851489.4,7463391.577770422,2.6529960450716317e-09,1,26,1,1.5375226825599188e+16,1.537522682559919e+16,0
532,245000000.0,0,279034.7652516969,5795537.787359656,0,0.9466546975785255,7.141970384292779,0,0.0,5035842.888156998,6606459212362.944,2152223.4441175265,660645921236294.4,7463391.577770422,2.0345396478660405e-09,1,26,1,1.5379165877311194e+16,1.5379165877311196e+16,0
533,245000000.0,0,487991.89426625683,5807743.4196982635,0,50.535609779802336,302.3691258601585,0,0.0,4276350.989583425,5063967504699.474,1943266.3151029665,506396750469947.4,7463391.577770421,2.572960511315614e-09,1,26,1,1.5369461397604632e+16,1.536946139760463e+16,0
534,245000000.0,0,696949.0232808167,5761676.529279749,0,0.5025519445992017,1.1156622333731911,0,0.0,5669060.390491166,5743015437300.92,1734309.1860884065,574301543730092.0,7463745.45621364,2.103661245200783e-09,1,26,1,1.5396754314528528e+16,1.5396754314528526e+16,0
535,245000000.0,0,749656.1522953766,5793065.776862247,0,27.833291020056674,301.2292126372397,0,0.0,4525551.474798831,4481499631066.759,1681602.0570738465,448149963106675.9,7463742.445900968,9.322320693172514e-10,1,26,1,1.538074452772801e+16,1.538074452772801e+16,0
536,245000000.0,0,411738.28130993654,5810728.7250893945,0,0.8214027184653817,4.84568573007684,0,0.0,3963092.164119114,4985225055312.326,2019519.9280592864,498522505531232.6,7459466.810389774,1.3415046851150692e-09,1,26,1,1.5396306126703638e+16,1.539630612670364e+16,0
537,245000000.0,0,620695.4103244964,5809528.550599254,0,0.4795734888888369,1.0570934264881884,0,0.0,4198011.2927999655,5228439790027.078,1810562.7990447264,522843979002707.8,7459466.810389774,8.758433978073299e-10,1,26,1,1.5441605899764502e+16,1.5441605899764502e+16,0
538,245000000.0,0,282777.53933905635,5827666.418400654,0,1.0445951949010406,7.047774128488751,0,0.0,4216685.1334829815,5822869269074.983,2148480.6700301664,582286926907498.4,7459466.810389774,8.758433978073299e-10,1,26,1,1.5384952316196552e+16,1.5384952316196552e+16,0
539,245000000.0,0,491734.66835361626,5819629.113849215,0,0.4921979965613861,1.1266390220045217,0,0.0,4486895.736168265,6157161214265.737,1939523.5410156064,615716121426573.8,7459466.810389774,8.758433978073299e-10,1,26,1,1.542154018055455e+16,1.5421540180554548e+16,0
540,245000000.0,0,700691.7973681762,5849404.162945834,0,50.318394189306275,300.59167407651546,0,0.0,4155524.489918587,4662416038634.3125,1730566.4120010464,466241603863431.25,7459466.810389794,4.3564796214923263e-10,1,26,1,1.5382191261476638e+16,1.5382191261476638e+16,0
541,245000000.0,0,753398.9263827361,5853773.282650132,0,0.5937510657997496,2.6511172405689796,0,0.0,4253835.497021461,5050383526516.89,1677859.2829864863,505038352651688.94,7459758.282518846,6.375557859428227e-10,1,26,1,1.5404885526914608e+16,1.540488552691461e+16,0
542,245000000.0,0,415481.055397296,5853606.687588885,0,0.8174378216908664,4.802139194763924,0,0.0,4197366.315144028,5510628713220.903,2015777.1539719263,551062871322090.3,7455550.522381829,8.503775461576879e-10,1,26,1,1.5399919598580182e+16,1.5399919598580184e+16,0
543,245000000.0,0,624438.1844118559,5839051.143407059,0,0.5005870795916069,1.1777991831009111,0,0.0,4470259.451261462,5989591110698.081,1806820.0249573663,598959111069808.1,7455550.522381829,7.612470653839409e-10,1,26,1,1.5407685466901998e+16,1.5407685466901998e+16,0
544,245000000.0,0,286520.3134264158,5833320.874303694,0,1.0363592886610171,6.956030258056372,0,0.0,4559613.329349775,6457825733070.845,2144737.8959428063,645782573307084.5,7455550.522381829,9.395080269314349e-10,1,26,1,1.5385588689595666e+16,1.5385588689595664e+16,0
545,245000000.0,0,495477.4424409757,5839406.6809245385,0,50.34764946288428,300.89428128882344,0,0.0,3929906.7607104694,4893722318109.3545,1935780.7669282462,489372231810935.44,7453449.341408785,7.266862667165697e-10,1,26,1,1.5390355565685626e+16,1.5390355565685628e+16,0
546,245000000.0,0,704434.5714555356,5812636.888427309,0,0.4992684875534608,1.1132416441884754,0,0.0,4893863.416218077,5516143590237.046,1726823.6379136862,551614359023704.56,7467930.2232371885,8.167262421920896e-10,1,26,1,1.540638332445555e+16,1.5406383324455548e+16,0
547,245000000.0,0,366516.7004700955,5794934.300753318,0,0.8012392135671916,5.44192957066107,0,0.0,5198134.927726767,6013854456362.746,2064741.5088991262,601385445636274.6,7467930.2232371885,8.167262421920896e-10,1,26,1,1.5390605138228744e+16,1.5390605138228742e+16,0
548,245000000.0,0,575473.8294846554,5785743.832705084,0,0.4944159208914896,1.1905385479493586,0,0.0,5180449.6724547995,6453746478342.108,1855784.3798845662,645374647834210.9,7467930.2232371885,8.167262421920896e-10,1,26,1,1.5372978266825728e+16,1.5372978266825726e+16,0
549,245000000.0,0,628180.9584992153,5809013.009113926,0,23.60513632662222,300.63843585703125,0,0.0,4715842.049864695,5276275739653.047,1803077.2508700062,527627573965304.7,7467816.795288658,1.722582965157926e-09,1,26,1,1.5377535234593304e+16,1.5377535234593306e+16,0
550,245000000.0,0,680888.0875137752,5836894.913749116,0,27.822476601974337,300.8331089143672,0,0.0,4145968.365716037,4395723382975.6494,1750370.1218554461,439572338297564.94,7467816.795288658,1.722582965157926e-09,1,26,1,1.537034066047104e+16,1.537034066047104e+16,0
551,245000000.0,0,843193.2248657332,5783255.64783621,0,0.5107893600130831,1.1246159988759818,0,0.0,5510144.770308085,5172325641629.803,1541412.992840886,517232564162980.25,7467816.795288658,1.722582965157926e-09,1,26,1,1.5393541664650886e+16,1.5393541664650886e+16,0
552,245000000.0,0,551927.3455428951,5767391.346490819,0,0.5768361175304825,3.6171117527860512,0,0.0,5947992.23038551,5616377464493.857,1879330.863826326,561637746449385.75,7467739.831328678,6.384652806445956e-10,1,26,1,1.539212167244578e+16,1.539212167244578e+16,0
553,245000000.0,0,686943.2248657332,5790737.560481998,0,37.98679699238724,302.9072166535114,0,0.0,4560069.632159925,3989359462180.2446,1670373.734811766,398935946218024.44,7470572.824149121,1.3751559890806675e-09,1,26,1,1.5362130922334328e+16,1.5362130922334326e+16,0
554,245000000.0,0,686943.2248657332,5805579.059549946,0,0.43948740827487054,1.0656109460730894,0,0.0,4513021.234686423,4312639497390.961,1461416.605797206,431263949739096.1,7470572.824149121,1.3751559890806675e-09,1,26,1,1.5424573677230984e+16,1.5424573677230986e+16,0
555,245000000.0,0,631923.7325865747,5837939.230646684,0,0.6368766250686769,3.1599383891430066,0,0.0,4494753.652378504,4685358100266.629,1799334.476782646,468535810026662.9,7470572.824149121,1.4915713109076023e-09,1,26,1,1.5395148918376088e+16,1.5395148918376088e+16,0
556,245000000.0,0,686943.2248657332,5845436.5041411165,0,0.4897920199792758,1.136225183920628,0,0.0,4685352.194968764,5121883391606.558,1590377.347768086,512188339160655.75,7470080.751146931,1.3751559890806675e-09,1,26,1,1.539963082829149e+16,1.5399630828291492e+16,0
557,245000000.0,0,502962.99061569455,5865912.9146316415,0,0.7268884885499528,3.968545383772305,0,0.0,4692411.479529902,5487548264066.152,1928295.218753526,548754826406615.25,7470080.751146931,1.3751559890806675e-09,1,26,1,1.538733749040895e+16,1.5387337490408952e+16,0
558,245000000.0,0,686943.2248657332,5875832.686049754,0,23.49397313100692,300.5467252479002,0,0.0,4570510.022120162,5324169735137.55,1719338.089738966,532416973513755.0,7470080.751146931,1.3751559890806675e-09,1,26,1,1.5382554633447718e+16,1.5382554633447718e+16,0
559,245000000.0,0,374002.24864481436,5889990.412019944,0,0.8710223591860208,5.333301352798852,0,0.0,4609039.007828617,5815515421089.833,2057255.960724406,581551542108983.2,7470080.751146931,1.3751559890806675e-09,1,26,1,1.537947791746655e+16,1.5379477917466552e+16,0
560,245000000.0,0,582959.3776593743,5875338.894980346,0,0.49680044503492626,1.188228324858799,0,0.0,4803021.159877132,6268978591932.728,1848298.831709846,626897859193272.8,7456546.31331391,1.913576852530241e-09,1,26,1,1.5393149017015048e+16,1.5393149017015048e+16,0
561,245000000.0,0,635666.5066739342,5887186.333082276,0,27.81477344518712,300.5839469086881,0,0.0,4467521.79910948,5189056831435.246,1795591.702695286,518905683143524.6,7454533.553807086,2.0736479200422764e-09,1,26,1,1.5373648290730896e+16,1.5373648290730896e+16,0
562,245000000.0,0,686943.2248657332,5896472.302125552,0,27.80994544647781,300.7662772124455,0,0.0,3916198.9847655594,4265213764317.2046,1742884.5736807259,426521376431720.44,7454533.553807086,2.0736479200422764e-09,1,26,1,1.5385263680142548e+16,1.5385263680142548e+16,0
563,245000000.0,0,686943.2248657332,5844020.552298384,0,0.4948160088320866,1.1235062466872414,0,0.0,5336747.8556663385,5106480888730.009,1533927.4446661659,510648088873000.9,7454533.553807086,2.000888343900442e-09,1,26,1,1.5396444060127202e+16,1.5396444060127204e+16,0
564,245000000.0,0,559412.893717614,5818834.809766789,0,0.5705315821807272,3.568797260770696,0,0.0,5790902.559709632,5542643442457.102,1871845.3156516058,554264344245710.1,7454533.553807086,1.8044374883174896e-09,1,26,1,1.5400947997676294e+16,1.5400947997676296e+16,0
565,245000000.0,0,530693.2248657332,5830937.6977838855,0,38.02826694126092,303.7615675853403,0,0.0,4432165.383652974,3929164488135.91,1659504.8065547305,392916448813591.0,7468067.074136348,1.7844286048784852e-09,1,26,1,1.5366649854773202e+16,1.5366649854773204e+16,0
566,245000000.0,0,702521.9184141671,5847902.479922723,0,0.43761594042055096,1.065470701985347,0,0.0,4377616.058855379,4213788541297.841,1447164.2974578552,421378854129784.06,7468067.074136348,2.17733031604439e-09,1,26,1,1.5433423667289586e+16,1.5433423667289588e+16,0
567,245000000.0,0,649559.4210082404,5871822.946162758,0,0.6257092423421126,3.0742772073001254,0,0.0,4393353.474950797,4595444068932.619,1781698.7883609799,459544406893261.94,7468067.074136348,2.3228494683280587e-09,1,26,1,1.5398814454628e+16,1.5398814454627998e+16,0
568,245000000.0,0,702521.9184141671,5875683.9433494955,0,0.48583952931901975,1.1367155495762178,0,0.0,4588342.006752723,5024403127679.478,1569358.2792641046,502440312767947.75,7468067.074136348,2.2864696802571416e-09,1,26,1,1.5403960068139748e+16,1.5403960068139748e+16,0
569,245000000.0,0,527365.4392019913,5894021.277966429,0,0.7057311871998277,3.7852589355970547,0,0.0,4627907.252507986,5377975779196.945,1903892.7701672292,537797577919694.5,7467740.08273214,1.5734258340671659e-09,1,26,1,1.539148176837867e+16,1.539148176837867e+16,0
570,245000000.0,0,702521.9184141671,5889293.337750623,0,23.4901016093016,300.4995026297407,0,0.0,4510559.280012015,5221903009401.728,1691552.261070354,522190300940172.75,7467740.08273214,1.8426362657919526e-09,1,26,1,1.5383750018514968e+16,1.5383750018514968e+16,0
571,245000000.0,0,405171.4573957422,5899745.913431952,0,0.8282256833214806,4.924028913364422,0,0.0,4550124.525767278,5680525844552.321,2026086.7519734786,568052584455232.1,7467740.08273214,1.8426362657919526e-09,1,26,1,1.5384115787150456e+16,1.5384115787150456e+16,0
572,245000000.0,0,617511.9664926176,5883561.615149502,0,0.49485897415494084,1.190420139820857,0,0.0,4766965.999051239,6145865974117.929,1813746.2428766033,614586597411792.9,7467740.08273214,1.8426362657919526e-09,1,26,1,1.5393482559784752e+16,1.5393482559784752e+16,0
573,245000000.0,0,282977.47558949306,5884302.161489159,0,1.0424304718237294,7.04281209574214,0,0.0,4806532.282820358,6583178507163.077,2148280.733779728,658317850716307.8,7467738.006704427,2.3883330868557096e-09,1,26,1,1.537500653953927e+16,1.537500653953927e+16,0
574,245000000.0,0,495317.9846863685,5886538.2234881045,0,50.331104368315486,300.8030637373195,0,0.0,4133279.5847832276,4974629569131.116,1935940.2246828526,497462956913111.6,7467738.006704427,2.3883330868557096e-09,1,26,1,1.5383453866343622e+16,1.538345386634362e+16,0
575,245000000.0,0,702521.9184141671,5859124.488186997,0,0.4887302652064995,1.1256219235415716,0,0.0,5050339.209456029,5621389726350.6875,1723599.7155859773,562138972635068.75,7467738.006704427,2.3883330868557096e-09,1,26,1,1.5395734312867768e+16,1.5395734312867768e+16,0
576,245000000.0,0,373124.00288011937,5848813.704000367,0,0.7868461824601563,5.345821130436425,0,0.0,5336112.660204019,6070143084227.75,2058134.206489102,607014308422775.0,7467738.006704427,2.119122655130923e-09,1,26,1,1.538755973503678e+16,1.5387559735036776e+16,0
577,245000000.0,0,585464.5119769948,5847630.77158143,0,18.1168643177069,301.63419360148094,0,0.0,4654720.492603909,4980522874580.639,1845793.6973922267,498052287458063.9,7467738.006704427,2.119122655130923e-09,1,26,1,1.5364290150441392e+16,1.5364290150441392e+16,0
578,245000000.0,0,702521.9184141671,5835932.90166007,0,0.4983049017982883,1.1646446808831477,0,0.0,5246030.942170645,5568792616279.882,1633453.1882953513,556879261627988.2,7467740.348855488,2.119122655130923e-09,1,26,1,1.5388636539983182e+16,1.5388636539983182e+16,0
579,245000000.0,0,464360.7785867634,5859080.10099154,0,0.7605197429331384,4.297740789573467,0,0.0,4910698.98429207,5825644126470.822,1966897.4307824583,582564412647082.2,7472101.342519559,1.8826540326699615e-09,1,26,1,1.53823393595988e+16,1.53823393595988e+16,0
580,245000000.0,0,677792.4154224484,5874815.979733525,0,23.494708357547985,300.5296788975796,0,0.0,4526792.870032517,5565243935239.231,1753465.7939467733,556524393523923.1,7472104.859810727,2.066371962428093e-09,1,26,1,1.5389358803348568e+16,1.5389358803348568e+16,0
581,245000000.0,0,344131.77301973035,5897920.361444417,0,0.916051030038164,5.7948880872398405,0,0.0,4596327.484416279,6098068333131.516,2087126.4363494914,609806833313151.5,7475195.75227015,2.17733031604439e-09,1,26,1,1.5375194363541624e+16,1.5375194363541626e+16,0
582,245000000.0,0,557346.1306170123,5909629.936042159,0,23.491514994599605,300.552543803249,0,0.0,4477041.132393677,5824737664878.125,1873912.0787522094,582473766487812.5,7475112.235787032,4.425601218827069e-09,1,26,1,1.5396276688506548e+16,1.5396276688506552e+16,0
583,245000000.0,0,614310.4882142942,5927955.816997426,0,27.98844139417414,302.4003258595019,0,0.0,4239554.007298505,4922437466414.961,1816947.7211549275,492243746641496.1,7475112.235787032,4.6948116505518556e-09,1,26,1,1.5372582249200498e+16,1.53725822492005e+16,0
584,245000000.0,0,671274.8458115761,5909460.902672923,0,0.5932225922452368,2.97497372162658,0,0.0,4670121.317559845,5327716624918.42,1759983.3635576456,532771662491842.0,7468195.608246856,2.6793713914230466e-09,1,26,1,1.5388710073163572e+16,1.538871007316357e+16,0
585,245000000.0,0,702521.9184141671,5934327.789376737,0,27.939577905342592,302.37361901990465,0,0.0,4007052.775819823,4369281242197.594,1703019.0059603637,436928124219759.44,7475782.985457636,1.469743438065052e-09,1,26,1,1.5379901177484968e+16,1.5379901177484968e+16,0
586,245000000.0,0,702521.9184141671,5925318.989840739,0,0.5587309566548216,2.543870441696436,0,0.0,4447219.1451199185,4777512125836.064,1646054.6483630817,477751212583606.44,7475782.985457636,1.7389538697898388e-09,1,26,1,1.539835343319282e+16,1.5398353433192822e+16,0
587,245000000.0,0,451542.9186034219,5917698.53084259,0,0.6891258616929129,4.419470325979546,0,0.0,4724527.3104721755,5420293565904.775,1979715.2907657998,542029356590477.56,7475782.985457636,1.9354047253727913e-09,1,26,1,1.5390226289282518e+16,1.5390226289282518e+16,0
588,245000000.0,0,664757.2762007038,5882685.426385816,0,0.46663077055833585,1.140757468705255,0,0.0,5646658.037369553,6144643935860.031,1766500.933168518,614464393586003.1,7475782.985457636,1.7389538697898388e-09,1,26,1,1.539991154811918e+16,1.5399911548119182e+16,0
589,245000000.0,0,702521.9184141671,5902103.813042236,0,27.871114277973515,301.59748210872317,0,0.0,4894579.436780498,4800246935873.152,1709536.575571236,480024693587315.25,7475128.655102877,3.234163159504533e-09,1,26,1,1.5378176494885346e+16,1.5378176494885346e+16,0
590,245000000.0,0,702521.9184141671,5909396.569006406,0,0.584335486539196,2.5651352237596954,0,0.0,4663801.651488229,5241834426176.866,1652572.217973954,524183442617686.6,7475128.655102877,2.609340299386531e-09,1,26,1,1.5375303306944796e+16,1.5375303306944794e+16,0
591,245000000.0,0,445025.3489925496,5922129.840200617,0,0.778940926852107,4.484050075892453,0,0.0,4580282.951223234,5542064286207.119,1986232.8603766721,554206428620711.94,7475128.655102877,2.4501787265762687e-09,1,26,1,1.53968911081927e+16,1.53968911081927e+16,0
592,245000000.0,0,658239.7065898315,5933693.126236326,0,23.491164508333117,300.5774718086735,0,0.0,4530510.196703523,5445920160590.015,1773018.5027793902,544592016059001.44,7475128.655102877,2.4501787265762687e-09,1,26,1,1.537929831866327e+16,1.5379298318663274e+16,0
593,245000000.0,0,324579.0641871134,5936587.941164366,0,0.8573075864327303,6.142901126009075,0,0.0,4648693.6192933405,5983289024501.152,2106679.145182108,598328902450115.2,7475128.655102877,2.4501787265762687e-09,1,26,1,1.5385675417546898e+16,1.5385675417546898e+16,0
594,245000000.0,0,537793.4217843954,5937625.12199646,0,0.48387330577217524,1.1680040005794865,0,0.0,4890670.781501157,6381940525779.32,1893464.7875848261,638194052577932.0,7475128.655102877,2.4501787265762687e-09,1,26,1,1.5395539750786694e+16,1.5395539750786692e+16,0
595,245000000.0,0,702521.9184141671,5951705.670248685,0,50.32736735191899,300.6857540519925,0,0.0,4563183.586111695,4830650256706.075,1680250.4299875442,483065025670607.5,7475128.655102877,2.4501787265762687e-09,1,26,1,1.5369403497867562e+16,1.5369403497867558e+16,0
596,245000000.0,0,702521.9184141671,5964308.845406225,0,27.778926172912566,300.86962671627504,0,0.0,4038554.263999249,3870886552934.539,1623286.0723902623,387088655293453.9,7463697.161994804,2.217348082922399e-09,1,26,1,1.5383790793732696e+16,1.5383790793732696e+16,0
597,245000000.0,0,702521.9184141671,5908438.609910322,0,0.4692879691395572,1.1055457133259374,0,0.0,5319182.583036805,4687831612152.259,1410071.7147929803,468783161215225.9,7458908.887701574,2.190063241869211e-09,1,26,1,1.5396813064873714e+16,1.5396813064873712e+16,0
598,245000000.0,0,687525.852173523,5869592.0657161055,0,0.5126151028202335,2.9047565805792837,0,0.0,5766346.411490634,5016846479857.829,1743732.3571956984,501684647985782.94,7458908.887701574,2.190063241869211e-09,1,26,1,1.5410956768292876e+16,1.5410956768292876e+16,0
599,245000000.0,0,702521.9184141671,5868527.64648617,0,18.074773004915958,300.6579956337869,0,0.0,4781975.318023265,4156706776109.0977,1687430.408955338,415670677610909.75,7456259.250273888,3.0195224098861217e-09,1,26,1,1.5357384132529228e+16,1.5357384132529228e+16,0
