t,secure_bps,violations,k_min,k_mean,q_total,aos_mean,aos_max,rekey,q_sumsq,z_l1,z_sumsq,z_max,lyapunov,key_inflow,key_overflow,cg_iters,cg_columns,cg_converged,obj_lp,obj_greedy,key_blocked_edges
0,245000000.0,0,2109375.0,2425672.7430555555,0,0.8678816811621574,0.9476988686844755,0,0.0,571875.0,109013671875.0,190625.0,10901367187500.0,7200000.0,0.0,1,5,1,1.5601026095561774e+16,1.5601026095561776e+16,0
1,245000000.0,0,1796875.0,2351345.486111111,0,1.9210137071769111,2.1124243899047483,0,0.0,728125.0,192998046875.0,346875.0,19299804687500.0,7200000.0,0.0,1,6,1,1.5589178731719426e+16,1.5589178731719424e+16,0
2,245000000.0,0,1718750.0,2281358.5069444445,0,2.994112692211281,3.1629597325192615,0,0.0,718750.0,130585937500.0,190625.0,13058593750000.0,7200000.0,0.0,1,7,1,1.5593434543936038e+16,1.5593434543936034e+16,0
3,245000000.0,0,1718750.0,2200520.8333333335,0,4.023049426344968,4.162959732519262,0,0.0,762500.0,145351562500.0,190625.0,14535156250000.0,7200000.0,0.0,1,8,1,1.5575474641472196e+16,1.5575474641472196e+16,0
4,245000000.0,0,1328125.0,2130548.2187320385,0,4.569167313480565,5.504749365183861,0,0.0,571875.0,109013671875.0,190625.0,10901367187500.0,7200517.124353389,1.496118784416467e-10,1,8,1,1.5588024872598282e+16,1.5588024872598284e+16,0
5,245000000.0,0,1328125.0,2088353.381908522,0,5.4509087623357955,6.504749365183861,0,0.0,571875.0,109013671875.0,190625.0,10901367187500.0,7200517.124353389,1.496118784416467e-10,1,8,1,1.5576848986465372e+16,1.557684898646537e+16,0
6,245000000.0,0,1337500.0,2068380.7673072268,0,6.3360464188145675,7.494209936496078,0,0.0,571875.0,109013671875.0,190625.0,10901367187500.0,7200517.124353389,1.496118784416467e-10,1,8,1,1.5582249527699082e+16,1.558224952769908e+16,0
7,245000000.0,0,1337500.0,2051663.3610392655,0,7.054747851611012,8.494209936496077,0,0.0,571875.0,109013671875.0,190625.0,10901367187500.0,7200517.124353389,1.496118784416467e-10,1,9,1,1.5571256863125414e+16,1.5571256863125416e+16,0
8,245000000.0,0,1346875.0,2043392.1169175196,0,7.717662950579503,9.483817119540017,0,0.0,571875.0,109013671875.0,190625.0,10901367187500.0,7206922.711617138,0.0,1,10,1,1.5576905117136088e+16,1.5576905117136088e+16,0
9,245000000.0,0,1346875.0,2035120.872795773,0,8.536991973377683,10.483817119540017,0,0.0,571875.0,109013671875.0,190625.0,10901367187500.0,7206922.711617138,0.0,1,10,1,1.5566071140305316e+16,1.5566071140305314e+16,0
10,245000000.0,0,1356250.0,2028154.0736085917,0,7.5503916265898345,11.473567876220299,0,0.0,560134.9955889164,104675622896.84662,190625.0,10467562289684.662,7253882.729261473,9.458744898438454e-11,1,10,1,1.5578048731971268e+16,1.557804873197127e+16,0
11,245000000.0,0,1356250.0,2021187.2744214104,0,8.190300464334035,12.473567876220299,0,0.0,560134.9955889164,104675622896.84662,190625.0,10467562289684.662,7253882.729261473,9.458744898438454e-11,1,10,1,1.5567838448852668e+16,1.5567838448852664e+16,0
12,245000000.0,0,1298233.013874812,2003369.780789785,0,7.192323441984886,13.463459251806457,0,0.0,747298.6397803472,139699862111.8464,190625.0,13969986211184.64,7253882.729261473,9.458744898438454e-11,1,11,1,1.5574663983054964e+16,1.5574663983054964e+16,0
13,245000000.0,0,1365625.0,2001959.5368304024,0,7.125778556298109,14.463459251806457,0,0.0,560134.9955889164,104675622896.84662,190625.0,10467562289684.662,7253918.717462234,4.862670266447822e-10,1,11,1,1.5568517650774802e+16,1.5568517650774802e+16,0
14,245000000.0,0,1311069.3696833812,1989698.5984265755,0,5.905657224047619,15.453488372093023,0,0.0,747298.6397803472,139699862111.8464,190625.0,13969986211184.64,7253918.717462234,4.862670266447822e-10,1,11,1,1.5576614164792882e+16,1.5576614164792882e+16,0
15,245000000.0,0,1375000.0,1995544.799540011,0,8.053464447767873,16.453488372093023,0,0.0,560134.9955889164,104675622896.84662,190625.0,10467562289684.662,7253918.717462234,4.862670266447822e-10,1,11,1,1.5565358907828132e+16,1.5565358907828132e+16,0
16,245000000.0,0,1323905.7254919503,1994394.972247295,0,6.593778369471523,17.443652440674907,0,0.0,747298.6397803472,139699862111.8464,190625.0,13969986211184.64,7253918.717462234,4.862670266447822e-10,1,11,1,1.5574388004146622e+16,1.5574388004146622e+16,0
17,245000000.0,0,1384375.0,2009651.3949545796,0,8.950902850330328,18.443652440674907,0,0.0,560134.9955889164,104675622896.84662,190625.0,10467562289684.662,7253918.717462234,4.862670266447822e-10,1,11,1,1.5562244515802602e+16,1.5562244515802604e+16,0
18,245000000.0,0,1336742.0813005194,2021592.2209510712,0,7.233927177330044,19.433948736332677,0,0.0,747298.6397803472,139699862111.8464,190625.0,13969986211184.64,7253918.717462234,4.862670266447822e-10,1,11,1,1.5572297827041094e+16,1.5572297827041094e+16,0
19,245000000.0,0,1393750.0,2045376.9158458938,0,9.808037714493604,20.433948736332677,0,0.0,560134.9955889164,104675622896.84662,190625.0,10467562289684.662,7253918.717462234,4.862670266447822e-10,1,11,1,1.5559178415473264e+16,1.5559178415473266e+16,0
20,245000000.0,0,1349578.4371090885,2055338.199664289,0,7.847665740866698,21.424374610522566,0,0.0,747298.6397803472,139699862111.8464,190625.0,13969986211184.64,7253918.717462234,4.862670266447822e-10,1,11,1,1.5570242021093268e+16,1.557024202109327e+16,0
21,245000000.0,0,1403125.0,2076150.177927129,0,10.665907077441226,22.424374610522566,0,0.0,560134.9955889164,104675622896.84662,190625.0,10467562289684.662,7253918.717462234,4.862670266447822e-10,1,11,1,1.5556110764910634e+16,1.5556110764910632e+16,0
22,245000000.0,0,1362414.7929176576,2086111.461745524,0,8.469577509959548,23.414927484966395,0,0.0,747298.6397803472,139699862111.8464,190625.0,13969986211184.64,7253918.717462234,4.862670266447822e-10,1,11,1,1.5568174581364744e+16,1.5568174581364746e+16,0
23,245000000.0,0,1412500.0,2106923.440008364,0,11.531423317239351,24.414927484966395,0,0.0,560134.9955889164,104675622896.84662,190625.0,10467562289684.662,7253918.717462234,4.862670266447822e-10,1,11,1,1.5553033035905016e+16,1.5553033035905018e+16,0
24,245000000.0,0,1375251.1487262268,2116884.7238267595,0,9.097612027678162,25.40560484933673,0,0.0,747298.6397803472,139699862111.8464,190625.0,13969986211184.64,7253918.717462234,4.862670266447822e-10,1,11,1,1.5566098178453824e+16,1.5566098178453824e+16,0
25,245000000.0,0,1421875.0,2138859.2490133327,0,12.401704045202855,26.40560484933673,0,0.0,549672.073275659,101041776016.47147,190625.0,10104177601647.146,7295770.406716629,5.942819569781932e-10,1,11,1,1.554995045275566e+16,1.5549950452755658e+16,0
26,245000000.0,0,1388087.5045347959,2149983.079755461,0,9.728547191467221,27.39640425903299,0,0.0,736835.7174670899,136066015231.47125,190625.0,13606601523147.125,7295770.406716629,5.942819569781932e-10,1,11,1,1.556402048437458e+16,1.556402048437458e+16,0
27,245000000.0,0,1330665.268648161,2161389.162569607,0,5.515407331797494,28.39640425903299,0,0.0,891466.5359793366,218646158774.30783,344334.7313518388,21864615877430.78,7305931.481309274,9.926406363547358e-10,1,12,1,1.5561999693807162e+16,1.5561999693807162e+16,0
28,245000000.0,0,1400927.7644187827,2173286.787904221,0,7.505036883446272,29.387323333044307,0,0.0,878622.3720199324,156168735084.6618,190625.0,15616873508466.18,7305947.097610945,9.926406363547358e-10,1,12,1,1.5566135401294346e+16,1.5566135401294344e+16,0
29,245000000.0,0,1440625.0,2195093.4599756314,0,8.872315108925449,30.387323333044307,0,0.0,645176.2673311755,110162827098.6652,190625.0,11016282709866.521,7305947.097610945,1.2254712800086054e-09,1,12,1,1.5548809047717386e+16,1.5548809047717384e+16,0
30,245000000.0,0,1413771.9283781871,2205685.2163094226,0,6.008646427219176,31.378359751895246,0,0.0,786041.8347236101,138485075885.2379,190625.0,13848507588523.791,7305947.097610945,9.926406363547358e-10,1,12,1,1.5566598404025832e+16,1.5566598404025832e+16,0
31,245000000.0,0,1124131.25767595,2216188.810321797,0,6.161468952204814,32.378359751895246,0,0.0,940680.461386692,254960296796.1308,393548.6567591941,25496029679613.08,7305947.097610945,9.926406363547358e-10,1,12,1,1.5553621818841174e+16,1.555362181884117e+16,0
32,245000000.0,0,1326671.526324111,2227822.45853458,0,8.380522272724294,33.36951125567063,0,0.0,927836.2974272877,172547269760.01218,191008.38811103292,17254726976001.217,7305947.097610945,9.926406363547358e-10,1,12,1,1.5562447760917506e+16,1.5562447760917506e+16,0
33,245000000.0,0,1459375.0,2250224.529028332,0,11.934506598054279,34.36951125567063,0,0.0,705920.7457398913,185025703845.58112,346875.0,18502570384558.113,7305952.407754015,7.852758443505081e-10,1,12,1,1.5542479499443826e+16,1.5542479499443828e+16,0
34,245000000.0,0,1439460.256296996,2266036.5461570076,0,6.628984961463888,35.360775642116,0,0.0,883701.581780487,157634883885.34683,190625.0,15763488388534.684,7305952.407754015,7.852758443505081e-10,1,12,1,1.5566686466954326e+16,1.5566686466954328e+16,0
35,245000000.0,0,1468750.0,2280664.776895378,0,6.746372949323061,36.360775642116,0,0.0,891465.2084435689,218645711603.41748,344334.7313518388,21864571160341.75,7305952.407754015,7.852758443505081e-10,1,12,1,1.5556237390394708e+16,1.5556237390394708e+16,0
36,245000000.0,0,1452304.4202564005,2291985.118034079,0,9.279727429074846,37.352150764810276,0,0.0,878621.0444841646,156168287913.77145,190625.0,15616828791377.145,7305952.407754015,7.852758443505081e-10,1,12,1,1.5558711157880318e+16,1.5558711157880316e+16,0
37,245000000.0,0,1478125.0,2307776.294966772,0,7.072217496990954,38.352150764810276,0,0.0,1033259.6711472465,336400897701.3404,486129.1940555164,33640089770134.04,7316160.909004961,3.9835867937654257e-10,1,12,1,1.553923799014166e+16,1.5539237990141662e+16,0
38,245000000.0,0,1436733.223777933,2318341.880227295,0,9.729219202133091,39.34363453140746,0,0.0,1020415.5071878422,216485296874.0453,283588.9254073552,21648529687404.527,7316160.909004961,3.9835867937654257e-10,1,12,1,1.5556845064131572e+16,1.5556845064131572e+16,0
39,245000000.0,0,1378312.2491424042,2342270.630319491,0,13.887670572454114,40.34363453140746,0,0.0,786969.4024990853,191594588608.05075,346875.0,19159458860805.074,7316160.909004961,3.9835867937654257e-10,1,12,1,1.553390752635422e+16,1.553390752635422e+16,0
40,245000000.0,0,1477992.7481752094,2362467.6511876173,0,7.578525363957561,41.33522490194442,0,0.0,918459.9698915198,158843029429.424,190625.0,15884302942942.4,7316160.909004961,3.9835867937654257e-10,1,12,1,1.5559774364302994e+16,1.5559774364302994e+16,0
41,245000000.0,0,1496875.0,2381223.871215597,0,7.68055677455786,42.33522490194442,0,0.0,926223.5965546018,243790897612.36557,379093.11946287163,24379089761236.56,7316160.909004961,3.9835867937654257e-10,1,12,1,1.5548123812972678e+16,1.554812381297268e+16,0
42,245000000.0,0,1334586.9121346138,2378904.7225063625,0,3.6086306665273407,43.32691988721181,0,0.0,1225879.4325951976,334118163653.83435,345140.41802029783,33411816365383.434,7339473.143713549,4.083631210960448e-10,1,13,1,1.5564567957827472e+16,1.556456795782747e+16,0
43,245000000.0,0,1506250.0,2399384.8496992933,0,4.424901737918419,44.32691988721181,0,0.0,1354829.7313394707,412533645264.5925,520887.5821665493,41253364526459.25,7339473.143713549,4.083631210960448e-10,1,13,1,1.554187193627562e+16,1.554187193627562e+16,0
44,245000000.0,0,1515625.0,2423007.2047330034,0,11.806163980872162,45.318717547185365,0,0.0,868018.0592582794,202386340869.956,318347.3135183881,20238634086995.598,7339473.143713549,4.083631210960448e-10,1,13,1,1.5546144544982712e+16,1.5546144544982712e+16,0
45,245000000.0,0,1312328.5304780826,2404201.6590391975,0,3.511238169441352,46.50829562594269,0,0.0,1888136.3819241773,579292266444.6135,381250.0,57929226644461.35,7339473.143713549,4.083631210960448e-10,1,14,1,1.5538780685969774e+16,1.5538780685969774e+16,0
46,245000000.0,0,1314889.652841351,2402651.185813708,0,4.049571709247584,47.16507682225297,0,0.0,2266651.935941914,617616082244.0597,460141.7762220657,61761608224405.97,7339473.143713549,4.083631210960448e-10,1,15,1,1.554306781792138e+16,1.554306781792138e+16,0
47,245000000.0,0,1200263.2752046194,2422699.5974557404,0,11.047793256057812,48.497706636712536,0,0.0,1445594.3967709178,362307750437.2785,371875.0,36230775043727.85,7339473.143713549,4.083631210960448e-10,1,18,1,1.5518870875994916e+16,1.5518870875994918e+16,0
48,245000000.0,0,1344217.6930597737,2407514.013418558,0,3.6482064917359605,49.15874855156431,0,0.0,2088207.838288841,574879781528.9344,345140.41802029783,57487978152893.445,7339473.143713549,3.0877345125190914e-10,1,19,1,1.553951162147881e+16,1.5539511621478808e+16,0
49,245000000.0,0,1346778.815423042,2432923.1090821903,0,4.873398442180021,50.30261336806969,0,0.0,1757804.8762216985,471686038597.5464,399395.9702775821,47168603859754.64,7339473.143713549,3.2878233469091356e-10,1,19,1,1.5532060778307048e+16,1.553206077830705e+16,0
50,245000000.0,0,1349339.9377863104,2461537.8248878014,0,13.247584237097692,51.29470788153423,0,0.0,937396.9303288775,172737612301.96802,196855.70162942095,17273761230196.8,7339473.143713549,3.2878233469091356e-10,1,19,1,1.5539053863959206e+16,1.5539053863959204e+16,0
51,245000000.0,0,961276.0601495788,2464283.6544650276,0,4.618309137721773,52.47696852210837,0,0.0,1463765.2529947753,341815415408.93933,381250.0,34181541540893.934,7339473.143713549,3.2878233469091356e-10,1,19,1,1.5535483574067886e+16,1.5535483574067886e+16,0
52,245000000.0,0,1163837.1825128472,2473278.2985575935,0,4.442246108899011,53.14629603094999,0,0.0,1872845.896698292,589587489427.5674,494900.16433309857,58958748942756.734,7339473.143713549,3.3378455555066466e-10,1,19,1,1.553640575137037e+16,1.553640575137037e+16,0
53,245000000.0,0,858585.8048761156,2452919.6844089003,0,1.114319759350847,2.3267019867647094,0,0.0,2532715.0794027485,784898785320.5306,370457.83611693355,78489878532053.06,7345141.799245815,6.884874892421067e-10,1,19,1,1.5560192057828688e+16,1.5560192057828688e+16,0
54,245000000.0,0,1061146.927239384,2502074.994518293,0,5.669432675323403,55.02347598029809,0,0.0,1670780.8210557594,274826690668.16046,246069.6270367762,27482669066816.047,7345141.799245815,6.934897101018578e-10,1,20,1,1.554937838316724e+16,1.554937838316724e+16,0
55,245000000.0,0,1263708.0496026524,2539558.282678677,0,5.834589006384479,56.50474936518386,0,0.0,1029608.1145060165,260748192252.31296,358248.50835080066,26074819225231.297,7345141.799245815,6.884874892421067e-10,1,20,1,1.553883868551311e+16,1.5538838685513106e+16,0
56,245000000.0,0,1162001.8103745596,2525206.24710763,0,1.014514812473769,1.7196877787798752,0,0.0,1896455.127970426,559723625817.365,345140.41802029783,55972362581736.5,7345141.799245815,6.884874892421067e-10,1,20,1,1.5568748171096424e+16,1.5568748171096424e+16,0
57,245000000.0,0,1367829.8690517065,2561224.0757564586,0,0.7374692558343239,1.265854175257399,0,0.0,1646125.8010096047,406538133560.769,378415.6722338671,40653813356076.9,7345141.799245815,6.884874892421067e-10,1,20,1,1.5567469551388968e+16,1.5567469551388968e+16,0
58,245000000.0,0,1518430.7654975192,2587275.4742617514,0,5.229207830846087,58.40626666328111,0,0.0,1341014.06103309,336440895381.27026,332296.2540608935,33644089538127.027,7345141.799245815,6.884874892421067e-10,1,20,1,1.5559441950559032e+16,1.5559441950559032e+16,0
59,245000000.0,0,1518430.7654975192,2623154.4625171795,0,0.7384088635880595,1.256147154586772,0,0.0,1469964.3597773633,468262794238.0343,486129.1940555164,46826279423803.43,7345141.799245815,6.884874892421067e-10,1,20,1,1.5553659972300686e+16,1.5553659972300684e+16,0
60,245000000.0,0,1518430.7654975192,2650317.82156563,0,5.373283249722336,60.41958408727349,0,0.0,1444910.868051826,375842581235.51807,319452.09010148916,37584258123551.805,7345141.799245815,6.884874892421067e-10,1,20,1,1.556107785650295e+16,1.556107785650295e+16,0
61,245000000.0,0,1127805.7654975192,2694468.153606436,0,6.374999633618711,62.771784004946596,0,0.0,1210195.0909765265,291927335149.3144,378415.6722338671,29192733514931.438,7345141.799245815,6.884874892421067e-10,1,20,1,1.5541426386719902e+16,1.5541426386719904e+16,0
62,245000000.0,0,1327805.7654975192,2724721.7034241566,0,6.380738167959614,63.27918132395267,0,0.0,916260.4783186584,168315719755.8169,191008.38811103284,16831571975581.69,7345141.799245815,6.684786058031023e-10,1,20,1,1.555394086774463e+16,1.5553940867744628e+16,0
63,245000000.0,0,1424963.8027137315,2716655.4778098604,0,0.8050583914336157,1.4025601464734436,0,0.0,1433253.8009845563,325511192608.1648,366206.3444677342,32551119260816.48,7345141.799245815,6.684786058031023e-10,1,20,1,1.5563672015387486e+16,1.5563672015387484e+16,0
64,245000000.0,0,1570757.2991810627,2719201.701801586,0,0.9462390038467269,2.0184647973388845,0,0.0,1854201.1371778275,581052762492.0018,491593.1194628717,58105276249200.18,7334980.7256743815,1.0800249583553523e-09,1,20,1,1.5561995636150926e+16,1.5561995636150926e+16,0
65,245000000.0,0,1437173.1304798645,2695116.480909725,0,0.877354835356428,1.390653154069618,0,0.0,2513617.534756985,771438871650.4341,353997.01670160133,77143887165043.4,7342460.519665421,1.3351382222026587e-09,1,20,1,1.5562473358125418e+16,1.5562473358125416e+16,0
66,245000000.0,0,1180132.2991810627,2735861.5738123613,0,6.7728775115409805,67.69329041411085,0,0.0,1652353.5960497914,268568674861.04053,244103.2224673519,26856867486104.055,7342460.519665421,1.1000338417943567e-09,1,20,1,1.5543366924603694e+16,1.5543366924603698e+16,0
67,245000000.0,0,1380132.2991810627,2770954.1677370644,0,6.8673284752272075,68.39351604866607,0,0.0,1011851.2106716612,248708840832.10922,341787.68893546844,24870884083210.92,7342460.519665421,1.0800249583553523e-09,1,20,1,1.5534332912106676e+16,1.5534332912106674e+16,0
68,245000000.0,0,1580132.2991810627,2760693.0563224903,0,0.8433727097781881,1.1666106986098186,0,0.0,1879994.308044488,554831439160.8335,345140.41776499496,55483143916083.35,7342460.519665421,1.2516920833149925e-09,1,20,1,1.5569420673495834e+16,1.5569420673495836e+16,0
69,245000000.0,0,1652216.7860121306,2804044.0900187907,0,0.6830742437066494,1.2097626983478529,0,0.0,1626010.5940346322,401329204465.6862,378415.6722338671,40132920446568.625,7389574.828707217,3.8971847970969975e-10,1,20,1,1.5567642756281654e+16,1.5567642756281652e+16,0
70,245000000.0,0,1663008.949895197,2843376.1209601383,0,0.7518730365679546,1.2019166123631513,0,0.0,1455690.108796181,378366846476.04944,310840.40704042115,37836684647604.945,7393254.058269396,1.0331859812140465e-09,1,20,1,1.5561254292051404e+16,1.5561254292051404e+16,0
71,245000000.0,0,1664426.1137782636,2876968.4431794356,0,0.6978112613123043,1.2008938634105517,0,0.0,1564519.4040825528,632687632873.07,644384.3575131858,63268763287306.99,7393254.058269396,1.013177097775042e-09,1,20,1,1.5536557204620552e+16,1.5536557204620552e+16,0
72,245000000.0,0,1648286.066332533,2883117.676995466,0,0.791421252643514,1.2126459083276795,0,0.0,1830510.065591846,661752118109.361,442511.5105186587,66175211810936.09,7393254.058269396,1.013177097775042e-09,1,20,1,1.5564693324870716e+16,1.5564693324870716e+16,0
73,245000000.0,0,1486010.4415443966,2915257.9660085235,0,12.851446916130861,74.10800519309151,0,0.0,1418755.8634050107,362897584659.55884,378415.6722338671,36289758465955.88,7393254.058269396,1.013177097775042e-09,1,20,1,1.5530868374565468e+16,1.5530868374565468e+16,0
74,245000000.0,0,1679687.5,2928046.0653345007,0,0.6253793243288523,1.0677606700788886,0,0.0,1970380.9601448239,683401965963.871,585640.8165296044,68340196596387.09,7393254.058269396,1.013177097775042e-09,1,20,1,1.5552975193849426e+16,1.5552975193849426e+16,0
75,245000000.0,0,1498219.7693105296,2898819.332281204,0,0.7806118868620696,1.3340272326583396,0,0.0,2602341.207859398,835193651594.2577,383767.9695350772,83519365159425.77,7393254.058269396,1.4406396076083183e-09,1,20,1,1.5560246670352496e+16,1.5560246670352496e+16,0
76,245000000.0,0,1554003.860760505,2949591.798404839,0,7.613894332597078,77.28617044013116,0,0.0,1711747.2040968149,316618268354.1607,338145.1225405501,31661826835416.07,7393256.194661957,1.013177097775042e-09,1,20,1,1.5535846048059092e+16,1.5535846048059092e+16,0
77,245000000.0,0,1510429.0970766626,2979936.209816885,0,0.7473432041196574,1.3232509575661267,0,0.0,1643126.7700955565,515964305164.5816,353997.01670160133,51596430516458.164,7383234.224320986,1.0950316209346056e-09,1,20,1,1.553281148907286e+16,1.553281148907286e+16,0
78,245000000.0,0,1679687.5,3002797.694253156,0,0.6597316174181399,1.0981798569577974,0,0.0,1642149.7771474128,560897990155.832,637524.4285514958,56089799015583.2,7383234.224320986,1.0950316209346056e-09,1,20,1,1.5549902121910366e+16,1.5549902121910368e+16,0
79,245000000.0,0,1522638.4248427956,3006209.4510947466,0,0.766828463313135,1.3126473889015722,0,0.0,1920348.6982265583,756405200078.5199,435651.5815569686,75640520007851.98,7383234.224326875,1.0113581083714962e-09,1,20,1,1.5544497437569206e+16,1.5544497437569206e+16,0
80,245000000.0,0,1679687.5,3042260.0142170973,0,7.896873636670048,80.4617269917257,0,0.0,1574431.9360248265,370612554784.6152,390028.7345624415,37061255478461.516,7383234.224326875,9.001723810797557e-10,1,20,1,1.5536753720577064e+16,1.553675372057706e+16,0
81,245000000.0,0,1534847.7526089286,3051205.9023680952,0,0.745734935379518,1.3022124078396577,0,0.0,1694508.010109445,592841813207.8169,395624.6434664238,59284181320781.69,7383234.224326875,9.531504474580288e-10,1,20,1,1.5530866465946498e+16,1.55308664659465e+16,0
82,245000000.0,0,1679687.5,3051636.8667384554,0,0.6504723990568969,1.1303830791719545,0,0.0,1737343.4009131866,658647601382.4039,689408.0405733872,65864760138240.39,7383234.224326875,9.001723810797557e-10,1,20,1,1.5545625055392934e+16,1.5545625055392934e+16,0
83,245000000.0,0,1547057.0803750616,3053235.300429444,0,7.079238274305968,83.47900589410897,0,0.0,1703042.321992332,630320184052.3218,487535.19357886,63032018405232.18,7383234.224326875,9.531504474580288e-10,1,20,1,1.5537879714555562e+16,1.5537879714555562e+16,0
84,245000000.0,0,1679687.5,3071644.3021081393,0,8.25692690052178,84.52844501024572,0,0.0,1403838.8481315786,353553313434.7684,441912.3465843329,35355331343476.836,7383234.224326875,9.001723810797557e-10,1,20,1,1.5533131716739766e+16,1.5533131716739762e+16,0
85,245000000.0,0,1559266.4081411946,3077717.933480061,0,0.7288716933863201,1.2818323778326273,0,0.0,1523914.9222161975,492420773233.557,396289.4995898057,49242077323355.7,7383234.224326875,9.531504474580288e-10,1,20,1,1.5546684872049686e+16,1.5546684872049686e+16,0
86,245000000.0,0,1679687.5,3078546.178286827,0,0.6445478174962055,1.1645320241856059,0,0.0,1620533.821540156,686316090695.7922,741291.6525952786,68631609069579.23,7383234.224326875,9.001723810797557e-10,1,20,1,1.5539967641042276e+16,1.5539967641042276e+16,0
87,245000000.0,0,1571475.7359073276,3068531.8040381093,0,0.7524314690888521,1.271879720831424,0,0.0,1879726.5968530017,802267942491.0219,539418.8056007514,80226794249102.19,7459258.807392075,1.2150849215686321e-09,1,20,1,1.5553158473461154e+16,1.5553158473461152e+16,0
88,245000000.0,0,1679687.5,3084327.183600166,0,15.24728985080647,88.57825798904406,0,0.0,1587593.3431714873,412634612544.97485,346875.0,41263461254497.484,7459258.807392075,1.162106855190359e-09,1,20,1,1.5529662498153536e+16,1.5529662498153534e+16,0
89,245000000.0,0,1583685.0636734606,3097150.112812497,0,0.7226301598594428,1.2620804258505456,0,0.0,1698294.4172561062,551834590104.6042,414670.32778300677,55183459010460.42,7459258.807392075,1.2150849215686321e-09,1,20,1,1.5538164747545786e+16,1.5538164747545788e+16,0
90,245000000.0,0,1679687.5,3105992.1806934606,0,0.6232589206317067,1.0978186802308063,0,0.0,1648038.3165800646,587493349732.035,636925.26461717,58749334973203.5,7459258.807392075,1.162106855190359e-09,1,20,1,1.555144710795301e+16,1.5551447107953008e+16,0
91,245000000.0,0,1595894.3914395936,3114400.6716214325,0,7.678860698834924,91.51250330673554,0,0.0,1613737.2376592103,573066145626.6641,435052.4176226428,57306614562666.41,7459258.807392075,1.2150849215686321e-09,1,20,1,1.553772438277786e+16,1.553772438277786e+16,0
92,245000000.0,0,1677665.1633448848,3132669.7591674635,0,0.6310068435052167,1.19142283027714,0,0.0,1710356.1369831688,763126190623.339,780054.5706281157,76312619062333.9,7459258.807392075,1.162106855190359e-09,1,20,1,1.5535771091010974e+16,1.5535771091010976e+16,0
93,245000000.0,0,1578758.292707082,3127988.117888729,0,0.7534181843126199,1.2660164591209644,0,0.0,1988555.0580623145,926967085894.9255,578181.7236335885,92696708589492.55,7459258.807392075,1.2150849215686321e-09,1,20,1,1.5544355906805938e+16,1.5544355906805938e+16,0
94,245000000.0,0,1679687.5,3147145.0776349436,0,16.220221851423585,94.53254674824319,0,0.0,1696421.8043808003,491101541884.9027,376308.8766390614,49110154188490.27,7459258.807392075,1.162106855190359e-09,1,20,1,1.552554574688295e+16,1.5525545746882952e+16,0
95,245000000.0,0,1620313.0469718596,3176450.7121896767,0,9.279352202642912,95.96884171238315,0,0.0,1211305.7058542653,259633775897.04126,330686.0296445342,25963377589704.125,7480027.497836689,1.433363649994135e-09,1,20,1,1.5534978191681526e+16,1.5534978191681524e+16,0
96,245000000.0,0,1679687.5,3185996.1917718993,0,0.6096204721791568,1.1216851426527017,0,0.0,1240566.373153854,550604512184.1,675688.1826500071,55060451218410.0,7504366.103871977,1.7259935702895746e-09,1,20,1,1.554725390230445e+16,1.5547253902304448e+16,0
97,245000000.0,0,1632522.3747379926,3179477.5299285827,0,0.7058712450242689,1.224348090316662,0,0.0,1506187.5481235841,514409908936.91254,473815.3356554799,51440990893691.25,7505183.505672865,1.6698322724550962e-09,1,20,1,1.5583184640338808e+16,1.5583184640338808e+16,0
98,245000000.0,0,1638902.2453120477,3195857.2257805476,0,0.6179725084474667,1.2195848903295035,0,0.0,1590228.7013381275,787542670715.1556,818817.4886609528,78754267071515.56,7505183.505672865,1.7114416550612077e-09,1,20,1,1.5531576807489974e+16,1.5531576807489972e+16,0
99,245000000.0,0,1644731.7025041257,3183843.3811175586,0,0.722529700992189,1.215264916484761,0,0.0,1855849.8763078577,832488855959.9238,616944.6416664256,83248885595992.38,7505183.505672865,1.6698322724550962e-09,1,20,1,1.5560156592449192e+16,1.556015659244919e+16,0
100,245000000.0,0,1679687.5,3207018.7559743878,0,17.195372023051256,100.49848789441918,0,0.0,1551138.8765169277,445237026064.0101,415071.7946718985,44523702606401.01,7505183.505672865,1.7114416550612077e-09,1,20,1,1.5521422957720212e+16,1.5521422957720212e+16,0
101,245000000.0,0,1656941.0302702587,3223347.106011376,0,0.6759825033942111,1.2063155223765605,0,0.0,1649262.2044921312,527075761724.1741,390615.4374243258,52707576172417.41,7505183.505672865,1.7644197214394808e-09,1,20,1,1.5544407932945408e+16,1.5544407932945408e+16,0
102,245000000.0,0,1679687.5,3231293.078701099,0,0.5977302522452149,1.1466123748539043,0,0.0,1586428.3577066744,661778389188.718,714451.1006828442,66177838918871.805,7505183.505672865,1.7114416550612077e-09,1,20,1,1.5543056871015052e+16,1.5543056871015052e+16,0
103,245000000.0,0,1669150.3580363917,3224673.320685912,0,0.7253685089746489,1.1974969740756845,0,0.0,1852049.5326764046,821642383453.8304,512578.253688317,82164238345383.05,7505183.505672865,1.7644197214394808e-09,1,20,1,1.5548387826840018e+16,1.5548387826840016e+16,0
104,245000000.0,0,1600139.3272792106,3249306.194225254,0,0.6067379082171023,1.2491105339337125,0,0.0,1907197.650191394,967548764170.8945,857580.4066937899,96754876417089.45,7585266.361075457,1.2755663192365319e-09,1,20,1,1.5527378269288762e+16,1.552737826928876e+16,0
105,245000000.0,0,1679687.5,3251929.8094657334,0,8.697430818730282,105.4295640093301,0,0.0,1830291.365180928,842676356029.2896,655707.5596992627,84267635602928.95,7585266.361075457,1.3683347788173705e-09,1,20,1,1.5531315397879782e+16,1.553131539787978e+16,0
106,245000000.0,0,1679687.5,3275832.9498868324,0,18.173069179843743,106.46675001300666,0,0.0,1507762.233175935,452698337246.489,453834.7127047356,45269833724648.9,7585266.361075457,1.7412276065442711e-09,1,20,1,1.5517294650959536e+16,1.5517294650959534e+16,0
107,245000000.0,0,1679687.5,3293880.499825357,0,0.657882552516704,1.166454892593732,0,0.0,1575858.101170942,482612153502.0242,408211.8657102084,48261215350202.414,7585266.361075457,1.4556462701875716e-09,1,20,1,1.5549287954758534e+16,1.5549287954758534e+16,0
108,245000000.0,0,1679687.5,3302314.9449705766,0,0.5856021025954449,1.172672704704627,0,0.0,1495206.1221714218,682960055320.2633,753214.0187156813,68296005532026.33,7585266.361075457,1.5957084542606026e-09,1,20,1,1.553886126100281e+16,1.5538861261002808e+16,0
109,245000000.0,0,1679687.5,3297420.173826323,0,0.70422123881481,1.1515296452442976,0,0.0,1730799.8371609559,720837836641.2632,551341.1717211541,72083783664126.31,7585266.361075457,1.071839506039396e-09,1,20,1,1.556195741666921e+16,1.556195741666921e+16,0
110,245000000.0,0,1561376.4092463735,3315429.879877577,0,0.5953534805004023,1.2801012535543328,0,0.0,1797022.8581614355,967326503495.291,896343.324726627,96732650349529.1,7585266.361075457,9.845280146691948e-10,1,20,1,1.5523180965184678e+16,1.5523180965184676e+16,0
111,245000000.0,0,1679687.5,3304955.5805511577,0,0.7192229383272739,1.1638933774732243,0,0.0,2032616.5731509696,1046789482317.2139,694470.4777320998,104678948231721.39,7585266.361075457,9.845280146691948e-10,1,20,1,1.554455305720616e+16,1.554455305720616e+16,0
112,245000000.0,0,1679687.5,3329452.5297300224,0,19.15282986129882,112.4407155990405,0,0.0,1710087.4411459768,564690614698.609,492597.6307375727,56469061469860.9,7585266.361075457,9.845280146691948e-10,1,20,1,1.551316092098751e+16,1.551316092098751e+16,0
113,245000000.0,0,1679687.5,3345063.83704622,0,0.6530833337078176,1.1227964054410835,0,0.0,1778183.3091409835,642380033017.0425,446974.7837430455,64238003301704.25,7585266.361075457,9.845280146691948e-10,1,20,1,1.5535311026996158e+16,1.5535311026996156e+16,0
114,245000000.0,0,1665742.797224482,3352422.0491409376,0,0.5753319768169028,1.1999451885020709,0,0.0,1697531.3301414633,793004027597.8928,791976.9367485184,79300402759789.28,7585266.361075457,9.845280146691948e-10,1,20,1,1.5534660352114838e+16,1.5534660352114836e+16,0
115,245000000.0,0,1679687.5,3347459.9717103164,0,0.7110221898804772,1.1655466521400342,0,0.0,1933125.0451309974,917657214701.906,590104.0897539912,91765721470190.6,7585266.361075457,9.845280146691948e-10,1,20,1,1.5544054133851334e+16,1.5544054133851334e+16,0
116,245000000.0,0,1522613.4912135364,3367068.603725482,0,0.5868701625075508,1.3126688701128713,0,0.0,1999348.0661314775,1114421974318.5454,935106.2427594641,111442197431854.55,7585266.361075457,9.845280146691948e-10,1,20,1,1.5518975541980974e+16,1.5518975541980972e+16,0
117,245000000.0,0,1679687.5,3363996.688191467,0,9.589099584027284,117.39364723865731,0,0.0,1922441.7811210116,962836848097.9845,733233.3957649369,96283684809798.45,7585266.361075457,8.390088623855263e-10,1,20,1,1.5527880117578032e+16,1.552788011757803e+16,0
118,245000000.0,0,1679687.5,3386362.8958571926,0,20.138269020823508,118.4292470923024,0,0.0,1599912.6491160186,534720658209.34595,531360.5487704098,53472065820934.59,7585266.361075457,8.390088623855263e-10,1,20,1,1.550901014064589e+16,1.550901014064589e+16,0
119,245000000.0,0,1679687.5,3404279.646730021,0,0.6353728374447115,1.082288141287965,0,0.0,1668008.5171110253,562148580156.4485,485737.7017758826,56214858015644.85,7585266.361075457,8.390088623855263e-10,1,20,1,1.5545804041335842e+16,1.5545804041335842e+16,0
120,245000000.0,0,1626979.879191645,3411076.601842231,0,0.5674911826541263,1.228516412004476,0,0.0,1587356.5381115049,809152194065.6807,830739.8547813555,80915219406568.06,7585266.361075457,1.3046701496932656e-09,1,20,1,1.5530452519356234e+16,1.5530452519356234e+16,0
121,245000000.0,0,1679687.5,3406059.6062376983,0,0.6906241581188242,1.1170676344791381,0,0.0,1822950.253101039,824887438518.4775,628867.0077868283,82488743851847.75,7585266.361075457,7.808012014720589e-10,1,20,1,1.5560428795977798e+16,1.55604287959778e+16,0
122,245000000.0,0,1483850.5731806993,3418893.1480480637,0,0.5798637551126704,1.3469368811407056,0,0.0,1880420.444880378,1114883872278.4956,973869.1607923012,111488387227849.56,7620277.6779600205,4.1882231016643345e-10,1,20,1,1.5514766043823976e+16,1.5514766043823972e+16,0
123,245000000.0,0,1679687.5,3403721.617778332,0,0.7066553150237918,1.168867332172319,0,0.0,2116014.1598699125,1172204314232.2153,771996.313797774,117220431423221.53,7620277.6779600205,4.1882231016643345e-10,1,20,1,1.554302225018453e+16,1.5543022250184532e+16,0
124,245000000.0,0,1679687.5,3431065.6426064516,0,21.122869825131158,124.4071291555773,0,0.0,1793485.027864919,651967275507.7726,570123.4668032469,65196727550777.26,7620277.6779600205,4.1882231016643345e-10,1,20,1,1.5504864289075248e+16,1.5504864289075248e+16,0
125,245000000.0,0,1679687.5,3444351.420700193,0,0.6335214117900045,1.118590469080888,0,0.0,1861580.8958599262,727170799517.7734,524500.6198087197,72717079951777.34,7620277.6779600205,8.844835974741727e-10,1,20,1,1.553182097619593e+16,1.553182097619593e+16,0
126,245000000.0,0,1589007.1916267881,3451646.5052209888,0,0.5603675820069894,1.2578559458927572,0,0.0,1779348.455924445,922779224547.456,868712.5423462122,92277922454745.61,7623438.5998319425,1.0440999176353216e-09,1,20,1,1.5526244734244414e+16,1.5526244734244412e+16,0
127,245000000.0,0,1679687.5,3447626.159426372,0,0.698136064487269,1.170534777854042,0,0.0,2014905.320639475,1024842700342.6917,666049.4648837047,102484270034269.17,7623586.000929959,8.11269273981452e-10,1,20,1,1.5542525638842068e+16,1.5542525638842068e+16,0
128,245000000.0,0,1447458.3465518034,3467439.0865311916,0,0.5734022400825861,1.3807784012299666,0,0.0,2079547.880703994,1265277653136.6968,1010261.3874211971,126527765313669.67,7623586.000929959,8.11269273981452e-10,1,20,1,1.5510729912233624e+16,1.5510729912233624e+16,0
129,245000000.0,0,1628277.02643485,3452294.6070465385,0,0.7058863599245302,1.2275383299157898,0,0.0,2315141.595693528,1409351346214.7285,807598.3099586896,140935134621472.84,7623586.000929959,8.11269273981452e-10,1,20,1,1.5525141556280502e+16,1.5525141556280504e+16,0
130,245000000.0,0,1679687.5,3482777.565282529,0,22.11153816532365,130.40277341556225,0,0.0,1991822.233220555,797312966281.3667,604935.2324961821,79731296628136.67,7623586.000929959,8.11269273981452e-10,1,20,1,1.5500705957526592e+16,1.5500705957526594e+16,0
131,245000000.0,0,1679687.5,3492640.75214706,0,0.6329870222230882,1.1722069877156345,0,0.0,2059127.8707475814,919769271079.4849,558522.1550336746,91976927107948.48,7623586.000929959,8.11269273981452e-10,1,20,1,1.5517957646879062e+16,1.5517957646879062e+16,0
132,245000000.0,0,1554985.656401834,3500394.988517424,0,0.5543293013729161,1.2853588924623731,0,0.0,1976895.4308121004,1062328444610.4893,902734.077571167,106232844461048.92,7623586.000929959,8.11269273981452e-10,1,20,1,1.5522551166162554e+16,1.5522551166162556e+16,0
133,245000000.0,0,1637104.3357996168,3497276.808406936,0,0.694577053490697,1.2209234517554275,0,0.0,2189959.667113964,1226419469080.6267,700071.0001086595,122641946908062.67,7668644.9583053,1.4515535440295935e-09,1,20,1,1.5524653658264442e+16,1.5524653658264444e+16,0
134,245000000.0,0,1413436.8113268493,3520100.643964384,0,0.5681557131004888,1.4139903486560477,0,0.0,2232072.7484908123,1408760191831.2407,1044282.922646152,140876019183124.06,7668644.9583053,9.858922567218542e-10,1,20,1,1.5507034314360192e+16,1.550703431436019e+16,0
135,245000000.0,0,1616099.888789357,3519297.5660810973,0,10.943051399117877,135.36973217018408,0,0.0,2132636.984792676,1231688531669.414,841619.8451836444,123168853166941.4,7668644.9583053,9.858922567218542e-10,1,20,1,1.551399317518711e+16,1.5513993175187112e+16,0
136,245000000.0,0,1679687.5,3540063.4976394163,0,23.102437455507214,136.4093852665668,0,0.0,1786788.1436320315,695995338187.1212,638956.7677211369,69599533818712.125,7668644.9583053,9.858922567218542e-10,1,20,1,1.5496539267586112e+16,1.5496539267586108e+16,0
137,245000000.0,0,1679687.5,3555751.7444657115,0,0.6096252931144922,1.0887435074912324,0,0.0,1831556.1177569125,722632923978.8904,592543.6902586294,72263292397889.03,7668661.327734251,8.985807653516531e-10,1,20,1,1.5535664043430654e+16,1.5535664043430654e+16,0
138,245000000.0,0,1520964.1211768799,3564578.0923247226,0,0.5479642041041307,1.3140914244768611,0,0.0,1726786.0144192856,1004296981518.2766,936755.6127961219,100429698151827.66,7676528.716975857,9.63154889177531e-10,1,20,1,1.5518857280293524e+16,1.551885728029352e+16,0
139,245000000.0,0,1679687.5,3561594.32414964,0,0.6625016860165894,1.1234857423449185,0,0.0,1939842.066006674,983064138098.7507,734092.5353336143,98306413809875.08,7676528.716975857,8.903953130356967e-10,1,20,1,1.555585913768709e+16,1.5555859137687088e+16,0
140,245000000.0,0,1379415.2761018951,3574334.4710870534,0,0.5629015172858497,1.4488393707491616,0,0.0,1981946.9626690473,1328068297525.774,1078304.457871107,132806829752577.39,7676528.716975857,9.63154889177531e-10,1,20,1,1.5503337609078592e+16,1.5503337609078594e+16,0
141,245000000.0,0,1582078.3535644028,3562198.164883778,0,0.6763056387112595,1.1605183404343307,0,0.0,2195003.0142564354,1318047478915.5317,875641.3804085994,131804747891553.17,7676528.716975857,9.63154889177531e-10,1,20,1,1.5543390789401082e+16,1.5543390789401078e+16,0
142,245000000.0,0,1628491.4310269104,3597794.738762886,0,13.40548749299014,142.37773275497202,0,0.0,1849145.9883813164,905405178604.5667,829228.3029460919,90540517860456.67,7676528.716975857,9.63154889177531e-10,1,20,1,1.5492438967691308e+16,1.5492438967691304e+16,0
143,245000000.0,0,1665561.8007909623,3584701.3234066055,0,0.6785452951568667,1.200075508181446,0,0.0,2059538.962506197,1063918707770.1826,626565.2254835843,106391870777018.27,7676528.716975857,9.63154889177531e-10,1,20,1,1.5530954945984734e+16,1.5530954945984734e+16,0
144,245000000.0,0,1486942.5859519257,3609397.8456838704,0,0.543588016289099,1.3441378846754901,0,0.0,2101643.8591685705,1223542975240.0625,970777.1480210768,122354297524006.25,7676528.716975857,9.63154889177531e-10,1,20,1,1.5515157611818856e+16,1.5515157611818856e+16,0
145,245000000.0,0,1608755.749203574,3596695.0680333613,0,0.6805362626593481,1.2424245112896781,0,0.0,2314699.9107559584,1394276735515.9717,768114.0705585693,139427673551597.17,7676528.716975857,9.63154889177531e-10,1,20,1,1.5518519537510612e+16,1.5518519537510612e+16,0
146,245000000.0,0,1345393.740876941,3621345.4687891,0,0.5603310000861538,1.4854495674477426,0,0.0,2356804.807418332,1595668839248.4883,1112325.9930960617,159566883924848.8,7676528.716975857,9.63154889177531e-10,1,20,1,1.5499633598455896e+16,1.5499633598455894e+16,0
147,245000000.0,0,1548056.8183394487,3625459.9734993293,0,11.850243834824859,147.3611086904739,0,0.0,2257360.85900572,1407516351785.767,909662.9156335542,140751635178576.72,7676528.716975857,9.63154889177531e-10,1,20,1,1.5507226590502112e+16,1.5507226590502116e+16,0
148,245000000.0,0,1594469.8958019563,3649806.859588843,0,13.946877965962738,148.38850992278927,0,0.0,1911503.8331306006,977829217764.7407,863249.8381710467,97782921776474.08,7676528.716975857,9.63154889177531e-10,1,20,1,1.5488394347828976e+16,1.5488394347828976e+16,0
149,245000000.0,0,1651393.6460287971,3641882.777576473,0,0.662443116848735,1.210365341700875,0,0.0,2121896.8072554814,1139659022004.733,660586.7607085392,113965902200473.3,7676528.716975857,9.63154889177531e-10,1,20,1,1.5527914086514554e+16,1.5527914086514556e+16,0
150,245000000.0,0,1452921.0507269716,3665423.403019058,0,0.5403370157114371,1.3755905102274877,0,0.0,2142918.658373981,1295302154288.7554,1004798.6832460316,129530215428875.53,7718694.808063605,8.176357368938625e-10,1,20,1,1.5511454345724352e+16,1.5511454345724354e+16,0
151,245000000.0,0,1615670.639985283,3654230.517047944,0,0.6639722307619774,1.2371103615874453,0,0.0,2334891.664417495,1430826188368.9722,802135.6057835241,143082618836897.22,7718694.808063605,8.176357368938625e-10,1,20,1,1.5517788842447916e+16,1.5517788842447914e+16,0
152,245000000.0,0,1311372.2056519869,3679638.3747609314,0,0.5578291169386317,1.523957907205448,0,0.0,2355913.5155359944,1647395149306.9155,1146347.5283210166,164739514930691.56,7718694.808063605,8.176357368938625e-10,1,20,1,1.549592856083966e+16,1.5495928560839662e+16,0
153,245000000.0,0,1514035.2831144945,3666758.6615476394,0,0.6647519595296059,1.2650640394795432,0,0.0,2547886.5215795087,1767170038460.4758,943684.450858509,176717003846047.6,7718694.808063605,8.176357368938625e-10,1,20,1,1.550997154152949e+16,1.550997154152949e+16,0
154,245000000.0,0,1560448.3605770022,3702982.048142347,0,14.486846125921067,154.3872170244279,0,0.0,2180946.4501605155,1192091883262.7231,897271.3733960015,119209188326272.31,7718694.808063605,8.176357368938625e-10,1,20,1,1.5484355007678698e+16,1.5484355007678698e+16,0
155,245000000.0,0,1606861.4380395098,3709736.1171188448,0,0.6132500298701011,1.2438882808450402,0,0.0,2214006.3787415223,1319992664313.7966,850858.295933494,131999266431379.66,7718694.808063605,8.176357368938625e-10,1,20,1,1.5504782625869382e+16,1.550478262586938e+16,0
156,245000000.0,0,1262649.5155020175,3716038.089180014,0,0.561332422646806,1.5827173401047427,0,0.0,2235028.2298600217,1656798941981.5332,1195070.2184709865,165679894198153.3,7718694.808063605,8.176357368938625e-10,1,20,1,1.5490596674887028e+16,1.5490596674887024e+16,0
157,245000000.0,0,1465312.592964525,3708335.8694882523,0,0.6434558503658632,1.2006591941799156,0,0.0,2427001.235903536,1658011981953.7327,992407.1410084789,165801198195373.28,7719380.744986427,8.176357368938625e-10,1,20,1,1.5528604607215876e+16,1.5528604607215874e+16,0
158,245000000.0,0,1667975.6704270327,3732317.005773518,0,26.74063688804058,158.40833536507736,0,0.0,2060061.1644845428,977881834447.9932,789744.0635459714,97788183444799.31,7719380.744986427,8.176357368938625e-10,1,20,1,1.5481248039244456e+16,1.5481248039244458e+16,0
159,245000000.0,0,1679687.5,3744975.778766454,0,0.5921046578609303,1.1659164737209682,0,0.0,2083746.0930655496,1007541076767.2119,743330.9860834639,100754107676721.19,7719380.744986427,8.176357368938625e-10,1,20,1,1.5521463699794036e+16,1.5521463699794036e+16,0
160,245000000.0,0,1370176.825352048,3754627.7226163168,0,0.5398598026818213,1.4586010812183194,0,0.0,1957892.944184049,1335446179746.7754,1087542.9086209564,133544617974677.53,7719380.744986427,8.176357368938625e-10,1,20,1,1.5502419381987904e+16,1.5502419381987904e+16,0
161,245000000.0,0,1572839.9028145557,3752471.9477002043,0,0.6272199190315169,1.1424944108261652,0,0.0,2149865.9502275633,1281429582244.6475,884879.8311584488,128142958224464.75,7719380.744986427,8.176357368938625e-10,1,20,1,1.554722232076085e+16,1.554722232076085e+16,0
162,245000000.0,0,1228627.9802770633,3758100.6603598287,0,0.5599664636403756,1.6265082057984352,0,0.0,2170887.8013460627,1691832779503.1316,1229091.7536959413,169183277950313.16,7791679.536354984,8.176357368938625e-10,1,20,1,1.5486885774206588e+16,1.5486885774206586e+16,0
163,245000000.0,0,1431291.057739571,3749648.14447724,0,0.6338999355573383,1.1662945967183553,0,0.0,2362860.807389577,1622067037074.3472,1026428.6762334338,162206703707434.72,7791679.536354984,8.176357368938625e-10,1,20,1,1.5539387955302162e+16,1.553938795530216e+16,0
164,245000000.0,0,1633954.1352020786,3785531.026611494,0,27.73252427296237,164.40395391603636,0,0.0,1976306.7284545102,973051355369.1384,823765.5987709262,97305135536913.84,7870135.566419278,1.9235812942497432e-09,1,20,1,1.5477078187140328e+16,1.5477078187140326e+16,0
165,245000000.0,0,1678109.5976806832,3782312.772451327,0,0.6325796060664555,1.1911074790844836,0,0.0,2156241.657035517,1045778893312.3052,621102.5213084187,104577889331230.52,7870135.566419278,1.9235812942497432e-09,1,20,1,1.5531576998786588e+16,1.5531576998786586e+16,0
166,245000000.0,0,1492405.290127094,3812262.2388116294,0,0.5164779386727756,1.3392211834402925,0,0.0,2030388.5081540165,1179979691978.248,965314.4438459112,117997969197824.81,7870135.566419278,1.9235812942497432e-09,1,20,1,1.5515857915592372e+16,1.5515857915592372e+16,0
167,245000000.0,0,1642386.591637169,3811917.1726811146,0,0.631342887938606,1.2169990981900167,0,0.0,2211927.4898089743,1284572223622.0884,752217.3419948472,128457222362208.84,7911871.663973505,2.2773747332394123e-09,1,20,1,1.5523765684074086e+16,1.5523765684074082e+16,0
168,245000000.0,0,1371724.493829222,3842732.669791111,0,0.529956804488395,1.4569565917928584,0,0.0,2212081.2921503605,1467503085166.9902,1085995.2401437832,146750308516699.03,7911871.663973505,2.2773747332394123e-09,1,20,1,1.550148366035869e+16,1.5501483660358692e+16,0
169,245000000.0,0,1584821.595680286,3836469.6196114304,0,0.6304534939959716,1.2440413640777146,0,0.0,2404054.2981938752,1566099994814.995,872898.1382927191,156609999481499.5,7935007.018727033,2.684828359633684e-09,1,20,1,1.5515953192283906e+16,1.5515953192283908e+16,0
170,245000000.0,0,1251043.69753135,3867763.8595579695,0,0.546273532353095,1.597388337119058,0,0.0,2404208.100535261,1793072249891.8606,1206676.0364416551,179307224989186.06,7935007.018727033,2.684828359633684e-09,1,20,1,1.5488244606217296e+16,1.5488244606217298e+16,0
171,245000000.0,0,1464140.799382414,3861198.708470531,0,0.6301842903931887,1.2723127235333296,0,0.0,2596181.1065787757,1881860007841.2188,993578.9345905911,188186000784121.88,7935007.018727033,2.684828359633684e-09,1,20,1,1.5508138776522544e+16,1.5508138776522544e+16,0
172,245000000.0,0,1130362.901233478,3891745.103468446,0,0.5662894134263532,1.7677793728426865,0,0.0,2596334.908920162,2152873656450.0474,1327356.832739527,215287365645004.75,7935007.018727033,2.684828359633684e-09,1,20,1,1.5474998185696378e+16,1.547499818569638e+16,0
173,245000000.0,0,1343460.003084542,3885197.915639976,0,0.6306686701722248,1.301898920108515,0,0.0,2788307.914963676,2231852262700.7593,1114259.730888463,223185226270075.94,7935007.018727033,2.684828359633684e-09,1,20,1,1.5500322040204226e+16,1.5500322040204228e+16,0
174,245000000.0,0,1556557.104935606,3921162.4880722146,0,29.384552236296148,174.39966549492658,0,0.0,2410933.8191561266,1350994524710.717,901162.6290373991,135099452471071.7,7935007.018727033,2.684828359633684e-09,1,20,1,1.5470130608643664e+16,1.5470130608643662e+16,0
175,245000000.0,0,1613404.20678667,3943104.3081335146,0,0.5925859332965355,1.2388471187032055,0,0.0,2424184.723348577,1422556899885.7065,844315.5271863351,142255689988570.66,7935007.018727033,2.684828359633684e-09,1,20,1,1.5497749649712078e+16,1.5497749649712078e+16,0
176,245000000.0,0,1280955.4437941946,3952278.5769758094,0,0.5340545429880543,1.560116624709369,0,0.0,2274805.2553770426,1655452010396.7551,1176764.2901788107,165545201039675.5,7940323.559352875,1.913576852530241e-09,1,20,1,1.5491413608610416e+16,1.5491413608610418e+16,0
177,245000000.0,0,1495381.6808017192,3949646.0327085084,0,0.6083058573585515,1.2337898813933816,0,0.0,2466778.261420557,1697709246145.4365,962338.0531712862,169770924614543.66,7940323.559352875,1.913576852530241e-09,1,20,1,1.5518957773216298e+16,1.55189577732163e+16,0
178,245000000.0,0,1162932.9178092438,3963138.7324554157,0,0.5520737954982198,1.7183120860301837,0,0.0,2464273.7934490223,1994129736280.8496,1294786.8161637618,199412973628084.97,7940323.559352875,1.913576852530241e-09,1,20,1,1.5478461963652954e+16,1.5478461963652954e+16,0
179,245000000.0,0,1385660.9330709877,3960943.5387875703,0,0.6132067051849617,1.2514033054183749,0,0.0,2622130.565327168,1976925502479.092,1072058.8009020179,197692550247909.22,8025159.584192052,2.786691766232252e-09,1,20,1,1.5511129667455408e+16,1.5511129667455408e+16,0
180,245000000.0,0,1452138.9483327316,4001314.4992004675,0,16.82823627155233,180.41549291536586,0,0.0,2209303.7133829645,1348074534717.724,1005580.785640274,134807453471772.4,8025189.13145135,1.6807462088763714e-09,1,20,1,1.5467431515434282e+16,1.5467431515434284e+16,0
181,245000000.0,0,1587297.2331992933,3996836.825227796,0,0.6106126419741984,1.2592101517241943,0,0.0,2352734.2482535853,1465440820170.2183,782852.7703785303,146544082017021.8,8033213.888178784,1.6807462088763714e-09,1,20,1,1.5508972114558696e+16,1.5508972114558694e+16,0
182,245000000.0,0,1350719.9788562194,4021556.7336462936,0,0.5159654703676343,1.4795963892553645,0,0.0,2307811.767862463,1568509435491.8367,1106999.7551167863,156850943549183.66,8033213.888178784,1.6807462088763714e-09,1,20,1,1.549819230172878e+16,1.5498192301728784e+16,0
183,245000000.0,0,1573447.9941179634,4016798.719163917,0,0.6079267759663838,1.2671150151139257,0,0.0,2473970.317994828,1659880357961.0676,884271.7398550425,165988035796106.75,8033213.888178784,2.2628228180110455e-09,1,20,1,1.550681475784962e+16,1.550681475784962e+16,0
184,245000000.0,0,1249301.0093797073,4044557.9587584925,0,0.5301235135353256,1.599614800752844,0,0.0,2429047.837603705,1818057161609.0088,1208418.7245932987,181805716160900.88,8033213.888178784,2.8448994271457195e-09,1,20,1,1.5487064882463376e+16,1.548706488246338e+16,0
185,245000000.0,0,1472029.0246414512,4039952.3126592455,0,0.6055381429663125,1.275119753195777,0,0.0,2595206.38773607,1875284227954.1753,985690.709331555,187528422795417.53,8033213.888178784,2.8448994271457195e-09,1,20,1,1.550465644890026e+16,1.550465644890026e+16,0
186,245000000.0,0,1147882.039903195,4069627.0271386746,0,0.5466466561720621,1.7408227568502335,0,0.0,2550283.907344947,2088569219928.439,1309837.6940698111,208856921992843.9,8033213.888178784,2.8448994271457195e-09,1,20,1,1.547593356499412e+16,1.547593356499412e+16,0
187,245000000.0,0,1370610.055164939,4065163.7608285523,0,0.6034161587672628,1.283226270816606,0,0.0,2716442.457477312,2111652430149.5405,1087109.6788080672,211165243014954.06,8033213.888178784,2.8448994271457195e-09,1,20,1,1.550249727784621e+16,1.5502497277846212e+16,0
188,245000000.0,0,1046463.0704266829,4094567.3037569523,0,0.5664490963347726,1.909375190845919,0,0.0,2671519.9770861897,2380045610450.1265,1411256.6635463233,238004561045012.66,8033213.888178784,2.8448994271457195e-09,1,20,1,1.546479611008204e+16,1.5464796110082046e+16,0
189,245000000.0,0,1269191.0856884269,4090236.5836136565,0,0.6015351950295355,1.2914365215731143,0,0.0,2837678.5272185546,2368984964547.163,1188528.6482845794,236898496454716.3,8033177.899978023,2.6520865503698587e-09,1,20,1,1.5500337320922864e+16,1.5500337320922866e+16,0
190,245000000.0,0,1491919.1009501708,4125896.398705191,0,32.04242958608744,190.44775937495518,0,0.0,2424859.0620891755,1429202493321.147,965800.6330228356,142920249332114.7,8033177.899978023,2.6520865503698587e-09,1,20,1,1.5458965696491926e+16,1.5458965696491926e+16,0
191,245000000.0,0,1558397.1162119147,4150162.474800488,0,0.5747055325490508,1.2825469402293095,0,0.0,2402664.5969597967,1434700129049.0781,899322.6177610918,143470012904907.8,8033177.899978023,2.6520865503698587e-09,1,20,1,1.5499767450255628e+16,1.549976745025563e+16,0
192,245000000.0,0,1234250.1314736586,4161311.1418055743,0,0.5245100852698054,1.6191052719128163,0,0.0,2210867.1165686743,1706299604134.1824,1223469.602499348,170629960413418.25,8033177.899978023,2.6520865503698587e-09,1,20,1,1.5485446194887162e+16,1.548544619488716e+16,0
193,245000000.0,0,1456978.1467354025,4160653.522192538,0,0.5737392035725053,1.18687604755264,0,0.0,2377025.6667010393,1626962648489.9639,1000741.5872376043,162696264848996.38,8033177.899978023,2.6520865503698587e-09,1,20,1,1.5530288545919238e+16,1.5530288545919236e+16,0
194,245000000.0,0,1132831.1619971464,4169252.4304362643,0,0.5413074080720334,1.7639310569636941,0,0.0,2332103.1863099164,1975242577526.3904,1324888.5719758605,197524257752639.03,8033177.899978023,2.6520865503698587e-09,1,20,1,1.547431315615677e+16,1.5474313156156768e+16,0
195,245000000.0,0,1355559.1772588904,4168464.4997410476,0,0.5773804095870436,1.193896289552149,0,0.0,2498261.7364422814,1861761765758.107,1102160.5567141166,186176176575810.7,8033177.899978023,2.6520865503698587e-09,1,20,1,1.5528112096353964e+16,1.5528112096353964e+16,0
196,245000000.0,0,1031412.1925206343,4190944.7319304687,0,0.5612409451166834,1.9372107521483257,0,0.0,2453340.5835869266,2265150213849.0923,1426307.541452373,226515021384909.22,8033172.589834952,1.95359461940825e-09,1,20,1,1.5463175373166668e+16,1.5463175373166668e+16,0
197,245000000.0,0,1254140.2077823782,4186550.6202159617,0,0.577829152663556,1.201000073620951,0,0.0,2619499.133719291,2117525545956.7446,1203579.526190629,211752554595674.47,8033172.589834952,1.4879333321005106e-09,1,20,1,1.5525945002654932e+16,1.5525945002654934e+16,0
198,245000000.0,0,1320618.223044122,4226702.952037909,0,18.463759050226,198.46772030501302,0,0.0,2206679.6685899124,1543221898748.4258,1137101.510928885,154322189874842.56,8033172.589834952,1.4879333321005106e-09,1,20,1,1.5454341114130464e+16,1.5454341114130464e+16,0
199,245000000.0,0,1543346.238305866,4220980.646861628,0,0.5760636388785578,1.2081888999323742,0,0.0,2350110.2034605336,1527311143514.4492,914373.4956671413,152731114351444.94,8033172.589834952,1.4879333321005106e-09,1,20,1,1.5523784355227728e+16,1.552378435522773e+16,0
200,245000000.0,0,1219199.25356761,4245476.103218969,0,0.5196228953647531,1.6390765640549396,0,0.0,2279901.15179442,1772855003194.0342,1238520.4804053975,177285500319403.4,8083745.732384934,8.185452315956354e-10,1,20,1,1.5483822024286634e+16,1.5483822024286634e+16,0
201,245000000.0,0,1441927.2688293539,4242384.153278183,0,0.5707013681672343,1.1970684011640025,0,0.0,2420773.130651794,1688609199304.2646,1015792.4651436537,168860919930426.47,8083745.732384934,8.185452315956354e-10,1,20,1,1.5524403346119234e+16,1.5524403346119234e+16,0
202,245000000.0,0,1117780.2840910978,4268541.5795255145,0,0.5377341930088402,1.7876611059738232,0,0.0,2350564.0789856804,2017195042979.2683,1339939.4498819099,201719504297926.84,8083745.732384934,1.1677911970764399e-09,1,20,1,1.5472685826467924e+16,1.5472685826467924e+16,0
203,245000000.0,0,1340508.2993528417,4265561.824346614,0,0.5655870292323171,1.186150747535657,0,0.0,2491436.057843054,1871424803970.4873,1117211.434620166,187142480397048.72,8083745.732384934,1.5170371625572443e-09,1,20,1,1.5527787254959832e+16,1.552778725495983e+16,0
204,245000000.0,0,1016361.3146145856,4294947.130959645,0,0.5590119962470222,1.9658699139328633,0,0.0,2421227.0061769406,2283052631640.9097,1441358.419358422,228305263164090.97,8085305.159748145,1.153239281848073e-09,1,20,1,1.5461545079879184e+16,1.5461545079879184e+16,0
205,245000000.0,0,1239089.3298763293,4292115.514296386,0,0.560677830880425,1.175430439166846,0,0.0,2562098.9850343023,2075757957513.1133,1218630.4040966781,207575795751311.3,8085305.159748195,2.521119313314557e-09,1,20,1,1.55311704935651e+16,1.55311704935651e+16,0
206,245000000.0,0,1305567.3451380732,4299480.951691723,0,0.5919823590391848,1.530728597681773,0,0.0,3251879.025219716,2328446761648.44,1152152.3888349342,232844676164844.0,8085305.159748195,2.2373569663614035e-09,1,20,1,1.5451134517632024e+16,1.5451134517632026e+16,0
207,245000000.0,0,981420.3603998171,4292407.024193134,0,0.5339578819247048,2.035788426846179,0,0.0,3415378.5196240637,2720041432779.2344,1476299.3735731905,272004143277923.44,8085305.159748195,2.166416379623115e-09,1,20,1,1.5453798322003168e+16,1.545379832200317e+16,0
208,245000000.0,0,1204148.3756615608,4272759.0877393745,0,0.5558288759714958,1.244257845578465,0,0.0,3889251.6055905437,2711833491074.164,1253571.3583114466,271183349107416.4,8085305.159748195,3.0886440072208643e-09,1,20,1,1.5489692322780982e+16,1.5489692322780982e+16,0
209,245000000.0,0,1270626.3909233047,4309534.095014907,0,19.520313375224625,210.13354339279374,0,0.0,2732948.1420339113,1754640362426.574,1187093.3430497027,175464036242657.4,8085305.159748195,2.166416379623115e-09,1,20,1,1.5443405090105268e+16,1.5443405090105268e+16,0
210,245000000.0,0,1493354.4061850486,4312736.062065055,0,0.5724522662356831,1.2306923669874072,0,0.0,2755164.6953933844,1786736838119.5442,964365.3277879589,178673683811954.4,8094663.528779231,2.1882442524656653e-09,1,20,1,1.54926862127495e+16,1.54926862127495e+16,0
211,245000000.0,0,1169207.4214467925,4343603.983366506,0,0.5174890846398631,1.7090987147622845,0,0.0,2442012.5435619177,1935944532438.0405,1288512.312526215,193594453243804.06,8094663.528779231,2.1882442524656653e-09,1,20,1,1.5478376953328064e+16,1.5478376953328064e+16,0
212,245000000.0,0,1391935.4367085365,4352360.279497456,0,0.5649953842363781,1.215688191424609,0,0.0,2578205.337903774,1873439184408.147,1065784.2972644712,187343918440814.7,8094663.528779231,1.5697878552600741e-09,1,20,1,1.551391877706682e+16,1.551391877706682e+16,0
213,245000000.0,0,1067788.4519702804,4384744.412343066,0,0.5353227532559445,1.8712777035652455,0,0.0,2463588.1477926034,2180256950659.9014,1389931.2820027275,218025695065990.12,8094663.528779231,2.0354491425678134e-09,1,20,1,1.5467240793760274e+16,1.5467240793760276e+16,0
214,245000000.0,0,1290516.4672320243,4393499.5624015,0,0.5576091004582086,1.201045460686661,0,0.0,2599780.942134459,2037500192527.8582,1167203.2667409836,203750019252785.8,8094663.528779231,1.862645149230957e-09,1,20,1,1.5521437006904562e+16,1.5521437006904564e+16,0
215,245000000.0,0,966369.4824937682,4424337.725497686,0,0.5578715785844371,2.067462366958515,0,0.0,2511563.292267627,2451132622595.6094,1491350.2514792397,245113262259560.94,8088257.941515482,1.5861587598919868e-09,1,20,1,1.5456097710578722e+16,1.5456097710578722e+16,0
216,245000000.0,0,1189097.4977555121,4429989.014161694,0,0.5514428306671673,1.1890109369872048,0,0.0,2650958.8802413573,2241412718742.2017,1268622.2362174958,224141271874220.16,8088257.941515482,1.622538547962904e-09,1,20,1,1.5526788837828372e+16,1.5526788837828372e+16,0
217,245000000.0,0,1259624.6525542322,4437423.24256369,0,0.5948153826419392,1.5865150629473033,0,0.0,3335213.390006151,2484327724410.4116,1198095.0814187757,248432772441041.16,8104454.4996633865,1.760781742632389e-09,1,20,1,1.5446519326312944e+16,1.5446519326312946e+16,0
218,245000000.0,0,939526.8073529522,4429711.062551599,0,0.5287921466350779,2.1264678309689673,0,0.0,3489138.214452903,2869940876299.9316,1518192.9266200557,286994087629993.2,8104454.4996633865,1.760781742632389e-09,1,20,1,1.5448814170681514e+16,1.5448814170681514e+16,0
219,245000000.0,0,1166303.9621516722,4410455.838448052,0,0.5640626281512928,1.2577315652632526,0,0.0,3961534.9095357396,2851158302479.6255,1291415.7718213357,285115830247962.56,8104454.4996633865,2.0445440895855427e-09,1,20,1,1.548572697939935e+16,1.5485726979399348e+16,0
220,245000000.0,0,1236831.1169503923,4453179.321370401,0,20.53944878734621,221.45586488025796,0,0.0,2799705.9155584867,1858628553295.4456,1220888.6170226156,185862855329544.56,8104454.4996633865,1.760781742632389e-09,1,20,1,1.5436656835279674e+16,1.5436656835279674e+16,0
221,245000000.0,0,1372753.8607605053,4462148.967919217,0,0.5633492302692176,1.2445404778661837,0,0.0,2820950.401499961,1888892458567.7327,994111.4622238956,188889245856773.28,8104957.385714976,8.403731044381857e-10,1,20,1,1.5489111498675364e+16,1.5489111498675364e+16,0
222,245000000.0,0,1143510.4265478323,4490946.013172902,0,0.5097232341973515,1.7474720663162209,0,0.0,2503028.4857393135,2027033764786.3604,1314209.3074251756,202703376478636.03,8104957.385714976,8.403731044381857e-10,1,20,1,1.547515564916005e+16,1.5475155649160048e+16,0
223,245000000.0,0,1370287.5813465524,4499914.815021147,0,0.5574223825146647,1.2316232148223956,0,0.0,2642424.073713044,1970176015974.9155,1087432.1526264555,197017601597491.56,8104957.385714976,8.403731044381857e-10,1,20,1,1.5509638436188596e+16,1.5509638436188598e+16,0
224,245000000.0,0,1050189.7361452724,4526551.845296298,0,0.5273052708605624,1.902606095959449,0,0.0,2522911.398159795,2256163512193.5835,1407529.9978277355,225616351219358.34,8104957.385714976,8.403731044381857e-10,1,20,1,1.5464905369051736e+16,1.5464905369051738e+16,0
225,245000000.0,0,1276966.8909439924,4535033.177817441,0,0.551264722303433,1.2189713375313271,0,0.0,2662306.9861335256,2125172658482.8281,1180752.8430290155,212517265848282.8,8104957.38571361,1.0168150765821338e-09,1,20,1,1.551645194310875e+16,1.5516451943108752e+16,0
226,245000000.0,0,956869.0457427124,4556305.940827336,0,0.5494117214507795,2.087968088006477,0,0.0,2565991.0571927414,2506465737441.5,1500850.6882302954,250646573744150.0,8104957.38571361,1.0168150765821338e-09,1,20,1,1.5454647976829994e+16,1.545464797682999e+16,0
227,245000000.0,0,1183646.2005414325,4558979.974692168,0,0.5458501039374546,1.2065767506095715,0,0.0,2705386.645166471,2309481425499.446,1274073.5334315754,230948142549944.6,8104957.385713612,1.77351466845721e-09,1,20,1,1.5521451248815046e+16,1.5521451248815046e+16,0
228,245000000.0,0,863548.3553401525,4583770.354472738,0,0.5765614755323986,2.313346601894939,0,0.0,2625602.923542761,2775595063901.616,1594171.3786328554,277559506390161.62,8104957.385713612,1.3078533811494708e-09,1,20,1,1.544438318710338e+16,1.5444383187103382e+16,0
229,245000000.0,0,1090325.5101388725,4584915.911573476,0,0.5406753759897077,1.1944316846172325,0,0.0,2764998.5115164905,2518418379908.6426,1367394.2238341353,251841837990864.25,8104957.385713612,1.3078533811494708e-09,1,20,1,1.5525158207419406e+16,1.5525158207419406e+16,0
230,245000000.0,0,1317102.6649375926,4570836.250512943,0,0.5884162811473769,1.4190171877954723,0,0.0,3761501.578256172,2910482881456.4546,1140617.0690354153,291048288145645.44,8104957.385713612,1.3078533811494708e-09,1,20,1,1.544437753851226e+16,1.544437753851226e+16,0
231,245000000.0,0,1001384.7141672899,4583780.654700267,0,0.5026327884387547,1.9952419183301873,0,0.0,3877603.2243704093,2995533752469.7485,1456335.0198057177,299553375246974.9,8122476.963437521,1.3733369996771216e-09,1,20,1,1.5455193140645494e+16,1.5455193140645496e+16,0
232,245000000.0,0,1232541.7633969872,4584397.403397017,0,0.5650339736381058,1.402248607905896,0,0.0,3668281.6095267674,2959573116538.486,1225177.9705760204,295957311653848.56,8122476.963437521,2.421074896119535e-09,1,20,1,1.5445082155435686e+16,1.5445082155435686e+16,0
233,245000000.0,0,916823.8126266846,4620828.1178319715,0,0.5377424301964571,2.179067455524255,0,0.0,3314717.4100551205,3031596835886.8022,1540895.921346323,303159683588680.25,8127683.228655709,1.5479599824175239e-09,1,20,1,1.5444485592031098e+16,1.5444485592031096e+16,0
234,245000000.0,0,1147980.8618563819,4635822.182339038,0,0.5736103262672669,1.3833763696732782,0,0.0,3260729.9496255945,3013604262875.5303,1309738.8721166258,301360426287553.0,8127683.228655709,1.6643753042444587e-09,1,20,1,1.54672172811462e+16,1.5467217281146202e+16,0
235,245000000.0,0,832262.9110860792,4672246.605098366,0,0.5815571202821802,2.4002028332128567,0,0.0,3129854.352601297,3205723139320.4536,1625456.8228869285,320572313932045.4,8127683.228655709,1.5479599824175239e-09,1,20,1,1.544048215214665e+16,1.5440482152146652e+16,0
236,245000000.0,0,1063419.9603157765,4678377.339108408,0,0.567318104429418,1.3650053715383992,0,0.0,3266646.807965933,3162515404223.27,1394299.7736572311,316251540422327.0,8127683.228655709,1.584339770488441e-09,1,20,1,1.5474601057512842e+16,1.5474601057512844e+16,0
237,245000000.0,0,747702.0095454738,4705712.61514518,0,0.6128972717135027,2.6712897447866757,0,0.0,3135771.2109416355,3447165463708.0376,1710017.7244275338,344716546370803.75,8127683.228655709,1.5479599824175239e-09,1,20,1,1.5431172518475028e+16,1.5431172518475028e+16,0
238,245000000.0,0,981384.2274357578,4705028.802895336,0,0.56213083183292,1.3471159060679967,0,0.0,3270038.4976456845,3322936432659.3467,1476335.5065372498,332293643265934.7,8137783.903298055,2.1518644643947482e-09,1,20,1,1.548198159277339e+16,1.548198159277339e+16,0
239,245000000.0,0,1058816.4453260417,4739550.60627671,0,22.188154966856082,239.49639323513335,0,0.0,2800366.527802962,2454367784422.2803,1398903.2886469658,245436778442228.03,8137783.903298055,2.1518644643947482e-09,1,20,1,1.5425379200977098e+16,1.5425379200977098e+16,0
240,245000000.0,0,1292498.6632163257,4728445.20974787,0,0.5574734897402955,1.3296892855894937,0,0.0,2903476.7652773135,2438309129274.41,1165221.0707566817,243830912927441.0,8114471.668589467,3.039531293325126e-09,1,20,1,1.5487548051041316e+16,1.5487548051041312e+16,0
241,245000000.0,0,979305.8811066097,4742984.262922815,0,0.5346320568889381,2.0401795383929735,0,0.0,2807279.7848613816,2636750402346.4595,1478413.8528663977,263675040234645.94,8114471.668589467,3.039531293325126e-09,1,20,1,1.5456397389322472e+16,1.545639738932247e+16,0
242,245000000.0,0,1212988.0989968935,4732547.809815217,0,0.5534528953016835,1.3127077770740023,0,0.0,2944072.3691303534,2574713725737.839,1244731.6349761137,257471372573783.88,8114471.152972123,5.920810508541763e-09,1,20,1,1.5491820341408504e+16,1.5491820341408502e+16,0
243,245000000.0,0,899795.3168871775,4743516.009673279,0,0.5573749457055013,2.220260210622848,0,0.0,2847875.3887144215,2844998149971.2866,1557924.4170858297,284499814997128.7,8114471.152972123,5.789843271486461e-09,1,20,1,1.5447650071528258e+16,1.5447650071528258e+16,0
244,245000000.0,0,1133477.5347774616,4732043.304065966,0,0.5497976510346133,1.2961545419460736,0,0.0,2984667.844079057,2725276533905.1494,1324242.1991955456,272527653390514.94,8114471.152972123,5.804395186714828e-09,1,20,1,1.5496091401805186e+16,1.5496091401805184e+16,0
245,245000000.0,0,820284.7526677456,4748725.637749221,0,0.5835947673644365,2.43520897411462,0,0.0,2888470.8636631253,3067404109299.9956,1637434.9813052616,306740410929999.56,8114471.152972123,5.789843271486461e-09,1,20,1,1.5438899254025904e+16,1.5438899254025904e+16,0
246,245000000.0,0,1053966.9705580296,4737528.493533883,0,0.546226109864937,1.280013580390732,0,0.0,3025263.319027761,2889997585890.3936,1403752.7634149776,288999758589039.4,8114471.152972123,5.804395186714828e-09,1,20,1,1.5500362194561086e+16,1.5500362194561086e+16,0
247,245000000.0,0,740774.1884483136,4754359.00980021,0,0.6148335784204344,2.6962383312146736,0,0.0,2929066.338611829,3303968312446.637,1716945.5455246936,330396831244663.75,8114471.152972123,5.789843271486461e-09,1,20,1,1.5430141499529592e+16,1.5430141499529594e+16,0
248,245000000.0,0,974456.4063385975,4743430.869932967,0,0.5427336547005945,1.2642696797705775,0,0.0,3065858.793976465,3068876881693.5713,1483263.3276344095,306887688169357.1,8115299.695583025,5.971742211841047e-09,1,20,1,1.550463273207721e+16,1.5504632732077206e+16,0
249,245000000.0,0,1051888.6242288814,4738704.219470055,0,0.6115340775105166,1.8995361465366458,0,0.0,3739939.393710037,3301471620038.3,1405831.1097441255,330147162003830.0,8115299.695583025,5.971742211841047e-09,1,20,1,1.5424148659321764e+16,1.5424148659321764e+16,0
250,245000000.0,0,1129320.8421191655,4746532.346509764,0,0.6300863459504727,1.7694091141859591,0,0.0,3670840.0392191773,3518617009358.4883,1328398.8918538415,351861700935848.8,8198840.798688832,3.4542608773335814e-09,1,10,1,1.5404911049335672e+16,1.5404911049335674e+16,0
251,245000000.0,0,1206753.0600094495,4769508.893925887,0,23.3206350687568,251.94930518065422,0,0.0,3393148.2997287605,2761271851944.2,1250966.6739635575,276127185194420.03,8198840.798688832,3.4542608773335814e-09,1,10,1,1.5388549391866028e+16,1.5388549391866026e+16,0
252,245000000.0,0,1284185.2778997335,4778655.4970921045,0,0.5896806387034695,1.5561958531523377,0,0.0,3515456.5602383427,3083645818133.5293,1173534.4560732734,308364581813352.94,8198840.798688832,3.4542608773335814e-09,1,10,1,1.5409902418533002e+16,1.5409902418533002e+16,0
253,245000000.0,0,1361617.4957900175,4785247.22016101,0,0.601264430592758,1.4677633350366173,0,0.0,3932068.621254728,3594350880253.395,1096102.2381829894,359435088025339.5,8198846.534721136,1.9845174392685294e-09,1,10,1,1.5373663815758896e+16,1.53736638157589e+16,0
254,245000000.0,0,1372753.8607605053,4802768.528167712,0,23.598028465185326,255.1653795675494,0,0.0,3527957.943371077,3080028674489.8486,1228136.1612466138,308002867448984.9,8244323.9424749,2.0863808458670974e-09,1,10,1,1.5353114242066796e+16,1.5353114242066796e+16,0
255,245000000.0,0,1372753.8607605053,4815007.7698391825,0,0.5677622022586793,1.3179728591100988,0,0.0,3627527.5000037784,3561778451474.9707,1403584.1842818444,356177845147497.06,8244323.9424749,2.0863808458670974e-09,1,10,1,1.5388518430298184e+16,1.5388518430298184e+16,0
256,245000000.0,0,1372753.8607605053,4821704.092756967,0,0.5795283077076986,1.3007037054144834,0,0.0,4021400.857143282,4222602186940.8315,1579032.207317075,422260218694083.1,8244323.9424749,2.0863808458670974e-09,1,10,1,1.5354058264500192e+16,1.5354058264500196e+16,0
257,245000000.0,0,1372753.8607605053,4806711.242361003,0,0.5945343621529339,1.3874053038332248,0,0.0,4569063.952493169,4994632047505.949,1754480.2303523056,499463204750594.94,8244323.9424749,2.0863808458670974e-09,1,10,1,1.5326863325336894e+16,1.5326863325336896e+16,0
258,245000000.0,0,1344450.4500548667,4818987.144798784,0,0.61178252171114,1.4864910111839802,0,0.0,4498111.1699018795,5778970575298.238,1929928.2533875362,577897057529823.9,8244323.9424749,2.0863808458670974e-09,1,10,1,1.5309412546224422e+16,1.5309412546224424e+16,0
259,245000000.0,0,1324554.0507496847,4836695.158607114,0,24.08628958584256,260.50880305399005,0,0.0,4197680.72653458,5558851444327.8,2105376.2764227665,555885144432780.0,8244323.9424749,2.0863808458670974e-09,1,10,1,1.5293999643315878e+16,1.529399964331588e+16,0
260,245000000.0,0,1372753.8607605053,4845877.3213455295,0,0.588527893007745,1.295423457965935,0,0.0,4308990.287578364,6445474712728.01,2280824.299457997,644547471272801.0,8197363.924830565,2.1009327610954642e-09,1,10,1,1.531791233691658e+16,1.5317912336916582e+16,0
261,245000000.0,0,1372753.8607605053,4829951.06117237,0,0.6137768454606084,1.3813992846092142,0,0.0,4960332.1834350545,7541565552045.509,2456272.3224932277,754156555204550.9,8197363.924830565,2.1009327610954642e-09,1,10,1,1.5282564927755872e+16,1.5282564927755872e+16,0
262,245000000.0,0,1349738.7694529714,4851586.261499994,0,0.6368635326860933,1.4806712039589782,0,0.0,4889379.400843765,8617717177566.591,2631720.3455284582,861771717756659.1,8197363.924830565,2.1009327610954642e-09,1,10,1,1.5265117199153292e+16,1.526511719915329e+16,0
263,245000000.0,0,1174290.7464177408,4868232.362813015,0,24.474821382893506,264.31756538075376,0,0.0,4588948.957476465,8699204108425.717,2807168.368563689,869920410842571.6,8197363.924830565,2.1009327610954642e-09,1,10,1,1.5246741493857332e+16,1.524674149385733e+16,0
264,245000000.0,0,998842.7233825102,4879592.960223899,0,0.6428051731061134,2.00031460271463,0,0.0,4688518.514109166,9875068267700.576,2982616.3915989194,987506826770057.6,8197363.924830565,2.1009327610954642e-09,1,10,1,1.5273534458617704e+16,1.5273534458617704e+16,0
265,245000000.0,0,823394.7003472797,4863705.927010861,0,0.6763562983734783,2.4260223884960586,0,0.0,5339860.409965856,11262972204746.87,3158064.41463415,1126297220474687.0,8197363.924830565,2.1464074961841106e-09,1,10,1,1.5238152281553362e+16,1.523815228155336e+16,0
266,245000000.0,0,647946.6773120492,4880640.397157665,0,0.7574780510535319,3.081917312966363,0,0.0,5268907.627374567,12630936927996.742,3333512.4376693806,1263093692799674.2,8197363.924830565,2.029992174357176e-09,1,10,1,1.5220589124501582e+16,1.522058912450158e+16,0
267,245000000.0,0,472498.65427681874,4908284.475876781,0,25.030402981642137,268.03830160988355,0,0.0,4942536.430952528,12984757042773.441,3508960.460704611,1298475704277344.2,8249245.430940045,1.5352270565927029e-09,1,10,1,1.5199189882096284e+16,1.5199189882096286e+16,0
268,245000000.0,0,297050.63124158815,4920401.083759008,0,1.020651865027744,6.710269297765313,0,0.0,5081546.249228686,14409589122526.34,3684408.4837398417,1440958912252634.0,8249245.461886186,2.2755557438358665e-09,1,10,1,1.5230697663835e+16,1.5230697663834996e+16,0
269,245000000.0,0,121666.50736973173,4905742.295684274,0,1.64734974400203,16.304368999206584,0,0.0,5794778.617597734,16027348538498.566,3859792.607611698,1602734853849856.8,8207649.369286654,4.4165062718093395e-09,1,10,1,1.5194947078579442e+16,1.519494707857944e+16,0
270,231248290.17545608,1,0.0,4928534.267205262,13751710,10.47299718201858,120.0,1,189109523098457.84,5560382.919197044,16992386730103.928,3981459.1149814297,1793793434559621.8,8207649.369286654,4.420144250616431e-09,1,10,1,1.3860448161883458e+16,1.3860448161883456e+16,1
271,200101664.28880474,1,0.0,4964254.307752609,58650046,10.457747333666015,120.0,1,3439827841344279.0,5326350.257772562,16726675568618.03,3981459.1149814297,3392581477533942.5,8197548.694644308,3.827153705060482e-09,1,10,1,1.162653448714684e+16,1.162653448714684e+16,1
272,200101664.28880474,1,0.0,4989258.184056687,103548381,10.444056331213565,120.0,1,1.0722267258860482e+16,5119158.2789004855,16499196378059.768,3981459.1149814297,7011053267236218.0,8197548.694644308,3.827153705060482e-09,1,10,1,1.4110616793143508e+16,1.4110616793143506e+16,1
273,199738870.33473974,1,0.0,5010151.374130372,148809511,10.431529324557799,120.0,1,2.214427053792659e+16,4931793.686350583,16303584583038.404,3981459.1149814297,1.2702493727267136e+16,8192353.0645556785,4.942194209434092e-09,1,10,1,1.652120031055794e+16,1.6521200310557936e+16,1
274,199738870.33473974,1,0.0,5029623.515592665,194070641,10.420162303802092,120.0,1,3.7663413534143704e+16,4744429.093800681,16143078278558.434,3981459.1149814297,2.0446014594927696e+16,8192353.0645556785,4.942194209434092e-09,1,10,1,1.9006785201994812e+16,1.900678520199481e+16,1
275,199738870.33473974,1,0.0,5049102.292885648,239331770,10.409793562401022,120.0,1,5.727969624751182e+16,4557064.501250777,16017677464619.852,3981459.1149814297,3.0241615870217896e+16,8192353.0645556785,5.407855496741831e-09,1,10,1,2.1492367753365396e+16,2.149236775336539e+16,1
276,199738887.25512666,1,0.0,5068587.484814965,284592883,10.40029061170884,120.0,1,8.099310904718725e+16,4369700.040891398,15927382192544.424,3981459.1149814297,4.208929274284806e+16,8192353.328936724,4.336470738053322e-09,1,10,1,2.3977953926239064e+16,2.3977953926239064e+16,1
277,199738887.25512666,1,0.0,5088078.877559405,329853996,10.391543803584446,120.0,1,1.0880365850067098e+17,4182335.580532018,15872192361474.758,3981459.1149814297,5.598904848648296e+16,8192353.328936724,4.336470738053322e-09,1,10,1,2.646353243766521e+16,2.646353243766521e+16,1
278,199738887.25512666,1,0.0,5107569.082142444,375115108,10.38347027968271,120.0,1,1.4071134460796296e+17,3995229.6823493335,15852111498531.525,3981459.1149814297,7.194088345383463e+16,8191836.204583335,3.4633558243513107e-09,1,10,1,2.894910930860474e+16,2.8949109308604736e+16,1
279,199738887.25512666,1,0.0,5126508.378963511,420376221,10.376004709662896,120.0,1,1.7671616736906323e+17,3981459.1149814297,15852016684268.709,3981459.1149814297,8.994328535295848e+16,8191836.204583335,3.4633558243513107e-09,1,10,1,3.1434673612639016e+16,3.1434673612639012e+16,1
280,199738887.25512666,1,0.0,5144828.809362416,465637334,10.369084283192317,120.0,1,2.1681812678397178e+17,3981459.1149814297,15852016684268.709,3981459.1149814297,1.0999426506041275e+17,8191836.204583335,3.4633558243513107e-09,1,10,1,3.3912823904832936e+16,3.3912823904832932e+16,1
281,199738887.25512666,1,0.0,5163146.878871341,510898447,10.362629078707135,120.0,1,2.610172228526885e+17,3981459.1149814297,15852016684268.709,3981459.1149814297,1.3209381309477112e+17,8191836.204583335,3.4633558243513107e-09,1,10,1,3.639038413856644e+16,3.639038413856643e+16,1
282,199738887.25512666,1,0.0,5181462.66618662,556159559,10.356591253617344,120.0,1,3.0931345557521363e+17,3981459.1149814297,15852016684268.709,3981459.1149814297,1.562419294560337e+17,8191836.204583335,3.4633558243513107e-09,1,10,1,3.8867943320330536e+16,3.886794332033054e+16,1
283,199738887.25512666,1,0.0,5201303.289470256,601420672,10.349944649156695,120.0,1,3.6170682495154694e+17,3981459.1149814297,15852016684268.709,3981459.1149814297,1.8243861414420035e+17,8277361.756538511,3.914465196430683e-09,1,10,1,4.1345504284476216e+16,4.1345504284476216e+16,1
284,199738887.25512666,1,0.0,5221141.799452589,646681785,10.34377534261797,120.0,1,4.181973309816885e+17,3981459.1149814297,15852016684268.709,3981459.1149814297,2.1068386715927114e+17,8277361.756538511,3.914465196430683e-09,1,10,1,4.3823064019613224e+16,4.382306401961323e+16,1
285,199738887.25512666,1,0.0,5240978.266576993,691942898,10.338030244387824,120.0,1,4.787849736656383e+17,3981459.1149814297,15852016684268.709,3981459.1149814297,2.40977688501246e+17,8277361.756538511,3.914465196430683e-09,1,10,1,4.630062265428248e+16,4.630062265428248e+16,1
286,199738887.25512666,1,0.0,5260812.7589387335,737204010,10.332664030690074,120.0,1,5.4346975300339654e+17,3981459.1149814297,15852016684268.709,3981459.1149814297,2.7332007817012515e+17,8277361.756538511,3.914465196430683e-09,1,10,1,4.877818029938314e+16,4.877818029938313e+16,1
287,199738887.25512666,1,0.0,5280645.342363235,782465123,10.327637759903636,120.0,1,6.122516689949631e+17,3981459.1149814297,15852016684268.709,3981459.1149814297,3.077110361659084e+17,8277361.756538511,3.914465196430683e-09,1,10,1,5.125573705112255e+16,5.125573705112255e+16,1
288,199738887.25512666,1,0.0,5300476.080481734,827726236,10.32291777595448,120.0,1,6.851307216403377e+17,3981459.1149814297,15852016684268.709,3981459.1149814297,3.441505624885957e+17,8277361.756538511,3.914465196430683e-09,1,10,1,5.37332929933913e+16,5.37332929933913e+16,1
289,199738887.25512666,1,0.0,5320305.0348044345,872987349,10.3184748314498,120.0,1,7.621069109395205e+17,3981459.1149814297,15852016684268.709,3981459.1149814297,3.8263865713818714e+17,8277361.756538511,4.380126483738422e-09,1,10,1,5.621084819968981e+16,5.621084819968982e+16,1
290,199738887.25512666,1,0.0,5340132.264791194,918248461,10.314283380708575,120.0,1,8.431802368925117e+17,3981459.1149814297,15852016684268.709,3981459.1149814297,4.2317532011468275e+17,8277361.756538511,3.914465196430683e-09,1,10,1,5.868840273470295e+16,5.868840273470294e+16,1
291,199738887.25512666,1,0.0,5359957.827919879,963509574,10.310321005377068,120.0,1,9.283506994993114e+17,3981459.1149814297,15852016684268.709,3981459.1149814297,4.6576055141808256e+17,8277361.756538511,4.2891770135611296e-09,1,10,1,6.1165956655595176e+16,6.116595665559517e+16,1
292,199738887.25512666,1,0.0,5379781.779752423,1008770687,10.3065679444118,120.0,1,1.017618298759919e+18,3981459.1149814297,15852016684268.709,3981459.1149814297,5.1039435104838637e+17,8277361.756538511,4.2891770135611296e-09,1,10,1,6.3643510013083e+16,6.364351001308301e+16,1
293,199738887.25512666,1,0.0,5399521.292255516,1054031800,10.303018763500186,120.0,1,1.1109830346743352e+18,3981459.1149814297,15852016684268.709,3981459.1149814297,5.570767190055945e+17,8273383.432865702,3.5142875276505947e-09,1,10,1,6.612106282243271e+16,6.612106282243271e+16,1
294,199738887.25512666,1,0.0,5419259.299091883,1099292912,10.299644892372848,120.0,1,1.2084449072425595e+18,3981459.1149814297,15852016684268.709,3981459.1149814297,6.058076552897066e+17,8273383.432865702,3.979948814958334e-09,1,10,1,6.859861515632472e+16,6.859861515632472e+16,1
295,199738887.25512666,1,0.0,5438995.850450416,1144554025,10.296432567927248,120.0,1,1.310003916464592e+18,3981459.1149814297,15852016684268.709,3981459.1149814297,6.565871599007228e+17,8273383.432865702,4.751200322061777e-09,1,10,1,7.107616705069583e+16,7.107616705069583e+16,1
296,199738887.25512666,1,0.0,5458730.994847042,1189815138,10.29336947214885,120.0,1,1.4156600623404326e+18,3981459.1149814297,15852016684268.709,3981459.1149814297,7.094152328386432e+17,8273383.432865702,4.285539034754038e-09,1,10,1,7.35537185378668e+16,7.35537185378668e+16,1
297,200034856.59609652,1,0.0,5478464.779180491,1234780281,10.290466497323681,120.0,1,1.5246823430600397e+18,3981459.1149814297,15852016684268.709,3981459.1149814297,7.639263731984467e+17,8278007.953818356,3.72710928786546e-09,1,10,1,7.641205172620445e+16,7.641205172620446e+16,1
298,200034856.59609652,1,0.0,5498293.592972715,1279745425,10.287685921529516,120.0,1,1.6377483520223137e+18,3981459.1149814297,15852016684268.709,3981459.1149814297,8.204593776795837e+17,8278007.953818356,3.72710928786546e-09,1,10,1,7.888670973614848e+16,7.888670973614848e+16,1
299,200034856.59609652,1,0.0,5517611.951329163,1324710568,10.28514152052892,120.0,1,1.7548580892272553e+18,3981459.1149814297,15852016684268.709,3981459.1149814297,8.790142462820545e+17,8253669.863400413,3.4506228985264897e-09,1,10,1,8.136136709020803e+16,8.136136709020805e+16,1
300,200034856.59609652,1,0.0,5536927.011529723,1369675712,10.282697297614314,120.0,1,1.8760115546748639e+18,3981459.1149814297,15852016684268.709,3981459.1149814297,9.395909790058588e+17,8253669.863400413,3.4506228985264897e-09,1,10,1,8.383602416821632e+16,8.38360241682163e+16,1
301,200034856.59609652,1,0.0,5556238.5581733035,1414640855,10.280347046002577,120.0,1,2.0012087483651397e+18,3981459.1149814297,15852016684268.709,3981459.1149814297,1.0021895758509967e+18,8253654.247098743,3.5815901355817914e-09,1,10,1,8.631068098677469e+16,8.631068098677469e+16,1
302,200034856.59609652,1,0.0,5575547.022873438,1459605998,10.278084941660207,120.0,1,2.1304496702980828e+18,3981459.1149814297,15852016684268.709,3981459.1149814297,1.0668100368174683e+18,8253654.247098743,3.470631781965494e-09,1,10,1,8.878533756152462e+16,8.878533756152462e+16,1
303,200034856.59609652,1,0.0,5594852.266820177,1504571142,10.275905728762432,120.0,1,2.263734320473693e+18,3981459.1149814297,15852016684268.709,3981459.1149814297,1.1334523619052733e+18,8253642.653111674,3.572495188564062e-09,1,10,1,9.125999390662302e+16,9.1259993906623e+16,1
304,200034856.59609652,1,0.0,5614184.252024817,1549536285,10.273803734589162,120.0,1,2.4010626988919706e+18,3981459.1149814297,15852016684268.709,3981459.1149814297,1.202116551114412e+18,8255064.468927721,3.3232936402782798e-09,1,10,1,9.373465003706533e+16,9.373465003706531e+16,1
305,200034856.59609652,1,0.0,5633513.453321355,1594501429,10.271775317369064,120.0,1,2.542434805552915e+18,3981459.1149814297,15852016684268.709,3981459.1149814297,1.2728026044448842e+18,8255064.468927721,3.3232936402782798e-09,1,10,1,9.620930596303179e+16,9.620930596303179e+16,1
306,200034856.59609652,1,0.0,5652817.892656895,1639466572,10.26981810903825,120.0,1,2.687850640456527e+18,3981459.1149814297,15852016684268.709,3981459.1149814297,1.3455105218966902e+18,8255064.468927721,3.3232936402782798e-09,1,10,1,9.868396169164394e+16,9.868396169164392e+16,1
307,200034856.59609652,1,0.0,5671128.999462019,1684431715,10.268004600102582,120.0,1,2.8373102036028063e+18,3981459.1149814297,15852016684268.709,3981459.1149814297,1.42024030346983e+18,8255064.468927721,3.3232936402782798e-09,1,10,1,1.0115861705652674e+17,1.0115861705652674e+17,1
308,200034856.59609652,1,0.0,5689914.977539147,1729396859,10.266220785612804,120.0,1,2.9908134949917527e+18,3981459.1149814297,15852016684268.709,3981459.1149814297,1.496991949164303e+18,8278765.480326741,4.356479621492326e-09,1,10,1,1.0363327232163107e+17,1.0363327232163107e+17,1
309,200034856.59609652,1,0.0,5708682.685810767,1774362002,10.264497547502453,120.0,1,3.148360514623366e+18,3981459.1149814297,15852016684268.709,3981459.1149814297,1.5757654589801098e+18,8278765.480326741,4.356479621492326e-09,1,10,1,1.0610792741848629e+17,1.0610792741848629e+17,1
310,200034856.59609652,1,0.0,5727432.733270391,1819327146,10.262831709319668,120.0,1,3.3099512624976466e+18,3981459.1149814297,15852016684268.709,3981459.1149814297,1.65656083291725e+18,8278765.480326741,4.356479621492326e-09,1,10,1,1.0858258235571098e+17,1.0858258235571096e+17,1
311,200034856.59609652,1,0.0,5746165.708611756,1864292289,10.26122031662475,120.0,1,3.4755857386145946e+18,3981459.1149814297,15852016684268.709,3981459.1149814297,1.739378070975724e+18,8278765.480326741,4.356479621492326e-09,1,10,1,1.1105723714133654e+17,1.1105723714133654e+17,1
312,200034856.59609652,1,0.0,5764882.180884193,1909257432,10.259660617708624,120.0,1,3.64526394297421e+18,3981459.1149814297,15852016684268.709,3981459.1149814297,1.8242171731555318e+18,8278765.47930553,3.701643436215818e-09,1,10,1,1.1353189178285691e+17,1.1353189178285693e+17,1
313,200034856.59609652,1,0.0,5784239.42930373,1954222576,10.258150046291123,120.0,1,3.8189858755764915e+18,3981459.1149814297,15852016684268.709,3981459.1149814297,1.9110781394566725e+18,8326049.97401328,4.360117600299418e-09,1,10,1,1.1600654628727326e+17,1.1600654628727328e+17,1
314,200034856.59609652,1,0.0,5803581.256542072,1999187719,10.256686205994582,120.0,1,3.996751536421441e+18,3981459.1149814297,15852016684268.709,3981459.1149814297,1.9999609698791473e+18,8326049.97401328,4.360117600299418e-09,1,10,1,1.1848120066113398e+17,1.1848120066113398e+17,1
315,200034856.59609652,1,0.0,5822014.183044651,2044152863,10.25539367560833,120.0,1,4.1785609255090575e+18,3981459.1149814297,15852016684268.709,3981459.1149814297,2.0908656644229555e+18,8283138.281504152,6.10634742770344e-09,1,10,1,1.2095585456608202e+17,1.2095585456608203e+17,1
316,200034856.59609652,1,0.0,5840542.119292458,2089118006,10.25412250046499,120.0,1,4.3644140428393416e+18,3981459.1149814297,15852016684268.709,3981459.1149814297,2.1837922230880975e+18,8288390.4406556375,4.360117600299418e-09,1,10,1,1.2343050841098859e+17,1.2343050841098858e+17,1
317,200034856.59609652,1,0.0,5859056.125644408,2134083149,10.25288697926795,120.0,1,4.5543108884122926e+18,3981459.1149814297,15852016684268.709,3981459.1149814297,2.278740645874573e+18,8288390.4406556375,4.360117600299418e-09,1,10,1,1.2590516215690656e+17,1.2590516215690658e+17,1
318,200034856.59609652,1,0.0,5877556.666430363,2179048293,10.251685602470609,120.0,1,4.74825146222791e+18,3981459.1149814297,15852016684268.709,3981459.1149814297,2.3757109327823816e+18,8288390.4406556375,4.360117600299418e-09,1,10,1,1.2837981580793616e+17,1.2837981580793618e+17,1
319,200034856.59609652,1,0.0,5896044.190502521,2224013436,10.250516945500271,120.0,1,4.946235764286198e+18,3981459.1149814297,15852016684268.709,3981459.1149814297,2.4747030838115256e+18,8288390.4406556375,4.360117600299418e-09,1,10,1,1.3085446936795179e+17,1.3085446936795178e+17,1
320,200034856.59609652,1,0.0,5914519.131751342,2268978580,10.249379662822951,120.0,1,5.148263794587148e+18,3981459.1149814297,15852016684268.709,3981459.1149814297,2.575717098962001e+18,8288390.4406556375,4.360117600299418e-09,1,10,1,1.3332912284061781e+17,1.3332912284061781e+17,1
321,200034856.59609652,1,0.0,5932981.909604271,2313943723,10.248272482501465,120.0,1,5.35433555313077e+18,3981459.1149814297,15852016684268.709,3981459.1149814297,2.678752978233812e+18,8288390.4406556375,4.360117600299418e-09,1,10,1,1.3580377622940245e+17,1.3580377622940248e+17,1
322,200034856.59609652,1,0.0,5951433.149507631,2358908866,10.247194174109055,120.0,1,5.564451039917056e+18,3981459.1149814297,15852016684268.709,3981459.1149814297,2.783810721626955e+18,8288401.000645508,4.53474058303982e-09,1,10,1,1.382784295376633e+17,1.382784295376633e+17,1
323,200034856.59609652,1,0.0,5969873.023393271,2403874010,10.24614362640133,120.0,1,5.778610254946012e+18,3981459.1149814297,15852016684268.709,3981459.1149814297,2.890890329141433e+18,8288401.000645508,4.53474058303982e-09,1,10,1,1.4075308276843918e+17,1.4075308276843918e+17,1
324,200034856.59609652,1,0.0,5988301.910128451,2448839153,10.245119759770215,120.0,1,5.996813198217632e+18,3981459.1149814297,15852016684268.709,3981459.1149814297,2.9999918007772426e+18,8288401.000645508,4.53474058303982e-09,1,10,1,1.4322773592468442e+17,1.4322773592468438e+17,1
325,200034856.59609652,1,0.0,6006661.806277458,2493804297,10.244121550500108,120.0,1,6.219059869731921e+18,3981459.1149814297,15852016684268.709,3981459.1149814297,3.111115136534387e+18,8284198.38411284,3.6034180084243417e-09,1,10,1,1.4570238900920346e+17,1.457023890092035e+17,1
326,200034856.59609652,1,0.0,6024972.616200965,2538769440,10.243146637561535,120.0,1,6.445350269488877e+18,3981459.1149814297,15852016684268.709,3981459.1149814297,3.224260336412865e+18,8281112.51041919,4.272806108929217e-09,1,10,1,1.4817704202833037e+17,1.4817704202833037e+17,1
327,200034856.59609652,1,0.0,6043542.107118384,2583734583,10.242195534448136,120.0,1,6.6756843974885e+18,3981459.1149814297,15852016684268.709,3981459.1149814297,3.3394274004126766e+18,8300452.116947494,4.272806108929217e-09,1,10,1,1.5065169498078573e+17,1.5065169498078573e+17,1
328,200034856.59609652,1,0.0,6062102.004205228,2628699727,10.24126736187213,120.0,1,6.91006225373079e+18,3981459.1149814297,15852016684268.709,3981459.1149814297,3.456616328533822e+18,8300452.116947494,4.272806108929217e-09,1,10,1,1.531263478689866e+17,1.5312634786898662e+17,1
329,200034856.59609652,1,0.0,6080652.627255853,2673664870,10.240361283811394,120.0,1,7.148483838215748e+18,3981459.1149814297,15852016684268.709,3981459.1149814297,3.5758271207763005e+18,8300452.116947493,4.476532922126353e-09,1,10,1,1.5560100069523338e+17,1.5560100069523338e+17,1
330,200034856.59609652,1,0.0,6099194.285404798,2718630014,10.239476504865474,120.0,1,7.390949150943373e+18,3981459.1149814297,15852016684268.709,3981459.1149814297,3.6970597771401134e+18,8300452.116947493,4.476532922126353e-09,1,10,1,1.5807565346171658e+17,1.5807565346171658e+17,1
331,200034856.59609652,1,0.0,6117727.277482119,2763595157,10.238612267804116,120.0,1,7.637458191913665e+18,3981459.1149814297,15852016684268.709,3981459.1149814297,3.820314297625259e+18,8300452.116947493,4.476532922126353e-09,1,10,1,1.6055030617052387e+17,1.6055030617052387e+17,1
332,200034856.59609652,1,0.0,6137815.12675664,2808560300,10.237711613285443,120.0,1,7.888010961126624e+18,3981459.1149814297,15852016684268.709,3981459.1149814297,3.945590682231739e+18,8375487.36813639,3.3414835343137383e-09,1,10,1,1.6302495895313274e+17,1.630249589531327e+17,1
333,200034856.59609652,1,0.0,6157894.878068674,2853525444,10.236832744705913,120.0,1,8.14260745858225e+18,3981459.1149814297,15852016684268.709,3981459.1149814297,4.072888930959552e+18,8375487.36813639,3.3414835343137383e-09,1,10,1,1.6549961167596976e+17,1.6549961167596973e+17,1
334,200034856.59609652,1,0.0,6177810.972308831,2898490587,10.235980174942922,120.0,1,8.401247684280544e+18,3981459.1149814297,15852016684268.709,3981459.1149814297,4.202209043808699e+18,8368007.574145351,4.090907168574631e-09,1,10,1,1.6797426432892032e+17,1.679742643289203e+17,1
335,200034856.59609652,1,0.0,6197719.49945293,2943455731,10.23514757263916,120.0,1,8.663931638221506e+18,3981459.1149814297,15852016684268.709,3981459.1149814297,4.3335510207791795e+18,8368007.574145351,4.090907168574631e-09,1,10,1,1.7044891692684323e+17,1.704489169268432e+17,1
336,200034856.59609652,1,0.0,6219766.1851900425,2988420874,10.234301308471629,120.0,1,8.930659320405133e+18,3981459.1149814297,15852016684268.709,3981459.1149814297,4.4669148618709934e+18,8473823.3512066,4.498360794968903e-09,1,10,1,1.7292356956566464e+17,1.7292356956566467e+17,1
337,200034856.59609652,1,0.0,6241805.860917922,3033386017,10.233474163466191,120.0,1,9.201430730831429e+18,3981459.1149814297,15852016684268.709,3981459.1149814297,4.602300567084141e+18,8473826.280245313,2.7084752218797803e-09,1,10,1,1.7539822215168173e+17,1.753982221516817e+17,1
338,200034856.59609652,1,0.0,6263727.9400529275,3078351161,10.232668911956932,120.0,1,9.476245869500391e+18,3981459.1149814297,15852016684268.709,3981459.1149814297,4.739708136418622e+18,8468509.739619471,3.6179699236527085e-09,1,10,1,1.778728746787344e+17,1.7787287467873437e+17,1
339,200034856.59609652,1,0.0,6285643.411702421,3123316304,10.23188135236688,120.0,1,9.75510473641202e+18,3981459.1149814297,15852016684268.709,3981459.1149814297,4.879137569874437e+18,8468509.739619471,3.6179699236527085e-09,1,10,1,1.8034752715675837e+17,1.8034752715675837e+17,1
340,200034856.59609652,1,0.0,6307552.496115917,3168281448,10.231110899690082,120.0,1,1.0038007331566318e+19,3981459.1149814297,15852016684268.709,3981459.1149814297,5.020588867451586e+18,8468509.739619471,3.6179699236527085e-09,1,10,1,1.828221795873359e+17,1.8282217958733587e+17,1
341,200034856.59609652,1,0.0,6329455.406201286,3213246591,10.230356994814226,120.0,1,1.0324953654963282e+19,3981459.1149814297,15852016684268.709,3981459.1149814297,5.164062029150068e+18,8468509.739619471,3.6179699236527085e-09,1,10,1,1.8529683197198093e+17,1.8529683197198093e+17,1
342,200034856.59609652,1,0.0,6351352.347769465,3258211734,10.229619103094533,120.0,1,1.0615943706602914e+19,3981459.1149814297,15852016684268.709,3981459.1149814297,5.309557054969884e+18,8468509.739619471,3.6179699236527085e-09,1,10,1,1.8777148431214256e+17,1.8777148431214256e+17,1
343,200034856.59609652,1,0.0,6373243.519771026,3303176878,10.228896713021218,120.0,1,1.0910977486485213e+19,3981459.1149814297,15852016684268.709,3981459.1149814297,5.457073944911033e+18,8468509.739619471,3.6179699236527085e-09,1,10,1,1.902461366092088e+17,1.9024613660920877e+17,1
344,200034856.59609652,1,0.0,6395129.114524856,3348142021,10.228189334973491,120.0,1,1.1210054994610178e+19,3981459.1149814297,15852016684268.709,3981459.1149814297,5.606612698973516e+18,8468509.739619471,3.6179699236527085e-09,1,10,1,1.9272078886450963e+17,1.9272078886450966e+17,1
345,200034856.59609652,1,0.0,6417074.080543126,3393107165,10.227496500053551,120.0,1,1.1513176230977808e+19,3981459.1149814297,15852016684268.709,3981459.1149814297,5.758173317157331e+18,8473172.64710097,3.2396201277151704e-09,1,10,1,1.9519544107932e+17,1.9519544107932003e+17,1
346,200034856.59609652,1,0.0,6439459.2139619095,3438072308,10.226778852727792,120.0,1,1.1820341195588112e+19,3981459.1149814297,15852016684268.709,3981459.1149814297,5.911755799462483e+18,8494550.840477291,4.229150363244116e-09,1,10,1,1.9767009335198205e+17,1.9767009335198208e+17,1
347,200034856.59609652,1,0.0,6461545.674025357,3483037451,10.226075847873176,120.0,1,1.2131549888441076e+19,3981459.1149814297,15852016684268.709,3981459.1149814297,6.067360145888965e+18,8473595.6191227,3.865352482534945e-09,1,10,1,2.0014474558352733e+17,2.0014474558352733e+17,1
348,200034856.59609652,1,0.0,6483627.264111826,3528002595,10.225386914763147,120.0,1,1.2446802309536715e+19,3981459.1149814297,15852016684268.709,3981459.1149814297,6.224986356436784e+18,8473595.6191227,3.865352482534945e-09,1,10,1,2.0261939777553962e+17,2.026193977755396e+17,1
349,200034856.59609652,1,0.0,6505704.146553884,3572967738,10.224711617425077,120.0,1,1.2766098458875013e+19,3981459.1149814297,15852016684268.709,3981459.1149814297,6.384634431105933e+18,8473595.6191227,3.865352482534945e-09,1,10,1,2.050940499292205e+17,2.0509404992922048e+17,1
350,200034856.59609652,1,0.0,6527776.478273009,3617932882,10.224049537976212,120.0,1,1.3089438336455985e+19,3981459.1149814297,15852016684268.709,3981459.1149814297,6.546304369896419e+18,8473595.6191227,3.865352482534945e-09,1,10,1,2.075687020457225e+17,2.075687020457225e+17,1
351,200034856.59609652,1,0.0,6549844.410959968,3662898025,10.223400275688848,120.0,1,1.3416821942279619e+19,3981459.1149814297,15852016684268.709,3981459.1149814297,6.709996172808236e+18,8473595.6191227,4.367393557913601e-09,1,10,1,2.100433541261518e+17,2.1004335412615178e+17,1
352,200034856.59609652,1,0.0,6571100.632945493,3707863169,10.22281844242989,120.0,1,1.3748249276345926e+19,3981459.1149814297,15852016684268.709,3981459.1149814297,6.87570983984139e+18,8473448.218024684,6.142727215774357e-09,1,10,1,2.1251800604387165e+17,2.125180060438716e+17,1
353,201724723.92123294,1,0.0,6590662.286511984,3751138445,10.22241068438022,120.0,1,1.407103963042419e+19,3981459.1149814297,15852016684268.709,3981459.1149814297,7.037105016880522e+18,8520891.195665024,5.384208634495735e-09,1,10,1,2.2142194324672074e+17,2.2142194324672074e+17,1
354,199483999.64062086,1,0.0,6610774.317775317,3796654445,10.22195144133317,120.0,1,1.4414584974296291e+19,3981459.1149814297,15852016684268.709,3981459.1149814297,7.208877688816572e+18,8485877.742387898,3.5415723687037826e-09,1,10,1,2.152546733260845e+17,2.1525467332608448e+17,1
355,199483999.64062086,1,0.0,6630145.04645984,3842170445,10.221527878281577,120.0,1,1.4762273730745827e+19,3981459.1149814297,15852016684268.709,3981459.1149814297,7.38272206704134e+18,8485877.742387898,3.5415723687037826e-09,1,10,1,2.1773456837819418e+17,2.177345683781942e+17,1
356,199483999.64062086,1,0.0,6649520.4806151055,3887686446,10.221111840922362,120.0,1,1.511410589977279e+19,3981459.1149814297,15852016684268.709,3981459.1149814297,7.558638151554822e+18,8485877.742387898,4.865796654485166e-09,1,10,1,2.202144634073071e+17,2.2021446340730714e+17,1
357,199483999.64062086,1,0.0,6668900.463392092,3933202446,10.22070311387358,120.0,1,1.5470081481377182e+19,3981459.1149814297,15852016684268.709,3981459.1149814297,7.736625942357018e+18,8485877.742387898,3.5415723687037826e-09,1,10,1,2.2269435841407075e+17,2.2269435841407072e+17,1
358,199483982.72023392,1,0.0,6688284.843170073,3978718463,10.220301489981173,120.0,1,1.5830200610201917e+19,3981459.1149814297,15852016684268.709,3981459.1149814297,7.916685506769385e+18,8485877.478006853,3.052264219149947e-09,1,10,1,2.251741852108098e+17,2.2517418521080976e+17,1
359,199483982.72023392,1,0.0,6707673.4678744115,4024234481,10.219906770916934,120.0,1,1.6194463154684676e+19,3981459.1149814297,15852016684268.709,3981459.1149814297,8.098816779010765e+18,8485877.478006853,3.052264219149947e-09,1,10,1,2.276540803264596e+17,2.276540803264596e+17,1
360,199483982.72023392,1,0.0,6726010.304467282,4069750498,10.2195187653355,120.0,1,1.6562869114825458e+19,3981459.1149814297,15852016684268.709,3981459.1149814297,8.283019759081156e+18,8409852.894941654,3.3141986932605505e-09,1,10,1,2.3013397542155702e+17,2.30133975421557e+17,1
361,199483982.72023392,1,0.0,6744351.112973188,4115266515,10.21913728940539,120.0,1,1.6935418490624266e+19,3981459.1149814297,15852016684268.709,3981459.1149814297,8.46929444698056e+18,8409852.894941654,3.3141986932605505e-09,1,10,1,2.3261387049665622e+17,2.3261387049665622e+17,1
362,199483982.72023392,1,0.0,6762695.760995024,4160782532,10.218762166245785,120.0,1,1.7312111282081096e+19,3981459.1149814297,15852016684268.709,3981459.1149814297,8.657640842708975e+18,8409852.894941654,3.3141986932605505e-09,1,10,1,2.350937655522911e+17,2.3509376555229107e+17,1
363,199483982.72023392,1,0.0,6781044.120548927,4206298550,10.2183932255945,120.0,1,1.769294748919595e+19,3981459.1149814297,15852016684268.709,3981459.1149814297,8.848058946266402e+18,8409852.894941654,3.3141986932605505e-09,1,10,1,2.3757366058897568e+17,2.375736605889757e+17,1
364,199483982.72023392,1,0.0,6799396.067917161,4251814567,10.218030303494942,120.0,1,1.807792711196883e+19,3981459.1149814297,15852016684268.709,3981459.1149814297,9.040548757652841e+18,8409852.894941654,3.3141986932605505e-09,1,10,1,2.4005355560720547e+17,2.4005355560720554e+17,1
365,199483982.72023392,1,0.0,6817751.483505916,4297330584,10.2176732420007,120.0,1,1.846705015039973e+19,3981459.1149814297,15852016684268.709,3981459.1149814297,9.235110276868293e+18,8409852.894941654,3.3141986932605505e-09,1,10,1,2.425334506074582e+17,2.4253345060745824e+17,1
366,199483982.72023392,1,0.0,6836110.25170784,4342846602,10.217321888896718,120.0,1,1.886031660448866e+19,3981459.1149814297,15852016684268.709,3981459.1149814297,9.431743503912757e+18,8409852.894941654,3.3141986932605505e-09,1,10,1,2.4501334559019437e+17,2.4501334559019434e+17,1
367,199483982.72023392,1,0.0,6854870.352488874,4388362619,10.216976097435898,120.0,1,1.925772647423561e+19,3981459.1149814297,15852016684268.709,3981459.1149814297,9.630448438786232e+18,8438515.498760985,4.05634636990726e-09,1,10,1,2.474932405558583e+17,2.474932405558583e+17,1
368,199483982.72023392,1,0.0,6873597.225708049,4433878636,10.216630537055016,120.0,1,1.9659279759640584e+19,3981459.1149814297,15852016684268.709,3981459.1149814297,9.83122508148872e+18,8425638.847250199,5.635229172185063e-09,1,10,1,2.49973135519797e+17,2.4997313551979706e+17,1
369,199483982.72023392,1,0.0,6892308.07352687,4479394653,10.21629069362609,120.0,1,2.006497646070358e+19,3981459.1149814297,15852016684268.709,3981459.1149814297,1.0034073432020218e+19,8424952.910327375,5.009496817365289e-09,1,10,1,2.5245303046626563e+17,2.5245303046626566e+17,1
370,199483982.72023392,1,0.0,6909770.704636141,4524910671,10.216043037815112,120.0,1,2.04748165774246e+19,3981459.1149814297,15852016684268.709,3981459.1149814297,1.0238993490380728e+19,8364897.990366983,5.147740012034774e-09,1,10,1,2.5493292519406547e+17,2.5493292519406547e+17,1
371,199483982.72023392,1,0.0,6927236.165619824,4570426688,10.215799495642472,120.0,1,2.0888800109803647e+19,3981459.1149814297,15852016684268.709,3981459.1149814297,1.0445985256570251e+19,8364897.990366983,4.631147021427751e-09,1,10,1,2.5741281990954022e+17,2.574128199095402e+17,1
372,199483982.72023392,1,0.0,6944479.409952278,4615942705,10.215559987474448,120.0,1,2.1306927057840718e+19,3981459.1149814297,15852016684268.709,3981459.1149814297,1.0655048730588787e+19,8348701.432219078,3.030436346307397e-09,1,10,1,2.5989271461293267e+17,2.5989271461293267e+17,1
373,199483982.72023392,1,0.0,6961725.2986451555,4661458722,10.215324436002666,120.0,1,2.1729197421535814e+19,3981459.1149814297,15852016684268.709,3981459.1149814297,1.0866183912436335e+19,8348701.432219078,3.030436346307397e-09,1,10,1,2.6237260930447866e+17,2.6237260930447862e+17,1
374,199483982.72023392,1,0.0,6978953.99611122,4706974740,10.215092766158685,120.0,1,2.215561120088893e+19,3981459.1149814297,15852016684268.709,3981459.1149814297,1.1079390802112893e+19,8347279.616403032,1.5752448234707117e-09,1,10,1,2.6485250398440742e+17,2.648525039844074e+17,1
375,199483982.72023392,1,0.0,6996185.164585194,4752490757,10.214864905032405,120.0,1,2.258616839590007e+19,3981459.1149814297,15852016684268.709,3981459.1149814297,1.1294669399618464e+19,8347279.616403032,1.5752448234707117e-09,1,10,1,2.6733239865294157e+17,2.6733239865294157e+17,1
376,198202194.85193315,1,0.0,7013418.721700144,4799288562,10.214624480628423,120.0,1,2.303317070330011e+19,3981459.1149814297,15852016684268.709,3981459.1149814297,1.1518170553318482e+19,8327251.680960832,1.999978849198669e-09,1,10,1,2.6359659933545427e+17,2.635965993354543e+17,1
377,198202194.85193315,1,0.0,7030237.339179661,4846086367,10.214403795121088,120.0,1,2.348455307983351e+19,3981459.1149814297,15852016684268.709,3981459.1149814297,1.1743861741585183e+19,8327251.680960832,1.999978849198669e-09,1,10,1,2.6608634601765754e+17,2.6608634601765757e+17,1
378,198202194.85193315,1,0.0,7047419.012870273,4892884172,10.214142509507775,120.0,1,2.3940315525500252e+19,3981459.1149814297,15852016684268.709,3981459.1149814297,1.1971742964418554e+19,8327251.680960832,1.999978849198669e-09,1,10,1,2.6857609276625498e+17,2.6857609276625494e+17,1
379,199772234.13145995,1,0.0,7064658.024817776,4938111938,10.21389814091262,120.0,1,2.4384949515857146e+19,3981459.1149814297,15852016684268.709,3981459.1149814297,1.2194059959597e+19,8351783.544703439,1.4770193956792355e-09,1,10,1,2.788997563137873e+17,2.7889975631378723e+17,1
380,199772234.13145995,1,0.0,7082418.866593149,4983339704,10.213637266458855,120.0,1,2.4833674607824945e+19,3981459.1149814297,15852016684268.709,3981459.1149814297,1.24184225055809e+19,8351783.544703439,1.4770193956792355e-09,1,10,1,2.813769829036706e+17,2.8137698290367056e+17,1
381,199772234.13145995,1,0.0,7097619.856201729,5028567470,10.213474467642396,120.0,1,2.5286490801403662e+19,3981459.1149814297,15852016684268.709,3981459.1149814297,1.2644830602370259e+19,8351783.544703439,1.4770193956792355e-09,1,10,1,2.8385420918212835e+17,2.838542091821284e+17,1
382,199772234.13145995,1,0.0,7110299.484546949,5073795236,10.213406383606431,120.0,1,2.57433980965933e+19,3981459.1149814297,15852016684268.709,3981459.1149814297,1.2873284249965079e+19,8351782.647916824,1.4770193956792355e-09,1,10,1,2.8633143515973827e+17,2.863314351597383e+17,1
383,199772234.13145995,1,0.0,7122982.8633360155,5119023002,10.213338752446166,120.0,1,2.620439649339386e+19,3981459.1149814297,15852016684268.709,3981459.1149814297,1.3103783448365357e+19,8351782.647916824,1.4770193956792355e-09,1,10,1,2.888086611360784e+17,2.888086611360784e+17,1
384,199772234.13145995,1,0.0,7135669.86755413,5164250768,10.213271571503183,120.0,1,2.666948599180534e+19,3981459.1149814297,15852016684268.709,3981459.1149814297,1.3336328197571099e+19,8306723.690541482,1.4770193956792355e-09,1,10,1,2.912858871111553e+17,2.912858871111553e+17,1
385,199772234.13145995,1,0.0,7148360.376353659,5209478534,10.213204838098392,120.0,1,2.7138666591827735e+19,3981459.1149814297,15852016684268.709,3981459.1149814297,1.3570918497582295e+19,8306723.690541482,1.4770193956792355e-09,1,10,1,2.9376311308497594e+17,2.9376311308497594e+17,1
386,199772234.13145995,1,0.0,7161054.272915224,5254706299,10.213138549533113,120.0,1,2.761193829346105e+19,3981459.1149814297,15852016684268.709,3981459.1149814297,1.3807554348398952e+19,8306723.690541482,1.4770193956792355e-09,1,10,1,2.9624033905754714e+17,2.96240339057547e+17,1
387,199772234.13145995,1,0.0,7173751.444313419,5299934065,10.21307270309021,120.0,1,2.808930109670529e+19,3981459.1149814297,15852016684268.709,3981459.1149814297,1.4046235750021073e+19,8306723.690541482,1.4770193956792355e-09,1,10,1,2.9871756502887584e+17,2.987175650288758e+17,1
388,199772234.13145995,1,0.0,7186451.781387028,5345161831,10.213007296035192,120.0,1,2.8570755001560445e+19,3981459.1149814297,15852016684268.709,3981459.1149814297,1.428696270244865e+19,8306723.690541482,1.4770193956792355e-09,1,10,1,3.0119479099896915e+17,3.0119479099896915e+17,1
389,199772234.13145995,1,0.0,7199155.178613533,5390389597,10.212942325617368,120.0,1,2.9056300008026513e+19,3981459.1149814297,15852016684268.709,3981459.1149814297,1.4529735205681684e+19,8306723.690541482,1.4770193956792355e-09,1,10,1,3.036720169678344e+17,3.036720169678344e+17,1
390,199772234.13145995,1,0.0,7211861.533987843,5435617363,10.21287778907097,120.0,1,2.9545936116103504e+19,3981459.1149814297,15852016684268.709,3981459.1149814297,1.477455325972018e+19,8306723.690541482,1.4770193956792355e-09,1,10,1,3.0614924293547846e+17,3.061492429354784e+17,1
391,199772234.13145995,1,0.0,7224570.748905026,5480845129,10.212813683616304,120.0,1,3.003966332579141e+19,3981459.1149814297,15852016684268.709,3981459.1149814297,1.5021416864564132e+19,8306723.690541482,1.4770193956792355e-09,1,10,1,3.0862646890190874e+17,3.0862646890190874e+17,1
392,199772234.13145995,1,0.0,7237282.728046986,5526072895,10.21275000646088,120.0,1,3.0537481637090247e+19,3981459.1149814297,15852016684268.709,3981459.1149814297,1.5270326020213551e+19,8306723.690541482,1.4770193956792355e-09,1,10,1,3.111036948671325e+17,3.111036948671325e+17,1
393,199772234.13145995,1,0.0,7249998.405856182,5571300661,10.212686739678423,120.0,1,3.1039391049999995e+19,3981459.1149814297,15852016684268.709,3981459.1149814297,1.5521280726668425e+19,8306760.647539572,2.2337189875543118e-09,1,10,1,3.1358092083120096e+17,3.135809208312009e+17,1
394,199772234.13145995,1,0.0,7262716.666679865,5616528426,10.212623895817968,120.0,1,3.1545391564520657e+19,3981459.1149814297,15852016684268.709,3981459.1149814297,1.5774280983928756e+19,8306760.647539572,2.2337189875543118e-09,1,10,1,3.160581467940769e+17,3.16058146794077e+17,1
395,199772234.13145995,1,0.0,7275303.230785058,5661756192,10.212564704107882,120.0,1,3.2055483180652253e+19,3981459.1149814297,15852016684268.709,3981459.1149814297,1.6029326791994554e+19,8305123.462727266,2.7939677238464355e-09,1,10,1,3.1853537274643386e+17,3.1853537274643386e+17,1
396,199772234.13145995,1,0.0,7288557.246670067,5706983958,10.212496313436768,120.0,1,3.2569665898394755e+19,3981459.1149814297,15852016684268.709,3981459.1149814297,1.6286418150865805e+19,8371032.699329622,2.5320332497358322e-09,1,10,1,3.210125987253866e+17,3.2101259872538656e+17,1
397,199772234.13145995,1,0.0,7301813.5957825,5752211724,10.212428442782983,120.0,1,3.3087939717748175e+19,3981459.1149814297,15852016684268.709,3981459.1149814297,1.6545555060542515e+19,8371032.699329622,2.5320332497358322e-09,1,10,1,3.234898247028702e+17,3.234898247028702e+17,1
398,199772234.13145995,1,0.0,7315072.200348105,5797439490,10.212361087336598,120.0,1,3.3610304638712517e+19,3981459.1149814297,15852016684268.709,3981459.1149814297,1.6806737521024686e+19,8328866.608241875,2.6775524020195007e-09,1,10,1,3.2596705067889766e+17,3.259670506788976e+17,1
399,201087395.18623668,1,0.0,7328332.985185109,5841352095,10.212310317876641,120.0,1,3.4121394294074847e+19,3981459.1149814297,15852016684268.709,3981459.1149814297,1.7062282348705851e+19,8349415.99972276,3.1504896469414234e-09,1,10,1,3.361960810961452e+17,3.361960810961452e+17,1
400,201087395.18623668,1,0.0,7342880.214585358,5885264699,10.212211838924242,120.0,1,3.463634058316024e+19,3981459.1149814297,15852016684268.709,3981459.1149814297,1.7319755493248547e+19,8349415.99972276,3.1504896469414234e-09,1,10,1,3.386590250121099e+17,3.386590250121098e+17,1
401,201087395.18623668,1,0.0,7357400.940506601,5929177304,10.212114975819196,120.0,1,3.5155143505968677e+19,3981459.1149814297,15852016684268.709,3981459.1149814297,1.7579156954652766e+19,8344163.840571276,5.071342457085848e-09,1,10,1,3.411219689230392e+17,3.411219689230392e+17,1
402,201087395.18623668,1,0.0,7371896.04639814,5973089909,10.212019683794527,120.0,1,3.5677803062500184e+19,3981459.1149814297,15852016684268.709,3981459.1149814297,1.784048673291852e+19,8344163.840571276,5.071342457085848e-09,1,10,1,3.4358491282907603e+17,3.4358491282907603e+17,1
403,201087395.18623668,1,0.0,7386366.4185648095,6017002514,10.211925919222976,120.0,1,3.6204319252754756e+19,3981459.1149814297,15852016684268.709,3981459.1149814297,1.8103744828045806e+19,8344247.771971062,5.507899913936853e-09,1,10,1,3.460478567303592e+17,3.460478567303592e+17,1
404,201087395.18623668,1,0.0,7400812.850237054,6060915119,10.211833640870678,120.0,1,3.673469207673237e+19,3981459.1149814297,15852016684268.709,3981459.1149814297,1.8368931240034613e+19,8344231.402542111,3.6161509342491627e-09,1,10,1,3.4851080062702e+17,3.4851080062702e+17,1
405,201087395.18623668,1,0.0,7415236.139431359,6104827724,10.211742808508067,120.0,1,3.726892153443306e+19,3981459.1149814297,15852016684268.709,3981459.1149814297,1.8636045968884957e+19,8344231.402542111,3.6161509342491627e-09,1,10,1,3.5097374451918675e+17,3.509737445191869e+17,1
406,201071037.00041294,1,0.0,7429637.057563651,6148756687,10.211653185185682,120.0,1,3.780720879059814e+19,3981459.1149814297,15852016684268.709,3981459.1149814297,1.8905189596967498e+19,8343975.805888616,3.1213858164846897e-09,1,10,1,3.533352418959701e+17,3.533352418959701e+17,1
407,201071037.00041294,1,0.0,7444000.375545155,6192685650,10.211565525600417,120.0,1,3.834935555434366e+19,3981459.1149814297,15852016684268.709,3981459.1149814297,1.9176262978840257e+19,8343975.805888616,3.1213858164846897e-09,1,10,1,3.557983846680994e+17,3.557983846680993e+17,1
408,201071037.00041294,1,0.0,7458971.429619676,6236614613,10.211479185339154,120.0,1,3.889536182566962e+19,3981459.1149814297,15852016684268.709,3981459.1149814297,1.9449266114503238e+19,8469666.72317702,4.059984348714352e-09,1,10,1,3.5826152743613926e+17,3.5826152743613926e+17,1
409,201071037.00041294,1,0.0,7473922.619158912,6280543576,10.211394129933533,120.0,1,3.944522760457601e+19,3981459.1149814297,15852016684268.709,3981459.1149814297,1.9724199003956433e+19,8469666.72317702,4.059984348714352e-09,1,10,1,3.607246702001994e+17,3.607246702001994e+17,1
410,201071037.00041294,1,0.0,7488854.60631404,6324472539,10.211310326072713,120.0,1,3.9998952891062845e+19,3981459.1149814297,15852016684268.709,3981459.1149814297,2.000106164719985e+19,8469666.72317702,4.059984348714352e-09,1,10,1,3.6318781296038566e+17,3.631878129603858e+17,1
411,201071037.00041294,1,0.0,7503188.363142941,6368401502,10.211227741557842,120.0,1,4.055653768513012e+19,3981459.1149814297,15852016684268.709,3981459.1149814297,2.0279854044233486e+19,8427930.625622794,3.157765604555607e-09,1,10,1,3.656509557168003e+17,3.656509557168003e+17,1
412,201071037.00041294,1,0.0,7517504.176410694,6412330465,10.211146345258587,120.0,1,4.1117981986777825e+19,3981459.1149814297,15852016684268.709,3981459.1149814297,2.056057619505734e+19,8427930.625622794,3.157765604555607e-09,1,10,1,3.6811409846954214e+17,3.681140984695421e+17,1
413,201071037.00041294,1,0.0,7531693.374940978,6456259428,10.211066107071659,120.0,1,4.168328579600598e+19,3981459.1149814297,15852016684268.709,3981459.1149814297,2.0843228099671417e+19,8420063.236381188,3.0850060284137726e-09,1,10,1,3.7057724121870675e+17,3.705772412187066e+17,1
414,201071037.00041294,1,0.0,7545865.806210231,6500188391,10.210986997881202,120.0,1,4.225244911281456e+19,3981459.1149814297,15852016684268.709,3981459.1149814297,2.1127809758075707e+19,8420063.236381188,3.0850060284137726e-09,1,10,1,3.730403839643864e+17,3.730403839643863e+17,1
415,201071037.00041294,1,0.0,7560022.0291271545,6544117354,10.210908989520966,120.0,1,4.2825471937203585e+19,3981459.1149814297,15852016684268.709,3981459.1149814297,2.141432117027022e+19,8420063.236381188,3.0850060284137726e-09,1,10,1,3.7550352670667046e+17,3.7550352670667046e+17,1
416,201071037.00041294,1,0.0,7574162.583970159,6588046317,10.210832054738136,120.0,1,4.340235426917305e+19,3981459.1149814297,15852016684268.709,3981459.1149814297,2.170276233625495e+19,8420063.236381188,3.0850060284137726e-09,1,10,1,3.779666694456454e+17,3.779666694456454e+17,1
417,201071037.00041294,1,0.0,7588287.993008377,6631975280,10.210756167158783,120.0,1,4.3983096108722954e+19,3981459.1149814297,15852016684268.709,3981459.1149814297,2.1993133256029905e+19,8420063.236381188,3.0850060284137726e-09,1,10,1,3.804298121813946e+17,3.804298121813946e+17,1
418,201071037.00041294,1,0.0,7602398.761101963,6675904243,10.2106813012548,120.0,1,4.456769745585329e+19,3981459.1149814297,15852016684268.709,3981459.1149814297,2.2285433929595073e+19,8420063.236381188,3.0850060284137726e-09,1,10,1,3.828929549139993e+17,3.828929549139992e+17,1
419,201071037.00041294,1,0.0,7616495.376282413,6719833206,10.210607432312298,120.0,1,4.515615831056407e+19,3981459.1149814297,15852016684268.709,3981459.1149814297,2.2579664356950462e+19,8420063.236645319,3.7834979593753815e-09,1,10,1,3.8535609764353734e+17,3.8535609764353734e+17,1
420,201071037.00041294,1,0.0,7630578.310313489,6763762169,10.210534536401335,120.0,1,4.5748478672855286e+19,3981459.1149814297,15852016684268.709,3981459.1149814297,2.287582453809607e+19,8420063.236645319,3.7834979593753815e-09,1,10,1,3.878192403700846e+17,3.8781924037008454e+17,1
421,201071037.00041294,1,0.0,7644648.019233512,6807691132,10.210462590346955,120.0,1,4.634465854272694e+19,3981459.1149814297,15852016684268.709,3981459.1149814297,2.3173914473031897e+19,8420063.236645319,3.7834979593753815e-09,1,10,1,3.902823830937145e+17,3.902823830937144e+17,1
422,201071037.00041294,1,0.0,7659645.86214671,6851620095,10.210391571701459,120.0,1,4.694469792017903e+19,3981459.1149814297,15852016684268.709,3981459.1149814297,2.347393416175794e+19,8487809.351883765,5.384208634495735e-09,1,10,1,3.927455258144978e+17,3.927455258144977e+17,1
423,201071037.00041294,1,0.0,7674631.346928356,6895549058,10.21032145871783,120.0,1,4.754859680521156e+19,3981459.1149814297,15852016684268.709,3981459.1149814297,2.377588360427421e+19,8487809.351883765,5.384208634495735e-09,1,10,1,3.952086685325033e+17,3.9520866853250323e+17,1
424,201071037.00041294,1,0.0,7689604.885516165,6939478021,10.210252230324278,120.0,1,4.8156355197824524e+19,3981459.1149814297,15852016684268.709,3981459.1149814297,2.407976280058069e+19,8487809.351883765,5.384208634495735e-09,1,10,1,3.976718112477976e+17,3.9767181124779757e+17,1
425,201071037.00041294,1,0.0,7704566.8761166,6983406984,10.210183866099841,120.0,1,4.876797309801795e+19,3981459.1149814297,15852016684268.709,3981459.1149814297,2.43855717506774e+19,8487809.351883765,5.384208634495735e-09,1,10,1,4.0013495396044525e+17,4.001349539604452e+17,1
426,201071037.00041294,1,0.0,7718785.048514594,7027335947,10.210149369441682,120.0,1,4.938345050579178e+19,3981459.1149814297,15852016684268.709,3981459.1149814297,2.469331045456432e+19,8487809.351883765,5.384208634495735e-09,1,10,1,4.0259809657470995e+17,4.025980965747099e+17,1
427,201071037.00041294,1,0.0,7732487.954625215,7071264910,10.210138095324785,120.0,1,5.000278742114607e+19,3981459.1149814297,15852016684268.709,3981459.1149814297,2.5002978912241463e+19,8487809.351883765,5.384208634495735e-09,1,10,1,4.050612391214607e+17,4.050612391214607e+17,1
428,201071037.00041294,1,0.0,7746180.429289139,7115193873,10.210127203692691,120.0,1,5.062598384408078e+19,3981459.1149814297,15852016684268.709,3981459.1149814297,2.5314577123708817e+19,8487809.351883765,5.384208634495735e-09,1,10,1,4.075243816669567e+17,4.075243816669567e+17,1
429,201071037.00041294,1,0.0,7759862.820221252,7159122836,10.21011668135252,120.0,1,5.125303977459596e+19,3981459.1149814297,15852016684268.709,3981459.1149814297,2.5628105088966406e+19,8487809.351883765,6.461050361394882e-09,1,10,1,4.099875242112407e+17,4.099875242112407e+17,1
430,201071037.00041294,1,0.0,7773535.46354595,7203051799,10.210106515580756,120.0,1,5.188395521269154e+19,3981459.1149814297,15852016684268.709,3981459.1149814297,2.5943562808014197e+19,8487809.351883765,6.461050361394882e-09,1,10,1,4.124506667543549e+17,4.124506667543549e+17,1
431,201071037.00041294,1,0.0,7787198.68418348,7246980762,10.210096694105607,120.0,1,5.251873015836759e+19,3981459.1149814297,15852016684268.709,3981459.1149814297,2.626095028085222e+19,8487809.351883765,6.461050361394882e-09,1,10,1,4.149138092963392e+17,4.1491380929633914e+17,1
432,201071037.00041294,1,0.0,7800852.796223412,7290909725,10.21008720509008,120.0,1,5.315736461162405e+19,3981459.1149814297,15852016684268.709,3981459.1149814297,2.6580267507480453e+19,8487809.351883765,6.461050361394882e-09,1,10,1,4.173769518372325e+17,4.173769518372325e+17,1
433,201071037.00041294,1,0.0,7812991.878465492,7334838688,10.210078037115768,120.0,1,5.379985857246097e+19,3981459.1149814297,15852016684268.709,3981459.1149814297,2.6901514487898915e+19,8415510.56051521,8.585629984736443e-09,1,10,1,4.1984009437707226e+17,4.198400943770722e+17,1
434,201071037.00041294,1,0.0,7825371.881736792,7378767651,10.210037922048082,120.0,1,5.444621204087831e+19,3981459.1149814297,15852016684268.709,3981459.1149814297,2.7224691222107582e+19,8478693.515982093,7.101334631443024e-09,1,10,1,4.223032369702991e+17,4.2230323697029914e+17,1
435,201071037.00041294,1,0.0,7837743.657360946,7422696614,10.209998187334458,120.0,1,5.509642501687611e+19,3981459.1149814297,15852016684268.709,3981459.1149814297,2.7549797710106485e+19,8478693.515982093,7.101334631443024e-09,1,10,1,4.2476637956240474e+17,4.247663795624047e+17,1
436,201071037.00041294,1,0.0,7850107.479592862,7466625577,10.209958822407602,120.0,1,5.575049750045432e+19,3981459.1149814297,15852016684268.709,3981459.1149814297,2.787683395189559e+19,8478693.515982093,7.101334631443024e-09,1,10,1,4.2722952215342336e+17,4.272295221534233e+17,1
437,201071037.00041294,1,0.0,7862463.613545613,7510554540,10.209919817061806,120.0,1,5.6408429491613e+19,3981459.1149814297,15852016684268.709,3981459.1149814297,2.8205799947474928e+19,8478693.515982093,7.101334631443024e-09,1,10,1,4.2969266474338797e+17,4.296926647433879e+17,1
438,201071037.00041294,1,0.0,7873364.114301067,7554483503,10.209925652702609,120.0,1,5.707022099035209e+19,3981459.1149814297,15852016684268.709,3981459.1149814297,2.8536695696844472e+19,8348608.574095501,6.650225259363651e-09,1,10,1,4.321558072548787e+17,4.3215580725487866e+17,1
439,202115948.8696358,1,0.0,7884257.430786769,7597367554,10.209944126956474,120.0,1,5.771999374576745e+19,3981459.1149814297,15852016684268.709,3981459.1149814297,2.8861582074552152e+19,8364935.322052108,7.49787432141602e-09,1,10,1,4.426138113180043e+17,4.426138113180042e+17,1
440,202115948.8696358,1,0.0,7896164.224225664,7640251605,10.209925792313145,120.0,1,5.837344458486548e+19,3981459.1149814297,15852016684268.709,3981459.1149814297,2.918830749410117e+19,8364935.322052108,7.49787432141602e-09,1,10,1,4.450631746719645e+17,4.450631746719645e+17,1
441,202115948.8696358,1,0.0,7908041.628324772,7683135656,10.209908587473704,120.0,1,5.9030573507646235e+19,3981459.1149814297,15852016684268.709,3981459.1149814297,2.9516871955491545e+19,8364935.322052108,7.49787432141602e-09,1,10,1,4.475125380222035e+17,4.4751253802220346e+17,1
442,202115948.86963266,1,0.0,7919890.622728754,7726019707,10.20989247190186,120.0,1,5.9691380514109735e+19,3981459.1149814297,15852016684268.709,3981459.1149814297,2.9847275458723295e+19,8364935.322052059,6.650225259363651e-09,1,10,1,4.4996190136883136e+17,4.4996190136883136e+17,1
443,202677475.77731943,1,0.0,7931770.084875701,7768342231,10.209884011997707,120.0,1,6.034714102256148e+19,3981459.1149814297,15852016684268.709,3981459.1149814297,3.0175155712949166e+19,8377880.172259392,9.546056389808655e-09,1,10,1,4.5680395871033325e+17,4.568039587103333e+17,1
444,202677475.77731943,1,0.0,7944171.365861658,7810664756,10.209856760660802,120.0,1,6.100648392312639e+19,3981459.1149814297,15852016684268.709,3981459.1149814297,3.050482716323162e+19,8377880.172259392,9.546056389808655e-09,1,10,1,4.592450151891945e+17,4.5924501518919456e+17,1
445,202677475.77731943,1,0.0,7956534.388182832,7852987280,10.209830970699574,120.0,1,6.1669409215804465e+19,3981459.1149814297,15852016684268.709,3981459.1149814297,3.083628980957066e+19,8377850.625000094,6.461050361394882e-09,1,10,1,4.61686071663194e+17,4.616860716631939e+17,1
446,202677475.77731943,1,0.0,7968796.061223452,7895309804,10.209806588295189,120.0,1,6.233591690059568e+19,3981459.1149814297,15852016684268.709,3981459.1149814297,3.1169543651966267e+19,8373187.717518596,8.556526154279709e-09,1,10,1,4.641271281325109e+17,4.64127128132511e+17,1
447,202677475.77731943,1,0.0,7981115.643919382,7937632328,10.209771852170968,120.0,1,6.300600697750006e+19,3981459.1149814297,15852016684268.709,3981459.1149814297,3.150458869041846e+19,8373187.717518596,8.556526154279709e-09,1,10,1,4.6656818461769856e+17,4.6656818461769856e+17,1
448,202677475.77731943,1,0.0,7993416.86191734,7979954852,10.209736421556691,120.0,1,6.367967944651761e+19,3981459.1149814297,15852016684268.709,3981459.1149814297,3.1841424924927234e+19,8373187.717518596,8.556526154279709e-09,1,10,1,4.690092411020237e+17,4.690092411020237e+17,1
449,202677475.77731943,1,0.0,8005685.0312340455,8022277377,10.209702234186883,120.0,1,6.435693430764832e+19,3981459.1149814297,15852016684268.709,3981459.1149814297,3.218005235549259e+19,8373187.717518596,8.556526154279709e-09,1,10,1,4.714502975821899e+17,4.714502975821899e+17,1
450,202677475.77731943,1,0.0,8017921.253492206,8064599901,10.209669244385925,120.0,1,6.503777156089217e+19,3981459.1149814297,15852016684268.709,3981459.1149814297,3.2520470982114513e+19,8373187.717518596,8.556526154279709e-09,1,10,1,4.7389135405834963e+17,4.7389135405834963e+17,1
451,202677475.77731943,1,0.0,8030126.7011567615,8106922425,10.209637408293764,120.0,1,6.5722191206249185e+19,3981459.1149814297,15852016684268.709,3981459.1149814297,3.286268080479302e+19,8373195.462053795,6.475602276623249e-09,1,10,1,4.7633241053064934e+17,4.763324105306494e+17,1
452,202677475.77731943,1,0.0,8042302.296069945,8149244949,10.209606683784637,120.0,1,6.641019324371937e+19,3981459.1149814297,15852016684268.709,3981459.1149814297,3.3206681823528112e+19,8373195.462053795,6.475602276623249e-09,1,10,1,4.787734669992299e+17,4.787734669992299e+17,1
453,202677475.77731943,1,0.0,8054449.033323463,8191567474,10.209577030389987,120.0,1,6.710177767330271e+19,3981459.1149814297,15852016684268.709,3981459.1149814297,3.3552474038319784e+19,8373195.462053795,6.475602276623249e-09,1,10,1,4.812145234642263e+17,4.8121452346422637e+17,1
454,202677475.77731943,1,0.0,8066567.8748393105,8233889998,10.209548409225404,120.0,1,6.77969444949992e+19,3981459.1149814297,15852016684268.709,3981459.1149814297,3.3900057449168028e+19,8373195.462053795,6.475602276623249e-09,1,10,1,4.8365557992576864e+17,4.836555799257686e+17,1
455,202677475.77731943,1,0.0,8078659.750475407,8276212522,10.209520782921256,120.0,1,6.849569370880885e+19,3981459.1149814297,15852016684268.709,3981459.1149814297,3.424943205607285e+19,8373195.462053795,6.475602276623249e-09,1,10,1,4.860966363839815e+17,4.860966363839816e+17,1
456,202677475.77731943,1,0.0,8090725.559094412,8318535046,10.209494115556843,120.0,1,6.919802531473167e+19,3981459.1149814297,15852016684268.709,3981459.1149814297,3.4600597859034264e+19,8373195.462053795,6.475602276623249e-09,1,10,1,4.885376928389852e+17,4.8853769283898534e+17,1
457,202677475.77731943,1,0.0,8102766.169596896,8360857570,10.209468372597879,120.0,1,6.990393931276765e+19,3981459.1149814297,15852016684268.709,3981459.1149814297,3.495355485805225e+19,8373195.462053795,6.475602276623249e-09,1,10,1,4.909787492908952e+17,4.909787492908953e+17,1
458,202677475.77731943,1,0.0,8114782.421920072,8403180095,10.209443520837043,120.0,1,7.061343570291678e+19,3981459.1149814297,15852016684268.709,3981459.1149814297,3.5308303053126816e+19,8322622.319503814,4.787580110132694e-09,1,10,1,4.934198057398224e+17,4.9341980573982234e+17,1
459,202677475.77731943,1,0.0,8126775.128003253,8445502619,10.209419528337499,120.0,1,7.132651448517906e+19,3981459.1149814297,15852016684268.709,3981459.1149814297,3.5664842444257956e+19,8322622.319503814,4.787580110132694e-09,1,10,1,4.958608621858733e+17,4.9586086218587334e+17,1
460,202677475.77731943,1,0.0,8138745.072721107,8487825143,10.209396364379153,120.0,1,7.204317565955451e+19,3981459.1149814297,15852016684268.709,3981459.1149814297,3.6023173031445684e+19,8322622.319503814,4.787580110132694e-09,1,10,1,4.9830191862915085e+17,4.98301918629151e+17,1
461,202677475.77731943,1,0.0,8150693.014785813,8530147667,10.209373999407527,120.0,1,7.276341922604312e+19,3981459.1149814297,15852016684268.709,3981459.1149814297,3.638329481468999e+19,8322622.319503814,4.787580110132694e-09,1,10,1,5.00742975069754e+17,5.00742975069754e+17,1
462,202677475.77731943,1,0.0,8162619.6876191385,8572470192,10.209352404985077,120.0,1,7.348724518464488e+19,3981459.1149814297,15852016684268.709,3981459.1149814297,3.674520779399087e+19,8322622.319503814,4.787580110132694e-09,1,10,1,5.031840315077775e+17,5.0318403150777754e+17,1
463,202677475.77731943,1,0.0,8174525.800195462,8614792716,10.209331553744851,120.0,1,7.42146535353598e+19,3981459.1149814297,15852016684268.709,3981459.1149814297,3.710891196934832e+19,8322622.319503814,4.787580110132694e-09,1,10,1,5.056250879433131e+17,5.056250879433131e+17,1
464,202677475.77731943,1,0.0,8186412.037856687,8657115240,10.209311419346319,120.0,1,7.494564427818788e+19,3981459.1149814297,15852016684268.709,3981459.1149814297,3.747440734076237e+19,8322622.319503814,4.787580110132694e-09,1,10,1,5.080661443764488e+17,5.080661443764487e+17,1
465,202677475.77731943,1,0.0,8198279.063099982,8699437764,10.209291976433283,120.0,1,7.568021741312914e+19,3981459.1149814297,15852016684268.709,3981459.1149814297,3.7841693908232995e+19,8322622.319503814,4.787580110132694e-09,1,10,1,5.105072008072693e+17,5.105072008072693e+17,1
466,202677475.77731943,1,0.0,8210127.516339279,8741760288,10.209273200593755,120.0,1,7.641837294018355e+19,3981459.1149814297,15852016684268.709,3981459.1149814297,3.82107716717602e+19,8366319.872491672,4.71482053399086e-09,1,10,1,5.129482572358566e+17,5.1294825723585645e+17,1
467,202677475.77731943,1,0.0,8221958.016641378,8784082813,10.209255068321658,120.0,1,7.716011085935108e+19,3981459.1149814297,15852016684268.709,3981459.1149814297,3.8581640631343964e+19,8366319.872491672,4.71482053399086e-09,1,10,1,5.1538931366228883e+17,5.1538931366228883e+17,1
468,202677475.77731943,1,0.0,8233791.933783765,8826405337,10.209237556980323,120.0,1,7.790543117063181e+19,3981459.1149814297,15852016684268.709,3981459.1149814297,3.895430078698433e+19,8367815.409421496,5.573383532464504e-09,1,10,1,5.1783037008664186e+17,5.178303700866419e+17,1
469,202677475.77731943,1,0.0,8245609.074903723,8868727861,10.209220644767608,120.0,1,7.86543338740257e+19,3981459.1149814297,15852016684268.709,3981459.1149814297,3.932875213868127e+19,8367815.409421496,5.573383532464504e-09,1,10,1,5.2027142650898886e+17,5.2027142650898886e+17,1
470,202677475.77731943,1,0.0,8258000.228218168,8911050385,10.209173698035434,120.0,1,7.940681896953271e+19,3981459.1149814297,15852016684268.709,3981459.1149814297,3.970499468643478e+19,8450486.161392009,5.282345227897167e-09,1,10,1,5.227124829826827e+17,5.227124829826827e+17,1
471,202677475.77731943,1,0.0,8270375.705305689,8953372910,10.209127386861342,120.0,1,8.016288645715291e+19,3981459.1149814297,15852016684268.709,3981459.1149814297,4.008302843024488e+19,8450486.161392009,5.282345227897167e-09,1,10,1,5.2515353945437536e+17,5.2515353945437536e+17,1
472,202677475.77731943,1,0.0,8282736.028707185,8995695434,10.209081691457884,120.0,1,8.092253633688627e+19,3981459.1149814297,15852016684268.709,3981459.1149814297,4.046285337011156e+19,8450486.161392009,5.282345227897167e-09,1,10,1,5.275945959241325e+17,5.275945959241325e+17,1
473,202677475.77731943,1,0.0,8295081.703545519,9038017958,10.209036592749111,120.0,1,8.168576860873279e+19,3981459.1149814297,15852016684268.709,3981459.1149814297,4.084446950603482e+19,8450486.161392009,5.282345227897167e-09,1,10,1,5.3003565239201766e+17,5.300356523920177e+17,1
474,202677475.77731943,1,0.0,8307413.218106131,9080340482,10.208992072342804,120.0,1,8.245258327269247e+19,3981459.1149814297,15852016684268.709,3981459.1149814297,4.122787683801466e+19,8450486.161392009,5.282345227897167e-09,1,10,1,5.3247670885809184e+17,5.324767088580918e+17,1
475,202677475.77731943,1,0.0,8319698.575011273,9122663006,10.208948112503892,120.0,1,8.322298032876528e+19,3981459.1149814297,15852016684268.709,3981459.1149814297,4.161307536605106e+19,8448927.630815413,3.157765604555607e-09,1,10,1,5.3491776532241363e+17,5.3491776532241363e+17,1
476,202677475.77731943,1,0.0,8331970.699923567,9164985531,10.208904696129041,120.0,1,8.399695977695127e+19,3981459.1149814297,15852016684268.709,3981459.1149814297,4.200006509014406e+19,8448927.630815413,3.157765604555607e-09,1,10,1,5.373588217850401e+17,5.373588217850401e+17,1
477,202677475.77731943,1,0.0,8344230.033909442,9207308055,10.208861806722323,120.0,1,8.477452161725044e+19,3981459.1149814297,15852016684268.709,3981459.1149814297,4.238884601029364e+19,8448927.630815413,3.157765604555607e-09,1,10,1,5.3979987824602586e+17,5.397998782460259e+17,1
478,202677475.77731943,1,0.0,8356661.005932257,9249630579,10.208819428371926,120.0,1,8.555566584966272e+19,3981459.1149814297,15852016684268.709,3981459.1149814297,4.277941812649978e+19,8462175.817953842,3.3032847568392754e-09,1,10,1,5.422409347054239e+17,5.422409347054238e+17,1
479,202677475.77731943,1,0.0,8369080.025544938,9291953103,10.20877754572786,120.0,1,8.634039247418819e+19,3981459.1149814297,15852016684268.709,3981459.1149814297,4.317178143876252e+19,8462175.817953842,3.3032847568392754e-09,1,10,1,5.4468199116328454e+17,5.446819911632845e+17,1
480,202677475.77731943,1,0.0,8381487.491161159,9334275628,10.208736143980586,120.0,1,8.712870149082682e+19,3981459.1149814297,15852016684268.709,3981459.1149814297,4.3565935947081834e+19,8462175.817953842,3.3032847568392754e-09,1,10,1,5.471230476196576e+17,5.4712304761965766e+17,1
481,202677475.77731943,1,0.0,8393883.787914135,9376598152,10.208695208840558,120.0,1,8.792059289957861e+19,3981459.1149814297,15852016684268.709,3981459.1149814297,4.396188165145773e+19,8462175.817953842,3.3032847568392754e-09,1,10,1,5.4956410407459e+17,5.4956410407459014e+17,1
482,202677475.77731943,1,0.0,8406269.288099311,9418920676,10.208654726518605,120.0,1,8.871606670044357e+19,3981459.1149814297,15852016684268.709,3981459.1149814297,4.435961855189021e+19,8462175.817953842,3.3032847568392754e-09,1,10,1,5.5200516052812755e+17,5.5200516052812755e+17,1
483,202677475.77731943,1,0.0,8419220.696417414,9461243200,10.208545079672989,120.0,1,8.951512289342163e+19,3981459.1149814297,15852016684268.709,3981459.1149814297,4.475914664837924e+19,8545169.471333908,3.2741809263825417e-09,1,10,1,5.5444621710153734e+17,5.544462171015374e+17,1
484,202677475.77731943,1,0.0,8432155.031414218,9503565724,10.208436612671644,120.0,1,9.03177614785129e+19,3981459.1149814297,15852016684268.709,3981459.1149814297,4.5160465940924875e+19,8544666.585282318,2.1827872842550278e-09,1,10,1,5.568872736723485e+17,5.568872736723484e+17,1
485,202677475.77731943,1,0.0,8445079.613911312,9545888249,10.20832930309461,120.0,1,9.112398245571733e+19,3981459.1149814297,15852016684268.709,3981459.1149814297,4.556357642952709e+19,8544666.585282318,2.1827872842550278e-09,1,10,1,5.5932833024061875e+17,5.593283302406189e+17,1
486,202677475.77731943,1,0.0,8457929.780318193,9588210773,10.208230764240142,120.0,1,9.193378582503488e+19,3981459.1149814297,15852016684268.709,3981459.1149814297,4.596847811418586e+19,8535308.216251284,3.812601789832115e-09,1,10,1,5.617693867931016e+17,5.617693867931016e+17,1
487,202677475.77731943,1,0.0,8470770.833555905,9630533297,10.208133219212915,120.0,1,9.274717158646561e+19,3981459.1149814297,15852016684268.709,3981459.1149814297,4.637517099490123e+19,8535308.216251284,3.812601789832115e-09,1,10,1,5.6421044334336096e+17,5.642104433433609e+17,1
488,202677475.77731943,1,0.0,8483603.077396745,9672855821,10.20803664946459,120.0,1,9.356413974000951e+19,3981459.1149814297,15852016684268.709,3981459.1149814297,4.678365507167318e+19,8535308.216251284,3.812601789832115e-09,1,10,1,5.666514998914463e+17,5.666514998914465e+17,1
489,202677475.77731943,1,0.0,8496426.836479612,9715178346,10.207941036944716,120.0,1,9.438469028566658e+19,3981459.1149814297,15852016684268.709,3981459.1149814297,4.7193930344501715e+19,8535310.447698927,4.5693013817071915e-09,1,10,1,5.69092556437406e+17,5.69092556437406e+17,1
490,202677475.77731943,1,0.0,8510955.791668251,9757500870,10.207846364084478,120.0,1,9.52088232234368e+19,3981459.1149814297,15852016684268.709,3981459.1149814297,4.7605996813386826e+19,8617554.991590219,7.974449545145035e-09,1,10,1,5.7153361298128614e+17,5.7153361298128614e+17,1
491,202677475.77731943,1,0.0,8525888.146280445,9799823394,10.207752613781096,120.0,1,9.603653855332014e+19,3981459.1149814297,15852016684268.709,3981459.1149814297,4.80198544783285e+19,8647172.689766943,8.025381248444319e-09,1,10,1,5.7397466952313184e+17,5.739746695231318e+17,1
492,202677475.77731943,1,0.0,8540812.808646932,9842145918,10.207659769382754,120.0,1,9.686783627531669e+19,3981459.1149814297,15852016684268.709,3981459.1149814297,4.843550333932677e+19,8647172.689766943,8.025381248444319e-09,1,10,1,5.764157260629871e+17,5.764157260629868e+17,1
493,202381506.43634957,1,0.0,8555730.035175895,9884764412,10.207564506702957,120.0,1,9.770856747624571e+19,3981459.1149814297,15852016684268.709,3981459.1149814297,4.885586893979128e+19,8642548.168814288,1.010994310490787e-08,1,10,1,5.759151749969564e+17,5.759151749969564e+17,1
494,202381506.43634957,1,0.0,8570351.597879935,9927382905,10.20748004115844,120.0,1,9.8552931349162e+19,3981459.1149814297,15852016684268.709,3981459.1149814297,4.927805087624942e+19,8642588.251997929,9.353243513032794e-09,1,10,1,5.783606885078564e+17,5.783606885078564e+17,1
495,202381506.43634957,1,0.0,8584972.63515268,9970001399,10.207396211051767,120.0,1,9.940092789406555e+19,3981459.1149814297,15852016684268.709,3981459.1149814297,4.97020491487012e+19,8642588.251997929,9.353243513032794e-09,1,10,1,5.808062020176361e+17,5.808062020176364e+17,1
496,202381506.43634957,1,0.0,8599581.659609804,10012619892,10.207313009000774,120.0,1,1.0025255711095643e+20,3981459.1149814297,15852016684268.709,3981459.1149814297,5.012786375714664e+19,8641759.899291178,9.389623301103711e-09,1,10,1,5.832517155263094e+17,5.832517155263092e+17,1
497,202381506.43634957,1,0.0,8614190.193080574,10055238386,10.207230427742186,120.0,1,1.0110781899983453e+20,3981459.1149814297,15852016684268.709,3981459.1149814297,5.055549470158569e+19,8641759.899291178,9.389623301103711e-09,1,10,1,5.856972290338889e+17,5.856972290338889e+17,1
498,202381506.43634957,1,0.0,8628798.251931202,10097856880,10.20714846012914,120.0,1,1.019667135606999e+20,3981459.1149814297,15852016684268.709,3981459.1149814297,5.098494198201837e+19,8641759.899291178,9.389623301103711e-09,1,10,1,5.88142742540388e+17,5.881427425403877e+17,1
499,202381506.43634957,1,0.0,8643405.852362523,10140475373,10.207067099128787,120.0,1,1.0282924079355254e+20,3981459.1149814297,15852016684268.709,3981459.1149814297,5.141620559844469e+19,8641759.917538846,5.984475137665868e-09,1,10,1,5.905882560458191e+17,5.905882560458193e+17,1
500,1202381506.4363496,1,0.0,8215304.596287157,9183093867,5.651882835272629,120.0,1,8.432921296495618e+19,18471360.65124344,67088531473151.81,3981459.1149814297,4.21713153356254e+19,8641754.181500655,6.188201950863004e-09,1,20,1,1.0833264914686204e+19,1.024583666005352e+19,1
501,1202381506.4363496,1,0.0,7604676.891991718,8225712360,32.98067466898513,300.54814535185,1,6.766234383409249e+19,39398911.422841616,167400906473616.5,7364206.9809660185,3.3847912007693607e+19,8678791.792535927,2.990418579429388e-09,1,20,1,9.817575924243796e+18,9.285321858662658e+18,1
502,1202381506.4363496,1,0.0,7257542.0089687165,7268330854,76.28336004083503,420.0,2,5.282863340096148e+19,50347919.75761166,271622666381272.0,11046310.471449029,2.644147896711887e+19,8678791.792535927,2.990418579429388e-09,2,21,1,8.798337914957355e+18,8.317411633227893e+18,2
503,441960082.97708917,1,0.0,7204422.426329125,7071370771,87.21451965975677,420.0,3,5.0004284579091145e+19,50756482.13882673,281243825123379.2,11758017.776544303,2.503026667205791e+19,8678791.792535927,2.990418579429388e-09,2,22,1,2.1896741975855772e+18,1.7672763461201009e+18,3
504,259763012.87269917,1,0.0,7225176.082290807,7056607758,64.08570027846221,420.0,4,4.9795713050204316e+19,48447948.468241476,269135479030200.84,11758017.776544303,2.492477007300518e+19,8661272.214812018,3.8708094507455826e-09,2,24,1,8.271497500915556e+17,4.165372681273288e+17,3
505,259763012.87269914,1,0.0,7251016.226326751,7041844745,64.08394447976563,420.0,4,4.958757741441565e+19,46156775.14312615,258702504771411.8,11758017.776544303,2.4819658957684965e+19,8626551.523872133,2.582964953035116e-09,1,24,1,8.254177901925682e+17,4.15661040605923e+17,3
506,259763012.87269914,1,0.0,7290363.144321248,7027081732,91.47330478848114,420.0,4,4.937987767172512e+19,43705934.100535385,249469122689565.6,11758017.776544303,2.4714885748131516e+19,8644957.304653384,4.591129254549742e-09,1,24,1,8.237059779554757e+17,4.148032313428073e+17,3
507,259763012.87269914,1,0.0,7329710.062272006,7012318719,91.47998653605852,420.0,4,4.9172613822132765e+19,41732040.04994001,241497562658248.94,11758017.776544303,2.4610456667332207e+19,8644957.304653384,3.6598066799342632e-09,1,24,1,8.22002122304138e+17,4.139539911539387e+17,3
508,259763012.87269914,1,0.0,7355933.659942957,6997555707,64.07344795773322,420.0,4,4.896578586563857e+19,40080713.992783226,234763312809838.9,11758017.776544303,2.4506369264100266e+19,8644957.304653384,3.6598066799342632e-09,1,24,1,8.203032526745702e+17,4.131086746624134e+17,3
509,259763012.87269914,1,0.0,7395951.314186032,6982792694,79.07354604823955,420.0,4,4.875939380224252e+19,37932801.89755847,228875352622474.3,11758017.776544303,2.440258443638351e+19,8644957.304653384,3.892637323588133e-09,1,24,1,8.186058201350716e+17,4.1226362659876454e+17,3
510,259763012.87269914,1,0.0,7435298.232014124,6968029681,57.96737203350628,420.0,4,4.855343763194464e+19,36310640.92773962,224683593691828.38,11758017.776544303,2.4299187175341502e+19,8644957.304653384,3.6598066799342632e-09,1,24,1,8.169292518075053e+17,4.1143034409918726e+17,3
511,259763012.87269914,1,0.0,7461490.72071645,6953266668,31.999116097926482,300.82848597736614,2,4.834791735474492e+19,34867419.63570958,220872663318577.5,11758017.776544303,2.4196045943704318e+19,8698543.875647122,4.591129254549742e-09,1,24,1,8.152696446599041e+17,4.1060612717588064e+17,2
512,259763012.87269914,1,0.0,7493897.093700151,6938503655,36.948617183939554,311.3087957412531,2,4.814283297064335e+19,33424198.343679525,217657682802467.5,11758017.776544303,2.4093182253601923e+19,8698543.875647122,4.591129254549742e-09,1,24,1,8.135965057713573e+17,4.0977522093479104e+17,2
513,260343055.67745566,1,0.0,7504381.595391778,6923160599,13.53042803509981,120.0,2,4.7930152684206645e+19,32213429.590675607,215499631441752.3,11758017.776544303,2.39866263052475e+19,8703075.460059281,5.005858838558197e-09,1,24,1,8.160259386036223e+17,4.109876993184878e+17,2
514,260343055.67745566,1,0.0,7497504.985937794,6907817544,11.107463725834931,120.0,2,4.7717943216485e+19,31925099.156948365,213773384679471.7,11758017.776544303,2.3880348946710446e+19,8703075.460059281,5.005858838558197e-09,1,24,1,8.142854732743396e+17,4.101171618791624e+17,2
515,260343055.67745566,1,0.0,7507989.4875615705,6892474488,13.530268319523882,120.0,2,4.750620456747839e+19,30782605.48311903,211995979715640.4,11758017.776544303,2.3774301881710756e+19,8703075.460059281,3.2014213502407074e-09,1,24,1,8.125106342623437e+17,4.092179502552517e+17,2
516,260343055.67745566,1,0.0,7518473.989153109,6877131432,13.538751918175766,120.0,2,4.7294936737186824e+19,30342794.955058068,210688233318075.7,11758017.776544303,2.366853719192522e+19,8703075.460059281,3.2014213502407074e-09,1,24,1,8.10740153865058e+17,4.083400981464389e+17,2
517,260343055.67745566,1,0.0,7529436.304776673,6861788377,13.530621034109398,120.0,2,4.7084139725610295e+19,29229135.59951505,209408926062726.28,11758017.776544303,2.356301075541142e+19,8726010.535092417,4.598405212163925e-09,1,24,1,8.08981914814201e+17,4.074533233523785e+17,2
518,260343055.67745566,1,0.0,7523027.654562261,6846445321,11.109548091313552,120.0,2,4.687381353274881e+19,29639044.07583029,208262640745003.3,11758017.776544303,2.3457733030448906e+19,8725537.50964878,6.468326319009066e-09,1,24,1,8.072508542835953e+17,4.0659063231868134e+17,2
519,260343055.67745566,1,0.0,7528424.559874285,6831102265,13.530946663323512,120.0,2,4.666395815860236e+19,28922403.346925683,207098327406162.0,11758017.776544303,2.33526889120418e+19,8725537.50964878,6.468326319009066e-09,1,24,1,8.054500553629315e+17,4.056800104195315e+17,2
520,260343055.67745566,1,0.0,7511811.27450398,6815759210,11.111716043435646,120.0,2,4.645457360317097e+19,29347333.52909935,206137519911668.88,11758017.776544303,2.324790055357665e+19,8725537.50964878,6.468326319009066e-09,1,24,1,8.037034287867004e+17,4.048109463139042e+17,2
521,260343055.67745566,1,0.0,7507791.733110188,6800416154,13.520296689480412,120.0,2,4.624565986645462e+19,28971189.48553481,205226379078783.2,11758017.776544303,2.314335257113519e+19,8725537.50964878,6.468326319009066e-09,1,25,1,8.019285378885527e+17,4.0391704486414605e+17,2
522,260343055.67745566,1,0.0,7487863.588973446,6785073098,11.113416667534118,120.0,2,4.60372169484533e+19,29158197.724205904,204101526841831.0,11758017.776544303,2.3039018626910835e+19,8725537.50964878,5.4569682106375694e-09,1,25,1,8.001882657680344e+17,4.0305245979798106e+17,2
523,260343055.67745566,1,0.0,7504098.17246344,6769730043,36.254634555984566,301.1663478791171,2,4.582924484916703e+19,28186665.607029058,202430997191036.94,11758017.776544303,2.293486552430262e+19,8725537.50964878,6.155460141599178e-09,1,25,1,7.98384646239443e+17,4.021418579739268e+17,2
524,260343055.67745566,1,0.0,7484225.74933081,6754386987,11.115101200780737,120.0,2,4.562174356859581e+19,28536589.87598068,201361097461621.9,11758017.776544303,2.283100789404407e+19,8725537.50964878,5.2241375669837e-09,1,25,1,7.9668250056678e+17,4.013041865079617e+17,2
525,260343055.67745566,1,0.0,7492852.023767557,6739043931,13.53243728395328,120.0,2,4.541471310673963e+19,28022742.214159355,200319285464931.06,11758017.776544303,2.2727388481916305e+19,8725537.50964878,4.874891601502895e-09,1,25,1,7.94877068277242e+17,4.00392831997816e+17,2
526,260343055.67745566,1,0.0,7470210.364459008,6723700876,11.116658858586675,120.0,2,4.520815346359849e+19,28515383.70094067,199930757122915.06,11758017.776544303,2.2624069807511536e+19,8590114.900433494,3.41970007866621e-09,1,25,1,7.931208248905594e+17,3.9952030067597357e+17,2
527,260343055.67745566,1,0.0,7475430.5235330975,6708357820,13.52050328517549,120.0,2,4.500206463917239e+19,28225037.72989206,199372401679362.75,11758017.776544303,2.252096955975413e+19,8590114.900433494,3.41970007866621e-09,1,25,1,7.913614233912831e+17,3.986366802550064e+17,2
528,260343055.67745566,1,0.0,7458393.074604188,6693014764,11.115762550232093,120.0,2,4.479644663346134e+19,28479757.273170795,198834904787129.34,11758017.776544303,2.2418106807209386e+19,8590114.900433494,3.41970007866621e-09,1,25,1,7.895942341886317e+17,3.9775541318491725e+17,2
529,260343055.67745566,1,0.0,7458739.854699984,6677671708,13.522019176526138,120.0,2,4.459129944646533e+19,28189411.302122183,198460095918794.9,11758017.776544303,2.2315495732824543e+19,8590114.900433494,3.41970007866621e-09,1,25,1,7.878073514726435e+17,3.9685319525012416e+17,2
530,260343055.67745566,1,0.0,7441747.87100114,6662328653,11.114901964754953,120.0,2,4.438662307818435e+19,28444130.845400922,197811671902091.78,11758017.776544303,2.2213092706282385e+19,8590114.900433494,3.5070115700364113e-09,1,25,1,7.86069621111013e+17,3.9599250340588717e+17,2
531,260343055.67745566,1,0.0,7442138.60081933,6646985597,13.53592041108724,120.0,2,4.418241752861844e+19,27967098.091342658,197183279912632.28,11758017.776544303,2.2110927092300485e+19,8590114.900433494,3.5070115700364113e-09,1,25,1,7.842636234395096e+17,3.950800542027471e+17,2
532,260343055.67745566,1,0.0,7425189.10185213,6631642541,11.115172331263913,120.0,2,4.397868279776756e+19,28408504.417631052,196848143326192.0,11758017.776544303,2.20090262132164e+19,8590114.900433494,3.5070115700364113e-09,1,25,1,7.824990983065528e+17,3.9420398589257466e+17,2
533,260343055.67745566,1,0.0,7425620.899599534,6616299486,13.523049564564396,120.0,2,4.377541888563171e+19,28118158.46205551,196307515008922.34,11758017.776544303,2.190734019431675e+19,8590114.86948735,3.157765604555607e-09,1,25,1,7.807455068732261e+17,3.933223718799036e+17,2
534,260343055.67745566,1,0.0,7408711.099609105,6600956430,11.114385022821578,120.0,2,4.357262579221092e+19,28372878.020806894,195826034952027.75,11758017.776544303,2.1805895499600663e+19,8590114.869488183,3.448803909122944e-09,1,25,1,7.789745084538277e+17,3.924410994895707e+17,2
535,260343055.67745566,1,0.0,7427551.648989603,6585613374,36.269521708194794,301.34275512448124,2,4.3370303517505176e+19,27469057.22371036,194486312142531.38,11758017.776544303,2.170460038996684e+19,8570775.26295988,3.245077095925808e-09,1,25,1,7.771960019756627e+17,3.915434540564626e+17,2
536,260343055.67745566,1,0.0,7412410.226558091,6570270319,11.1135187469644,120.0,2,4.316845206151446e+19,27897381.909430433,194089249984708.94,11758017.776544303,2.16036349557557e+19,8549397.069583558,4.234607331454754e-09,1,25,1,7.754586954756709e+17,3.906869900768613e+17,2
537,260343055.67745566,1,0.0,7412067.973629276,6554927263,13.52419587804778,120.0,2,4.296707142423879e+19,27617725.05054264,193687289528389.5,11758017.776544303,2.1502904441072234e+19,8549397.069583558,4.234607331454754e-09,1,25,1,7.736836617671731e+17,3.8979154818906605e+17,2
538,260343055.67745566,1,0.0,7394381.648401884,6539584207,11.112870544893124,120.0,2,4.276616160567818e+19,27883133.705982186,193155265012790.62,11758017.776544303,2.1402396329340367e+19,8549397.069583558,4.234607331454754e-09,1,25,1,7.719314868961868e+17,3.889224483871772e+17,2
539,260343055.67745566,1,0.0,7394072.905137721,6524241152,13.540025579145794,120.0,2,4.256572260583259e+19,27426459.867348894,192536397270444.47,11758017.776544303,2.130211494264334e+19,8549397.069583558,4.234607331454754e-09,1,25,1,7.70135224552786e+17,3.880136981489853e+17,2
540,260343055.67745566,1,0.0,7395341.84531111,6508898096,13.537505473746629,120.0,2,4.236575442470205e+19,27428616.15775517,192136423569565.34,11758017.776544303,2.1202090854707982e+19,8605620.487681808,2.9976945370435715e-09,1,25,1,7.683616265658683e+17,3.871355566680198e+17,2
541,260343055.67745566,1,0.0,7398221.1923632175,6493555040,13.526520553454079,120.0,2,4.216625706228655e+19,27366586.55581799,191835436795265.78,11758017.776544303,2.11023120748228e+19,8682181.245239887,5.384208634495735e-09,1,25,1,7.666040314181043e+17,3.8624998086369414e+17,2
542,260343055.67745566,1,0.0,7383315.998016319,6478211985,11.110482902700722,120.0,2,4.19672305185861e+19,27562066.669247355,191230384329419.06,11758017.776544303,2.100273829772599e+19,8661142.444554806,6.9776433520019054e-09,1,25,1,7.648748640659524e+17,3.853956518705457e+17,2
543,260343055.67745566,1,0.0,7385786.296904925,6462868929,13.543277716836464,120.0,2,4.17686747936007e+19,27091687.70670212,190711235406614.12,11758017.776544303,2.090340852034101e+19,8661142.444554806,6.9776433520019054e-09,1,25,1,7.630664456986612e+17,3.8448321947158445e+17,2
544,260343055.67745566,1,0.0,7370909.38740266,6447525873,11.11089438881212,120.0,2,4.157058988733033e+19,27464184.799876988,190385490325563.56,11758017.776544303,2.080433349269772e+19,8661142.444554806,6.9776433520019054e-09,1,25,1,7.613110369061336e+17,3.836118175679993e+17,2
545,260343055.67745566,1,0.0,7373406.981819253,6432182818,13.5276584507484,120.0,2,4.137297579977502e+19,27170823.932801083,190023190490562.4,11758017.776544303,2.0705490218936566e+19,8661140.213107161,6.781192496418953e-09,1,25,1,7.595454936633738e+17,3.827231759444543e+17,2
546,260343055.67745566,1,0.0,7360064.881634887,6416839762,11.110049466795354,120.0,2,4.1175832530934735e+19,27366305.16195427,189523351836640.88,11758017.776544303,2.060686860065103e+19,8733544.622249175,6.83940015733242e-09,1,25,1,7.577934456373243e+17,3.8185391736221414e+17,2
547,260343055.67745566,1,0.0,7364096.450837337,6401496706,13.546365663780726,120.0,2,4.097916008080949e+19,26884748.858977802,188978583360048.2,11758017.776544303,2.0508477898740752e+19,8733544.622249175,6.83940015733242e-09,1,25,1,7.559980861390801e+17,3.809468299135489e+17,2
548,260343055.67745566,1,0.0,7375118.569803636,6386153651,13.535161894367679,120.0,2,4.07829584493993e+19,26870323.742826454,188612917544367.0,11758017.776544303,2.041034051645409e+19,8733544.622249175,6.83940015733242e-09,1,25,1,7.542302822832724e+17,3.800707470855208e+17,2
549,260343055.67745566,1,0.0,7379172.987100285,6370810595,13.547472579649984,120.0,2,4.058722763670414e+19,26630628.460304603,188130763600430.84,11758017.776544303,2.0312426894712115e+19,8733507.665251086,7.479684427380562e-09,1,25,1,7.524689109272317e+17,3.791856046502109e+17,2
550,260343055.67745566,1,0.0,7373263.313951556,6355467539,11.108240617138932,120.0,2,4.039196764272405e+19,27046896.182488002,187908158373510.5,11758017.776544303,2.0214774637199376e+19,8733507.665251086,8.68749339133501e-09,1,25,1,7.507040775468602e+17,3.7831045309509485e+17,2
551,260343055.67745566,1,0.0,7382895.596363493,6340124484,13.529225893195704,120.0,2,4.019717846745897e+19,26753526.076162577,187432204830011.38,11758017.776544303,2.011733245421249e+19,8733507.665251086,8.68749339133501e-09,1,25,1,7.489584185143854e+17,3.7743602032534246e+17,2
552,260343055.67745566,1,0.0,7375852.191701343,6324781428,11.10674851713722,120.0,2,4.0002860110908965e+19,26951017.8677283,187032688883578.62,11758017.776544303,2.002013332434284e+19,8730863.87236579,8.571078069508076e-09,1,25,1,7.471850414558561e+17,3.7655110836549805e+17,2
553,260343055.67745566,1,0.0,7385431.882556859,6309438372,13.530645823403221,120.0,2,3.980901257307398e+19,26656986.813181546,186767002570763.16,11758017.776544303,1.9923182986794066e+19,8730863.87671873,7.959897629916668e-09,1,25,1,7.454057064442806e+17,3.756543692636489e+17,2
554,260343055.67745566,1,0.0,7377660.367591735,6294095317,11.105384560757408,120.0,2,3.961563585395405e+19,26854478.60474727,186228692759001.94,11758017.776544303,1.9826440796252926e+19,8730863.87671873,7.959897629916668e-09,1,25,1,7.43667225174663e+17,3.7479298352874336e+17,2
555,260343055.67745566,1,0.0,7383150.341793559,6278752261,13.54817496500381,120.0,2,3.942272995354915e+19,26372252.114299957,185740771130689.16,11758017.776544303,1.9729939053887644e+19,8730863.87671873,7.959897629916668e-09,1,25,1,7.418621941058281e+17,3.738819180020557e+17,2
556,260343055.67745566,1,0.0,7380953.052097274,6263409205,11.105177112869525,120.0,2,3.92302948718593e+19,26757943.214033842,185481511409146.6,11758017.776544303,1.9633695587070562e+19,8730856.132183531,7.58154783397913e-09,1,25,1,7.401035226581567e+17,3.730092744182729e+17,2
557,260343055.67745566,1,0.0,7395137.44534996,6248066150,13.531193906884235,120.0,2,3.90383306088845e+19,26463916.031754687,185097716871340.88,11758017.776544303,1.9537675076129382e+19,8730856.132183531,7.58154783397913e-09,1,25,1,7.383464716372957e+17,3.7212710320484365e+17,2
558,260343055.67745566,1,0.0,7388318.856162881,6232723094,11.103767315924012,120.0,2,3.884683716462473e+19,26661411.695588015,184664244953020.4,11758017.776544303,1.9441885006807667e+19,8730856.132183531,7.58154783397913e-09,1,25,1,7.365857061878257e+17,3.71251149683956e+17,2
559,260343055.67745566,1,0.0,7402489.903788525,6217380038,13.547914741046906,120.0,2,3.865581453908002e+19,26179189.0774083,184150390043304.75,11758017.776544303,1.9346322308544344e+19,8730856.132183531,7.58154783397913e-09,1,25,1,7.347937453277336e+17,3.7034543765994234e+17,2
560,260343055.67745566,1,0.0,7417687.764804581,6202036982,13.532654184062263,120.0,2,3.846526273225034e+19,26165438.0209954,183836235210364.12,11758017.776544303,1.925101498964621e+19,8730856.132183531,7.58154783397913e-09,1,25,1,7.330238906307076e+17,3.6946932783285786e+17,2
561,260343055.67745566,1,0.0,7426342.520899918,6186693927,13.532841491609975,120.0,2,3.82751817441357e+19,26127699.534082256,183700824966147.25,11758017.776544303,1.9155960954564465e+19,8704663.053745082,4.554749466478825e-09,1,25,1,7.312682693135603e+17,3.685879108575138e+17,2
562,260343055.67745566,1,0.0,7406982.280096411,6171350871,11.101633355611224,120.0,2,3.808557157473611e+19,26338291.737134807,183154066744925.9,11758017.776544303,1.906110119404255e+19,8704663.053745082,4.554749466478825e-09,1,25,1,7.295405255258365e+17,3.677321642327496e+17,2
563,260343055.67745566,1,0.0,7415027.959065023,6156007815,13.549367294434195,120.0,2,3.789643222405156e+19,25869165.658174314,182737695644313.3,11758017.776544303,1.896648988159021e+19,8704663.053745082,4.554749466478825e-09,1,25,1,7.27726266183571e+17,3.668169685922362e+17,2
564,260343055.67745566,1,0.0,7401237.631642251,6140664760,11.102500370142277,120.0,2,3.770776369208206e+19,26272188.20852156,182487621325671.5,11758017.776544303,1.8872130608173597e+19,8704663.053745082,4.554749466478825e-09,1,25,1,7.259736384872964e+17,3.6594645371142016e+17,2
565,260343055.67745566,1,0.0,7415293.454172717,6125321704,13.5332847464801,120.0,2,3.7519565978827596e+19,25980086.11042332,182149746621394.03,11758017.776544303,1.8777997964075938e+19,8727005.963821702,3.92901711165905e-09,1,25,1,7.242086783803465e+17,3.6506028852426566e+17,2
566,260343055.67745566,1,0.0,7401980.869184044,6109978648,11.101719062488748,120.0,2,3.733183908428818e+19,26190678.313475866,181724777157146.7,11758017.776544303,1.8684092019859804e+19,8727005.963821702,3.92901711165905e-09,1,25,1,7.224524746681331e+17,3.6418616327964026e+17,2
567,260343055.67745566,1,0.0,7416026.516280802,6094635593,13.534571001598373,120.0,2,3.714458300846381e+19,25898576.21537763,181568993958468.53,11758017.776544303,1.859044840362775e+19,8727005.963821702,3.92901711165905e-09,1,25,1,7.206572668560602e+17,3.6327943445165056e+17,2
568,260343055.67745566,1,0.0,7406742.556335627,6079292537,11.100658055179967,120.0,2,3.695779775135447e+19,26109168.418430176,181022080122098.0,11758017.776544303,1.8497001083689443e+19,8727005.963821702,3.92901711165905e-09,1,25,1,7.189314777140968e+17,3.6242603879991846e+17,2
569,260479155.33099884,1,0.0,7415434.872852892,6063813382,13.549937761989847,120.0,2,3.6769832728636244e+19,25635790.9901246,180595066723637.7,11758017.776544303,1.8402975870990486e+19,8728058.682375137,5.231413524597883e-09,1,25,1,7.179583656478529e+17,3.619314870799219e+17,2
570,260479155.33099884,1,0.0,7411270.835663866,6048334226,11.100809574629537,120.0,2,3.6582346914417553e+19,26031124.738640107,180356131284383.7,11758017.776544303,1.8309209070337214e+19,8728058.682375137,5.231413524597883e-09,1,25,1,7.161863603368657e+17,3.610514166901528e+17,2
571,260479155.33099884,1,0.0,7425296.884815637,6032855071,13.534998328574126,120.0,2,3.6395340308698382e+19,25740357.018715933,180038304583293.0,11758017.776544303,1.821567398480752e+19,8728058.682375137,5.231413524597883e-09,1,25,1,7.144046903800892e+17,3.601560460328157e+17,2
572,260479155.33099884,1,0.0,7415255.14070187,6017375916,11.099823940830161,120.0,2,3.6208812911478727e+19,25952549.419578373,179643875853755.75,11758017.776544303,1.812237084332474e+19,8728058.682375137,5.231413524597883e-09,1,25,1,7.126295853651012e+17,3.5927338126384435e+17,2
573,260479155.33099884,1,0.0,7429258.895551806,6001896760,13.550027481648392,120.0,2,3.6022764722758603e+19,25478931.232941877,179175660774119.5,11758017.776544303,1.8029299927456713e+19,8727476.920493677,6.337359081953764e-09,1,25,1,7.108177591055764e+17,3.583575261898908e+17,2
574,260479155.33099884,1,0.0,7441778.314861382,5986417605,13.532223087730408,120.0,2,3.5837195742538002e+19,25474582.066979673,178914192443973.62,11758017.776544303,1.7936489290513398e+19,8727476.920493677,6.337359081953764e-09,1,25,1,7.090291644177029e+17,3.574720629385099e+17,2
575,260479155.33099884,1,0.0,7450217.006872568,5970938450,13.536843867262668,120.0,2,3.565210597081691e+19,25427829.023414668,178775922829811.3,11758017.776544303,1.7843930577691435e+19,8727476.920493677,6.337359081953764e-09,1,25,1,7.072577694058698e+17,3.565828204828166e+17,2
576,260479155.33099884,1,0.0,7431348.362373026,5955459294,11.098142263850818,120.0,2,3.5467495407595344e+19,25640312.30521784,178279071691378.06,11758017.776544303,1.775157561096681e+19,8727476.920493677,6.337359081953764e-09,1,25,1,7.055079040910881e+17,3.557154708052885e+17,2
577,260479155.33099884,1,0.0,7439778.170356246,5939980139,13.551733977692884,120.0,2,3.528336405287331e+19,25166694.11858134,177875771513899.44,11758017.776544303,1.7659469603588045e+19,8727476.920493677,6.337359081953764e-09,1,25,1,7.036792588702262e+17,3.547927214967803e+17,2
578,260479155.33099884,1,0.0,7426479.175752863,5924500984,11.098962295039989,120.0,2,3.5099711906650796e+19,25565237.182848103,177681882126680.16,11758017.776544303,1.7567624141538066e+19,8727724.698674936,6.904883775860071e-09,1,25,1,7.019050668330938e+17,3.5391175105880845e+17,2
579,260479155.33099884,1,0.0,7440459.384933774,5909021828,13.537443229293585,120.0,2,3.4916538968927797e+19,25274602.21659252,177345087790538.6,11758017.776544303,1.7476003993242952e+19,8727793.17503796,7.690687198191881e-09,1,25,1,7.001295822514556e+17,3.530212763742617e+17,2
580,260479155.33099884,1,0.0,7422181.413713719,5893542673,11.098604336131316,120.0,2,3.473384523970433e+19,25482689.303037576,176982847981941.47,11758017.776544303,1.7384620904650359e+19,8744882.400107913,8.680217433720827e-09,1,25,1,6.983481103487542e+17,3.521335566223904e+17,2
581,260479155.33099884,1,0.0,7435999.514929631,5878063518,13.538914146094216,120.0,2,3.4551630718980375e+19,25154748.131459333,176583586553508.06,11758017.776544303,1.7293473718145538e+19,8802405.585683279,9.771611075848341e-09,1,25,1,6.965429524560672e+17,3.512228583404345e+17,2
582,257339076.77194524,1,0.0,7429051.807046531,5865724441,11.097673759682896,120.0,2,3.4406723217763602e+19,25277431.698199473,175756740747367.5,11758017.776544303,1.7220937282956538e+19,8777873.721940672,8.978531695902348e-09,1,25,1,6.760515147921828e+17,3.4098070587054957e+17,2
583,257339076.77194524,1,0.0,7438909.926752419,5853385364,13.552672925933113,120.0,2,3.4262120222178e+19,24746314.453669704,175026665861460.06,11758017.776544303,1.7148562777675147e+19,8777873.721940672,8.978531695902348e-09,1,25,1,6.746307240350496e+17,3.4026231210283117e+17,2
584,254708754.66239178,1,0.0,7435401.379686647,5843676610,11.097789891480971,120.0,2,3.4148556317203616e+19,25027007.714502312,174474836781001.0,11758017.776544303,1.7091725642279907e+19,8728661.726640454,4.896719474345446e-09,1,25,1,6.576272108010125e+17,3.3176272664849126e+17,2
585,254708754.66239178,1,0.0,7451081.720697386,5833967855,13.539410933883229,120.0,2,3.403518093206341e+19,24642273.572782733,173837088151652.97,11758017.776544303,1.703497417484687e+19,8758215.65937879,5.362380761653185e-09,1,25,1,6.565726319910962e+17,3.312317376182058e+17,2
586,254708754.66239178,1,0.0,7447107.405509986,5824259100,11.096842977220321,120.0,2,3.3921994066757403e+19,24760630.60962627,173133191274187.94,11758017.776544303,1.697831035250612e+19,8758215.65937879,5.362380761653185e-09,1,25,1,6.555241787754424e+17,3.307124798186947e+17,2
587,254708754.66239178,1,0.0,7460230.340061446,5814550346,13.5526727827113,120.0,2,3.3808995721285583e+19,24220996.433656562,172385149798934.44,11758017.776544303,1.6921736375622685e+19,8758215.65937879,5.362380761653185e-09,1,25,1,6.54440444100315e+17,3.301619790486558e+17,2
588,254708754.66239178,1,0.0,7473425.04496605,5804841591,13.532018435465368,120.0,2,3.3696185895647953e+19,24116820.336943537,171813111577455.44,11758017.776544303,1.6865274258981722e+19,8758215.65937879,5.362380761653185e-09,1,25,1,6.533808276917252e+17,3.296402766397914e+17,2
589,254708754.66239178,1,0.0,7484462.250490386,5795132836,13.540423471760041,120.0,2,3.3583564589844513e+19,23965162.488821022,171417676777090.62,11758017.776544303,1.6808924062599965e+19,8663358.661509544,3.0631781555712223e-09,1,25,1,6.523309783911766e+17,3.29112455425907e+17,2
590,254708754.66239178,1,0.0,7477907.622010524,5785424082,11.095239755446654,120.0,2,3.3471131803875262e+19,24119198.903035678,170630420105065.44,11758017.776544303,1.6752628943948138e+19,8663358.661509544,3.0631781555712223e-09,1,25,1,6.513124691727167e+17,3.2861130557888314e+17,2
591,254708754.66239178,1,0.0,7485062.103451722,5775715327,13.553346604848423,120.0,2,3.33588875377402e+19,23567671.6012756,169989733500192.9,11758017.776544303,1.669644274222012e+19,8663358.661509544,3.0631781555712223e-09,1,25,1,6.502077993830949e+17,3.2805170574001466e+17,2
592,254708754.66239178,1,0.0,7477187.64053762,5766006572,11.095921317020977,120.0,2,3.3246831791439327e+19,23876608.049740385,169472925581103.75,11758017.776544303,1.6640363188277774e+19,8663358.661509544,3.0631781555712223e-09,1,25,1,6.491667588084442e+17,3.27536744438237e+17,2
593,254708754.66239178,1,0.0,7489959.333599508,5756297818,13.53959747061511,120.0,2,3.3134964564972646e+19,23479980.782230437,168966206855636.53,11758017.776544303,1.6584378903171887e+19,8663358.661509544,3.0631781555712223e-09,1,25,1,6.481037097643076e+17,3.270008603549032e+17,2
594,254708754.66239178,1,0.0,7478727.409695294,5746589063,11.095545616276773,120.0,2,3.302328585834015e+19,23634017.19644509,168321568556491.28,11758017.776544303,1.6528475086025724e+19,8663358.661509544,3.0631781555712223e-09,1,25,1,6.470628064931606e+17,3.264855744649289e+17,2
595,254708754.66239178,1,0.0,7489212.062202811,5736880308,13.553554690252225,120.0,2,3.291179567154184e+19,23082489.89468501,167680727189310.0,11758017.776544303,1.6472665908489853e+19,8663358.661509544,3.0631781555712223e-09,1,25,1,6.459724143878026e+17,3.259319942839795e+17,2
596,254708754.66239178,1,0.0,7483966.957015563,5727171554,11.095758215498712,120.0,2,3.2800494004577726e+19,23420005.07591998,167437221984054.78,11758017.776544303,1.6416990724487268e+19,8606201.195969181,5.3041731007397175e-09,1,25,1,6.449170982384104e+17,3.254110148139204e+17,2
597,254708754.66239178,1,0.0,7495788.136543436,5717462799,13.539417320955918,120.0,2,3.268938085744779e+19,23057941.88404675,166977251185837.78,11758017.776544303,1.6361388153842477e+19,8582259.824503029,5.3041731007397175e-09,1,25,1,6.438752142903282e+17,3.248886506061982e+17,2
598,254708754.66239178,1,0.0,7490681.181064169,5707754044,11.094973489834338,120.0,2,3.257845623015205e+19,23258513.0596312,166600134462701.72,11758017.776544303,1.6305888128522295e+19,8582259.824503029,5.3041731007397175e-09,1,25,1,6.428104646280859e+17,3.243583870768392e+17,2
599,254708754.66239178,1,0.0,7501566.429841082,5698045290,13.54035229018126,120.0,2,3.24677201226905e+19,22891103.275594104,166349589019567.22,11758017.776544303,1.6250495020247206e+19,8569011.6373646,6.410118658095598e-09,1,25,1,6.417368371908581e+17,3.2381392758060326e+17,2
