t,secure_bps,violations,k_min,k_mean,q_total,aos_mean,aos_max,rekey,q_sumsq,z_l1,z_sumsq,z_max,lyapunov,key_inflow,key_overflow,cg_iters,cg_columns,cg_converged,obj_lp,obj_greedy,key_blocked_edges
0,245000000.0,0,2109375.0,2425672.7430555555,0,0.8678816811621571,0.9476988686844755,0,0.0,571875.0,109013671875.0,190625.0,10901367187500.0,7200000.0,0.0,0,5,1,0.0,1.5601026095561776e+16,0
1,245000000.0,0,1796875.0,2351345.486111111,0,1.9288428524780747,2.1124243899047483,0,0.0,728125.0,192998046875.0,346875.0,19299804687500.0,7200000.0,0.0,0,5,1,0.0,1.5589178731719426e+16,0
2,245000000.0,0,1718750.0,2281358.5069444445,0,2.9941126922112806,3.1629597325192615,0,0.0,718750.0,130585937500.0,190625.0,13058593750000.0,7200000.0,0.0,0,5,1,0.0,1.5593434543936036e+16,0
3,245000000.0,0,1718750.0,2200520.8333333335,0,4.023049426344968,4.162959732519262,0,0.0,762500.0,145351562500.0,190625.0,14535156250000.0,7200000.0,0.0,0,5,1,0.0,1.5575474641472196e+16,0
4,245000000.0,0,1328125.0,2130563.4495606855,0,4.569152492048061,5.504749365183861,0,0.0,571875.0,109013671875.0,190625.0,10901367187500.0,7201065.434184681,3.610693966038525e-10,0,5,1,0.0,1.5588024905722352e+16,0
5,245000000.0,0,1328125.0,2088383.8435658154,0,5.450877690468488,6.504749365183861,0,0.0,571875.0,109013671875.0,190625.0,10901367187500.0,7201065.434184681,3.610693966038525e-10,0,5,1,0.0,1.5576849054957778e+16,0
6,245000000.0,0,1337500.0,2068426.459793168,0,6.335997165507949,7.494209936496078,0,0.0,571875.0,109013671875.0,190625.0,10901367187500.0,7201065.434184681,3.610693966038525e-10,0,5,1,0.0,1.558224963456472e+16,0
7,245000000.0,0,1337500.0,2051724.2843538532,0,7.054693212093885,8.494209936496077,0,0.0,571875.0,109013671875.0,190625.0,10901367187500.0,7201065.434184681,3.610693966038525e-10,0,5,1,0.0,1.5571256980522786e+16,0
8,245000000.0,0,1346875.0,2043997.2334852803,0,7.717057925765716,9.483817119540017,0,0.0,571875.0,109013671875.0,190625.0,10901367187500.0,7226513.668731372,4.6202330850064754e-10,0,5,1,0.0,1.5576906299280024e+16,0
9,245000000.0,0,1346875.0,2036270.1826167074,0,8.535812581306756,10.483817119540017,0,0.0,571875.0,109013671875.0,190625.0,10901367187500.0,7226513.668731372,4.6202330850064754e-10,0,5,1,0.0,1.5566073423760712e+16,0
10,245000000.0,0,1356250.0,2029847.5766826991,0,7.548599158661459,11.473567876220299,0,0.0,560134.9955889164,104675622896.84662,190625.0,10467562289684.662,7273473.686375706,5.566107574850321e-10,0,5,1,0.0,1.5578052166409908e+16,0
11,245000000.0,0,1356250.0,2023424.9707486911,0,8.187843398282142,12.473567876220299,0,0.0,560134.9955889164,104675622896.84662,190625.0,10467562289684.662,7273473.686375706,3.255991032347083e-10,0,5,1,0.0,1.5567843100888086e+16,0
12,245000000.0,0,1323270.0200988955,2006151.6703702386,0,7.186055701212015,13.463459251806457,0,0.0,737503.1612232304,136047217248.62846,190625.0,13604721724862.846,7273473.686375706,3.255991032347083e-10,0,5,1,0.0,1.5574682515424354e+16,0
13,245000000.0,0,1365625.0,2005284.7078168844,0,7.121764182906586,14.463459251806457,0,0.0,560134.9955889164,104675622896.84662,190625.0,10467562289684.662,7273476.8480792595,3.255991032347083e-10,0,5,1,0.0,1.5568525032582118e+16,0
14,245000000.0,0,1345901.8544645815,1993567.0508190861,0,5.895927178996729,15.453488372093023,0,0.0,737503.1612232304,136047217248.62846,190625.0,13604721724862.846,7273476.8480792595,3.255991032347083e-10,0,5,1,0.0,1.5576642505651024e+16,0
15,245000000.0,0,1375000.0,1998853.599888915,0,8.050679124643302,16.453488372093023,0,0.0,560134.9955889164,104675622896.84662,190625.0,10467562289684.662,7273476.8480792595,9.458744898438454e-11,0,5,1,0.0,1.5565365000088624e+16,0
16,245000000.0,0,1368533.6888302674,1998247.054002228,0,6.582572509470329,17.443652440674907,0,0.0,737503.1612232304,136047217248.62846,190625.0,13604721724862.846,7273476.8480792595,9.458744898438454e-11,0,5,1,0.0,1.5574424458441226e+16,0
17,245000000.0,0,1384375.0,2014046.7581155407,0,8.946930888864186,18.443652440674907,0,0.0,560134.9955889164,104675622896.84662,190625.0,10467562289684.662,7273476.8480792595,9.458744898438454e-11,0,5,1,0.0,1.5562252797107918e+16,0
18,245000000.0,0,1391165.5231959533,2026530.8655180612,0,7.220225275617975,19.433948736332677,0,0.0,737503.1612232304,136047217248.62846,190625.0,13604721724862.846,7273476.8480792595,9.458744898438454e-11,0,5,1,0.0,1.557234199745944e+16,0
19,245000000.0,0,1393750.0,2050858.8418189117,0,9.803103604382589,20.433948736332677,0,0.0,560134.9955889164,104675622896.84662,190625.0,10467562289684.662,7273476.8480792595,9.458744898438454e-11,0,5,1,0.0,1.5559188561888706e+16,0
20,245000000.0,0,1403125.0,2061363.4070433362,0,7.831715558268242,21.424374610522566,0,0.0,737503.1612232304,136047217248.62846,190625.0,13604721724862.846,7273476.8480792595,9.458744898438454e-11,0,5,1,0.0,1.5570293406122492e+16,0
21,245000000.0,0,1403125.0,2082718.6667122042,0,10.660163541742948,22.424374610522566,0,0.0,560134.9955889164,104675622896.84662,190625.0,10467562289684.662,7273476.8480792595,9.458744898438454e-11,0,5,1,0.0,1.5556122546532124e+16,0
22,245000000.0,0,1412500.0,2093223.2319366278,0,8.451570947671966,23.414927484966395,0,0.0,737503.1612232304,136047217248.62846,190625.0,13604721724862.846,7273476.8480792595,3.255991032347083e-10,0,5,1,0.0,1.5568232764451696e+16,0
23,245000000.0,0,1412500.0,2114578.491605496,0,11.524978946044701,24.414927484966395,0,0.0,560134.9955889164,104675622896.84662,190625.0,10467562289684.662,7273476.8480792595,3.255991032347083e-10,0,5,1,0.0,1.5553046282548036e+16,0
24,245000000.0,0,1421875.0,2125083.05682992,0,9.077704519502467,25.40560484933673,0,0.0,737503.1612232304,136047217248.62846,190625.0,13604721724862.846,7273476.8480792595,3.255991032347083e-10,0,5,1,0.0,1.5566162801160486e+16,0
25,245000000.0,0,1421875.0,2146454.6808308,0,12.395683351577382,26.40560484933673,0,0.0,560127.1475650357,104672815171.00356,190625.0,10467281517100.355,7274065.964031681,2.8248337002878543e-10,0,5,1,0.0,1.5549962039078006e+16,0
26,245000000.0,0,1431250.0,2156975.610387236,0,9.708687229403878,27.39640425903299,0,0.0,737495.3131993498,136044409522.78542,190625.0,13604440952278.541,7274065.964031681,2.8248337002878543e-10,0,5,1,0.0,1.556408544620373e+16,0
27,245000000.0,0,1328125.0,2167496.5399436713,0,5.518781077557882,28.39640425903299,0,0.0,907002.1475650357,224995080796.00357,346875.0,22499508079600.355,7274065.964031681,2.8248337002878543e-10,0,5,1,0.0,1.5562005571115882e+16,0
28,245000000.0,0,1440625.0,2179400.8393179844,0,7.485504418773141,29.387323333044307,0,0.0,870849.8823432897,152732650021.59076,190625.0,15273265002159.076,7301106.825743802,2.042668256763136e-10,0,5,1,0.0,1.5566205293601942e+16,0
29,245000000.0,0,1440625.0,2201523.5983664235,0,8.86759178691963,30.387323333044307,0,0.0,663252.1475650357,115307580796.00356,190625.0,11530758079600.355,7301106.825743802,2.042668256763136e-10,0,5,1,0.0,1.5548655779991054e+16,0
30,245000000.0,0,1450000.0,2212795.662970418,0,5.983809171336831,31.378359751895246,0,0.0,783349.8823432897,134685775021.59076,190625.0,13468577502159.076,7301106.825743802,2.042668256763136e-10,0,5,1,0.0,1.55664410799081e+16,0
31,245000000.0,0,1116510.4517314667,2223932.436858455,0,6.1655117228282945,32.378359751895246,0,0.0,966377.1475650357,269711877671.00357,406250.0,26971187767100.355,7301106.825743802,2.042668256763136e-10,0,5,1,0.0,1.5552510226777092e+16,0
32,245000000.0,0,1316510.4517314667,2235722.051805189,0,8.354909173781675,33.36951125567063,0,0.0,930224.8823432897,173699446896.59076,206250.0,17369944689659.076,7301106.825743802,2.042668256763136e-10,0,5,1,0.0,1.5562538094832792e+16,0
33,245000000.0,0,1459375.0,2258631.526914074,0,11.938190903910533,34.36951125567063,0,0.0,718408.5654550744,187204833236.8245,346875.0,18720483323682.45,7317981.154183647,4.225455541018164e-10,0,5,1,0.0,1.5542483250741544e+16,0
34,245000000.0,0,1468750.0,2274950.9486578833,0,6.597822892848732,35.360775642116,0,0.0,866631.3002333284,151241230587.4117,190625.0,15124123058741.172,7317981.154183647,4.225455541018164e-10,0,5,1,0.0,1.5566592989873016e+16,0
35,245000000.0,0,1468750.0,2290580.525137419,0,6.748240447461844,36.360775642116,0,0.0,902783.5654550744,223503661361.8245,346875.0,22350366136182.45,7317981.154183647,4.225455541018164e-10,0,5,1,0.0,1.555623940505764e+16,0
36,245000000.0,0,1478125.0,2302408.270891255,0,9.249182722826927,37.352150764810276,0,0.0,866631.3002333284,151241230587.4117,190625.0,15124123058741.172,7317981.154183647,4.225455541018164e-10,0,5,1,0.0,1.555882151617365e+16,0
37,245000000.0,0,1478125.0,2329373.0888464497,0,10.946084512008154,38.352150764810276,0,0.0,659033.5654550744,113816161361.8245,190625.0,11381616136182.45,7318630.432682561,4.489493221626617e-10,0,5,1,0.0,1.5538883080012192e+16,0
38,245000000.0,0,1487500.0,2345286.502822345,0,7.22408429837849,39.34363453140746,0,0.0,779131.3002333284,133194355587.4117,190625.0,13319435558741.17,7318630.432682561,6.817799658165313e-10,0,5,1,0.0,1.5560667811588414e+16,0
39,245000000.0,0,1487500.0,2360370.360006892,0,7.363907002903789,40.34363453140746,0,0.0,962158.5654550744,268220458236.8245,406250.0,26822045823682.45,7318630.432682561,4.489493221626617e-10,0,5,1,0.0,1.554689546967811e+16,0
40,245000000.0,0,1406250.0,2370983.981209489,0,10.141185450683938,41.33522490194442,0,0.0,926006.3002333284,172208027462.4117,206250.0,17220802746241.172,7318630.432682561,4.489493221626617e-10,0,5,1,0.0,1.5555112449088792e+16,0
41,245000000.0,0,1454449.279476402,2398001.8172446196,0,11.998760361356574,42.33522490194442,0,0.0,718408.5654550744,129587645736.8245,190625.0,12958764573682.45,7318630.432682561,4.489493221626617e-10,0,5,1,0.0,1.5532123951670544e+16,0
42,245000000.0,0,1454449.279476402,2413356.213314301,0,4.3572956112323835,43.32691988721181,0,0.0,838506.3002333284,143770527462.4117,190625.0,14377052746241.172,7341942.667391148,9.246150511899032e-10,0,5,1,0.0,1.5566402089036036e+16,0
43,245000000.0,0,1454449.279476402,2428593.21861948,0,4.40990849629393,44.32691988721181,0,0.0,1021533.5654550744,319988036361.8245,465625.0,31998803636182.453,7341942.667391148,9.246150511899032e-10,0,5,1,0.0,1.5548264627821676e+16,0
44,245000000.0,0,1298199.279476402,2426355.6350745293,0,3.6947531829020286,45.318717547185365,0,0.0,1297881.3002333285,359826460205.61615,333486.36738912703,35982646020561.62,7341942.667391148,3.0615865398431197e-10,0,5,1,0.0,1.5563767890779486e+16,0
45,245000000.0,0,1498199.279476402,2457775.717492972,0,8.95933207032006,46.318717547185365,0,0.0,1017979.0350115824,181256843159.56018,221875.0,18125684315956.02,7341942.667391148,3.0615865398431197e-10,0,5,1,0.0,1.5536625411572182e+16,0
46,245000000.0,0,1525000.0,2484410.758517141,0,9.134969200354671,47.31061598951507,0,0.0,734033.5654550744,134909911361.8245,190625.0,13490991136182.45,7341942.667391148,4.589537638821639e-10,0,5,1,0.0,1.5545301794330806e+16,0
47,245000000.0,0,1525000.0,2499178.7338896976,0,4.711556963820942,48.31061598951507,0,0.0,1080908.5654550744,378806395736.8245,525000.0,37880639573682.45,7341942.667391148,8.445795174338855e-10,0,5,1,0.0,1.553986572856186e+16,0
48,245000000.0,0,1373505.180423174,2496523.8253122116,0,3.890706332628331,49.30261336806969,0,0.0,1357256.3002333285,394894819580.61615,333486.36738912703,39489481958061.62,7341942.667391148,7.645439836778678e-10,0,5,1,0.0,1.5561957272899308e+16,0
49,245000000.0,0,1417255.180423174,2523200.2157547586,0,13.02836417393158,50.30261336806969,0,0.0,1077354.0350115825,231637702534.56018,346875.0,23163770253456.02,7341942.667391148,9.246150511899032e-10,0,5,1,0.0,1.5531942136002254e+16,0
50,245000000.0,0,1543750.0,2543273.598027782,0,4.952011854777687,51.29470788153423,0,0.0,1188076.7697898364,271832469860.18967,297334.10216738103,27183246986018.965,7341942.667391148,7.645439836778678e-10,0,5,1,0.0,1.5545014654431836e+16,0
51,245000000.0,0,1543750.0,2560493.8918317044,0,5.008320192805267,52.29470788153423,0,0.0,1151924.5045680904,300566095079.9497,428125.0,30056609507994.97,7341942.667391148,9.246150511899032e-10,0,5,1,0.0,1.5548566132340568e+16,0
52,245000000.0,0,1553125.0,2570640.7936550137,0,8.78452346410715,53.28689777205823,0,0.0,1115772.2393463445,255316424637.41708,261181.83694563503,25531642463741.707,7341942.667391148,7.645439836778678e-10,0,5,1,0.0,1.5543955582727812e+16,0
53,245000000.0,0,1553125.276107318,2590454.5423101517,0,0.7609378204017808,1.2868975434267969,0,0.0,1226494.6980172803,438374671232.15436,575000.0,43837467123215.44,7341943.771820421,1.1100703689592706e-09,0,5,1,0.0,1.5557992192838304e+16,0
54,245000000.0,0,1562500.552214636,2591127.970891714,0,0.8643820593741777,1.2791808721570836,0,0.0,1502842.4327955344,498216623473.8903,381279.5717238891,49821662347389.03,7341943.771820421,9.499993014472352e-10,0,5,1,0.0,1.5575577651252478e+16,0
55,245000000.0,0,1562500.828321954,2617293.131915857,0,9.870813856273385,55.56872711761988,0,0.0,1222940.1675737884,274165400343.48666,346875.0,27416540034348.668,7341943.771820421,1.1879458527985776e-09,0,5,1,0.0,1.5552422250135636e+16,0
56,245000000.0,0,1571876.104429272,2647723.021218156,0,5.815340190008888,56.87603346811131,0,0.0,834033.2893477563,141980118595.98572,190625.0,14198011859598.572,7341943.771820421,1.0278747852865422e-09,0,5,1,0.0,1.5564848995798746e+16,0
57,245000000.0,0,1571876.38053659,2667229.1848930386,0,0.7273804754566923,1.2715557463693974,0,0.0,1034033.2893477563,331784806095.9857,478125.0,33178480609598.57,7341943.771820421,1.0278747852865422e-09,0,5,1,0.0,1.5568688235895192e+16,0
58,245000000.0,0,1581251.656643908,2664651.427774904,0,0.8224232471497865,1.2640214289566125,0,0.0,1310381.0241260102,366623229939.77734,333486.36738912703,36662322993977.734,7341943.771820421,1.0278747852865422e-09,0,5,1,0.0,1.5586188891185536e+16,0
59,245000000.0,0,1581251.932751226,2683456.7153410944,0,0.7308921952566897,1.2640212083813935,0,0.0,1421103.7589042643,522653222268.72144,625000.0,52265322226872.14,7341943.771820421,1.0478836687255466e-09,0,5,1,0.0,1.5552612643011218e+16,0
60,245000000.0,0,1590627.208858544,2694242.4945689975,0,5.316472317447995,60.45867614597368,0,0.0,1384951.4936825184,424283536469.3509,425000.0,42428353646935.086,7341943.771820421,1.0478836687255466e-09,0,5,1,0.0,1.556294672408733e+16,0
61,245000000.0,0,1590627.484965862,2718391.819742582,0,10.817406375486426,61.49831817615547,0,0.0,1105049.2284607724,251884349189.11096,346875.0,25188434918911.098,7341943.771820421,1.0478836687255466e-09,0,5,1,0.0,1.554835917511849e+16,0
62,245000000.0,0,1600002.76107318,2735933.2981554414,0,0.7142842592547426,1.2492170835853933,0,0.0,1215771.9632390263,257699131871.57828,261181.83694563503,25769913187157.83,7341943.771820421,1.0478836687255466e-09,0,5,1,0.0,1.5572756647527338e+16,0
63,245000000.0,0,1600003.037180498,2753380.5941440416,0,0.703389255564102,1.2492168681467146,0,0.0,1179619.6980172803,386665686857.15436,528125.0,38666568685715.44,7341943.771820421,1.5135449560332859e-09,0,5,1,0.0,1.5563293248268622e+16,0
64,245000000.0,0,1609378.313287816,2747861.652873099,0,0.9424745713405807,1.7671573310163167,0,0.0,1454972.0947818146,464499130344.5879,380781.9027170292,46449913034458.79,7343934.44784786,9.496582409340704e-10,0,5,1,0.0,1.5575430583457694e+16,0
65,245000000.0,0,1609378.589395134,2776064.112322647,0,6.563336727686169,65.45219455670802,0,0.0,1173569.9173164447,239471992430.47208,283870.4257700958,23947199243047.207,7345952.744767477,2.043211932978295e-09,0,5,1,0.0,1.554750750135088e+16,0
66,245000000.0,0,1618753.865502452,2789191.1613631384,0,0.7077310508092279,1.2347555036577083,0,0.0,1292167.7398510748,360428219715.6866,343634.2994815635,36042821971568.66,7345952.744767477,1.3682531774250606e-09,0,5,1,0.0,1.555796535584295e+16,0
67,245000000.0,0,1618754.14160977,2800820.057363837,0,0.6906721591126782,1.2347552931782153,0,0.0,1400885.9881558008,480038179236.3024,585986.2773102873,48003817923630.24,7345952.744767477,1.3682531774250606e-09,0,5,1,0.0,1.555695281544393e+16,0
68,245000000.0,0,1628129.417717088,2808029.1780667114,0,5.894559442567312,68.41096242262348,0,0.0,1363738.384920335,403307733207.434,385481.70308038313,40330773320743.4,7345952.744767477,1.1589557091795655e-09,0,5,1,0.0,1.5559938678425408e+16,0
69,245000000.0,0,1628129.693824406,2836728.958646396,0,6.913813244013516,69.42771599657827,0,0.0,1077501.053583579,235883125148.50644,341227.1288504789,23588312514850.645,7407124.620161794,7.085284581265228e-10,0,5,1,0.0,1.5543754274520514e+16,0
70,245000000.0,0,1637504.969931724,2849675.3799331877,0,0.6923817993180218,1.2206249213167413,0,0.0,1182628.2818724362,289906358938.1609,288337.1142461881,28990635893816.09,7493103.399720198,1.3286901578979382e-09,0,5,1,0.0,1.5568211147071676e+16,0
71,245000000.0,0,1637505.246039042,2858233.6960389344,0,0.6804265085229012,1.2206247156271506,0,0.0,1269240.4955570027,496392965401.0336,626072.0996418972,49639296540103.36,7493103.399720198,1.3286901578979382e-09,0,5,1,0.0,1.5551658125812722e+16,0
72,245000000.0,0,1646880.52214636,2853625.9081706884,0,0.8101265068883847,1.2136802232451933,0,0.0,1539757.738450151,527610980056.22565,416932.0850376064,52761098005622.56,7493103.399720198,1.3286901578979382e-09,0,5,1,0.0,1.5575703855066042e+16,0
73,245000000.0,0,1646880.798253678,2878948.595426235,0,7.262364093119394,73.39328466435612,0,0.0,1244884.9667390082,288499168915.8151,364042.0704333156,28849916891581.51,7493103.399720198,1.3286901578979382e-09,0,5,1,0.0,1.5540817502286698e+16,0
74,245000000.0,0,1656256.074360996,2891521.479274719,0,0.6863878861369553,1.2068141012976277,0,0.0,1350012.1950278655,390511888020.2695,336788.42492554226,39051188802026.945,7493103.399720198,1.3286901578979382e-09,0,5,1,0.0,1.5556213815025204e+16,0
75,245000000.0,0,1656256.350468314,2898453.0733695272,0,0.669388115233896,1.2068139002362743,0,0.0,1436624.408712432,549867643868.4453,648887.0412247339,54986764386844.53,7493103.399720198,1.3286901578979382e-09,0,5,1,0.0,1.5549198475726054e+16,0
76,245000000.0,0,1665631.626575632,2908234.4857195923,0,6.482892199255076,76.36172088712047,0,0.0,1353423.646749669,410588469890.3036,439747.0266204431,41058846989030.36,7575539.40943202,1.699763996221293e-09,0,5,1,0.0,1.5559869458360238e+16,0
77,245000000.0,0,1665631.90268295,2935502.9772395277,0,7.6131689088201675,77.37463707033811,0,0.0,1017332.8701826152,255619799376.81735,386857.01201615226,25561979937681.734,7588832.748538014,1.7043114697301576e-09,0,5,1,0.0,1.5538142541024418e+16,0
78,245000000.0,0,1628859.4798568934,2927987.1523305634,0,0.8082557307913754,1.2270996516678887,0,0.0,1237492.0936155615,339586165910.09,347245.9034279719,33958616591009.004,7588832.748538014,1.7043114697301576e-09,0,5,1,0.0,1.5578113615960098e+16,0
79,245000000.0,0,1638237.129144918,2942257.2956135063,0,0.6442227843127151,1.1933121145467769,0,0.0,1282886.3024442168,389817698034.72217,515451.9828075706,38981769803472.22,7589088.493376616,1.6406468406060526e-09,0,5,1,0.0,1.5563863928675914e+16,0
80,245000000.0,0,1491364.7784329425,2939093.9612457473,0,0.8297770291170837,1.3401549198313967,0,0.0,1512185.5404814538,513966433589.07263,420295.14146520884,51396643358907.266,7589088.493376616,1.6406468406060526e-09,0,5,1,0.0,1.5562073719624114e+16,0
81,245000000.0,0,1503149.2649655307,2958911.0524033043,0,0.6494056409038148,1.186673884547377,0,0.0,1557579.749310109,581834785130.5212,644046.9535989889,58183478513052.125,7589088.493376616,1.6406468406060526e-09,0,5,1,0.0,1.5549786060504434e+16,0
82,245000000.0,0,1512526.9142535552,2969070.7889908063,0,6.9268061155501846,82.32350681386227,0,0.0,1474378.987347346,483252686816.0018,434906.9389946981,48325268681600.18,7589088.493376616,1.6406468406060526e-09,0,5,1,0.0,1.554888656460922e+16,0
83,245000000.0,0,1521904.5635415798,2988621.176030037,0,0.6572143752240832,1.205103800947327,0,0.0,1519773.1961760013,716828408387.6304,772641.9243904073,71682840838763.03,7589088.493376616,1.6406468406060526e-09,0,5,1,0.0,1.5535702445281796e+16,0
84,245000000.0,0,1375032.2128296043,2983730.895197508,0,0.8355968297136179,1.4534543460194869,0,0.0,1749072.4342132385,720813376195.6616,563501.9097861164,72081337619566.16,7589088.493376616,1.6406468406060526e-09,0,5,1,0.0,1.5564290987346388e+16,0
85,245000000.0,0,1584409.8621176288,3017767.2600204544,0,14.70434136445004,85.3369536544418,0,0.0,1412981.6576461848,372755794404.9041,354361.8951818256,37275579440490.414,7589088.493376616,1.6406468406060526e-09,0,5,1,0.0,1.5531883492664908e+16,0
86,245000000.0,0,1593787.5114056533,3037134.3273582673,0,0.6507669275766478,1.167195239440325,0,0.0,1467515.8810791308,393084221875.5225,326942.8555769199,39308422187552.25,7589088.493376616,1.6406468406060526e-09,0,5,1,0.0,1.5554937078287684e+16,0
87,245000000.0,0,1603165.1606936778,3057589.250734535,0,0.6298116027201638,1.1671950513636808,0,0.0,1347028.9441414864,518298471196.8956,639206.865973244,51829847119689.56,7665113.076441815,1.4223681121805498e-09,0,5,1,0.0,1.5550379821048404e+16,0
88,245000000.0,0,1456292.8099817024,3055511.2418678342,0,0.8110921364195153,1.3724077867543392,0,0.0,1576328.1821787234,565510307668.2098,430066.8513689531,56551030766820.984,7665113.076441815,1.4223681121805498e-09,0,5,1,0.0,1.5566589302300534e+16,0
89,245000000.0,0,1663448.1632353393,3080718.0825858214,0,0.6376380488842922,1.2015994515037454,0,0.0,1621722.3910073787,736211580763.2534,767801.8367646623,73621158076325.34,7665113.076441815,1.4223681121805498e-09,0,5,1,0.0,1.5536297701498186e+16,0
90,245000000.0,0,1518798.1085577514,3070019.840123999,0,0.8045437259606225,1.3159642644232183,0,0.0,1851021.6290446157,820204695554.7262,558661.8221603715,82020469555472.62,7665113.076441815,1.4223681121805498e-09,0,5,1,0.0,1.5550624761805646e+16,0
91,245000000.0,0,1679687.5,3102769.7336148946,0,15.682413319404022,91.33396456093023,0,0.0,1514930.852477562,414566511128.0425,349521.80755608063,41456651112804.25,7665113.076441815,1.4223681121805498e-09,0,5,1,0.0,1.5527747511626416e+16,0
92,245000000.0,0,1679687.5,3125359.977103512,0,0.6404373653946727,1.1483455493206687,0,0.0,1569465.0759105082,474079486879.23773,389840.56968863093,47407948687923.77,7665113.076441815,1.4223681121805498e-09,0,5,1,0.0,1.55452898897213e+16,0
93,245000000.0,0,1679687.5,3137803.9962014183,0,0.6133497386218417,1.1483453672696824,0,0.0,1467984.2847391635,542697226455.88,634366.778347499,54269722645588.0,7665113.076441815,1.4223681121805498e-09,0,5,1,0.0,1.5550967288836762e+16,0
94,245000000.0,0,1679687.5,3132268.773456011,0,0.7675668493537422,1.156333811669588,0,0.0,1697283.5227764004,669917209910.6357,462889.80772586796,66991720991063.58,7665113.076441815,1.4223681121805498e-09,0,5,1,0.0,1.5552957614947048e+16,0
95,245000000.0,0,1668288.250861085,3158372.6033134037,0,0.6217226373226725,1.1981154237252438,0,0.0,1742105.9798989594,777566372356.0779,762961.7491389173,77756637235607.78,7667400.083266201,1.4223681121805498e-09,0,5,1,0.0,1.553688346727562e+16,0
96,245000000.0,0,1679687.5,3157872.4955686033,0,7.963284550105394,96.31652821622403,0,0.0,1658897.633787715,655431500314.8867,553821.7345346265,65543150031488.67,7667430.406672912,1.6697506710627863e-09,0,5,1,0.0,1.5539554237488362e+16,0
97,245000000.0,0,1679687.5,3182609.452685626,0,9.377145122705622,97.33738606991318,0,0.0,1315560.9260342796,386383151245.11914,500931.71993033565,38638315124511.914,7681922.2558584595,1.6915785439053366e-09,0,5,1,0.0,1.5524742554868016e+16,0
98,245000000.0,0,1679687.5,3180421.5577539066,0,0.7462280510882955,1.1300950115750101,0,0.0,1528474.2182808444,542454714631.3115,445492.3493171566,54245471463131.16,7681922.2558584595,1.6915785439053366e-09,0,5,1,0.0,1.5556041913694988e+16,0
99,245000000.0,0,1679687.5,3204515.8256523814,0,0.5987122168574008,1.1300948352646754,0,0.0,1566622.495923118,573640439022.0968,629526.690721754,57364043902209.68,7681922.2558584595,1.6915785439053366e-09,0,5,1,0.0,1.5551547661081296e+16,0
100,245000000.0,0,1679687.5,3204162.9174877917,0,8.261008920907276,100.32406102806877,0,0.0,1476175.8027739734,489225242118.6285,420386.67611746315,48922524211862.85,7681922.2558584595,1.6915785439053366e-09,0,5,1,0.0,1.5542075459977722e+16,0
101,245000000.0,0,1673128.3384868307,3223500.9588433933,0,0.6081140498492156,1.1946515413553718,0,0.0,1514324.0804162472,694295695299.8167,758121.6615131723,69429569529981.664,7681922.2558584595,1.6915785439053366e-09,0,5,1,0.0,1.5537461125239928e+16,0
102,245000000.0,0,1679687.5,3215612.9367702124,0,0.7284060543850572,1.1182468896799114,0,0.0,1736377.3872671027,715993996724.8911,548981.6469088815,71599399672489.11,7681922.2558584595,1.6915785439053366e-09,0,5,1,0.0,1.5561494604776434e+16,0
103,245000000.0,0,1544533.3676954126,3239062.9385919,0,0.6190758506312987,1.2940516470260717,0,0.0,1774525.6649093763,944614274587.3745,886716.6323045907,94461427458737.45,7681922.2558584595,1.6915785439053366e-09,0,5,1,0.0,1.552337144007308e+16,0
104,245000000.0,0,1679687.5,3228908.165119177,0,0.7253574521495756,1.1008271718365599,0,0.0,1947625.2500083442,957523922723.2903,677576.6177002998,95752392272329.03,7817682.222905617,1.760781742632389e-09,0,5,1,0.0,1.5547110000291762e+16,0
105,245000000.0,0,1679687.5,3264816.134886607,0,17.980600360797535,105.34335930957704,0,0.0,1574261.0822747126,486672022147.73444,468436.603096009,48667202214773.445,7817682.222905617,1.5570549294352531e-09,0,5,1,0.0,1.5518059353033382e+16,0
106,245000000.0,0,1679687.5,3284996.17839616,0,0.6117580530765242,1.072936222067323,0,0.0,1591521.914541081,494412111145.0545,415546.58849171817,49441211114505.45,7817682.222905617,1.9936123862862587e-09,0,5,1,0.0,1.5544812326061344e+16,0
107,245000000.0,0,1677968.4261125764,3298674.474270578,0,0.5912821906126599,1.191207630170109,0,0.0,1452767.7322031583,672182338605.6055,753281.5738874273,67218233860560.55,7817682.222905617,1.5279510989785194e-09,0,5,1,0.0,1.5538053299940032e+16,0
108,245000000.0,0,1679687.5,3293957.294006566,0,0.6956784558353429,1.046423659096596,0,0.0,1644793.5790738175,649063550597.8864,544141.5592831365,64906355059788.63,7817682.222905617,1.5279510989785194e-09,0,5,1,0.0,1.5565745937172624e+16,0
109,245000000.0,0,1549373.4553211583,3321493.2412784123,0,0.6006128102497296,1.2900117666073572,0,0.0,1652914.396735895,898698074771.6821,881876.5446788457,89869807477168.22,7817682.222905617,2.0227162167429924e-09,0,5,1,0.0,1.5523970240420298e+16,0
110,245000000.0,0,1679687.5,3311167.2585849925,0,0.6901715789261131,1.0211897659554101,0,0.0,1844940.2436065543,863480233578.6611,672736.5300745548,86348023357866.11,7817682.222905617,1.5279510989785194e-09,0,5,1,0.0,1.5557939618041834e+16,0
111,245000000.0,0,1679687.5,3350780.0880984804,0,10.620659031818219,111.34280756191558,0,0.0,1471576.0758729225,529964898705.4773,619846.515470264,52996489870547.73,7817682.222905617,1.5279510989785194e-09,0,5,1,0.0,1.5514129384379768e+16,0
112,245000000.0,0,1679687.5,3347870.151693422,0,0.6823455630539741,0.9971442176576512,0,0.0,1654461.9081392908,642637550035.8372,458491.92736226134,64263755003583.72,7817682.222905617,1.5279510989785194e-09,0,5,1,0.0,1.5550139534674764e+16,0
113,245000000.0,0,1679687.5,3370946.483175938,0,0.5749325588437473,1.1877835179486549,0,0.0,1662582.7258013682,729000679045.725,748441.4862616824,72900067904572.5,7817682.222905617,1.5279510989785194e-09,0,5,1,0.0,1.55386441060626e+16,0
114,245000000.0,0,1679687.5,3365367.579317153,0,0.6730735704067772,0.9756871057466616,0,0.0,1854608.5726720276,832975367891.702,539301.4716573915,83297536789170.2,7817682.222905617,1.5279510989785194e-09,0,5,1,0.0,1.5542343361209952e+16,0
115,245000000.0,0,1554213.542946904,3393877.7568062814,0,0.5855928633215309,1.285997031771142,0,0.0,1862729.390334105,969630527989.8348,877036.4570531007,96963052798983.48,7817682.222905617,1.9936123862862587e-09,0,5,1,0.0,1.5524557320694226e+16,0
116,245000000.0,0,1679687.5,3388634.277522215,0,0.6648283915021342,0.9930182697394443,0,0.0,2054755.237204764,1061506163650.5098,667896.4424488099,106150616365050.97,7817682.222905617,2.3283064365386963e-09,0,5,1,0.0,1.5534544204463288e+16,0
117,245000000.0,0,1679687.5,3427881.418643942,0,11.153045198647613,117.35438673957867,0,0.0,1681391.0694711325,618792783159.2761,615006.427844519,61879278315927.61,7817682.222905617,2.3283064365386963e-09,0,5,1,0.0,1.5511324522132206e+16,0
118,245000000.0,0,1679687.5,3439029.043131461,0,0.5950896926720769,1.0694423190726348,0,0.0,1708026.901737501,704997185497.0043,562116.4132402282,70499718549700.42,7817682.222905617,2.3283064365386963e-09,0,5,1,0.0,1.5531177515908236e+16,0
119,245000000.0,0,1531398.6013640678,3443029.896672052,0,0.5804025870149035,1.3051434517231326,0,0.0,1716147.7193995782,943641618720.3071,899851.3986359374,94364161872030.72,7817682.222905617,2.3283064365386963e-09,0,5,1,0.0,1.5522087066626042e+16,0
120,245000000.0,0,1679687.5,3438041.237169496,0,0.6400449492840488,0.9529436695553728,0,0.0,1908173.5662702373,927275140209.0585,690711.3840316465,92727514020905.84,7817682.222905617,2.1973391994833946e-09,0,5,1,0.0,1.5553164406982836e+16,0
121,245000000.0,0,1679687.5,3468515.885584799,0,11.51093984783778,121.37367407317458,0,0.0,1534809.3985366058,568726859731.4039,637821.3694273557,56872685973140.39,7817682.222905617,2.1973391994833946e-09,0,5,1,0.0,1.5508631166464866e+16,0
122,245000000.0,0,1679687.5,3459183.1381978053,0,0.6402865726291715,0.9694694231421593,0,0.0,1708942.4015818331,697321791129.9556,481121.1617155571,69732179112995.555,7852693.5397901805,1.775333657860756e-09,0,5,1,0.0,1.5545341171790236e+16,0
123,245000000.0,0,1664833.6597812315,3481695.899730068,0,0.5557645091666777,1.2006000648724156,0,0.0,1717063.2192439106,772694829189.3503,766416.340218774,77269482918935.03,7852693.5397901805,1.775333657860756e-09,0,5,1,0.0,1.5536755353918574e+16,0
124,245000000.0,0,1679687.5,3472055.645386978,0,0.637738613811095,0.9865784644404562,0,0.0,1909089.0661145698,895520880717.1,557276.3256144832,89552088071710.0,7852693.5397901805,2.1100277081131935e-09,0,5,1,0.0,1.5537526354294886e+16,0
125,245000000.0,0,1536238.6889898134,3495980.8714732165,0,0.5678648275911661,1.3010341297838965,0,0.0,1917209.8837766473,1021185949864.7397,895011.3110101924,102118594986473.97,7852693.5397901805,2.1100277081131935e-09,0,5,1,0.0,1.5522663391850842e+16,0
126,245000000.0,0,1679687.5,3487105.3513330575,0,0.6345721516122503,1.0043022295339197,0,0.0,2104818.5024179025,1125873160007.9736,681454.0681764975,112587316000797.36,7870362.452707797,2.219167072325945e-09,0,5,1,0.0,1.552971313494587e+16,0
127,245000000.0,0,1416478.1746572033,3517241.413256483,0,0.5806998870237688,1.4109564688596854,0,0.0,2096350.6600855193,1285933467573.0542,1014771.8253428026,128593346757305.42,7901379.266850407,1.2878444977104664e-09,0,5,1,0.0,1.5509056257218472e+16,0
128,245000000.0,0,1630035.4174908982,3524038.0738836173,0,10.363401553738525,128.36720371366204,0,0.0,1975876.5069561785,1063790377528.7285,801214.5825091077,106379037752872.84,7901379.266850407,1.2878444977104664e-09,0,5,1,0.0,1.552228040953436e+16,0
129,245000000.0,0,1679687.5,3549467.2846139967,0,21.937242140347237,129.40818883874994,0,0.0,1598095.1109931427,576327375481.227,587657.3396754127,57632737548122.7,7901379.266850407,1.2878444977104664e-09,0,5,1,0.0,1.550142459426725e+16,0
130,245000000.0,0,1679687.5,3557421.074466066,0,0.6122830304619724,0.9633304845817416,0,0.0,1767188.7150301067,647777639192.7632,467974.5491981937,64777763919276.32,7901379.266850407,1.7535057850182056e-09,0,5,1,0.0,1.55483274502421e+16,0
131,245000000.0,0,1679687.5,3580327.416470058,0,0.5335256276919272,1.1595331201632741,0,0.0,1619600.076233376,670295882510.2034,707417.8540080228,67029588251020.336,7901379.266850407,1.7535057850182056e-09,0,5,1,0.0,1.5542805648063738e+16,0
132,245000000.0,0,1679687.5,3578860.9904926326,0,0.6133269492584689,0.9802216462988578,0,0.0,1811625.9231040352,799681360064.8081,503750.39606885286,79968136006480.81,7901379.266850407,1.2332748156040907e-09,0,5,1,0.0,1.5540501825596652e+16,0
133,245000000.0,0,1604071.6316593727,3609336.6233547954,0,0.5431694568552405,1.2460503073824425,0,0.0,1810912.2843071718,887038470999.8823,827178.3683406329,88703847099988.23,7901379.266850672,1.3496901374310255e-09,0,5,1,0.0,1.5529687121022248e+16,0
134,245000000.0,0,1679687.5,3600735.036142577,0,0.6111133986434837,0.9977157232525451,0,0.0,2002938.1311776987,1006962153025.2413,613621.125506938,100696215302524.14,7901379.266850672,1.3496901374310255e-09,0,5,1,0.0,1.5532685330409714e+16,0
135,245000000.0,0,1484311.1173267625,3631545.4203674346,0,0.5552451882254393,1.3465192421097376,0,0.0,2002224.4923808356,1137585865953.141,946938.8826732431,113758586595314.11,7901379.266850672,1.3496901374310255e-09,0,5,1,0.0,1.551656358215746e+16,0
136,245000000.0,0,1679687.5,3623101.5741540203,0,0.6093174631343212,1.0158455828267918,0,0.0,2194250.3392513623,1248047752449.3108,733381.6398395482,124804775244931.08,7901379.266850672,1.3496901374310255e-09,0,5,1,0.0,1.552486740950542e+16,0
137,245000000.0,0,1364550.6029941523,3653748.6634394154,0,0.5700045684468933,1.4646106820316527,0,0.0,2193536.598260353,1421938002016.3716,1066699.3970058532,142193800201637.16,7901379.471238964,2.106389729306102e-09,0,5,1,0.0,1.5503434746554542e+16,0
138,245000000.0,0,1578107.8458278473,3645461.8172994647,0,0.6079581196514297,1.0346464709022583,0,0.0,2385562.3429367337,1522937908542.6855,853142.1541721583,152293790854268.56,7902070.355546371,1.8953869584947824e-09,0,5,1,0.0,1.5517048027413756e+16,0
139,245000000.0,0,1635415.0886615422,3685472.8883005045,0,13.124280214494958,139.39655283467994,0,0.0,2007780.8447794195,970745842142.0316,795834.9113384634,97074584214203.16,7902070.355546371,2.0991137716919184e-09,0,5,1,0.0,1.5494656805300926e+16,0
140,245000000.0,0,1679687.5,3695799.52576017,0,0.571117416233503,1.180831097759913,0,0.0,2029999.3466221052,1075060994637.804,738527.6685047685,107506099463780.39,7902070.355546371,1.8953869584947824e-09,0,5,1,0.0,1.5512978100988612e+16,0
141,245000000.0,0,1359404.574328932,3704342.229650952,0,0.5642382777608237,1.470150893153657,0,0.0,2029285.6056310958,1338960461108.521,1071845.4256710736,133896046110852.1,7902070.355546371,1.8953869584947824e-09,0,5,1,0.0,1.550289846558649e+16,0
142,245000000.0,0,1572961.817162627,3701070.5330259744,0,0.5888875137861307,0.9912148959159047,0,0.0,2221311.3503074767,1339063123645.0718,858288.1828373787,133906312364507.17,7902070.355546371,1.8953869584947824e-09,0,5,1,0.0,1.5535650592952794e+16,0
143,245000000.0,0,1630269.0599963218,3726771.023865199,0,13.484307009901562,143.42984507765183,0,0.0,1843529.8521501624,872859939253.3708,800980.9400036838,87285993925337.08,7902070.355546371,2.0991137716919184e-09,0,5,1,0.0,1.5492506263113724e+16,0
144,245000000.0,0,1679687.5,3720738.429140141,0,0.5933579873120363,1.0091070968686027,0,0.0,2021998.3539928482,1025357375828.307,587423.6971699889,102535737582830.7,7902070.355546371,1.8953869584947824e-09,0,5,1,0.0,1.5527813620195904e+16,0
145,245000000.0,0,1510508.5456637116,3740093.3553471738,0,0.5355044773034541,1.3231814042584782,0,0.0,2021284.6130018388,1115385742799.5789,920741.454336294,111538574279957.89,7902070.355546371,2.0991137716919184e-09,0,5,1,0.0,1.5519505059508394e+16,0
146,245000000.0,0,1679687.5,3731786.784274132,0,0.5945953447273152,1.0276571081376291,0,0.0,2213310.3576782197,1263406157443.2651,707184.2115025991,126340615744326.52,7902070.355546371,1.8953869584947824e-09,0,5,1,0.0,1.5519985893955814e+16,0
147,245000000.0,0,1390748.0313311014,3755209.619001546,0,0.5508408372504524,1.437041730956969,0,0.0,2212596.6166872103,1396701223557.9023,1040501.9686689042,139670122355790.23,7902070.355546371,2.0991137716919184e-09,0,5,1,0.0,1.5506371855356258e+16,0
148,245000000.0,0,1604305.2741647963,3747041.7637824947,0,0.5944701958367525,1.046901885862993,0,0.0,2404622.361363591,1535259716273.2441,826944.7258352092,153525971627324.4,7902070.355546371,1.8953869584947824e-09,0,5,1,0.0,1.551216204494067e+16,0
149,245000000.0,0,1270987.5169984912,3776052.5521089933,0,0.5687361333062072,1.5723424744917307,0,0.0,2403908.6203725818,1711821481531.2468,1160262.4830015143,171182148153124.7,7902070.355546371,2.0991137716919184e-09,0,5,1,0.0,1.549323606950813e+16,0
150,245000000.0,0,1484544.7598321862,3781038.7552879653,0,12.0322923268012,150.42052284132765,0,0.0,2283347.8977152877,1471230986308.6738,946705.2401678194,147123098630867.38,7902243.29021372,1.2696546036750078e-09,0,5,1,0.0,1.5505324813636302e+16,0
151,245000000.0,0,1679687.5,3805825.6017258298,0,25.579431087695976,151.47515991927136,0,0.0,1905479.9322242988,838793997623.6567,733147.9973341245,83879399762365.67,7902243.29021372,1.2696546036750078e-09,0,5,1,0.0,1.5486127109374034e+16,0
152,245000000.0,0,1679687.5,3810573.024464623,0,0.5765805026121049,1.0023922542488317,0,0.0,2074486.96673331,942335829402.97,548878.3462204394,94233582940297.0,7902243.29021372,1.2696546036750078e-09,0,5,1,0.0,1.5530778518438162e+16,0
153,245000000.0,0,1578341.488333271,3826938.78369615,0,0.5166835595685937,1.2663505738145735,0,0.0,1926811.758408626,979092804914.1727,852908.5116667346,97909280491417.27,7902243.29021372,1.2696546036750078e-09,0,5,1,0.0,1.5526988089617588e+16,0
154,245000000.0,0,1679687.5,3827800.4831384514,0,0.5813829993853358,1.02064893611746,0,0.0,2118751.035751332,1140462791711.2192,639351.2688330396,114046279171121.92,7902243.29021372,1.2696546036750078e-09,0,5,1,0.0,1.5522958793431194e+16,0
155,245000000.0,0,1458580.9740006607,3853878.792276091,0,0.5300598426576438,1.3702562828823874,0,0.0,2117950.8274266482,1242140946857.184,972669.0259993447,124214094685718.4,7902243.29021372,1.2696546036750078e-09,0,5,1,0.0,1.5513859561520178e+16,0
156,245000000.0,0,1672138.2168343556,3845670.207284706,0,0.5822344944148391,1.0395829767610507,0,0.0,2309890.104769354,1393942079299.8699,759111.7831656497,139394207929986.98,7902243.29021372,1.2696546036750078e-09,0,5,1,0.0,1.5515150466563646e+16,0
157,245000000.0,0,1338820.4596680505,3876602.752414627,0,0.546358267263249,1.492737318323616,0,0.0,2309089.8964446704,1538969148455.597,1092429.5403319548,153896914845559.7,7928911.132934024,2.1573214326053858e-09,0,5,1,0.0,1.5500725975267322e+16,0
158,245000000.0,0,1552377.7025017454,3869267.469338033,0,0.58199826885071,1.0592327857269714,0,0.0,2501029.1737873764,1681201426543.9214,878872.2974982599,168120142654392.12,7928911.132934024,2.1573214326053858e-09,0,5,1,0.0,1.5507345301198376e+16,0
159,245000000.0,0,1219059.9453354403,3898998.7811639886,0,0.5660572846143973,1.6392637162185706,0,0.0,2500228.9654626925,1869577409709.4104,1212190.054664565,186957740970941.03,7928911.132934024,2.1573214326053858e-09,0,5,1,0.0,1.5487586394703252e+16,0
160,245000000.0,0,1432617.1881691352,3904808.1719467905,0,12.790125825090534,160.42984322174453,0,0.0,2379668.2428053985,1618796798698.8345,998632.8118308701,161879679869883.44,7928911.132934024,2.1573214326053858e-09,0,5,1,0.0,1.5499902628315442e+16,0
161,245000000.0,0,1646174.4310028302,3929641.739258748,0,27.23336260389307,161.4870939316734,0,0.0,2001800.2773144096,941487839985.9238,785075.5689971752,94148783998592.38,7928911.132934024,2.1573214326053858e-09,0,5,1,0.0,1.5479175077415606e+16,0
162,245000000.0,0,1679687.5,3938829.834061644,0,0.5638826674471042,1.013669062109608,0,0.0,2170807.3118234207,1048712297673.1903,571518.3261634803,104871229767319.03,7955212.82738244,1.2696546036750078e-09,0,5,1,0.0,1.5525980318329792e+16,0
163,245000000.0,0,1526413.91667022,3954263.5886870516,0,0.5104580667816757,1.3094027612109382,0,0.0,2023132.1034987369,1097393084662.9613,904836.0833297854,109739308466296.12,7955212.82738244,1.2696546036750078e-09,0,5,1,0.0,1.552134470180411e+16,0
164,245000000.0,0,1679687.5,3957550.9069707044,0,0.5690718132576316,1.0323426522001917,0,0.0,2195457.3733253693,1257051379149.2773,691278.8404960905,125705137914927.73,8033668.857446734,8.62200977280736e-10,0,5,1,0.0,1.5518159243526626e+16,0
165,245000000.0,0,1406653.4023376098,3983582.2831175793,0,0.5246374974363456,1.4208042950620614,0,0.0,2194657.1650006855,1370653345773.8103,1024596.5976623956,137065334577381.03,8033668.857446734,8.62200977280736e-10,0,5,1,0.0,1.550821505227021e+16,0
166,245000000.0,0,1620210.6451713047,3978546.8201692617,0,0.5708791244300386,1.0517171559666207,0,0.0,2386596.4423433915,1526137104124.4495,811039.3548287007,152613710412444.94,8033668.857446734,1.2441887520253658e-09,0,5,1,0.0,1.5510348205580112e+16,0
167,245000000.0,0,1287431.4472908922,4010890.3438098934,0,0.5421669095609741,1.5522750583318037,0,0.0,2384719.1154469224,1681665233583.1606,1143818.552709113,168166523358316.06,8035823.094590304,1.3278622645884752e-09,0,5,1,0.0,1.5495079351341258e+16,0
168,245000000.0,0,1501527.2494104798,4006027.8809994366,0,0.5710459455521344,1.071832791419719,0,0.0,2576658.3927896284,1826998885288.0623,929722.7505895256,182699888528806.22,8035823.094590304,1.3278622645884752e-09,0,5,1,0.0,1.5502541843601372e+16,0
169,245000000.0,0,1168748.0515300673,4035606.4453293565,0,0.5634642889057293,1.7097698922293028,0,0.0,2574781.0658931592,2025030047173.6997,1262501.948469938,202503004717369.97,8037551.697412152,2.9831426218152046e-10,0,5,1,0.0,1.5482054966736928e+16,0
170,245000000.0,0,1382843.853649655,4030875.707911814,0,0.5721272014967778,1.0927329134824928,0,0.0,2766720.3432358652,2161127061379.2944,1048406.1463503505,216112706137929.44,8037551.697412152,1.1059455573558807e-09,0,5,1,0.0,1.5494732646672218e+16,0
171,245000000.0,0,1440689.6557692424,4070853.4607092002,0,16.010706935577982,171.46346083727627,0,0.0,2388313.8184589837,1480373429057.2727,990560.3442307629,148037342905727.28,8037551.697412152,2.9831426218152046e-10,0,5,1,0.0,1.5472662342418976e+16,0
172,245000000.0,0,1498535.45788883,4086951.574462981,0,0.5526594734629392,1.3337463875750997,0,0.0,2409907.293682102,1616757475378.8457,932714.5421111754,161675747537884.56,8037551.697412152,2.9831426218152046e-10,0,5,1,0.0,1.5490944736027046e+16,0
173,245000000.0,0,1165756.2600084175,4098508.9768281174,0,0.5593252916181176,1.7141540770353965,0,0.0,2408029.966785633,1903549991442.2966,1265493.7399915878,190354999144229.66,8037551.697412152,2.637534635141492e-10,0,5,1,0.0,1.5481747161541776e+16,0
174,245000000.0,0,1379852.062128005,4098257.8344604704,0,0.5545117420992745,1.0443074268851456,0,0.0,2599969.244128339,1939479801223.2393,1051397.9378720003,193947980122323.94,8037551.697412152,2.9831426218152046e-10,0,5,1,0.0,1.5513365821048264e+16,0
175,245000000.0,0,1437697.8642475926,4117257.2334955144,0,16.371951610233328,175.49248692770868,0,0.0,2221562.7193514574,1345150185952.7422,993552.1357524127,134515018595274.22,8037551.697412152,2.9831426218152046e-10,0,5,1,0.0,1.5470574937819056e+16,0
176,245000000.0,0,1655989.7838881225,4115552.9227140513,0,0.5610865262753066,1.0641379446953967,0,0.0,2395210.0770536335,1527406597365.1245,775260.2161118827,152740659736512.44,8054336.167495921,1.4260876923799515e-09,0,5,1,0.0,1.5505540045417138e+16,0
177,245000000.0,0,1327406.7035286524,4132968.9547015484,0,0.5233827779836735,1.5055630137121345,0,0.0,2384940.5151152792,1625683481778.9287,1103843.2964713527,162568348177892.88,8054336.167495921,1.4260876923799515e-09,0,5,1,0.0,1.5499057221192658e+16,0
178,245000000.0,0,1545698.6231691823,4128479.244728301,0,0.5661302808178024,1.084736170265851,0,0.0,2576879.792457985,1808010350972.7622,885551.3768308227,180801035097276.22,8054336.167495921,1.4260876923799515e-09,0,5,1,0.0,1.5497718681906686e+16,0
179,245000000.0,0,1217140.7272673827,4151414.3536925795,0,0.5424297813986765,1.641846426468753,0,0.0,2540745.4056931413,1919580758766.0234,1214109.2727326225,191958075876602.34,8106065.8171489015,1.5570549294352531e-09,0,5,1,0.0,1.5486952796528856e+16,0
180,245000000.0,0,1435457.831365583,4149389.7587308013,0,0.5645033877896178,1.0905770698396084,0,0.0,2691649.2037566607,2039613147279.4722,995792.1686344221,203961314727947.22,8166949.91062105,3.0704541131854057e-09,0,5,1,0.0,1.5492742813187802e+16,0
181,245000000.0,0,1106899.9354637833,4181013.413714332,0,0.5647079528407505,1.8052171825091499,0,0.0,2655514.8169918167,2213018958523.6562,1324350.0645362218,221301895852365.62,8194326.39939026,3.0704541131854057e-09,0,5,1,0.0,1.547485069165939e+16,0
182,245000000.0,0,1325217.0395619837,4179860.471329819,0,0.5623025198861822,1.0964812120815979,0,0.0,2821639.6384233735,2299567974688.3926,1106032.9604380215,229956797468839.25,8194326.39939026,3.0704541131854057e-09,0,5,1,0.0,1.5490592232784702e+16,0
183,245000000.0,0,1387284.143660184,4222341.876181741,0,17.095286596240364,183.49135262421967,0,0.0,2413197.35575673,1573270853127.9094,1043965.8563398211,157327085312790.94,8194326.39939026,3.0704541131854057e-09,0,5,1,0.0,1.546489223768375e+16,0
184,245000000.0,0,1449351.2477583843,4238653.9500433495,0,0.5422378439126536,1.37897630183801,0,0.0,2404755.0730900858,1661623224125.8135,981898.7522416208,166162322412581.34,8194326.39939026,2.648448571562767e-09,0,5,1,0.0,1.5490365319068886e+16,0
185,245000000.0,0,1120793.3518565847,4253637.633903091,0,0.557265824165475,1.782859558482826,0,0.0,2368620.686325242,1972500884370.5142,1310456.6481434205,197250088437051.4,8194326.39939026,2.648448571562767e-09,0,5,1,0.0,1.5476394784198744e+16,0
186,245000000.0,0,1339110.455954785,4256813.772117893,0,0.5383629369525469,1.0201390657954927,0,0.0,2534745.5077567985,1913123142478.453,1092139.5440452201,191312314247845.28,8194326.39939026,3.536115400493145e-09,0,5,1,0.0,1.5520541936775198e+16,0
187,245000000.0,0,1010552.5600529853,4266237.986579623,0,0.5835915478738288,1.9771587547514482,0,0.0,2498611.1209919546,2285836206174.0767,1420697.4399470198,228583620617407.66,8194326.39939026,3.0704541131854057e-09,0,5,1,0.0,1.5464285021531508e+16,0
188,245000000.0,0,1228869.6641511857,4267874.525476321,0,0.5413352166470696,1.0253033604692428,0,0.0,2664735.942423511,2189319173579.282,1202380.3358488195,218931917357928.2,8194326.39939026,3.3178366720676422e-09,0,5,1,0.0,1.5518375708502834e+16,0
189,245000000.0,0,1447186.768249386,4291278.414500548,0,31.8790180794269,189.53712594436894,0,0.0,2256293.659756867,1339108470008.484,984063.2317506191,133910847000848.39,8194323.237686708,3.4779077395796776e-09,0,5,1,0.0,1.5459668053460044e+16,0
190,245000000.0,0,1665503.8723475863,4295543.485207798,0,0.5436227244883628,1.0305202080541311,0,0.0,2394726.3770902236,1375176490308.4675,765746.1276524188,137517649030846.75,8194323.237686708,3.4779077395796776e-09,0,5,1,0.0,1.551621141781192e+16,0
191,245000000.0,0,1336945.9764457867,4329572.65795815,0,0.5082295614067512,1.4948286666349115,0,0.0,2211716.9903253797,1490627896638.3442,1094304.0235542185,149062789663834.44,8194323.237686708,3.4779077395796776e-09,0,5,1,0.0,1.550015633653664e+16,0
192,245000000.0,0,1555263.080543987,4333950.64903368,0,0.5412078558502005,1.0357904148362647,0,0.0,2377841.811756936,1558616615245.4893,875986.9194560181,155861661524548.94,8194323.237686708,3.4779077395796776e-09,0,5,1,0.0,1.5514060921784866e+16,0
193,245000000.0,0,1226705.1846421873,4362078.544822009,0,0.52718386560114,1.6290555949577559,0,0.0,2341707.424992092,1757475690651.289,1204544.8153578178,175747569065128.9,8194323.237686708,3.4779077395796776e-09,0,5,1,0.0,1.5488057050446822e+16,0
194,245000000.0,0,1445022.2887403877,4361006.498152789,0,0.5390310827848164,1.0411148036803186,0,0.0,2507832.2464236487,1788325118555.7002,986227.7112596175,178832511855570.03,8194323.237686708,3.4779077395796776e-09,0,5,1,0.0,1.5511909633384818e+16,0
195,245000000.0,0,1116464.392838588,4393920.92033663,0,0.54939428248292,1.7897661999946066,0,0.0,2471697.8596588047,2049019597412.4233,1314785.6071614171,204901959741242.34,8194323.237686708,3.4779077395796776e-09,0,5,1,0.0,1.5475954365309656e+16,0
196,245000000.0,0,1334781.4969367883,4392595.925690345,0,0.5371709310863481,1.0464942144578426,0,0.0,2642041.2632003226,2043696575814.3494,1096468.5030632168,204369657581434.94,8177448.909246862,3.3614924177527428e-09,0,5,1,0.0,1.5509757288966168e+16,0
197,245000000.0,0,1006223.6010349886,4423086.22934313,0,0.5765732330816036,1.9856564102994292,0,0.0,2605906.876435478,2366226458121.9956,1425026.3989650165,236622645812199.56,8177448.909246862,3.3614924177527428e-09,0,5,1,0.0,1.5463843976012434e+16,0
198,245000000.0,0,1224540.705133189,4421853.371416283,0,0.5358761706981545,1.0519295044889128,0,0.0,2772031.697867035,2322797304620.9395,1206709.2948668161,232279730462093.94,8177448.909246862,3.3614924177527428e-09,0,5,1,0.0,1.5507603147577522e+16,0
199,245000000.0,0,1286607.8092313893,4462911.216028225,0,18.546119798490825,199.50853105388245,0,0.0,2363589.4152003913,1666970867851.422,1144642.1907686158,166697086785142.22,8177448.909246862,4.059984348714352e-09,0,5,1,0.0,1.5453779244848684e+16,0
200,245000000.0,0,1504924.9133295896,4462812.234773153,0,0.5347456079182054,1.0574212142694623,0,0.0,2511395.935087408,1750313218415.0142,926325.0866704155,175031321841501.4,8177451.304139541,4.307366907596588e-09,0,5,1,0.0,1.550544844303065e+16,0
201,245000000.0,0,1176367.01742779,4487199.288077439,0,0.5312186547292769,1.6987056460689953,0,0.0,2475260.350876224,1939827774336.0125,1254882.9825722151,193982777433601.25,8177451.304139541,3.8853613659739494e-09,0,5,1,0.0,1.5482556595569052e+16,0
202,245000000.0,0,1394684.1215259903,4486133.029221969,0,0.5337655679126603,1.0629702268298382,0,0.0,2641383.9748614416,1992677356829.424,1036565.8784740148,199267735682942.4,8177451.304139541,4.307366907596588e-09,0,5,1,0.0,1.5503293480251262e+16,0
203,245000000.0,0,1066126.2256241906,4512260.111943389,0,0.5560041953268197,1.8741925294077995,0,0.0,2605248.390650258,2244028578612.872,1365123.7743758145,224402857861287.22,8177451.304139541,4.307366907596588e-09,0,5,1,0.0,1.5470448115558142e+16,0
204,245000000.0,0,1284443.329722391,4513504.686743376,0,0.5325153695217454,1.0685777855526568,0,0.0,2771372.014635475,2259737513401.209,1146806.6702776141,225973751340120.9,8267605.091160612,6.8248482421040535e-09,0,5,1,0.0,1.5501139321392474e+16,0
205,245000000.0,0,955885.4338205913,4543103.320696378,0,0.5857941638429695,2.090114374522901,0,0.0,2735236.4304156853,2572925401044.302,1475364.5661794138,257292540104430.2,8267605.091195038,5.948095349594951e-09,0,5,1,0.0,1.5458333970747294e+16,0
206,245000000.0,0,1174202.5379187916,4544283.837241866,0,0.5316135752528054,1.0742448219093628,0,0.0,2901360.0544009022,2551493688127.5635,1257047.4620812135,255149368812756.34,8267605.091195038,6.359186954796314e-09,0,5,1,0.0,1.5498984127971626e+16,0
207,245000000.0,0,1236269.642016992,4584517.273983566,0,19.275875538665385,207.5414340700971,0,0.0,2492916.574287919,1846999825971.5764,1194980.3579830131,184699982597157.66,8267605.091195038,5.948095349594951e-09,0,5,1,0.0,1.5448206739962294e+16,0
208,245000000.0,0,1454586.7461151923,4585763.43530597,0,0.5308438614361217,1.0799722872364081,0,0.0,2640723.0941749355,1952339823291.5881,976663.2538848128,195233982329158.8,8267605.091195038,6.868503987789154e-09,0,5,1,0.0,1.5496828468225166e+16,0
209,245000000.0,0,1126028.8502133926,4609388.88328936,0,0.5364912323223224,1.7745774650057256,0,0.0,2604587.5099637522,2132515186489.104,1305221.1497866125,213251518648910.4,8267605.091195038,5.526089807972312e-09,0,5,1,0.0,1.5477051258120566e+16,0
210,245000000.0,0,1344345.954311593,4612367.017589889,0,0.5274994086782376,1.0740715585802032,0,0.0,2730615.9760042247,2151866249008.0142,1086904.0456884122,215186624900801.4,8347795.4070845265,6.810296326875687e-09,0,5,1,0.0,1.5494682129431826e+16,0
211,245000000.0,0,1015788.0584097933,4639107.305950302,0,0.5635100022740694,1.9669782541780654,0,0.0,2654385.2338482966,2383052043003.3877,1415461.9415902118,238305204300338.78,8347795.4070845265,7.330527296289802e-09,0,5,1,0.0,1.5464939326957002e+16,0
212,245000000.0,0,1234105.1625079936,4642142.760378558,0,0.5216561580059732,1.0569177361180613,0,0.0,2780413.699888769,2323040084143.6895,1197144.8374920115,232304008414368.94,8347795.4070845265,6.810296326875687e-09,0,5,1,0.0,1.5501315707597926e+16,0
213,245000000.0,0,905547.266606194,4672629.726292506,0,0.5966467707883559,2.206172886591256,0,0.0,2704182.957732841,2661548328332.108,1525702.7333938112,266154832833210.78,8347795.4070845265,7.741618901491165e-09,0,5,1,0.0,1.545282024048065e+16,0
214,245000000.0,0,1123864.3707043943,4675718.7431956725,0,0.5160273186624476,1.0403032222720399,0,0.0,2830211.4237733134,2522173348093.8013,1307385.6292956108,252217334809380.12,8347795.4070845265,6.810296326875687e-09,0,5,1,0.0,1.5507948584257496e+16,0
215,245000000.0,0,1185931.4748025946,4716361.624431472,0,20.00584904417386,215.57089537410667,0,0.0,2394396.902988931,1857715180423.7566,1245318.5251974105,185771518042375.66,8322347.172537834,7.62520357966423e-09,0,5,1,0.0,1.5442634165863504e+16,0
216,245000000.0,0,1404248.578900795,4718970.5209386945,0,0.512156787233652,1.0309204957905382,0,0.0,2514832.3822045494,1824755605241.2854,1027001.4210992102,182475560524128.53,8322347.172537834,7.203198038041592e-09,0,5,1,0.0,1.5513183361592566e+16,0
217,245000000.0,0,1079739.8225359714,4743278.287742125,0,0.5420333003450862,1.850584163084665,0,0.0,2443227.4782480146,2102307470059.4614,1351510.1774640335,210230747005946.16,8338543.73068574,7.2177499532699585e-09,0,5,1,0.0,1.5471544936080378e+16,0
218,245000000.0,0,1302106.0661711479,4746271.382569794,0,0.5083811774982034,1.0217055062523217,0,0.0,2581980.0615618327,2003321869863.121,1129143.933828857,200332186986312.12,8338543.73068574,5.507899913936853e-09,0,5,1,0.0,1.5517026093660032e+16,0
219,245000000.0,0,977597.3098063243,4770910.56019437,0,0.5692713382287151,2.043741567607439,0,0.0,2510375.1576052983,2366916132918.9404,1453652.6901936806,236691613291894.03,8338543.73068574,7.2177499532699585e-09,0,5,1,0.0,1.5460319217665216e+16,0
220,245000000.0,0,1199963.5534415008,4771540.6452163495,0,0.5048383793263427,1.012653795504969,0,0.0,2649127.7409191164,2203978958661.169,1231286.4465585041,220397895866116.9,8338543.73068574,5.5442797020077705e-09,0,5,1,0.0,1.552086798449491e+16,0
221,245000000.0,0,875454.7970766772,4799449.843673838,0,0.6023784426143755,2.281920307437177,0,0.0,2577522.836962582,2653615619954.631,1555795.2029233277,265361561995463.1,8399263.09501121,5.784386303275824e-09,0,5,1,0.0,1.5449086992042202e+16,0
222,245000000.0,0,1097821.0407118537,4800542.007408977,0,0.5013607698975802,1.0037610619951314,0,0.0,2716275.4202764,2426726871635.428,1333428.9592881512,242672687163542.8,8399263.09501121,5.820766091346741e-09,0,5,1,0.0,1.552470956792021e+16,0
223,245000000.0,0,1320187.28434703,4788841.129420804,0,0.5279835394684517,1.157529812486526,0,0.0,3630744.6137274215,2797939677083.002,1111062.7156529748,279793967708300.2,8399263.09501121,5.784386303275824e-09,0,5,1,0.0,1.544515190027598e+16,0
224,245000000.0,0,995678.5279822065,4801100.045713658,0,0.5346610926845966,2.006665081918676,0,0.0,3665480.696434509,2870942255166.825,1435571.472017798,287094225516682.5,8399263.09501121,6.315531209111214e-09,0,5,1,0.0,1.5458391124367124e+16,0
225,245000000.0,0,1218044.7716173832,4809204.768767276,0,0.4982361060121306,1.145925153672954,0,0.0,3374339.57979478,2873823572983.6304,1213205.2283826217,287382357298363.06,8398705.37115431,5.6970748119056225e-09,0,5,1,0.0,1.5450781475121022e+16,0
226,245000000.0,0,893536.0152525597,4849742.558637257,0,0.5920115155591273,2.2357959499655564,0,0.0,3052307.6998120085,2967926966701.3765,1537713.9847474452,296792696670137.6,8398705.37115431,6.883055903017521e-09,0,5,1,0.0,1.5449055216474534e+16,0
227,245000000.0,0,1115902.2588877361,4864524.8846942205,0,0.5246157461839493,1.1326047063586064,0,0.0,3185002.183918864,2993731477400.5293,1315347.7411122688,299373147740052.94,8410821.569568237,5.558831617236137e-09,0,5,1,0.0,1.5471761002532858e+16,0
228,245000000.0,0,791393.5025229126,4898802.769828594,0,0.6292401779605837,2.523998485136706,0,0.0,3073861.016299149,3243805408291.813,1639856.4974770923,324380540829181.3,8410821.569568237,6.300979293882847e-09,0,5,1,0.0,1.5439858339568256e+16,0
229,245000000.0,0,1013759.7461580891,4913584.073419396,0,0.5178665033135847,1.117695162470118,0,0.0,3206555.5004060045,3188619463007.812,1417490.2538419159,318861946300781.2,8410821.569568237,6.373738870024681e-09,0,5,1,0.0,1.5479553035385642e+16,0
230,245000000.0,0,1079875.9897932657,4952379.949262995,0,21.373166260754886,230.60374736016593,0,0.0,2760633.7408776833,2343568317939.575,1351374.0102067394,234356831793957.53,8410821.569568237,6.220943760126829e-09,0,5,1,0.0,1.543170082287347e+16,0
231,245000000.0,0,1317029.905548325,4949280.1237770235,0,0.5127952150214719,1.1031730551627699,0,0.0,2856174.309229479,2350826786272.553,1114220.09445168,235082678627255.3,8469972.258047769,4.598405212163925e-09,0,5,1,0.0,1.5484724844149814e+16,0
232,245000000.0,0,1007308.8213033844,4967854.84502733,0,0.548392714617147,1.9835192926455925,0,0.0,2748935.961826216,2489053660227.3306,1423941.1786966207,248905366022733.06,8469972.258047769,5.529727786779404e-09,0,5,1,0.0,1.5462012288666242e+16,0
233,245000000.0,0,1244462.737058444,4970106.470606521,0,0.5062029630121585,1.0793218521137398,0,0.0,2848615.0713451277,2403845159053.0527,1186787.2629415614,240384515905305.28,8536003.007223656,4.627509042620659e-09,0,5,1,0.0,1.5489902684606104e+16,0
234,245000000.0,0,934741.6528135033,4986391.382088374,0,0.5705967933990618,2.137342068707299,0,0.0,2708361.34935392,2606474547403.348,1496508.347186502,260647454740334.8,8536003.007223656,5.6461431086063385e-09,0,5,1,0.0,1.5454031822093914e+16,0
235,245000000.0,0,1171895.5685685626,4983951.240338681,0,0.49847359005080816,1.0473472830697756,0,0.0,2808040.458872832,2431372989739.7617,1259354.4314314427,243137298973976.2,8536003.007223656,4.743924364447594e-09,0,5,1,0.0,1.5502306647353544e+16,0
236,245000000.0,0,862174.484323622,5005847.520614558,0,0.5958393373348881,2.317028638267948,0,0.0,2667786.736881625,2747228485063.937,1569075.5156763834,274722848506393.7,8536003.007223656,5.6461431086063385e-09,0,5,1,0.0,1.5446049381896582e+16,0
237,245000000.0,0,1099328.4000786813,5003443.220806719,0,0.49115998593285703,1.017212678676255,0,0.0,2767465.8464005366,2482233870911.0415,1331921.599921324,248223387091104.16,8536003.007223656,4.743924364447594e-09,0,5,1,0.0,1.5514709343886734e+16,0
238,245000000.0,0,1180232.3158337406,5003690.266564316,0,0.517582516900982,1.693147040756631,0,0.0,3315852.7558652177,2615876025596.8926,1251017.6841662647,261587602559689.25,8536003.007223656,5.653419066220522e-09,0,5,1,0.0,1.5440192437529504e+16,0
239,245000000.0,0,870511.2315888,4997078.055538133,0,0.5592659369710197,2.2948642857464034,0,0.0,3384302.799656497,2934583835873.5854,1560738.7684112052,293458383587358.56,8536003.007223656,4.722096491605043e-09,0,5,1,0.0,1.544305440088342e+16,0
240,245000000.0,0,1107665.1473438595,4980965.800873765,0,0.4596665325329286,1.0342192088137485,0,0.0,3670439.0747945793,2781501138464.775,1323584.8526561458,278150113846477.5,8512690.772515068,3.6961864680051804e-09,0,5,1,0.0,1.5489921216039126e+16,0
241,245000000.0,0,1188569.0630989189,4986175.052070215,0,0.5277825982464058,1.68128111434728,0,0.0,3322010.562436929,2610990873129.1133,1242680.9369010865,261099087312911.3,8512690.772515068,3.790773916989565e-09,0,5,1,0.0,1.5438525931465508e+16,0
242,245000000.0,0,878847.9788539782,5003667.644909351,0,0.5529203379192323,2.2731199571601506,0,0.0,3307807.2523814244,2942689240072.867,1552402.021146027,294268924007286.75,8512660.462295573,1.8553691916167736e-09,0,5,1,0.0,1.5440862822283522e+16,0
243,245000000.0,0,1116001.8946090378,5015423.641789553,0,0.4857496402200051,1.0518040638650412,0,0.0,3290030.050244377,2721352950815.7173,1315248.1053909676,272135295081571.72,8512660.462295573,1.760781742632389e-09,0,5,1,0.0,1.548145739643325e+16,0
244,245000000.0,0,806280.8103640971,5054617.008623809,0,0.6132266412572661,2.477452671144216,0,0.0,2928792.594035657,2957277020202.6465,1624969.1896359082,295727702020264.6,8512660.462295573,1.8553691916167736e-09,0,5,1,0.0,1.5435880883725226e+16,0
245,245000000.0,0,1043434.7261191566,5071465.395080942,0,0.48709149578722166,1.0214161705568725,0,0.0,2982444.7590073664,2713472852960.791,1387815.273880849,271347285296079.1,8512660.462295573,1.760781742632389e-09,0,5,1,0.0,1.5500424589717004e+16,0
246,245000000.0,0,1280588.641874216,5044947.5405563675,0,0.49909464965845896,1.1676011631480403,0,0.0,4215518.690457695,3048266641538.3613,1150661.3581257896,304826664153836.1,8512660.462295573,1.760781742632389e-09,0,5,1,0.0,1.5433738959608992e+16,0
247,245000000.0,0,970867.5576292754,5030780.518811017,0,0.4994652806680372,2.0578935723286196,0,0.0,4257823.273087265,3094303609026.914,1460382.44237073,309430360902691.4,8512660.462295573,1.8553691916167736e-09,0,5,1,0.0,1.5444481818644088e+16,0
248,245000000.0,0,1208021.4733843347,5037492.022856438,0,0.47163505284952556,1.1302726445543947,0,0.0,3722834.05084903,2948101274564.165,1223228.5266156706,294810127456416.5,8558362.312032511,5.675246939063072e-10,0,5,1,0.0,1.543131224600124e+16,0
249,245000000.0,0,898300.389139394,5075445.336100424,0,0.5749295811506929,2.223951000303631,0,0.0,3134271.7273111357,2891480951377.3267,1532949.6108606113,289148095137732.7,8558362.312032511,5.456968210637569e-10,0,5,1,0.0,1.5444596266374472e+16,0
250,245000000.0,0,1135454.3048944534,5104540.935833884,0,0.4999451085619505,1.0952569883983014,0,0.0,3182645.0220984956,2830478664301.1353,1295795.695105552,283047866430113.5,8579477.792769909,4.0745362639427185e-10,0,5,1,0.0,1.5468882032771622e+16,0
251,245000000.0,0,825733.2206495127,5147412.67653481,0,0.599722099162192,2.419160074913555,0,0.0,2966452.844078584,2996948868731.576,1605516.7793504926,299694886873157.6,8579477.792769909,3.8562575355172157e-10,0,5,1,0.0,1.544163390376318e+16,0
252,245000000.0,0,1062887.136404572,5172143.3278253935,0,0.48736122410401794,1.062345697617359,0,0.0,3066131.953597496,2829311611999.874,1368362.8635954333,282931161199987.4,8579477.792769909,4.0745362639427185e-10,0,5,1,0.0,1.5488593970106928e+16,0
253,245000000.0,0,753166.0521596314,5204806.469737849,0,0.6311234214091458,2.65193586249712,0,0.0,2861144.497388742,3138610540469.5127,1678083.947840374,313861054046951.25,8579222.04793144,3.8562575355172157e-10,0,5,1,0.0,1.5434082455447252e+16,0
254,245000000.0,0,990319.9679146908,5210341.75812691,0,0.4760193290718261,1.0253431032842772,0,0.0,2938084.9030307718,2832732944375.0557,1440930.0320853146,283273294437505.56,8624699.455685204,0.0,0,5,1,0.0,1.5506067468694564e+16,0
255,245000000.0,0,1227473.8836697503,5217626.730404626,0,0.5089206687087896,1.1649689955530516,0,0.0,3442873.1712974785,2998414628438.6445,1203776.1163302553,299841462843864.44,8624699.455685204,0.0,0,5,1,0.0,1.5433371194153458e+16,0
256,245000000.0,0,917752.7994248096,5246556.073340584,0,0.561880317932925,2.1768641154096198,0,0.0,3103715.865723382,2899991006935.682,1513497.2005751957,289999100693568.2,8624699.455685204,9.458744898438454e-11,0,5,1,0.0,1.5452213219553994e+16,0
257,245000000.0,0,1154906.715179869,5254859.267409641,0,0.4940256861656969,1.1135277874787273,0,0.0,3180656.271365412,2848637157244.1763,1276343.2848201364,284863715724417.6,8624699.455685204,1.1641532182693481e-10,0,5,1,0.0,1.546453614016264e+16,0
258,245000000.0,0,845185.6309349283,5279039.114234601,0,0.5884118031456289,2.3635475797317103,0,0.0,2952930.1112798094,2961217364124.332,1586064.369065077,296121736412433.2,8624699.455685204,5.602487362921238e-10,0,5,1,0.0,1.544422806864078e+16,0
259,245000000.0,0,1082339.5466899876,5281841.673159495,0,0.4821918098926836,1.06643741085954,0,0.0,3029870.5169218387,2780183334210.01,1348910.4533100177,278018333421000.97,8624699.455685204,1.1641532182693481e-10,0,5,1,0.0,1.5486986387068704e+16,0
260,245000000.0,0,772618.462445047,5300880.750982917,0,0.6195532456998267,2.585253709792464,0,0.0,2813884.36124732,3069270900901.357,1658631.5375549584,306927090090135.7,8577739.43804087,2.10275175049901e-09,0,5,1,0.0,1.5436237780109456e+16,0
261,245000000.0,0,1009772.3782001064,5298765.288127601,0,0.4721942549033452,1.023168279915687,0,0.0,2890824.7668893496,2758556690764.2183,1421477.621799899,275855669076421.8,8577739.43804087,2.0081643015146255e-09,0,5,1,0.0,1.5509430470742408e+16,0
262,245000000.0,0,1246926.293955166,5275786.68906571,0,0.489984285463906,1.162162341569088,0,0.0,3706122.0476086796,2983374839922.1797,1184323.7060448397,298337483992218.0,8577739.43804087,2.0081643015146255e-09,0,5,1,0.0,1.5436708118226138e+16,0
263,245000000.0,0,937205.2097102252,5284762.475113899,0,0.519156676593185,2.131729795678412,0,0.0,3626898.5454641934,2975426310267.5723,1494044.7902897801,297542631026757.25,8577739.43804087,2.10275175049901e-09,0,5,1,0.0,1.5450484483648454e+16,0
264,245000000.0,0,1174359.1254652846,5290324.48200071,0,0.46180661475986917,1.1109632534744238,0,0.0,3287882.4430646836,2818656987804.475,1256890.8745347208,281865698780447.5,8577739.43804087,2.1245796233415604e-09,0,5,1,0.0,1.5456025977502674e+16,0
265,245000000.0,0,864638.0412203439,5314709.472588507,0,0.5799675216567848,2.310434505836268,0,0.0,2905669.975138387,2892118435701.872,1566611.9587796615,289211843570187.2,8577739.43804087,2.5684130378067493e-09,0,5,1,0.0,1.5445397550125344e+16,0
266,245000000.0,0,1101791.9569754032,5330797.650045268,0,0.47994041576665947,1.0640849663507475,0,0.0,2982610.3807804165,2706247791744.868,1329458.043024602,270624779174486.8,8577739.43804087,2.1245796233415604e-09,0,5,1,0.0,1.5490343232587006e+16,0
267,245000000.0,0,792070.8727304626,5356471.769778386,0,0.6081061467698329,2.5218427113761006,0,0.0,2781672.1502017872,2999221825514.2993,1639179.1272695428,299922182551429.94,8577784.339769829,2.4519977159798145e-09,0,5,1,0.0,1.5438390498154842e+16,0
268,245000000.0,0,1029224.788485522,5362131.0752015095,0,0.46743051824864895,1.013347994898047,0,0.0,2829041.1978514963,2658222601494.312,1402025.2115144834,265822260149431.2,8636882.15402551,2.6193447411060333e-09,0,5,1,0.0,1.5510704161592782e+16,0
269,245000000.0,0,1266378.7042405815,5339905.452104822,0,0.4827966448126129,1.1398228493884006,0,0.0,3614774.9685041816,2825979047290.639,1164871.295759424,282597904729063.94,8636850.762322808,1.8335413187742233e-09,0,5,1,0.0,1.5441228207634454e+16,0
270,245000000.0,0,956657.6199956408,5351091.317853077,0,0.5105859462193287,2.0884290567323047,0,0.0,3505980.1081709648,2822510113253.048,1474592.3800043645,282251011325304.8,8636850.762322808,1.7535057850182056e-09,0,5,1,0.0,1.5452639579310534e+16,0
271,245000000.0,0,1193811.5357507002,5357769.2462673085,0,0.4527451509654189,1.0732264655554558,0,0.0,3137400.4958030153,2587469381383.5737,1237438.4642493052,258746938138357.38,8636850.762322808,1.7462298274040222e-09,0,5,1,0.0,1.5467022964332396e+16,0
272,245000000.0,0,884090.4515057595,5387978.255395476,0,0.5691593819229926,2.2596560572961795,0,0.0,2725608.821664108,2708878397773.67,1547159.5484942459,270887839777367.0,8636850.762322808,1.7462298274040222e-09,0,5,1,0.0,1.5447549939592202e+16,0
273,245000000.0,0,1131654.0169755248,5407589.423069651,0,0.46590241206341604,1.0139825479589493,0,0.0,2762568.4957064292,2396352041277.468,1299595.9830244805,239635204127746.78,8678488.256752359,3.92901711165905e-09,0,5,1,0.0,1.5507822884929162e+16,0
274,245000000.0,0,832342.5824452902,5434853.1296415515,0,0.587192036868016,2.399973362853208,0,0.0,2515707.2483532103,2737579396262.222,1598907.4175547152,273757939626222.22,8678488.256752359,3.92901711165905e-09,0,5,1,0.0,1.5441698695616716e+16,0
275,245000000.0,0,1079906.1479150555,5441550.157343972,0,0.45297522027861503,0.9609371885312011,0,0.0,2563076.29600292,2296229297687.3354,1351343.8520849498,229622929768733.53,8678488.256752359,3.92901711165905e-09,0,5,1,0.0,1.5534305303107878e+16,0
276,245000000.0,0,1327469.7133848208,5421266.934526313,0,0.4669454202946658,1.073938251709682,0,0.0,3338389.53535759,2370635727033.185,1103780.2866151845,237063572703318.5,8678501.495419346,2.2846506908535957e-09,0,5,1,0.0,1.5464840348023602e+16,0
277,245000000.0,0,1028158.2788545862,5432500.184643019,0,0.48753072222566557,1.943335676438345,0,0.0,3208769.3084761044,2438096361693.2554,1403091.7211454192,243809636169325.53,8678501.495419346,3.052264219149947e-09,0,5,1,0.0,1.5459385998448412e+16,0
278,245000000.0,0,1275721.8443243515,5442382.535274166,0,0.43927915905797266,1.0147550160865009,0,0.0,2840722.413200495,2122201703210.4734,1155528.1556756538,212220170321047.34,8677436.061234664,2.892193151637912e-09,0,5,1,0.0,1.5490626977559298e+16,0
279,245000000.0,0,976410.4097941169,5472424.741068517,0,0.534519397978808,2.0462233468756312,0,0.0,2408638.0896056592,2300481906687.516,1454839.5902058885,230048190668751.62,8677436.061234664,2.892193151637912e-09,0,5,1,0.0,1.5456580882096396e+16,0
280,245000000.0,0,1223973.9752638822,5490665.337159734,0,0.45183110633537604,0.9618772953673873,0,0.0,2456539.8543477086,1943413587690.3726,1207276.0247361232,194341358769037.25,8677436.061234664,3.82351572625339e-09,0,5,1,0.0,1.5531307051752066e+16,0
281,245000000.0,0,1471537.5407336475,5476507.134438079,0,0.4654659144519539,1.075266556550684,0,0.0,3232385.810794719,2102567655661.1135,959712.4592663578,210256765566111.34,8677436.061234664,3.82351572625339e-09,0,5,1,0.0,1.5461784550183156e+16,0
282,245000000.0,0,1172226.1062034129,5493106.646746231,0,0.45325677779707346,1.7047012416660645,0,0.0,3103298.301005574,2065910594962.478,1259023.8937965925,206591059496247.8,8677436.061234664,3.5179255064576864e-09,0,5,1,0.0,1.5475236331000318e+16,0
283,245000000.0,0,1419789.6716731782,5503174.970323307,0,0.4387567087585391,1.015719008134308,0,0.0,2733858.6763247023,1832901474019.0396,1011460.3283268271,183290147401903.97,8680226.67524096,3.2414391171187162e-09,0,5,1,0.0,1.5487453887422526e+16,0
284,245000000.0,0,1120478.2371429435,5533638.298037133,0,0.4931524348145068,1.7833605091572367,0,0.0,2300381.623324604,1906561980461.9807,1310771.7628570618,190656198046198.06,8680226.67524096,3.2414391171187162e-09,0,5,1,0.0,1.5472426309404954e+16,0
285,245000000.0,0,1368041.8026127089,5553284.985836059,0,0.44960238746290576,0.9620983865591057,0,0.0,2346890.6586613907,1631463379700.5752,1063208.1973872965,163146337970057.53,8680226.67524096,3.867171471938491e-09,0,5,1,0.0,1.5528442677077268e+16,0
286,245000000.0,0,1068730.3680824742,5576992.619363476,0,0.5042255857121561,1.8696300111448305,0,0.0,2067907.761525867,1956196745320.4792,1362519.6319175311,195619674532047.94,8680226.67524096,3.867171471938491e-09,0,5,1,0.0,1.5467721828689736e+16,0
287,245000000.0,0,1316293.9335522396,5583768.463032467,0,0.43811729489935186,0.9138552352996574,0,0.0,2114416.796862654,1538435606097.7263,1114956.0664477658,153843560609772.62,8680226.67524096,4.798494046553969e-09,0,5,1,0.0,1.5557551244402682e+16,0
288,245000000.0,0,1563857.499022005,5563788.569279551,0,0.45141355990491455,1.0152472769582872,0,0.0,2888870.023904402,1635677295297.5522,867392.5009780005,163567729529755.22,8680226.67524096,4.798494046553969e-09,0,5,1,0.0,1.548818772285187e+16,0
289,245000000.0,0,1264546.0644917702,5573626.379408327,0,0.4331055440787341,1.5803454778259522,0,0.0,2758389.7847099947,1701408076548.7263,1166703.9355082351,170140807654872.62,8680226.67524096,4.798494046553969e-09,0,5,1,0.0,1.5485394407216582e+16,0
290,245000000.0,0,1512109.6299615356,5583733.80911041,0,0.42664888121459715,0.9616751364877795,0,0.0,2388950.1600291226,1407173524257.2842,919140.3700384698,140717352425728.42,8680226.67524096,4.172761691734195e-09,0,5,1,0.0,1.5514154884595216e+16,0
291,245000000.0,0,1212798.195431301,5614456.315359945,0,0.4697742840941657,1.6477203603761634,0,0.0,1955473.1070290245,1585128378618.2522,1218451.8045687045,158512837861825.22,8681495.605220232,4.107278073206544e-09,0,5,1,0.0,1.5482578520431034e+16,0
292,245000000.0,0,1460361.7609010662,5629241.533904685,0,0.4371012054988027,0.9134733592194971,0,0.0,2001982.1423658114,1248804346508.843,970888.2390989391,124880434650884.3,8681495.605220232,4.107278073206544e-09,0,5,1,0.0,1.5555139801876808e+16,0
293,245000000.0,0,1679687.5,5613169.515815181,0,0.45098233442214436,1.0166448286317153,0,0.0,2788098.5222297376,1442226204882.1824,727741.901858578,144222620488218.25,8649334.843117068,3.845343599095941e-09,0,5,1,0.0,1.5485771337165226e+16,0
294,245000000.0,0,1399779.4353817885,5623854.380862833,0,0.41032368165356387,1.4277765288972073,0,0.0,2673698.6640869128,1419569209932.1758,1031470.5646182168,141956920993217.56,8649334.843117068,3.699824446812272e-09,0,5,1,0.0,1.5500735923007684e+16,0
295,245000000.0,0,1642925.7726221497,5633428.818228938,0,0.4274634240893256,0.9663000856776096,0,0.0,2311504.963998815,1221242015582.841,788324.2273778557,122124201558284.11,8649334.843117068,3.845343599095941e-09,0,5,1,0.0,1.5510153181300724e+16,0
296,245000000.0,0,1339197.1098625108,5663619.420133506,0,0.4444904178155032,1.492317798092534,0,0.0,1894108.292050299,1305631891135.8735,1092052.8901374945,130563189113587.36,8649334.843117068,3.845343599095941e-09,0,5,1,0.0,1.5496945335238194e+16,0
297,245000000.0,0,1582343.447102872,5681166.662732168,0,0.43704824433818956,0.920706266651182,0,0.0,1946495.8198570043,1065593010148.4514,848906.5528971334,106559301014845.14,8654804.571608491,3.485183697193861e-09,0,5,1,0.0,1.5549554434850528e+16,0
298,245000000.0,0,1278614.784343233,5703451.703323748,0,0.4536996590058046,1.5629703755153994,0,0.0,1680858.4395273512,1396051109401.0063,1152635.2156567723,139605110940100.64,8654804.571608491,3.485183697193861e-09,0,5,1,0.0,1.549127641189145e+16,0
299,245000000.0,0,1521761.1215835942,5704907.831978456,0,0.42732734888335944,0.8792211727953692,0,0.0,1734613.4060505198,1014097302484.0961,909488.8784164111,101409730248409.61,8654804.558421277,3.979948814958334e-09,0,5,1,0.0,1.5577285541658472e+16,0
300,245000000.0,0,1679687.5,5684768.061885883,0,0.44135587497169115,0.9743974606281545,0,0.0,2519362.360385198,1149150672382.7876,666342.54117605,114915067238278.77,8654804.558421277,3.979948814958334e-09,0,5,1,0.0,1.5507234011027174e+16,0
301,245000000.0,0,1461178.7960643165,5687916.490598968,0,0.40015777576192874,1.3678217775988228,0,0.0,2415748.075446329,1220601712027.1294,970071.2039356888,122060171202712.94,8627763.696709156,3.2669049687683582e-09,0,5,1,0.0,1.550748393884747e+16,0
302,245000000.0,0,1679687.5,5697088.857636627,0,0.42023932169515515,0.9339138694992423,0,0.0,2067074.812807899,980445993710.8134,726924.8666953277,98044599371081.33,8627763.696709156,3.2669049687683582e-09,0,5,1,0.0,1.5530342165207908e+16,0
303,245000000.0,0,1391961.0301706523,5721064.46445752,0,0.4344375384369577,1.4357903463781603,0,0.0,1677734.5948121124,1160904835966.9314,1039288.9698293532,116090483596693.14,8593221.935211608,3.4124241210520267e-09,0,5,1,0.0,1.550368528931288e+16,0
304,245000000.0,0,1626471.927036627,5733689.004515531,0,0.43069057487352214,0.8966600581516265,0,0.0,1745009.9921913412,895577609273.7091,804778.0729633786,89557760927370.9,8604069.382709676,4.474713932722807e-09,0,5,1,0.0,1.5566992637153006e+16,0
305,245000000.0,0,1679687.5,5732293.672874221,0,0.43680412709136063,1.1725165699890414,0,0.0,2233991.0940074325,998827743180.3696,726517.1760974041,99882774318036.97,8604069.382709676,4.474713932722807e-09,0,5,1,0.0,1.549613157158948e+16,0
306,245000000.0,0,1392368.7207685763,5726037.863610313,0,0.4076748920043346,1.4353702434893245,0,0.0,2272582.5318762204,1312434039416.475,1038881.2792314296,131243403941647.52,8604069.382709676,4.474713932722807e-09,0,5,1,0.0,1.5500882270795992e+16,0
307,245000000.0,0,1626879.617634551,5713174.989421348,0,0.4094146721403497,0.8901651426714882,0,0.0,2482936.863447532,1106075879059.4204,804370.382365455,110607587905942.05,8604069.382709676,4.474713932722807e-09,0,5,1,0.0,1.5553186132502894e+16,0
308,245000000.0,0,1679687.5,5715904.962328709,0,0.4291733462443857,1.1722359959082254,0,0.0,2129771.629054168,890464148059.2861,726108.9098260609,89046414805928.61,8604071.685403354,3.7834979593753815e-09,0,5,1,0.0,1.5505257123453056e+16,0
309,245000000.0,0,1679687.5,5762558.521240524,0,0.44765969399810474,1.1208233174462752,0,0.0,1996136.1768880012,919279245914.4832,647847.4372866667,91927924591448.31,8604071.685403354,3.7034624256193638e-09,0,5,1,0.0,1.549942754503814e+16,0
310,245000000.0,0,1471039.0352527334,5799991.953913841,0,0.4204178389090026,1.3586596225395757,0,0.0,1650692.1331297713,1018809574105.7416,960210.9647472725,101880957410574.16,8604071.685403354,3.7034624256193638e-09,0,5,1,0.0,1.5513347202805072e+16,0
311,245000000.0,0,1679687.5,5802978.413144884,0,0.43297678168112286,0.9130967810750981,0,0.0,1717967.530509,818207293579.6403,725699.4922078784,81820729357964.03,8604071.685403354,3.7034624256193638e-09,0,5,1,0.0,1.5560408720347042e+16,0
312,245000000.0,0,1393186.9803315217,5817702.620080123,0,0.43193181611028625,1.4345278131376775,0,0.0,1551590.32082316,1145865575781.0422,1038063.0196684842,114586557578104.22,8602081.009375915,3.790773916989565e-09,0,5,1,0.0,1.5504802832293392e+16,0
313,245000000.0,0,1627698.4528709159,5820572.406033916,0,0.4245688214662537,0.8778368896208454,0,0.0,1619861.0562161084,828250230945.3983,803551.5471290901,82825023094539.83,8613973.368399551,2.10275175049901e-09,0,5,1,0.0,1.5579796729964396e+16,0
314,245000000.0,0,1679687.5,5790283.380231498,0,0.4380710768575697,0.9761431986209176,0,0.0,2416390.7408606815,1030393479177.6857,569040.0745896959,103039347917768.56,8613973.368399551,2.10275175049901e-09,0,5,1,0.0,1.5508166804401298e+16,0
315,245000000.0,0,1549846.3979497042,5790055.033308853,0,0.3861209900114226,1.28961836752118,0,0.0,2324506.7739480007,1056758726154.7968,881403.6020503017,105675872615479.67,8604303.06065678,2.204615157097578e-09,0,5,1,0.0,1.5518169898936132e+16,0
316,245000000.0,0,1679687.5,5798934.223601679,0,0.41843916371444334,0.9380755193497919,0,0.0,1993032.5397180142,884550631777.8331,646892.1295109076,88455063177783.31,8604305.794131808,2.0881998352706432e-09,0,5,1,0.0,1.5529391093359188e+16,0
317,245000000.0,0,1471994.3430284925,5819628.576370597,0,0.4205085424515542,1.357778466336794,0,0.0,1620890.198783832,1005376750775.8794,959255.6569715134,100537675077587.94,8604305.794131808,2.0881998352706432e-09,0,5,1,0.0,1.5512825325720886e+16,0
318,245000000.0,0,1679687.5,5830788.619119929,0,0.4315079363242821,0.9028652477300192,0,0.0,1693994.7213106526,792243637061.1459,724744.1844321192,79224363706114.6,8604305.794131808,2.0881998352706432e-09,0,5,1,0.0,1.556440338700503e+16,0
319,245000000.0,0,1394142.2881072809,5846624.042957779,0,0.4310615013937767,1.4335455365726884,0,0.0,1505825.4632049142,1141631252567.9177,1037107.7118927251,114163125256791.77,8604305.794131808,2.0881998352706432e-09,0,5,1,0.0,1.5504908222168324e+16,0
320,245000000.0,0,1628653.760646675,5845581.294404581,0,0.42440883958263204,0.870202559233397,0,0.0,1578929.985731735,806265565977.6702,802596.2393533309,80626556597767.02,8604305.794131808,2.0881998352706432e-09,0,5,1,0.0,1.558470084629084e+16,0
321,245000000.0,0,1679687.5,5825754.3683591625,0,0.43732101941023765,0.9678430731030109,0,0.0,2380293.45751018,995118246556.4719,568084.7668139368,99511824655647.19,8604305.794131808,2.0881998352706432e-09,0,5,1,0.0,1.5512544873491846e+16,0
322,245000000.0,0,1550801.705725463,5829486.262158687,0,0.38496418835804924,1.2888244629586907,0,0.0,2266454.305797645,1036126016278.3512,880448.2942745426,103612601627835.12,8648213.430256488,2.2628228180110455e-09,0,5,1,0.0,1.5518279033240572e+16,0
323,245000000.0,0,1679687.5,5839279.619018227,0,0.41517150845849443,0.9210011283248855,0,0.0,1913026.253505318,821289338551.5769,645936.8217351484,82128933855157.69,8648213.430256488,2.029992174357176e-09,0,5,1,0.0,1.55356514495568e+16,0
324,245000000.0,0,1472949.6508042514,5860575.517113794,0,0.41984807071854485,1.3568984523377121,0,0.0,1518930.0945087955,989036705483.2954,958300.3491957543,98903670548329.55,8648213.430256488,2.029992174357176e-09,0,5,1,0.0,1.5512932035283402e+16,0
325,245000000.0,0,1679687.5,5871642.239244323,0,0.4252285359078213,0.8784840089890019,0,0.0,1570080.7989732758,717528402908.7054,723788.8766563601,71752840290870.55,8596711.862604944,3.601599019020796e-09,0,5,1,0.0,1.5575475508132184e+16,0
326,245000000.0,0,1679687.5,5867010.642866286,0,0.42418131718078056,1.1193679447544869,0,0.0,2080800.3500537416,816490346483.428,645527.404116966,81649034648342.8,8560593.635527765,3.892637323588133e-09,0,5,1,0.0,1.5506052408663152e+16,0
327,245000000.0,0,1473359.068422434,5860082.731041368,0,0.3942308633285824,1.356521652584945,0,0.0,2098712.0084921927,1166295844579.4263,957890.9315775718,116629584457942.62,8560593.635533156,3.0486262403428555e-09,0,5,1,0.0,1.550978030966108e+16,0
328,245000000.0,0,1679687.5,5844688.943831825,0,0.3996554845344035,0.8588852290760289,0,0.0,2363157.4125323743,929638137428.7664,723379.4590381776,92963813742876.64,8560593.635533156,3.0486262403428555e-09,0,5,1,0.0,1.5568323824662922e+16,0
329,245000000.0,0,1679687.5,5819727.118940836,0,0.41751077292003586,0.9485359365051242,0,0.0,2571743.0755976965,920746511573.3644,488867.98649878346,92074651157336.44,8548477.43711923,4.052708391100168e-09,0,5,1,0.0,1.5519295099561656e+16,0
330,245000000.0,0,1630018.4860406164,5851828.321048099,0,0.38182813151393274,1.2262276713092968,0,0.0,2148797.3209526376,901062892386.2949,801231.5139593893,90106289238629.5,8548477.43711923,2.8740032576024532e-09,0,5,1,0.0,1.552226606173495e+16,0
331,245000000.0,0,1679687.5,5877055.156460231,0,0.420014842345712,0.9028476276355009,0,0.0,2015578.425874307,740219976653.5435,566720.0414199951,74021997665354.34,8548477.43711923,2.8740032576024532e-09,0,5,1,0.0,1.5535681469109714e+16,0
332,245000000.0,0,1552463.5499184998,5913105.124309067,0,0.40628897192132923,1.2874457209536245,0,0.0,1530491.0490141483,862752012790.2628,878786.4500815057,86275201279026.28,8549665.91231561,3.739842213690281e-09,0,5,1,0.0,1.551823776170638e+16,0
333,245000000.0,0,1679687.5,5925920.460651187,0,0.42000989432766755,0.8613584148492351,0,0.0,1533758.9275624396,625543323204.9835,643977.8587430163,62554332320498.35,8549665.91231561,3.5070115700364113e-09,0,5,1,0.0,1.5573241357955172e+16,0
334,245000000.0,0,1679687.5,5912527.5171838915,0,0.39987403114163655,1.0716240519028517,0,0.0,2109569.7596513606,624509993829.5062,565923.841634431,62450999382950.625,8547647.615395995,2.8303475119173527e-09,0,5,1,0.0,1.551353829170047e+16,0
335,245000000.0,0,1679687.5,5940696.850316125,0,0.42823250102203253,1.0286054266688236,0,0.0,1555338.6624512323,558479466000.9984,487869.8245258458,55847946600099.84,8547647.615395995,3.0631781555712223e-09,0,5,1,0.0,1.552504544252471e+16,0
336,245000000.0,0,1630809.1925827446,5967526.748008394,0,0.39674127620605076,1.2256334926233021,0,0.0,1301151.1106056,707292711308.1732,800440.8074172606,70729271130817.33,8555764.849143049,3.281456883996725e-09,0,5,1,0.0,1.553090303622547e+16,0
337,245000000.0,0,1679687.5,5978281.371244364,0,0.41778376372357323,0.8666575547463797,0,0.0,1337147.3679433055,478688706374.0316,566136.7903086754,47868870637403.164,8582871.150826843,3.0486262403428555e-09,0,5,1,0.0,1.5581409804135474e+16,0
338,245000000.0,0,1548346.1092789727,5997896.54443892,0,0.40667526259520875,1.2908671522922341,0,0.0,1326145.8961380282,846068813393.7527,882903.8907210325,84606881339375.27,8566086.680743074,4.347384674474597e-09,0,5,1,0.0,1.5522317189495682e+16,0
339,245000000.0,0,1679687.5,5998258.8494880395,0,0.40676823816894075,0.8237333006887139,0,0.0,1362142.1534757337,557929248264.6519,652795.9911333896,55792924826465.19,8566086.680743074,4.347384674474597e-09,0,5,1,0.0,1.5587810228582072e+16,0
340,245000000.0,0,1679687.5,5973352.911342282,0,0.41640590158464325,0.9030732866283492,0,0.0,2182270.225870321,780727317651.2301,426621.25733770547,78072731765123.02,8566086.680743074,4.347384674474597e-09,0,5,1,0.0,1.5519738893745582e+16,0
341,245000000.0,0,1679687.5,5976092.820092565,0,0.3707557588892683,1.1814781038426334,0,0.0,2113553.0657880194,813132549824.5929,739455.1919581039,81313254982459.3,8566086.680743074,3.983586793765426e-09,0,5,1,0.0,1.5534219189309016e+16,0
342,245000000.0,0,1679687.5,5982476.945467929,0,0.39394449147946053,0.8565628073299008,0,0.0,1723824.0610196092,577382548321.7876,509347.29237046104,57738254832178.76,8566086.680743074,4.914909368380904e-09,0,5,1,0.0,1.554710569087673e+16,0
343,245000000.0,0,1605135.607217187,6001573.758928407,0,0.40082996774495544,1.2452248683193246,0,0.0,1295982.2337535843,749723458225.2766,826114.3927828182,74972345822527.66,8566086.680743074,3.736204234883189e-09,0,5,1,0.0,1.5525552220711208e+16,0
344,245000000.0,0,1679687.5,6011794.588946998,0,0.40503009373819,0.8146084815003568,0,0.0,1331978.4910912898,496323464932.70215,596006.4931951753,49632346493270.22,8566086.680743074,3.736204234883189e-09,0,5,1,0.0,1.5585737181682816e+16,0
345,245000000.0,0,1518476.4063924728,6031649.456463674,0,0.4104774973235716,1.3162428791825613,0,0.0,1355991.7281907478,899699383009.9296,912773.5936075324,89969938300992.95,8566182.164078195,3.648892743512988e-09,0,5,1,0.0,1.5519039658937094e+16,0
346,245000000.0,0,1679687.5,6028729.505347992,0,0.3962009204553296,0.7764540567891881,0,0.0,1391204.9782258668,597479567686.0739,682665.6940198896,59747956768607.38,8567748.178683368,3.5324774216860533e-09,0,5,1,0.0,1.558785356556916e+16,0
347,245000000.0,0,1679687.5,6005641.40390722,0,0.4060128279432881,0.8464199409925107,0,0.0,2211121.795023964,805668739600.7664,452557.7944322467,80566873960076.64,8551518.554254076,4.012690624222159e-09,0,5,1,0.0,1.5519868781379098e+16,0
348,245000000.0,0,1661925.1051554014,6007742.613952539,0,0.37300220775265475,1.2026999855853995,0,0.0,2141621.6276390757,857897987784.231,769324.8948446038,85789798778423.1,8551518.554254076,4.260073183104396e-09,0,5,1,0.0,1.5530945549705028e+16,0
349,245000000.0,0,1679687.5,6013940.32924794,0,0.3842131511410086,0.8051756558996538,0,0.0,1751657.4964403952,607320858530.3977,539216.995256961,60732085853039.77,8551518.554254076,4.507455741986632e-09,0,5,1,0.0,1.5547365124748236e+16,0
350,245000000.0,0,1575265.9043306871,6037465.852101696,0,0.40353430886589337,1.2688214561420958,0,0.0,1326399.8175124002,800100291722.779,855984.0956693181,80010029172277.9,8551518.554254076,4.260073183104396e-09,0,5,1,0.0,1.5522279186725372e+16,0
351,245000000.0,0,1679687.5,6047381.447666183,0,0.3941446004520066,0.7677641062101888,0,0.0,1361613.0675475192,532620048235.4497,625876.1960816752,53262004823544.97,8551518.554254076,4.012690624222159e-09,0,5,1,0.0,1.558578142506413e+16,0
352,245000000.0,0,1679687.5,6028577.822592269,0,0.40442924238118905,0.8361037400890828,0,0.0,2188712.3361751726,777357421128.2742,425838.250035119,77735742112827.42,8520501.740111466,5.446054274216294e-09,0,5,1,0.0,1.551779147586219e+16,0
353,245000000.0,0,1679687.5,6040501.019143715,0,0.3664221430220265,1.1629836697334404,0,0.0,2106196.7935577426,777822559742.4413,712535.3969063895,77782255974244.12,8546689.816263048,5.0240487325936556e-09,0,5,1,0.0,1.5537178319692738e+16,0
354,245000000.0,0,1679687.5,6047135.425128025,0,0.3833574901500011,0.8024151368359203,0,0.0,1773879.037128517,594966041589.149,482427.49731874664,59496604158914.91,8429242.489666663,7.810740498825908e-09,0,5,1,0.0,1.554519454411274e+16,0
355,245000000.0,0,1632055.4022689015,6071243.4938269025,0,0.39618200299618417,1.2246981928606222,0,0.0,1328424.0185926147,710993257662.7272,799194.5977311038,71099325766272.72,8429242.489666663,7.563357939943671e-09,0,5,1,0.0,1.5528508237981574e+16,0
356,245000000.0,0,1679687.5,6083486.069211946,0,0.39557181200551794,0.7775160524664961,0,0.0,1404855.2734836447,507543869363.6071,569086.6981434609,50754386936360.71,8429242.489666663,7.563357939943671e-09,0,5,1,0.0,1.558120407036481e+16,0
357,245000000.0,0,1545396.2014441872,6102157.458725575,0,0.405702665557866,1.2933296125095173,0,0.0,1339603.6985640274,854090087994.7725,885853.798555818,85409008799477.25,8429242.489666663,7.563357939943671e-09,0,5,1,0.0,1.5521995426313494e+16,0
358,245000000.0,0,1679687.5,6099854.547292586,0,0.3901884706027422,0.7541157079628813,0,0.0,1416038.263121804,582661937336.7656,655745.8989681752,58266193733676.56,8429229.250999676,5.11863618157804e-09,0,5,1,0.0,1.5587878160319878e+16,0
359,245000000.0,0,1679687.5,6092249.913069133,0,0.39826593565809587,1.0808695808336048,0,0.0,1966389.1157629574,702690003334.4764,581887.9993805323,70269000333447.64,8429229.250999676,5.11863618157804e-09,0,5,1,0.0,1.551550368479932e+16,0
360,245000000.0,0,1532594.9002071158,6077097.641999083,0,0.3853491837533228,1.3041253591348634,0,0.0,2051605.352179902,1060922837084.6062,898655.0997928894,106092283708460.62,8353204.667934476,3.8089638110250235e-09,0,5,1,0.0,1.5516764585234132e+16,0
361,245000000.0,0,1679687.5,6057053.868558038,0,0.37230540662878064,0.753393986776861,0,0.0,2348990.7021384733,871346711468.585,668547.2002052466,87134671146858.5,8353204.667934476,3.8089638110250235e-09,0,5,1,0.0,1.5570000793824936e+16,0
362,245000000.0,0,1679687.5,6056738.905252356,0,0.39425387855432514,1.0883994203142209,0,0.0,1998729.6726913366,650386008985.7825,594689.3006176037,65038600898578.25,8353204.667934476,4.05634636990726e-09,0,5,1,0.0,1.5517445591511344e+16,0
363,245000000.0,0,1679687.5,6097275.032010655,0,0.4098249248746865,1.0463432767043739,0,0.0,1795686.47497683,701324792354.3523,520831.40102996083,70132479235435.23,8353204.667934476,3.8089638110250235e-09,0,5,1,0.0,1.551227586122735e+16,0
364,245000000.0,0,1593651.4985576873,6131387.00865602,0,0.39942798038919197,1.254192531602634,0,0.0,1514345.792122404,790347522392.9043,837598.501442318,79034752239290.44,8353204.667934476,3.8089638110250235e-09,0,5,1,0.0,1.5527290744817592e+16,0
365,245000000.0,0,1679687.5,6132845.323418113,0,0.39529771221552773,0.7752190346477545,0,0.0,1590777.047013434,627116557152.4456,607490.6018546751,62711655715244.555,8353204.667934476,3.8089638110250235e-09,0,5,1,0.0,1.5567249766038826e+16,0
366,245000000.0,0,1506992.297732973,6137438.393715305,0,0.41060235638944503,1.3262667209949828,0,0.0,1397017.057708288,928885524262.2164,924257.7022670322,92888552426221.64,8353204.667934476,3.8089638110250235e-09,0,5,1,0.0,1.551778343155086e+16,0
367,245000000.0,0,1679687.5,6136720.223758773,0,0.39060394701755274,0.7519546807968167,0,0.0,1470384.868071498,638882486864.8534,694149.8026793894,63888248686485.336,8365458.446045758,4.914909368380904e-09,0,5,1,0.0,1.558787865721176e+16,0
368,245000000.0,0,1679687.5,6103152.640255851,0,0.4011707907150687,0.8243320976297204,0,0.0,2334100.0221235747,899485960868.5868,467056.25489103014,89948596086858.67,8404279.595037553,4.900357453152537e-09,0,5,1,0.0,1.5515209178053604e+16,0
369,245000000.0,0,1650440.9964959016,6101834.156337166,0,0.37219401558355286,1.2110635525239386,0,0.0,2311257.7263920046,915083210509.2461,780809.0035041036,91508321050924.61,8377611.752317251,3.183231456205249e-09,0,5,1,0.0,1.5529694003834558e+16,0
370,245000000.0,0,1679687.5,6103459.581051949,0,0.3841805055992421,0.8028866522943205,0,0.0,2016157.3019603137,787811414556.789,550701.1039164608,78781141455678.89,8317556.832356858,3.5033735912293196e-09,0,5,1,0.0,1.5531434179355356e+16,0
371,245000000.0,0,1563781.7956711873,6117752.877800969,0,0.40448502057615937,1.2781334787590195,0,0.0,1628387.640769022,851335594154.7947,867468.2043288179,85133559415479.47,8317556.832356858,3.5033735912293196e-09,0,5,1,0.0,1.5520971582902668e+16,0
372,245000000.0,0,1679687.5,6121906.139886399,0,0.40085354636737874,0.78715274480947,0,0.0,1738895.4951772245,736979925884.7454,641409.4442781513,73697992588474.53,8301360.274208953,2.433807821944356e-09,0,5,1,0.0,1.5558591981158784e+16,0
373,245000000.0,0,1469024.3157725204,6137087.345917529,0,0.41611667559021764,1.3605217128323277,0,0.0,1544224.358835892,1006787503978.3835,962225.6842274846,100678750397838.36,8301360.274208953,2.433807821944356e-09,0,5,1,0.0,1.5514058870656884e+16,0
374,245000000.0,0,1679687.5,6131346.580074136,0,0.3976556076931354,0.7720236495096655,0,0.0,1650683.0737071184,773126152952.0474,736166.924176818,77312615295204.73,8290512.826710885,2.433807821944356e-09,0,5,1,0.0,1.5576012871604404e+16,0
375,245000000.0,0,1374266.8358738534,6143207.301561121,0,0.43054479586681077,1.454263236653407,0,0.0,1539399.2684770115,1192300815853.6648,1056983.1641261512,119230081585366.48,8290512.826710885,2.433807821944356e-09,0,5,1,0.0,1.5503661076532892e+16,0
376,245000000.0,0,1600325.59592452,6130864.459224133,0,0.3951111239693364,0.7574651505094342,0,0.0,1664784.245119929,872857903594.4395,830924.4040754846,87285790359443.94,8214807.77962412,3.5033735912293196e-09,0,5,1,0.0,1.5586916633587462e+16,0
377,245000000.0,0,1679687.5,6101746.78653815,0,0.4066206938414164,0.836175059517194,0,0.0,2586925.9842099035,1145341631225.7327,604865.644024818,114534163122573.27,8214807.77962412,3.5033735912293196e-09,0,5,1,0.0,1.5509475896556236e+16,0
378,245000000.0,0,1505568.116025853,6094399.535908598,0,0.38864233491118133,1.3275204610567237,0,0.0,2645485.674824898,1224082838553.2456,925681.8839741513,122408283855324.56,8214807.77962412,3.5033735912293196e-09,0,5,1,0.0,1.5514242626065446e+16,0
379,245000000.0,0,1679687.5,6094004.223128064,0,0.38985610273435206,0.819123275756492,0,0.0,2344252.2844575555,1101228291753.564,699623.1239234847,110122829175356.39,8239339.643366727,4.431058187037706e-09,0,5,1,0.0,1.55160055616506e+16,0
380,245000000.0,0,1410810.636127186,6111954.685138383,0,0.4263742003095907,1.4166205784412476,0,0.0,1979320.0465142285,1184258822940.755,1020439.3638728181,118425882294075.48,8239339.643366727,4.431058187037706e-09,0,5,1,0.0,1.550433516443502e+16,0
381,245000000.0,0,1636869.3961778525,6113774.0069699595,0,0.40598062832528503,0.8027530536032629,0,0.0,2085778.7613854548,1078589293043.196,794380.6038221514,107858929304319.61,8239339.643366727,4.431058187037706e-09,0,5,1,0.0,1.5541336952355526e+16,0
382,245000000.0,0,1316053.156228519,6127891.395195467,0,0.44094376091088255,1.5185415945755376,0,0.0,1891859.865344169,1351404675516.918,1115196.8437714847,135140467551691.8,8219999.246153025,5.4933479987084866e-09,0,5,1,0.0,1.5497270628018924e+16,0
383,245000000.0,0,1542111.9162791856,6121156.338352821,0,0.4027059908109104,0.7870243305736452,0,0.0,1998318.5802153954,1127037599373.52,889138.083720818,112703759937352.0,8219999.246153025,5.4933479987084866e-09,0,5,1,0.0,1.555869900100671e+16,0
384,245000000.0,0,1221295.676329852,6131540.2958368175,0,0.458840063447911,1.6362652987576096,0,0.0,1849722.2662654913,1551263759447.0554,1209954.3236701514,155126375944705.53,8219999.2461527595,4.001776687800884e-09,0,5,1,0.0,1.5486866538808718e+16,0
385,245000000.0,0,1447354.4363805186,6119947.751696672,0,0.400071179807004,0.7719001236987458,0,0.0,1956180.98113685,1221371317109.1719,983895.5636194848,122137131710917.19,8219999.2461527595,4.001776687800884e-09,0,5,1,0.0,1.5572518092764072e+16,0
386,245000000.0,0,1673413.1964311851,6069865.154465078,0,0.4068014279541196,0.8538007424080352,0,0.0,3278483.396716971,1546324632095.3022,757836.8035688181,154632463209530.22,8219999.2461527595,4.001776687800884e-09,0,5,1,0.0,1.5496722281344302e+16,0
387,245000000.0,0,1352596.9564818516,6046835.657781027,0,0.3889158675424543,1.4775446933614726,0,0.0,3382006.759145135,1707883218394.8936,1078653.0435181516,170788321839489.34,8219999.2461527595,4.001776687800884e-09,0,5,1,0.0,1.549246022296484e+16,0
388,245000000.0,0,1578655.7165325182,6047535.884006059,0,0.3888026819826725,0.8360301539236411,0,0.0,2933075.638215091,1495194039286.6375,852594.283467485,149519403928663.75,8219999.2461527595,4.401954356580973e-09,0,5,1,0.0,1.5492562895002326e+16,0
389,245000000.0,0,1257839.4765831847,6082316.618592549,0,0.4529136435727097,1.5887649197565017,0,0.0,2328835.804879415,1565745825836.737,1173410.5234168184,156574582583673.72,8219999.2461527595,4.001776687800884e-09,0,5,1,0.0,1.5483001131559804e+16,0
390,245000000.0,0,1483898.2366338512,6096411.574533529,0,0.410911465242338,0.8189842194150916,0,0.0,2375156.4618892944,1446405858240.1804,947351.7633661517,144640585824018.03,8219999.2461527595,4.001776687800884e-09,0,5,1,0.0,1.5526168347392594e+16,0
391,245000000.0,0,1163081.9966845177,6125888.67768291,0,0.47123923669299383,1.7180920293384003,0,0.0,2170990.669490583,1746616516209.754,1268168.003315485,174661651620975.38,8219999.2461527595,4.001776687800884e-09,0,5,1,0.0,1.5480073770033498e+16,0
392,245000000.0,0,1389140.7567351842,6129440.366538162,0,0.4045395964187178,0.8026194993660958,0,0.0,2277449.384361942,1511860179117.197,1042109.2432648184,151186017911719.7,8219999.2461527595,4.001776687800884e-09,0,5,1,0.0,1.5545747451059608e+16,0
393,245000000.0,0,1615199.5167858507,6090840.901883879,0,0.4075020253633649,0.891544135805448,0,0.0,3597306.300866414,1879897887331.332,816050.4832141518,187989788733133.2,8224890.244304057,5.398760549724102e-09,0,5,1,0.0,1.5475028875556832e+16,0
394,245000000.0,0,1294383.2768365173,6071689.504813019,0,0.3967265080342864,1.5439445882644418,0,0.0,3695938.66514328,1983009047961.8804,1136866.723163485,198300904796188.03,8224890.244304057,5.398760549724102e-09,0,5,1,0.0,1.5481013110225728e+16,0
395,245000000.0,0,1520442.0441694898,6073565.747207827,0,0.39181245845898954,0.8721854868932071,0,0.0,3216792.8254362512,1865363168232.3826,910807.9558305126,186536316823238.25,8260021.881596549,4.871253622695804e-09,0,5,1,0.0,1.546604480482468e+16,0
396,245000000.0,0,1199625.8115024623,6107727.758881461,0,0.4642356310275772,1.665797937075167,0,0.0,2640267.1635286147,1829418353978.6548,1231624.18849754,182941835397865.47,8283963.290428098,5.249603418633342e-09,0,5,1,0.0,1.5477292616302084e+16,0
397,245000000.0,0,1425684.5788354347,6125882.504788456,0,0.4147756643951257,0.8536496572623271,0,0.0,2700095.488594605,1805023277597.6423,1005565.4211645676,180502327759764.22,8283963.290428098,5.249603418633342e-09,0,5,1,0.0,1.5499241998814886e+16,0
398,245000000.0,0,1104868.3461684072,6156845.48922639,0,0.4842659997646923,1.8085335446389834,0,0.0,2492345.447589723,1996504617482.5837,1326381.653831595,199650461748258.38,8283790.3557607485,5.7734723668545485e-09,0,5,1,0.0,1.5473536486329812e+16,0
399,245000000.0,0,1330927.1135013797,6157492.686151827,0,0.4087563002078627,0.8359154941276405,0,0.0,2598051.381286625,1856423957085.707,1100322.8864986226,185642395708570.7,8287147.27506248,5.005858838558197e-09,0,5,1,0.0,1.5518968378638036e+16,0
400,245000000.0,0,1010110.8808343522,6180787.472222617,0,0.5093361260498511,1.9780224285091588,0,0.0,2447863.0417722194,2199231941791.05,1421139.11916565,219923194179104.97,8287147.27506248,4.3655745685100555e-09,0,5,1,0.0,1.5463665063280336e+16,0
401,245000000.0,0,1236169.6481673247,6177501.953856773,0,0.40375703259736534,0.8189034017194039,0,0.0,2554409.572032068,1953472733806.3848,1195080.3518326776,195347273380638.47,8287144.5415874515,3.812601789832115e-09,0,5,1,0.0,1.5532907133575654e+16,0
402,245000000.0,0,1462228.4155002972,6134568.53957854,0,0.404618366005733,0.9116997226057035,0,0.0,3843139.347177149,2277218197870.4404,969021.5844997051,227721819787044.03,8287144.5415874515,3.812601789832115e-09,0,5,1,0.0,1.5464211445920068e+16,0
403,245000000.0,0,1141412.1828332697,6116713.784849104,0,0.4199846911882675,1.7506816104147689,0,0.0,3829015.5835245615,2393872732872.4688,1289837.8171667326,239387273287246.88,8374820.000149113,3.5943230614066124e-09,0,5,1,0.0,1.5462335018123596e+16,0
404,245000000.0,0,1367470.9501662422,6121732.543608157,0,0.3898953166249613,0.8904487110899854,0,0.0,3363175.0026414013,2279762146430.023,1063779.0498337601,227976214643002.28,8374819.795760822,2.546585164964199e-09,0,5,1,0.0,1.5456562331703374e+16,0
405,245000000.0,0,1046654.7174992147,6155599.774036794,0,0.5002957575932184,1.9090259095802709,0,0.0,2844883.3390446217,2294702576229.255,1384595.2825007876,229470257622925.5,8374819.795760822,3.1868694350123405e-09,0,5,1,0.0,1.5463150492810068e+16,0
406,245000000.0,0,1272713.4848321872,6173688.373748545,0,0.4145518423771866,0.8701658418306972,0,0.0,2948779.510625311,2254264985104.92,1158536.5151678151,225426498510492.0,8374819.795368001,2.7921487344428897e-09,0,5,1,0.0,1.548991464705207e+16,0
407,245000000.0,0,951897.2521651597,6204383.130643191,0,0.5267983257463709,2.0988621758071275,0,0.0,2750619.597176217,2479985869114.4395,1479352.7478348427,247998586911443.94,8374819.795368001,2.7921487344428897e-09,0,5,1,0.0,1.5457264841808112e+16,0
408,245000000.0,0,1197541.7543156487,6211574.186005171,0,0.40560731399254235,0.8394555508568635,0,0.0,2771469.370614246,2202493354085.615,1233708.2456843536,220249335408561.53,8580084.061091946,2.7557689463719726e-09,0,5,1,0.0,1.5507988451991266e+16,0
409,245000000.0,0,1443186.2564661377,6174077.316198341,0,0.4023794309637572,0.9229492646050399,0,0.0,3933315.1208245964,2381374043743.5566,988063.7435338645,238137404374355.66,8580084.061091946,2.7557689463719726e-09,0,5,1,0.0,1.5451145065024822e+16,0
410,245000000.0,0,1141955.7586166267,6184859.87993756,0,0.44470604394726887,1.7498490076472377,0,0.0,3384782.1310904445,2303908122087.604,1289294.2413833754,230390812208760.4,8580084.061091946,2.7557689463719726e-09,0,5,1,0.0,1.5458446289932698e+16,0
411,245000000.0,0,1387061.7014812233,6203411.059468814,0,0.39373946672545457,0.8761244017059513,0,0.0,3097852.1122639007,2052602742456.8867,1044188.2985187789,205260274245688.7,8577929.823948376,2.5811459636315703e-09,0,5,1,0.0,1.5486579274867292e+16,0
412,245000000.0,0,1085292.64434582,6237874.17657315,0,0.489483584522115,1.8411244984581727,0,0.0,2670291.542341354,2123278460478.741,1345957.3556541824,212327846047874.1,8577929.823948376,2.2901076590642333e-09,0,5,1,0.0,1.545700421793826e+16,0
413,245000000.0,0,1330398.5872104166,6247490.057206819,0,0.4017636757045724,0.8338213500685455,0,0.0,2671736.0824225135,1833074091053.888,1100851.4127895858,183307409105388.78,8577238.939640969,2.2901076590642333e-09,0,5,1,0.0,1.5514064760996274e+16,0
414,245000000.0,0,1028629.5300750132,6269756.785633948,0,0.5033059929822529,1.9424462309800798,0,0.0,2372021.154683232,2143996713705.6477,1402620.4699249892,214399671370564.78,8577238.939640969,2.2901076590642333e-09,0,5,1,0.0,1.5455977817273654e+16,0
415,245000000.0,0,1273735.4729396098,6268568.275878178,0,0.392471355552404,0.7954152816306783,0,0.0,2373465.694764392,1716037715980.5132,1157514.5270603925,171603771598051.3,8577238.939640969,2.2901076590642333e-09,0,5,1,0.0,1.5546023592646918e+16,0
416,245000000.0,0,1518841.4158042064,6244621.9160679765,0,0.4087561864800883,0.8699890261075848,0,0.0,3123482.32966654,1857156371089.7842,912408.584195796,185715637108978.4,8577238.939640969,2.2901076590642333e-09,0,5,1,0.0,1.547631151310488e+16,0
417,245000000.0,0,1217072.358668803,6246721.673279788,0,0.4298289486214259,1.641938580878515,0,0.0,3042741.6490065507,1895230733316.7783,1214177.6413311996,189523073331677.84,8577238.939640969,2.2901076590642333e-09,0,5,1,0.0,1.5480497836089312e+16,0
418,245000000.0,0,1462178.3015333996,6253377.635718945,0,0.38561092379986217,0.8282622755457189,0,0.0,2681618.017959179,1637925515307.623,969071.6984666031,163792551530762.3,8577238.939640969,2.2901076590642333e-09,0,5,1,0.0,1.5499091000327398e+16,0
419,245000000.0,0,1160409.2443979962,6277227.818291795,0,0.470899409328144,1.7220458762894368,0,0.0,2239938.3386641988,1760792896886.3896,1270840.7556020066,176079289688638.97,8604095.38977102,2.406522980891168e-09,0,5,1,0.0,1.5475932529748192e+16,0
420,245000000.0,0,1405515.1872625928,6287118.813524683,0,0.3909797669130841,0.7861830589787903,0,0.0,2266945.6218547183,1456380173644.2852,1025734.8127374101,145638017364428.5,8604095.38977102,2.406522980891168e-09,0,5,1,0.0,1.5539834625981154e+16,0
421,245000000.0,0,1650621.1301271894,6246333.664527895,0,0.38917209132894703,0.8564867984187092,0,0.0,3370924.5663483907,1577103186359.3455,780628.8698728136,157710318635934.53,8604095.38977102,2.406522980891168e-09,0,5,1,0.0,1.5486519225191458e+16,0
422,245000000.0,0,1348852.072991786,6263484.510289014,0,0.408112882563382,1.4816438334366806,0,0.0,2829335.07162672,1598490918667.6487,1082397.9270082172,159849091866764.88,8604268.939724246,3.0759110813960433e-09,0,5,1,0.0,1.548123458362032e+16,0
423,245000000.0,0,1593958.0158563827,6287555.699479877,0,0.3779179120250332,0.8115686330519382,0,0.0,2528394.880960951,1285864733768.909,837291.9841436207,128586473376890.89,8604268.939724246,2.901288098655641e-09,0,5,1,0.0,1.5524892054472632e+16,0
424,245000000.0,0,1292188.9587209793,6318227.8077234905,0,0.4442391997642898,1.5465643953363846,0,0.0,2086628.4266893584,1469781718452.3877,1139061.0412790242,146978171845238.78,8604268.939724246,2.901288098655641e-09,0,5,1,0.0,1.547971463217244e+16,0
425,245000000.0,0,1537294.901585576,6332450.343083003,0,0.38547122693637165,0.7711271272576714,0,0.0,2074644.7417054924,1110486275383.8008,893955.0984144277,111048627538380.08,8604268.939724246,3.5415723687037826e-09,0,5,1,0.0,1.5555329001326874e+16,0
426,245000000.0,0,1679687.5,6313017.615855898,0,0.3988308431010798,0.838648290987898,0,0.0,2727049.7637419,1291210903459.9429,648849.1555498312,129121090345994.28,8604268.939724246,3.5415723687037826e-09,0,5,1,0.0,1.5490636945115838e+16,0
427,245000000.0,0,1480631.787314769,6320258.281465429,0,0.38928436511335196,1.3498630477041087,0,0.0,2632880.858016885,1262662870588.821,950618.2126852347,126266287058882.11,8604268.939724246,2.901288098655641e-09,0,5,1,0.0,1.5509439364480494e+16,0
428,245000000.0,0,1679687.5,6332549.465308548,0,0.3754922259033584,0.7955346171582214,0,0.0,2258285.6144161806,1058101904666.9421,705512.2698206382,105810190466694.22,8604268.939724246,2.901288098655641e-09,0,5,1,0.0,1.5516350463979022e+16,0
429,245000000.0,0,1423968.6730439623,6360459.048055511,0,0.42157434921771647,1.4035396271046985,0,0.0,1816519.1601445877,1139505178452.6523,1007281.3269560417,113950517845265.23,8604268.939724246,3.5415723687037826e-09,0,5,1,0.0,1.5504871479416918e+16,0
430,245000000.0,0,1669074.615908559,6373861.9836482275,0,0.3819247487422571,0.7566370219194971,0,0.0,1843526.443335107,894987220831.0814,762175.3840914452,89498722083108.14,8604268.939724246,3.5415723687037826e-09,0,5,1,0.0,1.5558563559037698e+16,0
431,245000000.0,0,1679687.5,6332301.784033507,0,0.37804366633598296,0.8215376873366756,0,0.0,2947635.550293699,1045238588760.9656,517069.44122684875,104523858876096.56,8604268.939724246,3.5415723687037826e-09,0,5,1,0.0,1.5508313279925522e+16,0
432,245000000.0,0,1612411.5016377522,6349249.316444289,0,0.373750244914408,1.2396093606434733,0,0.0,2367098.4748859494,1029687353172.5092,818838.4983622523,102968735317250.92,8604268.939724246,2.901288098655641e-09,0,5,1,0.0,1.5510163153215216e+16,0
433,245000000.0,0,1679687.5,6371416.405855462,0,0.367340726020795,0.7801218889464797,0,0.0,2066158.2842201807,763287133462.7561,573732.5554976558,76328713346275.61,8577967.24527583,4.938556230627e-09,0,5,1,0.0,1.5546664196661956e+16,0
434,245000000.0,0,1555748.3873669454,6403106.674324431,0,0.40298374712548896,1.2847291291451164,0,0.0,1641387.658080412,922320681770.4482,875501.6126330593,92232068177044.83,8641150.200742714,5.637048161588609e-09,0,5,1,0.0,1.5508639706775402e+16,0
435,245000000.0,0,1679687.5,6416586.161581899,0,0.37492645668166324,0.7340699118517997,0,0.0,1597812.4953631042,603654600155.7667,630395.6697684628,60365460015576.67,8641150.200742714,5.637048161588609e-09,0,5,1,0.0,1.5575241592050516e+16,0
436,245000000.0,0,1679687.5,6397104.382551185,0,0.38442315009874933,0.7900405180167507,0,0.0,2218626.03966607,799619369200.8375,468893.0636512294,79961936920083.75,8641150.200742714,5.637048161588609e-09,0,5,1,0.0,1.551403533238873e+16,0
437,245000000.0,0,1679687.5,6406552.502239529,0,0.35973297463598725,1.1460062265434858,0,0.0,2092865.6562076127,775027633629.5105,687058.7840392698,77502763362951.05,8641150.200742714,5.637048161588609e-09,0,5,1,0.0,1.5538356778757902e+16,0
438,245000000.0,0,1679687.5,6416179.425558643,0,0.3622605099664746,0.7464238743810375,0,0.0,1732107.3983006896,593224122617.661,441952.8411746733,59322412261766.1,8511065.258856121,5.084075382910669e-09,0,5,1,0.0,1.5546643555041372e+16,0
439,245000000.0,0,1679687.5,6443361.387469713,0,0.3864459884743808,1.184463556157781,0,0.0,1498659.4291463916,674223931660.7817,743721.8983100768,67422393166078.17,8572664.396825869,5.042238626629114e-09,0,5,1,0.0,1.5533785202826138e+16,0
440,245000000.0,0,1679687.5,6455257.917548861,0,0.36945753158206085,0.7106152755142607,0,0.0,1519889.6905146185,525264521675.02295,498615.9554454803,52526452167502.3,8572664.396825869,5.042238626629114e-09,0,5,1,0.0,1.5565757993944896e+16,0
441,245000000.0,0,1630864.987419122,6475143.811212029,0,0.3917704774269594,1.2255915871833873,0,0.0,1424679.9677076396,732143667899.4763,800385.0125808838,73214366789947.62,8572664.396825869,5.042238626629114e-09,0,5,1,0.0,1.552974615876493e+16,0
442,245000000.0,0,1679687.5,6474078.411105984,0,0.3618010657037483,0.6780851285058627,0,0.0,1445910.2290844729,512948759356.8923,555279.0697162873,51294875935689.23,8572664.396791443,5.8498699218034744e-09,0,5,1,0.0,1.5575997428176268e+16,0
443,245000000.0,0,1574201.8731483151,6489287.111057333,0,0.39853420464570527,1.269678530792153,0,0.0,1387959.5304975347,812235010828.2216,857048.1268516908,81223501082822.16,8572744.590336101,5.515175871551037e-09,0,5,1,0.0,1.5523532399052626e+16,0
444,245000000.0,0,1679687.5,6488239.698786854,0,0.3551582844965525,0.6484029044808177,0,0.0,1409189.7918657616,535097725365.06696,611942.1839870943,53509772536506.695,8572744.590336101,5.515175871551037e-09,0,5,1,0.0,1.5583321070268556e+16,0
445,245000000.0,0,1679687.5,6441797.684542891,0,0.3523309411223565,0.6947883928165532,0,0.0,2559968.452652242,813396907834.9979,411855.26136822684,81339690783499.8,8511860.496863952,3.881723387166858e-09,0,5,1,0.0,1.5518089011857896e+16,0
446,245000000.0,0,1679687.5,6429526.836608373,0,0.34203379568794195,1.1340152571685367,0,0.0,2451755.537452195,829056085133.0085,668605.2982579013,82905608513300.86,8511765.013528831,4.256435204297304e-09,0,5,1,0.0,1.5536064183236902e+16,0
447,245000000.0,0,1679687.5,6416357.477267364,0,0.3387686046347285,0.6636593998217588,0,0.0,2494475.37203758,747181679094.4154,423499.35539330484,74718167909441.55,8511765.013528831,4.118192009627819e-09,0,5,1,0.0,1.5536571213619856e+16,0
448,245000000.0,0,1679687.5,6431764.60216575,0,0.36445606096749533,1.1716588009380793,0,0.0,2170562.5500809783,841006962137.6056,725268.4125287083,84100696213760.56,8511765.013528831,4.118192009627819e-09,0,5,1,0.0,1.5523326464994302e+16,0
449,245000000.0,0,1679687.5,6452624.313569787,0,0.3387630399228063,0.6352001712486743,0,0.0,1674979.7425452708,522687975089.9565,480162.46966411185,52268797508995.65,8511765.013528831,4.118192009627819e-09,0,5,1,0.0,1.5559116433193786e+16,0
450,245000000.0,0,1649318.4732004912,6498782.453223075,0,0.3902861725001434,1.2118873008319209,0,0.0,1462488.0514346375,714191444692.864,781931.5267995154,71419144469286.4,8511765.013528831,4.118192009627819e-09,0,5,1,0.0,1.5527425935530312e+16,0
451,245000000.0,0,1679687.5,6514453.279639252,0,0.3445750506811456,0.6090813729363775,0,0.0,1459148.553732758,514237060413.3221,536825.5839349189,51423706041332.21,8514152.399928823,5.222318577580154e-09,0,5,1,0.0,1.5574737284900476e+16,0
452,245000000.0,0,1592655.3589296844,6546807.133895411,0,0.39489167731230973,1.2549764845915123,0,0.0,1442181.198343386,796332143841.9761,838594.6410703224,79633214384197.61,8514152.399928823,5.222318577580154e-09,0,5,1,0.0,1.5525561361406736e+16,0
453,245000000.0,0,1679687.5,6557371.430158238,0,0.3382268476264704,0.5850256989458624,0,0.0,1463411.4597116127,551371837969.3792,593488.6982057259,55137183796937.914,8514152.399928823,5.222318577580154e-09,0,5,1,0.0,1.5578858471808172e+16,0
454,245000000.0,0,1679687.5,6551503.453239579,0,0.3636503968360328,1.0375503775667516,0,0.0,1893575.704366405,570262714276.6516,504632.7553411294,57026271427665.164,8514152.399928823,5.222318577580154e-09,0,5,1,0.0,1.5522206356956872e+16,0
455,245000000.0,0,1624848.187523474,6544691.484746502,0,0.36855601670458044,1.230127151690861,0,0.0,2033291.1190524485,936161778639.1396,806401.8124765329,93616177863913.97,8514152.399928823,5.4551492212340236e-09,0,5,1,0.0,1.5518517023884764e+16,0
456,245000000.0,0,1679687.5,6526243.437326102,0,0.3256172329247806,0.5707770138242667,0,0.0,2213987.809984036,717392939963.1475,561295.8696119364,71739293996314.75,8514152.399928823,5.222318577580154e-09,0,5,1,0.0,1.557104840737743e+16,0
457,245000000.0,0,1679687.5,6529390.914199892,0,0.3473691850838399,1.0205070518290735,0,0.0,1828151.722908134,482101580824.31726,472439.9267473399,48210158082431.73,8514152.399928823,5.222318577580154e-09,0,5,1,0.0,1.552187624893242e+16,0
458,245000000.0,0,1657041.0161172636,6550398.680394874,0,0.3637734018430293,1.2062427772043436,0,0.0,1854089.084053674,851271829482.4692,774208.9838827434,85127182948246.92,8514150.005036144,5.396941560320556e-09,0,5,1,0.0,1.5519997590951142e+16,0
459,245000000.0,0,1679687.5,6548818.952600296,0,0.32400551712226133,0.5572060841110628,0,0.0,1709122.722366133,540181265469.7139,529103.0410181469,54018126546971.39,8514150.005036144,5.1641109166666865e-09,0,5,1,0.0,1.556845408837505e+16,0
460,245000000.0,0,1600377.9018464568,6568182.195382601,0,0.3932310123245375,1.2489244404421436,0,0.0,1495129.6134440652,804388495137.5764,830872.0981535504,80438849513757.64,8514150.005036144,5.1641109166666865e-09,0,5,1,0.0,1.5519297312825266e+16,0
461,245000000.0,0,1679687.5,6571576.018740081,0,0.328094070331733,0.5370057657459569,0,0.0,1471407.4168415838,534561327568.24664,585766.1552889539,53456132756824.664,8514150.005036144,5.629772203974426e-09,0,5,1,0.0,1.5578904642490978e+16,0
462,245000000.0,0,1543714.78757565,6586568.064743308,0,0.400092794289985,1.2947373949458312,0,0.0,1437039.3954495145,877141672164.8582,887535.2124243574,87714167216485.81,8514150.005036144,5.1641109166666865e-09,0,5,1,0.0,1.551844120742578e+16,0
463,245000000.0,0,1679687.5,6583071.598946537,0,0.32371605149972127,0.5182188465406171,0,0.0,1435844.0555022603,570575196545.3002,642429.2695597609,57057519654530.016,8514150.005036144,5.1641109166666865e-09,0,5,1,0.0,1.5584900276967242e+16,0
464,245000000.0,0,1679687.5,6559070.44782338,0,0.33034222336440516,0.5474285065514871,0,0.0,2210096.398016119,772867200504.0457,411856.4588145664,77286720050404.56,8514150.005036144,5.629772203974426e-09,0,5,1,0.0,1.55185922129216e+16,0
465,245000000.0,0,1679687.5,6548147.468830582,0,0.35847868017676815,1.1539631371902144,0,0.0,2079342.9592412258,758564166762.2092,699092.3838305679,75856416676220.92,8514150.005036144,5.396941560320556e-09,0,5,1,0.0,1.5537043403077142e+16,0
466,245000000.0,0,1679687.5,6534891.22769699,0,0.3177066690011255,0.5264005622918806,0,0.0,2269778.9715379495,721917102711.9852,453986.44096597144,72191710271198.52,8557847.558024002,5.105903255753219e-09,0,5,1,0.0,1.5546154842450326e+16,0
467,245000000.0,0,1675494.5018986329,6534307.942681633,0,0.364950568779005,1.192965439334872,0,0.0,2157719.279759471,881247992253.8372,755755.498101375,88124799225383.72,8557847.558024002,5.571564543060958e-09,0,5,1,0.0,1.5522880111575756e+16,0
468,245000000.0,0,1679687.5,6550512.126500893,0,0.31099937116574133,0.5055285414563255,0,0.0,1595792.4028953095,524373660171.04614,510649.55523677845,52437366017104.62,8635794.347204247,5.1641109166666865e-09,0,5,1,0.0,1.5562047915569362e+16,0
469,245000000.0,0,1679687.5,6565746.718432742,0,0.33733077937868405,1.1260745222217798,0,0.0,1289551.5302579775,531576275905.12445,656168.612372182,53157627590512.445,8635794.347204247,4.931280273012817e-09,0,5,1,0.0,1.5525591133835908e+16,0
470,245000000.0,0,1679687.5,6590348.026356707,0,0.32276316380254017,0.5053158891395477,0,0.0,1280611.9985736036,373127761855.7848,411062.66950758547,37312776185578.48,8664892.822936058,6.049958756193519e-09,0,5,1,0.0,1.5576601715699562e+16,0
471,245000000.0,0,1679687.5,6632356.437509231,0,0.3788260654537437,1.163184101850429,0,0.0,1295946.672533376,595860596440.5419,712831.726642989,59586059644054.19,8664892.822936058,6.049958756193519e-09,0,5,1,0.0,1.5539355558361306e+16,0
472,245000000.0,0,1679687.5,6637727.369336916,0,0.3158389766532885,0.48580445650221726,0,0.0,1293234.1647098958,396568223027.69934,467725.7837783925,39656822302769.94,8664892.822936058,6.049958756193519e-09,0,5,1,0.0,1.5580070994404648e+16,0
473,245000000.0,0,1661755.1590862125,6659343.2271130495,0,0.38444128673751105,1.2028229105595585,0,0.0,1308568.8386696684,672642507225.8022,769494.840913796,67264250722580.23,8664892.822936058,6.049958756193519e-09,0,5,1,0.0,1.5533144081859288e+16,0
474,245000000.0,0,1679687.5,6660542.285347775,0,0.31125057378607807,0.46774377152136243,0,0.0,1305856.3308461884,430309311462.5209,524388.8980491995,43030931146252.086,8664892.822936058,6.049958756193519e-09,0,5,1,0.0,1.5583533134715858e+16,0
475,245000000.0,0,1605092.0448154057,6677703.55471037,0,0.3907606330646709,1.2452586428381616,0,0.0,1321191.004805961,759725045273.9696,826157.955184603,75972504527396.95,8594079.433128688,5.060428520664573e-09,0,5,1,0.0,1.5526931226806112e+16,0
476,245000000.0,0,1679687.5,6677456.529838451,0,0.3076796299037041,0.45097783116609363,0,0.0,1318478.4969824809,474351027160.2496,581052.0123200065,47435102716024.96,8594079.433128688,5.060428520664573e-09,0,5,1,0.0,1.5586991853345998e+16,0
477,245000000.0,0,1679687.5,6672933.749334933,0,0.3374172054843351,1.0308991768278182,0,0.0,1701504.173290804,514269188726.5571,492196.06945541,51426918872655.71,8594079.433128688,5.060428520664573e-09,0,5,1,0.0,1.5524612008836218e+16,0
478,245000000.0,0,1637285.8095997283,6660954.906099963,0,0.3663034572219291,1.2207882094081295,0,0.0,1889103.2539791956,854262422806.7534,793964.1904002806,85426242280675.34,8594083.17789082,5.1768438424915075e-09,0,5,1,0.0,1.5526642695546562e+16,0
479,245000000.0,0,1679687.5,6643647.509451902,0,0.29661915959399254,0.43897539106010625,0,0.0,2021069.0165536366,662915258546.082,548857.3113451513,66291525854608.2,8594083.17789082,5.1768438424915075e-09,0,5,1,0.0,1.5571214787351092e+16,0
480,245000000.0,0,1679687.5,6643380.402173634,0,0.33056911714716986,1.0140704466333004,0,0.0,1673215.2658675136,427218872765.97723,460000.4322900219,42721887276597.73,8594083.17789082,5.1768438424915075e-09,0,5,1,0.0,1.5530143675994022e+16,0
481,245000000.0,0,1679687.5,6679974.279236301,0,0.3383717043913928,0.9703526002448722,0,0.0,1437691.0510850085,435829928428.96826,371143.55323489255,43582992842896.83,8594083.17789082,5.1768438424915075e-09,0,5,1,0.0,1.5528565515452342e+16,0
482,245000000.0,0,1679687.5,6689588.331977059,0,0.3741816101397491,1.1367910143533944,0,0.0,1281385.5604314497,546453834128.46234,672911.6741797632,54645383412846.234,8594083.17789082,5.1768438424915075e-09,0,5,1,0.0,1.5543735819159738e+16,0
483,245000000.0,0,1679687.5,6687983.345852118,0,0.3036444126279656,0.43064230680701343,0,0.0,1269450.1122469532,371984382667.7589,427804.7951246338,37198438266775.89,8612529.058612853,4.420144250616431e-09,0,5,1,0.0,1.5578148600644936e+16,0
484,245000000.0,0,1679687.5,6696234.213678597,0,0.3803157821200081,1.1746208478845253,0,0.0,1294005.8541866764,616475277828.514,729572.9160695045,61647527782851.41,8551809.694287382,2.6157067622989416e-09,0,5,1,0.0,1.5537520914903512e+16,0
485,245000000.0,0,1679687.5,6694794.341883808,0,0.3007634922682387,0.41559210233547245,0,0.0,1282070.4060021797,398965815789.38837,484466.0370143751,39896581578938.836,8551809.694287382,2.6157067622989416e-09,0,5,1,0.0,1.5581604876075872e+16,0
486,245000000.0,0,1645015.8420407632,6701960.5741999475,0,0.3869228560002005,1.2150551342934586,0,0.0,1306626.1479419032,696796924418.7153,786234.1579592457,69679692441871.53,8471619.378397893,4.361936589702964e-09,0,5,1,0.0,1.5531306294000112e+16,0
487,245000000.0,0,1679687.5,6698870.17865687,0,0.2990055812162421,0.40481722140609916,0,0.0,1334785.857702151,452234880038.54144,541127.2789041164,45223488003854.14,8471619.378397893,4.361936589702964e-09,0,5,1,0.0,1.5585056187664244e+16,0
488,245000000.0,0,1588354.600151022,6706197.749618389,0,0.39399825291312757,1.2583724235044578,0,0.0,1322118.2083024455,787410526855.6306,842895.399848987,78741052685563.06,8471619.378397893,4.361936589702964e-09,0,5,1,0.0,1.5525090768085558e+16,0
489,245000000.0,0,1679687.5,6703345.016745933,0,0.29740686467054,0.4027573088376116,0,0.0,1347651.4418463886,499900384011.25653,597788.5207938576,49990038401125.66,8482125.283263111,5.551555659621954e-09,0,5,1,0.0,1.5588282501106432e+16,0
490,245000000.0,0,1679687.5,6695983.55908184,0,0.3301654883322147,1.039869448242589,0,0.0,1807717.3866880087,568741584492.6064,508931.64173872827,56874158449260.64,8564369.827154404,5.289621185511351e-09,0,5,1,0.0,1.5521725531599366e+16,0
491,245000000.0,0,1620550.23731641,6677888.43554314,0,0.37133834897827894,1.233387627453286,0,0.0,1932351.4743690926,895945417578.6578,810699.7626835989,89594541757865.78,8566810.942834109,5.289621185511351e-09,0,5,1,0.0,1.5524790077475168e+16,0
492,245000000.0,0,1679687.5,6658625.402208302,0,0.2895681795342499,0.40446200574355146,0,0.0,2131895.973570949,710156616438.268,565592.8836284695,71015661643826.8,8566810.942834109,5.289621185511351e-09,0,5,1,0.0,1.5571261031855418e+16,0
493,245000000.0,0,1679687.5,6655616.464566039,0,0.3278190831371947,1.02274852804383,0,0.0,1742134.0373041385,462503668657.5667,476735.0858643517,46250366865756.67,8561344.88917864,5.7989382185041904e-09,0,5,1,0.0,1.5526141672733712e+16,0
494,245000000.0,0,1679687.5,6694020.62851195,0,0.33075355422150904,0.9782951945887887,0,0.0,1544494.2298079059,500081437922.1844,387877.2881002339,50008143792218.44,8561461.37200556,4.663888830691576e-09,0,5,1,0.0,1.5523360602961382e+16,0
495,245000000.0,0,1679687.5,6704794.443511047,0,0.37708805968554665,1.147706689155225,0,0.0,1288891.6230162622,566791311716.3513,689644.490336116,56679131171635.13,8561461.37200556,4.663888830691576e-09,0,5,1,0.0,1.5541895813875278e+16,0
496,245000000.0,0,1679687.5,6701671.211991409,0,0.2963184983934949,0.4024854372756578,0,0.0,1316948.8743282207,396619610918.5368,444434.23412370915,39661961091853.68,8516169.356061777,4.998582880944014e-09,0,5,1,0.0,1.5578810668138878e+16,0
497,245000000.0,0,1679687.5,6707083.206543703,0,0.3835989472550639,1.1861333734640895,0,0.0,1295891.5101625759,638277145942.5477,746098.9779113022,63827714594254.77,8516169.356061777,4.998582880944014e-09,0,5,1,0.0,1.5535691084255298e+16,0
498,245000000.0,0,1679687.5,6705122.653460456,0,0.29472160705276484,0.40788903084789707,0,0.0,1324051.2199228236,423606268312.08356,500888.72169889533,42360626831208.36,8516169.356061777,4.998582880944014e-09,0,5,1,0.0,1.5582675973860388e+16,0
499,245000000.0,0,1628696.53451352,6714079.435424384,0,0.3903965697983403,1.227222343328489,0,0.0,1302993.8557571787,721038274775.3883,802553.4654864884,72103827477538.83,8534668.31252532,5.842593964189291e-09,0,5,1,0.0,1.5529498713075894e+16,0
500,245000000.0,0,1679687.5,6712630.588863949,0,0.29317824029176126,0.41343969144904724,0,0.0,1331153.5655174598,461838411876.5403,557343.2092740815,46183841187654.03,8534668.312525187,6.133632268756628e-09,0,5,1,0.0,1.5586540962016844e+16,0
501,245000000.0,0,1576313.034378203,6723793.867137377,0,0.3969165575906413,1.267979124250644,0,0.0,1328697.2446779714,806184862267.4613,854936.9656218052,80618486226746.12,8484921.513108777,4.976755008101463e-09,0,5,1,0.0,1.5523307996421852e+16,0
502,245000000.0,0,1679687.5,6721426.6600920465,0,0.29226869786531134,0.4184295278920865,0,0.0,1389872.329026163,524170101285.3048,605655.7219695288,52417010128530.484,8484921.513108777,4.976755008101463e-09,0,5,1,0.0,1.5588313705935504e+16,0
503,245000000.0,0,1679687.5,6713196.9812670285,0,0.3286142016560555,1.041869873790169,0,0.0,1901777.0830100523,617455725809.4545,512624.4783172525,61745572580945.445,8484921.513108777,4.976755008101463e-09,0,5,1,0.0,1.5518805662241612e+16,0
504,245000000.0,0,1606244.093215149,6693451.749757055,0,0.37526748290530076,1.2443660601664914,0,0.0,1985562.458646284,936669071155.0399,825005.906784859,93666907115503.98,8425770.824629245,5.9881131164729595e-09,0,5,1,0.0,1.5524369647275852e+16,0
505,245000000.0,0,1679687.5,6670854.343797008,0,0.2895925366861131,0.4210532720100662,0,0.0,2278365.895441717,773466769106.736,582315.3446442788,77346676910673.6,8413081.379308227,5.238689482212067e-09,0,5,1,0.0,1.5570944831160644e+16,0
506,245000000.0,0,1679687.5,6667641.759463691,0,0.32691752707588456,1.032857672381263,0,0.0,1905413.7383590122,544967623706.8313,495874.7825036984,54496762370683.13,8431487.160089478,4.627509042620659e-09,0,5,1,0.0,1.5520025170261538e+16,0
507,245000000.0,0,1631190.7796368897,6681399.94263862,0,0.36356577390278655,1.225346953892814,0,0.0,1833734.763124379,870964330352.2456,800059.2203631181,87096433035224.56,8431487.160089478,4.169123712927103e-09,0,5,1,0.0,1.5518299322951864e+16,0
508,245000000.0,0,1679687.5,6671310.030099614,0,0.2915399646635757,0.42356598639738857,0,0.0,1722968.948570232,593912431978.6869,557368.6582225377,59391243197868.69,8431487.160089478,4.169123712927103e-09,0,5,1,0.0,1.5567927969228404e+16,0
509,245000000.0,0,1569696.9039180502,6698702.206366233,0,0.3981528194607824,1.2733201389848465,0,0.0,1482753.0222783936,841070750806.3254,861553.0960819575,84107075080632.55,8431487.160089478,4.169123712927103e-09,0,5,1,0.0,1.5519909961010364e+16,0
510,245000000.0,0,1679687.5,6695838.922846897,0,0.2928834566144739,0.4300200815259249,0,0.0,1548183.5944645007,605440017844.6233,618862.5339413772,60544001784462.33,8431487.160089478,4.169123712927103e-09,0,5,1,0.0,1.5578752150408166e+16,0
511,245000000.0,0,1508203.0281992108,6714711.176310364,0,0.40623176067108013,1.3252027478280446,0,0.0,1458698.869355668,932248093309.4019,923046.9718007969,93224809330940.19,8485073.731083216,5.275069270282984e-09,0,5,1,0.0,1.5516555636839806e+16,0
512,245000000.0,0,1679687.5,6711900.330789712,0,0.29139643772733914,0.4366739088836311,0,0.0,1515819.3720838728,639363826561.1736,680356.4096602167,63936382656117.36,8485073.731083216,5.275069270282984e-09,0,5,1,0.0,1.5583999488375022e+16,0
513,245000000.0,0,1679687.5,6667960.495783277,0,0.30315944856064286,0.44777617057833974,0,0.0,2683339.086278951,921341045012.0222,447745.5027282046,92134104501202.22,8485073.731083216,5.3041731007397175e-09,0,5,1,0.0,1.5514434063611696e+16,0
514,245000000.0,0,1679687.5,6649345.616874955,0,0.3459821817361931,1.1831521164498493,0,0.0,2580504.0663256464,947176182187.3523,741850.285379056,94717618218735.23,8485073.731083216,5.3041731007397175e-09,0,5,1,0.0,1.5528305671126326e+16,0
515,245000000.0,0,1679687.5,6658385.322090069,0,0.2846998693255361,0.4549954453973761,0,0.0,2105273.646259699,730515577831.99,499159.7232384757,73051557783199.0,8485073.731083216,5.762558430433273e-09,0,5,1,0.0,1.552683706068727e+16,0
516,245000000.0,0,1627905.838902112,6691850.254080586,0,0.3917238005536656,1.227818055675954,0,0.0,1550922.2034321083,747529020527.4426,803344.1610978954,74752902052744.27,8485073.731083216,5.762558430433273e-09,0,5,1,0.0,1.552485487286603e+16,0
517,245000000.0,0,1679687.5,6713591.655588123,0,0.29235724948259945,0.46212997727644356,0,0.0,1595384.9374962696,582597164623.7487,560653.5989573151,58259716462374.87,8535704.80573939,6.715708877891302e-09,0,5,1,0.0,1.5565837568334712e+16,0
518,245000000.0,0,1556002.313468567,6751104.526600915,0,0.39909759987378696,1.2845196071318337,0,0.0,1427617.6043640915,845199075213.392,875247.6865314407,84519907521339.2,8494066.206880568,5.686160875484347e-09,0,5,1,0.0,1.5522941800465036e+16,0
519,245000000.0,0,1679687.5,6759082.813119433,0,0.2883999575319525,0.4609582476077058,0,0.0,1484738.1070922962,591387451817.969,642966.7741055663,59138745181796.9,8494066.206880568,5.686160875484347e-09,0,5,1,0.0,1.5582528949332534e+16,0
520,245000000.0,0,1679687.5,6743341.13796505,0,0.29849249969452896,0.46226593725716575,0,0.0,2275472.002961979,835976843206.1567,447745.5027282046,83597684320615.67,8494066.206880568,5.686160875484347e-09,0,5,1,0.0,1.5515821696106174e+16,0
521,245000000.0,0,1679687.5,6745029.443655432,0,0.36503851292674233,1.1716667197094135,0,0.0,2222009.1878251093,820553358421.91,725279.9492538176,82055335842191.0,8494066.206880568,5.918991519138217e-09,0,5,1,0.0,1.5535550138373944e+16,0
522,245000000.0,0,1679687.5,6750032.334896132,0,0.2825204332970588,0.45097600831479695,0,0.0,1890233.3508990123,672435036047.9879,492999.0368279432,67243503604798.79,8494066.206880568,6.144546205177903e-09,0,5,1,0.0,1.5535695680766572e+16,0
523,245000000.0,0,1623656.8755979394,6768840.167342253,0,0.39165590854117055,1.2310291668595679,0,0.0,1475535.3976857201,739720602762.8845,807593.1244020688,73972060276288.45,8494066.206880568,6.144546205177903e-09,0,5,1,0.0,1.5527475803646138e+16,0
524,245000000.0,0,1679687.5,6778859.505908684,0,0.2869094231128845,0.4415103114240345,0,0.0,1532655.9004139248,560816041703.4513,575312.2119761944,56081604170345.13,8494066.206880568,5.686160875484347e-09,0,5,1,0.0,1.5571902491751996e+16,0
525,245000000.0,0,1541343.7004496884,6796803.196593089,0,0.40097398895150244,1.2967278301307785,0,0.0,1376652.442897336,868210834555.5779,889906.29955032,86821083455557.78,8494066.206880568,5.686160875484347e-09,0,5,1,0.0,1.5521332447404622e+16,0
526,245000000.0,0,1679687.5,6795663.391774808,0,0.2849576139003561,0.44078264294934055,0,0.0,1439074.26667437,588441914771.2059,657625.3871244456,58844191477120.59,8472905.824414209,4.172761691734195e-09,0,5,1,0.0,1.5587668520901038e+16,0
527,245000000.0,0,1679687.5,6771588.318316366,0,0.2969964105433546,0.443253489765529,0,0.0,2267803.919400662,831310132689.1335,447767.95359268424,83131013268913.36,8472905.824414209,4.172761691734195e-09,0,5,1,0.0,1.5517982190019158e+16,0
528,245000000.0,0,1679687.5,6764666.56580483,0,0.36626359494343635,1.1818155662210135,0,0.0,2214363.5551282726,837741607352.651,739938.5622726969,83774160735265.1,8472905.824414209,4.405592335388064e-09,0,5,1,0.0,1.5533942878945674e+16,0
529,245000000.0,0,1679687.5,6769845.304533348,0,0.28213458417466686,0.4328627082497173,0,0.0,1887889.0392510048,678999966694.2843,507657.6498468225,67899996669428.43,8472905.824414209,5.562469596043229e-09,0,5,1,0.0,1.5537440701058704e+16,0
530,245000000.0,0,1608998.2625790606,6787989.376867056,0,0.39360662929573514,1.2422373653970251,0,0.0,1483771.2772708915,765909268966.6853,822251.7374209481,76590926896668.53,8472905.824414209,4.172761691734195e-09,0,5,1,0.0,1.5525866194236664e+16,0
531,245000000.0,0,1679687.5,6797124.795132441,0,0.2852643000612445,0.42575507638393073,0,0.0,1540914.2308635758,577360219211.1989,589970.8249950737,57736021921119.88,8472905.824414209,4.172761691734195e-09,0,5,1,0.0,1.5572820284448358e+16,0
532,245000000.0,0,1526685.0874308096,6815634.241045681,0,0.4030613898056468,1.3091703365145155,0,0.0,1422984.2770223129,897363988216.1743,904564.9125691993,89736398821617.44,8472905.824414209,4.172761691734195e-09,0,5,1,0.0,1.5519722744563446e+16,0
533,245000000.0,0,1679687.5,6812915.61599772,0,0.28368703758341046,0.4260735220418759,0,0.0,1509676.1377428377,631375248002.4226,672284.000143325,63137524800242.26,8413808.010158528,5.7734723668545485e-09,0,5,1,0.0,1.558561203830313e+16,0
534,245000000.0,0,1679687.5,6788074.870037053,0,0.2971729665515111,0.44767180899510595,0,0.0,2341560.346675139,898665418260.3738,477316.8607204829,89866541826037.38,8413808.010158695,4.172761691734195e-09,0,5,1,0.0,1.551474640459651e+16,0
535,245000000.0,0,1676652.824708433,6785044.341664733,0,0.36760394470360647,1.1921417652949675,0,0.0,2317668.889534549,885700680546.7755,754597.1752915762,88570068054677.55,8413808.010153305,3.561581252142787e-09,0,5,1,0.0,1.5532335385179104e+16,0
536,245000000.0,0,1679687.5,6789521.773964595,0,0.2820171748756157,0.4321740446360274,0,0.0,2014148.004321205,778146634962.2858,522316.2628657018,77814663496228.58,8426998.563083665,3.3796823117882013e-09,0,5,1,0.0,1.5527746447639028e+16,0
537,245000000.0,0,1594339.649560182,6806533.6186869955,0,0.39563949764882334,1.2536515346756276,0,0.0,1632983.872998278,806190641330.4017,836910.3504398274,80619064133040.17,8426998.563083665,3.9108272176235914e-09,0,5,1,0.0,1.5524256819833842e+16,0
538,245000000.0,0,1679687.5,6814363.158860028,0,0.2852389945628028,0.4140997038888384,0,0.0,1713080.4572535388,685888992351.2085,604629.438013953,68588899235120.85,8426998.563083665,3.9108272176235914e-09,0,5,1,0.0,1.5558103734868464e+16,0
539,245000000.0,0,1512026.474411931,6832571.167682767,0,0.40528046438075477,1.3218539356869756,0,0.0,1471229.8092236419,924662237729.5125,919223.5255880787,92466223772951.25,8426998.563083665,3.9108272176235914e-09,0,5,1,0.0,1.5518113182785584e+16,0
540,245000000.0,0,1679687.5,6831024.486465803,0,0.2837793398527527,0.4151465245841663,0,0.0,1551326.3934789028,664547465487.5735,686942.6131622043,66454746548757.35,8483221.981181916,5.3296389523893595e-09,0,5,1,0.0,1.5581938228346214e+16,0
541,245000000.0,0,1679687.5,6826591.518590045,0,0.335848582023583,1.098093638512158,0,0.0,2025834.9471696792,745565351329.4838,610911.7007363299,74556535132948.38,8559782.738739995,4.216417437419295e-09,0,5,1,0.0,1.5512133156455076e+16,0
542,245000000.0,0,1505744.2116895544,6821058.22788314,0,0.3861382373682594,1.3273653115662838,0,0.0,2080974.76364465,1110853037397.6755,925505.7883104555,111085303739767.55,8559468.087366998,2.863089321181178e-09,0,5,1,0.0,1.5513586035552278e+16,0
543,245000000.0,0,1679687.5,6806199.790170469,0,0.29011312811541534,0.4761669714642857,0,0.0,2339877.6083048075,891696432810.8319,693224.8758845811,89169643281083.19,8559468.087366998,2.863089321181178e-09,0,5,1,0.0,1.5570941557845062e+16,0
544,245000000.0,0,1679687.5,6785333.689953504,0,0.28808152255772035,0.4242224397809775,0,0.0,2544142.781236544,865058750379.4917,460943.96345870674,86505875037949.17,8559468.087366998,2.863089321181178e-09,0,5,1,0.0,1.5520277581129634e+16,0
545,245000000.0,0,1655711.948967178,6815296.716059726,0,0.35942350155495273,1.2072104636215328,0,0.0,2053368.4184829858,844289426018.183,775538.0510328324,84428942601818.3,8548962.18250178,2.826709533110261e-09,0,5,1,0.0,1.552275816671691e+16,0
546,245000000.0,0,1679687.5,6832981.781625324,0,0.281293403554516,0.41704076643004284,0,0.0,1882566.4218893452,694093805658.6521,543257.138606958,69409380565865.21,8548968.074767001,2.295564627274871e-09,0,5,1,0.0,1.554018997458154e+16,0
547,245000000.0,0,1573398.773818927,6871324.940584353,0,0.39643596594427527,1.2703261926130172,0,0.0,1502528.0287752217,830983552237.9972,857851.2261810836,83098355223799.72,8548968.074767001,2.295564627274871e-09,0,5,1,0.0,1.5523996760879726e+16,0
548,245000000.0,0,1679687.5,6880746.589519899,0,0.2811320426172658,0.41790745743227853,0,0.0,1544344.2342514426,606459306907.3308,625570.3137552092,60645930690733.08,8548968.074767001,2.295564627274871e-09,0,5,1,0.0,1.5575966930305916e+16,0
549,245000000.0,0,1679687.5,6861152.41987979,0,0.3225116958423041,1.0622981574609176,0,0.0,2008312.0670481594,581583339985.5088,549539.4013293348,58158333998550.875,8544077.076615702,1.5679688658565283e-09,0,5,1,0.0,1.5516167422803796e+16,0
550,245000000.0,0,1679687.5,6896104.256535392,0,0.32292333561370773,1.0210637741987467,0,0.0,1528875.8056074344,524887593248.37354,473508.48890346044,52488759324837.35,8544077.076615702,1.800799509510398e-09,0,5,1,0.0,1.5529745289375066e+16,0
551,245000000.0,0,1643147.423522425,6927207.544108435,0,0.38783824403551,1.216435929884679,0,0.0,1285204.2492448976,699955590685.5576,788102.5764775861,69995559068555.766,8544077.076615702,1.5679688658565283e-09,0,5,1,0.0,1.5532498662590664e+16,0
552,245000000.0,0,1679687.5,6928769.306252636,0,0.27942608571441474,0.41313636101700735,0,0.0,1327020.4547211183,460980752753.9968,555821.6640517117,46098075275399.68,8544071.921419933,6.803020369261503e-10,0,5,1,0.0,1.558715936967121e+16,0
553,245000000.0,0,1560834.2483741739,6938824.256435773,0,0.3978189537006653,1.2805456162085986,0,0.0,1356502.6024882656,836412837162.5214,870415.7516258373,83641283716252.14,8544186.477290098,2.2373569663614035e-09,0,5,1,0.0,1.5523469885787464e+16,0
554,245000000.0,0,1679687.5,6937150.335376017,0,0.27852510695880417,0.42111216628632514,0,0.0,1398318.8079644865,554435177512.0938,638134.8391999629,55443517751209.375,8544186.477290098,2.2373569663614035e-09,0,5,1,0.0,1.5588370641082858e+16,0
555,245000000.0,0,1679687.5,6908293.598040723,0,0.29050203140559405,0.43239883327054723,0,0.0,2220304.7902378095,788991011061.9932,432441.2054762208,78899101106199.31,8544186.477290098,2.2373569663614035e-09,0,5,1,0.0,1.551969214012865e+16,0
556,245000000.0,0,1679687.5,6902944.703853499,0,0.3646978374028488,1.168359434539659,0,0.0,2152074.3003839576,799906337544.8158,720448.0143482141,79990633754481.58,8541799.090890104,3.2268872018903494e-09,0,5,1,0.0,1.553607547245801e+16,0
557,245000000.0,0,1679687.5,6910381.103313119,0,0.275015420882597,0.43119286844919574,0,0.0,1813575.0220497784,623063546311.7936,488167.10192233976,62306354631179.36,8541799.090890104,2.448359737172723e-09,0,5,1,0.0,1.554224438233083e+16,0
558,245000000.0,0,1628488.8105035466,6927721.059982877,0,0.3911529855835485,1.227378787205024,0,0.0,1426148.904021196,736070473445.2943,802761.1894964654,73607047344529.44,8541799.090890104,2.448359737172723e-09,0,5,1,0.0,1.5528004669896298e+16,0
559,245000000.0,0,1679687.5,6935928.459605086,0,0.2797592941988221,0.43115822871112885,0,0.0,1467965.1094974168,530796943981.37463,570480.277070591,53079694398137.46,8541799.090890104,4.005414666607976e-09,0,5,1,0.0,1.5577686468245596e+16,0
560,245000000.0,0,1546175.6353552956,6952790.840776459,0,0.40038960835969517,1.2926780607818433,0,0.0,1423305.6430551426,865001505272.9957,885074.3646447166,86500150527299.58,8540530.160910832,4.740286385640502e-09,0,5,1,0.0,1.5521858323019826e+16,0
561,245000000.0,0,1679687.5,6953383.971275767,0,0.2778977167017343,0.43112586483018217,0,0.0,1466134.352375468,593823854860.519,652793.4522188422,59382385486051.91,8538505.153222622,5.8098521549254656e-09,0,5,1,0.0,1.55843483170015e+16,0
562,245000000.0,0,1679687.5,6931298.789916236,0,0.2898010377597334,0.43411624255683506,0,0.0,2237585.257544896,803056305902.8286,433453.7093203253,80305630590282.86,8538505.153222622,5.031324690207839e-09,0,5,1,0.0,1.551958515473442e+16,0
563,245000000.0,0,1679687.5,6929645.233356942,0,0.3658495395841177,1.1784508205086024,0,0.0,2169770.4249351504,821865720211.2854,735106.6273670935,82186572021128.55,8538505.153222622,5.264155333861709e-09,0,5,1,0.0,1.5534468761169462e+16,0
564,245000000.0,0,1679687.5,6936292.85975628,0,0.2740766155072768,0.42414461901444217,0,0.0,1832283.6504450755,640174197639.3047,502825.7149412191,64017419763930.47,8538505.153222622,4.2527972254902124e-09,0,5,1,0.0,1.554191913295678e+16,0
565,245000000.0,0,1613853.4520309418,6955827.695429671,0,0.393033737046293,1.238502476794209,0,0.0,1440761.0079475266,759774698816.2172,817396.5479690703,75977469881621.72,8538598.17140772,3.961758920922875e-09,0,5,1,0.0,1.5526395537522372e+16,0
566,245000000.0,0,1679687.5,6965470.151667209,0,0.2775695566832865,0.4181173665055594,0,0.0,1483589.7172678518,548120652720.39404,585092.3809969214,54812065272039.41,8538598.17140772,4.507455741986632e-09,0,5,1,0.0,1.5577696226142874e+16,0
567,245000000.0,0,1531586.7859752392,6986428.939779002,0,0.40235082861179444,1.3049831946236763,0,0.0,1437871.2378889243,891031409092.0813,899663.2140247726,89103140909208.12,8538598.17140772,4.507455741986632e-09,0,5,1,0.0,1.5520254444776052e+16,0
568,245000000.0,0,1679687.5,6986598.30693165,0,0.2756581035251746,0.418917366520704,0,0.0,1480699.9472092497,613052661283.7114,667359.0470526238,61305266128371.14,8538598.17140772,5.285983206704259e-09,0,5,1,0.0,1.558435815793354e+16,0
569,245000000.0,0,1679687.5,6963546.622781268,0,0.28827883680239774,0.42881853850244916,0,0.0,2274081.3935686904,834771156823.3765,444430.6183514955,83477115682337.64,8494690.624587253,4.933099262416363e-09,0,5,1,0.0,1.5519591562941828e+16,0
570,245000000.0,0,1679687.5,6961471.880530805,0,0.36702344918567026,1.1886194770756597,0,0.0,2228173.8252766295,853451043264.9355,749625.7131083262,85345104326493.56,8494690.624587253,4.933099262416363e-09,0,5,1,0.0,1.5532874855811976e+16,0
571,245000000.0,0,1679687.5,6967479.1320714485,0,0.2730218950789272,0.41694587813519524,0,0.0,1912640.8688488952,699286512301.8499,517321.5461361774,69928651230184.984,8494690.624587253,5.085894372314215e-09,0,5,1,0.0,1.5537123167955864e+16,0
572,245000000.0,0,1599357.6208359827,6987368.796221001,0,0.39479619552422424,1.2497206711555229,0,0.0,1522840.5463632063,785966286818.4739,831892.3791640286,78596628681847.39,8494690.624587253,4.933099262416363e-09,0,5,1,0.0,1.5524805233140498e+16,0
573,245000000.0,0,1679687.5,6995608.840392194,0,0.276293883382967,0.408376496297231,0,0.0,1595282.4692377117,612147586111.9797,599588.2121918797,61214758611197.98,8479371.833603572,6.177288014441729e-09,0,5,1,0.0,1.55703099070909e+16,0
574,245000000.0,0,1517090.9547802801,7016035.294416224,0,0.40429872707906217,1.317444118682249,0,0.0,1452367.0467578294,917324263155.9259,914159.0452197309,91732426315592.6,8479371.833603572,5.398760549724102e-09,0,5,1,0.0,1.551866395190519e+16,0
575,245000000.0,0,1679687.5,7014635.0099875415,0,0.2748670310689886,0.4097666052700671,0,0.0,1524808.9696323348,645885059835.3859,681854.8782475821,64588505983538.586,8479371.833603572,6.177288014441729e-09,0,5,1,0.0,1.5584361685530318e+16,0
576,245000000.0,0,1679687.5,6991222.847114508,0,0.28794306749733883,0.4348018298629257,0,0.0,2325849.8114836155,881419036766.4867,463066.9228745055,88141903676648.67,8479371.833603572,6.177288014441729e-09,0,5,1,0.0,1.5516353428049836e+16,0
577,245000000.0,0,1667128.4556967262,6989216.723858436,0,0.36824631681466824,1.1989484341987686,0,0.0,2287601.6386833945,887659816511.5818,764121.5443032845,88765981651158.17,8479371.833603572,5.398760549724102e-09,0,5,1,0.0,1.553128630231281e+16,0
578,245000000.0,0,1679687.5,6995146.216901716,0,0.2728921614738577,0.42139300423933596,0,0.0,1979250.9499422144,752685568193.3787,531817.3773311357,75268556819337.86,8481280.344824715,5.471520125865936e-09,0,5,1,0.0,1.5532210423630108e+16,0
579,245000000.0,0,1584861.789641181,7013988.123159056,0,0.39668063479891513,1.2611439490275647,0,0.0,1596155.7673374796,815815483718.4021,846388.2103588295,81581548371840.2,8481280.344825344,6.726622814312577e-09,0,5,1,0.0,1.5523214757577168e+16,0
580,245000000.0,0,1679687.5,7022135.324983514,0,0.2758182636973987,0.401007504604682,0,0.0,1668593.7915564561,662736219038.7473,614080.1447309944,66273621903874.734,8481295.93944746,6.733898771926761e-09,0,5,1,0.0,1.5563796788809512e+16,0
581,245000000.0,0,1502602.3452234317,7043441.383194914,0,0.40632842175848305,1.3301389202760288,0,0.0,1452724.1110921307,941206906134.5819,928647.6547765789,94120690613458.19,8504778.803181486,4.652974894270301e-09,0,5,1,0.0,1.5517073752660408e+16,0
582,245000000.0,0,1679687.5,7041624.132579428,0,0.27444471197797216,0.4028259470347341,0,0.0,1531298.999902288,661907282177.264,696340.1648221634,66190728217726.41,8480246.93943888,7.352355169132352e-09,0,5,1,0.0,1.5584971568896354e+16,0
583,245000000.0,0,1679687.5,7017674.36174746,0,0.2878574714483112,0.43964022376113515,0,0.0,2346249.2875350215,900663027619.4932,464032.67486774793,90066302761949.31,8480246.93943888,7.352355169132352e-09,0,5,1,0.0,1.5515874142216704e+16,0
584,245000000.0,0,1652649.8150866781,7015473.419440772,0,0.3695458529714967,1.2094459067170564,0,0.0,2325002.3048202563,915230709691.83,778600.1849133325,91523070969183.0,8464636.242025867,5.486072041094303e-09,0,5,1,0.0,1.5529698898631356e+16,0
585,245000000.0,0,1679687.5,7021287.984563779,0,0.2728540539889021,0.4248894975710749,0,0.0,2007486.800762063,773654906515.9135,543024.2142843727,77365490651591.34,8483887.139850771,5.1004462875425816e-09,0,5,1,0.0,1.5530965172466314e+16,0
586,245000000.0,0,1576926.7563445973,7038996.170499925,0,0.397821729617196,1.2674859539318362,0,0.0,1626572.8053068365,830415603553.6816,854323.243655413,83041560355368.16,8483887.139850771,6.03176886215806e-09,0,5,1,0.0,1.5522033421069614e+16,0
587,245000000.0,0,1679687.5,7046826.241702311,0,0.27548916227097386,0.39512518897077065,0,0.0,1697668.532949089,676653750245.7728,618747.2730264533,67665375024577.28,8483887.139850771,5.8498699218034744e-09,0,5,1,0.0,1.5562195853440666e+16,0
588,245000000.0,0,1501203.6976025165,7068996.452765495,0,0.4065824235977675,1.3313773645957305,0,0.0,1459957.2570187764,945455315399.4753,930046.3023974936,94545531539947.53,8483887.139850771,5.1004462875425816e-09,0,5,1,0.0,1.5516562601380072e+16,0
589,245000000.0,0,1679687.5,7066678.317076689,0,0.27416680672137844,0.3972573414644528,0,0.0,1531052.9846610292,659383307197.5468,694470.3317685339,65938330719754.67,8471996.235521149,4.773028194904327e-09,0,5,1,0.0,1.5585045813894696e+16,0
590,245000000.0,0,1679687.5,7042496.237002721,0,0.28786726011003044,0.44360388507628834,0,0.0,2355076.784986994,902760232345.3468,461720.7276422527,90276023234534.69,8471996.235521149,4.773028194904327e-09,0,5,1,0.0,1.5515352729167672e+16,0
591,245000000.0,0,1661056.6094893953,7040544.6148817595,0,0.36866606598713564,1.2033284477683497,0,0.0,2327087.0883437754,905266274867.1996,770193.3905106145,90526627486719.95,8471996.235521149,5.042238626629114e-09,0,5,1,0.0,1.553026406715011e+16,0
592,245000000.0,0,1679687.5,7046162.54566211,0,0.27292425339413995,0.4287622454789516,0,0.0,2014582.3572912365,767990127526.9253,534617.4198816548,76799012752692.53,8471996.235521149,5.042238626629114e-09,0,5,1,0.0,1.5530542436905034e+16,0
593,245000000.0,0,1585333.5507473145,7063127.391872663,0,0.3969097218958821,1.2607688963382317,0,0.0,1623518.2951434841,816855531202.9465,845916.4492526951,81685553120294.66,8471996.235521149,5.042238626629114e-09,0,5,1,0.0,1.5522677687469876e+16,0
594,245000000.0,0,1679687.5,7071390.934044242,0,0.2752849724084352,0.39080261340520306,0,0.0,1694614.022785737,668359317855.2395,610340.4786237354,66835931785523.95,8471996.235521149,4.773028194904327e-09,0,5,1,0.0,1.5561905094895558e+16,0
595,245000000.0,0,1509610.4920052337,7093704.289385326,0,0.4055224667258744,1.3239680318552103,0,0.0,1460941.3325521827,930121614415.0004,921639.5079947757,93012161441500.03,8471996.235521149,4.773028194904327e-09,0,5,1,0.0,1.5517484804515508e+16,0
596,245000000.0,0,1679687.5,7091382.631269526,0,0.2739816077860441,0.3931717201630951,0,0.0,1534066.3202240085,651989262006.0968,686063.537365816,65198926200609.68,8463879.195402857,4.4674379751086235e-09,0,5,1,0.0,1.558431325494981e+16,0
597,245000000.0,0,1679687.5,7066625.120311548,0,0.2880324135791768,0.44872315932149665,0,0.0,2358090.120549974,902353979631.6841,461720.7276422527,90235397963168.4,8439937.823936705,3.128661774098873e-09,0,5,1,0.0,1.5514617763357132e+16,0
598,245000000.0,0,1669463.4038921124,7064011.0794148855,0,0.3677925713768868,1.1972725624159624,0,0.0,2330100.4239067547,895458812324.7217,761786.5961078965,89545881232472.17,8439937.823936705,3.39787220582366e-09,0,5,1,0.0,1.5531186669050302e+16,0
599,245000000.0,0,1679687.5,7069179.223787205,0,0.2732064622498631,0.4335428535294716,0,0.0,2019625.8890743223,767314301630.7986,526211.5616694697,76731430163079.86,8439934.079174573,3.725290298461914e-09,0,5,1,0.0,1.5529650088991028e+16,0
