t,secure_bps,violations,k_min,k_mean,q_total,aos_mean,aos_max,rekey,q_sumsq,z_l1,z_sumsq,z_max,lyapunov,key_inflow,key_overflow,cg_iters,cg_columns,cg_converged,obj_lp,obj_greedy,key_blocked_edges
0,0.0,0,2109375.0,2473415.798611111,245000000,0.8678509182845753,0.9476988686844755,0,1.5625e+16,190625.0,36337890625.0,190625.0,7816133789062500.0,7200000.0,0.0,0,0,1,0.0,0.0,0
1,0.0,0,2109375.0,2420247.3958333335,490000000,1.8678509182845755,1.9476988686844754,0,3.43e+16,381250.0,72675781250.0,190625.0,1.7157267578125e+16,7200000.0,0.0,0,0,1,0.0,0.0,0
2,0.0,0,1718750.0,2350260.4166666665,735000000,2.946295861057342,3.1629597325192615,0,7.2425e+16,792187.5,144768066406.25,190625.0,3.622697680664062e+16,7200000.0,0.0,0,0,1,0.0,0.0,0
3,0.0,0,1406250.0,2269422.7430555555,980000000,4.060483745148617,4.421211582874401,0,1.3985e+17,1652343.75,632168579101.5625,581250.0,6.998821685791016e+16,7200000.0,0.0,0,0,1,0.0,0.0,0
4,0.0,0,546875.0,2187083.702503092,1225000000,4.987220946566311,7.650467716176135,0,2.49225e+17,3051012.3024721714,2311372347785.009,1255468.75,1.248436372347785e+17,7214700.790111314,0.0,0,0,1,0.0,0.0,0
5,0.0,1,0.0,2101971.361567684,1470000000,20.177328306802316,125.0,1,2.9245752e+17,4989843.75,6874170532226.5625,1987500.0,1.4691617705322266e+17,7214700.790111314,2.0463630789890885e-11,0,0,1,0.0,0.0,0
6,0.0,2,0.0,1996876.3664560828,1715000000,30.492527413457356,126.0,2,4.9916788e+17,7379918.552472171,10011614657355.322,1987500.0,2.5058510146573552e+17,7214700.790111314,2.0463630789890885e-11,0,0,1,0.0,0.0,0
7,0.0,4,0.0,1878816.8397925082,1960000000,51.591609976982156,127.0,4,5.9214952e+17,10723437.5,17339593505859.375,2104687.5,2.978087193505859e+17,7214700.790111314,2.0463630789890885e-11,0,0,1,0.0,0.0,0
8,0.0,5,0.0,1724981.198797905,2205000000,51.38361258182717,128.0,5,4.7947316e+17,15388912.009371119,23171136450756.332,2104687.5,2.4205369364507565e+17,7216226.962515528,4.461071512196213e-10,0,0,1,0.0,0.0,0
9,80000000.0,6,0.0,1593639.4130344475,2370000000,51.948013244898206,129.0,6,6.3741536e+17,18835005.759371117,28050982507930.016,2300000.0,3.21512778250793e+17,7216226.962515528,4.461071512196213e-10,0,0,1,0.0,0.0,0
10,0.0,6,0.0,1439241.482469031,2615000000,53.288829562925,130.0,7,8.1733076e+17,23175051.47618148,33632664807415.258,2300000.0,4.120286464807415e+17,7216482.585121509,6.09965411513258e-10,0,0,1,0.0,0.0,0
11,0.0,7,0.0,1325506.623722406,2860000000,59.73877575015535,131.0,7,7.9344064e+17,26434605.763665956,41237080346052.38,2300000.0,4.0084402803460525e+17,7216482.585121509,3.1256064403351047e-10,0,0,1,0.0,0.0,0
12,120000000.0,11,0.0,1107537.6317962308,2985000000,65.90171731825363,132.0,11,8.307517373525043e+17,32473326.056082588,54785154190823.32,2300000.0,4.2085438409533446e+17,7216482.585121509,1.9614532220657566e-10,0,0,1,0.0,0.0,0
13,202517504.6724716,14,0.0,959069.5546636129,3027482496,79.10376323783473,133.0,15,8.057053061864736e+17,36513381.42885301,62103279971639.69,2300000.0,4.090629810904008e+17,7218752.720598912,2.184776803915156e-10,0,0,1,0.0,0.0,0
14,0.0,13,0.0,820680.1592493093,3272482497,79.09503158692777,134.0,13,8.539408839389777e+17,40880057.646079086,69784966020576.94,2142968.75,4.339489385715465e+17,7218752.720598912,2.184776803915156e-10,0,0,1,0.0,0.0,0
15,0.0,14,0.0,734968.909213539,3517482497,87.26956809736016,135.0,15,8.188227169669645e+17,43837984.986927286,76792861125482.62,2300000.0,4.170906445960305e+17,7218752.720598912,2.184776803915156e-10,0,0,1,0.0,0.0,0
16,361696630.1897589,18,0.0,648652.9539905296,3400785865,99.04193946790505,136.0,19,6.990140239281114e+17,46415448.952622056,82694699694979.4,2300000.0,3.577764819335536e+17,7218752.720598912,2.184776803915156e-10,0,0,1,0.0,0.0,0
17,355316163.82479787,19,0.0,568230.7695533427,3290469701,101.2293784890198,137.0,21,7.509227112340915e+17,48893502.484182335,87817401756411.95,2300000.0,3.84243095792687e+17,7218752.720598912,1.638582602936367e-10,0,0,1,0.0,0.0,0
18,187758776.5531459,19,0.0,515513.6410850869,3347710925,90.13318351868568,138.0,19,6.016426971514961e+17,50488412.277904905,90244586403962.88,2300000.0,3.098458072161443e+17,7218752.720598912,1.6704149174984195e-10,0,0,1,0.0,0.0,0
19,102545288.6705538,20,0.0,437684.03484061436,3490165636,97.55091000699473,139.0,21,7.860076544590801e+17,53120831.884063564,94545467500560.64,2300000.0,4.024583739795961e+17,7218752.720598912,1.9614532220657566e-10,0,0,1,0.0,0.0,0
20,229269840.2422592,23,0.0,372727.30085984315,3505895796,104.06891967467311,140.0,24,6.254961823450327e+17,55059274.30737133,98193419227893.34,2300000.0,3.2256743309530566e+17,7218752.720598912,2.0580870341291302e-10,0,0,1,0.0,0.0,0
21,256000000.0,22,0.0,334543.04760059685,3494895796,108.7339150198219,141.0,24,8.77339133604998e+17,56600227.76987654,102468353638837.05,2300000.0,4.489164021663827e+17,7218752.720598912,5.46194200978789e-11,0,0,1,0.0,0.0,0
22,102432719.69356552,24,0.0,293267.86813871015,3637463077,109.81294195926986,142.0,24,8.29834949610173e+17,58286198.136155955,106146326694961.06,2300000.0,4.2553210747458266e+17,7218752.720598912,6.714699907206523e-10,0,0,1,0.0,0.0,0
23,185590553.48730868,24,0.0,295780.3028757233,3696872524,118.35504541123376,143.0,26,8.741457149644292e+17,58395814.39127498,106691234780035.83,2300000.0,4.477419809602182e+17,7218752.720598912,2.8745006375174853e-10,0,0,1,0.0,0.0,0
24,48442597.181996666,27,0.0,284113.88864619256,3893429928,121.88898423188316,144.0,29,7.549941904441485e+17,58615805.303538084,108025615331580.31,2300000.0,3.8829965675523226e+17,7218752.720598912,1.1294076784906792e-10,0,0,1,0.0,0.0,0
25,308482131.30256236,24,0.0,296026.0026007605,3829947796,114.21120747718811,145.0,26,8.698328286746839e+17,58241005.784536175,107251143124547.94,2300000.0,4.4564152864979674e+17,7227124.7451952305,0.0,0,0,1,0.0,0.0,0
26,0.0,27,0.0,302763.864541319,4074947794,126.12219616158683,146.0,28,7.73800117426922e+17,58121129.2675331,107156155250702.58,2300000.0,3.9761567423853126e+17,7227124.7451952305,2.34194885706529e-10,0,0,1,0.0,0.0,0
27,232197378.99529958,27,0.0,318022.047237547,4087750415,117.22877072012606,147.0,27,8.361908670322781e+17,57974060.62399926,106274573457509.05,2300000.0,4.2872289086189e+17,7227402.5188601175,2.3101165425032377e-10,0,0,1,0.0,0.0,0
28,51200000.0,26,0.0,318540.9135587395,4281550414,121.6307002890874,148.0,27,8.436303002789619e+17,58357607.3699667,106922628571705.67,2300000.0,4.325074129966515e+17,7235733.877618015,3.5269920317659853e-10,0,0,1,0.0,0.0,0
29,231932767.3345824,27,0.0,324233.79521427874,4294617649,120.55419749846357,149.0,28,8.485539682723459e+17,58367871.791425675,106924975637769.3,2300000.0,4.349694816999499e+17,7235733.877618015,2.3101165425032377e-10,0,0,1,0.0,0.0,0
30,180943663.11305064,25,0.0,330763.25463686424,4358673983,125.81677931137791,150.0,29,8.597403212489458e+17,58445473.7753135,107615001264911.69,2300000.0,4.406316607509641e+17,7235733.877618015,2.362838813496637e-10,0,0,1,0.0,0.0,0
31,207076297.65637287,24,0.0,321601.4043056493,4396597689,117.52355432584986,151.0,27,9.709352822265551e+17,58880789.247498386,108389413044976.44,2300000.0,4.963065824177752e+17,7235733.877618015,3.474269760772586e-10,0,0,1,0.0,0.0,0
32,102981478.53739205,24,0.0,338800.06419052824,4538616209,126.32006967344961,152.0,27,9.530417198536895e+17,58465837.32611252,107490300273885.34,2300000.0,4.872698899542333e+17,7235733.877618015,2.3101165425032377e-10,0,0,1,0.0,0.0,0
33,205921900.4573583,24,0.0,372065.0206789029,4577694310,123.2857382845917,153.0,26,9.39387401891074e+17,57670524.826078445,105146616915211.92,2300000.0,4.8020836263705824e+17,7235733.877686178,1.3642420526593924e-11,0,0,1,0.0,0.0,0
34,102690793.24455884,23,0.0,394242.03895760997,4720003516,126.8666710670563,154.0,26,1.0011789432804556e+18,57274378.1015924,104663692623835.98,2300000.0,5.110558409026114e+17,7235733.877686178,1.3642420526593924e-11,0,0,1,0.0,0.0,0
35,352940882.9507281,25,0.0,383554.8617452808,4612062632,122.33226670442855,155.0,28,1.1596324119639616e+18,58061342.414783664,106712473631779.88,2300000.0,5.904874533451588e+17,7235733.877686178,4.956746124662459e-11,0,0,1,0.0,0.0,0
36,0.0,26,0.0,406897.0452101871,4857062634,131.07488422192492,156.0,28,1.036212939546843e+18,57468817.14428871,105651113132451.5,2300000.0,5.286715810866666e+17,7235733.877686178,6.821210263296962e-12,0,0,1,0.0,0.0,0
37,260970349.81064105,21,0.0,435325.2383245346,4841092283,130.4006494370359,157.0,25,1.0897893342748941e+18,56447558.68230339,102903704723195.11,2300000.0,5.551850376097665e+17,7235743.380993178,6.821210263296962e-12,0,0,1,0.0,0.0,0
38,51217777.51455278,25,0.0,440276.46264303126,5034874505,123.24523577121202,158.0,26,1.1639674462532897e+18,56380287.7288559,103304519379728.4,2300000.0,5.923141750646177e+17,7235743.380993178,1.2093437362636905e-11,0,0,1,0.0,0.0,0
39,307477665.79919326,21,0.0,468613.72247527516,4972396841,125.71523053798543,159.0,24,1.144387391092716e+18,55762372.30844253,101812412550508.62,2300000.0,5.823749368014089e+17,7235743.380993178,1.3005774235352874e-10,0,0,1,0.0,0.0,0
40,51346004.8339274,22,0.0,496523.6624056008,5166050835,127.98180626275337,160.0,24,1.1616495844374646e+18,55159840.40449822,101204301207218.72,2300000.0,5.909452223394542e+17,7235743.380993178,1.8914647625933867e-11,0,0,1,0.0,0.0,0
41,314574506.62956035,21,0.0,467728.7027092609,5096476329,124.35007298743874,161.0,25,1.5951665539855437e+18,56598684.88711386,105423147393775.05,2295312.5,8.081255917321494e+17,7235743.380993178,6.821210263296962e-12,0,0,1,0.0,0.0,0
42,153909787.1824076,25,0.0,429395.7541168027,5187566541,117.18764908685073,162.0,25,1.840803898495268e+18,58181440.78253002,108256332394408.27,2300000.0,9.312275824870748e+17,7238196.404819049,6.821210263296962e-12,0,0,1,0.0,0.0,0
43,207909663.21008766,20,0.0,462132.72314705024,5224656879,118.49996725449708,163.0,22,2.0091786073422313e+18,57605248.19897868,105928082100990.45,2295312.5,1.0151821118812147e+18,7238196.404819049,6.821210263296962e-12,0,0,1,0.0,0.0,0
44,51217777.51455278,24,0.0,475422.27127591416,5418439102,125.6073981848019,164.0,25,1.91986462862962e+18,57529663.65584345,106071365746440.25,2300000.0,9.70539450889454e+17,7238196.404819049,3.5925040720030665e-11,0,0,1,0.0,0.0,0
45,204978368.20638844,21,0.0,476396.1081141723,5458460734,126.90603249029134,165.0,25,2.0876351728925652e+18,57697444.719170034,107409858122737.19,2300000.0,1.0545585722585563e+18,7238196.404819049,6.821210263296962e-12,0,0,1,0.0,0.0,0
46,58177379.80061829,23,0.0,481884.5195657164,5645283352,121.99673400766869,166.0,24,2.0848260001338673e+18,57675520.61141972,107054583506659.38,2300000.0,1.0531184584175996e+18,7238196.404819049,1.2850875918957172e-10,0,0,1,0.0,0.0,0
47,309498565.07449174,26,0.0,479494.94217067916,5580784790,121.76823606764093,167.0,26,2.0937482760016696e+18,57763771.33118848,107905656906220.19,2300000.0,1.0576647036914569e+18,7238196.404819049,1.283950723518501e-10,0,0,1,0.0,0.0,0
48,108444099.97285482,22,0.0,504755.8790918163,5717340688,119.9738942835135,168.0,24,2.09320932854915e+18,56875078.37330479,105418309599255.47,2300000.0,1.0571464952345005e+18,7238196.404819049,7.712230853940127e-11,0,0,1,0.0,0.0,0
49,294620702.17123723,24,0.0,510803.2758924237,5667719988,120.2266420631944,169.0,25,2.102474965116301e+18,56690785.15136738,104985348171439.36,2300000.0,1.0617360173752945e+18,7238196.404819049,2.448103941787849e-10,0,0,1,0.0,0.0,0
50,51356993.5248557,22,0.0,551207.0445807888,5861362994,137.65738637416362,170.0,22,2.0762273613330373e+18,55445608.658537075,101687176959507.44,2300000.0,1.0482823983624694e+18,7238196.404819049,1.163016349892132e-10,0,0,1,0.0,0.0,0
51,103098066.30751139,19,0.0,572999.2105924599,6003264928,115.45591157463915,171.0,20,2.2498439773478205e+18,54661773.381489605,99977583375378.86,2300000.0,1.1349197470114482e+18,7238196.404819049,1.283950723518501e-10,0,0,1,0.0,0.0,0
52,205259991.8836388,24,0.0,562575.3525180384,6043004936,121.37344311586574,172.0,24,2.1747326710498583e+18,54806124.19301364,102451207672238.61,2300000.0,1.097611456292153e+18,7238196.404819049,5.050821982877096e-10,0,0,1,0.0,0.0,0
53,51752061.473584,24,0.0,551687.8571011476,6236252873,126.37134773664197,173.0,24,2.485021779824415e+18,55600920.92118871,103357688998617.42,2300000.0,1.2528466588120694e+18,7238211.812145332,1.482902689531329e-10,0,0,1,0.0,0.0,0
54,102563782.3484802,25,0.0,557192.5969680067,6378689091,122.34629369302573,174.0,25,2.281594103929441e+18,55483506.554024205,103776640142556.5,2300000.0,1.1511747159789761e+18,7238211.812145332,4.3405634642113e-10,0,0,1,0.0,0.0,0
55,146652578.16663504,26,0.0,574245.7277931238,6477036517,140.1673372206008,175.0,26,2.2878039758940605e+18,55271827.48153054,103278042410701.75,2300000.0,1.1542297921881004e+18,7238211.812145332,2.0122570276726037e-10,0,0,1,0.0,0.0,0
56,153781559.86303297,24,0.0,577500.4089278776,6568254954,124.92714270329647,176.0,25,2.3749951644960195e+18,55062601.432862744,101927857346576.84,2300000.0,1.1976903679826675e+18,7238211.812145332,5.580176321018371e-10,0,0,1,0.0,0.0,0
57,268322031.73527753,26,0.0,574948.8232552954,6544932923,127.61385957049917,177.0,26,2.346965342279062e+18,55586463.493429214,103802631357141.23,2300000.0,1.183862934275245e+18,7238211.812145332,3.9032954646245344e-10,0,0,1,0.0,0.0,0
58,153781559.86303297,23,0.0,588621.3532126101,6636151361,128.0255703890627,178.0,25,2.314381089955922e+18,54994317.30581339,101582052208329.17,2300000.0,1.167348750198794e+18,7238211.812145332,3.835083361991565e-10,0,0,1,0.0,0.0,0
59,206218109.9968794,24,0.0,597959.8726758292,6674933251,124.31796632009694,179.0,24,2.4483830593793306e+18,55060908.05488829,100614489088648.06,2300000.0,1.23425297859853e+18,7238211.812145332,4.999236580260913e-10,0,0,1,0.0,0.0,0
60,101346004.8339274,23,0.0,613007.6377081798,6818587246,123.36837568791444,180.0,23,2.3953136647306204e+18,54845210.1303338,100329839182449.75,2300000.0,1.207689816283555e+18,7238211.812145332,4.982609880244127e-10,0,0,1,0.0,0.0,0
61,411716176.3043908,22,0.0,599221.6939009326,6651871071,114.64536289073622,181.0,23,2.5904452902296847e+18,54941507.95922627,98363569687869.27,2300000.0,1.3050590020836293e+18,7238211.812145332,4.998099711883697e-10,0,0,1,0.0,0.0,0
62,51217777.51455278,23,0.0,627090.6608453906,6845653293,126.07429321238918,182.0,23,2.4976418400732815e+18,54049573.231319726,98397351357127.53,2300000.0,1.2586606551723535e+18,7238211.812145332,1.7978152300202055e-10,0,0,1,0.0,0.0,0
63,274880309.1091205,22,0.0,657329.5242233552,6815772984,119.7540250455469,183.0,22,2.5195433660440863e+18,53213393.87551142,97164742765237.1,2300000.0,1.269488157298567e+18,7238211.812145332,1.8421530967316357e-10,0,0,1,0.0,0.0,0
64,51200000.0,22,0.0,694160.4748942185,7009572979,136.52666018930984,184.0,23,2.5025769561118925e+18,52671570.096895665,96752032143015.55,2300000.0,1.2609636812702477e+18,7246388.843167395,3.850573193631135e-10,0,0,1,0.0,0.0,0
65,205812053.3572228,23,0.0,730002.54208717,7048760929,136.8490764690895,185.0,23,2.506725045812714e+18,52269483.050180696,96226646072460.16,2300000.0,1.262985187513603e+18,7246388.843167395,3.5777247835247556e-10,0,0,1,0.0,0.0,0
66,205661848.65599155,22,0.0,750051.934067127,7088099080,123.08285265054876,186.0,22,2.5062061255325015e+18,52151095.6446095,95994294908514.81,2300000.0,1.2627024922571023e+18,7246388.843167395,3.559534889489297e-10,0,0,1,0.0,0.0,0
67,334884618.1439065,20,0.0,755993.2119811908,6998214460,117.05838779666074,187.0,21,2.5807361385215964e+18,52339416.75807148,95364277178923.67,2300000.0,1.2999044969786906e+18,7246388.843167395,8.21614776256669e-10,0,0,1,0.0,0.0,0
68,51356993.5248557,22,0.0,755776.176786996,7191857467,130.89219783382475,188.0,23,2.7772515041947556e+18,52550003.62298171,96775237797609.55,2300000.0,1.3983032758771387e+18,7246388.843167395,7.629115118062839e-10,0,0,1,0.0,0.0,0
69,293012162.4377242,25,0.0,726099.149976463,7143845303,123.81852168404598,189.0,26,2.719226660452754e+18,53490038.49292933,98796864991640.28,2300000.0,1.3694930167255409e+18,7265271.495199529,4.064304448973272e-10,0,0,1,0.0,0.0,0
70,251498169.79414102,22,0.0,748041.7933315107,7137347135,126.57814813128151,190.0,23,2.644509037132194e+18,52712742.571983606,96774351530006.3,2300000.0,1.3319319537190976e+18,7275560.135794189,4.0784270405325174e-10,0,0,1,0.0,0.0,0
71,155114279.89830685,23,0.0,775493.75918351,7227232856,126.31880442998506,191.0,23,2.64010751933471e+18,51735541.590113156,94624804767366.64,2300000.0,1.3295162401440916e+18,7275560.135794189,8.184387056964226e-10,0,0,1,0.0,0.0,0
72,155772752.89636502,22,0.0,779489.5402961115,7316460103,125.52175095240314,192.0,23,2.835393086481905e+18,51909604.19073747,95227633631948.75,2300000.0,1.4272193066041475e+18,7275560.135794189,1.3955611111171606e-09,0,0,1,0.0,0.0,0
73,154861116.4720237,24,0.0,779200.0011885526,7406598988,129.04407767064086,193.0,24,2.7436176524310144e+18,51948230.337093346,95205625841577.22,2300000.0,1.381329388799665e+18,7275560.135794189,8.439525744918797e-10,0,0,1,0.0,0.0,0
74,334924814.369949,23,0.0,802207.3065004282,7316674172,123.44072167576073,194.0,24,2.732918140697877e+18,51224475.289660156,93879525905351.5,2300000.0,1.3758470229394737e+18,7275560.135794189,8.371313642285827e-10,0,0,1,0.0,0.0,0
75,51356993.52485571,21,0.0,841143.7505782228,7510317178,127.53157365805718,195.0,22,2.784650529608633e+18,50230228.25261035,92649290060679.28,2300000.0,1.4015901938103844e+18,7275560.135794189,8.371313642285827e-10,0,0,1,0.0,0.0,0
76,369556170.7565501,24,0.0,847375.429060026,7385761010,122.98990756672413,196.0,24,2.743744375211127e+18,50618141.62708313,94005776721241.12,2300000.0,1.3812727652776876e+18,7292047.337736553,8.162129860878053e-10,0,0,1,0.0,0.0,0
77,263669403.93105876,20,0.0,868319.790409109,7367091606,129.5581099846953,197.0,21,2.7422910415110267e+18,50320985.88161125,92103529974783.08,2300000.0,1.3803558737529917e+18,7292067.668726817,8.699868603301297e-10,0,0,1,0.0,0.0,0
78,233845715.8211649,24,0.0,877066.0988362057,7378245892,126.62797435455694,198.0,24,2.734135548397298e+18,50417709.46832062,92831881173290.34,2300000.0,1.3763509623159782e+18,7292067.668726817,8.449757560313742e-10,0,0,1,0.0,0.0,0
79,103201594.0130239,24,0.0,897162.7709299745,7520044297,127.11759617844709,199.0,24,2.774030104242206e+18,50124921.751576066,92777940403514.4,2300000.0,1.3962928461614546e+18,7293483.756532432,1.131921334440733e-09,0,0,1,0.0,0.0,0
80,312390625.5712184,22,0.0,909642.7455932637,7452653668,133.07772478127401,200.0,23,2.7676421927601787e+18,50088310.336785346,92365555945187.5,2300000.0,1.3930576519746081e+18,7293483.756532432,6.935448881861817e-10,0,0,1,0.0,0.0,0
81,154953655.4866079,23,0.0,917879.0840356392,7542700013,127.85299850276122,201.0,24,2.857463825837407e+18,50207305.2596063,93019699328420.64,2300000.0,1.4380338828515456e+18,7293483.756532432,6.730812573962908e-10,0,0,1,0.0,0.0,0
82,105864604.53242207,22,0.0,935034.8240154398,7681835410,131.87667943022186,202.0,23,2.888357963987752e+18,50307774.71682726,93969280033209.36,2300000.0,1.4535759099971968e+18,7293483.756532432,6.935448881861817e-10,0,0,1,0.0,0.0,0
83,308553655.4866079,22,0.0,941245.4906181629,7618281754,133.33878027149467,203.0,24,2.8143926014359107e+18,50495522.895756744,93991640241577.6,2300000.0,1.416595464742113e+18,7293483.756532432,7.071392915669605e-10,0,0,1,0.0,0.0,0
84,312612720.7885878,24,0.0,958003.6464051,7550669034,130.58945868848184,204.0,25,2.828519718667065e+18,50192496.35843764,93331187069802.42,2300000.0,1.4235929780405128e+18,7293483.756532432,6.680790365365397e-10,0,0,1,0.0,0.0,0
85,103201594.0130239,24,0.0,982338.155694939,7692467438,133.67638726842884,205.0,24,2.816444570572133e+18,49726329.14888056,91885048872283.58,2300000.0,1.4174107901732948e+18,7293483.756532432,8.990906907868634e-10,0,0,1,0.0,0.0,0
86,267064683.69930124,21,0.0,1004443.6083829988,7670402757,131.8698412139918,206.0,22,2.9117242550941604e+18,49422230.10578087,91328055819310.77,2300000.0,1.4649949331290112e+18,7293483.756532432,6.662600471329938e-10,0,0,1,0.0,0.0,0
87,154958485.85820585,24,0.0,1004575.9460130832,7760444270,128.49609174670027,207.0,24,2.91499723940535e+18,49741590.943360604,92009968213550.28,2300000.0,1.46669961652403e+18,7293559.2310886495,6.680790365365397e-10,0,0,1,0.0,0.0,0
88,215869514.0708992,23,0.0,1037663.2148814271,7789574757,138.7101541226872,208.0,23,2.8653092076754196e+18,49043934.074869365,90944186296374.89,2300000.0,1.4417490224673472e+18,7293559.2310886495,6.953638775897275e-10,0,0,1,0.0,0.0,0
89,256457355.88934594,21,0.0,1013706.259364602,7778117401,122.31596900607038,209.0,22,3.139901970256869e+18,50275754.67825923,91635163192573.75,2142968.75,1.5791145014476918e+18,7293559.2310886495,1.131921334440733e-09,0,0,1,0.0,0.0,0
90,156176794.20976204,22,0.0,1028147.9512041849,7866940605,130.42804877688755,210.0,22,3.040296785129827e+18,50580395.405566834,92439747029371.45,2142968.75,1.5293923672678505e+18,7293559.2310886495,6.662600471329938e-10,0,0,1,0.0,0.0,0
91,103513783.69036387,22,0.0,1043233.1558344851,8008426820,129.15334802960453,211.0,22,3.139302508541355e+18,50559521.76133141,91056397061162.78,2142968.75,1.5787568939767939e+18,7293559.2310886495,6.712142508469299e-10,0,0,1,0.0,0.0,0
92,291806503.55150104,21,0.0,1093365.0116043026,7961620315,137.84684514588636,212.0,21,3.03258824860049e+18,49248308.56091476,88513177519853.16,2142968.75,1.5251454420522304e+18,7293559.2310886495,7.003180813036636e-10,0,0,1,0.0,0.0,0
93,309120287.2418649,23,0.0,1086765.3041418341,7897500030,135.57763170058092,213.0,25,3.179892526391611e+18,49689865.02001585,92550767981554.0,2284977.0861110855,1.599201339993961e+18,7293559.2310886495,7.553905279067408e-10,0,0,1,0.0,0.0,0
94,206163395.39668298,25,0.0,1070352.4505014988,7936336634,137.89197594958623,214.0,25,3.287625488278023e+18,50940447.485340126,93819533160030.23,2299999.9999999995,1.6531946974550147e+18,7293559.2310886495,6.662600471329938e-10,0,0,1,0.0,0.0,0
95,207071545.03306454,23,0.0,1107502.3052257646,7974265088,138.3850906596255,215.0,24,3.133454868973864e+18,49924951.77301118,91931050002254.56,2142968.75,1.5759205394871575e+18,7293592.20185497,6.644410577294479e-10,0,0,1,0.0,0.0,0
96,232685558.08789116,22,0.0,1154105.515159737,7986579528,138.83962990672495,216.0,23,3.04069039187973e+18,48583356.788849466,89290776125148.33,2142968.75,1.52927427355238e+18,7294303.358053914,1.1241906294756632e-09,0,0,1,0.0,0.0,0
97,306708407.8077726,22,0.0,1181537.9594311446,7924871123,142.86075956252662,217.0,22,3.1083301904262743e+18,48103645.04531338,88682050286553.83,2299999.9999999995,1.5630333002417925e+18,7294303.358053921,1.3006326016196113e-09,0,0,1,0.0,0.0,0
98,261744354.18934458,22,0.0,1144492.2635589978,7908126771,125.10602644065465,218.0,22,3.4237654045004426e+18,49841879.89033105,91024452495809.73,2299999.9999999995,1.7209851474998024e+18,7294303.358053921,6.312445011147361e-10,0,0,1,0.0,0.0,0
99,104449518.0339247,24,0.0,1134393.1178913002,8048677254,132.69525516616713,219.0,24,3.3163096431165286e+18,50397917.04439341,92466632368560.94,2299999.9999999995,1.6674014847951204e+18,7294303.358053921,6.298802590620767e-10,0,0,1,0.0,0.0,0
100,157921885.78773078,24,0.0,1125346.6936220597,8135755364,139.34381337058613,220.0,25,3.4090377036896026e+18,50674491.76380087,93603848506013.4,2142968.75,1.7138792366954025e+18,7294303.358053921,8.608919133124004e-10,0,0,1,0.0,0.0,0
101,103572935.86217389,25,0.0,1146852.1466529188,8277182429,143.6436423881712,221.0,25,3.291974176828131e+18,50115034.340124644,93539113075415.56,2299999.9999999995,1.655340999721607e+18,7294303.358053921,1.0695729302234724e-09,0,0,1,0.0,0.0,0
102,356114089.6154848,23,0.0,1181520.8045606106,8166068340,147.16928176102488,222.0,23,3.2238141200506143e+18,49317905.574251145,91393848606788.28,2142968.75,1.621046444885986e+18,7294303.358053921,6.052758849683926e-10,0,0,1,0.0,0.0,0
103,158171339.1602915,22,0.0,1196133.3828126558,8252897002,143.1480805537633,223.0,22,3.3279600491318743e+18,49417959.45955139,91891984939816.94,2299999.9999999995,1.6731692230599188e+18,7294303.358053921,4.2928866017533096e-10,0,0,1,0.0,0.0,0
104,314082173.3747226,24,0.0,1199224.575049212,8183814829,145.9463673067297,224.0,24,3.1684649793699384e+18,49934448.61582861,93807956627535.14,2142968.75,1.5936132853477228e+18,7309628.486862938,4.4256520670415966e-10,0,0,1,0.0,0.0,0
105,335335169.79421026,24,0.0,1213707.8340749352,8093479657,135.2859841161009,225.0,25,3.104104003724203e+18,49832764.78951659,93772077146144.95,2299999.9999999995,1.561429209576716e+18,7309628.486862938,3.8794750745196893e-10,0,0,1,0.0,0.0,0
106,312619242.0222036,23,0.0,1251406.4752183054,8025860414,143.49448237559693,226.0,23,3.0878293089791104e+18,49406704.27163069,92209584072502.2,2142968.75,1.5531356128968054e+18,7309628.486862938,3.5702468759168937e-10,0,0,1,0.0,0.0,0
107,256396694.45371068,21,0.0,1224332.9248181032,8014463723,138.51192172589103,227.0,21,3.7368520420130575e+18,51209124.16283121,93873872764150.5,2299999.9999999995,1.8778134082829437e+18,7309628.486862938,3.5884367699523523e-10,0,0,1,0.0,0.0,0
108,103573015.02905309,21,0.0,1191727.4227099202,8155890706,129.8407530070956,228.0,21,3.8280745255138883e+18,52600744.77353705,95968108151962.95,2142968.75,1.9236340735721405e+18,7309628.486862938,4.215988114175673e-10,0,0,1,0.0,0.0,0
109,223727615.97356477,20,0.0,1178713.9271368124,8177163092,133.79483695212946,229.0,21,3.970422935778041e+18,53546545.29479426,96999762478145.17,2299999.9999999995,1.9949114441368348e+18,7309628.486862938,3.9158548625906064e-10,0,0,1,0.0,0.0,0
110,155022547.568493,20,0.0,1199715.8589555717,8267140544,145.66872259093765,230.0,22,3.8795181411347374e+18,52902165.429944254,95949285976047.17,2142968.75,1.9493539991649733e+18,7309628.486862938,3.61572161100554e-10,0,0,1,0.0,0.0,0
111,210817405.80876267,20,0.0,1235291.5750993507,8301323137,147.2541833994073,231.0,21,3.806746176152329e+18,51910127.675643414,93876941995743.06,2299999.9999999995,1.912760782275739e+18,7309628.486862938,4.479741577689822e-10,0,0,1,0.0,0.0,0
112,310335090.6273311,20,0.0,1268664.771711606,8235988048,141.07985659665687,232.0,21,3.672096523558772e+18,50620521.93103289,91025477438387.73,2157320.2303172015,1.8451508095232248e+18,7309628.486862938,3.602079190478946e-10,0,0,1,0.0,0.0,0
113,172622547.56849295,21,0.0,1306422.4212028342,8308365501,153.1803045291232,233.0,21,3.724716224910069e+18,49670351.93242927,89924846481750.14,2299999.9999999995,1.8713505971032097e+18,7309628.486862938,5.285124560217014e-10,0,0,1,0.0,0.0,0
114,309458666.78933865,21,0.0,1273391.538499693,8243906831,131.05426239850695,234.0,23,3.888625654054358e+18,50640992.515467435,92403827104734.17,2299999.9999999995,1.9535532097376525e+18,7309628.486862938,4.2619430207224696e-10,0,0,1,0.0,0.0,0
115,102986507.51452655,21,0.0,1307310.6755764512,8385920324,156.66538655388587,235.0,21,3.7259112365108326e+18,49437304.88504068,90320075928585.31,2299999.9999999995,1.871987625848275e+18,7309628.486862938,4.1705133790870264e-10,0,0,1,0.0,0.0,0
116,567742818.1842111,19,0.0,1326185.53883604,8063177508,144.84603949851197,236.0,23,3.5782428012932813e+18,48804264.70962576,89935831485689.34,2142968.75,1.7981149837952095e+18,7309628.486862938,4.4256520670415966e-10,0,0,1,0.0,0.0,0
117,301820196.36409867,22,0.0,1362814.2704051537,8006357310,146.9273648179987,237.0,22,3.5124842707244493e+18,47950072.581648305,88142504248204.02,2142968.75,1.765056385787045e+18,7309628.486862938,3.848122931415787e-10,0,0,1,0.0,0.0,0
118,261419162.85532445,20,0.0,1385589.245498129,7989938150,144.11212421526804,238.0,20,3.522982450745001e+18,47558164.51166555,85870028172935.94,2142968.75,1.770078228189794e+18,7309628.486862938,3.8299330373803286e-10,0,0,1,0.0,0.0,0
119,71711386.91438916,16,0.0,1374569.1570839926,8163226762,131.13084149486414,239.0,16,3.915787530700976e+18,48235033.97388447,85967548651532.02,2142968.75,1.9664905202156413e+18,7309628.486862938,4.739427739153257e-10,0,0,1,0.0,0.0,0
120,206515614.00678992,20,0.0,1362116.3821331589,8201711148,139.15575008657015,240.0,20,3.9645472118631936e+18,48913594.74823755,89380069878366.58,2142968.75,1.9912116129194335e+18,7748142.434314689,6.787483908254899e-10,0,0,1,0.0,0.0,0
121,250224996.8099383,20,0.0,1334351.6307759339,8196486151,144.28287533914025,241.0,20,4.309467355900337e+18,50325843.16534816,91450965465238.95,2142968.75,2.1638787744966925e+18,7748142.434314689,7.180713801346883e-10,0,0,1,0.0,0.0,0
122,85617484.97564189,20,0.0,1339336.7334560854,8355868666,134.3500856367293,242.0,20,4.2961495048401434e+18,49952825.043059684,90197033003974.44,2142968.75,2.1570944557204692e+18,7767467.58212796,2.8515190209077446e-10,0,0,1,0.0,0.0,0
123,106580200.2698322,17,0.0,1380772.194257235,8494288466,139.38683528487275,243.0,18,4.2649356218100977e+18,48757323.27245751,86848857217578.83,2142968.75,2.1411526966268068e+18,7767467.58212796,2.5604807163404075e-10,0,0,1,0.0,0.0,0
124,157780596.1042281,20,0.0,1390089.4478346256,8581507870,146.548608356563,244.0,20,4.159106035498457e+18,48751337.33988953,88639078025989.17,2142968.75,2.0884169255518275e+18,7767467.58212796,3.506355206184253e-10,0,0,1,0.0,0.0,0
125,316726476.03301984,22,0.0,1362303.9591306513,8509781392,140.37413197604067,245.0,22,4.2417758637294817e+18,49590310.995868355,89729893459873.78,2142968.75,2.1298609212107282e+18,7767467.58212796,8.381246807687148e-10,0,0,1,0.0,0.0,0
126,193647662.6971995,22,0.0,1357441.5804654295,8561133729,134.54289126072894,246.0,22,4.087240879694902e+18,49633480.00048253,89347269560401.0,2142968.75,2.052555166803491e+18,7785136.495045576,5.44787326361984e-10,0,0,1,0.0,0.0,0
127,411161942.95060396,18,0.0,1319164.9462601638,8394971787,138.4184537582568,247.0,21,4.459746820948307e+18,50894273.799988486,91046230076716.23,2142968.75,2.238978033481825e+18,7816153.309188187,1.2068994692526758e-09,0,0,1,0.0,0.0,0
128,259937974.81772667,20,0.0,1334299.289575354,8380033812,132.76466433150105,248.0,21,4.153116238639379e+18,50277962.748112194,89880922046661.31,2142968.75,2.0855462115243556e+18,7816153.309188187,1.177795638795942e-09,0,0,1,0.0,0.0,0
129,161037788.4362884,21,0.0,1357587.3403583516,8463996022,143.08133792688386,249.0,21,4.032507794074209e+18,49557714.80613714,88104970754339.38,2142968.75,2.0250643941125384e+18,7816153.309188187,1.342414179816842e-09,0,0,1,0.0,0.0,0
130,115880328.97195004,21,0.0,1379843.552280751,8593115694,147.99815241206568,250.0,21,3.931925132757227e+18,48847337.331964925,86677185767234.2,2142968.75,1.974630284955337e+18,7816153.309188187,1.2141754268668592e-09,0,0,1,0.0,0.0,0
131,237235227.35551947,19,0.0,1370815.861223283,8600880467,142.4411143072659,251.0,20,4.142211453742606e+18,49181384.72159032,86988162108841.92,2142968.75,2.079804543082187e+18,7816153.309188187,1.2078089639544487e-09,0,0,1,0.0,0.0,0
132,285241640.427055,23,0.0,1380830.6556118263,8560638827,151.27645176315485,252.0,23,3.94593776218632e+18,49008594.23456471,87199863276068.14,2142968.75,1.9816888674207667e+18,7816153.309188187,1.3524186215363443e-09,0,0,1,0.0,0.0,0
133,240766433.61664283,22,0.0,1386711.9919116562,8564872391,142.8522016457263,253.0,22,4.183086530429602e+18,49138543.48484598,87780690702474.34,2142968.75,2.1003213342850483e+18,7823069.721070912,1.2614691513590515e-09,0,0,1,0.0,0.0,0
134,56117613.67775974,19,0.0,1404610.6890250193,8753754778,145.55293274591398,254.0,19,4.233716485815936e+18,48654291.935407065,86861189668892.89,2142968.75,2.1255443618748572e+18,7823069.721070912,1.3887984096072614e-09,0,0,1,0.0,0.0,0
135,126495677.7752119,21,0.0,1391247.2483729806,8872259099,162.5489834517582,255.0,23,4.398586065867351e+18,49832616.33356938,90837535916139.11,2299999.999999999,2.2083767865252895e+18,7823069.721070912,8.649294613860548e-10,0,0,1,0.0,0.0,0
136,108515052.5969908,22,0.0,1403713.8909529254,9008744048,150.03253120878995,256.0,23,4.1224782345153434e+18,49494494.247222446,89533563569032.75,2299999.999999999,2.0701924736145748e+18,7823069.721070912,1.192347554024309e-09,0,0,1,0.0,0.0,0
137,337123467.85206854,24,0.0,1419830.5334191744,8916620582,157.51386831160332,257.0,24,3.975114075304958e+18,48766722.416614145,89224608524218.61,2299999.999999999,1.9964794985049009e+18,7825030.19627751,1.1123120202682912e-09,0,0,1,0.0,0.0,0
138,290181002.0165087,22,0.0,1473138.675960503,8871439579,162.14219894669432,258.0,22,3.803521002146805e+18,47473073.95628891,86671226717057.84,2142968.75,1.9104276237451085e+18,7827365.75622571,1.1123120202682912e-09,0,0,1,0.0,0.0,0
139,395661759.0110419,19,0.0,1523999.6567037753,8720777818,144.30537122951594,259.0,19,3.738115343354508e+18,46182697.62815003,83845852139180.22,2142968.75,1.8774422568911718e+18,7827365.75622571,1.115949999075383e-09,0,0,1,0.0,0.0,0
140,167229804.8086348,22,0.0,1518398.8105597803,8798548016,146.47113140086202,260.0,23,3.784825528369631e+18,46280794.45188762,84703463348375.69,2142968.75,1.900883110519653e+18,7827365.75622571,1.1341398931108415e-09,0,0,1,0.0,0.0,0
141,333847679.84395653,18,0.0,1439038.2265357838,8709700335,151.33498364612848,261.0,19,5.279873164153263e+18,49760474.414936356,90039333553947.33,2299999.999999999,2.648940515432026e+18,7827365.75622571,1.115949999075383e-09,0,0,1,0.0,0.0,0
142,78961209.4498223,22,0.0,1321899.067770707,8875739124,150.99351566291662,262.0,22,6.810681151856828e+18,53905435.980884,105314961843197.48,3682473.1921171374,3.415872072112734e+18,7827365.75622571,1.1477823136374354e-09,0,0,1,0.0,0.0,0
143,144547130.28273696,23,0.0,1332752.7981227175,8976191996,150.99490447224292,263.0,23,6.580277160485188e+18,53951376.791969895,104429070797312.27,3458696.3842342747,3.300581487322325e+18,7827365.75622571,7.275957614183426e-10,0,0,1,0.0,0.0,0
144,167229804.8086348,20,0.0,1361685.8587327255,9053962190,137.61499291405536,264.0,20,6.537614258408596e+18,53020174.142096795,100252280659618.92,3234919.576351412,3.27883235727026e+18,7827365.75622571,6.657501216977835e-10,0,0,1,0.0,0.0,0
145,233946931.90267286,21,0.0,1360033.7196861855,9065015260,167.5387867694839,265.0,22,6.704788807751404e+18,53373757.18398305,99848292110059.03,3011142.7684685495,3.3623792330867077e+18,7827365.75622571,8.103597792796791e-10,0,0,1,0.0,0.0,0
146,58664528.43367557,22,0.0,1319717.4293363746,9251350734,147.59381728509166,266.0,22,7.155328571129901e+18,54919775.56878523,102433769301953.11,2787365.960585687,3.587907662495146e+18,7827365.75622571,6.803020369261503e-10,0,0,1,0.0,0.0,0
147,128462681.74125904,21,0.0,1302919.7848056278,9367888049,134.65257014065295,267.0,21,7.196150394829259e+18,55535872.93969008,103677934924924.75,2563589.152702824,3.6084429909071217e+18,7827365.75622571,7.203198038041592e-10,0,0,1,0.0,0.0,0
148,142767445.55300266,22,0.0,1345428.4795121325,9470120606,155.46566829123137,268.0,23,6.94636718448871e+18,54199377.779736206,100673500841511.52,2339812.3448199616,3.4832509423285064e+18,7827365.75622571,8.403731044381857e-10,0,0,1,0.0,0.0,0
149,114782142.1114353,22,0.0,1379813.1849957714,9600338462,153.463203976011,269.0,22,6.820544807984002e+18,53081143.03048088,97508921918027.16,2142968.75,3.420023296183804e+18,7827365.75622571,8.658389560878277e-10,0,0,1,0.0,0.0,0
150,369487310.77082807,21,0.0,1413609.5715154484,9475851153,143.58186814593537,270.0,21,6.712537305707068e+18,52069480.13029356,94141595231973.69,2142968.75,3.3656828123767316e+18,7827366.1694002515,1.014086592476815e-09,0,0,1,0.0,0.0,0
151,108565276.37495923,23,0.0,1411893.7676191712,9612285875,158.52344954111578,271.0,23,6.950517856342253e+18,52188641.63740229,96725551619995.12,2244867.886459633,3.4849314833331256e+18,7827366.1694002515,8.731149137020111e-10,0,0,1,0.0,0.0,0
152,112235227.35551946,22,0.0,1404455.532983144,9745050646,154.30826683461572,272.0,22,6.892663704050536e+18,53179682.53799776,97356251481306.16,2142968.75,3.456067477173399e+18,7827366.1694002515,8.803908713161945e-10,0,0,1,0.0,0.0,0
153,437990815.878393,23,0.0,1429892.393207451,9552059831,165.75637789154084,273.0,23,6.605176707356529e+18,52816161.184594885,97368370460455.4,2196430.386459633,3.31232519072431e+18,7827366.1694002515,6.766640581190586e-10,0,0,1,0.0,0.0,0
154,321400043.5899277,21,0.0,1495637.062226899,9475659786,163.15680634944422,274.0,21,6.510536062822706e+18,50850213.36778731,92103904569097.3,2142968.75,3.264478421868263e+18,7827366.1694002515,8.794813766144216e-10,0,0,1,0.0,0.0,0
155,155295758.6119902,22,0.0,1470536.5981535148,9565364026,157.5141320386343,275.0,23,6.819784165507271e+18,51885409.91219484,94595307472986.23,2317792.9927925235,3.419351613500934e+18,7827366.1694002515,8.694769348949194e-10,0,0,1,0.0,0.0,0
156,108565276.37495923,25,0.0,1461568.8597488813,9701798751,157.32002450499277,276.0,25,6.59442729256651e+18,52256108.4134842,94869342429980.77,2142968.75,3.306700580526253e+18,7827366.1694002515,8.731149137020111e-10,0,0,1,0.0,0.0,0
157,283885619.3634968,23,0.0,1475890.086595963,9662913131,154.61080941377622,277.0,23,6.525273420709899e+18,51588478.21468908,92784663372935.48,2142968.75,3.271915176692243e+18,7827662.365309388,1.7262209439650178e-09,0,0,1,0.0,0.0,0
158,222099755.78919503,20,0.0,1501026.3922975773,9685813377,159.51880594507128,278.0,20,6.498890627382002e+18,50731505.177130796,90704003343927.39,2142968.75,3.2585157140253937e+18,7827662.365309388,1.737134880386293e-09,0,0,1,0.0,0.0,0
159,275697581.2857027,23,0.0,1516792.371324593,9655115794,155.46278256588286,279.0,23,6.369662337214839e+18,50456501.52721593,90577907971231.8,2142968.75,3.1938889594045425e+18,7827662.365309388,2.802153176162392e-09,0,0,1,0.0,0.0,0
160,171255176.04579288,20,0.0,1519141.7787501651,9728860622,158.61806601987294,280.0,21,6.487197718668007e+18,50443633.63547803,89686192679870.69,2142968.75,3.2525674786019907e+18,7827662.365309388,1.7298589227721095e-09,0,0,1,0.0,0.0,0
161,157264444.73189193,21,0.0,1506442.7484829645,9816596175,160.1154124542792,281.0,21,6.648364749467454e+18,51508159.91599821,93937465340561.84,2142968.75,3.333576121267783e+18,7827662.365309388,1.7444108380004764e-09,0,0,1,0.0,0.0,0
162,197266677.82744783,22,0.0,1530345.0434545828,9864329497,153.4358757026706,282.0,22,6.429187477286554e+18,51331660.829161674,93465654720563.42,2142968.75,3.223940304115333e+18,7899961.156677945,1.4115357771515846e-09,0,0,1,0.0,0.0,0
163,352752794.1371577,21,0.0,1556671.12955914,9756576703,164.8918564595074,283.0,22,6.282322119738884e+18,50564593.59231421,91629793088773.14,2142968.75,3.1503240391783194e+18,7899961.156677945,1.280568540096283e-09,0,0,1,0.0,0.0,0
164,378233409.72070205,22,0.0,1561982.3201263715,9623343295,165.19835505962098,284.0,22,6.335247428867141e+18,50984166.67135035,92666211271130.12,2142968.75,3.1768903355606835e+18,7903235.082458741,6.575646693818271e-10,0,0,1,0.0,0.0,0
165,228412560.17210886,23,0.0,1562074.9042785761,9639930737,158.21670006154815,285.0,23,6.195393380345602e+18,50850720.063342385,92109601928735.44,2142968.75,3.1069076503656745e+18,7903235.082458741,6.220943760126829e-10,0,0,1,0.0,0.0,0
166,201850100.25999895,22,0.0,1573602.1318897891,9683080635,148.62913980026832,286.0,22,6.20017804532626e+18,50918182.60516554,92121310745727.12,2142968.75,3.109301153737703e+18,7903235.082458741,6.184563972055912e-10,0,0,1,0.0,0.0,0
167,255749943.67805377,23,0.0,1565638.5988072988,9672330691,157.93610221032736,287.0,23,6.237980336960215e+18,50861195.599093355,90594279893486.25,2142968.75,3.1280495964694564e+18,7944971.180012967,6.184563972055912e-10,0,0,1,0.0,0.0,0
168,297345334.57525027,22,0.0,1590831.6091417011,9619985357,173.292539120416,288.0,22,6.116689995903814e+18,50069566.591798835,90209334155910.22,2142968.75,3.0673659313674977e+18,7944971.180012967,6.184563972055912e-10,0,0,1,0.0,0.0,0
169,224750348.24302712,21,0.0,1621016.7117449415,9640235007,169.1938227389199,289.0,21,6.002794609551959e+18,49230803.050069906,88410052757795.42,2142968.75,3.010238310051759e+18,7944971.183465419,6.584741640836e-10,0,0,1,0.0,0.0,0
170,201083503.30475774,23,0.0,1643937.0296763866,9684151506,159.1632810472114,290.0,23,5.953421426750156e+18,48669303.81845187,88105619123850.52,2142968.75,2.985521275287463e+18,7944971.183465419,6.402842700481415e-10,0,0,1,0.0,0.0,0
171,243423203.31529644,22,0.0,1593203.1739685643,9685728301,146.35983926467713,291.0,22,6.410749290344836e+18,50061579.61151895,89721207072722.61,2142968.75,3.21434676587969e+18,7944971.183465419,6.257323548197746e-10,0,0,1,0.0,0.0,0
172,169748031.7384333,23,0.0,1609196.275319845,9760980272,179.28571190012025,292.0,23,6.091687034327276e+18,49699108.918418474,90308432324524.84,2299999.999999999,3.0548743603960904e+18,7944971.183465419,6.584741640836e-10,0,0,1,0.0,0.0,0
173,288647875.81935894,20,0.0,1659082.5251543052,9717332397,160.28539778274245,293.0,21,5.831059816998111e+18,48276415.739525646,87739620551952.38,2142968.75,2.924303870554251e+18,7944971.183465419,6.293703336268663e-10,0,0,1,0.0,0.0,0
174,438670162.9983871,19,0.0,1659880.8164332716,9523662233,144.30075914327023,294.0,21,6.099964090316796e+18,48289381.55153086,86217563898954.05,2142968.75,3.058603801548293e+18,7944971.183465419,6.584741640836e-10,0,0,1,0.0,0.0,0
175,56327144.9277307,20,0.0,1671564.1512722431,9712335087,166.67922038232118,295.0,20,5.897461206933451e+18,48012505.747080944,85377302622071.61,2142968.75,2.9572683337289324e+18,7944971.183465419,6.257323548197746e-10,0,0,1,0.0,0.0,0
176,347022783.58699846,20,0.0,1689289.0023980667,9610312305,151.2588025532956,296.0,22,5.773969621453723e+18,47628416.25627123,84857786602031.6,2142968.75,2.8954705893870643e+18,7961755.65354919,6.584741640836e-10,0,0,1,0.0,0.0,0
177,247085415.46533513,22,0.0,1725995.5782128249,9608226887,169.183673855083,297.0,22,5.570425109958502e+18,46716519.88986582,83869039077502.73,2142968.75,2.7935994588870016e+18,7961755.65354919,6.148184183984995e-10,0,0,1,0.0,0.0,0
178,172610979.73722667,20,0.0,1755153.899184797,9680615906,176.15162363534475,298.0,21,5.562451961432629e+18,45965744.34360743,82050912583853.53,2142968.75,2.7894310719747e+18,7961755.65354919,6.148184183984995e-10,0,0,1,0.0,0.0,0
179,278412560.3930658,23,0.0,1720793.8118472244,9647203348,162.61299320887852,299.0,23,5.943613786455788e+18,47376572.75455083,85766398960069.66,2142968.75,2.980383533123901e+18,8015893.313975182,4.3291947804391384e-10,0,0,1,0.0,0.0,0
180,60223726.909948185,21,0.0,1653756.4894017086,9831979618,161.1293017883108,300.0,21,6.075170372310403e+18,49816314.94589768,91230714623206.1,2344354.240617409,3.046708257617522e+18,8076777.407447331,9.931682143360376e-10,0,0,1,0.0,0.0,0
181,280311982.4745289,20,0.0,1660015.5334612746,9796667636,162.80078510303719,301.0,20,5.887643669747895e+18,49972895.328676045,90583150333879.62,2142968.75,2.9528801499073357e+18,8104153.896216541,1.4624674804508686e-09,0,0,1,0.0,0.0,0
182,281693290.9840977,19,0.0,1692815.9439134977,9759974344,162.77871323793798,302.0,19,5.645061742738674e+18,48544686.08606837,86528983002182.4,2142968.75,2.831183769669555e+18,8104153.896216541,1.9099388737231493e-09,0,0,1,0.0,0.0,0
183,420673656.1405289,21,0.0,1706195.61285323,9584300688,153.6231654549699,303.0,21,5.519633788396456e+18,47920266.925162874,85498724545028.53,2142968.75,2.768366766652731e+18,8104153.896216541,1.9208528101444244e-09,0,0,1,0.0,0.0,0
184,177552784.21921325,22,0.0,1667781.913916882,9651747905,166.4162443360577,304.0,22,5.729905718159649e+18,49055765.620543756,88862881705735.31,2142968.75,2.8738391472503977e+18,8104153.896216541,2.066371962428093e-09,0,0,1,0.0,0.0,0
185,119069564.07414956,21,0.0,1653119.4987951426,9777678339,183.14887746110153,305.0,21,5.897919574662517e+18,49624762.89667582,91073956875119.52,2299999.999999999,2.9580671830187704e+18,8104153.896216541,1.9208528101444244e-09,0,0,1,0.0,0.0,0
186,60223726.909948185,21,0.0,1685329.3515685766,9962454613,167.1470188372341,306.0,21,5.632579843900791e+18,48468763.40233278,88312837816563.8,2142968.75,2.825121205732052e+18,8104153.896216541,1.9717845134437084e-09,0,0,1,0.0,0.0,0
187,460823045.88101196,21,0.0,1699055.1567283329,9746631568,172.36019709758298,307.0,22,5.44915519721247e+18,48305533.372082144,87786446811353.31,2142968.75,2.73335624328737e+18,8104153.896216541,1.9681465346366167e-09,0,0,1,0.0,0.0,0
188,177271341.8971848,20,0.0,1730397.1468523566,9814360226,186.46075040144993,308.0,20,5.305782244372392e+18,47508120.683117874,86728002191730.9,2299999.999999999,2.661563922405369e+18,8104153.896216541,1.9099388737231493e-09,0,0,1,0.0,0.0,0
189,352158517.2263794,20,0.0,1757163.7305761746,9707201708,181.67164109458565,309.0,21,5.268209966101858e+18,46750758.33284712,84967131606285.67,2142968.75,2.642601696211558e+18,8092803.218829526,1.9426806829869747e-09,0,0,1,0.0,0.0,0
190,71843115.98802847,18,0.0,1689331.7734083019,9880358590,171.05800302178824,310.0,18,6.409894301282162e+18,48934801.817638524,89039051529625.64,2299999.999999999,3.2138510557940434e+18,8092803.218829526,1.9099388737231493e-09,0,0,1,0.0,0.0,0
191,288108918.4361975,18,0.0,1651226.1848651066,9837249673,159.1374610173537,311.0,18,6.12133246803979e+18,50305291.65927148,90432912301812.4,2142968.75,3.069709525250076e+18,8092803.218829526,1.4588295016437769e-09,0,0,1,0.0,0.0,0
192,210671180.72984457,19,0.0,1671297.485933061,9871578492,161.71617934576852,312.0,20,5.604943903249341e+18,49268913.474903055,88150924698163.47,2142968.75,2.811287044094487e+18,8092803.218829526,1.5243131201714277e-09,0,0,1,0.0,0.0,0
193,201756679.03932205,21,0.0,1695724.0825182972,9914821813,163.21065935591685,313.0,21,5.389960207355882e+18,48310078.1768158,87009361571023.12,2142968.75,2.7036810398350433e+18,8092803.218829526,1.6334524843841791e-09,0,0,1,0.0,0.0,0
194,192026877.28675312,19,0.0,1736833.8822692072,9967794935,183.36889167210737,314.0,19,5.315091272333849e+18,47176397.36917832,84426469437738.4,2142968.75,2.665988283110698e+18,8092803.218829526,1.4551915228366852e-09,0,0,1,0.0,0.0,0
195,378139128.1482991,22,0.0,1760891.330636427,9834655807,168.15127631483523,315.0,22,5.15091551563632e+18,46894279.75099764,84390104942402.98,2142968.75,2.5838967683124004e+18,8092803.218829526,1.4551915228366852e-09,0,0,1,0.0,0.0,0
196,119069564.05233723,20,0.0,1735512.839861992,9960586244,173.9060491134047,316.0,20,5.550895738309412e+18,48041148.12420748,85616426193427.39,2142968.75,2.784009511774049e+18,8092803.218488708,1.0877556633204222e-09,0,0,1,0.0,0.0,0
197,58845837.16420138,19,0.0,1692384.5114033332,10146740406,186.00759667901502,317.0,19,5.873935730800224e+18,49741685.98222116,90023686071780.86,2299999.999999999,2.9459702340072904e+18,8092803.218488708,8.913048077374697e-10,0,0,1,0.0,0.0,0
198,287231376.24233663,20,0.0,1716111.7605483679,10104509031,166.21274565979766,318.0,20,5.514843706617635e+18,48813862.357729666,87995516872089.12,2142968.75,2.7662214049960264e+18,8092803.218488708,1.367880031466484e-09,0,0,1,0.0,0.0,0
199,293590138.9500743,20,0.0,1738583.5672586404,10055918890,176.3295757118584,319.0,21,5.250803840593481e+18,48146382.918931656,86953170897309.78,2142968.75,2.6340972373864714e+18,8092803.218488708,1.3496901374310255e-09,0,0,1,0.0,0.0,0
200,319877213.406538,21,0.0,1778429.472311892,9981041677,158.99784020664265,320.0,21,5.021573242834279e+18,47054465.98878242,84824556113595.11,2142968.75,2.5192690770284995e+18,8143376.3610386895,1.4588295016437769e-09,0,0,1,0.0,0.0,0
201,346260873.76709473,19,0.0,1726473.0787507996,9879780804,155.81864952569788,321.0,19,5.511954959512653e+18,48417894.03509739,86152934362680.53,2142968.75,2.7645927731925944e+18,8143376.3610386895,1.4588295016437769e-09,0,0,1,0.0,0.0,0
202,176099897.49186292,20,0.0,1752154.099705199,9948680904,175.80447365674772,322.0,20,5.190664033925156e+18,47704188.61965189,84801510405307.62,2142968.75,2.603812168003109e+18,8143376.3610386895,1.331500243395567e-09,0,0,1,0.0,0.0,0
203,120447453.7762717,20,0.0,1765962.1183449295,10073233453,169.29261373942714,323.0,20,5.15094364921782e+18,47049463.49358799,82902194724805.1,2142968.75,2.58376204408139e+18,8143376.3610386895,1.3897079043090343e-09,0,0,1,0.0,0.0,0
204,148601621.00000882,21,0.0,1739278.3762935738,10169631833,181.80656483121643,324.0,21,5.393151146168229e+18,48517711.27520125,88169349094481.16,2245097.3746258896,2.7053925079935626e+18,8233530.14805976,9.64064383879304e-10,0,0,1,0.0,0.0,0
205,180671180.66440755,21,0.0,1681242.7977606792,10233960653,166.11046933623274,325.0,22,5.46130017410713e+18,50577307.97802645,91609125632214.81,2245097.3746258896,2.7398109996167864e+18,8233544.137434131,6.402842700481415e-10,0,0,1,0.0,0.0,0
206,256931010.99366552,21,0.0,1685966.1568785897,10222029640,178.16655399264474,326.0,22,5.317114575169637e+18,50752787.00699581,91416814876398.69,2142968.75,2.667698969072459e+18,8233544.137434131,7.421476766467094e-10,0,0,1,0.0,0.0,0
207,255226927.78295228,22,0.0,1705957.7575704278,10211802715,176.12680741775083,327.0,23,5.108137689648382e+18,49798904.53530638,88805015818685.88,2142968.75,2.5629493464060595e+18,8233544.137434131,6.257323548197746e-10,0,0,1,0.0,0.0,0
208,386178710.89141256,22,0.0,1735035.5236691525,10070624002,179.35879018733365,328.0,22,4.973788880537098e+18,48687171.89823648,87727136315506.39,2245097.3746258896,2.4956671539000996e+18,8233544.137434131,7.421476766467094e-10,0,0,1,0.0,0.0,0
209,304357163.6584575,22,0.0,1775586.3486944688,10011266837,172.80217093678633,329.0,22,4.885467631880463e+18,47260065.38980929,85871094120538.06,2142968.75,2.4513209253522857e+18,8233544.137434131,6.257323548197746e-10,0,0,1,0.0,0.0,0
210,182777491.7235493,22,0.0,1760759.0382757867,10073489345,172.30365224332175,330.0,23,5.175581608513303e+18,47972728.27523388,88829478794625.6,2245097.3746258896,2.5966737521361137e+18,8233652.124444342,6.257323548197746e-10,0,0,1,0.0,0.0,0
211,245181292.93491703,21,0.0,1680969.2423952539,10073308053,171.609214887312,331.0,21,5.988346563054201e+18,50732657.97054275,90445547493340.17,2245097.3746258896,3.0032178362764344e+18,8233652.124444342,6.257323548197746e-10,0,0,1,0.0,0.0,0
212,145447453.7762717,20,0.0,1640727.171912368,10172860601,177.6169966134894,332.0,21,6.351972237512917e+18,52475650.67946666,94705685003596.53,2245097.3746258896,3.185456687256818e+18,8233652.124444342,6.402842700481415e-10,0,0,1,0.0,0.0,0
213,240671180.66440755,23,0.0,1641158.5734564138,10177189419,168.92701222060776,333.0,23,6.009462158645759e+18,52159085.89542103,93765945740277.78,2245097.3746258896,3.0141076738969073e+18,8233652.124444342,4.511093720793724e-10,0,0,1,0.0,0.0,0
214,110223726.88813585,22,0.0,1679773.2808318317,10311965695,165.7490162919489,334.0,22,5.998090518193275e+18,51092272.117055565,90992650028617.72,2245097.3746258896,3.008144524099499e+18,8233652.124444342,6.257323548197746e-10,0,0,1,0.0,0.0,0
215,118425504.71117109,21,0.0,1707152.711477836,10438540190,181.24828595909477,335.0,21,6.012354498601103e+18,50091058.82802474,89354531422094.9,2245097.3746258896,3.015112702442761e+18,8226021.26242327,6.257323548197746e-10,0,0,1,0.0,0.0,0
216,173601621.00000882,20,0.0,1669956.656647802,10509938569,169.4250750532384,336.0,20,6.95541415088996e+18,51342586.235121444,91446972319040.25,2326961.081006333,3.4868517726768845e+18,8226021.26242327,6.402842700481415e-10,0,0,1,0.0,0.0,0
217,119462084.432637,21,0.0,1698375.9160810811,10635476483,179.08110177117678,337.0,21,6.53868426512341e+18,50259672.01590625,91540140030336.92,2754311.7756275646,3.2784961465647386e+18,8242217.820571175,1.229636836796999e-09,0,0,1,0.0,0.0,0
218,380894907.5525434,21,0.0,1718937.1827014978,10499581574,173.31486192648524,338.0,22,6.225599243844147e+18,49941496.17534593,91679290627863.11,2554311.7756275646,3.12196755098486e+18,8242217.820571175,1.4624674804508686e-09,0,0,1,0.0,0.0,0
219,233054609.20087528,17,0.0,1742985.5255839687,10511526966,169.14760481169063,339.0,18,6.374657677704074e+18,48987042.46883471,89436681442843.83,2354311.7756275646,3.1962725069963213e+18,8242217.820571175,9.822542779147625e-10,0,0,1,0.0,0.0,0
220,359422188.4692925,20,0.0,1741553.133117405,10397104778,182.29450535801945,340.0,21,6.11917643949766e+18,49252018.661993176,92174700595708.89,2245097.3746258896,3.068805689808401e+18,8242217.820571175,8.36735125631094e-10,0,0,1,0.0,0.0,0
221,311827927.83466756,20,0.0,1783164.2066064891,10330276850,175.80074439025074,341.0,21,5.90200613422636e+18,48056130.8063848,90091915171490.4,2142968.75,2.9600122586303293e+18,8242770.097606428,8.149072527885437e-10,0,0,1,0.0,0.0,0
222,397708046.9897093,21,0.0,1800414.1455960027,10177568802,168.30644638878778,342.0,21,5.921520557540647e+18,48197308.12680718,90872108412054.16,2245097.3746258896,2.9698474896115287e+18,8242770.097606428,7.894414011389017e-10,0,0,1,0.0,0.0,0
223,183825347.88814467,20,0.0,1812549.7921166387,10238743455,184.0137855050208,343.0,20,6.016513409615874e+18,48827144.300218396,91455534831788.42,2245097.3746258896,3.017402258291116e+18,8242770.097606428,7.785274647176266e-10,0,0,1,0.0,0.0,0
224,264658670.23006836,22,0.0,1844460.8620137165,10219084785,184.68544263337708,344.0,22,5.694145354917605e+18,48434742.482435785,90586155816198.69,2245097.3746258896,2.8561312930404224e+18,8242770.097606428,8.149072527885437e-10,0,0,1,0.0,0.0,0
225,246190191.80705035,21,0.0,1872581.920343469,10217894595,178.875830600618,345.0,21,5.669665016681409e+18,48115499.8310769,89389404736974.34,2142968.75,2.8437714488144015e+18,8242761.663877863,7.748894859105349e-10,0,0,1,0.0,0.0,0
226,123601621.00000882,19,0.0,1839097.3394067278,10339292972,199.17494209429674,346.0,19,6.249690067097219e+18,49574123.760155,90114340016265.02,2245097.3746258896,3.133856467550236e+18,8242761.663877863,7.676135282963514e-10,0,0,1,0.0,0.0,0
227,243601621.00000882,19,0.0,1827680.921014735,10340691351,173.58118479087415,347.0,19,6.162260417223635e+18,49951581.59890914,91756934338889.86,2597492.328237679,3.090305902045706e+18,8254877.86229179,1.6807462088763714e-09,0,0,1,0.0,0.0,0
228,238025177.54649198,19,0.0,1900850.3614170887,10347666174,186.99775453708654,348.0,19,5.878040575261654e+18,48254616.85519685,87750701091252.25,2397492.328237679,2.947795357739952e+18,8254877.86229179,1.102307578548789e-09,0,0,1,0.0,0.0,0
229,237812297.69517738,20,0.0,1922295.1702217374,10354853877,177.4767023722387,349.0,20,5.714214893414864e+18,47974910.35056343,88646216881212.3,2245097.3746258896,2.8659720683955533e+18,8254877.86229179,8.585629984736443e-10,0,0,1,0.0,0.0,0
230,342453464.54906434,20,0.0,1869684.5361550236,10257400409,172.12311305207126,350.0,20,6.132972986269372e+18,49579047.72197713,88893278462077.38,2142968.75,3.0753758209808937e+18,8254877.86229179,8.694769348949194e-10,0,0,1,0.0,0.0,0
231,124431355.77196792,21,0.0,1838577.5161123122,10377969055,184.14612011058506,351.0,21,6.233891897060667e+18,50864420.690838024,92853212028096.55,2245097.3746258896,3.1262312697331436e+18,8332522.726968835,1.2587406672537327e-09,0,0,1,0.0,0.0,0
232,180447453.7762717,21,0.0,1833466.6108081886,10442521601,186.28236148809629,352.0,21,6.012301120812904e+18,51315590.01137376,92159929220238.78,2142968.75,3.015366553328476e+18,8332522.726968835,1.229636836796999e-09,0,0,1,0.0,0.0,0
233,243036024.58331323,21,0.0,1884219.1003156668,10444485579,183.43623722177173,353.0,21,5.722647020830881e+18,49731200.532953486,88783720117064.56,2142968.75,2.870201882427147e+18,8398553.476144724,8.330971468240023e-10,0,0,1,0.0,0.0,0
234,164823464.64441615,19,0.0,1920487.8219480265,10524662113,199.52482832893074,354.0,19,5.776267702977787e+18,48467624.74667272,86849472178589.5,2245097.3746258896,2.8968187987067525e+18,8398553.476144724,1.255102688446641e-09,0,0,1,0.0,0.0,0
235,333825347.8881447,23,0.0,1878528.3906846978,10435836764,172.10154908277707,355.0,23,6.096495098366015e+18,50285022.734089114,91177288493539.16,2245097.3746258896,3.0573652780323615e+18,8398553.476144724,8.11269273981452e-10,0,0,1,0.0,0.0,0
236,119434403.5833044,22,0.0,1902902.003991838,10561402362,181.15081538329312,356.0,22,5.985195369046393e+18,49684148.93597379,88898708683497.92,2142968.75,3.0014875553915464e+18,8398553.476144724,1.0077201295644045e-09,0,0,1,0.0,0.0,0
237,60223726.88813585,20,0.0,1896317.7235151613,10746178635,182.61798199490923,357.0,20,6.17311094405167e+18,50251562.475618355,89869398421478.48,2245097.3746258896,3.095542411867983e+18,8398553.476144724,8.185452315956354e-10,0,0,1,0.0,0.0,0
238,323679419.9490869,20,0.0,1923883.9263490092,10667499214,197.52577506951766,358.0,20,5.883416014037481e+18,49394246.11608402,87190793846932.48,2245097.3746258896,2.950427086403434e+18,8408654.150787069,6.511982064694166e-10,0,0,1,0.0,0.0,0
239,302246701.2784818,22,0.0,1954521.7103068484,10610252516,182.35729400359048,359.0,22,5.711236558624154e+18,48759258.01924279,87481580731581.9,2245097.3746258896,2.864366437385235e+18,8408654.150787069,6.548361852765083e-10,0,0,1,0.0,0.0,0
240,130806880.71666089,22,0.0,1990624.1573611954,10724445634,192.04202232540192,360.0,22,5.575515237887752e+18,47730883.176534384,85958972060981.69,2245097.3746258896,2.796353516149974e+18,7439277.806331543,5.729816621169448e-10,0,0,1,0.0,0.0,0
241,318570932.02835953,22,0.0,1998683.2353925887,10650874699,182.90745608675658,361.0,22,5.619965389145308e+18,47548106.06060184,86627994905150.28,2245097.3746258896,2.818645494063169e+18,7439277.806331543,1.204170985147357e-09,0,0,1,0.0,0.0,0
242,265636562.56494397,21,0.0,2053814.8109762024,10630238136,194.04223075208097,362.0,21,5.394340351822262e+18,45979205.01183581,84187427145748.6,2245097.3746258896,2.705588918625706e+18,7438848.032264355,1.0804797057062387e-09,0,0,1,0.0,0.0,0
243,298940043.3641695,21,0.0,2102435.969893149,10576298093,186.03124153892546,363.0,21,5.321134566868781e+18,44618151.652802154,82001609140103.28,2245097.3746258896,2.6687674443484006e+18,7438848.032264355,1.0095391189679503e-09,0,0,1,0.0,0.0,0
244,213188774.88606817,20,0.0,2093091.7660319954,10608109317,199.9563073333409,364.0,20,5.848401597922895e+18,45965742.84137904,84041218879076.53,2245097.3746258896,2.9326049208493553e+18,7438848.032264355,1.025910023599863e-09,0,0,1,0.0,0.0,0
245,104177239.8373271,19,0.0,2038103.0416776617,10748932078,191.88031790054032,365.0,19,6.17766186850358e+18,47976126.40638643,86844013213808.84,2272040.1284885253,3.0975153355731707e+18,7438848.032264355,1.0095391189679503e-09,0,0,1,0.0,0.0,0
246,265387544.64682728,22,0.0,2034019.8494890076,10728544532,189.04753673997334,366.0,22,5.865486720464272e+18,48139575.79038311,87933819836942.72,2245097.3746258896,2.9415367422158305e+18,7438848.032264355,1.1114025255665183e-09,0,0,1,0.0,0.0,0
247,165604270.67806742,20,0.0,2064616.7365068053,10807940262,179.68141867079922,367.0,20,5.704859051678523e+18,47243033.78325256,85975653833444.42,2142968.75,2.8610270912226063e+18,7438848.032264355,1.6407284419983625e-09,0,0,1,0.0,0.0,0
248,266842464.68188047,19,0.0,2109120.8533046287,10786097799,186.07493135331495,368.0,19,5.609373326501325e+18,45987435.59922069,83127810404423.27,2142968.75,2.812999444291105e+18,7447988.4022117425,1.6279955161735415e-09,0,0,1,0.0,0.0,0
249,270201476.9992875,19,0.0,2116297.599473222,10760896323,199.48070786366893,369.0,19,5.697099422393564e+18,46169782.66997251,86579056862540.11,2328433.6180302063,2.857207616883036e+18,7447988.4022117425,1.6443664208054543e-09,0,0,1,0.0,0.0,0
250,214221401.30071992,21,0.0,2066544.1074259377,10791674922,193.25577701243185,370.0,21,6.198306926407223e+18,48574520.10478756,90449112756630.98,2245621.1180302063,3.1081983744792745e+18,7462137.593549397,9.058567229658365e-10,0,0,1,0.0,0.0,0
251,107269907.09860347,21,0.0,2081460.900964804,10929405015,188.63160317460222,371.0,22,5.99234080148725e+18,48600351.67113262,90551207223023.36,2245097.3746258896,3.0052255214659277e+18,7462137.593549397,2.6193447411060333e-10,0,0,1,0.0,0.0,0
252,161152695.18154043,21,0.0,2096645.003694572,11013252319,181.67368689589944,372.0,21,5.79868728670333e+18,47976096.203516565,88294424159675.77,2245097.3746258896,2.908173085767633e+18,7462137.593549397,3.6925484891980886e-10,0,0,1,0.0,0.0,0
253,111317408.21572523,19,0.0,2124011.8361090706,11146934910,207.43163538262286,373.0,19,5.821277170043649e+18,47259137.43019251,88052555876475.52,2466768.00277679,2.919443840609472e+18,7469388.264830222,1.1732481652870774e-09,0,0,1,0.0,0.0,0
254,216699501.00907403,21,0.0,2093473.1921203444,11175235409,198.09316003792222,374.0,21,6.017558252301463e+18,48546018.8454158,89071698333915.08,2266768.00277679,3.017686295984123e+18,7478483.7463809755,1.1896190699189901e-09,0,0,1,0.0,0.0,0
255,346555903.15427834,20,0.0,2032975.3308395818,11073679507,190.83287500590407,375.0,20,6.585338708266391e+18,50698941.41423161,93535374270669.3,2245097.3746258896,3.302022891560262e+18,7478483.7463809755,1.0822986951097846e-09,0,0,1,0.0,0.0,0
256,0.0,20,0.0,2028469.9932443926,11318679508,206.90389875117467,376.0,20,6.297469654919491e+18,50631289.96856698,93743300516057.33,2668355.7974631493,3.158109157511351e+18,7478483.7463809755,1.0659277904778719e-09,0,0,1,0.0,0.0,0
257,292900337.67136705,20,0.0,2046345.4685835743,11270779169,194.1158019299816,377.0,20,6.022499666388021e+18,49908439.95869105,91473858743794.53,2468355.7974631493,3.02039721906839e+18,7478483.7463809755,1.0659277904778719e-09,0,0,1,0.0,0.0,0
258,269875430.3908925,20,0.0,2087684.9098501098,11245903739,183.28397631976432,378.0,20,5.844491737721122e+18,48275386.39328376,88007778529156.52,2268355.7974631493,2.9310466467134766e+18,7478483.7463809755,1.9972503650933504e-09,0,0,1,0.0,0.0,0
259,269037951.700524,20,0.0,2111240.1948320884,11221865788,196.4170297232979,379.0,22,5.804523512857287e+18,47592951.38507489,88688286777680.77,2245097.3746258896,2.9111305851064115e+18,7478483.7463809755,1.697117113508284e-09,0,0,1,0.0,0.0,0
260,316030157.3133324,19,0.0,2053551.8937140843,11150835630,181.88107438665594,380.0,19,6.559440399755665e+18,49615297.64941883,89511160283219.44,2142968.75,3.2886713159061545e+18,7478228.123774995,1.8535502022132277e-09,0,0,1,0.0,0.0,0
261,269004395.34466535,21,0.0,2039005.773514596,11126831234,184.41191469924112,381.0,21,6.604048504981433e+18,49764843.16458182,88594507590558.95,2142968.75,3.3108837032497725e+18,7478228.123774995,2.3246684577316046e-09,0,0,1,0.0,0.0,0
262,246160135.06322777,21,0.0,2057128.8954370755,11125671098,197.77805978414128,382.0,21,6.494339970429264e+18,48742983.46335397,86259502134127.19,2142968.75,3.255795935428045e+18,7478228.123774995,1.911757863126695e-09,0,0,1,0.0,0.0,0
263,214583294.52697897,19,0.0,2067179.1501300733,11156087803,211.7393189148553,383.0,19,6.886969968402122e+18,48468113.87355989,86530468370879.67,2142968.75,3.4521380310381486e+18,7478228.123774995,1.9044819055125117e-09,0,0,1,0.0,0.0,0
264,382045352.89748317,21,0.0,2051318.6733795102,11019042449,181.8796212568829,384.0,22,6.622915534931206e+18,48535171.97606675,89004193506144.38,2245097.374625889,3.3203581868162176e+18,7478228.123774995,1.9044819055125117e-09,0,0,1,0.0,0.0,0
265,170604223.6148981,20,0.0,2047924.606075055,11093438226,194.35007107556143,385.0,20,6.44389151665366e+18,48204381.61780862,85705946895453.89,2142968.75,3.2305163530163753e+18,7478228.123774995,2.0863808458670974e-09,0,0,1,0.0,0.0,0
266,322935209.7568539,21,0.0,2095785.2009530787,11015503017,205.05763200277366,386.0,21,6.357942979590185e+18,46523105.13594569,84353925289177.2,2245097.374625889,3.18740688232401e+18,7478228.123774995,1.8535502022132277e-09,0,0,1,0.0,0.0,0
267,162230157.31333238,22,0.0,2136557.6539424886,11098272858,199.05391026658364,387.0,22,6.276516650020164e+18,45411858.62157063,83653601013549.98,2245097.374625889,3.146623685111437e+18,7478231.694310369,2.6157067622989416e-09,0,0,1,0.0,0.0,0
268,299004395.3446654,22,0.0,2149915.00643836,11044268463,191.64287886822484,388.0,22,6.215829206990788e+18,45466050.35808617,83749696140577.1,2245097.374625889,3.1162895731094513e+18,7478581.888602216,1.8535502022132277e-09,0,0,1,0.0,0.0,0
269,347030572.4035678,21,0.0,2112612.7627274706,10942237892,190.13916119251866,389.0,21,6.726672977169953e+18,46849934.61198182,86341759726511.73,2245097.374625889,3.3719706645576274e+18,7470211.550751611,1.1732481652870774e-09,0,0,1,0.0,0.0,0
270,214545036.42182833,21,0.0,2139201.3858125815,10972692856,209.22462708058342,390.0,21,6.46345103358022e+18,46241387.91011479,84755121636398.1,2245097.374625889,3.24020102895375e+18,7470211.550751611,1.1732481652870774e-09,0,0,1,0.0,0.0,0
271,293346562.19859475,21,0.0,2180669.655682128,10924346294,203.96161446603904,391.0,21,6.230196871808691e+18,45314242.90961084,83189425726701.23,2142968.75,3.1234173784770156e+18,7468191.415823141,1.622538547962904e-09,0,0,1,0.0,0.0,0
272,218643453.38790125,20,0.0,2225386.731277559,10950702839,187.18715807928885,392.0,20,6.125079728562292e+18,44053392.489919715,80245707908638.62,2142968.75,3.0705644350720097e+18,7468191.415823141,1.622538547962904e-09,0,0,1,0.0,0.0,0
273,405200985.18892825,18,0.0,2220467.628280431,10790501857,186.19701383833208,393.0,19,6.423022268420056e+18,44776873.10604027,79375242713455.55,2142968.75,3.2194486584813737e+18,7476503.728268623,1.2478267308324575e-09,0,0,1,0.0,0.0,0
274,107273354.87320718,19,0.0,2163580.390668383,10928228501,220.71222143546754,394.0,19,7.305398220176263e+18,47093081.56829794,88817195187968.06,3321267.954238349,3.6615808296069284e+18,7476503.728268623,1.2478267308324575e-09,0,0,1,0.0,0.0,0
275,270162193.7092926,19,0.0,2092303.7817694219,10903066307,193.75057193421054,395.0,19,7.750688105922881e+18,49694211.08830085,94552628142247.9,3121267.954238349,3.884799315775665e+18,7476503.728268623,1.306034391745925e-09,0,0,1,0.0,0.0,0
276,268753400.71413416,20,0.0,2106872.5651964983,10879312904,184.74634840762764,396.0,20,7.127418452458484e+18,49210402.439803526,92510988040950.6,2921267.954238349,3.572960325033337e+18,7476503.728268623,1.355147105641663e-09,0,0,1,0.0,0.0,0
277,276209164.695284,21,0.0,2127600.963791967,10848103739,182.25291730482252,397.0,21,6.706562162111927e+18,48282733.49653084,89481264651256.61,2721267.954238349,3.3622292075210895e+18,7476503.728268623,1.355147105641663e-09,0,0,1,0.0,0.0,0
278,107272518.21091415,20,0.0,2168898.928007531,10985831220,189.08552494287215,398.0,20,6.462217074823212e+18,46827050.059709735,85891875946635.67,2521267.954238349,3.2396977250062694e+18,7461802.93815731,1.9081198843196034e-09,0,0,1,0.0,0.0,0
279,269546709.74641436,21,0.0,2204824.5874093026,10961284511,198.03315576665145,399.0,21,6.371573668336954e+18,45548831.91718835,83797883847721.9,2321267.954238349,3.1941666225532493e+18,7461802.93815731,1.9081198843196034e-09,0,0,1,0.0,0.0,0
280,107770798.39049527,21,0.0,2180750.944507962,11098513713,201.70234538913445,400.0,21,6.58068468099972e+18,46812979.00925868,87433598677566.53,2245097.3746258887,3.2990857003676165e+18,7461802.93815731,2.0245352061465383e-09,0,0,1,0.0,0.0,0
281,161158754.0684548,21,0.0,2148248.354129118,11182354961,183.45775168984318,401.0,21,6.845556524647985e+18,48324446.81440441,91986189012495.31,2712169.1901255944,3.431976881225242e+18,7461802.93815731,1.9081198843196034e-09,0,0,1,0.0,0.0,0
282,320745036.4218283,22,0.0,2160371.533566003,11106609925,195.92533908143145,402.0,22,6.524740997458893e+18,48154765.625423476,90867890260189.02,2503622.488258565,3.271457287755465e+18,7461802.93815731,2.3737811716273427e-09,0,0,1,0.0,0.0,0
283,107770798.39049527,19,0.0,2192743.359290339,11243839128,198.47160226991812,403.0,19,6.39557107120857e+18,47190400.31260563,87073279610930.5,2294982.133397036,3.206492863565378e+18,7478753.901949283,9.113136911764741e-10,0,0,1,0.0,0.0,0
284,218762652.6745786,20,0.0,2197798.4748556362,11270076475,191.11474588874898,404.0,20,6.414883847952773e+18,47178958.02082335,87818594482923.69,2245097.3746258887,3.216223783424679e+18,7478753.901949283,9.185896487906575e-10,0,0,1,0.0,0.0,0
285,294317229.077206,22,0.0,2210134.1026376397,11220759243,196.88217318396852,405.0,22,6.246207947739969e+18,47090374.30597026,87695778162040.11,2245097.3746258887,3.131873551686188e+18,7478753.901949283,9.113136911764741e-10,0,0,1,0.0,0.0,0
286,272174583.51913,21,0.0,2195289.704202115,11193584661,197.16579527746836,406.0,22,6.484653271586832e+18,47890176.20322292,88676669397041.34,2142968.75,3.2511943027331205e+18,7478753.901949283,9.113136911764741e-10,0,0,1,0.0,0.0,0
287,161631829.88195837,20,0.0,2135688.268245951,11276952829,222.36443854263715,407.0,20,7.175358808337214e+18,49670946.644025855,92693650079927.38,2572180.4231056124,3.5969487691766e+18,7478753.901949283,8.11269273981452e-10,0,0,1,0.0,0.0,0
288,328406067.9132914,21,0.0,2154318.0603132276,11193546761,205.24945226588713,408.0,21,6.758623527537616e+18,49022110.451415636,92732394031525.16,2762805.4231056124,3.3885850031719603e+18,7478753.901949283,8.039933163672686e-10,0,0,1,0.0,0.0,0
289,217793265.81471556,21,0.0,2172413.8139968687,11220753495,193.34011715970146,409.0,21,6.465887307115348e+18,48005444.196765006,89575195571823.06,2562805.4231056124,3.2419011731148564e+18,7478753.901949283,8.039933163672686e-10,0,0,1,0.0,0.0,0
290,325769848.25071317,20,0.0,2173633.4550180547,11139983646,208.80661997264778,410.0,20,6.525391784782208e+18,47895291.65824853,86358364917633.12,2362805.4231056124,3.271331728882867e+18,7478753.901949283,8.11269273981452e-10,0,0,1,0.0,0.0,0
291,292981787.71200866,22,0.0,2188623.139481549,11092001860,210.575855953987,411.0,22,6.350151016972438e+18,47698594.07734619,87750375918496.45,2245097.3746258887,3.183850546078068e+18,7478753.9692675965,1.2478267308324575e-09,0,0,1,0.0,0.0,0
292,268430888.3589204,22,0.0,2215140.5712498967,11068570971,207.37052092238278,412.0,22,6.259485681791568e+18,46770810.914618425,86495881947169.4,2142968.75,3.138392429090501e+18,7478753.9692675965,1.7062120605260134e-09,0,0,1,0.0,0.0,0
293,199509269.50109452,17,0.0,2229201.9534888365,11114061702,209.2678158995587,413.0,17,6.637440467190571e+18,46356410.434162684,84761704046134.25,2142968.75,3.327196403999899e+18,7475220.186684066,8.458300726488233e-10,0,0,1,0.0,0.0,0
294,296676307.6479204,22,0.0,2232605.0110473293,11062385396,208.0283156068491,414.0,22,6.318380078487742e+18,46187582.37135136,85745067262238.56,2142968.75,3.167764545970095e+18,7475220.186684066,8.712959242984653e-10,0,0,1,0.0,0.0,0
295,267981787.71200866,21,0.0,2216953.4303160966,11039403609,203.70680530669506,415.0,22,6.282572467527995e+18,46662882.66941363,87265594591942.3,2245097.3746258887,3.150012793223192e+18,7475220.186684066,8.712959242984653e-10,0,0,1,0.0,0.0,0
296,214817607.25790837,20,0.0,2150691.258313488,11069586002,195.21376402299575,416.0,20,6.968687028028778e+18,48966033.60272917,91814749199289.47,2245097.3746258887,3.493524988934318e+18,7475220.186684066,8.458300726488233e-10,0,0,1,0.0,0.0,0
297,215043316.60140944,22,0.0,2147974.809057876,11099542684,212.55687379813347,417.0,22,6.740660572717587e+18,49331375.34835954,91216030647868.53,2245097.3746258887,3.3794518894235807e+18,7475253.84035514,1.7553247744217515e-09,0,0,1,0.0,0.0,0
298,250085399.19524765,23,0.0,2167461.992787559,11094457287,190.56736034012667,418.0,23,6.409458309143152e+18,48990312.35150868,90140691935582.69,2245097.3746258887,3.213743223765134e+18,7475253.84035514,1.7553247744217515e-09,0,0,1,0.0,0.0,0
299,219465862.95929313,22,0.0,2200934.5490101767,11119991422,201.3218821106526,419.0,22,6.272072130397747e+18,48002729.50649778,87221033201432.05,2142968.75,3.144758168519017e+18,7474972.458223385,1.7553247744217515e-09,0,0,1,0.0,0.0,0
300,244594668.69634214,20,0.0,2248057.827753208,11120396754,205.93089089395622,420.0,21,6.177636713082208e+18,46548173.86296411,84377199566320.92,2142968.75,3.097256076497736e+18,7474972.458223385,1.7553247744217515e-09,0,0,1,0.0,0.0,0
301,325010491.4262304,23,0.0,2268589.567278815,11040386261,210.04100693058814,420.0,23,6.161358301284796e+18,46046559.72186418,85199706597350.64,2245097.3746258887,3.089199121302133e+18,7466641.099465487,1.7789716366678476e-09,0,0,1,0.0,0.0,0
302,344878190.31589913,22,0.0,2270997.766616049,10940508072,216.97308677730373,420.0,22,6.16423945906371e+18,46139013.07191382,84910607977971.48,2245097.3746258887,3.090610790329652e+18,7466641.099465487,1.7553247744217515e-09,0,0,1,0.0,0.0,0
303,267956971.57475176,21,0.0,2242319.2912168265,10917551099,201.65353075859338,420.0,21,6.431596089047044e+18,47218601.04637263,85825908383646.77,2142968.75,3.2243806353618867e+18,7466639.862482999,1.7553247744217515e-09,0,0,1,0.0,0.0,0
304,325296410.02072036,23,0.0,2202980.7169640684,10837254690,198.4929748530082,420.0,23,6.654869202779329e+18,48685680.590913996,89357115800297.0,2245097.3746258887,3.336370312969694e+18,7466640.1984823635,2.029992174357176e-09,0,0,1,0.0,0.0,0
305,186157938.91012108,19,0.0,2223439.7992823254,10896096751,197.24556746908408,420.0,20,6.448753370865007e+18,47509257.692055106,86298915937411.83,2142968.75,3.2330065770262446e+18,7466640.1984823635,2.0245352061465383e-09,0,0,1,0.0,0.0,0
306,359098172.19651514,20,0.0,2229206.133319075,10781998578,212.5586583514842,420.0,21,6.322443817824052e+18,47625866.75020864,86684339688592.67,2245097.3746258887,3.169890342880885e+18,7466640.1984823635,2.0245352061465383e-09,0,0,1,0.0,0.0,0
307,240290992.13335338,21,0.0,2258168.134445009,10786707588,196.852038419458,420.0,21,6.201214531338872e+18,46788901.237833634,84476446523688.28,2142968.75,3.109054910321805e+18,7466640.1984823635,2.029992174357176e-09,0,0,1,0.0,0.0,0
308,299645083.21576965,22,0.0,2238517.594429258,10732062503,191.11276052286007,420.0,22,6.284714010230961e+18,47429165.35487652,85823469699958.89,2245097.3746258887,3.1509393520854764e+18,7481748.801025964,1.648004399612546e-09,0,0,1,0.0,0.0,0
309,132297334.34817109,21,0.0,2243833.1184142334,10844765170,209.03263371267175,420.0,21,6.654630498686757e+18,47632708.72624823,89920277085223.28,2734531.7650910206,3.336307277051901e+18,7481748.801025964,1.648004399612546e-09,0,0,1,0.0,0.0,0
310,261705999.62132663,21,0.0,2243604.8714133,10828059167,199.51282424336983,420.0,22,6.552836773324698e+18,47767470.06241249,89789259867449.83,2534531.7650910206,3.2853973126490936e+18,7481748.801025964,1.648004399612546e-09,0,0,1,0.0,0.0,0
311,362121652.5901449,19,0.0,2254436.992422901,10710937515,207.56784293297167,420.0,19,6.322519762499262e+18,47306487.89096425,86820436221621.31,2334531.7650910206,3.169941924871793e+18,7481748.801025964,1.7062120605260134e-09,0,0,1,0.0,0.0,0
312,241257942.6961438,21,0.0,2283723.3695467636,10714679575,205.48303729401695,420.0,21,6.10917735127366e+18,46341178.75240903,85862789154711.28,2142968.75,3.0631749545523016e+18,7473293.996339013,1.8808350432664156e-09,0,0,1,0.0,0.0,0
313,378882341.1674995,22,0.0,2306274.2654782473,10580797235,213.6400686331629,420.0,22,5.965443240223659e+18,45845096.91873368,85772217804582.17,2245097.3746258887,2.9912988418922875e+18,7481114.145404575,1.8662831280380487e-09,0,0,1,0.0,0.0,0
314,290794668.6963422,19,0.0,2285716.806428866,10535002563,180.7082504529919,420.0,19,6.427230744022668e+18,46458848.592267245,85119763396823.55,2142968.75,3.2221273483510164e+18,7481114.145404575,1.889929990284145e-09,0,0,1,0.0,0.0,0
315,217621571.13771394,20,0.0,2298173.691099745,10562380993,217.01254817368005,420.0,20,6.152298312299384e+18,46274070.86433155,84708449677188.95,2245097.3746258887,3.084620001117411e+18,7472531.806902749,2.0718289306387305e-09,0,0,1,0.0,0.0,0
316,268957993.66306233,21,0.0,2324005.3888158696,10538422999,208.94244133008783,420.0,21,5.936547125145163e+18,45659501.81885844,83458025540432.42,2142968.75,2.976619365126625e+18,7474804.975443406,1.8480932340025902e-09,0,0,1,0.0,0.0,0
317,242767053.92431593,22,0.0,2331197.508689571,10540655946,216.96613957638894,420.0,22,5.850642066412085e+18,45160068.962547585,82846900370310.61,2245097.3746258887,2.9336057232430735e+18,7474804.975443406,1.648004399612546e-09,0,0,1,0.0,0.0,0
318,215070363.60324052,20,0.0,2345360.1715108217,10570585583,212.61998247856386,420.0,20,5.922930145337599e+18,44826709.23982352,80910844036103.89,2142968.75,2.96955615707241e+18,7474804.975443406,1.648004399612546e-09,0,0,1,0.0,0.0,0
319,325066619.1370612,21,0.0,2329915.556352048,10490518961,220.1176715471755,420.0,22,5.899043685777695e+18,45416778.45857224,82485859168342.94,2245097.3746258887,2.9577704288056817e+18,7474804.975443406,1.7298589227721095e-09,0,0,1,0.0,0.0,0
320,242757993.6630623,21,0.0,2373797.088214484,10492760968,214.00327322487746,420.0,21,5.743653513688145e+18,44306151.26862332,80543603542904.42,2142968.75,2.879881117198363e+18,7474804.975443406,1.7316779121756554e-09,0,0,1,0.0,0.0,0
321,268482298.75616395,22,0.0,2339046.9438481014,10469278669,201.5699273068953,420.0,22,5.982966723376819e+18,45635297.11799068,82842962355267.88,2245097.3746258887,2.999767657923936e+18,7474804.975443406,1.7298589227721095e-09,0,0,1,0.0,0.0,0
322,213967977.5645658,20,0.0,2284042.2943643983,10500310692,225.14237507370288,420.0,20,6.798373317824976e+18,47753853.41400283,89789591957834.81,2859118.56819555,3.4081656181082716e+18,7483586.502668342,1.648004399612546e-09,0,0,1,0.0,0.0,0
323,107297334.34817109,20,0.0,2273664.666897443,10638013358,207.8580558039022,420.0,20,6.513117567382256e+18,48007784.03679707,91515444818127.03,3289164.031596221,3.2657103281729403e+18,7483586.502668342,1.648004399612546e-09,0,0,1,0.0,0.0,0
324,318953531.933914,22,0.0,2279456.8029143787,10564059826,210.1101822350513,420.0,22,6.140411716462215e+18,47854498.34631883,91832324135652.42,3089164.031596221,3.079389090644673e+18,7483586.502668342,1.7298589227721095e-09,0,0,1,0.0,0.0,0
325,213937679.49497655,19,0.0,2292082.1178902523,10595122144,195.69634041513453,420.0,20,6.007707376613395e+18,47273825.87710947,89586233373090.12,2889164.031596221,3.012812311644007e+18,7473286.1891380325,2.064552973024547e-09,0,0,1,0.0,0.0,0
326,426885214.5849557,21,0.0,2310983.2271826053,10413236933,205.11377465274836,420.0,21,5.859616991194171e+18,46654175.18096095,87591687562268.36,2689164.031596221,2.938567664353313e+18,7471509.621767949,1.7562342691235244e-09,0,0,1,0.0,0.0,0
327,161182733.5434187,19,0.0,2314621.768385553,10497054199,216.58843575643914,420.0,19,5.866585526685437e+18,46219566.88389597,84663324837055.14,2489164.031596221,2.941759095826424e+18,7471509.621767949,1.8726495909504592e-09,0,0,1,0.0,0.0,0
328,244594668.69634214,22,0.0,2234203.3300734423,10497459532,186.72480819617454,420.0,22,6.539871474071199e+18,48790620.92391514,90748256840493.12,2289164.031596221,3.279010562719649e+18,7471509.621767949,1.864464138634503e-09,0,0,1,0.0,0.0,0
329,131455415.3579507,19,0.0,2232527.919852754,10611004115,208.1596110984076,420.0,19,6.454450843013835e+18,49112968.58923074,89398703046863.81,2142968.75,3.236165291811604e+18,7469086.382085164,1.864464138634503e-09,0,0,1,0.0,0.0,0
330,224831047.7866854,17,0.0,2217607.220009951,10631173066,231.4766875536618,420.0,18,6.853584070635796e+18,49293942.58173861,89178279563809.34,2142968.75,3.4357098632742794e+18,7469086.382085164,1.7707861843518913e-09,0,0,1,0.0,0.0,0
331,105140032.32540613,17,0.0,2220616.9522781656,10771033035,215.5362998529753,420.0,18,6.517002975150835e+18,49322999.35198827,91262102738597.14,2512055.630800089,3.267627697849277e+18,7469086.382085164,1.7780621419660747e-09,0,0,1,0.0,0.0,0
332,216798561.3118206,21,0.0,2226747.173201019,10799234472,213.9424313815222,420.0,21,6.276671915173088e+18,49004536.31924064,89724008507830.47,2312055.630800089,3.1473083584373274e+18,7469980.98030825,1.878106559161097e-09,0,0,1,0.0,0.0,0
333,219867350.51087412,21,0.0,2233682.0946917636,10824367121,196.85578113500623,420.0,21,6.189428663731884e+18,48394977.58974823,87443227928589.97,2142968.75,3.103458654658801e+18,7469980.98030825,1.8180799088440835e-09,0,0,1,0.0,0.0,0
334,271654918.0925323,21,0.0,2237724.999139634,10797712203,196.97371870738272,420.0,21,6.368658013234993e+18,48280937.97984886,86384370783148.55,2142968.75,3.1929674436958116e+18,7469980.98030825,1.8180799088440835e-09,0,0,1,0.0,0.0,0
335,219490047.18336374,20,0.0,2222925.3591744546,10823222156,237.5629678350357,420.0,20,6.363377784127229e+18,49406355.60010289,92442161461829.47,2552487.2035722653,3.1909331082097976e+18,7469980.98030825,1.8180799088440835e-09,0,0,1,0.0,0.0,0
336,291032141.24492574,20,0.0,2255761.9120489373,10777190015,195.7853659031341,420.0,20,6.079567217606476e+18,48466619.89409027,89397061465590.75,2352487.2035722653,3.048723314949797e+18,7482378.1279154895,1.5161276678554714e-09,0,0,1,0.0,0.0,0
337,108090751.79503444,18,0.0,2308862.0990946977,10914099262,217.19379001834594,420.0,18,5.985330675296097e+18,46642883.31860673,84060260077046.23,2152487.2035722653,3.001071363655753e+18,7496390.861184159,1.508851710241288e-09,0,0,1,0.0,0.0,0
338,485764574.3328006,21,0.0,2247289.178961503,10673334690,193.891809476379,420.0,22,6.687513959961475e+18,48948074.17873439,90418941988350.8,2245097.374625888,3.3527988741795727e+18,7493033.967167405,1.4688339433632791e-09,0,0,1,0.0,0.0,0
339,106626006.41734672,19,0.0,2183357.989567512,10811708684,211.6624425420539,420.0,19,7.014223414612818e+18,50897191.453312606,91865414905372.9,2204865.5702375276,3.5162982487969464e+18,7493033.967167405,1.5697878552600741e-09,0,0,1,0.0,0.0,0
340,110527080.4880881,19,0.0,2117814.5068436842,10946181604,216.66431455408184,420.0,19,7.950341625418201e+18,53049913.3402921,103396092184893.86,4010968.0195929566,3.98551042192759e+18,7493033.967167405,2.5447661755606532e-09,0,0,1,0.0,0.0,0
341,108973612.47657391,20,0.0,2137923.9495092835,11082207990,225.06140528653773,420.0,20,7.53016761142556e+18,52330588.206637554,101259689763484.3,3810968.0195929566,3.7752097746891284e+18,7493033.967167405,1.1586962500587106e-09,0,0,1,0.0,0.0,0
342,317650612.15114665,19,0.0,2154705.597476673,11009557379,196.42395928030163,420.0,20,7.202157549684838e+18,51678489.99609562,98815005970447.55,3610968.0195929566,3.610960275439464e+18,7493033.967167405,1.1586962500587106e-09,0,0,1,0.0,0.0,0
343,267265545.66083136,18,0.0,2188610.0321188453,10987291835,199.4748546765995,420.0,19,7.148802621672412e+18,50624815.21526146,94679956899644.98,3410968.0195929566,3.5838693065261706e+18,7493033.967167405,1.1586962500587106e-09,0,0,1,0.0,0.0,0
344,337322180.06780356,17,0.0,2171052.5064331815,10894969653,194.52668044239678,420.0,17,7.645771583502259e+18,50776877.6330641,93987276439840.19,3210968.0195929566,3.8322845193951135e+18,7493033.967167405,1.0504663805477321e-09,0,0,1,0.0,0.0,0
345,265955814.39003325,20,0.0,2196063.600845109,10874013837,204.608472543565,420.0,20,7.181627709627835e+18,49950865.53346545,93276682653677.86,3010968.0195929566,3.600141523079285e+18,7495456.0625875555,1.4542820281349123e-09,0,0,1,0.0,0.0,0
346,242443690.533987,22,0.0,2198535.740719052,10876570145,201.63472792917244,420.0,22,7.065027034920844e+18,49706446.46262612,93744342868167.38,2810968.0195929566,3.541887951747239e+18,7495456.089552627,1.4179022400639951e-09,0,0,1,0.0,0.0,0
347,323971131.14034265,21,0.0,2234010.529550137,10797599016,205.15027424281848,420.0,21,6.851134191592114e+18,48276936.06363129,90315269267700.45,2610968.0195929566,3.4345986227228273e+18,7495393.284489043,1.9108483684249222e-09,0,0,1,0.0,0.0,0
348,269053508.9184124,22,0.0,2274720.01154779,10773545508,210.02983068868824,420.0,22,6.695448440651858e+18,47232553.73858496,88915228657289.92,2410968.0195929566,3.356615743191658e+18,7495393.284489043,1.4379111235029995e-09,0,0,1,0.0,0.0,0
349,430171131.1403427,20,0.0,2316067.471696791,10588374378,209.48327656545288,420.0,20,6.561614947886895e+18,45961446.487980075,85465485214086.27,2210968.0195929566,3.289354022464856e+18,7495393.284489043,1.088665158022195e-09,0,0,1,0.0,0.0,0
350,301747738.98689914,22,0.0,2275362.280130358,10531626638,193.9568993857386,420.0,22,7.14896205800494e+18,47627968.53716199,89016655724109.77,2245097.374625888,3.583382694574881e+18,7495393.284489043,1.0868461686186492e-09,0,0,1,0.0,0.0,0
351,157217788.46497747,21,0.0,2281374.949359762,10619408848,208.31427002505976,420.0,21,6.927698095865332e+18,47212929.50611729,87340522657212.48,2245097.374625888,3.472583100198387e+18,7495393.284489043,1.0804797057062387e-09,0,0,1,0.0,0.0,0
352,107623758.02292664,19,0.0,2294361.963356716,10756785090,207.6223280930234,420.0,19,6.757857542713014e+18,46729649.88202655,84118009879492.17,2142968.75,3.387340572344456e+18,7489189.921660521,8.476490620523691e-10,0,0,1,0.0,0.0,0
353,241394186.926745,20,0.0,2297376.2898251456,10760390903,196.64405241380146,420.0,20,6.843938688799679e+18,46615091.72862247,84109841586078.89,2142968.75,3.4303803285584476e+18,7489248.883310279,8.094502845779061e-10,0,0,1,0.0,0.0,0
354,217316838.81692827,18,0.0,2264088.6886431575,10788074065,222.43818319768832,420.0,18,7.478295067669017e+18,47639340.492050715,89852334994675.6,3116893.3909992254,3.748132767333976e+18,7468896.651805259,7.021299097687006e-10,0,0,1,0.0,0.0,0
355,237984969.85279304,21,0.0,2256831.5972158886,10795089095,189.64148395198805,420.0,22,7.177798870757829e+18,47617724.73860015,91108009942833.52,2916893.3909992254,3.598010236373198e+18,7468896.651805259,6.96672941558063e-10,0,0,1,0.0,0.0,0
356,163555997.71769845,20,0.0,2284719.9007101636,10876533095,204.57722997423687,420.0,20,6.944565995066803e+18,46779634.25767708,87250619143807.44,2716893.3909992254,3.4810080594477824e+18,7468896.651805259,6.775735528208315e-10,0,0,1,0.0,0.0,0
357,297995411.8946831,18,0.0,2305861.4407032398,10823537683,207.83029688768454,420.0,18,6.892141401762106e+18,46067298.29161923,83710058269526.2,2516893.3909992254,3.454441706708006e+18,7468896.651805259,6.775735528208315e-10,0,0,1,0.0,0.0,0
358,268039124.4541319,19,0.0,2235752.77837718,10800498561,212.21397410279025,420.0,19,7.407146087575305e+18,48134025.10922582,87325126183700.86,2316893.3909992254,3.7123055564060227e+18,7468896.651805259,7.084963726811111e-10,0,0,1,0.0,0.0,0
359,137624170.76404193,22,0.0,2174834.2093471093,10907874390,184.53963268391914,420.0,22,7.190151666747245e+18,50066835.860391945,92769368808878.11,2245097.3746258887,3.60435277025451e+18,7468896.651805259,7.139533408917487e-10,0,0,1,0.0,0.0,0
360,128472550.10423034,21,0.0,2183615.5800395836,11024401841,200.40814607225857,420.0,22,7.100309431672688e+18,49656485.1682728,91045347173584.42,2142968.75,3.5592592505537024e+18,8544105.88624521,3.346940502524376e-10,0,0,1,0.0,0.0,0
361,147286355.8656305,22,0.0,2228594.6704112645,11122115485,222.5231618471032,420.0,22,6.871023104084503e+18,48219188.68996533,87546081134323.8,2142968.75,3.444266160155684e+18,8544105.88624521,5.093170329928398e-10,0,0,1,0.0,0.0,0
362,213733811.79595798,21,0.0,2224467.3826436247,11153381670,220.85381602542284,420.0,21,7.133648916123318e+18,48679081.530975476,87696559591458.28,2245097.3746258887,3.575594114020805e+18,8544105.88624521,5.093170329928398e-10,0,0,1,0.0,0.0,0
363,316123166.6966905,21,0.0,2186808.64465839,11082258505,207.95057377861062,420.0,21,7.398759526616858e+18,49630359.639277324,88316670726806.4,2142968.75,3.708211430381109e+18,8544105.88624521,5.238689482212067e-10,0,0,1,0.0,0.0,0
364,344462333.24961734,19,0.0,2176439.660824893,10982796173,203.62801986912285,420.0,19,7.463700610638846e+18,49609384.34883996,87081655325127.95,2142968.75,3.7405584708519357e+18,8544105.88624521,5.238689482212067e-10,0,0,1,0.0,0.0,0
365,64236275.05211517,19,0.0,2192751.1640223283,11163559898,217.00924884825298,420.0,19,7.893927975652267e+18,49292416.967446186,90107269398692.06,2659004.6095414087,3.9559747147660027e+18,8544105.88624521,3.637978807091713e-10,0,0,1,0.0,0.0,0
366,154600535.77894485,19,0.0,2232098.160781669,11253959360,216.82331473698315,420.0,19,7.571068112310109e+18,48301728.05957142,87339573863450.52,2459004.6095414087,3.7942680135413996e+18,8544105.88624521,1.3533281162381172e-09,0,0,1,0.0,0.0,0
367,312340571.65811,20,0.0,2226076.5679682605,11186618790,200.18915928503574,420.0,20,7.316920442092923e+18,48110270.771893434,85762497750057.45,2259004.6095414087,3.667036470821467e+18,8546707.622888563,8.36735125631094e-10,0,0,1,0.0,0.0,0
368,365942355.00863993,19,0.0,2260536.8651989303,11065676434,190.60979656142152,420.0,19,7.251117714518393e+18,47057200.55648709,84039643580480.78,2142968.75,3.6339628216172447e+18,8618205.295506537,8.003553375601768e-10,0,0,1,0.0,0.0,0
369,134323941.654442,18,0.0,2170894.0788231883,11176352493,194.9626372326597,420.0,18,8.754470766799712e+18,49920394.73141918,91073654272456.28,2337224.2234479254,4.3863427488271017e+18,8617909.0995974,1.2951204553246498e-09,0,0,1,0.0,0.0,0
370,114402786.19728982,20,0.0,2176771.6006125007,11306949709,212.80782394732202,420.0,20,8.204630261802891e+18,50138339.51227193,93993473838311.11,2537224.2234479254,4.1117144782852767e+18,8616988.502639081,1.2732925824820995e-09,0,0,1,0.0,0.0,0
371,305612477.48266524,19,0.0,2162481.5292040096,11246337230,216.2341468052454,420.0,20,7.82046660731715e+18,50582963.65347516,93272261634078.0,2337224.2234479254,3.9195605298219827e+18,8616988.502639081,1.229636836796999e-09,0,0,1,0.0,0.0,0
372,122452866.78984818,19,0.0,2191290.844068693,11368884362,207.81206914180612,420.0,19,7.573332979118923e+18,50053428.89591266,91618441561210.23,2152221.7489456832,3.7958283337155825e+18,8600791.944491178,1.2369127944111824e-09,0,0,1,0.0,0.0,0
373,354682968.65553766,20,0.0,2210816.965734454,11259201396,200.2442570840179,420.0,20,7.287827595807873e+18,49456063.04395465,88842095581995.31,2142968.75,3.652798007462136e+18,8600791.944491178,1.2078089639544487e-09,0,0,1,0.0,0.0,0
374,152452759.2700517,21,0.0,2196854.8136501443,11351748637,189.45934711944795,420.0,21,7.466351294574178e+18,50441620.46432845,93187001039602.27,2378979.8762603644,3.742494347391049e+18,8600790.264494358,1.8517312128096819e-09,0,0,1,0.0,0.0,0
375,198726727.85173184,22,0.0,2136306.012123367,11398021905,190.7997286967459,420.0,22,7.725638895228594e+18,52126615.82887552,96818644939347.97,2269409.6689448883,3.8725013121082317e+18,8600790.264494358,1.6189005691558123e-09,0,0,1,0.0,0.0,0
376,261855545.4673415,21,0.0,2171145.3154485268,11381166361,217.53403695810152,420.0,21,7.310194645422685e+18,50860425.050963715,93506594726389.6,2251272.832385772,3.6644479821839816e+18,8525085.217407592,1.862645149230957e-09,0,0,1,0.0,0.0,0
377,227557103.7827651,20,0.0,2229913.860134743,11398609256,208.82987178204073,420.0,20,7.02438320839511e+18,48696974.770035796,88111824930983.14,2142968.75,3.5210027866906537e+18,8525085.217407592,1.6443664208054543e-09,0,0,1,0.0,0.0,0
378,272024422.15606296,21,0.0,2252674.1328358897,11371584835,205.0432230171341,420.0,21,7.195427051081545e+18,48189550.74229808,89091396082215.89,2496167.3762603644,3.606622665148994e+18,8525085.217407592,1.3533281162381172e-09,0,0,1,0.0,0.0,0
379,213974449.08330107,19,0.0,2219207.0475660763,11402610390,207.66297658112788,420.0,19,7.74571631046188e+18,49320095.033206336,90799151968088.83,2503784.6689448883,3.881938070427749e+18,8526676.922343519,2.244632923975587e-09,0,0,1,0.0,0.0,0
380,134323941.654442,19,0.0,2185263.463448416,11513286444,203.65368057026004,420.0,19,8.1317913206792e+18,50893749.23677096,96109593850993.94,2503784.6689448883,4.075506619724699e+18,8526676.922343519,1.291482476517558e-09,0,0,1,0.0,0.0,0
381,386474502.93777734,20,0.0,2163699.883113452,11371811940,200.3523953260252,420.0,20,8.337243414828482e+18,51666332.50401478,96552504934774.47,2277026.961629412,4.178276957907718e+18,8526676.922343519,1.3460521586239338e-09,0,0,1,0.0,0.0,0
382,178027161.49945968,20,0.0,2167964.4397525303,11438784781,217.56967512401897,420.0,20,8.159191920162292e+18,52049572.791346624,98490160181720.3,2451272.832385772,4.089444976099318e+18,8507336.525129817,1.7629417925490998e-09,0,0,1,0.0,0.0,0
383,213948991.5797816,19,0.0,2174742.5473788474,11469835788,204.07663398572137,420.0,19,8.194685042297996e+18,51645439.869663656,94161759161625.8,2251272.832385772,4.1067586970651607e+18,8507336.525129817,1.6028707250370644e-09,0,0,1,0.0,0.0,0
384,316699848.3447973,22,0.0,2109632.893429418,11398135942,195.06273068823825,420.0,23,8.749474237216263e+18,53719290.97098444,99903253082220.81,2554397.832385772,4.3847274439163535e+18,8500420.113247091,9.844143278314732e-10,0,0,1,0.0,0.0,0
385,158805572.39457965,21,0.0,2140204.180421755,11484330367,190.01522839013387,420.0,21,8.338427576008983e+18,52680618.75312833,98351088980538.28,2458165.6215405064,4.179048896902545e+18,8500420.113247091,1.1059455573558807e-09,0,0,1,0.0,0.0,0
386,341025617.1140292,21,0.0,2196219.5949572264,11388304749,213.93703658460737,420.0,21,8.048164736504659e+18,51168881.04478356,94647501031690.23,2245097.3746258887,4.0335471183554985e+18,8500420.113247091,1.1204974725842476e-09,0,0,1,0.0,0.0,0
387,228726727.85173184,20,0.0,2261155.985418991,11404578020,208.7352971713064,420.0,20,7.877947199063014e+18,49004866.122557804,88756487141079.61,2142968.75,3.947849248245615e+18,8500420.113247091,1.1059455573558807e-09,0,0,1,0.0,0.0,0
388,113624375.30216986,22,0.0,2258427.013399553,11535953647,197.96077167302403,420.0,22,7.939377617752188e+18,49282309.906307,90144858647322.27,2245097.3746258887,3.978703294740826e+18,8500420.113247091,1.1204974725842476e-09,0,0,1,0.0,0.0,0
389,94921155.45715219,17,0.0,2212080.3469906733,11686032491,210.83198488515686,420.0,17,9.73973576098355e+18,51218369.09596751,97986366419947.45,3139588.7727596457,4.87966651713377e+18,8500420.113247091,1.5352270565927029e-09,0,0,1,0.0,0.0,0
390,0.0,18,0.0,2226707.5989559647,11931032493,236.87378634119233,420.0,19,9.292478846148303e+18,50958381.58585864,98120967773700.22,3361511.380771696,4.656051519851521e+18,8500420.113247091,1.1204974725842476e-09,0,0,1,0.0,0.0,0
391,389992632.24178475,20,0.0,2235613.167247145,11786039858,200.29655950185133,420.0,20,8.777954543343645e+18,50941954.21864978,96956062799710.92,3161511.380771696,4.3986728779517937e+18,8500420.113247091,1.6952981241047382e-09,0,0,1,0.0,0.0,0
392,283575906.6903553,21,0.0,2257904.9741110457,11747463952,205.3245170345341,420.0,21,8.388496642479149e+18,50789557.12245923,95666916417087.25,2961511.380771696,4.203815012881283e+18,8500420.113247091,1.57160684466362e-09,0,0,1,0.0,0.0,0
393,339109951.2721455,20,0.0,2268177.093547239,11653354002,192.0654723289782,420.0,20,8.282195260228534e+18,50220787.146863624,92182990771257.86,2761511.380771696,4.150315929191393e+18,8500559.85314156,1.1496013030409813e-09,0,0,1,0.0,0.0,0
394,191145072.6587729,20,0.0,2287115.9712206256,11707208927,204.06342809866823,420.0,20,8.275496793395469e+18,49350331.6317898,90641455098924.72,2561511.380771696,4.1468125422076273e+18,8500559.85314156,1.127773430198431e-09,0,0,1,0.0,0.0,0
395,315714116.28192854,19,0.0,2240916.7948065586,11636494811,199.39483847121505,420.0,19,9.292900055570708e+18,51150636.1021802,93458957987086.75,2361511.380771696,4.655795923584062e+18,8478136.411920715,1.433363649994135e-09,0,0,1,0.0,0.0,0
396,273369548.86908257,21,0.0,2250226.5179119688,11608125262,197.26370932390412,420.0,21,8.788050889272391e+18,50977733.537767254,93829740020089.3,2245097.374625889,4.4034084186382044e+18,8502077.790038146,1.0113581083714962e-09,0,0,1,0.0,0.0,0
397,202654226.69500545,17,0.0,2299410.422404675,11650471035,230.58540174459637,420.0,18,8.442497782162168e+18,49605270.14348974,92397153787375.8,3000053.1569594797,4.2304886064598216e+18,8502077.790038146,1.1132215149700642e-09,0,0,1,0.0,0.0,0
398,296736614.27626467,20,0.0,2357033.6060578004,11598734423,208.72818745128055,420.0,20,8.103030376366406e+18,48131537.38888133,89287137086128.66,2800053.1569594797,4.060443901891816e+18,8502077.376863604,1.760781742632389e-09,0,0,1,0.0,0.0,0
399,389704002.8856604,20,0.0,2405339.075199566,11454030420,208.85338524884995,420.0,20,8.062327663708452e+18,47052545.746561274,86176016619798.83,2600053.1569594797,4.0397814335162056e+18,8522626.768344492,1.9590515876188874e-09,0,0,1,0.0,0.0,0
400,203823288.80329448,18,0.0,2385282.0059201936,11495207133,211.7043292280707,420.0,18,8.605367271256228e+18,48178344.60381905,98948392177377.89,4486235.090620199,4.3125784748458516e+18,8522626.768344492,1.9808794604614377e-09,0,0,1,0.0,0.0,0
401,312865495.8982628,19,0.0,2375532.1829768275,11427341634,211.4909135069409,420.0,19,8.543638986657773e+18,48903073.82939706,105891686877532.02,5218956.423087176,4.2824086620166395e+18,8511260.92564121,1.36969902087003e-09,0,0,1,0.0,0.0,0
402,183734454.01657772,20,0.0,2364720.2650263445,11488607181,189.16377751661088,420.0,20,8.567621997639462e+18,49385085.064986646,105334628667824.5,5018956.423087176,4.294344461686513e+18,8511260.92564121,1.3260432751849294e-09,0,0,1,0.0,0.0,0
403,256513263.52828038,19,0.0,2387240.2332298984,11477093918,187.82744650888475,420.0,19,8.213436226714255e+18,48508604.29892892,102531461768833.33,4818956.423087176,4.116971259534011e+18,8593636.053684765,2.94130586553365e-09,0,0,1,0.0,0.0,0
404,213917983.95726892,20,0.0,2407626.2991798683,11508175934,200.04707574418396,420.0,20,8.1363849916598e+18,48015929.64578764,99467173645691.4,4618956.423087176,4.078139213194469e+18,8591675.578478167,1.762600732035935e-09,0,0,1,0.0,0.0,0
405,271495485.17487574,19,0.0,2363802.135517108,11481680448,185.27287595568635,420.0,19,8.631591818018655e+18,49897799.86080181,100551832117627.08,4418956.423087176,4.3258510922210903e+18,8591675.578478167,1.849912223406136e-09,0,0,1,0.0,0.0,0
406,265283500.2796557,20,0.0,2353152.0877429093,11461396946,189.60011458184601,420.0,20,8.372689793357876e+18,50939319.0374109,101236345094420.8,4218956.423087176,4.19646853118838e+18,8591675.578478167,1.711669028736651e-09,0,0,1,0.0,0.0,0
407,289385007.8438852,20,0.0,2376587.376656661,11417011941,212.55457522168516,420.0,20,8.242310962570292e+18,50613835.07011486,99437810130163.95,4018956.423087176,4.1310992622981627e+18,8591675.578478167,1.7334969015792012e-09,0,0,1,0.0,0.0,0
408,268190580.23846477,21,0.0,2400830.268165106,11393821361,217.53696588295665,420.0,21,8.07008889316119e+18,49956052.468685776,97244940597812.14,3818956.423087176,4.0447689406403763e+18,8668008.456037475,2.461092662997544e-09,0,0,1,0.0,0.0,0
409,336062239.6794387,21,0.0,2388244.408865552,11302759122,187.03695435567099,420.0,22,8.142758490665944e+18,50621177.99379082,98141654654308.23,3618956.423087176,4.081193410798403e+18,8668008.456037475,2.461092662997544e-09,0,0,1,0.0,0.0,0
410,206675064.95641384,21,0.0,2434928.8111460526,11341084055,205.42096348769164,420.0,21,7.89940859245754e+18,49235930.362945676,94630034843735.05,3418956.423087176,3.9591672997131433e+18,8668008.456037475,2.497472451068461e-09,0,0,1,0.0,0.0,0
411,263208273.7172386,19,0.0,2489492.493999662,11322875782,203.93212294410174,420.0,19,7.765143882481119e+18,47483672.37053686,89631838597495.27,3218956.423087176,3.891535125100309e+18,8626272.35848325,1.5515979612246156e-09,0,0,1,0.0,0.0,0
412,278770015.68777025,20,0.0,2468999.8303137277,11289105767,201.62897586664315,420.0,22,8.118735537171938e+18,48335856.050244585,91883116180890.27,3018956.423087176,4.068556080204058e+18,8626272.35848325,1.5224941307678819e-09,0,0,1,0.0,0.0,0
413,64402786.19728985,19,0.0,2402329.399949376,11469702983,203.49175084524143,420.0,19,8.67914239365513e+18,50850439.33037533,93027534623629.84,2818956.423087176,4.348873950289928e+18,8623936.798535049,1.8681021174415946e-09,0,0,1,0.0,0.0,0
414,273208358.5918695,21,0.0,2442512.572410261,11441494624,196.98161258309432,420.0,21,8.037792033033169e+18,49748552.99982859,90806874638632.19,2618956.423087176,4.027976703980448e+18,8623936.798535049,1.8681021174415946e-09,0,0,1,0.0,0.0,0
415,185784352.2422901,22,0.0,2477904.028644573,11500710272,201.633386471622,420.0,22,7.815515573629563e+18,48653536.554379754,88587040370607.1,2418956.423087176,3.916616490851842e+18,8623936.798535049,1.8681021174415946e-09,0,0,1,0.0,0.0,0
416,349760454.76415074,22,0.0,2504297.726673657,11395949818,206.1346908763006,420.0,22,7.757155740633908e+18,48171658.89923701,88983046192530.53,2245097.3746258887,3.8874761749362074e+18,8623936.798535049,1.8681021174415946e-09,0,0,1,0.0,0.0,0
417,121381566.04500028,20,0.0,2499004.8799350737,11519568253,212.55276661365315,420.0,20,8.028714727240257e+18,48387697.56611803,92070026249567.84,3155437.682154428,4.023564366245085e+18,8623936.798535049,1.8681021174415946e-09,0,0,1,0.0,0.0,0
418,213161001.4943058,19,0.0,2453862.7719307155,11551407251,195.0638406491248,420.0,19,9.038075509004134e+18,50146783.361641735,94280138391303.81,2955437.682154428,4.528465768341198e+18,8623936.798535049,1.8681021174415946e-09,0,0,1,0.0,0.0,0
419,341389892.51414835,20,0.0,2448524.0907823257,11455017358,212.49939510705605,420.0,21,8.569099765665448e+18,50408785.62594703,94077547770535.16,2755437.682154428,4.2939576376097777e+18,8628084.75857762,1.889929990284145e-09,0,0,1,0.0,0.0,0
420,273232988.2523994,20,0.0,2470523.6644243957,11426784370,200.61266867885752,420.0,20,8.206052741981933e+18,49719251.914559886,92139211347572.94,2555437.682154428,4.1122402921257236e+18,8628084.75857762,1.8681021174415946e-09,0,0,1,0.0,0.0,0
421,232581566.04500028,20,0.0,2495775.9851203295,11439202804,193.41137596804103,420.0,20,7.909368448214254e+18,49075420.73306966,90568798543097.36,2355437.682154428,3.9637411039614367e+18,8628084.75857762,1.8681021174415946e-09,0,0,1,0.0,0.0,0
422,184904607.47920677,20,0.0,2542273.41428647,11499298195,221.77664937736185,420.0,20,7.750572412902234e+18,47304596.824296266,85937609645980.22,2155437.682154428,3.8838799674157153e+18,8643000.28223819,1.329681253992021e-09,0,0,1,0.0,0.0,0
423,310094483.7277326,19,0.0,2559017.122925282,11434203713,216.57749219825322,420.0,19,8.08635657939348e+18,46939492.83129488,87753647786402.19,2838900.735272557,4.05195365447538e+18,8643000.28223819,1.3005774235352874e-09,0,0,1,0.0,0.0,0
424,205696981.06972784,18,0.0,2565826.051985063,11473506730,222.56548732863783,420.0,18,8.115525945452347e+18,47105930.998716384,87302820144603.75,2638900.735272557,4.066493254740634e+18,8643000.28223819,1.3005774235352874e-09,0,0,1,0.0,0.0,0
425,187693539.27084297,23,0.0,2576558.383668086,11530813191,206.4173354187677,420.0,23,7.724858757542889e+18,47187934.277586095,89646648180525.98,2438900.735272557,3.8713940435894973e+18,8643000.28223819,1.3005774235352874e-09,0,0,1,0.0,0.0,0
426,227318381.20587203,19,0.0,2564358.3755132947,11548494809,207.55520789800389,420.0,19,7.996482971871581e+18,47950896.86886189,87502831872850.53,2238900.735272557,4.0069917691230756e+18,8643000.28223819,1.3005774235352874e-09,0,0,1,0.0,0.0,0
427,149964443.29319066,18,0.0,2499249.490108548,11643530366,215.43812249178836,420.0,18,8.823698656212571e+18,50385625.75918698,90416424672316.72,2245097.3746258887,4.4208909705735173e+18,8643000.28223819,1.3005774235352874e-09,0,0,1,0.0,0.0,0
428,226036321.17984432,19,0.0,2531061.6561739813,11662494046,209.545706699844,420.0,19,8.271887186288244e+18,49617526.14748107,88686584936418.58,2245097.3746258887,4.1448122516377636e+18,8643000.28223819,1.3005774235352874e-09,0,0,1,0.0,0.0,0
429,356060327.6973468,19,0.0,2566178.676984655,11551433717,188.24283717730526,420.0,19,7.962232858018564e+18,48572805.750448205,86808769134049.48,2245097.3746258887,3.989797305922687e+18,8643000.28223819,1.329681253992021e-09,0,0,1,0.0,0.0,0
430,173002758.5900403,19,0.0,2631198.296462171,11623430961,213.05254088300674,420.0,19,7.746726829607126e+18,46649505.43922253,82934628683497.66,2142968.75,3.881656877671913e+18,8643000.28223819,1.3587850844487548e-09,0,0,1,0.0,0.0,0
431,298003167.1954493,19,0.0,2604997.975988963,11570427794,191.80922370908928,420.0,19,8.212420545383952e+18,47471246.083871,85874970539103.94,2245097.3746258887,4.1147977697458867e+18,8643000.28223819,1.329681253992021e-09,0,0,1,0.0,0.0,0
432,50000000.0,18,0.0,2511031.869105527,11765427793,198.71040294642688,420.0,18,9.668963410836621e+18,50757633.022865415,98449402273339.25,3580947.6305343155,4.844326645645645e+18,8643000.28223819,1.3005774235352874e-09,0,0,1,0.0,0.0,0
433,287434705.8951365,18,0.0,2553364.4015401746,11722993087,199.9730512654122,420.0,18,8.845355722862976e+18,49593520.128397785,95367854979760.72,3380947.6305343155,4.4322146469294643e+18,8570701.490869634,9.804352885112166e-10,0,0,1,0.0,0.0,0
434,270387761.7505306,18,0.0,2580111.3871747544,11697605325,211.5232438852462,420.0,19,8.378041210838803e+18,48885064.50581127,92422352951974.44,3180947.6305343155,4.1982628407145994e+18,8583545.351699956,1.0095391189679503e-09,0,0,1,0.0,0.0,0
435,198265686.77465,18,0.0,2570807.373068597,11744339636,176.01002682735356,420.0,18,8.360122941278471e+18,48744318.00392814,89367053078992.31,2980947.6305343155,4.188998175947135e+18,8583545.351699956,1.038642949424684e-09,0,0,1,0.0,0.0,0
436,260556516.51886687,20,0.0,2540127.5567046492,11728783122,196.27307005938184,420.0,20,8.337518321538829e+18,49790133.273563765,92360709401362.53,2780947.6305343155,4.177995231709551e+18,8583545.351699956,1.1223164619877934e-09,0,0,1,0.0,0.0,0
437,258048638.26985067,20,0.0,2565579.2766493484,11715734482,193.68169188712199,420.0,21,8.036840717539293e+18,48379762.50529448,89999802767617.6,2580947.6305343155,4.027420339046408e+18,8583545.351699956,1.0932126315310597e-09,0,0,1,0.0,0.0,0
438,420120903.64516497,19,0.0,2606481.4104094384,11540613577,182.60154694670464,420.0,19,7.925733679242952e+18,47143152.74377518,87243601175786.36,2380947.6305343155,3.9715911997390546e+18,8559340.878510043,8.021743269637227e-10,0,0,1,0.0,0.0,0
439,262836826.30732113,21,0.0,2614597.0856854524,11522776752,196.84394781151073,420.0,21,8.055369683168521e+18,47423339.78168768,88439616267312.34,2245097.3746258887,4.0365288032109916e+18,8576715.074713506,5.748006515204906e-10,0,0,1,0.0,0.0,0
440,340154944.1124508,20,0.0,2622728.915313912,11427621807,204.08559768723845,420.0,20,7.844351761932528e+18,47317255.30506794,88249682886562.56,2245097.3746258887,3.93100084925492e+18,8576715.074713506,5.748006515204906e-10,0,0,1,0.0,0.0,0
441,423132523.2305117,21,0.0,2594311.754705193,11249489284,196.83957701410188,420.0,21,7.955464905802772e+18,48424381.99948275,89435662853559.53,2245097.3746258887,3.9866760191867423e+18,8576715.074713506,5.748006515204906e-10,0,0,1,0.0,0.0,0
442,237274476.77090102,22,0.0,2636090.372812625,11257214811,201.66215289253375,420.0,22,7.612856723684296e+18,47404813.42000124,87179926811692.73,2245097.3746258887,3.815146354523317e+18,8576701.085339135,8.076312951743603e-10,0,0,1,0.0,0.0,0
443,66764650.018854655,19,0.0,2674675.3820313904,11435450159,207.96747737137784,420.0,19,7.591022910863477e+18,46553538.65616826,85634176896792.66,2245097.3746258887,3.8040748731214177e+18,8645388.76151655,1.5788828022778034e-09,0,0,1,0.0,0.0,0
444,56978779.84771046,19,0.0,2693835.261225581,11623471379,237.17582505294047,420.0,19,8.109757844157257e+18,46754918.34404866,92493858381057.64,3794677.489528376,4.064128307916734e+18,8645388.76151655,1.3751559890806675e-09,0,0,1,0.0,0.0,0
445,377527759.72198343,18,0.0,2661778.619306507,11490943619,199.29846997204922,420.0,19,8.433878163228752e+18,48022460.16921624,94347830205600.52,3594677.489528376,4.226373864634936e+18,8584504.668044401,1.9208528101444244e-09,0,0,1,0.0,0.0,0
446,372447925.27195644,21,0.0,2666176.130647912,11363495695,197.38729050444988,420.0,21,7.845810783109065e+18,47877814.82558591,94586930446483.8,3394677.489528376,3.932364084599181e+18,8572394.19094365,1.2150849215686321e-09,0,0,1,0.0,0.0,0
447,256083953.91145968,21,0.0,2694416.8028029962,11352411740,196.87340156164765,420.0,21,7.528661316535414e+18,46987678.916551135,91879829856341.44,3194677.489528376,3.773518641253341e+18,8572394.19094365,1.229636836796999e-09,0,0,1,0.0,0.0,0
448,202803195.5002045,21,0.0,2723717.2823217483,11394608544,205.0646280614718,420.0,21,7.390236951174479e+18,46496040.09194008,89289505443321.69,2994677.489528376,3.7040474261315717e+18,8572394.19094365,1.4479155652225018e-09,0,0,1,0.0,0.0,0
449,391292534.574072,21,0.0,2669339.17178023,11248316008,175.8103190996895,420.0,21,7.868344896450387e+18,48304142.63254095,92135141156170.77,2794677.489528376,3.943385962340811e+18,8572394.19094365,1.4479155652225018e-09,0,0,1,0.0,0.0,0
450,146389895.15502918,19,0.0,2665598.140091514,11346926114,203.97275865106388,420.0,19,7.742744560565731e+18,48284323.317054465,91309621341504.33,2594677.489528376,3.8805032424170163e+18,8572394.19094365,1.2150849215686321e-09,0,0,1,0.0,0.0,0
451,186312092.38568562,21,0.0,2686000.247287716,11405614021,217.5342734927295,420.0,21,7.407247406175388e+18,48255990.8186404,90154708086983.12,2394677.489528376,3.712639173896392e+18,8572652.783749264,1.2369127944111824e-09,0,0,1,0.0,0.0,0
452,119088327.28945872,21,0.0,2677671.9073532214,11531525696,189.30564223205081,420.0,21,7.686529732880203e+18,48909440.03221919,90419369602349.52,2245097.3746258887,3.8523068034003364e+18,8572652.783749264,1.102307578548789e-09,0,0,1,0.0,0.0,0
453,222688977.84572586,20,0.0,2647586.429339258,11553836715,212.55466217891626,420.0,20,8.0833006310208e+18,50451739.904213026,95201740328249.89,2771482.5499840365,4.051170489543225e+18,8572652.783749264,1.102307578548789e-09,0,0,1,0.0,0.0,0
454,62109547.44174827,19,0.0,2688621.3184846705,11736727167,226.4152678465909,420.0,19,7.749835832175061e+18,49732778.65425315,95990810075565.77,3543382.7261347724,3.884516997095087e+18,8572652.783749264,1.102307578548789e-09,0,0,1,0.0,0.0,0
455,520544729.33668697,20,0.0,2705256.24412959,11461182439,192.63170806294838,420.0,20,7.382219908658192e+18,49305152.31183657,94355233408707.52,3343382.7261347724,3.700545477669967e+18,8572652.783749264,1.102307578548789e-09,0,0,1,0.0,0.0,0
456,194574193.88250422,22,0.0,2725156.0662593776,11511608244,201.65409273985549,420.0,22,7.183515038934716e+18,48729167.6156591,93107106475139.06,3143382.7261347724,3.6010682301148723e+18,8572652.783749264,1.102307578548789e-09,0,0,1,0.0,0.0,0
457,314929292.8815119,19,0.0,2714668.2306655007,11441678952,170.04954510169222,420.0,19,7.454075048309712e+18,49055177.67394745,93023762835936.53,2943382.7261347724,3.7363399004384497e+18,8572652.783749264,1.102307578548789e-09,0,0,1,0.0,0.0,0
458,322258091.2608482,19,0.0,2758729.497416595,11364420860,204.3537316224136,420.0,19,7.044731040201438e+18,47781965.11442949,89579131087339.38,2743382.7261347724,3.531323433209453e+18,8522079.641199281,1.4370016288012266e-09,0,0,1,0.0,0.0,0
459,282397874.731207,19,0.0,2791111.0727464133,11327022985,216.58065721450401,420.0,19,6.871162750336596e+18,47379105.40034752,90518470638708.61,3402827.1645139214,3.444633222232169e+18,8522079.641199281,1.4370016288012266e-09,0,0,1,0.0,0.0,0
460,443659513.2999085,21,0.0,2801139.1027757805,11128363474,205.0298252983263,420.0,21,6.940944375905877e+18,47569867.22875492,91562860281249.55,3202827.1645139214,3.4796284739810637e+18,8522079.641199281,1.5388650353997946e-09,0,0,1,0.0,0.0,0
461,149219094.88349652,18,0.0,2710117.0888023265,11224144375,199.68658889494068,420.0,18,7.681756931237087e+18,50773584.27037288,96982230781687.94,3719468.6353328326,3.850576688696712e+18,8522079.641199281,1.4370016288012266e-09,0,0,1,0.0,0.0,0
462,184312658.69442862,19,0.0,2689671.480422607,11284831718,220.09091021399277,420.0,19,7.980074939408693e+18,51407317.0057974,104432715252706.78,3581591.1681452403,4.000480741229617e+18,8522079.641199281,1.4370016288012266e-09,0,0,1,0.0,0.0,0
463,293045886.9848796,19,0.0,2717632.3085207287,11236785833,195.23228103290907,420.0,19,7.468062821433058e+18,49787380.06314427,99277670000514.58,3381591.1681452403,3.743959177716581e+18,8522079.641199281,1.5497789718210697e-09,0,0,1,0.0,0.0,0
464,295607987.71188354,21,0.0,2743810.583824599,11186177845,205.0595587937938,420.0,21,7.116015047821412e+18,48638092.49059754,97188667595114.14,3181591.1681452403,3.5677263906702177e+18,8522079.641199281,1.5170371625572443e-09,0,0,1,0.0,0.0,0
465,334798525.28747416,19,0.0,2771077.5608559316,11096379321,175.73655621619233,420.0,19,6.91968758283717e+18,47822863.131677896,93443826993632.48,2981591.1681452403,3.4691881741179484e+18,8522079.641199281,1.4370016288012266e-09,0,0,1,0.0,0.0,0
466,206971331.104419,20,0.0,2750924.2663363386,11134407988,202.56334290793725,420.0,21,7.32802312046797e+18,48885426.34626771,97049671674382.64,2781591.1681452403,3.6737165274014234e+18,8565777.19418714,2.029992174357176e-09,0,0,1,0.0,0.0,0
467,298222628.88224745,20,0.0,2744680.6502795164,11081185360,189.13532610879014,420.0,20,7.045804486566087e+18,49308371.789987944,96689052006212.89,2581591.1681452403,3.5325711484836644e+18,8565777.19418714,1.4515535440295935e-09,0,0,1,0.0,0.0,0
468,366131672.5063468,20,0.0,2778981.8675633003,10960053687,208.75416788027124,420.0,20,6.579507020619301e+18,48356952.577413805,92585040285996.05,2381591.1681452403,3.29901201433825e+18,8618569.362564204,1.1496013030409813e-09,0,0,1,0.0,0.0,0
469,174219094.88349652,20,0.0,2800423.3674150775,11030834593,208.721537469165,420.0,20,6.600073361504495e+18,47763097.33361178,88837705854229.31,2181591.1681452403,3.30892045133767e+18,8618569.362564204,1.1496013030409813e-09,0,0,1,0.0,0.0,0
470,431931343.4841221,22,0.0,2757327.022300969,10843903249,201.6317927903612,420.0,22,6.774668920351562e+18,49574024.11928483,92337962105720.62,2245097.374625888,3.396568256386353e+18,8676339.042246262,9.74978320300579e-10,0,0,1,0.0,0.0,0
471,62109996.92367592,20,0.0,2704229.0833270494,11026793253,216.05832987932718,420.0,20,7.279744705472768e+18,51044685.40247884,92814920478990.84,2245097.374625888,3.649153844784283e+18,8676339.042246262,8.87666828930378e-10,0,0,1,0.0,0.0,0
472,182465095.92268366,19,0.0,2717885.0019813697,11089328158,199.43806224131208,420.0,19,7.180123990480921e+18,50486063.803812444,93228627690983.92,2661867.1031193333,3.5993848580095585e+18,8676339.042246262,8.87666828930378e-10,0,0,1,0.0,0.0,0
473,322061287.23742926,19,0.0,2750064.9331628764,11012266868,203.9009152188366,420.0,19,6.845157639279461e+18,49214643.129213236,89745234239667.89,2461867.1031193333,3.4315533430636974e+18,8676339.042246262,9.677023626863956e-10,0,0,1,0.0,0.0,0
474,207465095.9226836,20,0.0,2694817.3679333297,11049801773,177.75077934575512,420.0,21,7.267596806846511e+18,51321397.050798334,94723322188844.22,2261867.1031193333,3.64327073564214e+18,8676339.042246262,9.094947017729282e-10,0,0,1,0.0,0.0,0
475,124219993.84735183,20,0.0,2667626.691404724,11170581780,177.35421937072667,420.0,21,7.067948411783282e+18,51989259.78049616,95158264888361.0,2245097.3746258887,3.543490032380477e+18,8605525.652438894,1.0477378964424133e-09,0,0,1,0.0,0.0,0
476,184577472.47119445,22,0.0,2694013.3333905544,11231004308,213.6440632347141,420.0,22,6.787360411319459e+18,51161384.4399532,93796112811188.88,2245097.3746258887,3.403059816940848e+18,8605525.652438894,1.0477378964424133e-09,0,0,1,0.0,0.0,0
477,184577472.47119445,20,0.0,2761082.2660633167,11291426836,218.20606404725606,420.0,20,6.519087248164848e+18,48914289.814759284,87970590336507.31,2142968.75,3.2683406831160745e+18,8605525.652438894,1.0477378964424133e-09,0,0,1,0.0,0.0,0
478,280400514.52253056,21,0.0,2800146.9658965236,11256026319,201.64176380835707,420.0,22,6.487848950321855e+18,47896198.64320809,86945608764307.06,2245097.3746258887,3.2526190360373586e+18,8608394.517996855,1.331500243395567e-09,0,0,1,0.0,0.0,0
479,1.4901161193847656e-08,18,0.0,2815662.186498687,11501026320,215.76062144529058,420.0,18,6.969181683781939e+18,47856429.32489433,91431736991744.33,2882725.6502052722,3.493734015590144e+18,8608394.517996855,1.0550138540565968e-09,0,0,1,0.0,0.0,0
480,313005579.0672894,20,0.0,2785662.1515191626,11433020740,200.24418040237484,420.0,20,6.851155414045018e+18,48972409.35337289,93740681993296.81,2682725.6502052722,3.434951775221839e+18,7481678.903599371,1.6389094525948167e-09,0,0,1,0.0,0.0,0
481,333622882.86204755,19,0.0,2773339.4297806807,11344397858,192.05479073841425,420.0,20,6.68863374539178e+18,49396682.03649196,92634156242239.06,2482725.6502052722,3.3535802883201137e+18,7481678.903599371,2.08092387765646e-09,0,0,1,0.0,0.0,0
482,388346941.02725947,22,0.0,2775246.339739665,11201050915,201.63447987159873,420.0,22,6.51110926227696e+18,49460119.00050753,94051364433797.53,2313930.679837898,3.26495976758186e+18,7481678.903599371,1.6189005691558123e-09,0,0,1,0.0,0.0,0
483,106763998.76947036,22,0.0,2802452.738723776,11339286917,201.6345308290502,420.0,22,6.368069621515744e+18,48729340.27888726,92655975670508.61,2341151.399663021,3.193300408324923e+18,7483261.10654156,1.5243131201714277e-09,0,0,1,0.0,0.0,0
484,433685028.73447263,22,0.0,2736199.9417014634,11150601889,186.7105712481733,420.0,22,6.957810112921546e+18,51049296.99804385,95642861647876.62,2245097.3746258887,3.4884693426255606e+18,7483150.65113451,1.949956640601158e-09,0,0,1,0.0,0.0,0
485,159788425.34818763,22,0.0,2779811.0565826986,11235813464,210.03226745017528,420.0,22,6.573429456443462e+18,49649966.12051713,91976037112568.62,2245097.3746258887,3.295912331932988e+18,7483150.65113451,2.3792381398379803e-09,0,0,1,0.0,0.0,0
486,237812851.92690492,21,0.0,2811131.3275362747,11243000611,208.83761193685118,420.0,21,6.346761356271505e+18,48942072.19373024,89763203502882.0,2142968.75,3.182356998486041e+18,7483129.053732468,2.3792381398379803e-09,0,0,1,0.0,0.0,0
487,302310291.7142117,21,0.0,2840417.275170083,11185690321,205.03853480744206,420.0,21,6.223153063582752e+18,47818537.43973419,87454686280319.05,2245097.3746258887,3.120322000419408e+18,7483129.053732468,2.3792381398379803e-09,0,0,1,0.0,0.0,0
488,159788425.34818763,21,0.0,2846566.8321348326,11270901894,230.03761063966988,420.0,21,6.349919926623839e+18,48111638.00518953,88605463811808.28,2245097.3746258887,3.1838205096931005e+18,7483129.053732468,2.3792381398379803e-09,0,0,1,0.0,0.0,0
489,350312894.7551115,20,0.0,2813117.0428619836,11165588999,216.06100830728494,420.0,20,6.608389984179073e+18,49058101.90361627,92832762040929.48,3168058.5152424574,3.3134782682936294e+18,7483304.798093479,1.8717400962486863e-09,0,0,1,0.0,0.0,0
490,160595823.7052275,18,0.0,2776931.7904720386,11249993174,199.4458436608437,420.0,18,6.734941942066998e+18,49789310.4995167,93359645304648.69,2968058.5152424574,3.376806935563964e+18,7484141.387037277,1.8608261598274112e-09,0,0,1,0.0,0.0,0
491,321560467.85557765,22,0.0,2737707.4503439064,11173432709,186.7194946900518,420.0,22,6.735590087321094e+18,50945568.81126899,98029629809148.84,2768058.5152424574,3.377598006641462e+18,7484141.387037277,1.915395841933787e-09,0,0,1,0.0,0.0,0
492,241142009.86879724,20,0.0,2715267.9877498155,11177290698,219.30465603522896,420.0,20,6.624288803306865e+18,51333162.57261365,98034850152479.69,2782708.2936896603,3.32194788666868e+18,7484141.387037277,1.915395841933787e-09,0,0,1,0.0,0.0,0
493,322501832.34494555,22,0.0,2741921.719015727,11099788865,210.03064981728417,420.0,22,6.393781367575352e+18,50366379.52919333,95516610259738.8,2575581.6273665456,3.20644234481365e+18,7484334.880934142,2.4692781153135e-09,0,0,1,0.0,0.0,0
494,295892491.613402,22,0.0,2763941.016378673,11048896371,210.02375479973693,420.0,22,6.281930440429813e+18,49793141.826805726,96219629864033.02,2989834.9600127744,3.1505871832013097e+18,7493277.562839369,1.4406396076083183e-09,0,0,1,0.0,0.0,0
495,274645711.2445915,22,0.0,2781088.3322060783,11019250662,197.83862018560515,420.0,22,6.166681600054484e+18,48987921.499421455,94470384830022.58,3017083.29368966,3.0927878385102444e+18,7493277.562839369,1.4406396076083183e-09,0,0,1,0.0,0.0,0
496,266287457.53688952,22,0.0,2767032.7232590048,10997963203,208.93917627979468,420.0,22,6.261830798086604e+18,49535484.816682465,93172746371380.16,2812241.7198533923,3.14023267368044e+18,7484137.192891981,9.51331458054483e-10,0,0,1,0.0,0.0,0
497,271879920.17650634,21,0.0,2782403.5011457796,10971083285,216.97661165015674,420.0,22,6.238810652529793e+18,48879842.98645389,92247921451268.66,2724587.646017125,3.1286301184100234e+18,7484137.192891981,9.51331458054483e-10,0,0,1,0.0,0.0,0
498,214548750.33630377,21,0.0,2806390.322341257,11001534532,192.53542810293558,420.0,21,6.12589476349235e+18,47934729.850756176,88988061725231.19,2519746.0721808574,3.071846187918698e+18,7484137.192891981,9.51331458054483e-10,0,0,1,0.0,0.0,0
499,425203405.51358557,22,0.0,2779382.1282217284,10821331128,205.42612758011475,420.0,22,6.243711670869374e+18,48670867.2184497,90543417173217.53,2314904.49834459,3.1309101771520087e+18,7491775.69459818,1.1004885891452432e-09,0,0,1,0.0,0.0,0
500,220344084.0681054,20,0.0,2746126.021908633,10845987044,225.06170971366646,420.0,20,6.81588745042298e+18,49908330.98985344,96957981990594.48,3059003.109833425,3.417639523410549e+18,7483108.935511739,1.1004885891452432e-09,0,0,1,0.0,0.0,0
501,208289791.88841128,21,0.0,2738017.491378892,10882697253,207.94451638201363,420.0,21,6.564660591935067e+18,50155262.50423893,97377791068546.39,3010565.609833425,3.292068075074388e+18,7478351.560927254,1.9217623048461974e-09,0,0,1,0.0,0.0,0
502,268310638.54883617,20,0.0,2709271.9338721246,10859386614,200.05228295868335,420.0,20,6.891656828078874e+18,50963757.26924079,97356566784936.14,2810565.609833425,3.4555640707179305e+18,7478351.560927254,1.9681465346366167e-09,0,0,1,0.0,0.0,0
503,130850348.9863268,20,0.0,2727445.7749307957,10973536267,200.45283500031863,420.0,20,6.555357236119123e+18,50248681.08507381,94790469873892.98,2610565.609833425,3.287157665046951e+18,7478351.560927254,1.9172148313373327e-09,0,0,1,0.0,0.0,0
504,106821812.16848461,22,0.0,2696836.4095393815,11111714453,205.43464771727213,420.0,22,6.611812613637441e+18,51018813.40478953,95481360488388.92,2410565.609833425,3.315454442867559e+18,7462822.587991845,1.7262209439650178e-09,0,0,1,0.0,0.0,0
505,214175136.47264588,22,0.0,2706520.4252757686,11142539317,193.89535977393754,420.0,22,6.384128955806579e+18,50600511.277507365,94039849894255.6,2245097.3746258887,3.201468462892715e+18,7455994.526100294,1.1004885891452432e-09,0,0,1,0.0,0.0,0
506,324942237.6401418,22,0.0,2716152.0020353952,11062597079,193.89093847800117,420.0,22,6.23677619654992e+18,49884705.89287441,91159616727562.45,2245097.3746258887,3.127504059947716e+18,7457714.884322212,1.140506356023252e-09,0,0,1,0.0,0.0,0
507,271181680.54222625,20,0.0,2709056.8321019313,11036415399,208.67350045048485,420.0,20,6.420276791358978e+18,49807339.23554888,89792357019970.92,2142968.75,3.219117631381486e+18,7457714.884322212,1.140506356023252e-09,0,0,1,0.0,0.0,0
508,242838372.2086388,22,0.0,2731825.08396471,11038577027,197.83860221995417,420.0,22,6.196268326242981e+18,48909798.345380515,88359911491492.55,2245097.3746258887,3.1069701542706396e+18,7457714.884322212,1.1550582712516189e-09,0,0,1,0.0,0.0,0
509,268815489.3467085,22,0.0,2709969.933169655,11014761538,197.8282350431091,420.0,22,6.617912548319413e+18,49313542.03889552,88545026354722.75,2245097.3746258887,3.317810776795179e+18,7457714.884322212,1.140506356023252e-09,0,0,1,0.0,0.0,0
510,422758471.24710584,22,0.0,2716940.0921254368,10837003065,197.8283468472948,420.0,22,6.306605712243088e+18,48904272.71616982,88647561002880.53,2245097.3746258887,3.162167612221832e+18,7457714.884322212,1.140506356023252e-09,0,0,1,0.0,0.0,0
511,106821812.16848461,22,0.0,2755446.20450542,10975181254,210.02574949845666,420.0,22,6.115324537781891e+18,47366400.415655024,86162371007294.33,2245097.3746258887,3.066278505991675e+18,7468432.198520959,1.140506356023252e-09,0,0,1,0.0,0.0,0
512,325525361.9253983,21,0.0,2754331.329445039,10894655894,205.0401711775578,420.0,21,6.2195622301916e+18,47286183.41687065,85915150292618.84,2142968.75,3.1183726301250616e+18,7468432.198520959,1.140506356023252e-09,0,0,1,0.0,0.0,0
513,138188023.22231203,20,0.0,2685861.6776520554,11001467869,211.20506104257018,420.0,20,6.985012371482317e+18,49127901.9137438,98340564417512.16,3952987.8257682454,3.5023402421829094e+18,7483829.608408797,7.012204150669277e-10,0,0,1,0.0,0.0,0
514,132068679.3586945,20,0.0,2646583.6746518374,11114399189,219.32625551745667,420.0,20,7.069731710059267e+18,49965878.783626005,104197081788977.45,4600010.350377048,3.5452855632085315e+18,7483829.608408797,1.178705133497715e-09,0,0,1,0.0,0.0,0
515,344206353.5946798,21,0.0,2578964.2189151566,11015192837,196.7635951400576,420.0,22,7.516508310337094e+18,51653723.49357626,108542824990837.34,4551572.850377048,3.7691084376676306e+18,7483829.608408797,1.748958311509341e-09,0,0,1,0.0,0.0,0
516,108188023.222312,20,0.0,2530406.112542574,11152004813,214.40432538451685,420.0,20,7.529407510381778e+18,53134063.67974412,113690438282453.28,4761173.527230377,3.7760727990191345e+18,7483829.608408797,1.4879333321005106e-09,0,0,1,0.0,0.0,0
517,275378152.056806,20,0.0,2541036.8165538628,11121626662,200.06208547314557,420.0,20,7.399395567512092e+18,52523916.69610751,110217369642586.38,4561173.527230377,3.7107195207203046e+18,7493955.823340031,1.5033947420306504e-09,0,0,1,0.0,0.0,0
518,133836100.97791104,19,0.0,2568812.0176368994,11232790560,216.59529834801995,420.0,19,7.296389169103055e+18,51594224.06788798,108387705923189.1,4361173.527230377,3.6590333551438464e+18,7485628.103568267,1.9599610823206604e-09,0,0,1,0.0,0.0,0
519,389560402.2379707,20,0.0,2561476.450108335,11088230157,196.24349940700267,420.0,20,7.270641874479576e+18,51352883.24557158,105922561720212.48,4161173.5272303773,3.6459131934118093e+18,7485628.103568267,1.5679688658565283e-09,0,0,1,0.0,0.0,0
520,54058983.83984133,20,0.0,2556925.0403479068,11279171172,225.0813590449136,420.0,20,7.242321463918733e+18,51097638.79635016,106681655462552.23,3961173.5272303773,3.631828897505622e+18,7485628.103568267,1.494299795012921e-09,0,0,1,0.0,0.0,0
521,346997001.1648813,19,0.0,2559596.1107878657,11177174172,187.542333754403,420.0,20,7.197992574993231e+18,50438590.81641671,102793881760767.5,3761173.5272303773,3.609275675672692e+18,7485628.103568267,1.5097612049430609e-09,0,0,1,0.0,0.0,0
522,163613218.11598074,19,0.0,2540605.1073330273,11258560953,199.39576063572676,420.0,20,7.467340706158766e+18,50601296.02423139,100934071875527.98,3561173.5272303773,3.743763760266936e+18,7485628.103568267,9.349605534225702e-10,0,0,1,0.0,0.0,0
523,250928057.21703106,21,0.0,2503916.0137504423,11252632898,197.22488287154002,420.0,21,7.365366874818597e+18,51316991.6442821,102958958572646.9,3361173.5272303773,3.692979333266563e+18,7485628.103568267,1.9326762412674725e-09,0,0,1,0.0,0.0,0
524,220724301.2600597,20,0.0,2469303.636077129,11276908597,212.56362047678203,420.0,20,7.722968680237554e+18,52228204.86422973,102511021051687.22,3161173.5272303773,3.8717354422239457e+18,7485628.103568267,9.440555004402995e-10,0,0,1,0.0,0.0,0
525,222176951.51952398,22,0.0,2432341.8429296487,11299731643,208.95495104073623,420.0,22,7.862841691061617e+18,53521021.45746411,105153766682742.47,2961173.5272303773,3.9419362221990825e+18,7485628.103568267,9.5042196335271e-10,0,0,1,0.0,0.0,0
526,182506871.1884629,21,0.0,2445141.5482465555,11362224771,196.8655305973033,420.0,21,7.569422879504826e+18,52807830.76340136,104827828867930.53,3231866.897934785,3.7951942226392064e+18,7471475.341695238,1.7771526472643018e-09,0,0,1,0.0,0.0,0
527,161083988.32653263,21,0.0,2454302.647233746,11446140784,208.86532668080284,420.0,21,7.554225195717516e+18,52225629.89720836,101650887751455.2,3144212.8240985177,3.7872776866339036e+18,7471475.341695238,1.7835191101767123e-09,0,0,1,0.0,0.0,0
528,188421866.42435932,21,0.0,2472715.755823457,11502718918,201.65237509950413,420.0,22,7.381974442911944e+18,51915520.85008103,102785421018679.61,3553895.9717710526,3.70126576355784e+18,7471475.341695238,3.2741809263825417e-09,0,0,1,0.0,0.0,0
529,161638074.92164236,21,0.0,2506826.4246127447,11586080844,220.86069025988502,420.0,21,7.221633230775635e+18,50607448.54538906,99846687945504.25,3349054.397934785,3.6208012841823677e+18,7471475.341695238,2.3364918888546526e-09,0,0,1,0.0,0.0,0
530,271323782.77148825,20,0.0,2545489.6034114584,11559757060,195.7101162451555,420.0,20,7.06849081582836e+18,49363172.80598125,96767210398280.02,3378587.8240985177,3.543922128954008e+18,7471475.341695238,2.342858351767063e-09,0,0,1,0.0,0.0,0
531,351129536.2947302,22,0.0,2567011.463023195,11453627525,201.63638857546096,420.0,22,6.988422535640945e+18,48822692.42648593,95594489667514.88,3173746.25026225,3.5037707167872236e+18,7471475.341695238,2.342858351767063e-09,0,0,1,0.0,0.0,0
532,212283988.3265326,20,0.0,2584932.013610228,11486343536,217.54441371267822,420.0,21,6.92866396664861e+18,48170865.41925717,95761263727354.1,2968904.6764259827,3.4739081096970404e+18,7471475.341695238,2.802153176162392e-09,0,0,1,0.0,0.0,0
533,131306871.18846294,21,0.0,2568316.8844368365,11600036663,204.85858545049547,420.0,21,7.076749639334025e+18,48409158.4268298,95202880807977.5,2764063.1025897153,3.5478951077478103e+18,7471125.147403391,2.2782842279411852e-09,0,0,1,0.0,0.0,0
534,277559325.1631866,20,0.0,2506358.0871384796,11567477339,200.86032371870715,420.0,21,7.464655015252716e+18,50402950.241815954,106027357582358.7,3793112.5456073205,3.7429302433845934e+18,7480846.974552145,2.7212081477046013e-09,0,0,1,0.0,0.0,0
535,53153435.594231464,20,0.0,2426917.986961322,11759323903,207.81409707269876,420.0,20,8.053679276974629e+18,52625396.971168265,126987940943343.44,5791151.431982836,4.039538432581649e+18,7480846.974552145,2.3364918888546526e-09,0,0,1,0.0,0.0,0
536,292173680.6476139,20,0.0,2414714.7985404003,11712150224,207.97736395011864,420.0,20,7.746722232936495e+18,52605856.08475714,127576488674351.77,5825526.431982836,3.8861187653356826e+18,7483798.261094181,2.1836967789568007e-09,0,0,1,0.0,0.0,0
537,355914941.744491,21,0.0,2426677.8684577444,11601235281,184.88068967528645,420.0,21,7.426125114002355e+18,51825016.15419907,125023733121888.77,5625526.431982836,3.7255649303133665e+18,7483798.261094181,3.1150193535722792e-09,0,0,1,0.0,0.0,0
538,210369995.63438565,19,0.0,2452139.4421248194,11635865287,195.72014013968095,420.0,20,7.279562051527424e+18,51017557.449329324,124071128782452.42,5425526.431982836,3.6521881386419574e+18,7483798.261094181,2.17733031604439e-09,0,0,1,0.0,0.0,0
539,247129184.75185907,20,0.0,2447749.443714151,11633736103,195.68912238956767,420.0,20,7.355678758834699e+18,51114290.707106076,119642929024271.81,5225526.431982836,3.689803672319777e+18,7483798.261094181,2.17733031604439e-09,0,0,1,0.0,0.0,0
540,274909890.18388104,19,0.0,2434235.036259652,11603826211,203.57376371379044,420.0,19,7.319109539506103e+18,51475153.29405289,119607805040722.61,5025526.431982836,3.671515550257124e+18,7487390.185585394,2.1591404220089316e-09,0,0,1,0.0,0.0,0
541,326906749.99028623,21,0.0,2426208.5845933156,11521919460,230.0357596122329,420.0,21,7.179007606610932e+18,51689675.30669945,118561261390971.92,4825526.431982836,3.601359929444563e+18,7502702.33709701,1.924490788951516e-09,0,0,1,0.0,0.0,0
542,161285028.7382404,20,0.0,2377340.3090805365,11605634431,200.99459430866082,420.0,20,7.408315875206449e+18,53065255.419895515,121248103031593.56,4625526.431982836,3.716282747906384e+18,7502699.112557046,1.5270416042767465e-09,0,0,1,0.0,0.0,0
543,220911091.21917406,21,0.0,2407611.7114564218,11629723340,217.5781261251833,420.0,21,7.056781602153332e+18,52332091.40005645,118140016842714.2,4425526.431982836,3.5402048027609375e+18,7502699.112557046,9.36779542826116e-10,0,0,1,0.0,0.0,0
544,291192344.557024,20,0.0,2439659.2615296273,11583530998,209.75224372383255,420.0,20,6.914131331602821e+18,51144988.23927758,113971081555254.28,4225526.431982836,3.468462773956936e+18,7502699.112557046,1.5270416042767465e-09,0,0,1,0.0,0.0,0
545,381176849.58432174,22,0.0,2446034.1815018766,11447354148,201.66393929710839,420.0,22,6.839561909977846e+18,50509908.047188275,112050131930033.56,4025526.4319828358,3.4309859681819264e+18,7502523.368196034,1.7780621419660747e-09,0,0,1,0.0,0.0,0
546,262490963.47464544,21,0.0,2397830.3279501665,11429863183,205.43593470260143,420.0,22,7.426644242648982e+18,52022405.75358446,116566109511965.22,4438399.525041464,3.7249787322756874e+18,7502538.208702704,1.228727342095226e-09,0,0,1,0.0,0.0,0
547,53141981.584569044,20,0.0,2380550.7252037534,11621721202,221.7828299349598,420.0,20,7.560537101256003e+18,52543314.49667911,115782565439032.08,4238399.525041464,3.7918468071719045e+18,7502538.208702704,5.302354111336172e-10,0,0,1,0.0,0.0,0
548,215180006.7453995,19,0.0,2336470.552795441,11651541195,207.8021362406257,420.0,19,7.937596306883018e+18,53925114.95074242,122025742145030.2,4588733.193279855,3.981000727656012e+18,7502538.208702704,5.293259164318442e-10,0,0,1,0.0,0.0,0
549,210463159.6681032,19,0.0,2301962.574117454,11686078036,216.7138874419002,420.0,19,7.964351100665771e+18,55027696.1564651,121384456477106.1,4383887.90931692,3.994313995980596e+18,7502510.260723811,8.722054190002382e-10,0,0,1,0.0,0.0,0
550,363456663.85906184,21,0.0,2302123.740932191,11567621372,184.8946651408827,420.0,21,7.499130094804608e+18,55282486.460046865,121112071002427.45,4383887.90931692,3.761676254502547e+18,7502510.260723811,8.212737157009542e-10,0,0,1,0.0,0.0,0
551,221271992.4284864,19,0.0,2338965.1470736354,11591349381,218.20761036750685,420.0,20,7.2320596306309e+18,53782290.85463431,114864128838935.16,4179042.6253539845,3.6275162281993436e+18,7502510.260723811,7.812559488229454e-10,0,0,1,0.0,0.0,0
552,106283963.16913809,22,0.0,2328293.863792805,11730065415,205.47484733583426,420.0,22,7.170155867699236e+18,53836065.49485157,113602090743062.89,4208572.341391049,3.596438142923924e+18,7502135.648745813,1.2350938050076365e-09,0,0,1,0.0,0.0,0
553,161248017.26189458,20,0.0,2340027.3516420578,11813817400,204.44570139888688,420.0,20,7.221157281081979e+18,53396323.55093989,109931483074636.6,4003727.057426699,3.621571788848453e+18,7502135.648751474,1.5361365512944758e-09,0,0,1,0.0,0.0,0
554,269388417.6902398,20,0.0,2346165.077371184,11789428982,196.88102980495293,420.0,21,7.184338539113271e+18,53215977.03672248,110625412607007.1,3916069.2734623486,3.6032318108173363e+18,7502135.648751474,1.5652403817512095e-09,0,0,1,0.0,0.0,0
555,324910039.1199083,22,0.0,2330883.6737162275,11709518945,193.91378583124782,420.0,22,7.134936115968366e+18,53604800.036816806,110264645758000.4,3911223.9894979983,3.5784945225599826e+18,7502135.648751474,1.1114025255665183e-09,0,0,1,0.0,0.0,0
556,220842339.74030185,19,0.0,2298290.988383765,11733676603,211.70727121158572,420.0,19,7.660671988383053e+18,54221188.21760945,115423546650447.36,3940753.705533648,3.841878348856571e+18,7502083.930190352,1.4779288903810084e-09,0,0,1,0.0,0.0,0
557,208019456.98640457,21,0.0,2288950.670365925,11770657147,201.5309791384729,420.0,22,7.351939113191402e+18,54667974.63147892,118620076545420.73,3940753.705533648,3.687831564250243e+18,7502083.930190352,1.5133991837501526e-09,0,0,1,0.0,0.0,0
558,216239816.12984705,21,0.0,2314868.308782073,11799417331,205.08434285223325,420.0,21,7.153378152367784e+18,53452495.93498505,114449660934029.77,3970283.4215692976,3.588134042277295e+18,7502083.930190352,1.4779288903810084e-09,0,0,1,0.0,0.0,0
559,272698776.9995089,19,0.0,2355207.7731313305,11771718555,216.58233044399802,420.0,19,7.061816368381417e+18,52486212.93401149,108459930559005.48,3765438.137604947,3.5417541772466094e+18,7502083.930190352,1.1941665434278548e-09,0,0,1,0.0,0.0,0
560,351818871.80463386,22,0.0,2366626.070651598,11664899680,210.0240653818499,420.0,22,6.968160395204441e+18,52056164.84114686,107218656221503.11,3560592.853640597,3.4948020632243707e+18,7502083.862872038,9.977156878449023e-10,0,0,1,0.0,0.0,0
561,266823767.2571416,21,0.0,2331466.351889057,11643075913,208.84293399704012,420.0,21,7.36516832109265e+18,53611743.6809053,108700759410690.11,3355747.5696762465,3.693454236487394e+18,7487357.248639964,1.86355464393273e-09,0,0,1,0.0,0.0,0
562,162402857.0146622,20,0.0,2274175.3838516045,11725673056,219.35081968907573,420.0,20,7.9244097778068e+18,55456308.30643595,121585926113796.8,3756451.5791198234,3.9743634815147796e+18,7487357.248639964,1.86355464393273e-09,0,0,1,0.0,0.0,0
563,211144256.1954638,20,0.0,2288313.8472156646,11759528800,225.06019665213066,420.0,20,7.569594132720036e+18,55139496.33963677,119990807527650.12,3775792.1804249585,3.796796147112783e+18,7487357.248639964,1.86355464393273e-09,0,0,1,0.0,0.0,0
564,481157543.401291,20,0.0,2301670.9362176517,11523371258,192.08053056782796,420.0,20,7.257152331585254e+18,54623709.663947746,115797966150415.0,3575792.1804249585,3.6401559624076687e+18,7487357.248639964,1.889929990284145e-09,0,0,1,0.0,0.0,0
565,274196657.76678574,21,0.0,2324640.6160282497,11494174598,205.0422401449755,420.0,21,7.091544212962098e+18,53649935.62088519,110840065184194.45,3375792.1804249585,3.5568561129994685e+18,7487477.878573222,2.2764652385376394e-09,0,0,1,0.0,0.0,0
566,351812719.73276436,20,0.0,2301044.1764827515,11387361880,187.56029279833686,420.0,20,7.635508680892655e+18,54040115.18651753,109230208668698.42,3175792.1804249585,3.828677361313197e+18,7487477.878573222,2.2473614080809057e-09,0,0,1,0.0,0.0,0
567,164234193.4469972,21,0.0,2306946.8661249694,11468127688,221.38145030289292,420.0,21,7.34484940337113e+18,53753969.34075547,108785747301062.25,2975792.1804249585,3.6833032764156713e+18,7487477.878573222,2.3492248146794736e-09,0,0,1,0.0,0.0,0
568,211158128.58306178,21,0.0,2347903.296717977,11501969560,213.94603153067447,420.0,21,7.007869352242128e+18,52419304.45512927,103749208926966.72,2775792.1804249585,3.5143095970137605e+18,7487477.878573222,2.814886101987213e-09,0,0,1,0.0,0.0,0
569,188717735.8881881,20,0.0,2401406.7953798454,11558251823,218.2092990809078,420.0,20,6.846499376775472e+18,50752819.42383128,97982631886276.28,2575792.1804249585,3.4330479515763635e+18,7481939.403654561,2.1709638531319797e-09,0,0,1,0.0,0.0,0
570,291831487.57287014,21,0.0,2405983.710359117,11511420338,205.0545452438578,420.0,21,6.956164267714311e+18,51062535.15510678,101279458434835.7,3444336.7177831954,3.488210079700639e+18,7481939.403654561,3.407876647543162e-09,0,0,1,0.0,0.0,0
571,281194247.3295161,20,0.0,2328863.234166417,11475226086,230.86292812019508,420.0,20,8.011593748600727e+18,53695805.75211597,122452551718061.02,4970102.214870391,4.0180421294721695e+18,7481939.403654561,1.7826096154749393e-09,0,0,1,0.0,0.0,0
572,106271191.12144497,20,0.0,2324772.8617273676,11613954895,207.9808628188648,420.0,20,7.72316286751608e+18,53902522.11098388,123916884728936.48,5165414.714870391,3.8739731222309335e+18,7481939.403654561,1.3924363884143531e-09,0,0,1,0.0,0.0,0
573,207430798.42657137,19,0.0,2335257.447709262,11651524098,220.72029044071863,420.0,20,7.472086035789968e+18,53567333.055544004,121138040190767.28,5116977.214870391,3.748156821914061e+18,7473428.567412473,1.254193193744868e-09,0,0,1,0.0,0.0,0
574,271760296.4514252,20,0.0,2309592.9538154462,11624763802,192.09047176318833,420.0,20,7.480663857407492e+18,54540119.86401446,125112470365916.47,4916977.214870391,3.7528431757403377e+18,7473428.567412473,1.165062712971121e-09,0,0,1,0.0,0.0,0
575,131277343.19331442,22,0.0,2306268.1408669394,11738486458,193.93176658277804,420.0,22,7.225007345845481e+18,54316880.336666286,125207005183823.38,4716977.214870391,3.6250243734411233e+18,7473428.567412473,6.284608389250934e-10,0,0,1,0.0,0.0,0
576,213698968.04808235,20,0.0,2348332.6305700657,11769787491,204.5761406852912,420.0,20,6.98351537098646e+18,52627652.41243981,118554997032067.66,4516977.214870391,3.503613185196437e+18,7473428.567412473,2.0372681319713593e-10,0,0,1,0.0,0.0,0
577,246239807.51310295,20,0.0,2380569.412767034,11768547680,204.5668899847812,420.0,20,6.885902493239902e+18,51400425.566345915,112584263306990.23,4316977.214870391,3.4542096729506504e+18,7473428.567412473,9.604264050722122e-10,0,0,1,0.0,0.0,0
578,161236884.39121893,20,0.0,2288069.3676922447,11852310798,204.49017016518337,420.0,20,8.161547535187448e+18,54645995.187597975,132307290469425.38,5329933.360122797,4.0940044966406666e+18,7484000.253971751,1.1350493878126144e-09,0,0,1,0.0,0.0,0
579,53815259.536451,19,0.0,2148894.196514251,12043495538,203.98545276095777,420.0,19,9.38589142770895e+18,59304452.35245475,159510919923023.88,6944397.1174236275,4.708896805846778e+18,7484552.480685065,1.1641532182693481e-09,0,0,1,0.0,0.0,0
580,128815259.53645098,20,0.0,2091521.9419514413,12159680278,196.3784882023627,420.0,20,9.232466506647026e+18,60608639.08785802,168484438002676.75,7152084.078495658,4.633081697123781e+18,7484559.4141602125,9.604264050722122e-10,0,0,1,0.0,0.0,0
581,267971463.04609475,21,0.0,2071053.6516029509,12136708815,196.84918807846216,420.0,21,8.903584972756876e+18,60996288.830532275,163404497061344.47,6952084.078495658,4.4681329360845727e+18,7473670.064826256,1.1364136298652738e-09,0,0,1,0.0,0.0,0
582,161525684.4367418,21,0.0,2110685.2934174156,12220183131,196.89633825199888,420.0,21,8.567058614199705e+18,59496870.99266991,158445802330996.06,6752084.078495658,4.299373887332952e+18,7473351.72383907,1.653006620472297e-09,0,0,1,0.0,0.0,0
583,217920356.5913719,22,0.0,2110419.5865352307,12247262773,193.89422944888682,420.0,22,8.396946003375132e+18,59357177.20708897,154071505045506.4,6552084.078495658,4.213880152192116e+18,7473351.72383907,1.673470251262188e-09,0,0,1,0.0,0.0,0
584,300633629.0791374,21,0.0,2157082.7738049617,12191629144,205.07324125800173,420.0,21,8.239553101938158e+18,57877316.35797144,147817948965871.3,6352084.078495658,4.134558345865666e+18,7468721.4982142225,1.7148522601928562e-09,0,0,1,0.0,0.0,0
585,323387395.91439927,22,0.0,2150038.324685217,12113241751,190.89467313152596,420.0,22,8.276131948749157e+18,57816181.754281156,153042824304534.53,6269271.578495658,4.153370256805032e+18,7490537.83426688,2.190972736570984e-09,0,0,1,0.0,0.0,0
586,298382002.200847,21,0.0,2133552.1703140754,12059859747,204.93420854376316,420.0,21,8.776892080755992e+18,58556792.685064234,171130755342107.38,7813164.740342954,4.4055591159122063e+18,7490537.83426688,1.1496013030409813e-09,0,0,1,0.0,0.0,0
587,54051989.512833185,21,0.0,2134731.927982251,12250807759,205.56935989300365,420.0,21,8.550181732802387e+18,58261430.78243192,169669806197899.66,7813164.740342954,4.2920578470209833e+18,7490537.83426688,2.0736479200422764e-09,0,0,1,0.0,0.0,0
588,296189190.21122694,21,0.0,2163957.422579875,12199618569,217.6068592333553,420.0,21,8.301253056417471e+18,57315237.27705986,164959549441026.06,7613164.740342954,4.167122483152838e+18,7490537.83426688,2.0972947822883725e-09,0,0,1,0.0,0.0,0
589,380189720.1913811,22,0.0,2202514.20393972,12064428848,210.02737336704448,420.0,22,8.113762188306397e+18,56006913.33366436,159392365524667.25,7413164.740342954,4.0728203307056655e+18,7480018.644804866,2.2228050511330366e-09,0,0,1,0.0,0.0,0
590,407198394.3698712,20,0.0,2179669.9687454,11902230452,200.05769524778648,420.0,20,8.658748841118899e+18,57332234.85880944,162701322166700.4,7213164.740342954,4.34564455277612e+18,7480018.644804866,2.0877450879197568e-09,0,0,1,0.0,0.0,0
591,237423952.51421878,22,0.0,2159074.469427285,11909806500,193.94747362804176,420.0,22,8.558298557558801e+18,57931512.916412145,168189964423462.9,7013164.740342954,4.295968275221747e+18,7480018.644804866,2.0877450879197568e-09,0,0,1,0.0,0.0,0
592,108103979.02566637,20,0.0,2158429.9715132928,12046702522,204.2954991360466,420.0,20,8.43885702250958e+18,57714336.99498085,170893988987492.5,7411509.233352793,4.2365179101535396e+18,7480018.644804866,2.2823769540991634e-09,0,0,1,0.0,0.0,0
593,160263965.76994258,20,0.0,2160513.8948937906,12131438555,212.73776397512242,420.0,20,8.260348309071782e+18,57398349.71956436,166980439210938.12,7406821.733352793,4.1468721984569846e+18,7480018.644804866,2.0886545826215297e-09,0,0,1,0.0,0.0,0
594,418029733.4471049,21,0.0,2135631.9149841936,11958408823,197.01568093954148,420.0,21,8.303877908082997e+18,58152844.97374179,173929010892189.53,7206821.733352793,4.1693318551307177e+18,7480018.644804866,2.0877450879197568e-09,0,0,1,0.0,0.0,0
595,164890868.01029676,19,0.0,2092546.4035007101,12038517956,212.96100697908182,420.0,20,8.784715890655761e+18,59631885.75136992,180933101136061.78,7813164.740342954,4.410451255441487e+18,7480018.644804866,2.467004378559068e-09,0,0,1,0.0,0.0,0
596,158201371.94198954,21,0.0,2109099.4030192983,12125316582,217.6484329834227,420.0,21,8.396686094053719e+18,58999716.23646806,178559408249889.66,7813164.740342954,4.2161989878518487e+18,7477353.159501803,2.542492438806221e-09,0,0,1,0.0,0.0,0
597,187264840.92662895,19,0.0,2114010.140463329,12183051741,184.36091867662392,420.0,20,8.252764564067023e+18,58573985.00307555,173123618055897.03,7613164.740342954,4.143694643839101e+18,7472564.885208573,1.6407284419983625e-09,0,0,1,0.0,0.0,0
598,253224827.67090517,20,0.0,2147792.6409818376,12174826914,204.57911197837768,420.0,20,8.091169312901553e+18,57196052.33629307,165357572534841.0,7413164.740342954,4.0621204137042606e+18,7472564.885208573,1.3524186215363443e-09,0,0,1,0.0,0.0,0
599,273194253.76534224,22,0.0,2127349.3017142904,12146632659,213.64077999295284,420.0,22,8.264094280116284e+18,57806487.777111344,163098629674715.84,7213164.740342954,4.148357003025614e+18,7471991.11209698,2.205524651799351e-09,0,0,1,0.0,0.0,0
