t,secure_bps,violations,k_min,k_mean,q_total,aos_mean,aos_max,rekey,q_sumsq,z_l1,z_sumsq,z_max,lyapunov,key_inflow,key_overflow,cg_iters,cg_columns,cg_converged,obj_lp,obj_greedy,key_blocked_edges
0,245000000.0,0,2109375.0,2425672.7430555555,0,0.8678816811621574,0.9476988686844755,0,0.0,571875.0,109013671875.0,190625.0,10901367187500.0,7200000.0,0.0,1,5,1,1.5601026095561774e+16,1.5601026095561776e+16,0
1,245000000.0,0,1796875.0,2351345.486111111,0,1.9210137071769111,2.1124243899047483,0,0.0,728125.0,192998046875.0,346875.0,19299804687500.0,7200000.0,0.0,1,6,1,1.5589178731719426e+16,1.5589178731719424e+16,0
2,245000000.0,0,1718750.0,2281358.5069444445,0,2.994112692211281,3.1629597325192615,0,0.0,718750.0,130585937500.0,190625.0,13058593750000.0,7200000.0,0.0,1,7,1,1.5593434543936038e+16,1.5593434543936034e+16,0
3,245000000.0,0,1718750.0,2200520.8333333335,0,4.023049426344968,4.162959732519262,0,0.0,762500.0,145351562500.0,190625.0,14535156250000.0,7200000.0,0.0,1,8,1,1.5575474641472196e+16,1.5575474641472196e+16,0
4,245000000.0,0,1328125.0,2132575.630571016,0,4.567215740681314,5.504749365183861,0,0.0,571875.0,109013671875.0,190625.0,10901367187500.0,7273503.950556569,2.0372681319713593e-10,1,8,1,1.5588029237986212e+16,1.5588029237986212e+16,0
5,245000000.0,0,1328125.0,2092408.205586476,0,5.446862497716831,6.504749365183861,0,0.0,571875.0,109013671875.0,190625.0,10901367187500.0,7273503.950556569,2.0372681319713593e-10,1,8,1,1.5576857922148894e+16,1.5576857922148892e+16,0
6,245000000.0,0,1337500.0,2074463.0028241584,0,6.3297057442982565,7.494209936496078,0,0.0,571875.0,109013671875.0,190625.0,10901367187500.0,7273503.950556569,2.0372681319713593e-10,1,8,1,1.5582263325431902e+16,1.5582263325431902e+16,0
7,245000000.0,0,1337500.0,2059773.0083951743,0,7.04776842167404,8.494209936496077,0,0.0,571875.0,109013671875.0,190625.0,10901367187500.0,7273503.950556569,2.0372681319713593e-10,1,9,1,1.5571271905609498e+16,1.55712719056095e+16,0
8,245000000.0,0,1346875.0,2053351.243140366,0,7.70816815265224,9.483817119540017,0,0.0,571875.0,109013671875.0,190625.0,10901367187500.0,7273503.950826894,1.382431946694851e-10,1,10,1,1.557692373473244e+16,1.557692373473244e+16,0
9,245000000.0,0,1346875.0,2046929.477885557,0,8.525511500466335,10.483817119540017,0,0.0,571875.0,109013671875.0,190625.0,10901367187500.0,7273503.950826894,1.382431946694851e-10,1,10,1,1.5566093457525688e+16,1.5566093457525688e+16,0
10,245000000.0,0,1356250.0,2040920.2529809054,0,7.537865991654311,11.473567876220299,0,0.0,568162.1368485927,107611928151.307,190625.0,10761192815130.701,7288355.403432524,3.67435859516263e-10,1,10,1,1.5578071941578746e+16,1.5578071941578748e+16,0
11,245000000.0,0,1356250.0,2034911.028076253,0,8.176578327396914,12.473567876220299,0,0.0,568162.1368485927,107611928151.307,190625.0,10761192815130.701,7288355.403432524,3.67435859516263e-10,1,10,1,1.5567862766408206e+16,1.5567862766408206e+16,0
12,245000000.0,0,1365625.0,2018051.1087271562,0,7.159271417449922,13.463459251806457,0,0.0,722035.1614351457,130613481998.32568,190625.0,13061348199832.568,7288355.403432524,4.3655745685100555e-10,1,11,1,1.5574763182493144e+16,1.5574763182493142e+16,0
13,245000000.0,0,1365625.0,2017625.4131441596,0,7.10893495801825,14.463459251806457,0,0.0,568162.1368485927,107611928151.307,190625.0,10761192815130.701,7289362.4590121135,6.11123596172547e-10,1,11,1,1.5568545255383346e+16,1.5568545255383346e+16,0
14,245000000.0,0,1375000.0,2006349.023116718,0,5.862777888293444,15.453488372093023,0,0.0,722035.1614351457,130613481998.32568,190625.0,13061348199832.568,7289362.4590121135,6.11123596172547e-10,1,11,1,1.5576741612949892e+16,1.5576741612949892e+16,0
15,245000000.0,0,1375000.0,2009730.4244502534,0,8.04175560867071,16.453488372093023,0,0.0,568162.1368485927,107611928151.307,190625.0,10761192815130.701,7289362.4590121135,9.130758371611591e-10,1,11,1,1.5565378002292548e+16,1.5565378002292548e+16,0
16,245000000.0,0,1384375.0,2009393.1570544813,0,6.54780696811109,17.443652440674907,0,0.0,722035.1614351457,130613481998.32568,190625.0,13061348199832.568,7289362.4590121135,6.802451935072895e-10,1,11,1,1.5574538570005264e+16,1.5574538570005268e+16,0
17,245000000.0,0,1384375.0,2025634.128138151,0,8.940194315245575,18.443652440674907,0,0.0,568162.1368485927,107611928151.307,190625.0,10761192815130.701,7289362.4590121135,6.802451935072895e-10,1,11,1,1.5562261528225084e+16,1.5562261528225082e+16,0
18,245000000.0,0,1393750.0,2040566.2878259479,0,7.1799177595047325,19.433948736332677,0,0.0,722035.1614351457,130613481998.32568,190625.0,13061348199832.568,7289362.4590121135,6.802451935072895e-10,1,11,1,1.5572468445398932e+16,1.557246844539893e+16,0
19,245000000.0,0,1393750.0,2065335.5310971555,0,9.792356653580285,20.433948736332677,0,0.0,568162.1368485927,107611928151.307,190625.0,10761192815130.701,7289362.4590121135,8.548113328288309e-10,1,11,1,1.5559200626437214e+16,1.5559200626437214e+16,0
20,245000000.0,0,1403125.0,2076281.3632919362,0,7.790349638045222,21.424374610522566,0,0.0,722035.1614351457,130613481998.32568,190625.0,13061348199832.568,7289362.4590121135,1.0876419764827006e-09,1,11,1,1.5570425761355442e+16,1.557042576135544e+16,0
21,245000000.0,0,1403125.0,2098077.8899311614,0,10.650334459511297,22.424374610522566,0,0.0,568162.1368485927,107611928151.307,190625.0,10761192815130.701,7289362.4590121135,7.856897354940884e-10,1,11,1,1.5556131927689808e+16,1.5556131927689808e+16,0
22,245000000.0,0,1412500.0,2109023.7221259424,0,8.409098483187305,23.414927484966395,0,0.0,722035.1614351457,130613481998.32568,190625.0,13061348199832.568,7289362.4590121135,7.856897354940884e-10,1,11,1,1.5568370703697594e+16,1.5568370703697594e+16,0
23,245000000.0,0,1412500.0,2130820.2487651682,0,11.515861540328194,24.414927484966395,0,0.0,568162.1368485927,107611928151.307,190625.0,10761192815130.701,7289362.4590121135,9.602558748156298e-10,1,11,1,1.555305325354869e+16,1.5553053253548692e+16,0
24,245000000.0,0,1421875.0,2141766.080959949,0,9.034156909608905,25.40560484933673,0,0.0,722035.1614351457,130613481998.32568,190625.0,13061348199832.568,7289362.4590121135,9.602558748156298e-10,1,11,1,1.5566305942063796e+16,1.5566305942063796e+16,0
25,245000000.0,0,1421875.0,2163753.9997600447,0,12.386960866503445,26.40560484933673,0,0.0,566441.8820081918,106971814411.73602,190625.0,10697181441173.602,7296252.576803465,5.921947376918979e-10,1,11,1,1.5549967335539914e+16,1.5549967335539914e+16,0
26,245000000.0,0,1431250.0,2174891.224115697,0,9.663797562037786,27.39640425903299,0,0.0,720314.9065947449,129973368258.7547,190625.0,12997336825875.47,7296252.576803465,5.921947376918979e-10,1,11,1,1.5564234457090902e+16,1.5564234457090906e+16,0
27,245000000.0,0,1328130.13085576,2186029.018566433,0,5.503660025721143,28.39640425903299,0,0.0,913306.6202966716,227288564419.4453,346869.8691442399,22728856441944.53,7296273.100226506,5.921947376918979e-10,1,12,1,1.5562009827859026e+16,1.5562009827859026e+16,0
28,245000000.0,0,1440625.0,2197798.762739947,0,7.4443067293196625,29.387323333044307,0,0.0,867179.6448832054,151542619611.29172,190625.0,15154261961129.172,7296273.100226545,7.777316568535753e-10,1,12,1,1.5566354895497882e+16,1.5566354895497882e+16,0
29,245000000.0,0,1440625.0,2219787.2516351286,0,8.860225553460916,30.387323333044307,0,0.0,669551.4894409117,117603405556.66562,190625.0,11760340555666.562,7296273.100226545,7.04972080711741e-10,1,12,1,1.554865719672292e+16,1.5548657196722916e+16,0
30,245000000.0,0,1450000.0,2230925.046085866,0,5.940834959451819,31.378359751895246,0,0.0,779669.3831716854,133496322148.4729,190625.0,13349632214847.29,7296273.100226545,7.04972080711741e-10,1,12,1,1.5566587000247378e+16,1.5566587000247376e+16,0
31,245000000.0,0,1116525.844298747,2242062.8405366037,0,6.1519919541660295,32.378359751895246,0,0.0,972661.0968736315,271988077355.91998,406224.34572119976,27198807735592.0,7296273.100226545,7.04972080711741e-10,1,12,1,1.555251078872477e+16,1.5552510788724766e+16,0
32,245000000.0,0,1316530.975154507,2254415.9127651188,0,8.316199657993751,33.36951125567063,0,0.0,926534.1214601652,172499732838.46643,206219.21486543972,17249973283846.643,7296273.100226545,8.650431482237764e-10,1,12,1,1.5562680271763838e+16,1.5562680271763838e+16,0
33,245000000.0,0,1459375.0,2277619.6794382283,0,11.923948077296089,34.36951125567063,0,0.0,728905.9660165173,190994804251.31378,346875.0,19099480425131.38,7296273.100231961,9.378027243656106e-10,1,12,1,1.5542479077018516e+16,1.5542479077018518e+16,0
34,245000000.0,0,1468750.0,2294313.0294446717,0,6.556961381666812,35.360775642116,0,0.0,867189.9065933714,151545633883.24646,190625.0,15154563388324.646,7296273.100231961,1.0251142157358117e-09,1,12,1,1.5566731836836056e+16,1.5566731836836056e+16,0
35,245000000.0,0,1468750.0,2310250.273360609,0,6.736152135188835,36.360775642116,0,0.0,913306.6202953175,227288564418.94373,346869.8691442399,22728856441894.37,7296273.100231961,1.1706333680194803e-09,1,12,1,1.5556231984689116e+16,1.5556231984689116e+16,0
36,245000000.0,0,1478125.0,2321767.609742224,0,9.212792416411641,37.352150764810276,0,0.0,867179.6448818513,151542619610.79016,190625.0,15154261961079.016,7296273.100231961,1.0251142157358117e-09,1,12,1,1.5558954377230434e+16,1.5558954377230432e+16,0
37,245000000.0,0,1478125.0,2348406.4048072603,0,10.941841215439172,38.352150764810276,0,0.0,669551.4894395574,117603405556.16405,190625.0,11760340555616.404,7296360.292085088,1.3263843356980942e-09,1,12,1,1.5538871935270202e+16,1.5538871935270202e+16,0
38,245000000.0,0,1487500.0,2363992.085607744,0,7.1863372213265,39.34363453140746,0,0.0,779669.3831703312,133496322147.97134,190625.0,13349632214797.135,7296360.292085088,1.1808651834144257e-09,1,12,1,1.5560796042938482e+16,1.5560796042938482e+16,0
39,245000000.0,0,1487500.0,2378749.777378361,0,7.353681330826046,40.34363453140746,0,0.0,972661.0968722773,271988077355.41843,406224.34572119976,27198807735541.844,7296360.292085088,1.3263843356980942e-09,1,12,1,1.5546882464326776e+16,1.5546882464326776e+16,0
40,245000000.0,0,1406321.831980641,2389037.233167029,0,10.107790064484032,41.33522490194442,0,0.0,926534.1214588111,172499732837.96487,206219.21486543972,17249973283796.488,7296360.292085088,1.1808651834144257e-09,1,12,1,1.5555235335514248e+16,1.5555235335514244e+16,0
41,245000000.0,0,1454449.279476402,2415726.7659316626,0,11.996772453744814,42.33522490194442,0,0.0,728905.9660165173,133366393004.33871,190625.0,13336639300433.871,7296360.292085088,1.1808651834144257e-09,1,12,1,1.5532106084041334e+16,1.5532106084041334e+16,0
42,245000000.0,0,1454454.4103321622,2430107.4345121756,0,4.322936428337722,43.32691988721181,0,0.0,839023.8597472911,144065183817.14597,190625.0,14406518381714.596,7296360.292085088,1.180865186035532e-09,1,12,1,1.5566520631727746e+16,1.5566520631727742e+16,0
43,245000000.0,0,1454459.5411879222,2444370.7123281863,0,4.401857584571814,44.32691988721181,0,0.0,1032015.5734492372,323733498071.3429,465578.8222981596,32373349807134.29,7296360.292085088,1.180865186035532e-09,1,12,1,1.554824535351611e+16,1.5548245353516108e+16,0
44,245000000.0,0,1298214.6720436823,2441159.4012940675,0,3.631423684129238,45.318717547185365,0,0.0,1298388.598035771,356986511527.8811,328499.0122932669,35698651152788.11,7296360.292085088,1.180865186035532e-09,1,13,1,1.5563932109701724e+16,1.5563932109701726e+16,0
45,245000000.0,0,1498219.8028994424,2471605.7562233415,0,8.96070492883388,46.318717547185365,0,0.0,1008506.4917665445,180429449320.13574,221818.56058663948,18042944932013.574,7296360.292085088,1.3263843383192005e-09,1,13,1,1.5536598515644622e+16,1.5536598515644622e+16,0
46,245000000.0,0,1525000.0,2486415.662695043,0,4.639172464364559,47.31061598951507,0,0.0,1118624.3854973183,261808443217.0533,282372.03687980067,26180844321705.332,7296360.292085088,1.180865186035532e-09,1,13,1,1.5545487556671984e+16,1.5545487556671984e+16,0
47,245000000.0,0,1525000.0,2500208.2002931777,0,4.705983293951434,48.31061598951507,0,0.0,1219362.148372332,390715815186.24036,524933.2988751193,39071581518624.04,7296360.292085088,1.180865186035532e-09,1,13,1,1.5539839508231308e+16,1.5539839508231306e+16,0
48,245000000.0,0,1373515.4421346942,2509600.3975598565,0,8.208020382002061,49.30261336806969,0,0.0,1173235.1729588658,287835696293.11566,324928.16801935923,28783569629311.566,7296360.292085088,1.8475736522481718e-09,1,13,1,1.5549769127984848e+16,1.5549769127984848e+16,0
49,245000000.0,0,1417270.5729904543,2535303.060513235,0,13.035996768495403,50.30261336806969,0,0.0,883353.0666896394,207200562219.46454,346875.0,20720056221946.453,7296360.292085088,1.8475736522481718e-09,1,13,1,1.553188277544058e+16,1.553188277544058e+16,0
50,245000000.0,0,1543750.0,2554402.7152970904,0,4.944077382673492,51.29470788153423,0,0.0,984095.9604204132,171084191714.4442,190625.0,17108419171444.422,7296360.292085088,1.8475736522481718e-09,1,13,1,1.5561008246290804e+16,1.5561008246290802e+16,0
51,245000000.0,0,1543750.0,2570648.7115167603,0,5.007822156439832,52.29470788153423,0,0.0,994474.5266031567,290186195512.7661,428037.7754520791,29018619551276.61,7296360.292085088,1.8475736522481718e-09,1,13,1,1.5548529889526358e+16,1.5548529889526362e+16,0
52,245000000.0,0,1553125.0,2566515.6640182296,0,4.094019376250042,53.28689777205823,0,0.0,1260847.5511896904,338456012943.1294,328499.0122932669,33845601294312.938,7296360.292085088,1.8475736522481718e-09,1,13,1,1.5560043188518624e+16,1.5560043188518624e+16,0
53,245000000.0,0,1560600.6937674272,2584783.550347861,0,0.7585959704736718,1.280737135928722,0,0.0,1354109.6202972769,458942697440.6606,574902.513740559,45894269744066.055,7326263.067154797,2.3205108971700953e-09,1,13,1,1.55579585592205e+16,1.5557958559220502e+16,0
54,245000000.0,0,1577451.3875348545,2596884.7297388185,0,4.917711972080343,54.53948344460179,0,0.0,1307982.6448838108,367855683651.8737,374897.3828847989,36785568365187.375,7326263.067154797,2.2477513210282603e-09,1,13,1,1.556549984799726e+16,1.5565499847997258e+16,0
55,245000000.0,0,1584927.0813022817,2621411.72264071,0,9.880570715669142,55.59517166982852,0,0.0,1018100.5386145842,226940255599.01938,346875.0,22694025559901.938,7326263.067154797,2.2477513210282603e-09,1,13,1,1.5552360553773294e+16,1.5552360553773294e+16,0
56,245000000.0,0,1601777.775069709,2639308.891085315,0,0.7535403390433489,1.2478336242920607,0,0.0,1118843.4323453582,218232369843.78665,236245.06146633445,21823236984378.664,7326263.067154797,2.7134126083360003e-09,1,13,1,1.5577297342469014e+16,1.5577297342469014e+16,0
57,245000000.0,0,1609253.4688371362,2657090.6319989883,0,0.7285581740319388,1.242040485368011,0,0.0,1072706.1952203717,333304926433.73895,478006.99031751876,33330492643373.895,7326263.067154797,2.7134126083360003e-09,1,13,1,1.5568652134907456e+16,1.5568652134907456e+16,0
58,245000000.0,0,1626104.1626045634,2652746.898888193,0,0.8254559085517493,1.2291776064284226,0,0.0,1339079.2198069056,385066437470.7569,346368.0860528682,38506643747075.69,7326263.067154797,2.7134126083360003e-09,1,13,1,1.5582195370156672e+16,1.5582195370156674e+16,0
59,245000000.0,0,1633579.8563719906,2670309.1992402826,0,0.7312683788391707,1.2235560056631756,0,0.0,1439816.9826819191,527404267736.4167,624871.7286059987,52740426773641.67,7326263.067154797,2.032883197734406e-09,1,13,1,1.5552577548862524e+16,1.5552577548862526e+16,0
60,245000000.0,0,1650430.5501394179,2680813.030252157,0,5.336352989550101,60.47572324800048,0,0.0,1393690.007268453,428640776454.5335,424866.5977502386,42864077645453.35,7326263.067154797,1.8873640454507374e-09,1,13,1,1.5561615576957682e+16,1.5561615576957684e+16,0
61,245000000.0,0,1657906.243906845,2704680.6922572562,0,10.827780241289654,61.51850411562642,0,0.0,1103807.9009992266,252128443159.20578,346875.0,25212844315920.58,7326263.067154797,1.8873640454507374e-09,1,13,1,1.5548300167964626e+16,1.5548300167964628e+16,0
62,245000000.0,0,1674756.9376742723,2721940.5075016296,0,0.7333113258875047,1.193490508698555,0,0.0,1204550.7947300004,251359459556.32675,254114.13522593578,25135945955632.676,7326263.067154797,1.8873640454507374e-09,1,13,1,1.5572996431993264e+16,1.557299643199326e+16,0
63,245000000.0,0,1679687.5,2739106.1403217446,0,0.7045198878084822,1.1881898928533645,0,0.0,1158413.5576050142,385488939662.8803,527976.2051829584,38548893966288.03,7326263.067154797,2.3530253327584775e-09,1,13,1,1.5563261400526094e+16,1.5563261400526092e+16,0
64,245000000.0,0,1679687.5,2733264.36516054,0,0.9440020387730594,1.7671528015463975,0,0.0,1424774.210644704,440732759979.7686,364228.40861116763,44073275997976.86,7326277.548536965,1.0950316235557118e-09,1,13,1,1.5577990802767348e+16,1.5577990802767346e+16,0
65,245000000.0,0,1679687.5,2761119.7076653983,0,6.57503793139949,65.46875457768142,0,0.0,1134666.555251869,227381743994.69638,284013.0276061933,22738174399469.637,7327130.2588440245,1.552308506581482e-09,1,13,1,1.554745817007588e+16,1.5547458170075882e+16,0
66,245000000.0,0,1679687.5,2773915.400892838,0,0.7260463578051998,1.1598171740853185,0,0.0,1244558.8998590338,327818406093.979,318083.93079509755,32781840609397.9,7327130.2588440245,1.327123302764391e-09,1,13,1,1.5561164976704224e+16,1.5561164976704224e+16,0
67,245000000.0,0,1679687.5,2785197.179948847,0,0.6913626854612764,1.1548108162818134,0,0.0,1344863.0668894334,468206807971.31244,586711.6724526632,46820680797131.24,7327130.2588440245,1.3816929848707666e-09,1,13,1,1.5556858597098114e+16,1.5556858597098112e+16,0
68,245000000.0,0,1679687.5,2792059.183707031,0,5.911628612879381,68.42459464480004,0,0.0,1298718.5890733635,365122920249.1072,386498.4948758981,36512292024910.72,7327130.2588440245,1.327123302764391e-09,1,13,1,1.5564550359638224e+16,1.5564550359638224e+16,0
69,245000000.0,0,1679687.5,2820285.5353762936,0,6.925455199269217,69.44250235079375,0,0.0,1005561.1826640848,226922243958.6609,342535.31729913305,22692224395866.09,7384731.328528455,2.0292532125330916e-09,1,13,1,1.5543669945311104e+16,1.5543669945311106e+16,0
70,245000000.0,0,1679687.5,2813710.072932765,0,0.8231571547339794,1.1629597325192615,0,0.0,1268653.7762075283,375370052828.13574,378995.22414651397,37537005282813.58,7387189.835354164,1.893852188806647e-09,1,13,1,1.5574752756375516e+16,1.5574752756375518e+16,0
71,245000000.0,0,1679687.5,2826197.868834775,0,0.6690282366328765,1.1232558900949825,0,0.0,1365908.1921269293,393818141224.8758,488983.96205104736,39381814122487.58,7387189.835354164,1.4442775890365163e-09,1,13,1,1.5567617280255094e+16,1.5567617280255094e+16,0
72,245000000.0,0,1679687.5,2832450.1416806523,0,6.209026963375414,72.40294147275108,0,0.0,1316713.963294416,368765660493.50543,329800.99531400047,36876566049350.55,7387189.835354164,1.893852188806647e-09,1,13,1,1.5554494615641178e+16,1.555449461564118e+16,0
73,245000000.0,0,1679687.5,2848506.4990152624,0,0.6755650653438773,1.1130537361373918,0,0.0,1413968.3792138167,532023192614.8735,635432.6068029617,53202319261487.34,7387189.835354164,1.8881110035017053e-09,1,13,1,1.5551580023138044e+16,1.5551580023138042e+16,0
74,245000000.0,0,1562500.0,2842794.8746011266,0,0.839355107380287,1.2791813239526704,0,0.0,1677274.1503813032,638943321910.852,436856.76648148696,63894332191085.2,7387189.835354164,1.893852188806647e-09,1,13,1,1.5562053670750252e+16,1.5562053670750252e+16,0
75,245000000.0,0,1562500.0,2869527.50163228,0,7.449016578592661,75.38663219196289,0,0.0,1384116.7439247468,351391180118.9078,391256.251554876,35139118011890.777,7387189.835354164,1.9375079344917474e-09,1,13,1,1.5539217441464186e+16,1.5539217441464188e+16,0
76,245000000.0,0,1562500.0,2892554.0072644046,0,7.567767808813085,76.74804308224496,0,0.0,906259.2621702435,224790071360.0343,347293.07393083314,22479007136003.43,7400668.019051151,1.5227783504832921e-09,1,13,1,1.5548257394152192e+16,1.5548257394152192e+16,0
77,245000000.0,0,1153777.6663829412,2865865.421918356,0,0.928908806423865,1.7319351232904523,0,0.0,1855773.9559490262,541794830547.3899,366298.6124651456,54179483054738.99,7470116.586255249,2.0575612325046677e-09,1,14,1,1.5562224454645918e+16,1.5562224454645922e+16,0
78,245000000.0,0,1367521.7234573113,2862293.866180643,0,0.5957930670331762,1.0492736935336457,0,0.0,2158537.278336339,604934542978.3606,493741.71868274745,60493454297836.06,7470116.586255249,2.23008100874722e-09,1,15,1,1.5563288703813166e+16,1.5563288703813162e+16,0
79,245000000.0,0,1311771.446025101,2858811.6682927143,0,0.9547598740708989,1.5234944407541287,0,0.0,2115313.6684390595,724227744907.7891,423912.5189784897,72422774490778.9,7488593.03776248,2.053923253697576e-09,1,16,1,1.5531777669275934e+16,1.5531777669275936e+16,0
80,245000000.0,0,1234072.3376060594,2889304.32152124,0,0.7834659327849504,1.6193383489396256,0,0.0,2078737.5972862684,700713566539.5979,640190.3634346618,70071356653959.79,7488593.03776248,1.9936123862862587e-09,1,16,1,1.5545803537008076e+16,1.5545803537008074e+16,0
81,245000000.0,0,1290716.250090053,2906402.5944392136,0,6.990182069761261,81.85296939972278,0,0.0,1940670.2118420468,697294550847.3896,439977.1858106189,69729455084738.97,7488593.03776248,2.053923253697576e-09,1,17,1,1.5521779769241678e+16,1.5521779769241678e+16,0
82,245000000.0,0,1304460.3071644232,2937489.0726482663,0,8.049708979960547,82.3408165913612,0,0.0,1596206.0900158181,381265062987.3239,396014.0081865761,38126506298732.39,7488593.03776248,2.0211814444337506e-09,1,17,1,1.552810637146868e+16,1.5528106371468678e+16,0
83,245000000.0,0,1318204.3642387933,2958964.675973781,0,0.6951264261649303,1.1521590118718803,0,0.0,1676068.3557244434,519439870256.17224,352050.8305625332,51943987025617.23,7488593.03776248,2.48684273174149e-09,1,17,1,1.5538001419917316e+16,1.5538001419917314e+16,0
84,245000000.0,0,1331948.4213131634,2972769.8326215404,0,0.6355568877390606,1.1536830448676034,0,0.0,1722016.0562741717,665210230338.6998,698712.6529384904,66521023033869.984,7488593.03776248,1.9975345821876545e-09,1,17,1,1.5538799732908044e+16,1.5538799732908044e+16,0
85,245000000.0,0,1345692.4783875335,2961963.356605399,0,0.8061036385155862,1.2978344438794387,0,0.0,1958341.49960684,760022261320.3209,498499.47531444754,76002226132032.1,7488593.03776248,1.9975345821876545e-09,1,17,1,1.555033099799088e+16,1.5550330997990882e+16,0
86,245000000.0,0,1359436.5354619035,2994962.544331992,0,8.40252286218258,86.34027297881384,0,0.0,1613877.377780611,421034972703.89966,454536.2976904047,42103497270389.97,7488593.03776248,2.183071501349332e-09,1,17,1,1.5527470774926442e+16,1.5527470774926442e+16,0
87,245000000.0,0,1373180.5925362736,3008750.7345249075,0,0.6871841394377114,1.1207468681319723,0,0.0,1655727.3519566366,555935088794.548,410573.12006636185,55593508879454.8,7564617.6208276795,2.2776589503337163e-09,1,17,1,1.553622355166915e+16,1.553622355166915e+16,0
88,245000000.0,0,1386924.6496106437,3016739.6780301183,0,0.627212746566389,1.1939898578572692,0,0.0,1663662.760973765,715796044859.2423,757234.942442319,71579604485924.23,7564617.6208276795,2.0448283066798467e-09,1,17,1,1.5537075469382406e+16,1.5537075469382402e+16,0
89,245000000.0,0,1400668.7066850138,3007320.950235183,0,0.7938684922017041,1.2652102105574023,0,0.0,1903013.030004358,821068255019.155,557021.7648182762,82106825501915.5,7564617.6208276795,2.17943352254224e-09,1,17,1,1.5550598859054408e+16,1.5550598859054408e+16,0
90,245000000.0,0,1414412.763759384,3037738.9336414086,0,15.520371091551135,90.3489939169166,0,0.0,1532816.73362184,417974950187.46014,356808.5871942333,41797495018746.016,7564617.6208276795,2.2776589503337163e-09,1,17,1,1.5528423296545054e+16,1.5528423296545054e+16,0
91,245000000.0,0,1428156.820833754,3051148.356420429,0,0.6721599143919229,1.091002089754355,0,0.0,1623545.2353167902,506785136176.68494,400812.5948924487,50678513617668.49,7564617.6208276795,2.4122641661961097e-09,1,17,1,1.554432750047748e+16,1.5544327500477482e+16,0
92,245000000.0,0,1441900.8779081241,3060293.2359746858,0,0.6049745193374981,1.1281691445907582,0,0.0,1554320.9658991059,595404059160.7048,659507.2319461476,59540405916070.484,7564617.6208276795,2.2500898921862245e-09,1,17,1,1.5549178699372922e+16,1.5549178699372924e+16,0
93,245000000.0,0,1455644.9349824942,3069279.667604851,0,7.76537046521183,93.32391239985824,0,0.0,1498387.645218099,509995823200.1406,459294.0543221048,50999582320014.06,7564617.6208276795,2.17943352254224e-09,1,17,1,1.5547574716190952e+16,1.5547574716190954e+16,0
94,245000000.0,0,1469388.9920568643,3088122.632034408,0,0.6131467046063526,1.2297588078464607,0,0.0,1588902.9692890064,776556079974.8074,805955.8766980619,77655607997480.73,7564617.6208276795,2.17943352254224e-09,1,17,1,1.5533139865189012e+16,1.5533139865189012e+16,0
95,245000000.0,0,1483133.0491312344,3079468.773431207,0,0.7620240380550987,1.1590899172088223,0,0.0,1833308.9721407082,820590478972.849,605742.6990740191,82059047897284.9,7613260.326696845,2.1248638404358644e-09,1,17,1,1.555973709845526e+16,1.555973709845526e+16,0
96,245000000.0,0,1496877.1062056045,3099146.486510779,0,16.497782165804637,96.34319245680341,0,0.0,1524140.2513782915,436967694130.5374,405529.52144997625,43696769413053.74,7639399.784076545,2.1248638404358644e-09,1,17,1,1.5524295835443264e+16,1.5524295835443264e+16,0
97,245000000.0,0,1510621.1632799746,3119527.876172296,0,0.6517317693253838,1.0492319462088502,0,0.0,1607217.7599017385,501332713222.97723,382699.77815123484,50133271322297.73,7643752.337969786,2.4049882085819263e-09,1,17,1,1.554611577960453e+16,1.554611577960453e+16,0
98,245000000.0,0,1524365.2203543447,3132322.3695803587,0,0.5894134508046042,1.160050496100644,0,0.0,1543207.0908011429,642375467216.5736,708228.1662018906,64237546721657.36,7643752.337969786,2.499575657566311e-09,1,17,1,1.5543907486708804e+16,1.5543907486708806e+16,0
99,245000000.0,0,1538109.2774287148,3129719.603079907,0,0.760155925883931,1.1989882221185097,0,0.0,1792122.776948633,766135864131.9506,508014.9885778477,76613586413195.06,7643752.337969786,2.6050770429719705e-09,1,17,1,1.555232228454526e+16,1.5552322284545262e+16,0
100,245000000.0,0,1551853.334503085,3148584.9975386923,0,0.5983734421914999,1.2677370389402112,0,0.0,1874987.1078480373,946107956453.4755,854676.8109538049,94610795645347.55,7643752.337969786,2.7324063012201805e-09,1,17,1,1.552786809434221e+16,1.552786809434221e+16,0
101,245000000.0,0,1565597.391577455,3147828.888076519,0,8.356413164531865,101.31890887684469,0,0.0,1811402.7939955269,823562065293.1249,654463.633329762,82356206529312.48,7643752.337969786,2.6050770429719705e-09,1,17,1,1.553500590185649e+16,1.5535005901856488e+16,0
102,245000000.0,0,1579341.448651825,3167645.840587865,0,17.4778562416241,102.34937494732704,0,0.0,1503855.3025189743,450988542867.8244,454250.4557057192,45098854286782.44,7643752.337969786,2.7324063012201805e-09,1,17,1,1.5520161638428748e+16,1.5520161638428746e+16,0
103,245000000.0,0,1593085.5057261952,3187837.7446593624,0,0.6324483062710082,1.0105422893499403,0,0.0,1586932.8110424213,488501976424.71234,410287.27808167634,48850197642471.234,7643752.337969786,2.6050770429719705e-09,1,17,1,1.555005847609337e+16,1.555005847609337e+16,0
104,245000000.0,0,1606829.5628005653,3201253.1808741256,0,0.5762465440518244,1.1937861427700889,0,0.0,1503186.1485977648,687896984422.7468,756949.1004576335,68789698442274.68,7721076.84820129,1.546425210108282e-09,1,17,1,1.5538631534760678e+16,1.5538631534760676e+16,0
105,245000000.0,0,1620573.6198749354,3200610.007406925,0,0.7296992039479854,1.1100455091836177,0,0.0,1751292.1031728853,746785331979.1604,556735.9228335907,74678533197916.05,7721076.84820129,2.0120864974160213e-09,1,17,1,1.55600774137312e+16,1.55600774137312e+16,0
106,245000000.0,0,1527893.3016365352,3213387.09381421,0,0.585786499523709,1.3081357592836529,0,0.0,1833346.70249992,992270956257.3176,903397.7452095478,99227095625731.77,7721076.84820129,2.0120864974160213e-09,1,17,1,1.5522592279328732e+16,1.5522592279328734e+16,0
107,245000000.0,0,1648061.7340236756,3201581.351564908,0,0.7472204348936229,1.183793368585945,0,0.0,2081452.6570750405,1109859889863.0518,703184.567585505,110985988986305.17,7721076.84820129,2.0120864974160213e-09,1,17,1,1.5539934405752732e+16,1.5539934405752732e+16,0
108,245000000.0,0,1661805.7910980457,3235844.9096538513,0,18.456774213191192,108.34265907383252,0,0.0,1773095.434026118,608157784883.9775,502971.3899614621,60815778488397.75,7721076.84820129,2.0120864974160213e-09,1,17,1,1.551603639953543e+16,1.5516036399535428e+16,0
109,245000000.0,0,1675549.8481724157,3253194.2769797025,0,0.624849377860318,1.0347670246748275,0,0.0,1855363.2109771958,718938320821.8892,467514.70031906606,71893832082188.92,7721076.84820129,2.0120864974160213e-09,1,17,1,1.5529858165684124e+16,1.5529858165684122e+16,0
110,245000000.0,0,1625621.012132707,3262445.6061995085,0,0.5641044760320251,1.2295427054503283,0,0.0,1790542.8103042305,850103363666.4062,805670.0347133764,85010336366640.62,7721076.84820129,1.5391492524940986e-09,1,17,1,1.553335608177385e+16,1.5533356081773848e+16,0
111,245000000.0,0,1679687.5,3273949.709107448,0,9.091899394474247,111.31978468388748,0,0.0,1726148.764879351,741128056775.9729,605456.8570893336,74112805677597.3,7721076.84820129,1.5391492524940986e-09,1,17,1,1.553442750146617e+16,1.553442750146617e+16,0
112,245000000.0,0,1479172.3673807927,3296057.3790490283,0,0.5752409640916242,1.3511939852917652,0,0.0,1808203.3642063858,1054002707554.4153,952118.6794652907,105400270755441.53,7721076.84820129,1.5391492524940986e-09,1,17,1,1.5517312196270012e+16,1.5517312196270012e+16,0
113,245000000.0,0,1679385.5450048356,3289672.189292862,0,0.709854677925499,1.0647303657466047,0,0.0,2056309.3187815063,1104903097717.4438,751905.5018412479,110490309771744.39,7721076.84820129,1.5391492524940986e-09,1,17,1,1.5548152910368714e+16,1.5548152910368712e+16,0
114,245000000.0,0,1679687.5,3310214.6754304115,0,19.43890658690859,114.33856224526926,0,0.0,1747952.0957325837,617301497396.4363,551692.324217205,61730149739643.625,7721076.84820129,1.5391492524940986e-09,1,17,1,1.5511901545028108e+16,1.5511901545028106e+16,0
115,245000000.0,0,1679687.5,3326706.9182068896,0,0.6067898780083428,1.039197543990227,0,0.0,1830219.8726836615,699701367018.2112,507729.1465931622,69970136701821.12,7721076.84820129,1.5391492524940986e-09,1,17,1,1.5534180650905488e+16,1.5534180650905486e+16,0
116,245000000.0,0,1576900.0778769641,3336929.985417829,0,0.5536358358972188,1.267507384048655,0,0.0,1765399.4720106963,898255436363.0137,854390.9689691194,89825543636301.38,7721076.84820129,1.5391492524940986e-09,1,17,1,1.5528073811306192e+16,1.5528073811306192e+16,0
117,245000000.0,0,1679687.5,3336024.454964624,0,0.7077976914667645,1.0720746040549978,0,0.0,2013505.4265858168,1023370120338.7415,654177.7913450765,102337012033874.14,7721076.84820129,1.5391492524940986e-09,1,17,1,1.5542166349928508e+16,1.5542166349928506e+16,0
118,245000000.0,0,1430451.4331250498,3357154.6432557404,0,0.566577168861425,1.3971832740659127,0,0.0,2095560.0259128516,1261440345922.1946,1000839.6137210337,126144034592219.45,7721076.84820129,1.5391492524940986e-09,1,17,1,1.5512025015414846e+16,1.5512025015414846e+16,0
119,245000000.0,0,1630664.6107490927,3358124.576311738,0,9.690070207803158,119.31490691104824,0,0.0,2031165.980487972,1110149695200.575,800626.4360969908,111014969520057.5,7721076.84820129,1.5391492524940986e-09,1,17,1,1.5524312642962526e+16,1.5524312642962526e+16,0
120,245000000.0,0,1679687.5,3379904.5184113244,0,20.42563136213701,120.34457757590414,0,0.0,1722808.7574390494,636648599537.6338,600413.258472948,63664859953763.375,7721076.84820129,1.5391492524940986e-09,1,17,1,1.5507751422233106e+16,1.5507751422233108e+16,0
121,245000000.0,0,1679687.5,3401849.38304771,0,0.5912084152903929,1.0661884649356828,0,0.0,1805076.5343901273,690667802843.272,556450.0808489051,69066780284327.195,7721076.84820129,2.004810539801838e-09,1,17,1,1.5538494414530822e+16,1.5538494414530822e+16,0
122,245000000.0,0,1528179.1436212212,3412671.864730732,0,0.5453976913606661,1.3078912358586297,0,0.0,1740220.6846092902,956599256824.1626,903111.9032248623,95659925682416.27,7721218.644632777,2.0120864974160213e-09,1,17,1,1.5522783900834282e+16,1.5522783900834282e+16,0
123,245000000.0,0,1679687.5,3411674.087247247,0,0.6838628049403617,1.0444897616938764,0,0.0,1988326.6391844107,1015025397357.185,702898.7256008195,101502539735718.5,7721218.644632777,2.0120864974160213e-09,1,17,1,1.5550342455048276e+16,1.5550342455048278e+16,0
124,245000000.0,0,1679687.5,3432698.4235482044,0,11.754583745557142,124.33258041426807,0,0.0,1679969.416135488,653184590483.5337,658935.5479767766,65318459048353.37,7721218.644632777,1.6410126590926666e-09,1,17,1,1.550685096353526e+16,1.5506850963535258e+16,0
125,245000000.0,0,1679687.5,3437922.6928665694,0,0.5876869321859385,1.1005224487425327,0,0.0,1771612.193086566,782388101220.4037,614972.3703527338,78238810122040.38,7721218.644632777,1.6410126590926666e-09,1,17,1,1.5532393377067612e+16,1.5532393377067612e+16,0
126,245000000.0,0,1469889.4210828703,3447690.1776200715,0,0.5449522741859508,1.3597215204169446,0,0.0,1853201.6584826452,1084951218857.4773,961401.6257632131,108495121885747.73,7722148.912494688,1.6163994587259367e-09,1,17,1,1.5516393142327132e+16,1.5516393142327134e+16,0
127,245000000.0,0,1670335.165672391,3444485.5785966553,0,0.6877548488419465,1.0596876337469103,0,0.0,2093553.409522113,1152583011181.2202,760955.8811736925,115258301118122.02,7753165.726637298,1.4636043488280848e-09,1,17,1,1.554433640203573e+16,1.5544336402035732e+16,0
128,245000000.0,0,1679687.5,3468896.507250108,0,12.113160142691168,128.32671736131977,0,0.0,1784963.6195077128,760312623300.525,716760.1365841719,76031262330052.5,7753165.726637298,1.4636043488280848e-09,1,17,1,1.5503062008327758e+16,1.550306200832776e+16,0
129,245000000.0,0,1679687.5,3474735.811713169,0,0.5849342899075832,1.136540152123145,0,0.0,1876373.8294933126,902036791783.6409,672564.3919946513,90203679178364.1,7753165.726637298,1.4636043488280848e-09,1,17,1,1.5526312106286302e+16,1.5526312106286306e+16,0
130,245000000.0,0,1412297.3994409528,3484986.9968068665,0,0.545259641572216,1.415130319203251,0,0.0,1957963.2948893919,1219511648396.527,1018993.6474051307,121951164839652.7,7753165.726637298,1.4636043488280848e-09,1,17,1,1.5510102456458826e+16,1.5510102456458822e+16,0
131,245000000.0,0,1612743.1440304734,3478997.937464502,0,0.684426817978024,1.0753343101036892,0,0.0,2206069.2494645123,1301406494672.5513,818547.90281561,130140649467255.12,7753165.726637298,1.4636043488280848e-09,1,17,1,1.5538349495435052e+16,1.5538349495435054e+16,0
132,245000000.0,0,1679687.5,3498072.8781383405,0,22.40408631991149,132.33474909895858,0,0.0,1897479.4594501122,745467466914.2678,618102.1582260894,74546746691426.78,7753165.726637298,1.4636043488280848e-09,1,17,1,1.549944033485598e+16,1.549944033485598e+16,0
133,245000000.0,0,1679687.5,3509576.7883732873,0,0.574667173755346,1.0762034749210712,0,0.0,1975838.5532297818,847924729787.475,573906.4136365688,84792472978747.5,7760517.959049159,2.3949269234435633e-09,1,17,1,1.5525135492980934e+16,1.5525135492980936e+16,0
134,245000000.0,0,1510955.3777990353,3520130.5766758216,0,0.526633428251387,1.3227903609902925,0,0.0,1906876.9024199308,1050345665505.0951,920335.6690470482,105034566550509.52,7760517.959049159,2.751448846538551e-09,1,17,1,1.5520951525178374e+16,1.5520951525178374e+16,0
135,245000000.0,0,1679687.5,3519809.0155011667,0,0.6780732589507252,1.088175406859039,0,0.0,2151306.740789121,1198035609909.596,719889.9244575276,119803560990959.6,7760517.959049159,3.17345438816119e-09,1,17,1,1.5533174815702728e+16,1.553317481570273e+16,0
136,245000000.0,0,1364971.8669780765,3535487.631904623,0,0.5427142165548396,1.4641589979628031,0,0.0,2229220.08997927,1442279398737.372,1066319.179868007,144227939873737.22,7760517.959049159,2.8460362955229357e-09,1,17,1,1.550494363643971e+16,1.5504943636439712e+16,0
137,245000000.0,0,1565417.6115675971,3538392.084498123,0,11.044761013868559,137.31160540046025,0,0.0,2129112.285025998,1254513671433.45,865873.4352784865,125451367143345.0,7824593.245694083,3.1152467272477224e-09,1,17,1,1.5514891832241504e+16,1.5514891832241506e+16,0
138,245000000.0,0,1679687.5,3562731.75521819,0,23.39517585021245,138.3406285176285,0,0.0,1784808.7354832056,718878327424.4564,665427.6906889658,71887832742445.64,7842919.165132186,3.1534455047221854e-09,1,17,1,1.5495275940943224e+16,1.5495275940943222e+16,0
139,245000000.0,0,1679687.5,3583430.301215152,0,0.5580421062881309,1.1043261918815723,0,0.0,1831130.1859404133,740799578666.6655,621231.9460994452,74079957866666.55,7842919.165132186,3.109789759037085e-09,1,17,1,1.5536228674884584e+16,1.5536228674884584e+16,0
140,245000000.0,0,1463629.845336159,3596780.4455912686,0,0.5226336977417853,1.3655327360483795,0,0.0,1730130.8918081,1055072084879.4691,967661.2015099246,105507208487946.9,7842919.165132186,3.1534455047221854e-09,1,17,1,1.5515797522730872e+16,1.551579752273087e+16,0
141,245000000.0,0,1664075.5899256796,3598123.325471973,0,0.6475238236570093,1.0172973222199813,0,0.0,1942523.086854828,1013149310579.7692,767215.456920404,101314931057976.92,7842919.165132186,3.0006503948243335e-09,1,17,1,1.5557805617250864e+16,1.5557805617250864e+16,0
142,245000000.0,0,1317646.3345152002,3611679.5789562007,0,0.5395792052604158,1.5167069043841077,0,0.0,1988398.7927225148,1395038366626.3684,1113644.7123308834,139503836662636.84,7842919.165132186,3.044306140509434e-09,1,17,1,1.5499788909246334e+16,1.5499788909246336e+16,0
143,245000000.0,0,1518092.0791047208,3601896.1627927846,0,0.661026432528117,1.0472019028930883,0,0.0,2200790.987769243,1362301463239.7583,913198.9677413628,136230146323975.83,7842919.165132186,3.0006503948243335e-09,1,17,1,1.554548554028028e+16,1.5545485540280278e+16,0
144,245000000.0,0,1679687.5,3638199.2816414237,0,24.38362311764675,144.33672395219577,0,0.0,1856487.4382264502,795742816484.3414,712753.2231518421,79574281648434.14,7842919.165132186,3.575451046344824e-09,1,17,1,1.549111834486605e+16,1.5491118344866048e+16,0
145,245000000.0,0,1679687.5,3637906.515141514,0,0.6569976447493242,1.0789178883043613,0,0.0,2059058.8886836576,928847466344.0931,546607.7323816081,92884746634409.31,7842919.165132186,3.437207851675339e-09,1,17,1,1.5533213577757652e+16,1.5533213577757654e+16,0
146,245000000.0,0,1572554.3128732825,3667685.5008297395,0,0.5008538278641291,1.2710079236782335,0,0.0,1958059.5945513444,1002345827078.0721,858736.7339728009,100234582707807.22,7842919.165132186,3.808281689998694e-09,1,17,1,1.5527783972308978e+16,1.5527783972308976e+16,0
147,245000000.0,0,1679687.5,3666269.464275221,0,0.6527157445083345,1.1126150015940053,0,0.0,2170451.7895980724,1207218198662.4292,658290.9893832803,120721819866242.92,7842919.165132186,3.437207851675339e-09,1,17,1,1.552094213850381e+16,1.5520942138503814e+16,0
148,245000000.0,0,1426570.8020523237,3696035.632662067,0,0.5161381253030993,1.4009813013300165,0,0.0,2216327.495465759,1348333109230.204,1004720.2447937597,134833310923020.4,7842919.165132186,3.0152023100527003e-09,1,17,1,1.5511778318469028e+16,1.5511778318469032e+16,0
149,245000000.0,0,1627016.5466418443,3704455.725104263,0,11.949112641293759,149.31540539226629,0,0.0,2116219.690512487,1199411900180.7356,804274.500204239,119941190018073.56,7842919.165132186,3.0152023100527003e-09,1,17,1,1.5508761421177922e+16,1.550876142117792e+16,0
150,245000000.0,0,1280587.291231365,3719080.6349589094,0,0.5355624266116394,1.560564788433861,0,0.0,2155812.0585306245,1536711736133.9968,1150703.7556147184,153671173613399.7,7855485.840831285,2.5931967684300616e-09,1,17,1,1.5495763629278906e+16,1.5495763629278906e+16,0
151,245000000.0,0,1481033.0358208856,3715063.1634623352,0,0.6279109701573383,1.0823588857491988,0,0.0,2361920.915727803,1560761174524.623,950258.0110251978,156076117452462.3,7855485.840831285,2.5931967684300616e-09,1,17,1,1.5531334668131966e+16,1.5531334668131964e+16,0
152,245000000.0,0,1679687.5,3748643.0947720837,0,25.705559799372477,152.34517450564408,0,0.0,2011334.028335461,914620299009.806,749812.2664356772,91462029900980.61,7855485.840831285,2.5931967684300616e-09,1,17,1,1.5485560411461564e+16,1.5485560411461566e+16,0
153,245000000.0,0,1679687.5,3767531.471111791,0,0.5487558751975145,1.1582958867132673,0,0.0,2051372.1409431188,964751136560.073,705616.5218461566,96475113656007.3,7855485.840831285,2.5422650651307777e-09,1,17,1,1.552253488195576e+16,1.552253488195576e+16,0
154,245000000.0,0,1379245.2695894474,3781770.1633240487,0,0.5148827207611918,1.449017826081663,0,0.0,1944089.5089612561,1268317603993.6353,1052045.777256636,126831760399363.53,7855485.840831285,2.5422650651307777e-09,1,17,1,1.5506617837156594e+16,1.5506617837156594e+16,0
155,245000000.0,0,1579691.014178968,3779003.514056636,0,0.6105524931906965,1.0502280911338564,0,0.0,2150198.3661584347,1264448728556.371,851600.0326671153,126444872855637.11,7855485.840831285,2.3567281459691003e-09,1,17,1,1.5543768265491358e+16,1.5543768265491358e+16,0
156,245000000.0,0,1233261.7587684887,3796506.121588347,0,0.5349127055412152,1.6204018197854102,0,0.0,2189790.734176572,1641172065749.3613,1198029.2880775947,164117206574936.12,7855485.840831285,2.3567281459691003e-09,1,17,1,1.549060173772572e+16,1.549060173772572e+16,0
157,245000000.0,0,1433707.5033580093,3786980.121171338,0,0.6178389198084536,1.0784639890373855,0,0.0,2395899.5913737505,1638284579604.9294,997583.5434880741,163828457960492.94,7858272.309851386,2.8769591153832152e-09,1,17,1,1.5532839042435904e+16,1.5532839042435904e+16,0
158,245000000.0,0,1634153.24794753,3822717.7282892605,0,26.698794813563826,158.35130376799884,0,0.0,2045312.7039814084,979804904198.5704,797137.7988985535,97980490419857.05,7858272.309851386,1.9201706891180947e-09,1,17,1,1.5481386701607376e+16,1.5481386701607376e+16,0
159,245000000.0,0,1678348.9925370505,3841655.1225325814,0,0.5437205096807566,1.1909376841192079,0,0.0,2085350.8165890663,1021958938863.7185,752942.0543090329,102195893886371.84,7858272.309851386,1.9456365407677367e-09,1,17,1,1.5522125336065104e+16,1.5522125336065102e+16,0
160,245000000.0,0,1331919.7371265711,3854965.6791474572,0,0.5144549153892274,1.5004654401108057,0,0.0,1978068.1846072036,1364948907537.0098,1099371.3097195122,136494890753700.97,7858272.309851386,1.9201706891180947e-09,1,17,1,1.5501454307049162e+16,1.5501454307049162e+16,0
161,245000000.0,0,1532365.4817160917,3851550.602003274,0,0.599351976974673,1.0465606172617443,0,0.0,2184177.041804382,1334143107564.6875,898925.5651299916,133414310756468.75,7858272.309851386,1.9456365407677367e-09,1,17,1,1.5545274910021616e+16,1.5545274910021614e+16,0
162,245000000.0,0,1185936.2263056124,3871247.0601624483,0,0.5362801029294796,1.6850104964991102,0,0.0,2223769.4098225194,1750289945997.4067,1245354.820540471,175028994599740.7,7858363.289656747,2.6477664505364373e-09,1,17,1,1.5485434231192e+16,1.5485434231192e+16,0
163,245000000.0,0,1386381.970895133,3861698.80242703,0,0.6044602050876345,1.0745970235892248,0,0.0,2429878.267019698,1720465535317.917,1044909.0759509504,172046553531791.7,7858363.289656747,3.1134277378441766e-09,1,17,1,1.553435139392238e+16,1.553435139392238e+16,0
164,245000000.0,0,1586827.7154846536,3897366.255233469,0,27.69369298213439,164.3592720771687,0,0.0,2079173.5137717458,1049613488425.776,844463.3313614298,104961348842577.6,7858834.753079187,2.269416654598899e-09,1,17,1,1.5477207814830418e+16,1.5477207814830418e+16,0
165,245000000.0,0,1679687.5,3894312.9094240833,0,0.6037188140427291,1.1041769181741687,0,0.0,2275461.6263794038,1177426149372.3916,644017.5867719091,117742614937239.16,7858834.753079187,2.269416654598899e-09,1,17,1,1.5523444326387538e+16,1.5523444326387538e+16,0
166,245000000.0,0,1440844.2046636948,3924347.1820323616,0,0.49336111683210343,1.3871124172299136,0,0.0,2168178.994397541,1296262932343.755,990446.8421823885,129626293234375.48,7858834.753079187,2.269416654598899e-09,1,17,1,1.5513433715874238e+16,1.5513433715874238e+16,0
167,245000000.0,0,1651723.9736417718,3918312.9460499277,0,0.6033702305873907,1.135431369356075,0,0.0,2363853.827206163,1471261920821.1187,779567.0732043114,147126192082111.88,7900570.850633413,2.710294211283326e-09,1,17,1,1.5512535975080056e+16,1.5512535975080052e+16,0
168,245000000.0,0,1315728.7426198488,3949210.2144299056,0,0.50940297636746,1.5189157305252337,0,0.0,2382578.1464471878,1628777992395.3828,1115562.3042262343,162877799239538.28,7900570.850633413,2.710294211283326e-09,1,17,1,1.5498568174477886e+16,1.5498568174477888e+16,0
169,245000000.0,0,1526608.5115979258,3941067.2465365455,0,0.6037318570257022,1.1685067176647244,0,0.0,2588687.003644366,1814373078864.7544,904682.5352481572,181437307886475.44,7909861.601560255,2.684828359633684e-09,1,17,1,1.5501625364417882e+16,1.5501625364417884e+16,0
170,245000000.0,0,1190613.2805760028,3972151.992488352,0,0.5288645821689184,1.6783968696901723,0,0.0,2607411.3228853904,2006404233809.2952,1240677.76627008,200640423380929.53,7909861.601560255,2.710294211283326e-09,1,17,1,1.5484836822818566e+16,1.5484836822818564e+16,0
171,245000000.0,0,1401493.0495540798,3978283.740637159,0,13.62490397458539,171.341622819146,0,0.0,2501020.180082569,1785945272379.7974,1029797.997292003,178594527237979.75,7909861.601560255,2.684828359633684e-09,1,17,1,1.5491490954673616e+16,1.5491490954673618e+16,0
172,245000000.0,0,1456122.8185321568,4007808.961220624,0,16.076663901758437,172.36604662374413,0,0.0,2139999.2683016704,1257400528875.1172,975168.2283139259,125740052887511.72,7909861.601560255,2.710294211283326e-09,1,17,1,1.5472831670436508e+16,1.5472831670436508e+16,0
173,245000000.0,0,1667002.5875102337,4009687.0131599945,0,0.5857085365618164,1.1311458987175507,0,0.0,2335228.3565207715,1430709155691.914,764288.4593358488,143070915569191.4,7909861.601560255,2.684828359633684e-09,1,17,1,1.5514059236791676e+16,1.5514059236791674e+16,0
174,245000000.0,0,1331007.3564883107,4028850.951301353,0,0.5010936341724578,1.501493208920991,0,0.0,2353952.675761796,1584591747767.0122,1100283.6903577717,158459174776701.22,7909861.601560255,2.710294211283326e-09,1,17,1,1.5500271462750038e+16,1.5500271462750036e+16,0
175,245000000.0,0,1541887.1254663877,4021950.7486429727,0,0.5913410442746353,1.163968436202682,0,0.0,2560061.5329589746,1768666214012.333,889403.9213796946,176866621401233.3,7909861.601560255,2.684828359633684e-09,1,17,1,1.5503133157411406e+16,1.5503133157411404e+16,0
176,245000000.0,0,1205947.0108661042,4050053.72454553,0,0.520129366952042,1.657073576548155,0,0.0,2578675.6193567202,1956909002472.7458,1225344.0359799783,195690900247274.6,7910082.067246811,3.5779521567746997e-09,1,17,1,1.5486540333655332e+16,1.548654033365533e+16,0
177,245000000.0,0,1416881.8962658206,4041752.784594817,0,0.5934516320358316,1.1987527255816348,0,0.0,2784784.476553899,2147650998020.564,1014409.1505802618,214765099802056.4,7910082.067246811,3.5779521567746997e-09,1,17,1,1.5492217049984236e+16,1.5492217049984234e+16,0
178,245000000.0,0,1080941.781665537,4070828.219258384,0,0.5436035565807853,1.8485282978176585,0,0.0,2803398.5629516444,2370321014750.126,1350349.2651805454,237032101475012.6,7910082.067246811,3.5779521567746997e-09,1,17,1,1.5472813006915704e+16,1.5472813006915704e+16,0
179,245000000.0,0,1292301.283457501,4076850.091699948,0,14.237779127996019,179.3551093645535,0,0.0,2670768.3478454263,2095121352739.5713,1138989.7633885816,209512135273957.12,7963409.4446381,2.270098775625229e-09,1,17,1,1.5483157587695732e+16,1.5483157587695732e+16,0
180,245000000.0,0,1503660.7852494651,4103687.496408269,0,30.35098434167671,180.3932987593845,0,0.0,2268232.223971455,1270627231596.0737,927630.2615966176,127062723159607.38,8024293.538110249,1.3387762010097504e-09,1,17,1,1.5466047809856496e+16,1.5466047809856496e+16,0
181,245000000.0,0,1679687.5,4112280.5139728133,0,0.5719850676467871,1.1340087871149982,0,0.0,2427792.12346552,1388414200630.9177,716270.7598046537,138841420063091.77,8024294.328277907,4.656612873077393e-10,1,17,1,1.5510312973938274e+16,1.5510312973938274e+16,0
182,245000000.0,0,1379504.7888333932,4129203.7363656526,0,0.4869448913019681,1.4487454271637235,0,0.0,2272867.5211676215,1463131592461.6213,1051786.2580126897,146313159246162.12,8024294.328277907,4.656612873077393e-10,1,17,1,1.550557295198908e+16,1.5505572951989082e+16,0
183,245000000.0,0,1590864.2906253573,4127957.2809631196,0,0.5777133004521664,1.1496827350984744,0,0.0,2453161.9224536507,1622504173927.72,840426.7562207257,162250417392772.0,8024294.328277907,4.656612873077393e-10,1,17,1,1.5505037111343248e+16,1.550503711134325e+16,0
184,245000000.0,0,1255348.7924173214,4159817.6080164593,0,0.504424899838154,1.5919146116675376,0,0.0,2445112.320155752,1776964055929.3438,1175942.2544287618,177696405592934.38,8024294.328277907,4.656612873077393e-10,1,17,1,1.5491949849326688e+16,1.549194984932669e+16,0
185,245000000.0,0,1466708.2942092854,4154074.14105117,0,0.5758913617592663,1.1657960374448701,0,0.0,2625406.721441781,1911308368674.4722,964582.7526367978,191130836867447.22,8024294.328277907,4.656612873077393e-10,1,17,1,1.54997830137071e+16,1.54997830137071e+16,0
186,245000000.0,0,1131192.7960012495,4187506.625430073,0,0.5258923349511754,1.7664835945465536,0,0.0,2617357.1191438823,2123938475222.0159,1300098.250844834,212393847522201.6,8024294.328277907,4.656612873077393e-10,1,17,1,1.5478319292242918e+16,1.5478319292242916e+16,0
187,245000000.0,0,1342552.2977932135,4181942.478630067,0,0.5743945929800985,1.1823674299708433,0,0.0,2797651.520429912,2233254519246.175,1088738.74905287,223325451924617.47,8024294.328277907,4.656612873077393e-10,1,17,1,1.5494527870065532e+16,1.5494527870065534e+16,0
188,245000000.0,0,1007036.7995851776,4212977.274475966,0,0.5524440648853398,1.9840545512058987,0,0.0,2789601.918132013,2504054850339.6387,1424254.2472609063,250405485033963.88,8024294.328277907,4.656612873077393e-10,1,17,1,1.5464679397450086e+16,1.5464679397450088e+16,0
189,245000000.0,0,1218396.3013771414,4207566.705525135,0,0.5736474462508102,1.19941672914712,0,0.0,2969896.319418043,2588342625642.827,1212894.7454689424,258834262564282.72,8023287.272698317,1.140506356023252e-09,1,17,1,1.5489270404322722e+16,1.5489270404322722e+16,0
190,245000000.0,0,1429755.8031691054,4245073.489389374,0,32.009504291070805,190.39809434236508,0,0.0,2582581.2189121083,1610997889662.7402,1001535.2436769785,161099788966274.03,8023287.272698317,1.0186340659856796e-09,1,17,1,1.5459080757323102e+16,1.5459080757323104e+16,0
191,245000000.0,0,1484865.3049610695,4268298.716035404,0,0.5440977999943607,1.3460170267939604,0,0.0,2585891.1184061733,1681937476895.9219,946425.7418850146,168193747689592.2,8023287.272698317,1.0186340659856796e-09,1,17,1,1.548856634329219e+16,1.5488566343292188e+16,0
192,245000000.0,0,1149349.8067530335,4279478.725164902,0,0.5177535239319511,1.7386015873251468,0,0.0,2430966.516108275,1948769070579.313,1281941.2400930505,194876907057931.3,8023287.272698317,1.0186340659856796e-09,1,17,1,1.5480335746009146e+16,1.5480335746009144e+16,0
193,245000000.0,0,1360709.3085449976,4278851.808500789,0,0.5516335122031136,1.126355483782308,0,0.0,2611260.917394304,1969712606313.6494,1070581.7383010867,196971260631364.94,8023287.272698317,1.0186340659856796e-09,1,17,1,1.5513015861545206e+16,1.5513015861545208e+16,0
194,245000000.0,0,1025193.8103369616,4289895.820336617,0,0.5428415380393062,1.9489495842342675,0,0.0,2603211.315096406,2316286690167.961,1406097.236509123,231628669016796.1,8023287.272698317,1.0186340659856796e-09,1,17,1,1.546669827287851e+16,1.546669827287851e+16,0
195,245000000.0,0,1236553.3121289257,4287083.935722114,0,0.557902353424324,1.1418171398144954,0,0.0,2783505.716382435,2312201957181.327,1194737.734717159,231220195718132.72,8023287.272698317,1.0240910341963172e-09,1,17,1,1.5507737676148118e+16,1.550773767614812e+16,0
196,245000000.0,0,1291662.8139208897,4325115.6285053,0,18.258419391934517,196.4137951225662,0,0.0,2396190.6158778546,1678225589761.3184,1139628.2329251952,167822558976131.84,8023287.2726929,9.022187441587448e-10,1,17,1,1.545570721136286e+16,1.5455707211362862e+16,0
197,245000000.0,0,1503022.3157128538,4319765.403573221,0,0.5587849859634613,1.1577091930660857,0,0.0,2565125.51537192,1810035427051.4614,928268.7311332313,181003542705146.16,8023287.2726929,9.022187441587448e-10,1,17,1,1.5502475174015628e+16,1.5502475174015628e+16,0
198,245000000.0,0,1167506.8175048179,4344897.6917606965,0,0.5096955156523206,1.711586077238915,0,0.0,2557075.9130740217,2010828477022.5845,1263784.2293412674,201082847702258.44,8023287.2726929,9.022187441587448e-10,1,17,1,1.548234936325016e+16,1.5482349363250158e+16,0
199,245000000.0,0,1378866.319296782,4339700.5493349945,0,0.5584873301811399,1.1740498682723077,0,0.0,2737370.3143600505,2121811817368.9817,1052424.7275493033,212181181736898.16,8023287.2726929,9.022187441587448e-10,1,17,1,1.5497216031150594e+16,1.5497216031150594e+16,0
200,245000000.0,0,1043350.821088746,4365673.380244096,0,0.5353287449572519,1.9150652822918073,0,0.0,2704034.140787161,2359075429689.658,1387940.2257573395,235907542968965.8,8073860.415242882,1.7171259969472885e-09,1,17,1,1.5468708624252882e+16,1.5468708624252882e+16,0
201,245000000.0,0,1254710.32288071,4361672.892052477,0,0.5549217007494616,1.1731943928053008,0,0.0,2859041.9707981995,2395097061539.7764,1176580.7239653757,239509706153977.62,8073860.415242882,1.7171259969472885e-09,1,17,1,1.5494735512808436e+16,1.5494735512808436e+16,0
202,245000000.0,0,919194.8246726741,4392592.998574656,0,0.566763392080556,2.1734527801886165,0,0.0,2825705.79722531,2717034905244.5503,1512096.2221734119,271703490524455.03,8073860.415242882,2.648448571562767e-09,1,17,1,1.5455059911456004e+16,1.5455059911456002e+16,0
203,245000000.0,0,1130554.326464638,4388726.179948707,0,0.5516287256319041,1.172340163120822,0,0.0,2980713.6272363486,2699217900547.833,1300736.720381448,269921790054783.3,8073860.415242882,1.722582965157926e-09,1,17,1,1.54950198504527e+16,1.5495019850452698e+16,0
204,245000000.0,0,1341913.8282566022,4425922.588617401,0,34.34227426531526,204.44578827329045,0,0.0,2568111.955455423,1703437523956.6802,1089377.2185894842,170343752395668.03,8083697.851969138,2.8303475119173527e-09,1,17,1,1.5449290503218524e+16,1.5449290503218522e+16,0
205,245000000.0,0,1553273.3300485662,4430873.690140393,0,0.5482278971898016,1.1714871764996027,0,0.0,2692947.266336143,1793332322073.7722,878017.7167975203,179333232207377.22,8121449.921322557,3.790773916989565e-09,1,17,1,1.5495304651438932e+16,1.5495304651438934e+16,0
206,245000000.0,0,1217757.8318405303,4463156.557739757,0,0.4963854700509262,1.641015095656585,0,0.0,2512736.0927632535,1896076286756.7004,1213533.2150055564,189607628675670.03,8121449.921322557,3.7107383832335472e-09,1,17,1,1.5487888334454008e+16,1.5487888334454006e+16,0
207,245000000.0,0,1429117.3336324943,4460853.1965059405,0,0.5448696510402309,1.1706354302302828,0,0.0,2667743.9227742916,2001756464051.272,1002173.7132135924,200175646405127.2,8121449.921322557,3.6307028494775295e-09,1,17,1,1.5495589440275442e+16,1.5495589440275444e+16,0
208,245000000.0,0,1093601.8354244584,4491411.394725357,0,0.5196417247284176,1.8271484070958566,0,0.0,2634407.749201402,2210746925743.2974,1337689.2114216285,221074692574329.75,8121449.921322557,3.7107383832335472e-09,1,17,1,1.547425302460874e+16,1.5474253024608738e+16,0
209,245000000.0,0,1304961.3372164224,4489217.100398223,0,0.5417174257043968,1.1697849216093825,0,0.0,2789415.57921244,2262588466491.033,1126329.7096296647,226258846649103.3,8121449.921322557,3.6307028494775295e-09,1,17,1,1.5495873545879654e+16,1.5495873545879652e+16,0
210,245000000.0,0,969445.8390083865,4521730.29246214,0,0.5482272393384847,2.0609084192103135,0,0.0,2754237.7863717247,2554720630584.866,1461845.2078377008,255472063058486.62,8125133.15985821,3.0195224098861217e-09,1,17,1,1.5460609098416234e+16,1.5460609098416234e+16,0
211,245000000.0,0,1180805.3408003505,4519714.649236183,0,0.538544250092846,1.1676787967772226,0,0.0,2907403.997114937,2549184701499.191,1250485.706045737,254918470149919.1,8125133.15985821,3.0249793780967593e-09,1,17,1,1.5496359304841616e+16,1.5496359304841612e+16,0
212,245000000.0,0,845289.8425923146,4549653.759098547,0,0.5846061996943699,2.3632565338060725,0,0.0,2872226.2042742204,2928021301591.104,1586001.2042537732,292802130159110.4,8125133.15985821,3.0195224098861217e-09,1,17,1,1.5446952613569822e+16,1.5446952613569822e+16,0
213,245000000.0,0,1056649.3443842786,4547733.351614345,0,0.5359390843317311,1.1655802422082235,0,0.0,3025392.4150174325,2866648398424.205,1374641.7024618094,286664839842420.5,8125133.15985821,3.0249793780967593e-09,1,17,1,1.5497044718502352e+16,1.5497044718502352e+16,0
214,245000000.0,0,1268008.8461762427,4583950.220893581,0,36.00543119365215,214.46523523401603,0,0.0,2610949.1239686804,1848963408683.779,1163282.2006698456,184896340868377.9,8125133.15985821,3.0195224098861217e-09,1,17,1,1.5442307395974046e+16,1.5442307395974048e+16,0
215,245000000.0,0,1479368.3479682067,4593221.42006799,0,0.5332517698675113,1.1634892172054763,0,0.0,2743380.833055092,1896314105552.5793,951922.6988778816,189631410555257.94,8125133.159587884,3.863533493131399e-09,1,17,1,1.5497730317380828e+16,1.5497730317380826e+16,0
216,245000000.0,0,1143852.8497601708,4619954.490913916,0,0.5044142307034997,1.7469494008937214,0,0.0,2561328.0403495384,2060017235886.1301,1287438.1970859177,206001723588613.0,8125133.159587884,3.9854057831689715e-09,1,17,1,1.5479798200456548e+16,1.5479798200456548e+16,0
217,245000000.0,0,1359261.491089111,4618543.662785002,0,0.5304446656662983,1.1614056813176803,0,0.0,2710445.1116909375,2109446849923.064,1072029.5557569775,210944684992306.4,8141329.717735789,3.448803909122944e-09,1,17,1,1.5498416216563852e+16,1.5498416216563852e+16,0
218,245000000.0,0,1027795.1324180511,4647180.22361792,0,0.5289640280549485,1.9440216394679632,0,0.0,2667169.0399114313,2365891939965.058,1403495.9144280374,236589193996505.8,8141329.717735789,3.448803909122944e-09,1,17,1,1.5466603916318634e+16,1.5466603916318634e+16,0
219,245000000.0,0,1243203.7737469913,4645847.102540018,0,0.5277469734175653,1.1593295943373576,0,0.0,2820335.2507898062,2363403355245.9287,1188087.2730990972,236340335524592.88,8141329.717735789,3.368768375366926e-09,1,17,1,1.5499101728121446e+16,1.5499101728121448e+16,0
220,245000000.0,0,911737.4150759315,4676005.238091206,0,0.5589782486762304,2.1912107107317587,0,0.0,2777059.179010301,2700178817076.529,1519553.631770157,270017881707652.88,8141329.717735789,3.368768375366926e-09,1,17,1,1.5453844415747432e+16,1.5453844415747434e+16,0
221,245000000.0,0,1127146.0564048716,4675588.054439939,0,0.5253337200528847,1.157260916389591,0,0.0,2930225.389888676,2644336687099.507,1304144.9904412169,264433668709950.7,8202049.08206126,4.096364136785269e-09,1,17,1,1.549978632021045e+16,1.5499786320210448e+16,0
222,245000000.0,0,795679.6977338118,4704560.5299304025,0,0.5969633169225069,2.5104191881493683,0,0.0,2886949.3181091696,3061442520718.713,1635611.3491122767,306144252071871.3,8202049.08206126,3.0486262403428555e-09,1,17,1,1.5441072820513722e+16,1.5441072820513722e+16,0
223,245000000.0,0,1011088.339062752,4703789.53676854,0,0.5233704821051492,1.1551996078835634,0,0.0,3040115.5289875446,2952246845483.799,1420202.7077833365,295224684548379.9,8202049.08206126,4.096364136785269e-09,1,17,1,1.5500469505429144e+16,1.5500469505429146e+16,0
224,245000000.0,0,1226496.9803916921,4739138.155665085,0,37.67248087846142,224.50464517684458,0,0.0,2621623.0985369794,1922488768361.169,1204794.0664543964,192248876836116.9,8202049.08206126,3.0486262403428555e-09,1,17,1,1.5435310063672926e+16,1.5435310063672924e+16,0
225,245000000.0,0,1441905.6217206323,4747365.221356377,0,0.5212818164033012,1.1531456295100317,0,0.0,2750005.668086414,1927493521667.8354,989385.4251254562,192749352166783.53,8202039.983631511,3.2014213502407074e-09,1,17,1,1.5501153014557104e+16,1.5501153014557104e+16,0
226,245000000.0,0,1110439.2630495725,4776462.664357392,0,0.5060420663193899,1.7994685508161645,0,0.0,2559854.596306908,2121146503442.7817,1320851.783796516,212114650344278.2,8202039.983631511,2.4519977159798145e-09,1,17,1,1.5475708339678064e+16,1.5475708339678064e+16,0
227,245000000.0,0,1325847.9043785126,4775814.268055101,0,0.5189779806817243,1.151098883939762,0,0.0,2713020.631191913,2140846705832.337,1105443.1424675758,214084670583233.7,8202040.335618251,2.648448571562767e-09,1,17,1,1.550183712007343e+16,1.550183712007343e+16,0
228,245000000.0,0,994381.5457074528,4803256.040649076,0,0.5322015969354974,2.009279766763738,0,0.0,2669744.383419038,2436402285285.8486,1436909.5011386357,243640228528584.88,8202040.335618251,2.7066562324762344e-09,1,17,1,1.5462953643783394e+16,1.5462953643783394e+16,0
229,245000000.0,0,1209790.187036393,4802663.008397726,0,0.5167614666647224,1.1490593330384002,0,0.0,2822910.418304043,2402748752095.7305,1221500.8598096955,240274875209573.06,8202040.335618251,2.7066562324762344e-09,1,17,1,1.5502520950556132e+16,1.550252095055613e+16,0
230,245000000.0,0,878323.8283653331,4831420.023764683,0,0.5643385503851123,2.2744749266240274,0,0.0,2779634.1705311676,2778634898001.564,1552967.2184807553,277863489800156.4,8202040.335618251,2.7066562324762344e-09,1,17,1,1.5450190450555652e+16,1.5450190450555652e+16,0
231,245000000.0,0,1093733.2478734036,4830878.790991417,0,0.5150326262906356,1.1470269968265392,0,0.0,2932799.427237042,2691625547512.038,1337557.798972685,269162554751203.8,8202043.448334772,2.7084752218797803e-09,1,17,1,1.5503203259713558e+16,1.550320325971356e+16,0
232,245000000.0,0,762267.667381474,4858781.974618245,0,0.6054223820890179,2.6203127493417306,0,0.0,2889521.623105906,3147838873692.0366,1669023.3794646144,314783887369203.7,8202043.448334772,3.2905518310144544e-09,1,17,1,1.5437414170367542e+16,1.5437414170367544e+16,0
233,245000000.0,0,977677.0868895444,4858663.2221105,0,0.5128752810427732,1.1420663540249854,0,0.0,3033708.366916542,2995779227597.137,1453613.959956544,299577922759713.75,8220002.030483509,3.523382474668324e-09,1,17,1,1.5503887354304936e+16,1.5503887354304936e+16,0
234,245000000.0,0,1036836.5063976147,4897727.059827204,0,21.736746306754142,234.51543205769067,0,0.0,2606235.691219108,2294213586787.2446,1394454.5404484735,229421358678724.47,8220002.030483509,3.6925484891980886e-09,1,17,1,1.5428601927492908e+16,1.5428601927492908e+16,0
235,245000000.0,0,1252245.9259056852,4895663.541109221,0,0.5101813339695497,1.134253029902708,0,0.0,2735013.0155216735,2241902836012.076,1179045.120940403,224190283601207.62,8220002.030483509,3.1741365091875196e-09,1,17,1,1.5506537773417926e+16,1.5506537773417928e+16,0
236,245000000.0,0,920780.3454137556,4915927.221001913,0,0.5485146028239675,2.1697143033596236,0,0.0,2682755.920316168,2608170296112.6143,1510510.7014323326,260817029611261.44,8220002.030483509,3.639797796495259e-09,1,17,1,1.5454876103572894e+16,1.5454876103572894e+16,0
237,245000000.0,0,1136189.7649218258,4913561.7926235115,0,0.5077041517782322,1.126545887383602,0,0.0,2826942.664126804,2498594613622.2485,1295101.2819242622,249859461362224.84,8220002.030483509,3.343302523717284e-09,1,17,1,1.5509187362192086e+16,1.5509187362192084e+16,0
238,245000000.0,0,805776.6149540069,4934953.572746747,0,0.5861608675787636,2.4790009563105855,0,0.0,2772580.707873078,2951494263558.614,1625514.4318920812,295149426355861.4,8224211.752579953,3.521563485264778e-09,1,17,1,1.5442103039141258e+16,1.5442103039141258e+16,0
239,245000000.0,0,1022238.4649861879,4932715.054792278,0,0.5052811258936987,1.1189427765938755,0,0.0,2916767.451683714,2776870394607.668,1409052.5818599002,277687039460766.8,8224211.752579953,3.521563485264778e-09,1,17,1,1.5511836743035556e+16,1.5511836743035556e+16,0
240,245000000.0,0,1082450.315018369,4936753.256264401,0,0.5620701640618763,1.845954514274235,0,0.0,3543716.5034321374,3027963551810.896,1348840.7318277191,302796355181089.6,8224211.752579953,3.521563485264778e-09,1,17,1,1.5432768322695874e+16,1.5432768322695872e+16,0
241,245000000.0,0,752037.1650505499,4930211.098118042,0,0.573375342725002,2.6559114115778653,0,0.0,3681666.203207721,3462120321006.2197,1679253.8817955381,346212032100622.0,8224211.752579953,3.521563485264778e-09,1,17,1,1.5432248764314554e+16,1.5432248764314554e+16,0
242,245000000.0,0,968499.0150827309,4912048.3553102715,0,0.49678700496984396,1.1846173503894124,0,0.0,4059224.613161468,3445488062243.0703,1462792.031763357,344548806224307.0,8209021.7276500175,5.515175871551037e-09,1,17,1,1.5474209579190724e+16,1.5474209579190726e+16,0
243,245000000.0,0,1028710.8651149119,4949445.91239507,0,22.599955230780004,244.0234759802981,0,0.0,2856351.192940645,2425917794257.8213,1402580.181731176,242591779425782.12,8209021.7276500175,5.0495145842432976e-09,1,18,1,1.5422809066045528e+16,1.5422809066045532e+16,0
244,245000000.0,0,1245172.715147093,4953938.80469353,0,0.5178272078069761,1.1762131062691574,0,0.0,3002621.3938237736,2479242224845.0273,1186118.331698995,247924222484502.75,8209021.7276500175,5.0495145842432976e-09,1,18,1,1.5480156331061498e+16,1.54801563310615e+16,0
245,245000000.0,0,914759.565179274,4977634.834608725,0,0.5449617991004843,2.18397937193096,0,0.0,2819498.3716006503,2724895401734.5815,1516531.481666814,272489540173458.16,8209021.7276500175,5.515175871551037e-09,1,18,1,1.545411917793e+16,1.5454119177930002e+16,0
246,245000000.0,0,1131221.415211455,4987682.707878675,0,0.513764308443694,1.1679272695935923,0,0.0,2963685.1154112862,2678206820432.301,1300069.631634633,267820682043230.06,8209021.7276500175,5.0495145842432976e-09,1,18,1,1.5495236001275028e+16,1.5495236001275028e+16,0
247,245000000.0,0,800808.265243636,5016483.916708506,0,0.5802583019412693,2.494361915054946,0,0.0,2907152.2581116566,3063498877636.5894,1630482.781602452,306349887763658.94,8209021.7276500175,5.515175871551037e-09,1,18,1,1.5441580498302002e+16,1.5441580498302002e+16,0
248,245000000.0,0,1017270.115275817,5023371.905919394,0,0.5093010740460524,1.1597573555025478,0,0.0,3051339.0019222926,2954006455093.4204,1414020.931570271,295400645509342.06,8211202.558647234,7.17773218639195e-09,1,18,1,1.5498060802174496e+16,1.5498060802174496e+16,0
249,245000000.0,0,686856.965307998,5046120.387661841,0,0.6284728632515472,2.907581228176516,0,0.0,2996977.0456685666,3428658952463.553,1744434.08153809,342865895246355.3,8211202.558647234,6.271875463426113e-09,1,18,1,1.5429024150001748e+16,1.5429024150001746e+16,0
250,245000000.0,0,903318.815340179,5051241.256458685,0,0.5054236160936681,1.1517009481814897,0,0.0,3120278.513702751,3251898263633.8896,1527972.231505909,325189826363388.94,8294743.66175304,4.187313606962562e-09,1,18,1,1.5500714556249782e+16,1.5500714556249782e+16,0
251,245000000.0,0,1119780.66537236,5059483.663061879,0,0.5483796505544472,1.3613257857969638,0,0.0,3703424.67673471,3598411468146.2964,1311510.381473728,359841146814629.6,8294743.66175304,4.678440745919943e-09,1,18,1,1.5421367934291162e+16,1.5421367934291162e+16,0
252,245000000.0,0,789367.515404541,5085021.642065953,0,0.5820344812365613,2.5304683720159242,0,0.0,3457890.1852714447,3617128121043.13,1641923.531441547,361712812104313.0,8294743.66175304,4.678440745919943e-09,1,18,1,1.5440330736290624e+16,1.5440330736290626e+16,0
253,245000000.0,0,1005829.3654367221,5082488.956196744,0,0.5435655996118582,1.3502389590465407,0,0.0,3591243.480224029,3783419520512.636,1425461.681409366,378341952051263.6,8319601.005678012,3.3869582694023848e-09,1,18,1,1.5438960002057148e+16,1.5438960002057148e+16,0
254,245000000.0,0,675416.2154689031,5112182.027610971,0,0.632707165694542,2.9567593949733544,0,0.0,3459649.8558904463,3960860180306.877,1755874.831377185,396086018030687.7,8326816.873749797,3.9071892388165e-09,1,18,1,1.5427770614011304e+16,1.5427770614011308e+16,0
255,245000000.0,0,891878.0655010841,5109772.384415788,0,0.538511796434419,1.3361030875347906,0,0.0,3600228.6656651907,4035941662429.4434,1539412.981345004,403594166242944.3,8326816.873749797,4.347384674474597e-09,1,18,1,1.5447764352675248e+16,1.5447764352675246e+16,0
256,245000000.0,0,561464.9155332651,5130655.687768221,0,0.7013565487374039,3.555777337869737,0,0.0,3542258.775375572,4334522812612.944,1869826.131312823,433452281261294.4,8326816.873749797,3.9071892388165e-09,1,18,1,1.5415190609077904e+16,1.5415190609077904e+16,0
257,245000000.0,0,777926.7655654461,5128267.370729662,0,0.5352431366289563,1.3222601309301776,0,0.0,3682837.5851503154,4343622884437.5083,1653364.281280642,434362288443750.8,8326816.873749797,3.9071892388165e-09,1,18,1,1.5451206057384008e+16,1.5451206057384008e+16,0
258,245000000.0,0,994388.6155976271,5154709.462532929,0,43.33797790866773,258.59129026542894,0,0.0,3250704.5448928783,2954442750260.6416,1436902.431248461,295444275026064.2,8326816.873749797,3.9071892388165e-09,1,18,1,1.5411524525023984e+16,1.5411524525023982e+16,0
259,245000000.0,0,1210850.4656298081,5152341.073602947,0,0.5320459101764972,1.308701078187336,0,0.0,3365446.504635441,3065899363066.615,1220440.5812162799,306589936306661.5,8326816.873749797,3.9071892388165e-09,1,18,1,1.545464750648184e+16,1.5454647506481842e+16,0
260,245000000.0,0,880437.3156619892,5169193.834819681,0,0.5504733936226185,2.2690212502495797,0,0.0,3164314.4774972294,3168136485832.83,1550853.7311840989,316813648583283.0,8311965.421144168,6.075424607843161e-09,1,18,1,1.5450361675254578e+16,1.545036167525458e+16,0
261,245000000.0,0,1096899.1656941702,5160979.106781875,0,0.5288289341666106,1.2954172841225107,0,0.0,3304893.2872719737,3282028885534.088,1334391.8811519179,328202888553408.8,8311965.421144168,6.075424607843161e-09,1,18,1,1.545808812903511e+16,1.5458088129035108e+16,0
262,245000000.0,0,766486.0157263512,5177916.341113191,0,0.5920321299070906,2.605910673313303,0,0.0,3246923.396982355,3498021310813.3374,1664805.0311197368,349802131081333.75,8311965.421144168,6.075424607843161e-09,1,18,1,1.5437811440147626e+16,1.5437811440147628e+16,0
263,245000000.0,0,982947.8657585322,5170724.876208918,0,0.5256725665485406,1.2824004510319906,0,0.0,3387502.2067570984,3545932300216.593,1448343.1810875558,354593230021659.25,8311965.421144168,6.515620043501258e-09,1,18,1,1.546152855006218e+16,1.546152855006218e+16,0
264,245000000.0,0,652534.7157907132,5191534.4557848675,0,0.6455106180098708,3.060281193448454,0,0.0,3329532.31646748,3854858278120.193,1778756.3310553748,385485827812019.3,8311965.421144168,6.075424607843161e-09,1,18,1,1.5425248125930818e+16,1.5425248125930818e+16,0
265,245000000.0,0,868996.5658228942,5184807.939258674,0,0.5228724847303738,1.2696426114077481,0,0.0,3470111.126242224,3836787857225.4463,1562294.4810231938,383678785722544.6,8311965.421144168,6.515620043501258e-09,1,18,1,1.5464967877854068e+16,1.5464967877854068e+16,0
266,245000000.0,0,538583.4158550752,5204411.855211564,0,0.718735196083903,3.706563139696593,0,0.0,3412141.2359526055,4238647387753.3965,1892707.6309910128,423864738775339.6,8311965.421144168,6.075424607843161e-09,1,18,1,1.5412663797933606e+16,1.5412663797933604e+16,0
267,245000000.0,0,755045.2658872562,5198478.735231791,0,0.5182713841948167,1.2469698602434216,0,0.0,3526779.292672609,4112939163654.338,1676245.7809588318,411293916365433.8,8363846.927253647,5.114998202770948e-09,1,18,1,1.546841420829517e+16,1.546841420829517e+16,0
268,245000000.0,0,815257.1159194373,5229782.617409941,0,24.877097065175054,268.6684919847889,0,0.0,3068705.499360432,3186825208831.251,1616033.9309266508,318682520883125.1,8363846.927253648,5.4060365073382854e-09,1,18,1,1.540455317010126e+16,1.540455317010126e+16,0
269,245000000.0,0,1031718.9659516183,5220128.660900511,0,0.511832598416075,1.2154360767346515,0,0.0,3165648.737068004,3132292322330.9297,1399572.0808944697,313229232233093.0,8368778.803174647,2.4374458007514477e-09,1,18,1,1.547754220042764e+16,1.5477542200427638e+16,0
270,245000000.0,0,701305.8159837993,5235331.3331034165,0,0.6199825952172583,2.847762263222003,0,0.0,3081738.0937236454,3481430591957.5386,1729985.2308622887,348143059195753.9,8368778.803174647,2.4374458007514477e-09,1,18,1,1.543063289381698e+16,1.543063289381698e+16,0
271,245000000.0,0,916715.2354918696,5229626.9238009155,0,0.5056773384041234,1.1854578296644944,0,0.0,3197428.5809677597,3345255704794.6074,1514575.8113542183,334525570479460.75,8364569.081078203,2.608430804684758e-09,1,18,1,1.5486669311672692e+16,1.5486669311672694e+16,0
272,245000000.0,0,585249.65499994,5245914.634549283,0,0.6852492614466913,3.411515866905209,0,0.0,3115622.798671622,3823619884558.8022,1846041.3918461478,382361988455880.25,8364569.081078203,2.608430804684758e-09,1,18,1,1.5417938926332122e+16,1.5417938926332124e+16,0
273,245000000.0,0,803314.6832310893,5239660.310448747,0,0.4997844966039746,1.1569227895339427,0,0.0,3235080.940435974,3588700028097.485,1627976.3636149985,358870002809748.5,8345288.740900811,1.964508555829525e-09,1,18,1,1.5495795505261926e+16,1.5495795505261926e+16,0
274,245000000.0,0,1021379.7114622386,5242488.710366671,0,0.5411759607451223,1.3549288162981281,0,0.0,3786197.377258866,3841506026732.1865,1409911.3353838492,384150602673218.6,8345288.740900811,1.964508555829525e-09,1,18,1,1.5419756165624588e+16,1.541975616562459e+16,0
275,245000000.0,0,692569.7396933879,5268610.387257633,0,0.6232228109289265,2.8836321505089835,0,0.0,3522353.1130668274,3890601945315.8496,1738721.3071527,389060194531584.94,8345288.740900811,1.964508555829525e-09,1,18,1,1.5429499158594452e+16,1.5429499158594452e+16,0
276,245000000.0,0,910634.7679245372,5266265.421155582,0,0.5313236001310482,1.3177797992191584,0,0.0,3636990.4970899206,3942100400808.566,1520656.2789215506,394210040080856.56,8345291.431688452,2.3865140974521637e-09,1,18,1,1.5442701935254162e+16,1.5442701935254162e+16,0
277,245000000.0,0,581824.7961556865,5293087.792408554,0,0.6866948463034402,3.431562989756105,0,0.0,3477791.247876668,4179205492273.349,1849466.2506904013,417920549227334.94,8345291.431688452,3.7834979593753815e-09,1,18,1,1.541727556932309e+16,1.5417275569323094e+16,0
278,245000000.0,0,799889.8243868358,5288443.665469844,0,0.5256489527149877,1.2979088964581602,0,0.0,3629181.2798749553,4179885959873.5747,1631401.222459252,417988595987357.5,8271787.481131883,3.92901711165905e-09,1,18,1,1.5457457257215034e+16,1.5457457257215032e+16,0
279,245000000.0,0,471079.8526179851,5306855.360360298,0,0.7759967034105694,4.23657139551438,0,0.0,3563707.360997607,4589489143799.525,1960211.1942281027,458948914379952.56,8271787.481131883,3.92901711165905e-09,1,18,1,1.5405028448771586e+16,1.5405028448771586e+16,0
280,245000000.0,0,689144.8808491344,5298331.936102113,0,0.5249613787371781,1.2938282941790469,0,0.0,3715097.3929958944,4531789232713.944,1742146.1659969534,453178923271394.44,8271787.481131883,3.954482963308692e-09,1,18,1,1.5459704126184926e+16,1.5459704126184924e+16,0
281,245000000.0,0,750959.9090802837,5327690.5907942755,0,26.086769894394628,281.76888078161903,0,0.0,3292172.396763033,3565838790973.942,1680331.137765804,356583879097394.2,8271787.481131883,3.92901711165905e-09,1,18,1,1.5395932148272078e+16,1.5395932148272076e+16,0
282,245000000.0,0,969024.937311433,5315318.70600922,0,0.5242717980432363,1.2897732701630094,0,0.0,3425497.4005301706,3618373686523.8833,1462266.1095346548,361837368652388.3,8271787.481131883,3.92901711165905e-09,1,18,1,1.546077060548234e+16,1.5460770605482338e+16,0
283,245000000.0,0,640214.9655425823,5329569.030284814,0,0.6511211153605166,3.1190787917865315,0,0.0,3333691.496531219,3885819018924.8345,1791076.0813035055,388581901892483.44,8355054.06000166,3.4924596548080444e-09,1,18,1,1.5423724955285834e+16,1.5423724955285834e+16,0
284,245000000.0,0,858279.9937737316,5323939.970595757,0,0.5167994263274232,1.252378746442375,0,0.0,3443640.6489945664,3801443505796.063,1573011.0530723562,380144350579606.3,8355054.06000166,3.725290298461914e-09,1,18,1,1.5466395211144278e+16,1.5466395211144276e+16,0
285,245000000.0,0,529470.022004881,5338317.117339965,0,0.7249895202197881,3.7702413275704347,0,0.0,3351834.744995615,4196646010671.8022,1901821.0248412068,419664601067180.25,8355054.06000166,3.4924596548080444e-09,1,18,1,1.5411490010906994e+16,1.5411490010906992e+16,0
286,245000000.0,0,747535.0502360302,5332711.834177628,0,0.5097050974967079,1.2170914926701786,0,0.0,3461783.897458962,4017617284037.0303,1683755.9966100575,401761728403703.0,8355054.06000166,3.4924596548080444e-09,1,18,1,1.5476551243312254e+16,1.5476551243312256e+16,0
287,245000000.0,0,809350.0784671796,5352768.039372016,0,0.6325796200356808,2.4680691137626676,0,0.0,3851960.757328288,4224681157447.016,1621940.9683789082,422468115744701.6,8355054.06000166,3.4924596548080444e-09,1,18,1,1.5401868970429496e+16,1.5401868970429496e+16,0
288,245000000.0,0,480540.10669832886,5358990.529608535,0,0.7664673883378725,4.15334044284071,0,0.0,3583426.243485772,4494076243138.199,1950750.940147759,449407624313819.94,8355054.06000166,3.4924596548080444e-09,1,18,1,1.5406080608053868e+16,1.5406080608053868e+16,0
289,245000000.0,0,698605.1349294782,5359415.151453581,0,0.5169020111110415,1.2535054227227913,0,0.0,3693375.3959491197,4369272218166.2026,1732685.9119166096,436927221816620.25,8355054.06000166,3.750756150111556e-09,1,18,1,1.5459269436337346e+16,1.5459269436337344e+16,0
290,245000000.0,0,369795.1631606275,5366481.439591934,0,0.8968266044796066,5.393813616532007,0,0.0,3529487.2424792107,4832630037938.261,2061495.8836854603,483263003793826.06,8355054.06000166,3.4924596548080444e-09,1,18,1,1.539380498724552e+16,1.539380498724552e+16,0
291,245000000.0,0,587860.1913917768,5368328.550578959,0,0.5114787735754639,1.2181555455681923,0,0.0,3639436.3949425574,4590211521449.462,1843430.855454311,459021152144946.2,8422726.249166766,3.77985998056829e-09,1,18,1,1.5475052466435012e+16,1.547505246643501e+16,0
292,245000000.0,0,805925.2196229261,5364927.793643843,0,0.5582299051310132,1.4372572071746152,0,0.0,4185863.254811884,4832203839160.49,1625365.8272231617,483220383916049.0,8422726.249166766,3.754394128918648e-09,1,18,1,1.5399510363257932e+16,1.539951036325793e+16,0
293,245000000.0,0,476882.6808885976,5393012.036878172,0,0.7674108238528891,4.185127605547675,0,0.0,3919970.1518469434,4913882336836.071,1954408.3659574902,491388233683607.1,8417443.427411616,5.042238626629114e-09,1,18,1,1.5405709115972426e+16,1.5405709115972426e+16,0
294,245000000.0,0,694715.1421542692,5387125.31701359,0,0.5465299624303108,1.393083668402329,0,0.0,4032095.58125691,4956174929172.483,1736575.9046918186,495617492917248.3,8417443.427411616,5.042238626629114e-09,1,18,1,1.5423249616920268e+16,1.5423249616920268e+16,0
295,245000000.0,0,365672.6034199407,5412526.530095102,0,0.9019604035402137,5.454457140637397,0,0.0,3870848.838664577,5229399885442.766,2065618.443426147,522939988544276.56,8417443.427411616,5.042238626629114e-09,1,18,1,1.539337731370925e+16,1.539337731370925e+16,0
296,245000000.0,0,583505.0646856122,5410940.103874231,0,0.5367213714174519,1.3515444769095295,0,0.0,3982974.2680745437,5155913576359.952,1847785.9821604756,515591357635995.2,8417443.427411616,5.042238626629114e-09,1,18,1,1.543856958968398e+16,1.5438569589683982e+16,0
297,245000000.0,0,645087.5259512838,5442156.380525479,0,27.59072573955468,297.904748733443,0,0.0,3490779.2384570353,4044492953321.1655,1786203.520894804,404449295332116.56,8417540.407877982,3.1905074138194323e-09,1,18,1,1.5384533202856196e+16,1.5384533202856196e+16,0
298,245000000.0,0,862919.9872169553,5433760.008699685,0,0.5288102533666608,1.3124108018463254,0,0.0,3585072.2066013305,4032265630139.577,1568371.0596291325,403226563013957.7,8417540.407877982,3.1905074138194323e-09,1,18,1,1.5450612248026762e+16,1.5450612248026764e+16,0
299,245000000.0,0,533877.4484826268,5448508.875237278,0,0.7192519302971822,3.7391742831441537,0,0.0,3501382.429704838,4347620703919.8867,1897413.598363461,434762070391988.7,8406590.975428216,2.9576767701655626e-09,1,18,1,1.5412013880199228e+16,1.541201388019923e+16,0
300,245000000.0,0,751709.9097482983,5444712.17044526,0,0.52220194413967,1.279948438297259,0,0.0,3618982.5753396885,4260966746733.015,1679581.1370977894,426096674673301.5,8406590.975428216,3.423338057473302e-09,1,18,1,1.545969106019157e+16,1.545969106019157e+16,0
301,245000000.0,0,422667.3710139699,5459545.992314456,0,0.8257403109315894,4.720684520059612,0,0.0,3535292.798443215,4694768413656.379,2008623.675832118,469476841365637.9,8406590.975428177,3.4669938031584024e-09,1,18,1,1.539970103150718e+16,1.5399701031507178e+16,0
302,245000000.0,0,640499.8322796414,5455761.146958323,0,0.5158758401942789,1.249053218883888,0,0.0,3652892.9440780845,4520378470957.473,1790791.2145664464,452037847095747.25,8406590.975428177,3.4669938031584024e-09,1,18,1,1.5468170209235296e+16,1.5468170209235296e+16,0
303,245000000.0,0,702082.2934980352,5475598.0175165925,0,0.6684479901480008,2.8446172211924567,0,0.0,4050929.1190150967,4744503443691.664,1729208.7533480527,474450344369166.4,8406590.975239066,3.1759554985910654e-09,1,18,1,1.539188820451324e+16,1.5391888204513242e+16,0
304,245000000.0,0,373039.7547164289,5478074.428950884,0,0.8908988712213145,5.347025215317719,0,0.0,3790462.242136431,5040281005699.127,2058251.292129659,504028100569912.7,8406603.561586719,1.546140993013978e-09,1,18,1,1.5394197389348542e+16,1.539419738934854e+16,0
305,245000000.0,0,590872.2159348226,5479448.411254065,0,0.5249938309541484,1.2970167939458774,0,0.0,3908062.3877713,4932202906799.979,1840418.8309112655,493220290679997.9,8406603.561586719,1.6298145055770874e-09,1,18,1,1.544837644350803e+16,1.5448376443508032e+16,0
306,245000000.0,0,652454.6771532163,5491483.1567853615,0,27.87293393937948,301.0560972308942,0,0.0,3379449.332483635,3876835382766.9404,1778836.3696928718,387683538276694.06,8406603.561586719,1.546140993013978e-09,1,18,1,1.5383217518866986e+16,1.5383217518866986e+16,0
307,245000000.0,0,870287.1383716101,5490532.378397539,0,0.5202854603942275,1.2653023016311045,0,0.0,3479217.016900111,3821749052898.855,1561003.9084744782,382174905289885.5,8406603.561586719,1.7789716366678476e-09,1,18,1,1.5462486103934096e+16,1.5462486103934094e+16,0
308,245000000.0,0,542330.9957820191,5498097.331376486,0,0.711728596279348,3.6809974316326084,0,0.0,3378368.7969745155,4189220406229.0513,1888960.0510640692,418922040622905.1,8410949.14635478,1.4806573744863272e-09,1,18,1,1.5412830206724706e+16,1.5412830206724704e+16,0
309,245000000.0,0,761249.8531924281,5494452.2099466985,0,0.5156689869259865,1.2351017482642346,0,0.0,3495968.9426093856,4045323609962.313,1670041.1936536601,404532360996231.3,8410949.14635478,1.4806573744863272e-09,1,18,1,1.5472130861569616e+16,1.5472130861569618e+16,0
310,245000000.0,0,433293.71060283715,5507981.189179991,0,0.8125273633409468,4.605178364715039,0,0.0,3410106.373423437,4534572172356.34,1997997.336243251,453457217235634.0,8410949.14635478,1.4806573744863272e-09,1,18,1,1.540076030130531e+16,1.5400760301305308e+16,0
311,245000000.0,0,652212.5680132462,5504087.18083167,0,0.5100042400814269,1.2063092557443886,0,0.0,3527706.5190583067,4303649084589.5127,1779078.478832842,430364908458951.25,8410949.14635478,1.902662916108966e-09,1,18,1,1.548060797146985e+16,1.548060797146985e+16,0
312,245000000.0,0,871131.4254236552,5505771.819660392,0,0.5551076933095809,1.4246756336586104,0,0.0,4080923.800205908,4565319136475.908,1560159.621422433,456531913647590.8,8410914.141549572,1.4806573744863272e-09,1,18,1,1.5404235485415318e+16,1.5404235485415318e+16,0
313,245000000.0,0,543175.2828340642,5528339.428959399,0,0.7106448130202865,3.6752863702004297,0,0.0,3818301.6333458144,4628849595787.06,1888115.764012024,462884959578705.94,8410914.141549572,1.4806573744863272e-09,1,18,1,1.5412924600375912e+16,1.5412924600375912e+16,0
314,245000000.0,0,762094.1402444732,5525161.401631852,0,0.5445459721131711,1.386519605131992,0,0.0,3935919.2813832886,4692841337509.924,1669196.906601615,469284133750992.4,8410914.141549572,2.826709533110261e-09,1,18,1,1.5426534887905676e+16,1.5426534887905678e+16,0
315,245000000.0,0,434137.99765488226,5544782.021235883,0,0.811991021332842,4.596243055717339,0,0.0,3780993.225912246,4943422684906.99,1997153.049191206,494342268490699.0,8404814.639516685,8.403731044381857e-10,1,18,1,1.540085185712091e+16,1.540085185712091e+16,0
316,245000000.0,0,653056.8550652913,5540390.029502731,0,0.5359889068015471,1.353008556109595,0,0.0,3901372.664140134,4904071003666.506,1778234.191780797,490407100366650.56,8405390.561168743,8.549250196665525e-10,1,18,1,1.5440318338782862e+16,1.544031833878286e+16,0
317,245000000.0,0,325100.7124757003,5556076.037605756,0,0.9713029899350802,6.13307461003794,0,0.0,3803303.736807557,5297539728298.688,2106190.3343703877,529753972829868.9,8405390.561168743,8.476490620523691e-10,1,18,1,1.5388746466085842e+16,1.538874646608584e+16,0
318,245000000.0,0,544019.5698861093,5551533.260587074,0,0.5294734944976607,1.3209535206039933,0,0.0,3923683.1750354446,5169014535003.154,1887271.4769599787,516901453500315.44,8405390.561168743,8.549250196665525e-10,1,18,1,1.5449360443709256e+16,1.5449360443709256e+16,0
319,245000000.0,0,762938.4272965183,5578635.160834445,0,50.41482711507914,301.1384455293105,0,0.0,3468893.7558529233,3647812712309.019,1668352.6195495697,364781271230901.9,8405390.561168743,2.23008100874722e-09,1,18,1,1.538189230241692e+16,1.538189230241692e+16,0
320,245000000.0,0,981857.2847069274,5580552.588366456,0,0.5229879191271857,1.2903822080227192,0,0.0,3560979.336670402,3605062350401.4443,1449433.7621391607,360506235040144.44,8405390.561168743,1.3533281162381172e-09,1,18,1,1.5457231702857282e+16,1.545723170285728e+16,0
321,245000000.0,0,653901.1421173364,5603615.2309177695,0,0.6411187971657704,3.0538960331232206,0,0.0,3331021.0600774717,3849905624393.835,1777389.9047287516,384990562439383.5,8405390.561168743,1.3642420526593924e-09,1,18,1,1.5425150242047442e+16,1.5425150242047442e+16,0
322,245000000.0,0,872819.9995277454,5605557.709648211,0,0.5164389411683803,1.2608689448822714,0,0.0,3450583.0197948394,3790690227020.6035,1558471.0473183426,379069022702060.4,8407025.518189782,1.6952981241047382e-09,1,18,1,1.546510319147013e+16,1.546510319147013e+16,0
323,245000000.0,0,544863.8569381544,5625424.73523211,0,0.7106045162307889,3.663917247092249,0,0.0,3366682.2646913896,4170053547335.374,1886427.1899079336,417005354733537.4,8407025.518189782,1.291482476517558e-09,1,18,1,1.5413107144533102e+16,1.5413107144533102e+16,0
324,245000000.0,0,763782.7143485635,5621813.84824207,0,0.5100844192935767,1.2323650735923508,0,0.0,3486244.224408758,4025661994729.4546,1667508.3324975246,402566199472945.44,8407025.518189782,7.639755494892597e-10,1,18,1,1.5473152949654926e+16,1.5473152949654928e+16,0
325,245000000.0,0,435826.5717589725,5642571.824175485,0,0.8100301609519187,4.578476057320842,0,0.0,3402343.4693053076,4519363778594.525,1995464.4750871155,451936377859452.56,8355523.9505382385,7.639755494892597e-10,1,18,1,1.5401040407351132e+16,1.540104040735113e+16,0
326,245000000.0,0,654745.4291693815,5638571.331932388,0,0.5043079652967667,1.2051195750839727,0,0.0,3521900.2389533943,4289788381856.544,1776545.6176767065,428978838185654.4,8353075.824040204,5.238689482212067e-10,1,18,1,1.5481200941105664e+16,1.5481200941105664e+16,0
327,245000000.0,0,873664.2865797905,5641872.9904181715,0,0.5496319400558326,1.423998899219298,0,0.0,4077056.641711608,4554763882461.325,1557626.7602662975,455476388246132.5,8353090.875603562,1.862645149230957e-09,1,18,1,1.540461375271035e+16,1.540461375271035e+16,0
328,245000000.0,0,545708.1439901995,5663281.031983081,0,0.7088657057647586,3.658259021720102,0,0.0,3816373.596462128,4620142795850.457,1885582.9028558885,462014279585045.7,8353090.875603562,2.8048816602677107e-09,1,18,1,1.5413205330065794e+16,1.5413205330065792e+16,0
329,245000000.0,0,764627.0014006086,5661644.414977677,0,0.5397791600666075,1.3877434126318724,0,0.0,3935930.542103585,4689269107224.75,1666664.0454454795,468926910722475.0,8353090.523616823,2.9467628337442875e-09,1,18,1,1.5426486539139864e+16,1.5426486539139864e+16,0
330,245000000.0,0,436670.8588110176,5683551.598827887,0,0.80905352954282,4.5696439681481795,0,0.0,3779894.033220081,4935224550727.295,1994620.1880350704,493522455072729.5,8353090.523616823,2.5320332497358322e-09,1,18,1,1.5401135446154892e+16,1.5401135446154894e+16,0
331,245000000.0,0,655589.7162214266,5678172.7453201115,0,0.5314619407062395,1.353288323499467,0,0.0,3899450.9788615373,4896196732013.466,1775701.3306246614,489619673201346.56,8353090.523616823,2.954038791358471e-09,1,18,1,1.5440178466909336e+16,1.5440178466909334e+16,0
332,245000000.0,0,346392.38642906,5693028.7365167085,0,0.9329512764462137,5.757178562715605,0,0.0,3763041.93334808,5201947757589.197,2084898.660417028,520194775758919.75,8428125.77480572,2.6411726139485836e-09,1,18,1,1.5389065094908838e+16,1.538906509490884e+16,0
333,245000000.0,0,584070.0566366934,5690867.4712662855,0,0.5249228736731837,1.32050269635236,0,0.0,3882598.8789895363,5017614382508.359,1847220.9902093946,501761438250835.94,8428125.77480572,2.6411726139485836e-09,1,18,1,1.5449400606178518e+16,1.5449400606178518e+16,0
334,245000000.0,0,665284.5492675618,5721306.659415091,0,27.8611409539013,300.9847924620551,0,0.0,3408441.3320001243,3896999969367.792,1766006.4975785264,389699996936779.2,8427273.06449866,2.153683453798294e-09,1,18,1,1.5383038060789464e+16,1.5383038060789458e+16,0
335,245000000.0,0,902749.0418984301,5719112.57441235,0,0.5187432804895242,1.289268064874608,0,0.0,3490533.785010712,3814520070562.6045,1528542.0049476582,381452007056260.44,8427273.06449866,2.153683453798294e-09,1,18,1,1.5457450911268648e+16,1.545745091126865e+16,0
336,245000000.0,0,593338.5345292985,5736875.954909939,0,0.6759982188819528,3.365085525850937,0,0.0,3355247.3790053413,4056140435941.604,1837952.51231679,405614043594160.4,8494886.257318523,3.4051481634378433e-09,1,18,1,1.5416441070045458e+16,1.5416441070045462e+16,0
337,245000000.0,0,830803.0271601669,5736221.521620974,0,0.5127346135414946,1.2594764352531238,0,0.0,3474803.1215443695,3914928816547.792,1600488.0196859217,391492881654779.2,8494888.66352338,3.3760443329811096e-09,1,18,1,1.5465500785697026e+16,1.5465500785697028e+16,0
338,245000000.0,0,521337.403369396,5751535.664206897,0,0.7279180820377027,3.828942723800317,0,0.0,3353915.111664939,4246910023261.39,1909953.6434766927,424691002326139.0,8494668.197836824,3.1868694350123405e-09,1,18,1,1.54084890989841e+16,1.54084890989841e+16,0
339,245000000.0,0,758746.779578625,5750863.497336879,0,0.5069899398000082,1.231030067838506,0,0.0,3473470.8542039674,4034229052587.6387,1672544.2672674637,403422905258763.9,8494668.197836824,3.1868694350123405e-09,1,18,1,1.5473550109540712e+16,1.5473550109540712e+16,0
340,245000000.0,0,449281.155787854,5771741.529165646,0,0.7940915859882751,4.441669331021888,0,0.0,3352582.844324537,4453635403672.087,1982009.8910582347,445363540367208.7,8494668.197836824,3.1868694350123405e-09,1,18,1,1.5400515553668288e+16,1.5400515553668284e+16,0
341,245000000.0,0,686690.531997083,5771057.083185502,0,0.5014660365783727,1.2038402909857002,0,0.0,3472138.5868635653,4169299368380.999,1744600.5148490057,416929936838099.9,8494668.197836824,3.1868694350123405e-09,1,18,1,1.548159874106323e+16,1.5481598741063232e+16,0
342,245000000.0,0,924099.908206312,5774657.427770114,0,0.5468225328710892,1.4222125408421231,0,0.0,3994514.0773288095,4382021278813.725,1507191.1386397767,438202127881372.5,8494668.197836824,3.1868694350123405e-09,1,18,1,1.5406128051123182e+16,1.5406128051123182e+16,0
343,245000000.0,0,614634.284415541,5799170.991385419,0,0.6610364531047673,3.248681970171173,0,0.0,3711138.333757722,4351204056785.423,1816656.7624305477,435120405678542.3,8494668.197836824,3.1868694350123405e-09,1,18,1,1.5418805149113492e+16,1.541880514911349e+16,0
344,245000000.0,0,852043.66062477,5796530.980989701,0,0.5368902440779275,1.386045733528973,0,0.0,3830694.0762967495,4395969841092.8213,1579247.3862213187,439596984109282.1,8494668.197836824,3.1868694350123405e-09,1,18,1,1.542688442636218e+16,1.5426884426362182e+16,0
345,245000000.0,0,542578.036833999,5815640.4919130625,0,0.7107172462671595,3.6793245209993124,0,0.0,3637674.919722259,4510449762781.159,1888713.0100120897,451044976278115.94,8494669.8258005,3.1868694350123405e-09,1,18,1,1.5410841295361018e+16,1.5410841295361018e+16,0
346,245000000.0,0,779987.413043228,5814091.105284957,0,0.5278042934987431,1.3468080255317865,0,0.0,3746541.565573126,4440962147989.131,1651303.6338028607,444096214798913.06,8516048.019176822,2.342858351767063e-09,1,18,1,1.5440579635138486e+16,1.5440579635138486e+16,0
347,245000000.0,0,470521.789252457,5827231.664583478,0,0.7727166271041087,4.241585533450676,0,0.0,3612139.484733179,4668290922033.055,1960769.2575936317,466829092203305.5,8397869.554250434,3.856257535517216e-09,1,18,1,1.5402868816137286e+16,1.5402868816137284e+16,0
348,245000000.0,0,707931.165461686,5823777.130507845,0,0.5199152402295665,1.30516270998551,0,0.0,3721006.1305840462,4512481626813.257,1723359.8813844027,451248162681325.7,8397869.554250434,3.856257535517216e-09,1,18,1,1.5452145679532496e+16,1.5452145679532496e+16,0
349,245000000.0,0,398465.541670915,5843181.389821059,0,0.8537367971886547,5.006689667484828,0,0.0,3589429.0240164557,4843376109151.343,2032825.5051751737,484337610915134.25,8397869.554250434,3.856257535517216e-09,1,18,1,1.5394884785674436e+16,1.5394884785674434e+16,0
350,245000000.0,0,635874.917880144,5839965.117203416,0,0.5122499203611408,1.2660156163897136,0,0.0,3698295.669867323,4606017977251.152,1795416.1289659448,460601797725115.25,8397869.554250434,3.856257535517216e-09,1,18,1,1.5462540260104204e+16,1.5462540260104204e+16,0
351,245000000.0,0,717034.294089373,5859742.059449322,0,0.6619857981421267,2.785382281129684,0,0.0,4065892.3331207777,4753141189008.992,1714256.7527567158,475314118900899.25,8397869.554250434,3.856257535517216e-09,1,18,1,1.5388575717365704e+16,1.5388575717365704e+16,0
352,245000000.0,0,407568.67029860197,5862107.078696781,0,0.8413833421445792,4.895137942266357,0,0.0,3767421.4269208102,4925226980291.767,2023722.3765474868,492522698029176.7,8366852.740107824,3.739842213690281e-09,1,18,1,1.5395897726830732e+16,1.5395897726830734e+16,0
353,245000000.0,0,644978.046507831,5866207.553492224,0,0.5197241975670274,1.3040811623204138,0,0.0,3850142.776577073,4755015825677.846,1786313.0003382578,475501582567784.56,8471433.924886242,3.0995579436421394e-09,1,18,1,1.5445618894239894e+16,1.5445618894239896e+16,0
354,245000000.0,0,335512.42271705996,5871475.855747684,0,0.9488265891286706,5.943316992138511,0,0.0,3638223.820522059,5102396943554.868,2095778.6241290288,510239694355486.8,8457813.944757767,4.9622030928730965e-09,1,18,1,1.5387897540930446e+16,1.5387897540930446e+16,0
355,245000000.0,0,572921.798926289,5872279.398880455,0,0.5148804850059949,1.270413046207855,0,0.0,3753829.55822142,4848354636601.412,1858369.2479197998,484835463660141.2,8457813.944757767,4.9622030928730965e-09,1,18,1,1.5462073262029424e+16,1.5462073262029422e+16,0
356,245000000.0,0,810331.175135518,5864114.6971812025,0,0.5662067689752723,1.5138031191547834,0,0.0,4266059.669772288,5077326929058.029,1620959.8717105708,507732692905802.94,8457813.944757767,4.9622030928730965e-09,1,18,1,1.5387501443153824e+16,1.5387501443153822e+16,0
357,245000000.0,0,500865.55134474696,5887830.511781955,0,0.7418667476626853,3.9851310667588304,0,0.0,3922378.8546898565,5014450560145.845,1930425.4955013418,501445056014584.5,8457813.944757767,4.9622030928730965e-09,1,18,1,1.5406236919620698e+16,1.5406236919620696e+16,0
358,245000000.0,0,738274.927553976,5883079.484894942,0,0.5547700581083388,1.4686228386227091,0,0.0,4037985.2650861274,5060839755358.614,1693016.1192921128,506083975535861.44,8457811.253970126,2.459273673593998e-09,1,18,1,1.5413530143076104e+16,1.5413530143076102e+16,0
359,245000000.0,0,428809.30376320495,5901559.61851408,0,0.815457479054742,4.653226401776219,0,0.0,3888581.3006696263,5172856700609.428,2002481.7430828838,517285670060942.75,8457811.253970126,2.459273673593998e-09,1,18,1,1.539825157778665e+16,1.5398251577786652e+16,0
360,245000000.0,0,666218.679972434,5901059.442551547,0,0.5449226735275412,1.4260612617270778,0,0.0,4023193.184135287,5141434534031.598,1765072.3668736548,514143453403159.75,8381786.670904926,3.3032847568392754e-09,1,18,1,1.5424375974862484e+16,1.5424375974862484e+16,0
361,245000000.0,0,356753.05618166295,5916491.117432628,0,0.9134351566365897,5.590448398530026,0,0.0,3898355.169416189,5353211142093.485,2074537.9906644258,535321114209348.56,8381786.670904926,3.3032847568392754e-09,1,18,1,1.5390255402395398e+16,1.53902554023954e+16,0
362,245000000.0,0,594162.432390892,5913523.942984889,0,0.5370251830293109,1.3858971259501354,0,0.0,4013960.9071155493,5242071596687.714,1837128.6144551968,524207159668771.4,8381786.670904926,3.3032847568392754e-09,1,18,1,1.5433296201779788e+16,1.5433296201779788e+16,0
363,245000000.0,0,675321.808600121,5940965.103347514,0,27.861170316540594,301.0398482832362,0,0.0,3535907.2686056807,4034628647215.2837,1755969.2382459678,403462864721528.4,8381786.670904926,3.3032847568392754e-09,1,18,1,1.5383341037027032e+16,1.5383341037027032e+16,0
364,245000000.0,0,912731.18480935,5932424.336095622,0,0.5295164499656289,1.3479334128441611,0,0.0,3614103.6300958125,4020737906365.546,1518559.8620367388,402073790636554.56,8381786.670904926,3.3032847568392754e-09,1,18,1,1.544221529019385e+16,1.544221529019385e+16,0
365,245000000.0,0,603265.5610185789,5946916.084321202,0,0.6676962133336856,3.3098030551810766,0,0.0,3489265.6153767146,4175457370278.7725,1828025.4858275098,417545737027877.25,8381786.670904926,3.3032847568392754e-09,1,18,1,1.541755094072803e+16,1.5417550940728028e+16,0
366,245000000.0,0,840674.9372278079,5943914.017818121,0,0.522367534485159,1.3119941159918822,0,0.0,3604871.353076075,4099065085324.4185,1590616.1096182808,409906508532441.9,8381786.670904926,3.3032847568392754e-09,1,18,1,1.5451133305940198e+16,1.5451133305940198e+16,0
367,245000000.0,0,531209.3134370369,5960115.254436958,0,0.7181040385575024,3.7579199564996153,0,0.0,3472867.687402144,4344414994862.591,1900081.7334090518,434441499486259.06,8410449.274724258,3.2741809263825417e-09,1,18,1,1.5409588223154798e+16,1.54095882231548e+16,0
368,245000000.0,0,768618.6896462659,5959551.58398312,0,0.5153376113803771,1.2779215125850136,0,0.0,3588473.4251015047,4192658302552.215,1662672.3571998228,419265830255221.5,8472656.199867843,1.7316779121756554e-09,1,18,1,1.5460051025602394e+16,1.5460051025602392e+16,0
369,245000000.0,0,459153.06585549493,5977412.110833179,0,0.7822958760321526,4.346379820987814,0,0.0,3463635.410382407,4532090640903.319,1972137.9809905938,453209064090331.94,8469869.730847742,2.1100277081131935e-09,1,18,1,1.5401614538624568e+16,1.5401614538624568e+16,0
370,245000000.0,0,696562.4420647239,5976798.347633742,0,0.5088544773320118,1.2458879939604455,0,0.0,3580050.879654137,4306256745194.374,1734728.6047813648,430625674519437.4,8468250.267703004,2.6921043172478676e-09,1,18,1,1.5468967044502162e+16,1.5468967044502162e+16,0
371,245000000.0,0,777721.8182739529,5978374.531142746,0,0.6000758999053117,2.568311241661401,0,0.0,4172450.3867547074,4474994010213.924,1653569.2285721358,447499401021392.4,8468250.267703004,2.6921043172478676e-09,1,18,1,1.5395403136952218e+16,1.539540313695222e+16,0
372,245000000.0,0,464207.0549462057,5967513.75373344,0,0.7201334176540974,4.299160940779951,0,0.0,4216128.194540688,4834346448961.177,1967083.991899883,483434644896117.7,8452053.709555099,3.6961864680051804e-09,1,18,1,1.5398677336962498e+16,1.5398677336962496e+16,0
373,245000000.0,0,697567.2916184585,5951642.697781691,0,0.4669512144647666,1.2921190134023268,0,0.0,4623160.180029802,4745645548006.488,1733723.75522763,474564554800648.8,8452053.709555099,3.6961864680051804e-09,1,18,1,1.544445602311249e+16,1.544445602311249e+16,0
374,245000000.0,0,774677.5282907112,5967495.543991965,0,0.6482600853262247,2.5783910543434394,0,0.0,4189932.887373742,4670445162099.891,1656613.5185553771,467044516209989.06,8452041.123207446,3.3032847568392754e-09,1,18,1,1.5388358442363434e+16,1.5388358442363434e+16,0
375,245000000.0,0,461162.764962964,5988903.94219657,0,0.7797307820681904,4.327479735759917,0,0.0,3744553.6020185617,4803049066530.135,1970128.2818831243,480304906653013.5,8452041.123207446,3.3032847568392754e-09,1,18,1,1.5400964505629286e+16,1.540096450562929e+16,0
376,245000000.0,0,694523.0016352168,5995350.68652793,0,0.5273922850563993,1.3419132299981165,0,0.0,3879895.333061983,4728506996751.683,1736768.0452108714,472850699675168.25,8376336.076120682,3.3032847568392754e-09,1,18,1,1.5439929262413952e+16,1.5439929262413954e+16,0
377,245000000.0,0,381008.2383074695,6014656.159987617,0,0.8729091828395273,5.235489184372633,0,0.0,3714829.3934129383,5027071829324.5205,2050282.8085386185,502707182932452.06,8376336.076120682,3.3032847568392754e-09,1,18,1,1.539340115917546e+16,1.5393401159175458e+16,0
378,245000000.0,0,614368.4749797223,6022156.074674906,0,0.5196498512555565,1.306981226599285,0,0.0,3831244.862684668,4853667142933.749,1816922.5718663656,485366714293374.9,8376336.076120682,3.3032847568392754e-09,1,18,1,1.5452510065489932e+16,1.5452510065489932e+16,0
379,245000000.0,0,300853.71165197506,6046173.799002307,0,1.0108562788952358,6.625726048072975,0,0.0,3715210.4630079954,5267075847057.543,2130437.3351941127,526707584705754.3,8376753.658536269,3.3032847568392754e-09,1,18,1,1.5384498661973764e+16,1.5384498661973762e+16,0
380,245000000.0,0,534213.9483242278,6050408.9069691645,0,0.5127491211649187,1.2738217461127714,0,0.0,3831625.9322797256,5015865963738.053,1897077.0985218599,501586596373805.25,8376753.658536269,3.3032847568392754e-09,1,18,1,1.5461249827349602e+16,1.5461249827349606e+16,0
381,245000000.0,0,767574.1849964806,6027715.248203487,0,0.5407937036059245,1.519112534011041,0,0.0,4759402.738258893,5365196691482.846,1663716.861849607,536519669148284.56,8376753.658536269,3.3032847568392754e-09,1,18,1,1.538459534595705e+16,1.5384595345957052e+16,0
382,245000000.0,0,454059.42166873335,6027636.972858777,0,0.7172496207051731,4.395030417491118,0,0.0,4790729.877996092,5429184700164.059,1977231.625177354,542918470016405.9,8376748.927425453,5.1513779908418655e-09,1,18,1,1.539760046854798e+16,1.5397600468547982e+16,0
383,245000000.0,0,687419.6583409861,6030595.790573306,0,0.50917520890569,1.4744992480459431,0,0.0,4519316.7341644475,5349610348600.106,1743871.3885051012,534961034860010.6,8376748.927425453,5.1513779908418655e-09,1,18,1,1.53943304278158e+16,1.5394330427815798e+16,0
384,245000000.0,0,373904.8950132389,6047644.268804164,0,0.7770214182802925,5.334686280714939,0,0.0,4157766.977954062,5471100572520.341,2057386.1518328483,547110057252034.06,8369396.695013593,5.209585651755333e-09,1,18,1,1.5388052112259848e+16,1.538805211225985e+16,0
385,245000000.0,0,607265.1316854917,6060609.073092212,0,0.5432343981472176,1.4362130013951093,0,0.0,4118476.9381748335,5398174619020.849,1824025.9151605954,539817461902084.9,8369396.695013593,5.209585651755333e-09,1,18,1,1.5422325488759802e+16,1.5422325488759802e+16,0
386,245000000.0,0,293750.3683577444,6092572.924366016,0,1.023592301625531,6.785402885646474,0,0.0,4001375.4398221257,5658210354097.841,2137540.6784883426,565821035409784.1,8369396.695013593,5.209585651755333e-09,1,18,1,1.5383714156406468e+16,1.5383714156406466e+16,0
387,245000000.0,0,527110.6050299972,6098912.057809509,0,0.5346806179197071,1.3998646853864545,0,0.0,4121467.0252997857,5552317463151.177,1904180.4418160897,555231746315117.7,8369396.695013593,5.209585651755333e-09,1,18,1,1.5430644766086676e+16,1.5430644766086674e+16,0
388,245000000.0,0,760470.84170225,6134380.347675965,0,50.44641891074743,301.45297887347596,0,0.0,3651948.374105193,3875381553076.2266,1670820.2051438368,387538155307622.6,8369396.695013593,5.209585651755333e-09,1,18,1,1.538180020245587e+16,1.5381800202455872e+16,0
389,245000000.0,0,993831.0783745027,6137155.603566281,0,0.5272744420182007,1.3653107939101439,0,0.0,3729304.7229106007,3876365464150.7446,1437459.968471584,387636546415074.44,8369396.695013593,5.209585651755333e-09,1,18,1,1.543858146262218e+16,1.543858146262218e+16,0
390,245000000.0,0,680316.3150467556,6160787.94867521,0,0.6131151541212836,2.9354940661633053,0,0.0,3470175.835043755,3958314703895.112,1750974.731799331,395831470389511.2,8369396.695013593,5.209585651755333e-09,1,18,1,1.5426525503497818e+16,1.5426525503497816e+16,0
391,245000000.0,0,913676.5517190084,6155275.458814801,0,0.5200158385452925,1.3324216486040452,0,0.0,3590267.420521415,3958973246561.47,1517614.4951270781,395897324656147.0,8369396.695013593,5.209585651755333e-09,1,18,1,1.5446517725597678e+16,1.5446517725597678e+16,0
392,245000000.0,0,600161.7883912611,6170735.633187243,0,0.6585860284390976,3.326891426935334,0,0.0,3478013.5326545695,4154917134604.2754,1831129.2584548253,415491713460427.56,8369396.695013593,5.209585651755333e-09,1,18,1,1.5417678086038098e+16,1.5417678086038096e+16,0
393,245000000.0,0,833522.0250635139,6163818.238261955,0,0.5134651495082322,1.3010797725383842,0,0.0,3598105.11813223,4081232514647.006,1597769.0217825724,408123251464700.56,8369963.834756248,6.606569513678551e-09,1,18,1,1.5454451854081752e+16,1.5454451854081752e+16,0
394,245000000.0,0,520007.26173576666,6176672.411211416,0,0.7165443917458564,3.838718088759226,0,0.0,3485851.230265384,4369598785363.2485,1911283.7851103195,436959878536324.9,8369963.834756248,6.606569513678551e-09,1,18,1,1.5408818259741736e+16,1.5408818259741736e+16,0
395,245000000.0,0,753374.1954603367,6169908.657574052,0,0.5077846025748755,1.2711784881552926,0,0.0,3605936.1186907273,4221548528543.626,1677916.8513857494,422154852854362.6,8369997.4094202705,4.2273313738405704e-09,1,18,1,1.5462383362091352e+16,1.5462383362091354e+16,0
396,245000000.0,0,439866.12918490684,6187862.4010324115,0,0.7924465052367234,4.5365245084663,0,0.0,3492540.516663227,4601096505640.043,1991424.9176611793,460109650564004.3,8396195.420998462,3.688910510390997e-09,1,18,1,1.5399946461277994e+16,1.5399946461277992e+16,0
397,245000000.0,0,673233.0629094769,6181771.680371858,0,0.5021530904268731,1.2417501914534679,0,0.0,3611503.7820848674,4376351442760.95,1758057.9839366092,437635144276095.0,8396195.420998462,3.7107383832335472e-09,1,18,1,1.5470438256507928e+16,1.5470438256507928e+16,0
398,245000000.0,0,750349.996634047,6177535.784024965,0,0.5950389518380169,2.661875303067475,0,0.0,4235603.602255379,4585193055939.889,1680941.0502120391,458519305593988.9,8383628.7452993635,4.1254679672420025e-09,1,18,1,1.5394071830941226e+16,1.5394071830941228e+16,0
399,245000000.0,0,436841.9303586171,6161672.744802695,0,0.7308563439848547,4.5678585382671955,0,0.0,4322782.615331,4961947546985.643,1994449.116487469,496194754698564.25,8389549.27918091,4.998582880944014e-09,1,18,1,1.5395702419392752e+16,1.5395702419392752e+16,0
400,245000000.0,0,670208.8640831872,6141681.177976489,0,0.4632859227135313,1.298745569214033,0,0.0,4738655.47565563,4897121969934.102,1761082.182762899,489712196993410.1,8389549.27918091,5.2532413974404335e-09,1,18,1,1.5439424876649526e+16,1.5439424876649526e+16,0
401,245000000.0,0,747325.7978077573,6167093.419993351,0,27.84591490796521,301.2791813239527,0,0.0,3506364.69754521,3580963648877.9805,1683965.2490383289,358096364887798.06,8388973.35752885,4.765752237290144e-09,1,18,1,1.5383211842836688e+16,1.5383211842836686e+16,0
402,245000000.0,0,980692.7315323274,6173786.394188786,0,0.5099201929611843,1.2733476717876282,0,0.0,3541945.832504155,3561666342064.554,1450598.3153137588,356166634206455.44,8388973.35752885,4.765752237290144e-09,1,18,1,1.544990381655821e+16,1.544990381655821e+16,0
403,245000000.0,0,667184.6652568975,6188032.34095797,0,0.6200560673239269,2.9931845251657467,0,0.0,3257050.486696774,3739795472692.423,1764106.3815891887,373979547269242.3,8448532.652994335,5.449692253023386e-09,1,18,1,1.5425076824407636e+16,1.5425076824407638e+16,0
404,245000000.0,0,900551.5989814675,6199409.398000205,0,0.50390282226995,1.24689625396937,0,0.0,3395999.5661655124,3649368890004.5205,1530739.4478646186,364936889000452.06,8384457.366349409,4.96947905048728e-09,1,18,1,1.547116397253282e+16,1.5471163972532822e+16,0
405,245000000.0,0,587043.5327060376,6219225.402502906,0,0.6651544440080593,3.4011087424029167,0,0.0,3302589.7781851115,3992786661175.3223,1844247.5141400485,399278666117532.25,8384457.366349409,4.96947905048728e-09,1,18,1,1.5416232895924552e+16,1.5416232895924554e+16,0
406,245000000.0,0,820410.4664306077,6228685.960390171,0,0.500610509693258,1.2335904677753031,0,0.0,3444492.0814745007,3847559847697.141,1610880.5804154784,384755984769714.1,8372644.471066807,6.919435691088438e-09,1,18,1,1.547496149947499e+16,1.547496149947499e+16,0
407,245000000.0,0,506902.4001551778,6243431.284627552,0,0.7249157354926447,3.9377644196777695,0,0.0,3351082.2934940998,4260748927391.7534,1924388.6466909084,426074892739175.3,8372644.471066807,6.919435691088438e-09,1,18,1,1.5407373401051284e+16,1.5407373401051288e+16,0
408,245000000.0,0,759455.6367626872,6241081.071709756,0,0.49651590601082174,1.2156424359082887,0,0.0,3457572.8834868288,3974212278219.238,1671835.410083399,397421227821923.75,8475934.055784706,7.086782716214657e-09,1,18,1,1.5478761804682608e+16,1.5478761804682608e+16,0
409,245000000.0,0,855758.8733701967,6240342.320783649,0,0.5644938737781876,2.3343790909718662,0,0.0,4064389.780729145,4123590930726.292,1575532.1734758895,412359093072629.2,8475934.055784706,7.086782716214657e-09,1,18,1,1.540212902849471e+16,1.5402129028494706e+16,0
410,245000000.0,0,561437.1099777061,6225129.997603133,0,0.6305589116285999,3.555953127060332,0,0.0,4119532.925284667,4396726085840.302,1869853.93686838,439672608584030.2,8475934.055784706,7.086782716214657e-09,1,18,1,1.5407414393721526e+16,1.5407414393721526e+16,0
411,245000000.0,0,803556.322196659,6204473.2738008285,0,0.4606562153284596,1.2707345930682217,0,0.0,4546270.099602332,4334958802499.357,1627734.724649427,433495880249935.7,8434197.958230479,6.373738870024681e-09,1,18,1,1.5446452005110586e+16,1.5446452005110586e+16,0
412,245000000.0,0,889425.534415612,6196576.965318231,0,0.5855602004262092,2.2461170785186475,0,0.0,4179772.9951632125,4196100920417.586,1541865.5124304742,419610092041758.6,8434197.958230479,6.373738870024681e-09,1,19,1,1.5392231464368412e+16,1.5392231464368412e+16,0
413,245000000.0,0,584669.7466345648,6210393.824438069,0,0.5968971802365275,3.414893822828657,0,0.0,4035271.763757456,4424131710977.865,1846621.3002115213,442413171097786.5,8415872.038792375,6.701156962662935e-09,1,20,1,1.5408472314075284e+16,1.5408472314075284e+16,0
414,245000000.0,0,826788.9588535178,6214415.826140343,0,0.4961902630049232,1.3310572789456323,0,0.0,4028889.856953528,4325424494946.858,1604502.0879925685,432542449494685.8,8415872.038792375,6.5847416408360004e-09,1,21,1,1.5430419804018744e+16,1.5430419804018746e+16,0
415,245000000.0,0,522033.1710724707,6251500.07444862,0,0.7115573113759562,3.8238492520446337,0,0.0,3675213.5502861626,4458211618922.904,1909257.8757736157,445821161892290.44,8415872.038792375,6.5847416408360004e-09,1,21,1,1.540486626287286e+16,1.5404866262872858e+16,0
416,245000000.0,0,764152.3832914237,6266756.398582045,0,0.5104828557413654,1.3045139700351025,0,0.0,3774707.1795429336,4362723850433.261,1667138.6635546628,436272385043326.1,8415872.038792375,6.81757228448987e-09,1,21,1,1.544553333189953e+16,1.544553333189953e+16,0
417,245000000.0,0,459396.5955103766,6299795.930261162,0,0.7666697309094036,4.3440807762335485,0,0.0,3577280.8728755685,4619076080071.7295,1971894.45133571,461907608007172.94,8415872.038792375,6.5847416408360004e-09,1,21,1,1.5401163420820176e+16,1.5401163420820178e+16,0
418,245000000.0,0,701515.8077293296,6304885.759416073,0,0.5029445930532467,1.2790085912112592,0,0.0,3702957.765751238,4439127709561.692,1729775.2391167572,443912770956169.25,8415872.038792375,6.5847416408360004e-09,1,21,1,1.5458992704384876e+16,1.5458992704384876e+16,0
419,245000000.0,0,396760.0199482825,6327726.728603881,0,0.8386489472911807,5.028157430855026,0,0.0,3540916.884649613,4785933002834.201,2034531.0268978043,478593300283420.1,8442728.488922428,6.30825525149703e-09,1,21,1,1.539422289325762e+16,1.5394222893257618e+16,0
420,245000000.0,0,638879.2321672355,6323528.285867794,0,0.49550301943914016,1.2440035250802368,0,0.0,3653165.552460256,4508021480463.426,1792411.8146788515,450802148046342.56,8442728.488922428,6.30825525149703e-09,1,21,1,1.5469085824281354e+16,1.546908582428136e+16,0
421,245000000.0,0,880998.4443861884,6300189.467141031,0,0.523929498806449,1.474626486726362,0,0.0,4578651.208745154,4838083872108.564,1550292.6024598987,483808387210856.44,8442728.488922428,6.30825525149703e-09,1,21,1,1.539277085313086e+16,1.5392770853130858e+16,0
422,245000000.0,0,576242.6566051412,6301066.172361352,0,0.6165687127540005,3.464747411014855,0,0.0,4598249.675293731,4838002894769.23,1855048.3902409459,483800289476923.06,8451320.848781645,6.715708877891302e-09,1,21,1,1.5410213546225922e+16,1.5410213546225922e+16,0
423,245000000.0,0,818361.8688240942,6302961.411035748,0,0.496651117667014,1.4282888473720283,0,0.0,4334260.397147963,4736213731766.112,1612929.178021993,473621373176611.25,8451320.848781645,6.599293556064367e-09,1,21,1,1.5403065830035362e+16,1.5403065830035362e+16,0
424,245000000.0,0,513606.08104304713,6317793.82561685,0,0.6454401608847344,3.886467870621021,0,0.0,3934124.517249097,4774731637367.529,1917684.9658030402,477473163736752.94,8451320.848781645,6.599293556064367e-09,1,21,1,1.540229452655151e+16,1.5402294526551512e+16,0
425,245000000.0,0,755725.2932620001,6330698.600428477,0,0.5220822407748318,1.3847746497861275,0,0.0,3873252.802691083,4677906005856.096,1675565.7535840874,467790600585609.56,8451320.848781645,6.599293556064367e-09,1,21,1,1.543228020205658e+16,1.5432280202056578e+16,0
426,245000000.0,0,450969.505480953,6354311.112432869,0,0.7743668213140696,4.425077302221409,0,0.0,3723424.983826639,4854853638626.002,1980321.5413651345,485485363862600.2,8451320.848781645,6.599293556064367e-09,1,21,1,1.5400233626070138e+16,1.540023362607014e+16,0
427,245000000.0,0,693088.717699906,6358046.055425802,0,0.5138136829764356,1.3438334668410532,0,0.0,3835673.6516372813,4723311690056.787,1738202.3291461817,472331169005678.7,8451320.848781645,6.599293556064367e-09,1,21,1,1.5442890972136068e+16,1.544289097213607e+16,0
428,245000000.0,0,388332.9299188589,6379873.397804145,0,0.8490582185311218,5.136991624152678,0,0.0,3698058.8950100187,4994461136630.357,2042958.1169272289,499446113663035.75,8451320.848781645,6.599293556064367e-09,1,21,1,1.5393291573756986e+16,1.5393291573756984e+16,0
429,245000000.0,0,630452.1421378119,6375217.116548545,0,0.5061911784432186,1.305243636700599,0,0.0,3810307.562820662,4788333928785.533,1800838.904708276,478833392878553.3,8451320.848781645,6.599293556064367e-09,1,21,1,1.5452545167302178e+16,1.545254516730218e+16,0
430,245000000.0,0,325696.3543567648,6389236.07791001,0,0.950045486969248,6.121892617803516,0,0.0,3672692.8061933992,5149659784768.756,2105594.692489323,514965978476875.56,8451320.848781645,6.599293556064367e-09,1,21,1,1.5386333893192712e+16,1.5386333893192716e+16,0
431,245000000.0,0,567815.5665757178,6382282.665893715,0,0.49950974957906635,1.2688082479581173,0,0.0,3784941.4740040414,4868947317648.325,1863475.4802703704,486894731764832.5,8451320.848781645,6.599293556064367e-09,1,21,1,1.5462196269667438e+16,1.5462196269667438e+16,0
432,245000000.0,0,809934.7787946707,6357309.420555041,0,0.5313507391357328,1.5096100121669624,0,0.0,4710427.13028894,5196208764543.809,1621356.2680514175,519620876454380.9,8451320.848781645,6.599293556064367e-09,1,21,1,1.5385858593027824e+16,1.5385858593027822e+16,0
433,245000000.0,0,505178.9910136238,6356909.390717057,0,0.6629308376095581,3.9511714936943525,0,0.0,4732173.686802321,5202796627399.435,1926112.0558324647,520279662739943.44,8451229.868976282,4.765752237290144e-09,1,21,1,1.5402358857893822e+16,1.5402358857893822e+16,0
434,245000000.0,0,747298.2032325767,6358757.799992349,0,0.5036796578636412,1.4610836762796418,0,0.0,4468184.04108438,5098205761367.311,1683992.8436135119,509820576136731.06,8451230.604120629,4.634785000234842e-09,1,21,1,1.5396166383067734e+16,1.5396166383067732e+16,0
435,245000000.0,0,442542.41545152967,6373526.126378492,0,0.7060093853391883,4.509151617357687,0,0.0,4068047.7936133407,5142894779213.18,1988748.631394559,514289477921318.0,8451230.604120629,4.634785000234842e-09,1,21,1,1.5394424668836856e+16,1.5394424668836858e+16,0
436,245000000.0,0,684661.6276704826,6386506.456426557,0,0.5272814132076606,1.415579748307915,0,0.0,4007175.711483153,5043267107335.606,1746629.4191756062,504326710733560.6,8451230.604120629,4.634785000234842e-09,1,21,1,1.5425387090989252e+16,1.5425387090989254e+16,0
437,245000000.0,0,379905.83988943556,6410410.456714663,0,0.8609817207505626,5.2506414723925845,0,0.0,3857347.525046536,5226386319076.96,2051385.2069566534,522638631907696.0,8451230.604120629,4.634785000234842e-09,1,21,1,1.5392356973668358e+16,1.5392356973668358e+16,0
438,245000000.0,0,622025.0521083885,6413526.18554802,0,0.5211707568037802,1.385096066133904,0,0.0,3995528.1470517647,5141112389108.727,1809265.9947377006,514111238910872.6,8399130.22887589,4.009052645415068e-09,1,21,1,1.5435989792439008e+16,1.5435989792439008e+16,0
439,245000000.0,0,317269.26432734146,6434770.764607566,0,0.9656737539611105,6.283987252828129,0,0.0,3868327.6942710415,5432986778784.06,2114021.7825187477,543298677878405.94,8460729.366845638,3.863533493131399e-09,1,21,1,1.538539933280762e+16,1.538539933280762e+16,0
440,245000000.0,0,559388.4765462944,6430209.205513893,0,0.517986750526524,1.3678670421506964,0,0.0,4006390.4504206604,5298124012566.812,1871902.570299795,529812401256681.1,8460729.366845638,3.863533493131399e-09,1,21,1,1.5439980563582948e+16,1.5439980563582946e+16,0
441,245000000.0,0,645257.6887652474,6455069.197570062,0,27.894452476916094,301.46839690823117,0,0.0,3546083.9943513265,4119737950436.8364,1786033.358080842,411973795043683.6,8460729.366845638,3.863533493131399e-09,1,21,1,1.5382141290741944e+16,1.5382141290741942e+16,0
442,245000000.0,0,887376.9009842003,6442641.198602586,0,0.5153191799884782,1.3510613711681674,0,0.0,3651465.555620347,4112978990759.813,1543914.1458618892,411297899075981.3,8422977.29749222,1.1859810911118984e-09,1,21,1,1.5443969631344572e+16,1.5443969631344572e+16,0
443,245000000.0,0,582621.1132031532,6451991.547645123,0,0.6641928991309024,3.4268808217426807,0,0.0,3521466.3667404307,4283977542410.999,1848669.9336429364,428397754241099.9,8495771.37985874,1.811713445931673e-09,1,21,1,1.5414802343109458e+16,1.5414802343109458e+16,0
444,245000000.0,0,824740.3254221062,6445743.527957062,0,0.5126894685416563,1.3346636385735247,0,0.0,3659529.1228900496,4239146844847.843,1606550.7214239836,423914684484784.25,8495771.37985874,1.811713445931673e-09,1,21,1,1.5447958695997112e+16,1.5447958695997116e+16,0
445,245000000.0,0,519984.53764105914,6453817.348788969,0,0.7111075156939738,3.8388855244259337,0,0.0,3562949.477969799,4477310825163.194,1911306.5092050307,447731082516319.44,8434887.28638659,8.221832104027271e-10,1,21,1,1.5407876314337192e+16,1.5407876314337192e+16,0
446,245000000.0,0,762103.7498600121,6448033.122675654,0,0.5101504174734417,1.3186591691243839,0,0.0,3701012.6411103383,4382918445366.1025,1669187.296986078,438291844536610.25,8434885.658422912,1.1859810911118984e-09,1,21,1,1.5451947357362196e+16,1.5451947357362194e+16,0
447,245000000.0,0,457347.96207896504,6456599.446709937,0,0.7690300457064652,4.363497092751198,0,0.0,3589211.9728220515,4676279156530.612,1973943.084767125,467627915653061.25,8434885.658422912,1.1859810911118984e-09,1,21,1,1.540094176527899e+16,1.5400941765278988e+16,0
448,245000000.0,0,699467.174297918,6451045.449694507,0,0.5076745123331443,1.3030339831436646,0,0.0,3727274.7289716704,4532324893075.492,1731823.8725481723,453232489307549.25,8434885.658422912,1.1859810911118984e-09,1,21,1,1.5455935817602764e+16,1.5455935817602762e+16,0
449,245000000.0,0,394711.38651687093,6462564.145909599,0,0.8427271768491412,5.054188654019768,0,0.0,3615474.0606833836,4884417171737.769,2036579.6603292194,488441717173776.9,8434885.658422912,1.1859810911118984e-09,1,21,1,1.539399746461408e+16,1.5393997464614082e+16,0
450,245000000.0,0,636830.5987358239,6457418.095361225,0,0.5052548925653346,1.287774755792375,0,0.0,3753536.8168330025,4690901125336.666,1794460.4481102666,469090112533666.6,8434885.658422912,1.1859810911118984e-09,1,21,1,1.5459924124691308e+16,1.5459924124691306e+16,0
451,245000000.0,0,332074.8109547768,6471700.153567341,0,0.9405791665458261,6.0046570146415235,0,0.0,3641121.057291978,5101573142013.68,2099216.2358913138,510157314201368.0,8437346.023433862,8.221832104027271e-10,1,21,1,1.538704101596673e+16,1.538704101596673e+16,0
452,245000000.0,0,574194.0231737298,6467124.928202723,0,0.5028857215938483,1.2728687791709,0,0.0,3779183.813441597,4858495312666.595,1857097.023672361,485849531266659.5,8437346.023433862,8.221832104027271e-10,1,21,1,1.5463912319616452e+16,1.546391231961645e+16,0
453,245000000.0,0,816313.2353926827,6442384.278626165,0,0.5407686473686478,1.5303272655926834,0,0.0,4712638.901402803,5233984619270.682,1614977.811453408,523398461927068.2,8437346.023433862,8.221832104027271e-10,1,21,1,1.5386107677674962e+16,1.5386107677674966e+16,0
454,245000000.0,0,511557.44761163555,6443456.087731309,0,0.6631855147973365,3.902001637707933,0,0.0,4724510.232929825,5266772511468.942,1919733.5992344553,526677251146894.25,8437346.023433862,9.38598532229662e-10,1,21,1,1.5403044863208396e+16,1.5403044863208396e+16,0
455,245000000.0,0,753676.6598305885,6446405.001173509,0,0.5155656465391057,1.5093231956113942,0,0.0,4494743.617001819,5239338385336.6,1677614.3870155024,523933838533659.94,8437346.023433862,8.221832104027271e-10,1,21,1,1.539290428779355e+16,1.5392904287793548e+16,0
456,245000000.0,0,448920.87204954145,6461730.379188958,0,0.703728439048744,4.4452260925111675,0,0.0,4153334.1593139656,5289266616177.805,1982370.1747965496,528926661617780.5,8437346.023433862,8.221832104027271e-10,1,21,1,1.5395126210432718e+16,1.5395126210432718e+16,0
457,245000000.0,0,691040.0842684944,6475362.931540042,0,0.5440771125968431,1.4888878899497087,0,0.0,4118276.5330949277,5298103443066.857,1740250.9625775968,529810344306685.75,8437346.023433862,8.221832104027271e-10,1,21,1,1.541389233013898e+16,1.5413892330138982e+16,0
458,245000000.0,0,386284.29648744734,6499741.30243145,0,0.8537623270943125,5.164164976838466,0,0.0,4031762.436081631,5478294710054.589,2045006.750358644,547829471005458.9,8386772.880883879,3.710738383233547e-10,1,21,1,1.5393063580174122e+16,1.5393063580174124e+16,0
459,245000000.0,0,628403.5087064003,6505796.076327999,0,0.5452125253121267,1.4967985470787049,0,0.0,4195111.763506241,5550151183800.096,1802887.538139691,555015118380009.56,8386772.880883879,3.710738383233547e-10,1,21,1,1.5415101832546436e+16,1.5415101832546434e+16,0
460,245000000.0,0,323647.72092535323,6524484.580692333,0,0.9551323047934585,6.160523764957719,0,0.0,4108597.6664929455,5760856080175.59,2107643.3259207383,576085608017559.0,8386772.880883879,3.710738383233547e-10,1,21,1,1.5386106725182698e+16,1.5386106725182696e+16,0
461,245000000.0,0,565766.9331443062,6522914.188695107,0,0.5468307955437084,1.5047937139419845,0,0.0,4271946.993917556,5810247207529.154,1865524.1137017854,581024720752915.4,8386772.880883879,3.710738383233547e-10,1,21,1,1.5413543890733338e+16,1.5413543890733336e+16,0
462,245000000.0,0,651636.1453632591,6547919.7625443805,0,27.947461576290355,302.05887441247125,0,0.0,3836927.1091232123,4522806372504.479,1779654.9014828326,452280637250447.9,8386772.880883879,3.710738383233547e-10,1,21,1,1.5382177759031628e+16,1.538217775903163e+16,0
463,245000000.0,0,737505.3575822121,6559476.08230083,0,0.6390759687701775,2.708172634722363,0,0.0,3801907.224328869,4604369446247.056,1693785.6892638798,460436944624705.56,8386772.880883879,3.710738383233547e-10,1,21,1,1.5412582352653874e+16,1.5412582352653872e+16,0
464,245000000.0,0,432749.569801165,6572170.637385092,0,0.7953525760178172,4.61095558185065,0,0.0,3715393.1273155734,4901927223555.519,1998541.477044927,490192722355551.9,8386772.880883879,3.710738383233547e-10,1,21,1,1.5398219627979164e+16,1.5398219627979162e+16,0
465,245000000.0,0,674868.782020118,6564926.697562963,0,0.517156127285324,1.3594925312446584,0,0.0,3878742.4547401834,4846764061532.639,1756422.2648259741,484676406153263.9,8386772.880883879,3.710738383233547e-10,1,21,1,1.5444724177447732e+16,1.5444724177447728e+16,0
466,245000000.0,0,370112.9942390709,6569814.764936416,0,0.8769218749995317,5.3891942105147645,0,0.0,3774200.5787265254,5151226831008.399,2061178.0526070213,515122683100839.94,8422828.438884603,2.255546860396862e-10,1,21,1,1.539127013684194e+16,1.539127013684194e+16,0
467,245000000.0,0,612232.2064580239,6562906.171945288,0,0.5165860301909078,1.3494679088240815,0,0.0,3919522.127150773,5030340832695.428,1819058.8403880685,503034083269542.75,8422828.438884603,2.255546860396862e-10,1,21,1,1.5445145726648196e+16,1.5445145726648196e+16,0
468,245000000.0,0,307476.4186769768,6569388.444336063,0,0.9878724617191516,6.4834777600757665,0,0.0,3814980.251137115,5385173176048.5205,2123814.6281691156,538517317604852.06,8500775.228064848,1.4551915228366852e-11,1,21,1,1.538430681484845e+16,1.538430681484845e+16,0
469,245000000.0,0,549595.6308959298,6560781.410404367,0,0.5159461779727904,1.3395900433161967,0,0.0,3960301.7995613636,5222242009269.883,1881695.4159501628,522224200926988.25,8500775.228064848,1.4551915228366852e-11,1,21,1,1.544753930183612e+16,1.544753930183612e+16,0
470,245000000.0,0,635464.8431148827,6580605.349119505,0,27.974723506487965,302.2760968948578,0,0.0,3507247.7655881764,4086148042377.1846,1795826.20373121,408614804237718.44,8500798.482451957,1.4988472685217857e-09,1,21,1,1.538160875244671e+16,1.538160875244671e+16,0
471,245000000.0,0,877584.0553338357,6572186.019929123,0,0.5153540805518927,1.3298547511124916,0,0.0,3610448.988630061,4056040827797.306,1553706.9915122571,405604082779730.6,8500798.482451957,1.4988472685217857e-09,1,21,1,1.5449932876951866e+16,1.5449932876951864e+16,0
472,245000000.0,0,572828.2675527886,6584170.36272871,0,0.6732269680118339,3.4853633274802247,0,0.0,3505905.9994529933,4273521726816.525,1858462.7792933043,427352172681652.5,8500798.482451957,1.4988472685217857e-09,1,21,1,1.5413716246569304e+16,1.5413716246569306e+16,0
473,245000000.0,0,814947.4797717415,6578666.842378231,0,0.5148111249555114,1.3202599378752697,0,0.0,3651226.434713831,4215652096532.119,1616343.5670743515,421565209653211.94,8500798.482451957,1.4988472685217857e-09,1,21,1,1.545232644658944e+16,1.545232644658944e+16,0
474,245000000.0,0,510191.6919906945,6588728.249186395,0,0.7216799912855419,3.9124266519503745,0,0.0,3546683.4455367625,4483503835614.238,1921099.3548553986,448350383561423.8,8500798.482451957,1.4988472685217857e-09,1,21,1,1.5406788360665526e+16,1.5406788360665528e+16,0
475,245000000.0,0,752310.9042096474,6580757.383243858,0,0.5143449479027984,1.3108025847463003,0,0.0,3692003.8807976004,4383587868004.774,1678980.1426364458,438358786800477.4,8490965.776836516,2.1973391994833946e-09,1,21,1,1.5454719804990656e+16,1.5454719804990658e+16,0
476,245000000.0,0,447555.1164286004,6589061.799671029,0,0.7816350091093739,4.458760867391319,0,0.0,3587460.8916205326,4701810447149.792,1983735.930417493,470181044714979.2,8490965.776836516,2.1973391994833946e-09,1,21,1,1.5399852285864722e+16,1.5399852285864722e+16,0
477,245000000.0,0,689674.3286475533,6581379.608256014,0,0.5134883575582165,1.3014797587514984,0,0.0,3732781.3268813705,4559848142215.2705,1741616.7181985402,455984814221527.06,8490965.776836516,2.1973391994833946e-09,1,21,1,1.5457114347930582e+16,1.5457114347930588e+16,0
478,245000000.0,0,388230.58765111363,6593404.115235547,0,0.8537370158843379,5.138342318031536,0,0.0,3621614.2441350874,4913924421540.087,2043060.4591949799,491392442154008.7,8504213.963974945,2.5902409106492996e-09,1,21,1,1.5392911765040474e+16,1.5392911765040474e+16,0
479,245000000.0,0,633661.8466546739,6586267.678027745,0,0.5126395743909256,1.2922886097683233,0,0.0,3766934.6793959253,4720573712498.354,1797629.2001914196,472057371249835.4,8504213.963974945,2.5902409106492996e-09,1,21,1,1.545950888310005e+16,1.545950888310005e+16,0
480,245000000.0,0,332218.1056582342,6600851.891207459,0,0.9424464046015874,6.002074815380242,0,0.0,3655767.596649642,5120612338256.264,2099072.9411878595,512061233825626.4,8504213.963974945,2.5902409106492996e-09,1,21,1,1.5386690561730954e+16,1.5386690561730952e+16,0
481,245000000.0,0,577649.3646617945,6593967.520676817,0,0.5117244907535907,1.2832263676207731,0,0.0,3801088.03191048,4888051900600.993,1853641.6821842992,488805190060099.3,8504213.963974945,2.5902409106492996e-09,1,21,1,1.5461903631623926e+16,1.5461903631623926e+16,0
482,245000000.0,0,666830.6236653548,6589043.14857371,0,0.6361147534097739,2.994771322439664,0,0.0,4387015.357608175,5074334771275.786,1764460.423180739,507433477127578.6,8504213.963974945,2.5902409106492996e-09,1,21,1,1.5384095042480722e+16,1.5384095042480718e+16,0
483,245000000.0,0,756011.8826689151,6610020.128585997,0,27.88022667696082,301.7052115528083,0,0.0,3469413.425089307,3733865163257.0464,1675279.1641771786,373386516325704.6,8587207.617355011,2.5029294192790985e-09,1,21,1,1.5387883588596038e+16,1.538788358859604e+16,0
484,245000000.0,0,1001443.1416724754,6590667.385376484,0,0.5132322201925896,1.3339779657123156,0,0.0,4025230.6504749367,3849144220288.6626,1429847.9051736183,384914422028866.25,8526488.25302954,2.5320332497358322e-09,1,21,1,1.543305732386948e+16,1.543305732386948e+16,0
485,245000000.0,0,699999.4006760358,6577086.188903165,0,0.5651388734233332,2.8530694863237014,0,0.0,4064635.2495027,3977831395964.413,1731291.646170058,397783139596441.3,8526488.25302954,2.5320332497358322e-09,1,21,1,1.5423475120825614e+16,1.5423475120825616e+16,0
486,245000000.0,0,945430.6596795961,6576024.024116481,0,0.48435748064669704,1.2896729841609946,0,0.0,3789545.279607553,3749509176817.4277,1485860.3871664978,374950917681742.75,8522805.014493888,3.1723175197839737e-09,1,21,1,1.544162642621286e+16,1.5441626426212862e+16,0
487,245000000.0,0,643986.9186831564,6585344.338507986,0,0.5788210339928374,3.100838082240984,0,0.0,3458265.749263649,3901742340804.1064,1787304.1281629375,390174234080410.6,8522805.014493888,3.1723175197839737e-09,1,21,1,1.5416590376972744e+16,1.5416590376972748e+16,0
488,245000000.0,0,889418.1776867167,6600481.638698566,0,0.5052560646113893,1.2489341182666285,0,0.0,3403731.1633747024,3689012303879.1577,1541872.8691593772,368901230387915.75,8522805.014493888,3.1723175197839737e-09,1,21,1,1.5466952810706418e+16,1.5466952810706418e+16,0
489,245000000.0,0,587974.436690277,6622303.847048331,0,0.6647063203094091,3.3957331174489274,0,0.0,3250282.396989909,3953694344569.318,1843316.610155817,395369434456931.8,8533310.919359107,1.949956640601158e-09,1,21,1,1.541502063355657e+16,1.541502063355657e+16,0
490,245000000.0,0,833405.6956938372,6631421.036392259,0,0.4970655743335495,1.210690201878748,0,0.0,3355947.62482854,3707696710405.9473,1597885.3511522566,370769671040594.75,8535159.734107304,2.066371962428093e-09,1,21,1,1.547804971397082e+16,1.5478049713970816e+16,0
491,245000000.0,0,531961.9546973975,6654076.327056403,0,0.7040582755136353,3.7526130756097777,0,0.0,3205125.3346600505,4067232487629.7754,1899329.0921486963,406723248762977.56,8549189.325271713,3.106833901256323e-09,1,21,1,1.5408831894697324e+16,1.5408831894697324e+16,0
492,245000000.0,0,777393.2137009578,6654991.031457916,0,0.48929872862527274,1.1747188493496439,0,0.0,3310790.5624986812,3743530969313.29,1653897.833145136,374353096931329.0,8549189.325271713,3.106833901256323e-09,1,21,1,1.5489144944473426e+16,1.5489144944473426e+16,0
493,245000000.0,0,1024741.2850742185,6634897.7462024605,0,0.5237428972198426,1.3751470412725593,0,0.0,4191015.0001015924,3994277966011.1616,1406549.7617718752,399427796601116.2,8556759.594284147,5.806214176118374e-09,1,21,1,1.5414881951609426e+16,1.5414881951609428e+16,0
494,245000000.0,0,725214.3564474792,6639313.881730547,0,0.5504305807967536,2.7540077970692702,0,0.0,4123672.240187034,3995068972333.139,1706076.6903986144,399506897233313.94,8639874.902466424,5.980837158858776e-09,1,21,1,1.5426064719949962e+16,1.5426064719949962e+16,0
495,245000000.0,0,972562.4278207399,6644944.600256238,0,0.4931077886881028,1.328925998502214,0,0.0,3814654.7736567077,3815500092203.891,1458728.6190253536,381550009220389.1,8639874.902466424,5.980837158858776e-09,1,21,1,1.5431125674590848e+16,1.5431125674590846e+16,0
496,245000000.0,0,673036.1899074772,6666945.710458558,0,0.568452292729056,2.9671997289559977,0,0.0,3485552.981734546,3891858227419.8076,1758254.8569386164,389185822741980.75,8637696.834323116,5.2241375669837e-09,1,21,1,1.5419799493270672e+16,1.5419799493270672e+16,0
497,245000000.0,0,920384.9519942146,6684565.929203515,0,0.508216507647858,1.2857110522085835,0,0.0,3440995.3814696018,3739853029600.013,1510906.0948518792,373985302960001.3,8637696.834323116,5.4569682106375694e-09,1,21,1,1.5456919328722902e+16,1.5456919328722902e+16,0
498,245000000.0,0,620858.7140809519,6714097.018082068,0,0.6417410647981693,3.2161646282561307,0,0.0,3286338.0851347577,3924271016207.151,1810432.332765142,392427101620715.06,8637696.834323116,5.2241375669837e-09,1,21,1,1.5418447683411668e+16,1.5418447683411668e+16,0
499,245000000.0,0,868207.4761676892,6723628.277075533,0,0.49926857188590756,1.2452181755248488,0,0.0,3392003.3129733894,3734436236809.495,1563083.5706784048,373443623680949.5,8637699.3844228,4.511093720793724e-09,1,21,1,1.5468019010027146e+16,1.5468019010027144e+16,0
500,245000000.0,0,568681.2382544265,6743907.699027535,0,0.6748413055906354,3.5107352422703024,0,0.0,3248179.465496597,4012833603058.2476,1862609.8085916676,401283360305824.75,8594365.588990595,3.6452547647058964e-09,1,21,1,1.5412686146307054e+16,1.5412686146307056e+16,0
501,245000000.0,0,816122.9388120518,6737331.108094629,0,0.49209282580100977,1.2104783607985097,0,0.0,3362731.045938709,3760071166530.3506,1615168.1080340422,376007116653035.06,8576778.760725409,4.591129254549742e-09,1,21,1,1.5479111514302526e+16,1.5479111514302526e+16,0
502,245000000.0,0,516689.63936967705,6754713.012427692,0,0.7143176429522878,3.8633185752667147,0,0.0,3216867.163736458,4130199719663.3423,1914601.4074764168,413019971966334.25,8576778.760725409,4.1254679672420025e-09,1,21,1,1.5406928709311724e+16,1.5406928709311722e+16,0
503,245000000.0,0,764131.3399273023,6747024.110688651,0,0.486490532258367,1.1807456880461267,0,0.0,3331511.682649458,3809690164135.3687,1667159.7069187914,380969016413536.9,8576778.760725409,4.1254679672420025e-09,1,21,1,1.5488234400258926e+16,1.5488234400258926e+16,0
504,245000000.0,0,1011572.2623057974,6746938.253278345,0,0.5299403682148365,1.3877227313910638,0,0.0,3840748.1142201456,3983625662730.4673,1419718.7845402963,398362566273046.75,8576775.648008889,2.240994945168495e-09,1,21,1,1.5413166405178662e+16,1.541316640517866e+16,0
505,245000000.0,0,712138.516101676,6771704.938473674,0,0.5935751478846444,2.804504251057517,0,0.0,3479076.8272451796,3897972836402.4775,1719152.5307444178,389797283640247.75,8569561.105606638,1.6589183360338211e-09,1,21,1,1.542851179821536e+16,1.5428511798215356e+16,0
506,245000000.0,0,959579.7698975545,6773694.543206015,0,0.5199356471886485,1.352075227601864,0,0.0,3597329.2801940725,3904918725254.175,1471711.2769485393,390491872525417.5,8575466.279483387,1.57160684466362e-09,1,21,1,1.5439050810020052e+16,1.5439050810020052e+16,0
507,245000000.0,0,660146.023693433,6785391.064179174,0,0.6203850297268195,3.0250503343076605,0,0.0,3423082.622847127,3979978886677.1333,1771145.0231526608,397997888667713.3,8575466.279483387,1.57160684466362e-09,1,21,1,1.5422773975572738e+16,1.5422773975572738e+16,0
508,245000000.0,0,907587.2774893115,6786548.6408215165,0,0.5124928101713936,1.3182132670184907,0,0.0,3541335.0757960193,3913508955619.975,1523703.7693567823,391350895561997.5,8575466.279483387,1.57160684466362e-09,1,21,1,1.5449890216069476e+16,1.5449890216069478e+16,0
509,245000000.0,0,608153.53128519,6796669.918037634,0,0.6508833957615573,3.2832445307842293,0,0.0,3399080.021153155,4074190092456.612,1823137.5155609038,407419009245661.2,8575466.279483387,1.57160684466362e-09,1,21,1,1.5417033138823712e+16,1.541703313882371e+16,0
510,245000000.0,0,855594.7850810685,6792994.33723561,0,0.5065083124591496,1.286005973593665,0,0.0,3517332.4741020473,3943317796457.1704,1575696.2617650253,394331779645717.06,8575466.279483387,1.57160684466362e-09,1,21,1,1.5458225216275414e+16,1.5458225216275416e+16,0
511,245000000.0,0,556161.038876947,6806594.541339637,0,0.6861130312032979,3.589626446298795,0,0.0,3373774.1816954073,4178143298851.2803,1875130.0079691468,417814329885128.0,8578072.755010938,1.57160684466362e-09,1,21,1,1.5411288485202894e+16,1.5411288485202894e+16,0
512,245000000.0,0,803602.2926728255,6798556.049814223,0,0.5007281498609658,1.2543089321057208,0,0.0,3490723.3968805242,3980104267464.535,1627688.7541732683,398010426746453.5,8578072.755010938,1.57160684466362e-09,1,21,1,1.5466701674407964e+16,1.5466701674407962e+16,0
513,245000000.0,0,504168.546468704,6815951.909807492,0,0.7275259771760619,3.959074677116508,0,0.0,3338590.3286507344,4289798351872.165,1927122.5003773898,428979835187216.5,8612371.858303538,1.8480932340025902e-09,1,21,1,1.5405538992652122e+16,1.5405538992652124e+16,0
514,245000000.0,0,751609.8002645825,6808518.583284918,0,0.49519718961453246,1.2241368206324905,0,0.0,3455539.543835852,4026133015449.337,1679681.2465815113,402613301544933.7,8612371.858303538,1.8480932340025902e-09,1,21,1,1.5475319922171322e+16,1.5475319922171318e+16,0
515,245000000.0,0,842801.054060461,6825831.66129541,0,0.6052750141513921,2.370226951454713,0,0.0,3802255.5644381223,4135347257684.483,1588489.9927856328,413534725768448.3,8612371.858303538,1.8480932340025902e-09,1,21,1,1.5402250243764156e+16,1.5402250243764154e+16,0
516,245000000.0,0,543367.3078563395,6830449.12905261,0,0.6967575173485429,3.6739899166167547,0,0.0,3422131.4880530825,4266512475492.116,1887923.7389897543,426651247549211.6,8612371.858303538,3.3905962482094765e-09,1,21,1,1.5409874080124074e+16,1.5409874080124076e+16,0
517,245000000.0,0,790808.561652218,6834758.913896762,0,0.5040007459080094,1.2693835050602333,0,0.0,3526422.9345741565,4080384670944.7085,1640482.4851938759,408038467094470.9,8663002.932959711,1.8480932340025902e-09,1,21,1,1.5462057704447626e+16,1.5462057704447626e+16,0
518,245000000.0,0,488719.20672501763,6839425.960309665,0,0.7421130718521288,4.083972963557912,0,0.0,3381908.5843790425,4387264099587.2485,1942571.8401210762,438726409958724.9,8652380.498067396,3.1868694350123405e-09,1,21,1,1.5404117685809222e+16,1.540411768580922e+16,0
519,245000000.0,0,733504.8517978173,6843118.831301579,0,0.4989402325575607,1.2384907358232107,0,0.0,3498857.7995641595,4143418263945.3325,1697786.1950482766,414341826394533.25,8652380.498067396,3.1868694350123405e-09,1,21,1,1.5471165288973542e+16,1.5471165288973538e+16,0
520,245000000.0,0,822040.4968706169,6849014.013934319,0,0.6128642271942204,2.4300140850959884,0,0.0,3835571.660225466,4257344028438.8545,1609250.549975477,425734402843885.44,8652380.498067396,3.1868694350123405e-09,1,21,1,1.5399697346442882e+16,1.5399697346442884e+16,0
521,245000000.0,0,519951.14194341656,6855191.16623741,0,0.7157054014740366,3.8391316171013044,0,0.0,3473416.5699506267,4397569132872.02,1911339.9049026773,439756913287202.0,8652380.498067396,3.1868694350123405e-09,1,21,1,1.5407572375806288e+16,1.5407572375806286e+16,0
522,245000000.0,0,764736.7870162162,6859204.318205058,0,0.5088223355048891,1.2848248250276622,0,0.0,3590365.7851357437,4229790356458.608,1666554.2598298776,422979035645860.8,8652380.498067396,3.1868694350123405e-09,1,21,1,1.5457899903269236e+16,1.5457899903269238e+16,0
523,245000000.0,0,462647.43208901584,6863921.221640511,0,0.7676494033979956,4.313622510511434,0,0.0,3445851.4349406306,4530222688611.878,1968643.614757078,453022268861187.8,8652380.498067396,3.1868694350123405e-09,1,21,1,1.5401228246090896e+16,1.5401228246090896e+16,0
524,245000000.0,0,707433.0771618155,6865057.849897845,0,0.5036580768960194,1.2531852656487972,0,0.0,3562800.6501257475,4292835242266.175,1723857.9696842784,429283524226617.5,8652380.498067396,3.1868694350123405e-09,1,21,1,1.5467007862606572e+16,1.5467007862606568e+16,0
525,245000000.0,0,795968.7222346151,6871470.871043122,0,0.6219797483976589,2.509508772680832,0,0.0,3899514.510787054,4409532114402.914,1635322.3246114787,440953211440291.4,8652380.498067396,3.1868694350123405e-09,1,21,1,1.5395904203288604e+16,1.5395904203288602e+16,0
526,245000000.0,0,493879.36730741477,6875217.544908141,0,0.7387079394272028,4.041388936624665,0,0.0,3584185.449343406,4579758359197.759,1937411.679538679,457975835919775.9,8516957.88885211,5.340552888810635e-09,1,21,1,1.540468412830968e+16,1.5404684128309684e+16,0
527,245000000.0,0,738665.0123802144,6875165.686100624,0,0.5183068683107168,1.3229646883007304,0,0.0,3727075.417583263,4477368239176.903,1692626.0344658794,447736823917690.3,8516957.88885211,5.340552888810635e-09,1,21,1,1.5450887476258296e+16,1.5450887476258296e+16,0
528,245000000.0,0,436575.65745301405,6877463.656740151,0,0.7961407756866427,4.570638164932097,0,0.0,3608501.820442889,4772172283391.569,1994715.3893930798,477217228339156.94,8516957.88885211,5.340552888810635e-09,1,21,1,1.5398335162049682e+16,1.5398335162049684e+16,0
529,245000000.0,0,681361.3025258137,6880038.043345617,0,0.5172730295000807,1.3113755054583551,0,0.0,3751391.788682746,4625814069615.177,1749929.7443202802,462581406961517.7,8516957.88885211,5.340552888810635e-09,1,21,1,1.545430527963981e+16,1.5454305279639812e+16,0
530,245000000.0,0,379271.94759861333,6884449.050557606,0,0.8688364362607062,5.259394001134816,0,0.0,3639085.4667770034,4971906878444.93,2052019.0992474805,497190687844493.0,8516957.88885211,5.340552888810635e-09,1,21,1,1.5391978013764472e+16,1.5391978013764472e+16,0
531,245000000.0,0,624057.592671413,6881971.500676967,0,0.5164452297767264,1.299987602102493,0,0.0,3781975.4350168603,4783238859664.597,1807233.4541746809,478323885966459.7,8516957.88885211,5.573383532464504e-09,1,21,1,1.5457232264977484e+16,1.5457232264977484e+16,0
532,245000000.0,0,321968.2377442126,6889853.9175864905,0,0.9643370445449974,6.192559410699633,0,0.0,3669669.1131111183,5178922865618.973,2109322.8091018815,517892286561897.25,8516957.88885211,5.340552888810635e-09,1,21,1,1.5385610083451446e+16,1.5385610083451448e+16,0
533,245000000.0,0,566753.8828170123,6882075.048005506,0,0.5158593251242097,1.2887957796814051,0,0.0,3812559.0813509757,4947945041834.7,1864537.1640290818,494794504183470.0,8516957.888852108,5.238689482212067e-09,1,21,1,1.5460157800243888e+16,1.5460157800243888e+16,0
534,245000000.0,0,655289.5278898119,6871138.880326535,0,0.6484249364214447,3.047435491513421,0,0.0,4411701.629222988,5132113106962.725,1776001.5189562822,513211310696272.44,8518727.281068198,4.496541805565357e-09,1,21,1,1.5383316994445796e+16,1.5383316994445798e+16,0
535,245000000.0,0,743825.1729626115,6891572.22131668,0,27.962722689393047,302.55672738894214,0,0.0,3491390.6107036327,3834855427654.0503,1687465.8738834825,383485542765405.0,8518712.22950484,5.347828846424818e-09,1,21,1,1.5387301470867886e+16,1.538730147086789e+16,0
536,245000000.0,0,923627.9248114888,6875210.760857627,0,0.5321718843807142,1.3786720768538248,0,0.0,4090807.348057098,4051281839232.129,1442680.228810683,405128183923212.9,8497334.051948871,5.726178642362356e-09,1,21,1,1.5429679758104534e+16,1.5429679758104532e+16,0
537,245000000.0,0,686521.4631082108,6861150.148131289,0,0.5721189547910889,2.909000092823596,0,0.0,4200108.665103132,4203005234778.479,1744769.5837378833,420300523477847.9,8497334.051948871,5.726178642362356e-09,1,21,1,1.5422054200782468e+16,1.542205420078247e+16,0
538,245000000.0,0,923627.9248114888,6859132.148650144,0,0.5070575345175409,1.375301172195479,0,0.0,3958828.1995348604,4129210192246.678,1499983.9386650836,412921019224667.8,8497334.051948871,5.726178642362356e-09,1,21,1,1.542609462002165e+16,1.5426094620021648e+16,0
539,245000000.0,0,629217.7532538101,6868919.884599464,0,0.5935552048407943,3.1735062836202457,0,0.0,3692047.086018893,4243223567902.2607,1802073.293592284,424322356790226.06,8497334.051948871,5.726178642362356e-09,1,21,1,1.5415193609681192e+16,1.5415193609681192e+16,0
540,245000000.0,0,874003.3983266097,6879737.773486992,0,0.5339021710075625,1.3719467113067811,0,0.0,3693416.914653988,4233494114132.495,1557287.6485194843,423349411413249.5,8497334.05194897,7.566995918750763e-09,1,21,1,1.5440589886642158e+16,1.5440589886642162e+16,0
541,245000000.0,0,571914.0433994094,6905473.35097208,0,0.6778211776342086,3.490925075135035,0,0.0,3590186.3050955557,4399816368347.717,1859377.0034466847,439981636834771.7,8498791.412594229,7.246853783726692e-09,1,21,1,1.541330634872783e+16,1.5413306348727834e+16,0
542,245000000.0,0,816699.688472209,6908244.651425351,0,0.5323917189876686,1.3679264725754798,0,0.0,3747411.6858539935,4400415767846.817,1614591.358373885,440041576784681.75,8477752.611909147,6.315531209111214e-09,1,21,1,1.5441452185019196e+16,1.5441452185019194e+16,0
543,245000000.0,0,514610.3335450087,6930569.109968923,0,0.720138532036437,3.8788982103001546,0,0.0,3644181.076295561,4606082388695.189,1916680.7133010854,460608238869518.94,8477752.611909147,6.315531209111214e-09,1,21,1,1.5406974046290698e+16,1.5406974046290698e+16,0
544,245000000.0,0,759395.9786178083,6927626.616579284,0,0.531541743536049,1.3639297261518335,0,0.0,3796146.756882728,4572701291984.01,1671895.0682282858,457270129198401.0,8477752.611909147,6.315531209111214e-09,1,21,1,1.5442392038618152e+16,1.5442392038618156e+16,0
545,245000000.0,0,457306.62369060796,6951782.829503279,0,0.7723627280211081,4.363890671914341,0,0.0,3695542.6235406,4818370663929.376,1973984.4231554861,481837066392937.6,8467246.707043929,7.843482308089733e-09,1,21,1,1.5400633561286348e+16,1.5400633561286348e+16,0
546,245000000.0,0,702092.2687634076,6944313.105809184,0,0.5301331417877291,1.359956266719403,0,0.0,3847508.3041277668,4752286052482.524,1729198.7780826865,475228605248252.44,8539651.116185943,7.887138053774834e-09,1,21,1,1.5443333523575628e+16,1.5443333523575628e+16,0
547,245000000.0,0,400002.91383620724,6966686.667246685,0,0.8383541504395136,4.987494930814681,0,0.0,3744277.6945693344,5036641406597.198,2031288.1330098868,503664140659719.8,8539651.116185943,7.887138053774834e-09,1,21,1,1.5394283378574324e+16,1.5394283378574322e+16,0
548,245000000.0,0,644788.5589090069,6957693.557475701,0,0.5292856389721043,1.356005891347347,0,0.0,3896243.3751565013,4937853280414.675,1786502.4879370872,493785328041467.5,8539651.116185943,7.887138053774834e-09,1,21,1,1.5444273299540326e+16,1.5444273299540326e+16,0
549,245000000.0,0,342699.2039818065,6978790.77736705,0,0.9241791703803753,5.819041699339719,0,0.0,3793012.765598069,5261553001162.501,2088591.8428642876,526155300116250.1,8539083.976443287,6.701156962662935e-09,1,21,1,1.5387921652931798e+16,1.5387921652931798e+16,0
550,245000000.0,0,587484.8490546062,6970118.410811014,0,0.5285949790938717,1.3520783994558734,0,0.0,3944978.446185236,5130061360244.306,1843806.197791488,513006136024430.56,8539083.976443287,6.701156962662935e-09,1,21,1,1.5445212637503842e+16,1.544521263750384e+16,0
551,245000000.0,0,676020.4941274058,7001826.6902495045,0,27.903036182114466,301.6397225719249,0,0.0,3495908.4816996036,3984281210868.225,1755270.5527186883,398428121086822.5,8539083.976443287,6.701156962662935e-09,1,21,1,1.5382973812471384e+16,1.5382973812471386e+16,0
552,245000000.0,0,920806.1392002054,6987760.381729601,0,0.5279333906418702,1.34817359278229,0,0.0,3603088.5172139704,3996256067248.0645,1510484.9076458886,399625606724806.44,8538699.15664339,6.046320777386427e-09,1,21,1,1.5446151900295762e+16,1.5446151900295764e+16,0
553,245000000.0,0,618716.7842730051,7003128.900884491,0,0.6464472890389296,3.227280672002803,0,0.0,3499857.907655538,4162637212725.3174,1812574.262573089,416263721272531.75,8552864.120745605,5.384208634495735e-09,1,21,1,1.5418484503338554e+16,1.5418484503338552e+16,0
554,245000000.0,0,863502.4293458047,6992865.097639453,0,0.5272714771799281,1.3442912753476428,0,0.0,3651823.588242705,4156977327548.903,1567788.6175002893,415697732754890.3,8552864.120745605,5.1513779908418655e-09,1,21,1,1.54470911747672e+16,1.5447091174767198e+16,0
555,245000000.0,0,561413.0744186044,7008017.492818521,0,0.6843804380585791,3.5561050960052873,0,0.0,3548592.9786842726,4362702839659.307,1869877.9724274897,436270283965930.7,8552864.120745605,5.1513779908418655e-09,1,21,1,1.541215286282951e+16,1.5412152862829508e+16,0
556,245000000.0,0,806198.719491404,7000155.844873593,0,0.5266361745500303,1.3404312534239273,0,0.0,3701173.750524177,4324495619859.3545,1625092.32735469,432449561985935.44,8550403.755734656,3.5652192309498787e-09,1,21,1,1.5448030376162776e+16,1.5448030376162776e+16,0
557,245000000.0,0,504109.36456420366,7015188.978277094,0,0.7296494234564127,3.9595385481034437,0,0.0,3597943.140965745,4569565498602.911,1927181.6822818904,456956549860291.1,8550403.755734656,3.5652192309498787e-09,1,21,1,1.5405815241350262e+16,1.540581524135026e+16,0
558,245000000.0,0,748895.0096370033,7007544.962472353,0,0.526011657890137,1.3365933355018649,0,0.0,3749908.821552912,4498498583955.152,1682396.0372090908,449849858395515.25,8550403.755734656,3.5652192309498787e-09,1,21,1,1.5448969551665124e+16,1.5448969551665122e+16,0
559,245000000.0,0,446805.65470980294,7025062.441635186,0,0.784873326911672,4.46622319071894,0,0.0,3646678.2119944794,4782912829331.859,1984485.3921362911,478291282933185.94,8550403.755734656,3.5652192309498787e-09,1,21,1,1.539947062591001e+16,1.5399470625910008e+16,0
560,245000000.0,0,691591.2997826026,7016426.025302478,0,0.5255861898070948,1.332777332259229,0,0.0,3798643.8925816463,4679142399948.429,1739699.7470634915,467914239994842.9,8482731.56656955,4.8094079829752445e-09,1,21,1,1.5449908172289134e+16,1.5449908172289132e+16,0
561,245000000.0,0,389501.9448554022,7037268.954119523,0,0.8541360636740961,5.121613416651673,0,0.0,3700445.1817902736,5009194603696.051,2041789.1019906919,500919460369605.06,8472667.76903543,4.722096491605043e-09,1,21,1,1.5393117789423634e+16,1.5393117789423634e+16,0
562,245000000.0,0,634287.5899282019,7029043.674493376,0,0.5258395955149702,1.3334416240855957,0,0.0,3857442.7611445,4884500094073.244,1797003.4569178922,488450009407324.44,8472667.76903543,4.722096491605043e-09,1,21,1,1.5450293820431394e+16,1.5450293820431394e+16,0
563,245000000.0,0,332198.2350010015,7049818.280970875,0,0.9444869829188485,6.002432755965795,0,0.0,3759244.0503531275,5248357432141.665,2099092.8118450926,524835743214166.5,8472667.76903543,4.722096491605043e-09,1,21,1,1.5386753727875868e+16,1.538675372787587e+16,0
564,245000000.0,0,576983.8800738011,7041849.253933735,0,0.5260908973034633,1.3341065784437705,0,0.0,3916241.629707354,5096427454023.776,1854307.166772293,509642745402377.6,8472667.76903543,4.722096491605043e-09,1,21,1,1.5450129130842754e+16,1.5450129130842756e+16,0
565,245000000.0,0,682436.4255581783,7074350.539225703,0,27.972744411655935,302.4122730850508,0,0.0,3455286.6635772036,3917605227194.8403,1748854.6212879159,391760522719484.06,8540335.37068174,3.7180143408477306e-09,1,21,1,1.5382448847325868e+16,1.538244884732587e+16,0
566,245000000.0,0,923627.9248114888,7068030.7076977,0,0.5262360370546392,1.3347721963254124,0,0.0,3550581.697447053,3872289632729.3247,1487152.0758035388,387228963272932.5,8540335.37068174,3.7180143408477306e-09,1,21,1,1.5449964777458542e+16,1.5449964777458538e+16,0
567,245000000.0,0,658966.5165269328,7089151.726505844,0,0.6252269329442174,3.0304567730571845,0,0.0,3418549.1858325256,3982409493932.07,1772324.5303191617,398240949393207.0,8540335.37068174,3.7180143408477306e-09,1,21,1,1.542107635393362e+16,1.542107635393362e+16,0
568,245000000.0,0,920669.06201131,7078904.672685719,0,0.5264822530297237,1.3354384787241609,0,0.0,3575546.765186752,3945345303610.1606,1510621.9848347846,394534530361016.06,8540335.37068174,3.7180143408477306e-09,1,21,1,1.5449800139710296e+16,1.54498001397103e+16,0
569,245000000.0,0,635496.6074956872,7094391.680985296,0,0.6388003913055932,3.1422005654814926,0,0.0,3444331.732082744,4069064292892.9336,1795794.4393504076,406906429289293.4,8538700.413660701,4.532921593636274e-09,1,21,1,1.5418483735022476e+16,1.541848373502248e+16,0
570,245000000.0,0,897199.1529800644,7088481.985815089,0,0.5268720179992911,1.3368354975491805,0,0.0,3602146.7899474907,4022460355137.608,1534091.8938660305,402246035513760.8,8538700.413660701,4.532921593636274e-09,1,21,1,1.544954557397756e+16,1.544954557397756e+16,0
571,245000000.0,0,612026.6984644416,7103916.901437814,0,0.6529433498419445,3.2625006463988604,0,0.0,3470931.7568434826,4157858404324.451,1819264.3483816534,415785840432445.1,8538700.413660701,4.532921593636274e-09,1,21,1,1.541589187137182e+16,1.541589187137182e+16,0
572,245000000.0,0,873729.2439488188,7098202.587213292,0,0.5272587014276444,1.3382354423126452,0,0.0,3628746.814708229,4100686877549.404,1557561.8028972764,410068687754940.4,8538700.413660701,4.532921593636274e-09,1,21,1,1.5449201621583586e+16,1.5449201621583588e+16,0
573,245000000.0,0,588556.789433196,7113588.680954944,0,0.6680582661861858,3.3923788782465114,0,0.0,3497536.9716735026,4247770558907.213,1842734.2574128993,424777055890721.3,8538690.033522138,4.532921593636274e-09,1,21,1,1.5413299015593272e+16,1.5413299015593274e+16,0
574,245000000.0,0,850259.3349175731,7108056.795201074,0,0.5276430819701915,1.3396429793617624,0,0.0,3655357.2196075306,4180043708290.069,1581031.7119285222,418004370829006.9,8538690.033522138,4.532921593636274e-09,1,21,1,1.5448857122682214e+16,1.5448857122682216e+16,0
575,245000000.0,0,565086.8804019503,7128248.477377007,0,0.6839307825594468,3.5330265887453507,0,0.0,3524147.376572804,4338800805458.5815,1866204.1664441451,433880080545858.1,8538690.033522138,4.532921593636274e-09,1,21,1,1.5410706916200376e+16,1.5410706916200376e+16,0
576,245000000.0,0,826789.4258863275,7122887.195611585,0,0.5280241222995696,1.3410534803833354,0,0.0,3681967.624506832,4260512075004.9014,1604501.620959768,426051207500490.1,8538690.033522138,4.532921593636274e-09,1,21,1,1.5448512080170794e+16,1.5448512080170798e+16,0
577,245000000.0,0,541616.9713707047,7142989.153056761,0,0.7010253729498621,3.685841220461277,0,0.0,3550757.7814721055,4430942587984.117,1889674.075475391,443094258798411.75,8538690.033522138,4.532921593636274e-09,1,21,1,1.540811366386585e+16,1.540811366386585e+16,0
578,245000000.0,0,803319.5168550819,7137787.453889925,0,0.5284017629407587,1.3424669547494714,0,0.0,3708575.1017173077,4342091232521.2964,1627971.529991014,434209123252129.6,8538701.744277442,7.756170816719532e-09,1,21,1,1.544816706107027e+16,1.5448167061070272e+16,0
579,245000000.0,0,523598.3044195478,7157808.68499237,0,0.7150778010711715,3.8124408393064475,0,0.0,3566462.7745224037,4501990996386.176,1907692.742426548,450199099638617.56,8560506.712597797,8.396455086767673e-09,1,21,1,1.5405525817177232e+16,1.5405525817177234e+16,0
580,245000000.0,0,790756.488597973,7153210.51014455,0,0.5287435405692649,1.3438834118718326,0,0.0,3724278.625842472,4388877481470.9136,1640534.5582481227,438887748147091.4,8560524.299053634,8.221832104027271e-09,1,21,1,1.5447822161749704e+16,1.5447822161749704e+16,0
581,245000000.0,0,509953.27658438287,7172956.58829581,0,0.726310804800305,3.9142522255059933,0,0.0,3579380.2860373864,4557282584877.774,1921337.7702617128,455728258487777.44,8575978.761350749,3.892637323588133e-09,1,21,1,1.5404135592445574e+16,1.5404135592445576e+16,0
582,245000000.0,0,776025.0645707927,7168535.884459856,0,0.5291208730027487,1.3453028612018445,0,0.0,3737304.929575311,4441955338456.647,1655265.982275303,444195533845664.75,8575561.17893516,4.1254679672420025e-09,1,21,1,1.544747716775487e+16,1.544747716775487e+16,0
583,245000000.0,0,495221.85255720257,7187996.236865948,0,0.7390628157672071,4.030455308836782,0,0.0,3597356.601536519,4618156565953.72,1936069.1942888931,461815656595372.0,8575561.17893516,4.1254679672420025e-09,1,21,1,1.5402506296958098e+16,1.5402506296958098e+16,0
584,245000000.0,0,761293.6405436124,7183187.074515045,0,0.5294883757161291,1.3467253122309064,0,0.0,3763822.6338957665,4498883208145.788,1669997.4063024833,449888320814578.8,8540978.041234283,5.609763320535421e-09,1,21,1,1.544713221419582e+16,1.5447132214195818e+16,0
585,245000000.0,0,480490.42853002227,7202703.565034213,0,0.7524520451796227,4.15376896713388,0,0.0,3623800.96065705,4681550912960.767,1950800.6183160734,468155091296076.7,8578914.927288182,5.609763320535421e-09,1,21,1,1.5400876549935684e+16,1.5400876549935682e+16,0
586,245000000.0,0,746562.2165164321,7198520.5831041485,0,0.5297918619052191,1.3480841249498798,0,0.0,3781547.863391153,4553787643846.691,1684728.8303296636,455378764384669.1,8578914.927288182,5.609763320535421e-09,1,21,1,1.5446795494740252e+16,1.5446795494740256e+16,0
587,245000000.0,0,465759.00450284197,7217597.576087941,0,0.7666649359368214,4.284866452935934,0,0.0,3641526.190152436,4743095855100.567,1965532.0423432537,474309585510056.75,8578914.927288182,5.609763320535421e-09,1,21,1,1.5399246050257886e+16,1.5399246050257888e+16,0
588,245000000.0,0,731830.7924892518,7213528.176311282,0,0.5301389627023521,1.349445682455506,0,0.0,3799273.0928865387,4609135072126.513,1699460.254356844,460913507212651.25,8578914.927288182,5.609763320535421e-09,1,21,1,1.5446466675823092e+16,1.5446466675823092e+16,0
589,245000000.0,0,451027.58047566167,7232416.991505144,0,0.7817073635278503,4.424508783060164,0,0.0,3659251.419647822,4805083789819.288,1980263.466370434,480508378981928.8,8575643.275514383,6.2791514210402966e-09,1,21,1,1.5397614919861022e+16,1.5397614919861022e+16,0
590,245000000.0,0,717099.3684620715,7228385.568528767,0,0.5304926327909594,1.3508099930728505,0,0.0,3816998.3223819253,4664925492985.253,1714191.6783840242,466492549298525.3,8575643.275514383,6.2791514210402966e-09,1,21,1,1.5446137846386886e+16,1.5446137846386886e+16,0
591,245000000.0,0,436296.1564484814,7247165.212034839,0,0.7976568524594838,4.57355952140783,0,0.0,3676976.6491432083,4867514717116.927,1994994.8903976143,486751471711692.7,8575643.275514383,6.2791514210402966e-09,1,21,1,1.539598313729189e+16,1.539598313729189e+16,0
592,245000000.0,0,702367.9444348912,7243232.967452339,0,0.5308334837339735,1.3521770651606813,0,0.0,3834723.551877311,4721158906422.912,1728923.1024112045,472115890642291.2,8575643.275514383,6.2791514210402966e-09,1,21,1,1.544580906389105e+16,1.5445809063891052e+16,0
593,245000000.0,0,421564.7324213011,7261868.135292044,0,0.8146014977478502,4.7330026539128704,0,0.0,3694701.8786385944,4930388636993.484,2009726.3144247946,493038863699348.44,8575643.275514383,6.2791514210402966e-09,1,21,1,1.5394350678954246e+16,1.5394350678954246e+16,0
594,245000000.0,0,687636.5204077109,7258028.567408712,0,0.5311713861588769,1.3535469071116375,0,0.0,3852448.7813726976,4777835312439.489,1743654.5264383848,477783531243948.94,8575643.275514383,6.2791514210402966e-09,1,21,1,1.5445480298274142e+16,1.544548029827414e+16,0
595,245000000.0,0,406833.3083941208,7276528.730764618,0,0.8326418044776891,4.903964337476933,0,0.0,3712427.1081339805,4993705549448.96,2024457.738451975,499370554944896.0,8575643.275514383,6.2791514210402966e-09,1,21,1,1.5392717519058328e+16,1.5392717519058328e+16,0
596,245000000.0,0,672905.0963805306,7271981.910419894,0,0.5315064606259418,1.3549195273524017,0,0.0,3884463.3772531743,4838859189050.073,1758385.950465565,483885918905007.3,8518485.80997402,6.337359081953764e-09,1,21,1,1.5445151548679722e+16,1.5445151548679718e+16,0
597,245000000.0,0,392101.8843669405,7289792.733217842,0,0.8518929416346755,5.087739539129511,0,0.0,3744441.7040144573,5061369932498.442,2039189.1624791552,506136993249844.25,8494544.438507868,4.423782229423523e-09,1,21,1,1.5391083629548092e+16,1.5391083629548088e+16,0
598,245000000.0,0,658173.6723533503,7285224.98518008,0,0.531909735380321,1.3562949343438737,0,0.0,3902188.60674856,4896421580224.488,1773117.3744927454,489642158022448.8,8494544.438507868,4.423782229423523e-09,1,21,1,1.5444822602057542e+16,1.5444822602057542e+16,0
599,245000000.0,0,374058.41355515295,7303158.44164474,0,0.8773148396933839,5.332502692159702,0,0.0,3768791.027079058,5140025183699.04,2057232.6332909428,514002518369904.0,8481296.251369439,4.249159246683121e-09,1,21,1,1.5389443544150212e+16,1.5389443544150212e+16,0
