t,secure_bps,violations,k_min,k_mean,q_total,aos_mean,aos_max,rekey,q_sumsq,z_l1,z_sumsq,z_max,lyapunov,key_inflow,key_overflow,cg_iters,cg_columns,cg_converged,obj_lp,obj_greedy,key_blocked_edges
0,245000000.0,0,2109375.0,2425130.2083333335,0,0.8811589100178921,0.9476988686844755,0,0.0,762500.0,145351562500.0,190625.0,14535156250000.0,7200000.0,0.0,0,0,1,0.0,0.0,0
1,245000000.0,0,1796875.0,2350260.4166666665,0,1.9315194519902665,2.1124243899047483,0,0.0,918750.0,229335937500.0,346875.0,22933593750000.0,7200000.0,0.0,0,0,1,0.0,0.0,0
2,245000000.0,0,1640625.0,2275390.625,0,3.0512916738522198,3.218305033122668,0,0.0,1065625.0,237236328125.0,303125.0,23723632812500.0,7200000.0,0.0,0,0,1,0.0,0.0,0
3,245000000.0,0,1160095.3703703706,2202363.7602880658,0,4.1463299723175515,4.722511389707835,0,0.0,1221875.0,531513671875.0,650000.0,53151367187500.0,7200000.0,0.0,0,0,1,0.0,0.0,0
4,245000000.0,0,1203845.3703703706,2135091.300581304,0,3.9562761008246086,5.659964049482299,0,0.0,1331998.0247217158,499554288268.582,606250.0,49955428826858.195,7273503.950556569,4.0745362639427185e-10,0,0,1,0.0,0.0,0
5,245000000.0,0,1137500.0,2101152.1742078755,0,4.7228622964358,6.756697408871322,0,0.0,2013996.0494434317,844467153074.3279,562500.0,84446715307432.78,7273503.950556569,4.0745362639427185e-10,0,0,1,0.0,0.0,0
6,245000000.0,0,900720.3703703706,2072768.603390002,0,6.385827585024354,8.217982498475136,0,0.0,2095994.0741651475,1033493223975.7162,909375.0,103349322397571.62,7273503.950556569,4.0745362639427185e-10,0,0,1,0.0,0.0,0
7,245000000.0,0,944470.3703703706,2061051.6992387958,0,6.121160606067272,9.115349208898568,0,0.0,2206117.0988868633,1203939238166.9495,865625.0,120393923816694.95,7273503.950556569,4.0745362639427185e-10,0,0,1,0.0,0.0,0
8,245000000.0,0,597595.3703703706,2054895.9064735835,0,8.210254082843884,11.34115514251728,0,0.0,2287880.9673206117,1651012937672.2722,1212500.0,165101293767227.22,7273972.263132503,0.0,0,0,1,0.0,0.0,0
9,245000000.0,0,641345.3703703706,2054303.1221161534,0,7.531062779468788,12.11358981048905,0,0.0,2397769.83575436,1755807059916.926,1168750.0,175580705991692.6,7273972.263132503,0.0,0,0,1,0.0,0.0,0
10,245000000.0,0,685095.3703703706,2065628.893508909,0,6.582887008634468,12.915046633998351,0,0.0,3067793.699777025,2224462600469.3604,1125000.0,222446260046936.03,7320932.280776838,9.458744898438454e-11,0,0,1,0.0,0.0,0
11,245000000.0,0,338220.37037037057,2077451.6651971547,0,9.04141379264919,16.89587234344548,0,0.0,3126077.5593886063,2589037570977.796,1471875.0,258903757097779.6,7320932.280776838,9.458744898438454e-11,0,0,1,0.0,0.0,0
12,245000000.0,0,381970.37037037057,2089274.4368854004,0,7.7062163967804596,17.222336125026594,0,0.0,3235966.4278223547,2879244371171.0015,1428125.0,287924437117100.1,7320932.280776838,9.458744898438454e-11,0,0,1,0.0,0.0,0
13,245000000.0,0,425720.37037037057,2101191.605266857,0,6.102240975090068,17.686910067743206,0,0.0,3905990.2918450194,3533147994913.7163,1384375.0,353314799491371.6,7324330.56173245,4.4087755668442696e-10,0,0,1,0.0,0.0,0
14,245000000.0,0,78845.37037037057,2113108.773648314,0,10.325753987236984,39.04841533983503,0,0.0,3964274.1514566005,3833403398559.312,1731250.0,383340339855931.2,7324330.56173245,2.0804691303055733e-10,0,0,1,0.0,0.0,0
15,245000000.0,0,278845.37037037057,2107664.83091866,0,7.006734938537628,17.51651462724127,0,0.0,4230413.019890349,4169476421429.314,1531250.0,416947642142931.4,7324330.56173245,4.4087755668442696e-10,0,0,1,0.0,0.0,0
16,245000000.0,0,322595.37037037057,2119581.9993001167,0,7.414184790473258,22.18055813873636,0,0.0,4900436.883913014,5129882462247.855,1487500.0,512988246224785.56,7324330.56173245,9.458744898438454e-11,0,0,1,0.0,0.0,0
17,238784414.81481487,1,0.0,2134196.904307088,6215585,19.748465123158276,137.0,1,38633499194292.92,4861602.2250060765,5006944065401.277,1810095.3703703706,520011156137274.2,7324330.56173245,9.458744898438454e-11,0,0,1,0.0,0.0,0
18,251215585.18518513,0,200000.0,2126055.2249519196,0,8.425578715429761,21.39431577822546,0,0.0,5297698.500847232,6005408310379.999,1610095.3703703706,600540831037999.9,7324330.56173245,9.458744898438454e-11,0,0,1,0.0,0.0,0
19,245000000.0,0,243750.0,2148823.0877778213,0,10.204923569490907,27.171603677221654,0,0.0,4965357.360458813,4585552974426.612,1566345.3703703706,458555297442661.25,7324330.56173245,9.458744898438454e-11,0,0,1,0.0,0.0,0
20,245000000.0,0,287500.0,2160740.2561592776,0,8.811205182300073,26.932409012131714,0,0.0,5075246.228892561,5485955976517.242,1522595.3703703706,548595597651724.25,7324330.56173245,9.458744898438454e-11,0,0,1,0.0,0.0,0
21,229800000.0,1,0.0,2179254.6467629573,15200000,21.717911964611968,141.0,1,231040000000000.0,4896030.088504142,5165460434585.246,1810095.3703703706,632066043458524.6,7324330.56173245,9.458744898438454e-11,0,0,1,0.0,0.0,0
22,260200000.0,0,200000.0,2167213.4818110806,0,10.08002571601147,25.64567422187641,0,0.0,5577793.9569378905,6577409702182.688,1610095.3703703706,657740970218268.9,7324330.56173245,9.458744898438454e-11,0,0,1,0.0,0.0,0
23,207400000.0,1,0.0,2195232.5475686947,37600000,22.857949242621427,143.0,1,1413760000000000.0,5048577.816549472,5759758108948.261,1810095.3703703706,1282855810894826.0,7324330.56173245,1.5131718100747094e-10,0,0,1,0.0,0.0,0
24,282600000.0,0,172981.43924007728,2172766.608318573,0,11.872691328652362,28.865051139345425,0,0.0,6342841.68498322,8313366241583.344,1610095.3703703706,831336624158334.4,7324330.56173245,1.5131718100747094e-10,0,0,1,0.0,0.0,0
25,207400000.0,1,0.0,2201124.0552759347,37600000,23.82401564158881,145.0,1,1413760000000000.0,5792699.699968286,7152490418118.543,1810095.3703703706,1422129041811854.2,7367395.116837598,6.293703336268663e-10,0,0,1,0.0,0.0,0
26,282600000.0,0,72467.5708063289,2192422.861353342,0,15.66293725981305,33.31006521525772,0,0.0,6774463.568402034,9380729468978.953,1610095.3703703706,938072946897895.2,7367395.116837598,6.220943760126829e-10,0,0,1,0.0,0.0,0
27,207400000.3528046,1,0.0,2220624.0090245693,37600000,15.793947828798904,120.0,1,1413759973469094.0,6224321.586143387,8035635728973.67,1810095.3703703706,1510443559631914.0,7367395.12235017,1.0664642879736064e-09,0,0,1,0.0,0.0,0
28,282599999.6471954,0,43750.001378142944,2231977.2426548735,0,12.432745758473025,44.69273605378818,1,0.0,6251105.296908488,6550056825279.829,1766345.3689922276,655005682527982.9,7401043.719764958,1.0493082210419336e-09,0,0,1,0.0,0.0,0
29,245000000.0,0,87500.00275628589,2247359.899516533,0,8.632525205319492,33.1410407815831,0,0.0,6271639.011808018,7381749371535.272,1722595.3676140846,738174937153527.2,7401043.719764958,1.0519123727452395e-09,0,0,1,0.0,0.0,0
30,245000000.0,0,131250.00413442886,2270564.619100009,0,10.480542818457318,31.214836186932917,0,0.0,5871609.434983054,6294792335315.928,1678845.3662359416,629479233531592.8,7401043.719764958,1.0493082210419336e-09,0,0,1,0.0,0.0,0
31,245000000.0,0,175000.00551257178,2282200.988043904,0,8.036785916292734,35.06218910618675,0,0.0,6123721.076606926,7365385550772.265,1635095.3648577987,736538555077226.5,7401043.719764958,1.1901555674147246e-09,0,0,1,0.0,0.0,0
32,201000001.76402298,1,0.0,2312804.8853977956,43999998,16.656892270220656,120.0,1,1935999844765981.2,5460207.737524798,6274305228102.828,1810095.3703703706,1595430445193273.5,7401043.719764958,1.1756036521863578e-09,0,0,1,0.0,0.0,0
33,288999998.23597705,0,152391.93430110498,2288079.4072915274,0,11.562652897040152,39.06344711151408,0,0.0,6733100.757072561,9183072105274.488,1610095.3689922276,918307210527448.9,7417918.048204803,5.290772516278186e-10,0,0,1,0.0,0.0,0
34,207400000.7056092,1,0.0,2316010.514944278,37599999,16.890630820539887,120.0,1,1413759946938189.5,6157697.317399169,7805794580400.281,1810095.3703703706,1487459431509123.0,7417918.048204803,7.208563012998936e-10,0,0,1,0.0,0.0,0
35,282599999.2943908,0,43750.001378142944,2326116.138551,0,15.120350120625353,45.397962248011225,1,2.220446049250313e-16,6332293.855675491,7328041223798.542,1766345.3689922276,732804122379854.2,7417918.048204803,7.109761919824042e-10,0,0,1,0.0,0.0,0
36,245000000.0,0,87500.00275628589,2315796.015721012,0,13.37122592963598,37.50474936518386,0,0.0,6725640.406355098,7524679196495.834,1722595.3676140846,752467919649583.4,7417918.048204803,1.2811050375920174e-09,0,0,1,0.0,0.0,0
37,245000000.0,0,131250.00413442886,2337430.2613617587,0,10.190287746507785,46.91471461548788,0,0.0,6552797.9951282,8788525767605.941,1678845.3662359416,878852576760594.1,7428126.549455749,8.739000760017712e-10,0,0,1,0.0,0.0,0
38,189800001.41121837,1,0.0,2378393.691553777,55199999,17.792162653972802,120.0,1,3047039844201493.5,5803816.060154682,7300801994236.057,1810095.3703703706,2253600121524352.5,7428126.549455749,9.128840157759943e-10,0,0,1,0.0,0.0,0
39,298784417.2844471,1,0.0,2366397.0074770045,1415581,23.65798241007259,159.0,2,2003870429181.5933,7282715.639738076,10771294944281.703,1766345.3689922276,1078131429642761.0,7428126.549455749,1.3395613633095105e-09,0,0,1,0.0,0.0,0
40,246415581.30433458,0,87500.00275628589,2382479.707146266,0,13.61173583956695,41.56941028166457,0,0.0,6920776.033827854,8498177197450.03,1722595.3676140846,849817719745003.0,7428126.549455749,5.373870363457878e-10,0,0,1,0.0,0.0,0
41,245000000.0,0,131250.00413442886,2350229.702472976,0,13.167641182951746,42.49420993649608,0,0.0,7691808.146008066,8572629625560.399,1678845.3662359416,857262962556040.0,7428126.549455749,5.347828846424818e-10,0,0,1,0.0,0.0,0
42,245000000.0,0,175000.00551257178,2389454.9961781483,0,9.553121389657312,43.27918132395267,0,0.0,6558189.520717012,7179474593936.664,1635095.3648577987,717947459393666.4,7451438.7841643365,1.0694414368829508e-09,0,0,1,0.0,0.0,0
43,201000001.76402298,1,0.0,2434216.5623371224,43999998,14.841463763441773,120.0,1,1935999844765981.2,5692161.097581335,6174571692885.871,1810095.3703703706,1585457091671577.8,7451438.7841643365,1.040337606426217e-09,0,0,1,0.0,0.0,0
44,288999998.23597705,0,157003.92767949693,2416190.672000613,0,5.762165146202531,48.56100334907965,0,0.0,6855835.537996252,8718849611031.928,1610095.3689922276,871884961103192.8,7451438.7841643365,5.411493475548923e-10,0,0,1,0.0,0.0,0
45,207400000.7056092,1,0.0,2453476.7186374906,37599999,14.917808217658786,120.0,1,1413759946938189.5,6280432.09832286,7494319168232.377,1810095.3703703706,1456311890292332.5,7451438.7841643365,4.4916605027381373e-10,0,0,1,0.0,0.0,0
46,282599999.2943908,0,43750.001378142944,2461847.587463456,0,13.357118778279679,52.64451805946953,1,2.220446049250313e-16,7245371.6515115,10117221234689.684,1766345.3689922276,1011722123468968.4,7451438.7841643365,6.528928634709497e-10,0,0,1,0.0,0.0,0
47,245000000.0,0,87500.00275628589,2480573.2543540522,0,11.208162317301687,48.43948533006285,0,0.0,6866843.202191107,8039027031571.491,1722595.3676140846,803902703157149.1,7451438.7841643365,6.354881317352512e-10,0,0,1,0.0,0.0,0
48,245000000.0,0,131250.00413442886,2468352.6350210514,0,7.397313195575507,48.84732299239491,0,0.0,7320126.653185025,8903329138350.066,1678845.3662359416,890332913835006.6,7451438.7841643365,4.192770575173199e-10,0,0,1,0.0,0.0,0
49,245000000.0,0,175000.00551257178,2499678.53592398,0,10.554636805694981,50.429837377270864,0,0.0,6572004.3212189255,7155366338643.086,1635095.3648577987,715536633864308.6,7451438.7841643365,4.782698807305474e-10,0,0,1,0.0,0.0,0
50,245000000.0,0,199685.2212567185,2520040.9573142324,0,7.465373408587126,52.81541435557233,0,0.0,6655693.889567138,8051760386348.536,1591345.3634796557,805176038634853.6,7451438.7841643365,5.655813721007485e-10,0,0,1,0.0,0.0,0
51,212200002.11682758,1,0.0,2554530.4633308765,32799998,15.35393866655682,120.0,1,1075839861136115.4,6155290.471944033,7099553765622.865,1810095.3703703706,1247875307130344.2,7451438.7841643365,4.291571668348093e-10,0,0,1,0.0,0.0,0
52,277799997.8831724,0,200000.00137814294,2556266.809733605,0,8.175646114510828,53.351341785155796,0,0.0,6254886.990926352,6347446189952.333,1610095.3689922276,634744618995233.2,7451438.7841643365,9.821299455127497e-10,0,0,1,0.0,0.0,0
53,245000000.0,0,243750.0027562859,2578962.0242246385,0,2.3760859978556055,8.171603585196014,0,0.0,6252032.154071106,6768897453629.439,1566345.3676140846,676889745362944.0,7481341.559234045,1.042941758129523e-09,0,0,1,0.0,0.0,0
54,218600001.05841377,1,0.0,2604347.039711477,26399999,11.049577605477827,120.0,1,696959944115753.9,5717927.340644289,6285033025946.2705,1810095.3703703706,976983274652504.0,7481341.559234045,1.854211032110975e-09,0,0,1,0.0,0.0,0
55,271399998.94158626,0,137336.30107526027,2590655.11688761,0,3.003048837023945,14.457521160059954,0,0.0,6459680.024532123,7866339581484.395,1610095.3689922276,786633958148439.5,7481341.559234045,1.3350138898006458e-09,0,0,1,0.0,0.0,0
56,207400000.7056092,1,0.0,2641948.1469247947,37599999,11.138181300271718,120.0,1,1413759946938189.5,5869325.197323876,6923618464238.668,1810095.3703703706,1399241819892961.5,7481341.559234045,1.359445914346502e-09,0,0,1,0.0,0.0,0
57,282599999.2943908,0,53646.734105191426,2639301.445842121,0,10.919891980127566,57.86067390327876,0,2.220446049250313e-16,6663063.362977661,8461712094917.252,1610095.3689922276,846171209491725.2,7481341.559234045,1.3495658050290127e-09,0,0,1,0.0,0.0,0
58,245000000.0,0,243750.0027562859,2670568.238417623,0,6.546800508458494,58.937586956661306,0,0.0,6269583.5261224145,6754758074489.169,1566345.3676140846,675475807448916.9,7481341.559234045,1.2430305925195673e-09,0,0,1,0.0,0.0,0
59,218600001.05841377,1,0.0,2695847.9097682727,26399999,11.028587739699987,120.0,1,696959944115753.9,5663603.704426739,6237906937506.5625,1810095.3703703706,972270665808533.2,7481341.559234045,1.0585275004616757e-09,0,0,1,0.0,0.0,0
60,271399998.94158626,0,200000.00137814294,2695178.2640033234,0,5.106499383102276,60.98068757404088,0,0.0,5648248.85241192,5820851297628.86,1610095.3689922276,582085129762886.0,7481341.559234045,1.91709049893532e-09,0,0,1,0.0,0.0,0
61,245000000.0,0,243750.0027562859,2723363.7593608433,0,2.0572726001526203,8.171603585196014,0,0.0,5645394.015556673,5891943560508.167,1566345.3676140846,589194356050816.8,7481341.559234045,9.311982422134657e-10,0,0,1,0.0,0.0,0
62,218600001.05841377,1,0.0,2745037.879724074,26399999,11.027432442441928,120.0,1,696959944115753.9,5136289.197995427,5788890431265.147,1810095.3703703706,927369015184391.8,7481341.559234045,1.0585275004616757e-09,0,0,1,0.0,0.0,0
63,271399998.94158626,0,200000.00137814294,2729076.9558899608,0,2.1526061887585097,9.123961509890869,0,0.0,5814684.341846178,6800545992144.238,1610095.3689922276,680054599214423.9,7481341.559234045,1.8334169863722105e-09,0,0,1,0.0,0.0,0
64,245000000.0,0,243750.00137814297,2774228.5306945336,0,7.257666463254558,64.81673974054691,0,0.0,5421151.614971322,5718829016220.448,1566345.3689922276,571882901622044.9,7481447.336516978,8.449205779470503e-10,0,0,1,0.0,0.0,0
65,222920896.04723036,1,0.0,2794568.9537373157,22079104,10.991535138002886,120.0,1,487486831357208.5,4933884.180630555,5799132827558.63,1810095.3703703706,823656698434467.2,7548961.331742381,7.721610018052161e-10,0,0,1,0.0,0.0,0
66,267079103.95276964,0,216878.49880635057,2781612.2015468185,0,1.8904873366962511,7.49410274763126,0,0.0,5527833.952833232,6435964759872.207,1593216.87156402,643596475987220.8,7548961.331742381,1.343323674518615e-09,0,0,1,0.0,0.0,0
67,245000000.0,0,277506.99761270115,2827637.008301098,0,7.249796090953229,67.7524070967097,0,0.0,5117422.727152024,5492287456675.949,1532588.3727576693,549228745667594.94,7548961.331742381,7.721610018052161e-10,0,0,1,0.0,0.0,0
68,231562687.08327723,1,0.0,2843857.1784575963,13437313,10.935849383248927,120.0,1,180561378421924.3,5009682.636163547,5905366364208.394,1810095.3703703703,680817325631801.5,7548961.331742381,9.213181328959763e-10,0,0,1,0.0,0.0,0
69,258437312.91672277,0,216878.49880635057,2835542.4573370474,0,1.585958178090528,5.570488894244532,0,0.0,5413391.580938868,6137907533197.964,1593216.8715640197,613790753319796.4,7603880.16736288,5.120455170981586e-10,0,0,1,0.0,0.0,0
70,245000000.0,0,286142.43798708776,2878465.3389164074,0,7.498137762773701,70.69746911586827,0,0.0,4982617.582716367,5303706431312.642,1523952.9323832826,530370643131264.2,7689858.946921283,1.4979377738200128e-09,0,0,1,0.0,0.0,0
71,245000000.0,0,355406.377167825,2889335.2574503105,0,1.7086594677450213,5.6115718688676495,0,0.0,4942115.07040621,5246910654309.795,1454688.9932025454,524691065430979.5,7689858.946921283,1.5161276678554714e-09,0,0,1,0.0,0.0,0
72,245000000.0,0,34045.31634856225,2900221.0500995335,0,5.580907004185208,57.06896693720532,1,0.0,4928941.63658392,5739031816513.773,1776050.0540218083,573903181651377.4,7689858.946921283,1.381522451993078e-09,0,0,1,0.0,0.0,0
73,245000000.0,0,259559.25552929947,2912250.9949962236,0,6.764056465724963,73.60399959816269,0,0.0,4757703.063454499,5124970616546.197,1550536.1148410712,512497061654619.75,7689858.946921283,1.5161276678554714e-09,0,0,1,0.0,0.0,0
74,245000000.0,0,328823.1947100367,2944455.936012715,0,7.764062350917323,74.64089510361242,0,0.0,4399908.227836561,4438783706041.535,1481272.175660334,443878370604153.5,7689858.946921283,1.570697349961847e-09,0,0,1,0.0,0.0,0
75,245000000.0,0,398087.13389077387,2955135.3855956676,0,1.4339134876457171,5.011436927323695,0,0.0,4379978.873805871,4350057335752.196,1412008.236479597,435005733575219.56,7689858.946921283,1.545231498312205e-09,0,0,1,0.0,0.0,0
76,245000000.0,0,76726.07307151111,2965778.278357916,0,2.9234491884615195,25.73139129465501,0,0.0,4390467.25294089,4934048546001.807,1733369.2972988598,493404854600180.7,7691188.096076374,1.5124896890483797e-09,0,0,1,0.0,0.0,0
77,245000000.0,0,302240.01225224836,2979293.214804082,0,6.906520528608794,77.5611065387292,0,0.0,4280782.12290253,4296245843151.112,1507855.3581181227,429624584315111.2,7750515.353882652,1.6370904631912708e-09,0,0,1,0.0,0.0,0
78,245000000.0,0,371503.9514329856,2999410.5630669254,0,1.5442041880165727,5.369070562355645,0,0.0,4656661.54484913,4539819143407.26,1438591.4189373855,453981914340726.0,7750515.353882652,1.3715180102735758e-09,0,0,1,0.0,0.0,0
79,245000000.0,0,50142.89061372285,3011592.151619201,0,4.041448276489258,39.10611965807331,0,0.0,4580605.51878069,4846050535714.349,1759952.4797566482,484605053571434.9,7750515.353882652,1.3715180102735758e-09,0,0,1,0.0,0.0,0
80,245000000.0,0,275656.8297944601,3024932.917967532,0,7.190670604346364,80.49898512897776,0,0.0,4470920.38874233,4425187228317.54,1534438.540575911,442518722831754.0,7750515.353882652,1.3715180102735758e-09,0,0,1,0.0,0.0,0
81,245000000.0,0,344920.76897519734,3058229.462101723,0,8.334592116016509,81.52390163953672,0,0.0,4029753.301854627,3615459654812.072,1465174.601395174,361545965481207.2,7750515.353882652,1.837179297581315e-09,0,0,1,0.0,0.0,0
82,245000000.0,0,414184.7081559346,3073289.3160278583,0,1.33364054634965,4.81713309934537,0,0.0,4050804.2326355297,3658917606796.908,1395910.6622144368,365891760679690.8,7750515.353882652,1.3715180102735758e-09,0,0,1,0.0,0.0,0
83,245000000.0,0,92823.64733667183,3085257.4773941105,0,2.5140519950896967,21.31658762767243,0,0.0,3997198.768407206,4158447681982.6006,1717271.7230336997,415844768198260.06,7750515.353882652,1.3715180102735758e-09,0,0,1,0.0,0.0,0
84,245000000.0,0,318337.5865174091,3098391.9307959527,0,7.371892094276509,84.46934469480752,0,0.0,3887513.638368846,3621480361191.961,1491757.7838529625,362148036119196.1,7750515.353882652,1.837179297581315e-09,0,0,1,0.0,0.0,0
85,245000000.0,0,387601.5256981463,3128558.256035084,0,8.626996001846576,85.49132377715546,0,0.0,3508564.569149748,3024862177587.191,1422493.8446722254,302486217758719.06,7750515.353882652,1.837179297581315e-09,0,0,1,0.0,0.0,0
86,245000000.0,0,456865.46487888356,3140384.3043203857,0,1.1895746148868007,4.368095332389937,0,0.0,3529615.49993065,2959311211131.4634,1353229.9054914883,295931121113146.3,7750515.353882652,1.837179297581315e-09,0,0,1,0.0,0.0,0
87,245000000.0,0,135504.4040596208,3153749.9494467224,0,1.9206254013950652,14.65154193213036,0,0.0,3496771.3457645155,3605054850480.606,1674590.9663107512,360505485048060.6,7826539.936947851,1.9099388737231493e-09,0,0,1,0.0,0.0,0
88,245000000.0,0,361018.34324035805,3168288.0986659955,0,7.593318537225287,88.44302818365215,0,0.0,3387086.215726155,2985476257888.9546,1449077.027130014,298547625788895.44,7826539.936947851,1.4006218407303095e-09,0,0,1,0.0,0.0,0
89,245000000.0,0,430282.2824210953,3188964.8788186833,0,1.2548007462769053,4.6373340188532035,0,0.0,3743959.491906455,3211263887770.4487,1379813.087949277,321126388777044.9,7826539.936947851,1.4006218407303095e-09,0,0,1,0.0,0.0,0
90,245000000.0,0,499546.22160183254,3213057.1271771076,0,8.9526411895542,90.44211005608128,0,0.0,3264780.1134861526,2436515086567.498,1310549.1487685398,243651508656749.8,7826539.936947851,1.4006218407303095e-09,0,0,1,0.0,0.0,0
91,245000000.0,0,178185.1607825698,3226260.0437799925,0,1.5963734499292939,11.161638560164462,0,0.0,3160547.414287522,3250478846536.979,1631910.2095878026,325047884653697.9,7826539.936947851,1.4006218407303095e-09,0,0,1,0.0,0.0,0
92,245000000.0,0,247449.09996330703,3244981.1665377077,0,1.3855022190329296,8.049938600282216,0,0.0,3106881.975047957,2950977106157.878,1562646.2704070655,295097710615787.8,7826539.936947851,1.4006218407303095e-09,0,0,1,0.0,0.0,0
93,245000000.0,0,316713.0391440443,3263666.1848747204,0,1.3035187375589836,6.294988727526675,0,0.0,3418788.215030064,3057148712424.0093,1493382.3312263284,305714871242400.94,7826539.936947851,1.4006218407303095e-09,0,0,1,0.0,0.0,0
94,245000000.0,0,385976.9783247815,3287611.44116061,0,9.410612205327809,94.40542166491475,0,0.0,2939608.8366097617,2431551992273.6016,1424118.3920455913,243155199227360.16,7826539.936947851,1.4006218407303095e-09,0,0,1,0.0,0.0,0
95,245000000.0,0,455240.91750551877,3300673.4420667063,0,1.1087819021797165,4.383648908420862,0,0.0,2960645.6477107187,2421472985184.9727,1354854.4528648541,242147298518497.25,7826596.415667632,1.5606929082423449e-09,0,0,1,0.0,0.0,0
96,245000000.0,0,524504.856686256,3325063.232792148,0,9.464243822072202,96.40465265731768,0,0.0,2524528.5193161303,1938713293572.1958,1285590.513684117,193871329357219.6,7851062.4171588775,1.735315890982747e-09,0,0,1,0.0,0.0,0
97,245000000.0,0,593768.7958669933,3338675.687957474,0,0.9893007156455546,3.3626511913500843,0,0.0,2530893.1703077788,1869887938579.038,1216326.5745033799,186988793857903.8,7856096.886319443,1.4733814168721437e-09,0,0,1,0.0,0.0,0
98,245000000.0,0,272407.7350477305,3352257.6680959444,0,1.2128035447500154,7.315081995214391,0,0.0,2502368.8821186894,2558185724564.4106,1537687.6353226425,255818572456441.06,7856096.886319443,1.4733814168721437e-09,0,0,1,0.0,0.0,0
99,245000000.0,0,341671.67422846775,3365934.2771840785,0,1.1653660235535688,5.836490583889201,0,0.0,2534247.4722910747,2406555503955.6616,1468423.6961419054,240655550395566.16,7856096.886319443,1.4733814168721437e-09,0,0,1,0.0,0.0,0
100,245000000.0,0,410935.613409205,3378759.4622997246,0,1.1388640746499377,4.855127682328495,0,0.0,2959053.04032461,2585771526322.7007,1399159.7569611683,258577152632270.06,7856096.886319443,1.4733814168721437e-09,0,0,1,0.0,0.0,0
101,245000000.0,0,480199.55258994224,3401258.923429008,0,9.931301764074107,101.3628636451475,0,0.0,2465095.1872185124,1982957119979.826,1329895.8177804311,198295711997982.6,7856096.886319443,1.4733814168721437e-09,0,0,1,0.0,0.0,0
102,245000000.0,0,549463.4917706795,3413965.1340718656,0,1.0047301768886625,3.633301808202733,0,0.0,2495786.225745015,2009813707500.646,1260631.878599694,200981370750064.6,7856096.886319443,1.4733814168721437e-09,0,0,1,0.0,0.0,0
103,245000000.0,0,228102.43095141673,3426614.815035843,0,1.3364254453380913,8.7297196790728,0,0.0,2422433.1937025446,2654903119781.225,1581992.9394189566,265490311978122.5,7856096.886319443,1.4733814168721437e-09,0,0,1,0.0,0.0,0
104,245000000.0,0,453616.37013215397,3441503.8430042528,0,8.70430785517119,104.33867073855262,0,0.0,2294695.159586245,2107916643521.4749,1356479.0002382195,210791664352147.5,7949335.433509904,1.076841726899147e-09,0,0,1,0.0,0.0,0
105,245000000.0,0,522880.3093128912,3467364.9484388432,0,10.255193888057992,105.34996753475797,0,0.0,1982566.7106707194,1779461140616.0647,1287215.0610574824,177946114061606.47,7949335.433509904,1.076841726899147e-09,0,0,1,0.0,0.0,0
106,245000000.0,0,592144.2484936285,3482324.2963794265,0,0.9220034740234437,3.3718610693423656,0,0.0,2004490.9991453742,1673477637183.8345,1217951.1218767453,167347763718383.44,7949335.433509904,1.076841726899147e-09,0,0,1,0.0,0.0,0
107,245000000.0,0,270783.1876743657,3497234.2833720995,0,1.1978062762876085,7.358806911913477,0,0.0,2146970.982050271,2462516918067.2544,1539312.1826960081,246251691806725.44,7949335.433509904,9.167706593871117e-10,0,0,1,0.0,0.0,0
108,245000000.0,0,340047.12685510295,3517391.3301888593,0,1.1033224969447297,5.864292182850491,0,0.0,2194409.209705663,2310264743296.4814,1470048.243515271,231026474329648.16,7949335.433509904,9.167706593871117e-10,0,0,1,0.0,0.0,0
109,245000000.0,0,409311.0660358402,3526651.92097945,0,1.0609073961988142,4.874350622133361,0,0.0,2716332.7905923263,2418402192095.097,1400784.3043345339,241840219209509.72,7949335.433509904,9.167706593871117e-10,0,0,1,0.0,0.0,0
110,245000000.0,0,478575.00521657744,3546718.6186530557,0,10.726606424875751,110.33813469251714,0,0.0,2175755.663890998,1916719550241.682,1331520.3651537967,191671955024168.2,7949335.433509904,9.167706593871117e-10,0,0,1,0.0,0.0,0
111,245000000.0,0,547838.9443973147,3561447.076128392,0,0.9303882091022894,3.6440562762837816,0,0.0,2197679.9523656527,1848795501350.3823,1262256.4259730596,184879550135038.22,7949335.433509904,9.167706593871117e-10,0,0,1,0.0,0.0,0
112,245000000.0,0,617102.8835780519,3574643.487959861,0,0.940417555892632,3.2357072797047497,0,0.0,2719603.5332523156,2050337304248.6086,1192992.4867923225,205033730424860.88,7949335.433509904,9.167706593871117e-10,0,0,1,0.0,0.0,0
113,245000000.0,0,295741.8227587892,3583734.449501473,0,1.1200200427122147,6.739865588901934,0,0.0,2544137.4673702503,2498590981563.248,1514353.5476115854,249859098156324.8,7949335.433509904,9.167706593871117e-10,0,0,1,0.0,0.0,0
114,245000000.0,0,365005.7619395264,3598342.033345511,0,1.0962102535629041,5.464394848326053,0,0.0,2591575.6950256424,2479035062506.7466,1445089.6084308482,247903506250674.66,7949335.433509904,9.167706593871117e-10,0,0,1,0.0,0.0,0
115,245000000.0,0,434269.70112026366,3618207.1206004126,0,11.207931453589703,115.34068509015654,0,0.0,2150907.7634721636,2052942803757.9502,1375825.669250111,205294280375795.03,7949335.433509904,9.167706593871117e-10,0,0,1,0.0,0.0,0
116,245000000.0,0,503533.6403010009,3632740.6880043354,0,0.944708072056189,3.96405678480986,0,0.0,2172832.051946818,1960871413472.234,1306561.730069374,196087141347223.38,7949335.433509904,9.167706593871117e-10,0,0,1,0.0,0.0,0
117,245000000.0,0,572797.5794817382,3641683.5315893465,0,0.947928928413902,3.4855497330721184,0,0.0,2694755.6328334813,2138265874976.0437,1237297.7908886368,213826587497604.38,7949335.433509904,9.167706593871117e-10,0,0,1,0.0,0.0,0
118,245000000.0,0,251436.5186624754,3650592.3791864472,0,1.2258381067638957,7.922783956128528,0,0.0,2519289.5669514155,2651011670748.971,1558658.8517078995,265101167074897.12,7949335.433509904,9.167706593871117e-10,0,0,1,0.0,0.0,0
119,245000000.0,0,320700.45784321264,3665023.919550792,0,1.147107337012092,6.216963486495072,0,0.0,2566727.7946068076,2607308410298.0527,1489394.9125271623,260730841029805.28,7949335.433509904,9.167706593871117e-10,0,0,1,0.0,0.0,0
120,245000000.0,0,389964.3970239499,3673868.136997546,0,1.1035256221858016,5.115555317118768,0,0.0,3088651.3754934706,2823994773416.523,1420130.9733464252,282399477341652.3,7949335.433509904,9.167706593871117e-10,0,0,1,0.0,0.0,0
121,245000000.0,0,459228.33620468713,3693532.340438776,0,11.717320571882745,121.35211893699974,0,0.0,2548074.248792142,2155101736594.4832,1350867.034165688,215510173659448.3,7949335.433509904,9.167706593871117e-10,0,0,1,0.0,0.0,0
122,245000000.0,0,528492.2753854244,3708843.8258207706,0,0.9597983105941789,3.7772033568273944,0,0.0,2561245.708045656,2184540176455.8254,1281603.094984951,218454017645582.53,7984346.750394467,1.2369127944111824e-09,0,0,1,0.0,0.0,0
123,245000000.0,0,207131.21456616162,3718571.4912222447,0,1.3772039798756763,9.60932267737395,0,0.0,2468183.178869158,2801585082733.5103,1602964.1558042136,280158508273351.03,7984346.750394467,1.2369127944111824e-09,0,0,1,0.0,0.0,0
124,245000000.0,0,432645.15374689887,3716465.8622390423,0,0.7458505230099031,1.7594421178677297,0,0.0,2671871.4065245497,2403019045081.5244,1377450.2166234765,240301904508152.44,7984346.750394467,1.2369127944111824e-09,0,0,1,0.0,0.0,0
125,245000000.0,0,501909.0929276361,3721847.537188761,0,1.0180318230485634,3.9768618784703125,0,0.0,3185042.158190072,2684132080671.8154,1308186.2774427393,268413208067181.53,7984346.750394467,1.2369127944111824e-09,0,0,1,0.0,0.0,0
126,245000000.0,0,571173.0321083734,3738068.111719783,0,12.087080703922602,126.36434793566431,0,0.0,2626959.373046462,1915347109978.211,1238922.3382620022,191534710997821.1,7984346.750394467,1.2369127944111824e-09,0,0,1,0.0,0.0,0
127,245000000.0,0,640436.9712891106,3749363.7635657415,0,0.9118085273155225,3.1179992571687194,0,0.0,2648871.8286020206,2018837638295.947,1169658.399081265,201883763829594.7,7984394.082070852,1.3242242857813835e-09,0,0,1,0.0,0.0,0
128,245000000.0,0,319075.91046984785,3759233.047298391,0,1.0464389297643337,6.248517725261321,0,0.0,2511393.864522038,2464777677697.5845,1491019.4599005277,246477767769758.44,7984394.082070852,1.3242242857813835e-09,0,0,1,0.0,0.0,0
129,245000000.0,0,388339.8496505851,3774625.4600156564,0,1.0493108181121935,5.136900324472077,0,0.0,2558832.0921774297,2443306206608.8096,1421755.5207197906,244330620660880.97,7984394.082070852,1.3242242857813835e-09,0,0,1,0.0,0.0,0
130,245000000.0,0,457603.78883132234,3784430.9714921233,0,1.031677071286104,4.361062967003995,0,0.0,3071991.010923856,2673819392615.707,1352491.5815390535,267381939261570.7,7984394.082070852,1.3242242857813835e-09,0,0,1,0.0,0.0,0
131,245000000.0,0,526867.7280120596,3805056.876583968,0,12.561831911640091,131.37745581061677,0,0.0,2513884.559942054,1977368239475.9407,1283227.6423583163,197736823947594.06,7984394.082070852,1.3242242857813835e-09,0,0,1,0.0,0.0,0
132,245000000.0,0,596131.6671927968,3820358.35198549,0,0.9142353322933147,3.349345060532951,0,0.0,2535808.8484167084,2030262353616.2666,1213963.7031775792,203026235361626.66,7984394.082070852,1.3242242857813835e-09,0,0,1,0.0,0.0,0
133,245000000.0,0,274770.6063735341,3831014.6856687274,0,1.1390005708539601,7.2524045484781645,0,0.0,2392734.1065400965,2583140230645.8105,1535324.7639968419,258314023064581.06,8029453.039446193,1.8480932340025902e-09,0,0,1,0.0,0.0,0
134,245000000.0,0,344034.5455542713,3847199.2042808477,0,1.0863951613902563,5.796521031791627,0,0.0,2417642.8555078176,2503396648495.326,1466060.8248161047,250339664849532.62,8029453.039446193,1.8480932340025902e-09,0,0,1,0.0,0.0,0
135,245000000.0,0,413298.48473500856,3836100.3201760743,0,0.8583663263908948,4.827437400064906,0,0.0,3007943.513923408,2347331225011.9546,1396796.8856353676,234733122501195.47,8029453.039446193,1.8480932340025902e-09,0,0,1,0.0,0.0,0
136,245000000.0,0,482562.4239157458,3842814.1410509506,0,0.9814034324717875,4.1359706649755585,0,0.0,3008276.735625329,2472991271755.4106,1327532.9464546305,247299127175541.06,8029453.039446193,1.8480932340025902e-09,0,0,1,0.0,0.0,0
137,245000000.0,0,551826.363096483,3849145.6919688797,0,0.9824955683481508,3.6177724752445393,0,0.0,3466868.5323616224,2813458300992.601,1258269.0072738933,281345830099260.1,8093528.326091117,1.7898855730891228e-09,0,0,1,0.0,0.0,0
138,245000000.0,0,230465.3022772203,3855455.717021098,0,1.2666398095680738,8.640603927774233,0,0.0,3219306.02018895,2932126074487.6597,1579630.068093156,293212607448765.94,8093699.239244655,1.7171259969472885e-09,0,0,1,0.0,0.0,0
139,245000000.0,0,455979.24145795754,3853514.2922190335,0,0.7806509447804727,1.7415220370065976,0,0.0,3368427.125834209,2850246452077.193,1354116.1289124188,285024645207719.3,8093699.239244655,1.7171259969472885e-09,0,0,1,0.0,0.0,0
140,245000000.0,0,525243.1806386948,3867342.329265327,0,13.371625941551047,140.39154202719357,0,0.0,2755753.5528422743,1977857217822.5728,1284852.1897316817,197785721782257.28,8093699.239244655,1.7171259969472885e-09,0,0,1,0.0,0.0,0
141,245000000.0,0,594507.119819432,3874854.03884731,0,0.9024115094983314,3.358482096077095,0,0.0,2723110.719306796,2057356885235.7036,1215588.2505509446,205735688523570.38,8093699.239244655,1.7171259969472885e-09,0,0,1,0.0,0.0,0
142,245000000.0,0,273146.0590001693,3877212.5844988716,0,1.135508527114746,7.29538118218495,0,0.0,2475548.207134124,2511003734223.7095,1536949.3113702075,251100373422370.94,8093699.239244655,1.7171259969472885e-09,0,0,1,0.0,0.0,0
143,245000000.0,0,342409.9981809065,3894796.037422854,0,1.0731043735137802,5.823942257343395,0,0.0,2468419.312779383,2436497192322.1763,1467685.3721894703,243649719232217.62,8093699.239244655,1.7171259969472885e-09,0,0,1,0.0,0.0,0
144,245000000.0,0,411673.93736164377,3911586.1497453344,0,1.0273861354002238,4.846441267375979,0,0.0,2927011.1095156763,2586197404765.7017,1398421.4330087332,258619740476570.16,8093699.239244655,1.7171259969472885e-09,0,0,1,0.0,0.0,0
145,245000000.0,0,480937.876542381,3918002.41488454,0,1.0134388336389033,4.1499124624709225,0,0.0,3385602.9062519697,2887606271526.8916,1329157.493827996,288760627152689.2,8093699.239244655,2.270098775625229e-09,0,0,1,0.0,0.0,0
146,245000000.0,0,159576.81572311826,3924392.035683318,0,1.6108384772607673,12.45509814722313,0,0.0,3138040.394079298,3141467913184.902,1650518.554647259,314146791318490.2,8093699.239244655,2.270098775625229e-09,0,0,1,0.0,0.0,0
147,245000000.0,0,385090.7549038555,3922814.292221276,0,0.7598149026802756,1.8578140538427483,0,0.0,3287161.4997245567,2931727115363.425,1425004.6154665218,293172711536342.5,8093699.239244655,2.270098775625229e-09,0,0,1,0.0,0.0,0
148,245000000.0,0,454354.69408459275,3908581.1572022415,0,0.8681090715772802,4.392180482559061,0,0.0,3845424.514817685,2945190255011.22,1355740.6762857847,294519025501122.0,8093699.239244655,2.270098775625229e-09,0,0,1,0.0,0.0,0
149,245000000.0,0,523618.63326533,3910488.4472510954,0,1.0113524514770746,3.8122931081414415,0,0.0,3813720.0931971436,3277907062216.6396,1286476.7371050476,327790706221663.94,8093699.239244655,2.270098775625229e-09,0,0,1,0.0,0.0,0
150,245000000.0,0,202257.57244606724,3914040.644324755,0,1.3681504769963644,9.839731803993104,0,0.0,3545074.535480598,3228073581047.632,1607837.7979243104,322807358104763.2,8135865.330332402,1.5425030142068863e-09,0,0,1,0.0,0.0,0
151,245000000.0,0,427771.5116268045,3909653.076007199,0,0.80590562734518,1.6631957590085436,0,0.0,3673112.595581983,3244389399966.6675,1382323.8587435733,324438939996666.75,8135865.330332402,1.5425030142068863e-09,0,0,1,0.0,0.0,0
152,245000000.0,0,497035.4508075417,3917979.214862932,0,1.0579413603531953,4.0157783883799665,0,0.0,4110621.346774402,3699680362278.753,1313059.9195628362,369968036227875.3,8135865.330332402,1.5425030142068863e-09,0,0,1,0.0,0.0,0
153,245000000.0,0,175674.38998827897,3920745.0757391686,0,1.5020393441224176,11.320259830146775,0,0.0,3841975.789057856,3523184527190.7773,1634420.9803820988,352318452719077.75,8135865.330332402,1.5425030142068863e-09,0,0,1,0.0,0.0,0
154,245000000.0,0,401188.3291690162,3913471.0093987053,0,0.8387057221338724,1.7736240627680475,0,0.0,3970013.849159241,3641742123284.7734,1408907.0412013617,364174212328477.4,8135865.330332402,2.8812792152166367e-09,0,0,1,0.0,0.0,0
155,245000000.0,0,470452.26834975346,3932634.1424223175,0,14.766420463000857,155.4239638357283,0,0.0,3336257.2306234324,2455933646121.2397,1339643.1020206246,245593364612123.97,8135865.330332402,1.949956640601158e-09,0,0,1,0.0,0.0,0
156,245000000.0,0,539716.2075304907,3940942.3152534314,0,0.9545456670983578,3.698797950100693,0,0.0,3282531.3515440803,2640060712816.8325,1270379.1628398874,264006071281683.25,8135865.330332402,2.459273673593998e-09,0,0,1,0.0,0.0,0
157,245000000.0,0,218355.14671122795,3945663.0901349485,0,1.2962222243286685,9.117634256527921,0,0.0,3013885.793827534,2854231936753.978,1591740.2236591503,285423193675397.8,8138541.295314229,3.259629011154175e-09,0,0,1,0.0,0.0,0
158,245000000.0,0,287619.0858919652,3964586.239032756,0,1.180454043089423,6.929548660370411,0,0.0,2985673.8539289194,2882548753104.9204,1522476.2844784132,288254875310492.06,8138541.295314229,3.259629011154175e-09,0,0,1,0.0,0.0,0
159,245000000.0,0,356883.02507270244,3983467.977588276,0,1.1058998172282668,5.588418169857898,0,0.0,3423182.605121339,3125934738620.3525,1453212.345297676,312593473862035.25,8138541.295314229,3.259629011154175e-09,0,0,1,0.0,0.0,0
160,245000000.0,0,426146.9642534397,3991198.575035139,0,1.0760431849775356,4.682229226410556,0,0.0,3860691.3563137585,3511891793272.881,1383948.406116939,351189179327288.06,8138541.295314229,3.259629011154175e-09,0,0,1,0.0,0.0,0
161,245000000.0,0,104785.90343417693,3998890.476817707,0,2.1691935123962236,18.906110692191216,0,0.0,3592045.798597213,3572083115813.512,1705309.4669362018,357208311581351.25,8138541.295314229,3.259629011154175e-09,0,0,1,0.0,0.0,0
162,245000000.0,0,330299.8426149142,4000319.6409616834,0,0.7910539194063125,1.8378454710640402,0,0.0,3720083.858698598,3479796177453.2563,1479795.5277554647,347979617745325.6,8139429.34944231,2.561137080192566e-09,0,0,1,0.0,0.0,0
163,245000000.0,0,399563.7817956514,4008700.680797072,0,1.1314069533051299,4.992962646384003,0,0.0,4157592.6098910174,3929508759953.756,1410531.5885747275,392950875995375.56,8139429.34944231,2.561137080192566e-09,0,0,1,0.0,0.0,0
164,245000000.0,0,468827.72097638866,3989821.6205054056,0,0.9102524968828437,4.256879512864058,0,0.0,4692989.408809827,4039640716041.141,1341267.6493939904,403964071604114.1,8139433.993744274,2.4883775040507317e-09,0,0,1,0.0,0.0,0
165,245000000.0,0,147466.6601571259,3994547.546206886,0,1.6871947776081857,13.471037860509227,0,0.0,4091297.5353801586,3842308156170.645,1662628.7102132533,384230815617064.5,8139433.993744274,2.4883775040507317e-09,0,0,1,0.0,0.0,0
166,245000000.0,0,372980.59933786315,3990554.071410442,0,0.842036630261489,1.7533765152839953,0,0.0,4139651.0259610247,3892672008055.138,1437114.7710325161,389267200805513.8,8139433.993744274,2.4883775040507317e-09,0,0,1,0.0,0.0,0
167,245000000.0,0,442244.55287854816,4005747.0094492543,0,1.1190807769139457,4.512181789965534,0,0.0,4501372.955998784,4421503179096.254,1367850.817491831,442150317909625.4,8139434.051184066,3.3178366720676422e-09,0,0,1,0.0,0.0,0
168,245000000.0,0,120883.50641923328,4008557.378093915,0,1.9463576890504442,16.409111115664448,0,0.0,4232725.04741136,4104626984147.088,1689211.8639511461,410462698414708.8,8139434.051184066,3.259629011154175e-09,0,0,1,0.0,0.0,0
169,245000000.0,0,346397.4599599183,4005883.458427238,0,0.8740944203371851,1.8765480444942244,0,0.0,4360763.107512745,4324000973132.235,1463697.910410461,432400097313223.5,8139760.055336048,2.4811015464365482e-09,0,0,1,0.0,0.0,0
170,245000000.0,0,415661.4135006033,4031653.1247920524,0,16.17485972100835,170.46223980459177,0,0.0,3727004.1524660056,2955008137420.4844,1394433.956869776,295500813742048.44,8139760.055336048,2.5029294192790985e-09,0,0,1,0.0,0.0,0
171,245000000.0,0,484925.3670412884,4040017.876269118,0,1.0027307571705728,4.115858392365144,0,0.0,3673278.2590267058,3218418341065.433,1325170.0033290908,321841834106543.3,8139760.055336048,2.444721758365631e-09,0,0,1,0.0,0.0,0
172,245000000.0,0,163564.32058197353,4045611.0285086017,0,1.5653244934622412,12.153302689957941,0,0.0,3404630.3504392817,3292211915716.4175,1646531.0497884057,329221191571641.75,8139760.055336048,2.444721758365631e-09,0,0,1,0.0,0.0,0
173,245000000.0,0,389078.27412265853,4047435.037370882,0,0.794024383080389,1.5643814037229575,0,0.0,3532668.410540667,3202412043974.1504,1421017.0962477205,320241204397415.06,8139760.055336048,2.4811015464365482e-09,0,0,1,0.0,0.0,0
174,245000000.0,0,458342.22766334354,4061503.632975585,0,1.04869381941421,4.354052119644919,0,0.0,3970175.986297647,3611150656769.114,1351753.1427070354,361115065676911.4,8139760.055336048,2.5029294192790985e-09,0,0,1,0.0,0.0,0
175,245000000.0,0,136981.18120402866,4064303.394587784,0,1.7729908682649649,14.494730241819424,0,0.0,3701528.0777102234,3558283455204.4844,1673114.1891663503,355828345520448.44,8139760.055336048,2.444721758365631e-09,0,0,1,0.0,0.0,0
176,245000000.0,0,363515.12203564326,4064018.385565631,0,0.8251065680856982,1.6616940230724726,0,0.0,3828546.1505206786,3567772236877.133,1446580.2483347356,356777223687713.25,8143840.004499766,1.6771082300692797e-09,0,0,1,0.0,0.0,0
177,245000000.0,0,433799.06286725786,4081689.7982991296,0,1.099413607417367,4.599825921452344,0,0.0,4265033.73898673,4037597914455.0425,1376296.307503121,403759791445504.25,8143840.004499766,2.244632923975587e-09,0,0,1,0.0,0.0,0
178,245000000.0,0,113458.0036988724,4084568.276902934,0,2.033992181534885,17.473657895185738,0,0.0,3994345.8558174465,3852960880501.4424,1696637.3666715063,385296088050144.25,8143840.004499766,1.735315890982747e-09,0,0,1,0.0,0.0,0
179,245000000.0,0,340085.0104031023,4084688.4008713863,0,0.8557392111122546,1.771912686795285,0,0.0,4122286.128562747,3966078394704.156,1470010.3599672765,396607839470415.56,8144221.710957166,2.051820047199726e-09,0,0,1,0.0,0.0,0
180,245000000.0,0,410462.01710733224,4100875.873458561,0,1.1550975186059944,4.860715975827943,0,0.0,4543454.906304677,4470720384477.215,1399633.3532630466,447072038447721.5,8205105.804429314,2.954038791358471e-09,0,0,1,0.0,0.0,0
181,245000000.0,0,90214.02381156222,4099821.8182507106,0,2.419691246607941,21.9264529337262,0,0.0,4242134.12317062,4139103488135.4795,1719881.3465588167,413910348813547.94,8217789.517878079,3.1868694350123405e-09,0,0,1,0.0,0.0,0
182,245000000.0,0,316841.03051579214,4101921.458127722,0,0.8889541815933871,1.8977829792693708,0,0.0,4370167.461788536,4326211648440.42,1493254.3398545869,432621164844042.0,8217789.517878079,2.852175384759903e-09,0,0,1,0.0,0.0,0
183,245000000.0,0,387218.03722002206,4116131.125565326,0,1.2172298504476868,5.151744144403323,0,0.0,4791336.239530466,4881786921004.254,1422877.333150357,488178692100425.4,8217789.517878079,2.852175384759903e-09,0,0,1,0.0,0.0,0
184,245000000.0,0,66970.04392425204,4115705.779197698,0,3.0607630622918465,29.42472719642293,0,0.0,4490015.456396408,4443764734444.568,1743125.3264461271,444376473444456.8,8217789.517878079,3.2159732654690742e-09,0,0,1,0.0,0.0,0
185,245000000.0,0,293597.05062848196,4118129.496422144,0,0.9272375254189962,2.0429034813154225,0,0.0,4618048.795014325,4721331501279.795,1516498.3197418973,472133150127979.5,8217789.517878079,2.852175384759903e-09,0,0,1,0.0,0.0,0
186,245000000.0,0,363974.0573327119,4129996.10670924,0,1.2891044326428818,5.479841538920098,0,0.0,5039217.572756254,5327840056634.404,1446121.3130376674,532784005663440.44,8217789.517878079,2.852175384759903e-09,0,0,1,0.0,0.0,0
187,245000000.0,0,43726.064036941854,4130145.8538370696,0,4.353423217486298,44.71665555788866,1,0.0,4737896.789622197,4783412579856.77,1766369.3063334376,478341257985676.94,8217789.517878079,3.2159732654690742e-09,0,0,1,0.0,0.0,0
188,245000000.0,0,270353.0707411718,4132862.3089291686,0,0.9695967478082304,2.2120559466034355,0,0.0,4865930.128240113,5151437953222.283,1539742.2996292077,515143795322228.3,8217789.517878079,2.852175384759903e-09,0,0,1,0.0,0.0,0
189,245000000.0,0,340730.0774454017,4158981.268668098,0,17.99540315660399,189.5081128482834,0,0.0,4200611.351810286,3514014333922.313,1469365.2929249778,351401433392231.3,8214391.236922467,3.0122464522719383e-09,0,0,1,0.0,0.0,0
190,245000000.0,0,411107.0841496317,4167265.8136798274,0,1.122741403694577,4.85310754637215,0,0.0,4145767.683723972,3844554718701.6064,1398988.286220748,384455471870160.6,8214391.236922467,2.9831426218152046e-09,0,0,1,0.0,0.0,0
191,245000000.0,0,90859.09085386153,4177548.189068457,0,2.4026485686059487,21.772477622076583,0,0.0,3844446.9005899155,3725908808009.1665,1719236.279516518,372590880800916.6,8214391.236922467,3.041350282728672e-09,0,0,1,0.0,0.0,0
192,245000000.0,0,317486.09755809145,4178722.563106473,0,0.8601148496607479,1.799168990134136,0,0.0,3972480.2392078317,3777155370207.5244,1492609.2728122883,377715537020752.44,8214391.236922467,2.9831426218152046e-09,0,0,1,0.0,0.0,0
193,245000000.0,0,387863.1042623214,4194835.786460653,0,1.1813575880330554,5.14319815399825,0,0.0,4393649.016949762,4236016403033.071,1422232.2661080584,423601640303307.06,8214391.236922467,2.9831426218152046e-09,0,0,1,0.0,0.0,0
194,245000000.0,0,67615.11096655135,4191145.564650841,0,3.033288116466089,29.14809830993299,0,0.0,4092328.2338157045,4010965202122.681,1742480.2594038285,401096520212268.1,8214391.236922467,2.9831426218152046e-09,0,0,1,0.0,0.0,0
195,245000000.0,0,294242.11767078127,4191969.738272732,0,0.8962693796764404,1.9308026001189331,0,0.0,4220361.572433621,4152670370851.325,1515853.2526995987,415267037085132.5,8214391.236922467,2.9831426218152046e-09,0,0,1,0.0,0.0,0
196,245000000.0,0,364619.1243750112,4204179.814840425,0,1.2496393435748925,5.470173376238995,0,0.0,4645748.932285511,4668235468235.998,1445476.2459953688,466823546823599.8,8197516.908482621,3.499735612422228e-09,0,0,1,0.0,0.0,0
197,245000000.0,0,44371.13107924117,4200133.241029549,0,4.296526340018327,44.080893564389626,1,0.0,4352865.313371377,4339300012662.67,1765724.239291139,433930001266267.0,8197516.908482621,3.5288394428789616e-09,0,0,1,0.0,0.0,0
198,245000000.0,0,270998.1377834711,4200491.686763472,0,0.9331589717256397,2.083218266645257,0,0.0,4480898.651989293,4577280590750.02,1539097.232586909,457728059075001.94,8197516.908482621,3.768946044147015e-09,0,0,1,0.0,0.0,0
199,245000000.0,0,341375.144487701,4194937.878805127,0,1.0881802910569884,5.8415455449974845,0,0.0,4997833.363918683,4684247600881.705,1468720.2258826792,468424760088170.5,8197516.908482621,3.499735612422228e-09,0,0,1,0.0,0.0,0
200,245000000.0,0,411752.151191931,4208256.037442111,0,1.2497275520263986,4.8455228984863465,0,0.0,4915761.800418084,5140129121476.308,1398343.2191784494,514012912147630.75,8248090.051032603,2.7284841053187847e-09,0,0,1,0.0,0.0,0
201,245000000.0,0,91504.15789616085,4226888.701808448,0,2.3864621844444134,21.62064976846846,0,0.0,4597591.610228959,4554423781865.411,1718591.2124742195,455442378186541.1,8248090.051032603,2.786691766232252e-09,0,0,1,0.0,0.0,0
202,245000000.0,0,318131.16460039077,4237477.3706693305,0,0.9711446137923122,2.4181377230248526,0,0.0,4700338.377571884,4912677177767.634,1491964.2057699896,491267717776763.4,8248090.051032603,2.066371962428093e-09,0,0,1,0.0,0.0,0
203,245000000.0,0,388508.1713046207,4256342.311227854,0,1.3075271551086993,5.1346804697349215,0,0.0,5100439.166148784,5482911008685.735,1421587.1990657598,548291100868573.56,8248090.051032603,2.7284841053187847e-09,0,0,1,0.0,0.0,0
204,245000000.0,0,68260.17800885066,4261100.44963673,0,3.0083336686960673,28.87662228855985,0,0.0,4782268.975959659,4826059375061.28,1741835.19236153,482605937506128.0,8318908.1469973205,3.0340743251144886e-09,0,0,1,0.0,0.0,0
205,245000000.0,0,294887.1847130806,4265178.371699121,0,0.993370177062834,2.5311646487226502,0,0.0,4875577.725964229,5224802685870.464,1515208.1856573,522480268587046.4,8356660.21635074,1.5643308870494366e-09,0,0,1,0.0,0.0,0
206,245000000.0,0,365264.1914173105,4266995.916282945,0,1.1217173968293324,5.460539268828657,0,0.0,5312943.137038234,5417357214468.123,1444831.1789530702,541735721446812.3,8356660.21635074,2.2264430299401283e-09,0,0,1,0.0,0.0,0
207,245000000.0,0,45016.19812154048,4283321.3180847205,0,4.242826752329257,43.462956125090805,1,0.0,4684601.470238325,4876420702342.671,1765079.1722488403,487642070234267.06,8356660.21635074,2.2264430299401283e-09,0,0,1,0.0,0.0,0
208,245000000.0,0,271643.2048257704,4298606.828973202,0,0.980548104005093,2.6552757148856343,0,0.0,4688787.633384022,5145132570868.998,1538452.1655446105,514513257086899.8,8356660.21635074,1.5643308870494366e-09,0,0,1,0.0,0.0,0
209,245000000.0,0,342020.2115300003,4329065.818263709,0,1.3762699065994077,5.830560219991822,0,0.0,5031978.810918409,5645118897118.546,1468075.1588403806,564511889711854.6,8356660.21635074,2.2264430299401283e-09,0,0,1,0.0,0.0,0
210,245000000.0,0,21772.2182342303,4346581.171038221,0,7.959748891616695,87.82631447794924,1,0.0,4654837.428107831,4979690693717.143,1788323.1521361507,497969069371714.25,8436850.532240229,3.157765604555607e-09,0,0,1,0.0,0.0,0
211,245000000.0,0,248399.22493846022,4352035.94154379,0,0.972150350273231,2.6441737180836418,0,0.0,4717489.037506011,5249561082884.522,1561696.145431921,524956108288452.25,8436850.532240229,1.5570549294352531e-09,0,0,1,0.0,0.0,0
212,245000000.0,0,318776.23164269014,4383349.300927455,0,1.399826290391437,6.254373534036605,0,0.0,5068056.650799812,5675050856941.439,1491319.138727691,567505085694144.0,8436850.532240229,1.5643308870494366e-09,0,0,1,0.0,0.0,0
213,244623229.01681155,1,0.0,4384359.247010335,376771,10.663876922884763,120.0,1,141956373772.79153,4685028.221376913,5018343519278.823,1810095.3703703813,501905330114768.7,8436850.532240229,2.7575879357755184e-09,0,0,1,0.0,0.0,0
214,245376770.98318845,0,226627.00670422992,4389607.067975354,0,0.9569822760667218,2.570303321859613,0,0.0,4757982.162346653,5284966546978.931,1583468.3636661514,528496654697893.06,8436850.532240229,2.051820047199726e-09,0,0,1,0.0,0.0,0
215,245000000.0,0,297004.01340845984,4382236.862449014,0,1.193140133810168,6.7113190091795705,0,0.0,5155486.571763881,5515734188489.489,1513091.3569619216,551573418848948.94,8436382.219664294,2.2337189875543118e-09,0,0,1,0.0,0.0,0
216,245000000.0,0,367381.02011268976,4399948.752272605,0,1.355191648841931,5.429161359584131,0,0.0,5068960.701510189,5880982239987.179,1442714.3502576917,588098223998717.9,8436382.219664294,2.0372681319713593e-09,0,0,1,0.0,0.0,0
217,245000000.0,0,47133.02681691968,4423004.94713683,0,4.077791707742748,41.55151114030838,1,0.0,4692053.474987577,5157648014647.542,1762962.3435534618,515764801464754.2,8436382.219664294,2.4665496312081814e-09,0,0,1,0.0,0.0,0
218,245000000.0,0,273760.0335211496,4431222.870482981,0,0.9730196183814235,2.7379566747562643,0,0.0,4754939.240673725,5462314611731.459,1536335.336849232,546231461173145.9,8436382.219664294,1.5061232261359692e-09,0,0,1,0.0,0.0,0
219,245000000.0,0,344137.0402253795,4450588.345071324,0,1.3711310568704953,5.794799650289551,0,0.0,5105741.010255493,5898621867696.905,1465958.330145002,589862186769690.5,8436382.219664294,1.8335413187742233e-09,0,0,1,0.0,0.0,0
220,245000000.0,0,23889.046929609496,4452482.45290509,0,7.332983238970738,80.35663260454865,1,0.0,4728833.783732882,5190179029121.986,1786206.3234407722,519017902912198.6,8436382.219664294,1.367880031466484e-09,0,0,1,0.0,0.0,0
221,245000000.0,0,250516.05363383942,4455754.680566135,0,0.9605628073902825,2.6548768888697802,0,0.0,4791719.54941903,5480602384719.947,1559579.3167365424,548060238471994.75,8436608.36634202,2.3537722881883383e-09,0,0,1,0.0,0.0,0
222,245000000.0,0,320893.06033806934,4468777.991857478,0,1.3936346777021973,6.213243609226906,0,0.0,5142521.319000798,5924216925083.457,1489202.3100323125,592421692508345.8,8436608.36634202,2.6302586775273085e-09,0,0,1,0.0,0.0,0
223,245000000.0,0,645.0670422993135,4470024.397147546,0,10.660187981586699,120.0,1,0.0,4765614.092478186,5230665473273.256,1809450.3033280827,523066547327325.56,8436608.36634202,2.164597390219569e-09,0,0,1,0.0,0.0,0
224,245000000.0,0,227272.07374652923,4475720.282511968,0,0.9478299024325383,2.576690517810959,0,0.0,4828499.858164335,5506845587385.26,1582823.2966238528,550684558738526.0,8436608.36634202,2.3537722881883383e-09,0,0,1,0.0,0.0,0
225,245000000.0,0,297649.08045075915,4467667.823536683,0,1.1917348398872318,6.696822896562567,0,0.0,5226004.2675815625,5833699526704.038,1512446.289919623,583369952670403.8,8435395.5004899,2.0227162167429924e-09,0,0,1,0.0,0.0,0
226,245000000.0,0,368026.0871549891,4485701.725822663,0,1.3547972565658961,5.4196710466163065,0,0.0,5139478.397327871,6215207297114.522,1442069.283215393,621520729711452.2,8435395.5004899,2.9249349609017372e-09,0,0,1,0.0,0.0,0
227,245000000.0,0,47778.09385921899,4505677.869208422,0,4.030373289156348,41.00201221007743,1,0.0,4809976.824739539,5439075641006.022,1762317.2765111632,543907564100602.25,8447511.698903827,1.2369127944111824e-09,0,0,1,0.0,0.0,0
228,245000000.0,0,274405.1005634489,4507950.317314711,0,0.9642810499472151,2.7225663279090586,0,0.0,4866804.491218724,5761466881456.754,1535690.2698069334,576146688145675.4,8447511.698903827,1.3533281162381172e-09,0,0,1,0.0,0.0,0
229,245000000.0,0,344782.10726767883,4527163.441631187,0,1.3632210598238903,5.783989275222239,0,0.0,5211548.161593529,6214313021721.706,1465313.2631027035,621431302172170.6,8447511.698903827,1.3533281162381172e-09,0,0,1,0.0,0.0,0
230,245000000.0,0,24534.11397190881,4529516.248868429,0,7.162183500244653,78.32658702002689,1,0.0,4828582.835863954,5441800389365.75,1785561.2563984736,544180038936575.0,8447511.698903827,1.3533281162381172e-09,0,0,1,0.0,0.0,0
231,245000000.0,0,270572.33684540016,4536862.162885316,0,0.9461691340158029,2.6091028319481477,0,0.0,4865999.286173878,5681948388662.813,1539523.0335249824,568194838866281.4,8525156.563580872,1.4115357771515846e-09,0,0,1,0.0,0.0,0
232,245000000.0,0,360360.5597188915,4548775.908736848,0,1.3236696296427517,5.534638316798695,0,0.0,5191331.740379423,6085999285452.914,1449734.8106514912,608599928545291.4,8525156.563580872,1.4115357771515846e-09,0,0,1,0.0,0.0,0
233,245000000.0,0,59523.782592382864,4553399.6259562485,0,3.357233739465577,33.04486128155029,0,0.0,4736528.607723381,5191034044441.493,1750571.5877779997,519103404444149.3,8591187.31275676,1.3533281162381172e-09,0,0,1,0.0,0.0,0
234,245000000.0,0,305562.0054658742,4562311.708781062,0,0.9100710639344888,2.4052673586815083,0,0.0,4760340.899614623,5364197933730.907,1504533.3649045085,536419793373090.75,8591187.31275676,1.5861587598919868e-09,0,0,1,0.0,0.0,0
235,245000000.0,0,395350.22833936557,4575687.9607121805,0,1.2374801498067973,5.046042255052133,0,0.0,5052657.979232223,5706802987407.024,1414745.1420310172,570680298740702.5,8591187.31275676,1.3533281162381172e-09,0,0,1,0.0,0.0,0
236,245000000.0,0,94513.45121285692,4580428.1999776615,0,2.3212147290495904,20.939459045856182,0,0.0,4597854.846576181,4872204770413.423,1715581.919157526,487220477041342.3,8591187.31275676,1.3533281162381172e-09,0,0,1,0.0,0.0,0
237,245000000.0,0,340551.67408634827,4589339.277040992,0,0.8719965645534357,2.190634593642358,0,0.0,4621667.138467423,5012084272635.834,1469543.6962840348,501208427263583.4,8591187.31275676,1.5861587598919868e-09,0,0,1,0.0,0.0,0
238,245000000.0,0,432865.0656204261,4580661.694409694,0,0.9723948190731881,4.609728135497622,0,0.0,4958161.689259896,5231329931297.976,1377230.3047499568,523132993129797.56,8601287.987399105,1.1132215149700642e-09,0,0,1,0.0,0.0,0
239,245000000.0,0,134553.4571545039,4602384.28499622,0,1.7794829488321524,14.754326757748412,0,0.0,4407751.402531979,4597403566665.982,1675541.913215879,459740356666598.25,8601287.987399105,1.1132215149700642e-09,0,0,1,0.0,0.0,0
240,245000000.0,0,383116.8486885817,4621968.433316518,0,0.820835152740956,2.0111689889168836,0,0.0,4333003.090225991,4582812864423.881,1426978.521681801,458281286442388.06,8577975.752690518,1.3533281162381172e-09,0,0,1,0.0,0.0,0
241,245000000.0,0,475430.24022265954,4650349.046567852,0,1.0715006273115117,4.197886345470641,0,0.0,4575323.407478848,4875717824085.429,1334665.130147723,487571782408542.9,8577975.752690518,1.1132215149700642e-09,0,0,1,0.0,0.0,0
242,245000000.0,0,177118.63175673736,4655215.50133519,0,1.4610014948290697,11.228471610603139,0,0.0,4115533.893038284,4239761167534.3394,1632976.738613645,423976116753433.94,8577847.841617215,7.8580342233181e-10,0,0,1,0.0,0.0,0
243,245000000.0,0,425682.0232908152,4663685.053085102,0,0.7907993904065098,1.8588819003584978,0,0.0,4139346.1849295255,4257623866626.3584,1384413.3470795671,425762386662635.8,8577847.841617215,1.025910023599863e-09,0,0,1,0.0,0.0,0
244,245000000.0,0,127370.414824893,4682030.174869995,0,1.8510208338548486,15.579913819926125,0,0.0,3730645.6809820333,3939609735659.4526,1682724.9555454892,393960973565945.25,8577847.841617215,7.8580342233181e-10,0,0,1,0.0,0.0,0
245,245000000.0,0,375933.8063589708,4685922.384279462,0,0.7432626220794532,1.655145078744197,0,0.0,3754457.9728732742,3776287648878.797,1434161.5640114113,377628764887879.7,8577847.841617215,7.930793799459934e-10,0,0,1,0.0,0.0,0
246,245000000.0,0,468247.19789304864,4720012.7412478365,0,1.0017821527992645,4.2621458561289955,0,0.0,4044281.8615986137,3996954291347.0137,1341848.1724773333,399695429134701.4,8577847.841617215,7.8580342233181e-10,0,0,1,0.0,0.0,0
247,245000000.0,0,169935.58942712646,4723870.800405837,0,1.5024480557080466,11.700313590065123,0,0.0,3584492.3471580506,3712533797782.5225,1640159.7809432554,371253379778252.25,8577847.841617215,7.8580342233181e-10,0,0,1,0.0,0.0,0
248,245000000.0,0,418498.9809612043,4732733.117824832,0,0.7200872296186749,1.5506011334737873,0,0.0,3608304.6390492916,3519896516354.2515,1391596.3894091775,351989651635425.1,8596757.963762369,7.203198038041592e-10,0,0,1,0.0,0.0,0
249,245000000.0,0,510812.3724952821,4747701.922874404,0,0.956365942765395,3.9076820090323943,0,0.0,3898128.5277746306,3748864510963.616,1299282.9978750995,374886451096361.6,8596757.963762369,7.130438461899757e-10,0,0,1,0.0,0.0,0
250,245000000.0,0,212500.7640293599,4754415.466628829,0,1.28622556858139,9.367647975840343,0,0.0,3396568.461781164,3478097361951.11,1597594.6063410216,347809736195111.0,8680299.066868177,1.2223608791828156e-09,0,0,1,0.0,0.0,0
251,245000000.0,0,461064.15556343773,4765017.59799118,0,0.7014246614783302,1.4584791972555993,0,0.0,3420380.7536724056,3213822671552.065,1349031.2148069437,321382267155206.5,8680299.066868177,1.229636836796999e-09,0,0,1,0.0,0.0,0
252,245000000.0,0,553377.5470975155,4777385.186895728,0,0.9145788546804506,3.607649715381056,0,0.0,3689319.3666212927,3393265600386.8975,1256717.8232728657,339326560038689.75,8680299.066868177,1.178705133497715e-09,0,0,1,0.0,0.0,0
253,245000000.0,0,255065.93863159337,4784422.936259876,0,1.137608590873491,7.81048823083587,0,0.0,3180943.288917812,3206337742263.0566,1555029.4317387878,320633774226305.7,8693931.090288205,4.0745362639427185e-10,0,0,1,0.0,0.0,0
254,245000000.0,0,503629.3301656712,4796255.948908295,0,0.6824724413931613,1.365999081682147,0,0.0,3182016.876932171,2876569023699.114,1306466.0402047099,287656902369911.4,8739408.498041969,9.022187441587448e-10,0,0,1,0.0,0.0,0
255,245000000.0,0,595942.721699749,4808617.344744958,0,0.8742688706241118,3.3504052018678645,0,0.0,3424808.7801491693,3021734114694.8765,1214152.648670632,302173411469487.6,8739408.498041969,9.022187441587448e-10,0,0,1,0.0,0.0,0
256,245000000.0,0,297631.1132338268,4816638.857241598,0,1.0282527197299591,6.697225812616547,0,0.0,2893693.9985688063,2961090337215.2715,1512464.257136554,296109033721527.1,8739408.498041969,9.022187441587448e-10,0,0,1,0.0,0.0,0
257,245000000.0,0,389944.50476790464,4845832.470461025,0,0.9653398406618154,5.115815609653747,0,0.0,2738517.5865831655,2898978392211.009,1420150.865602476,289897839221100.9,8739408.498041969,9.022187441587448e-10,0,0,1,0.0,0.0,0
258,245000000.0,0,482257.89630198246,4860094.063213592,0,0.9022330180828311,4.138576969573659,0,0.0,2981309.4898001635,2980557320210.3315,1327837.4740683981,298055732021033.1,8739408.498041969,9.022187441587448e-10,0,0,1,0.0,0.0,0
259,245000000.0,0,574571.2878360603,4850919.30825046,0,0.7192332035740664,3.4748084942167217,0,0.0,3282460.150206915,2881439233027.2715,1235524.0825343202,288143923302727.1,8739408.498041969,9.022187441587448e-10,0,0,1,0.0,0.0,0
260,245000000.0,0,276259.6793701381,4866952.864243529,0,1.077089267744854,7.213454204893694,0,0.0,2914041.5008784593,3152668147025.3022,1533835.6910002423,315266814702530.25,8692448.480397634,1.4115357771515846e-09,0,0,1,0.0,0.0,0
261,245000000.0,0,524823.0709042159,4872870.988218835,0,0.6212129778853022,1.1037924949520899,0,0.0,2816554.48469559,2647284729316.1387,1285272.2994661643,264728472931613.88,8692448.480397634,1.4115357771515846e-09,0,0,1,0.0,0.0,0
262,245000000.0,0,617136.4624382937,4888740.640069536,0,0.8081694470565685,3.235531507251366,0,0.0,3023614.7986195143,2759295801023.311,1192958.9079320864,275929580102331.1,8692448.480397634,1.4115357771515846e-09,0,0,1,0.0,0.0,0
263,245000000.0,0,318824.85397237155,4898218.64365449,0,0.9815430762795819,6.253422694199909,0,0.0,2747134.2618182413,2920334162204.4917,1491270.5163980084,292033416220449.2,8692448.480397634,1.4115357771515846e-09,0,0,1,0.0,0.0,0
264,245000000.0,0,567388.2455064494,4909071.804615817,0,0.6086919271342519,1.1045433134093559,0,0.0,2748207.8498326004,2505427651931.199,1242707.1248639305,250542765193119.94,8692448.480397634,1.8189894035458565e-09,0,0,1,0.0,0.0,0
265,245000000.0,0,659701.6370405272,4915063.7290846845,0,0.7799539072763041,3.027084977356157,0,0.0,3002739.757460682,2635144909956.941,1150393.7333298526,263514490995694.1,8692448.480397634,1.877197064459324e-09,0,0,1,0.0,0.0,0
266,245000000.0,0,361390.028574605,4921243.232839984,0,0.9068859930934351,5.518915649712093,0,0.0,2726259.220659409,2761436445837.226,1448705.3417957746,276143644583722.6,8692448.480397634,1.4115357771515846e-09,0,0,1,0.0,0.0,0
267,245000000.0,0,453703.4201086828,4950538.005877815,0,0.8560896056579143,4.398471424564965,0,0.0,2545142.055619029,2699446915259.74,1356391.9502616967,269944691525974.03,8744329.986507114,9.74978320300579e-10,0,0,1,0.0,0.0,0
268,245000000.0,0,546016.8116427606,4963171.713987125,0,0.8094222410175181,3.656194759341577,0,0.0,2773596.050320767,2785850684478.8345,1264078.5587276188,278585068447883.44,8744604.306250323,1.0040821507573128e-09,0,0,1,0.0,0.0,0
269,245000000.0,0,638330.2031768385,4975078.251620768,0,0.783544268754827,3.128273918644824,0,0.0,3011209.324550202,2986880449112.8374,1171765.1671935408,298688044911283.75,8707967.188139534,1.1714291758835316e-09,0,0,1,0.0,0.0,0
270,245000000.0,0,340018.5947109163,4986984.6834224975,0,0.9401532779952588,5.86478283301652,0,0.0,3064445.33769739,3092899535296.714,1470076.775659463,309289953529671.4,8707967.188139534,1.1714291758835316e-09,0,0,1,0.0,0.0,0
271,245000000.0,0,586056.8175844076,4987635.200930565,0,0.5788314380665972,1.2709398124936333,0,0.0,3041966.1814459926,2794448615721.6187,1224038.5527859717,279444861572161.88,8697866.513497189,1.4115357771515846e-09,0,0,1,0.0,0.0,0
272,245000000.0,0,675845.040457899,4993775.445256797,0,0.7613467678287935,2.9548860971884503,0,0.0,3282104.6243360145,3036454068645.198,1153816.1405731146,303645406864519.8,8697866.513497189,1.4115357771515846e-09,0,0,1,0.0,0.0,0
273,245000000.0,0,385417.9130460962,5001736.769901788,0,0.8699970079053708,5.175743495518071,0,0.0,3075280.8978694375,3003311239488.2476,1424677.4573242832,300331123948824.75,8709602.337286303,3.3542164601385593e-09,0,0,1,0.0,0.0,0
274,245000000.0,0,485615.78563429345,5028797.108172814,0,0.8258987532536629,4.110018743828958,0,0.0,2894026.5729574533,3050296442441.4937,1324479.584736086,305029644244149.4,8709602.337286303,3.092281986027956e-09,0,0,1,0.0,0.0,0
275,245000000.0,0,585813.6582224907,5040529.468884148,0,0.7871926254444532,3.4082369624084294,0,0.0,3131231.0599001963,3260017927465.8345,1224281.7121478887,326001792746583.44,8709602.337286303,3.092281986027956e-09,0,0,1,0.0,0.0,0
276,245000000.0,0,686011.5308106879,5030873.323344585,0,0.6237857234593687,2.9111592896264176,0,0.0,3427332.9131778213,3172481258207.7266,1291500.8828118024,317248125820772.6,8720869.220959779,4.445610102266073e-09,0,0,1,0.0,0.0,0
277,245000000.0,0,395584.40339888516,5048171.584716607,0,0.8548776541953452,5.043062669281014,0,0.0,3171303.510498123,3217768809206.133,1414510.9669714943,321776880920613.25,8720869.220959779,4.445610102266073e-09,0,0,1,0.0,0.0,0
278,245000000.0,0,495782.2759870824,5067248.587331462,0,0.8010076454494538,4.025908525069854,0,0.0,2934951.21679419,3187050161415.817,1314313.094383297,318705016141581.7,8647365.27040321,4.445610102266073e-09,0,0,1,0.0,0.0,0
279,245000000.0,0,595980.1485752796,5083317.81176427,0,0.7633973058047806,3.3501951526748273,0,0.0,3148553.3742021974,3382103336672.192,1297108.1894908184,338210333667219.2,8647365.27040321,4.445610102266073e-09,0,0,1,0.0,0.0,0
280,245000000.0,0,696178.0211634769,5093831.40523931,0,0.7454486422904972,2.8687077608418075,0,0.0,3419693.1155048553,3688145571106.2207,1429185.6250504903,368814557110622.06,8647365.27040321,4.445610102266073e-09,0,0,1,0.0,0.0,0
281,245000000.0,0,405750.8937516741,5104344.925825547,0,0.840479942535048,4.917014395599637,0,0.0,3356359.346278672,3534103346008.0703,1404344.4766187053,353410334600807.0,8647365.27040321,4.445610102266073e-09,0,0,1,0.0,0.0,0
282,245000000.0,0,662198.7663398713,5103181.404968591,0,0.5496444255755717,1.3431069939803006,0,0.0,3368106.996644972,3361037080791.9736,1302715.496169834,336103708079197.4,8647365.27040321,4.445610102266073e-09,0,0,1,0.0,0.0,0
283,245000000.0,0,762396.6389280686,5110029.823741674,0,0.7253014539670158,2.6198700623156017,0,0.0,3639057.859319925,3718936389873.0757,1434792.9317295058,371893638987307.56,8715521.032953229,6.832124199718237e-09,0,0,1,0.0,0.0,0
284,245000000.0,0,471969.5115162658,5116878.17667457,0,0.7682871439704645,4.2286023756337165,0,0.0,3353285.6190877464,3411058003866.507,1338125.8588541136,341105800386650.7,8715521.032953229,6.832124199718237e-09,0,0,1,0.0,0.0,0
285,245000000.0,0,572167.384104463,5145810.49108653,0,0.7701717108537757,3.489382081858811,0,0.0,3208594.390826341,3576135125955.9697,1308322.8028488494,357613512595597.0,8715521.032953229,6.832124199718237e-09,0,0,1,0.0,0.0,0
286,245000000.0,0,672365.2566926603,5136498.859152014,0,0.6158184437153896,2.9701562118356324,0,0.0,3507370.3381072413,3553623758748.627,1440400.2384085213,355362375874862.7,8715521.032953229,6.832124199718237e-09,0,0,1,0.0,0.0,0
287,245000000.0,0,772563.1292808575,5154384.838518154,0,0.7104786909507985,2.585438633637178,0,0.0,3359871.1161762476,3816531637920.15,1572477.6739681931,381653163792015.0,8715521.032953229,6.832124199718237e-09,0,0,1,0.0,0.0,0
288,245000000.0,0,482136.00186905474,5167066.703398528,0,0.7573924708635782,4.139621125858602,0,0.0,3297103.982833179,3605047942616.669,1327959.3685013247,360504794261666.9,8715521.032953229,7.290509529411793e-09,0,0,1,0.0,0.0,0
289,245000000.0,0,582333.874457252,5188475.535595637,0,0.7538348996061934,3.4285682480909387,0,0.0,3152412.754571774,3753647537103.9087,1446007.5450875368,375364753710390.9,8715521.032953229,7.341441232711077e-09,0,0,1,0.0,0.0,0
290,245000000.0,0,682531.7470454492,5206195.12065383,0,0.7346429437086317,2.9259796763573243,0,0.0,3423363.617246727,4067656286853.7275,1578084.9806472086,406765628685372.75,8715521.032953229,7.290509529411793e-09,0,0,1,0.0,0.0,0
291,245000000.0,0,392104.61963364645,5218537.071467227,0,0.8580303929937859,5.08770413805846,0,0.0,3450280.255642254,3897915696731.118,1417990.750736733,389791569673111.8,8723791.320374992,7.930793799459934e-09,0,0,1,0.0,0.0,0
292,245000000.0,0,648552.4922218437,5230134.495903963,0,0.5243664047763094,1.367561072010939,0,0.0,3461839.0273808483,3736603469252.236,1451614.8517665523,373660346925223.56,8723791.320374992,7.930793799459934e-09,0,0,1,0.0,0.0,0
293,245000000.0,0,748750.3648100409,5238498.090879641,0,0.7146496420259217,2.6675545539837464,0,0.0,3735307.1246360843,4111821633365.4873,1583692.2873262241,411182163336548.75,8718756.851214426,7.290509529411793e-09,0,0,1,0.0,0.0,0
294,245000000.0,0,458323.23739823815,5245470.740247343,0,0.7801945769135185,4.3542321336248415,0,0.0,3447206.528451328,3766835927263.4624,1351772.1329721413,376683592726346.25,8718756.851214426,7.290509529411793e-09,0,0,1,0.0,0.0,0
295,245000000.0,0,714771.1099864354,5254656.053793919,0,0.524971772532297,1.3728247114449552,0,0.0,3461282.5347702056,3659174498439.626,1457222.1584455678,365917449843962.6,8718756.851214426,7.290509529411793e-09,0,0,1,0.0,0.0,0
296,245000000.0,0,424343.9825746326,5261628.613981927,0,0.8178447322637932,4.702076629587846,0,0.0,3262865.7103240443,3483954873428.576,1385751.3877957468,348395487342857.6,8718756.851214426,7.290509529411793e-09,0,0,1,0.0,0.0,0
297,245000000.0,0,680791.8551628299,5268048.48538346,0,0.5107548017662209,1.2631682436663088,0,0.0,3275665.534364626,3296965038443.7017,1330752.0295649115,329696503844370.2,8723861.580327611,4.649336915463209e-09,0,0,1,0.0,0.0,0
298,245000000.0,0,780989.7277510271,5291829.426935585,0,0.6859057396665444,2.557578353045537,0,0.0,3547857.4493415654,3634888000979.797,1462829.4651245833,363488800097979.7,8723861.580327611,4.649336915463209e-09,0,0,1,0.0,0.0,0
299,245000000.0,0,490562.60033922433,5298436.618675501,0,0.74845393748144,4.068657783606426,0,0.0,3254687.2540199338,3349023023823.131,1319532.770031155,334902302382313.06,8699523.48990967,5.52245182916522e-09,0,0,1,0.0,0.0,0
300,245000000.0,0,590760.4729274216,5323346.136544556,0,0.7321512570996823,3.3797458456561977,0,0.0,3124682.3055477827,3493950326334.702,1336359.336243927,349395032633470.2,8699523.48990967,5.173205863684416e-09,0,0,1,0.0,0.0,0
301,245000000.0,0,690958.3455156188,5341147.306844608,0,0.7134897392925362,2.890347392962914,0,0.0,3425867.564441087,3809651158839.9355,1468436.7718035989,380965115883993.56,8665874.892494882,3.892637323588133e-09,0,0,1,0.0,0.0,0
302,245000000.0,0,791156.218103816,5330903.684020232,0,0.5762415945286862,2.5247545298418523,0,0.0,3749466.5819511614,3854093451013.28,1600514.2073632707,385409345101328.0,8665874.892494882,3.892637323588133e-09,0,0,1,0.0,0.0,0
303,245000000.0,0,492093.65031762666,5347110.270263145,0,0.7457624583809658,4.056024649093937,0,0.0,3358783.115087542,3679898581628.3154,1341966.6429229425,367989858162831.56,8631333.130997336,3.4124241210520267e-09,0,0,1,0.0,0.0,0
304,245000000.0,0,739906.0825314373,5357010.121169208,0,0.5053370278110426,1.3888615819158567,0,0.0,3307450.156695959,3491114145807.992,1474044.0784826144,349111414580799.25,8631333.708211664,4.46016201749444e-09,0,0,1,0.0,0.0,0
305,245000000.0,0,831468.5147452479,5367752.036668741,0,0.6697396676213448,2.4024932649999866,0,0.0,3563561.8189038886,3870999767991.434,1606121.5140422862,387099976799143.44,8631333.708211664,3.296008799225092e-09,0,0,1,0.0,0.0,0
306,245000000.0,0,532405.9469590585,5373861.730527737,0,0.7116100591424749,3.749489504948301,0,0.0,3229675.8164983005,3541132646756.2515,1347573.949601958,354113264675625.1,8631333.708211664,3.296008799225092e-09,0,0,1,0.0,0.0,0
307,245000000.0,0,623968.3791728691,5399164.961086837,0,0.7138532874649287,3.2001619068263145,0,0.0,3116495.1667335434,3712194534677.7275,1479651.3851616299,371219453467772.75,8631333.708211664,3.296008799225092e-09,0,0,1,0.0,0.0,0
308,245000000.0,0,715670.2750248424,5415388.138185843,0,0.7020219143694505,2.7906836235543224,0,0.0,3426176.4023630717,4052946255285.8877,1611728.8207213017,405294625528588.75,8631891.562764315,2.408341970294714e-09,0,0,1,0.0,0.0,0
309,245000000.0,0,416747.17087681557,5425998.851013264,0,0.8231483592145724,4.787584786755518,0,0.0,3404511.472681158,3887537227976.8335,1393348.1994935644,388753722797683.4,8631891.562764315,2.408341970294714e-09,0,0,1,0.0,0.0,0
310,245000000.0,0,664699.0667287888,5435860.107637413,0,0.500499708746884,1.399762615171045,0,0.0,3447580.8229164006,3758837833913.0576,1485258.6918406454,375883783391305.75,8631891.562764315,2.408341970294714e-09,0,0,1,0.0,0.0,0
311,245000000.0,0,756400.962580762,5441747.509448547,0,0.6923110625845997,2.6406092661741756,0,0.0,3757262.0585459294,4162323984388.222,1617336.1274003172,416232398438822.2,8631891.562764315,2.408341970294714e-09,0,0,1,0.0,0.0,0
312,245000000.0,0,457477.8584327352,5446943.089626934,0,0.7779501077781457,4.362260822882086,0,0.0,3423097.128864016,3819039815401.65,1358788.562959989,381903981540165.0,8631785.77996881,2.408341970294714e-09,0,0,1,0.0,0.0,0
313,245000000.0,0,705429.7542847084,5455902.013007311,0,0.5029424398775824,1.405277555451709,0,0.0,3466219.3704970106,3727952896716.72,1490865.998519661,372795289671672.0,8714432.668923017,3.368768375366926e-09,0,0,1,0.0,0.0,0
314,245000000.0,0,797131.6501366816,5465318.76191106,0,0.6849503061278238,2.5058522609114626,0,0.0,3775953.4975242917,4156336005784.174,1622943.4340793327,415633600578417.4,8714432.668923017,3.368768375366926e-09,0,0,1,0.0,0.0,0
315,245000000.0,0,498208.54598865483,5471342.087219098,0,0.7393281836500054,4.00634167037167,0,0.0,3441682.7850468736,3759692585744.1807,1364395.8696390046,375969258574418.06,8671520.976413889,4.241883289068937e-09,0,0,1,0.0,0.0,0
316,245000000.0,0,746160.441840628,5478611.0873620445,0,0.5055307965853315,1.4108361243743237,0,0.0,3506259.9691072786,3715731381713.532,1496473.3051986764,371573138171353.25,8671522.784068197,4.503817763179541e-09,0,0,1,0.0,0.0,0
317,245000000.0,0,837862.3376926013,5485518.428478931,0,0.6797999425101958,2.3841814206384058,0,0.0,3837449.038561969,4184174885306.042,1628550.7407583483,418417488530604.2,8671522.784068197,5.769834388047457e-09,0,0,1,0.0,0.0,0
318,245000000.0,0,538939.2335445746,5489796.159523057,0,0.7062767516306034,3.7041205301390465,0,0.0,3460268.4412297313,3709495539004.4263,1370003.17631802,370949553900442.6,8671522.784068197,4.503817763179541e-09,0,0,1,0.0,0.0,0
319,245000000.0,0,630641.1293965478,5512998.571183875,0,0.721676603835565,3.166354923579381,0,0.0,3368595.625290136,3953866700538.9395,1502080.611877692,395386670053893.94,8671522.784068197,4.503817763179541e-09,0,0,1,0.0,0.0,0
320,245000000.0,0,722343.025248521,5504048.112043235,0,0.5857387086342076,2.764939911203062,0,0.0,3722198.4533615964,4042546116996.232,1634158.0474373638,404254611699623.2,8671522.784068197,4.503817763179541e-09,0,0,1,0.0,0.0,0
321,245000000.0,0,814044.9211004942,5497178.238768503,0,0.5596618515764887,2.453852478829694,0,0.0,3680186.439945932,3240480286884.696,1375610.4829970356,324048028688469.56,8671522.784068197,4.73664840683341e-09,0,0,1,0.0,0.0,0
322,245000000.0,0,515121.81695246743,5518451.819124658,0,0.7248032298790044,3.875054171918858,0,0.0,3174418.4183665467,3079888892219.245,1294973.5534179127,307988889221924.5,8715430.420192877,4.038156475871801e-09,0,0,1,0.0,0.0,0
323,245000000.0,0,606823.7128044406,5545190.553291428,0,0.6981457428104831,3.2904277307184855,0,0.0,2934321.655483955,3141954458399.7124,1249140.3541163793,314195445839971.25,8715430.420192877,4.038156475871801e-09,0,0,1,0.0,0.0,0
324,245000000.0,0,698525.6086564139,5566317.363531854,0,0.6815431515050534,2.859080461459332,0,0.0,3237949.6001972896,3426189004815.3145,1381217.7896760511,342618900481531.44,8715430.420192877,4.038156475871801e-09,0,0,1,0.0,0.0,0
325,245000000.0,0,790227.5045083871,5580404.446524634,0,0.6771182423020098,2.527717993376202,0,0.0,3547184.8515896397,3820616475826.2256,1513295.225235723,382061647582622.56,8703423.277081504,3.2523530535399914e-09,0,0,1,0.0,0.0,0
326,245000000.0,0,491304.4003603603,5589690.84438106,0,0.7429089620077008,4.062527165176721,0,0.0,3405663.5243840185,3540834559071.906,1318790.9700100198,354083455907190.56,8664419.70709923,3.2887328416109085e-09,0,0,1,0.0,0.0,0
327,245000000.0,0,739256.2962123335,5596292.14342441,0,0.49488166484116536,1.3823299863211669,0,0.0,3442070.1663427926,3471824352593.915,1386825.0963550666,347182435259391.5,8664419.70709923,3.2887328416109085e-09,0,0,1,0.0,0.0,0
328,245000000.0,0,830958.1920643067,5579247.845981657,0,0.5484041044805991,2.403966952999735,0,0.0,3767502.452312622,3568587408549.8267,1518902.5319147385,356858740854982.7,8664419.70709923,3.2887328416109085e-09,0,0,1,0.0,0.0,0
329,245000000.0,0,532035.0879162799,5588680.470962387,0,0.709738398843701,3.7520982114298,0,0.0,3181735.5262534637,3352714771095.245,1278060.2824541002,335271477109524.5,8652303.508685302,3.899913281202316e-09,0,0,1,0.0,0.0,0
330,245000000.0,0,623736.9837682531,5611801.570808766,0,0.6889464640752152,3.20134721004752,0,0.0,2973547.9587923754,3405071724111.3057,1392432.4030340821,340507172411130.56,8652303.508685302,3.899913281202316e-09,0,0,1,0.0,0.0,0
331,245000000.0,0,715438.8796202263,5626940.124001538,0,0.6743409183516605,2.791584958454754,0,0.0,3228915.5482926364,3687330502809.5464,1524509.838593754,368733050280954.6,8652303.508685302,3.899913281202316e-09,0,0,1,0.0,0.0,0
332,245000000.0,0,816094.0879227462,5638757.904962927,0,0.6691264685864894,2.4476985325943197,0,0.0,3529038.8624021127,4064717772740.1753,1656587.2741534258,406471777274017.5,8688116.75848749,3.892637323588133e-09,0,0,1,0.0,0.0,0
333,245000000.0,0,526124.2962252661,5648467.954831649,0,0.7131126927907728,3.7941715347252782,0,0.0,3370086.78479238,3735526930143.656,1398039.7097130977,373552693014365.56,8688116.75848749,3.892637323588133e-09,0,0,1,0.0,0.0,0
334,245000000.0,0,766151.0057214354,5654488.724231165,0,0.4919724303202665,1.445133436436168,0,0.0,3429430.0247644675,3703181039389.6455,1530117.1452727695,370318103938964.56,8620602.763262087,3.892637323588133e-09,0,0,1,0.0,0.0,0
335,245000000.0,0,849927.7152176048,5657705.2555590235,0,0.6645903248519945,2.350375906475848,0,0.0,3746431.837680294,4163438123395.3647,1662194.5808324413,416343812339536.5,8620602.763262087,3.892637323588133e-09,0,0,1,0.0,0.0,0
336,245000000.0,0,543079.4247137741,5662616.779560458,0,0.7006347761120084,3.675933897063186,0,0.0,3412975.454864887,3720141574574.525,1395471.4944000568,372014157457452.5,8701963.1627512,1.899024937301874e-09,0,0,1,0.0,0.0,0
337,245000000.0,0,783106.1342099435,5670681.3874210855,0,0.49371175021071695,1.4340011891184423,0,0.0,3420408.3628589483,3668991889056.9907,1519373.4079676722,366899188905699.06,8772026.82909455,4.729372449219227e-10,0,0,1,0.0,0.0,0
338,245000000.0,0,865862.8564151832,5676967.54244639,0,0.6625585850243275,2.3071700271837483,0,0.0,3695222.807901973,4098370708562.3394,1643275.3215352877,409837070856233.94,8767946.879930831,1.6952981241047382e-09,0,0,1,0.0,0.0,0
339,245000000.0,0,557994.5786204229,5683253.683335909,0,0.6902962012496019,3.5778522305814184,0,0.0,3433870.0660117758,3668536701156.4297,1376552.235102903,366853670115643.0,8767946.879930831,1.6952981241047382e-09,0,0,1,0.0,0.0,0
340,245000000.0,0,640751.3008256626,5708996.815345467,0,0.7053770487884333,3.1164720623500815,0,0.0,3285052.974005837,3902967033617.7217,1500454.1486705185,390296703361772.2,8767946.879930831,1.6952981241047382e-09,0,0,1,0.0,0.0,0
341,245000000.0,0,723508.0230309023,5699039.723747721,0,0.5739640411838975,2.76049393025796,0,0.0,3557952.0219051884,3967199909585.476,1624356.062238134,396719990958547.6,8767946.879930831,1.6952981241047382e-09,0,0,1,0.0,0.0,0
342,245000000.0,0,806264.745236142,5716082.661306217,0,0.6710131370668221,2.477501974169525,0,0.0,3444056.864091886,4286503910048.226,1748257.9758057494,428650391004822.6,8767946.879930831,1.6952981241047382e-09,0,0,1,0.0,0.0,0
343,245000000.0,0,498396.46744138165,5732597.378345615,0,0.7369415534280166,4.004834095537043,0,0.0,3409646.2142076273,4012940867009.921,1481534.8893733649,401294086700992.06,8767946.879930831,1.6952981241047382e-09,0,0,1,0.0,0.0,0
344,245000000.0,0,737403.1896466214,5737731.727451334,0,0.48652909233975716,1.5283093463059876,0,0.0,3417079.1222016886,3923528404726.0576,1605436.8029409803,392352840472605.75,8767946.879930831,1.6952981241047382e-09,0,0,1,0.0,0.0,0
345,245000000.0,0,820159.911851861,5749651.605670234,0,0.6670222217320249,2.4355791985627326,0,0.0,3690954.480541626,4323404118646.234,1728399.6298055085,432340411864623.4,8771703.22674318,2.6557245291769505e-09,0,0,1,0.0,0.0,0
346,245000000.0,0,512291.63405710086,5756016.385564734,0,0.7255262796627574,3.8964204115150474,0,0.0,3427723.5652452544,3938850666586.7974,1460737.456670037,393885066658679.75,8771725.709016854,3.4124241210520267e-09,0,0,1,0.0,0.0,0
347,245000000.0,0,751298.3562623406,5762792.723227833,0,0.4868495335935812,1.5033547499993989,0,0.0,3435159.3517824244,3864133162924.8823,1583714.4032145103,386413316292488.25,8702133.47123985,2.0445440895855427e-09,0,0,1,0.0,0.0,0
348,245000000.0,0,834055.0784675803,5769345.466096029,0,0.664137082512339,2.3950515978780995,0,0.0,3709037.5886654705,4276918251589.6035,1706691.3497589836,427691825158960.4,8702133.47123985,2.0445440895855427e-09,0,0,1,0.0,0.0,0
349,245000000.0,0,526186.8006728198,5774260.37643564,0,0.7146395838257468,3.793721689252289,0,0.0,3445857.3950026617,3869434641212.8623,1439043.2963034569,386943464121286.25,8702133.47123985,2.1609594114124775e-09,0,0,1,0.0,0.0,0
350,245000000.0,0,765193.5228780595,5781422.89519009,0,0.48799672638030434,1.4792328852613263,0,0.0,3453279.061859887,3811929813724.1465,1562020.2428479302,381192981372414.6,8702133.47123985,2.0445440895855427e-09,0,0,1,0.0,0.0,0
351,245000000.0,0,847950.2450832992,5790309.189082939,0,0.6617884269027128,2.3558506656697644,0,0.0,3727157.2987429327,4237588811585.541,1684997.1893924035,423758881158554.1,8702133.47123985,2.0445440895855427e-09,0,0,1,0.0,0.0,0
352,245000000.0,0,540081.9672885388,5795223.085101808,0,0.7039102359445285,3.6962976423375697,0,0.0,3464000.770918316,3807148342458.261,1417360.9688559729,380714834245826.1,8702086.139563465,3.7034624256193638e-09,0,0,1,0.0,0.0,0
353,245000000.0,0,779088.6894937785,5803238.569991855,0,0.4891819715730936,1.450344894189246,0,0.0,3465561.4663686627,3750116887844.59,1535090.0481482716,375011688784459.0,8725530.02519098,2.0445440895855427e-09,0,0,1,0.0,0.0,0
354,245000000.0,0,861845.4116990182,5813120.343872625,0,0.6595856768507241,2.317912308372626,0,0.0,3743007.968562612,4180786176795.6323,1652819.1274405704,418078617679563.25,8689189.559151327,2.7430360205471516e-09,0,0,1,0.0,0.0,0
355,245000000.0,0,553977.1339042578,5817539.103453805,0,0.6936653383058862,3.6037520788109285,0,0.0,3484970.581788975,3722486286127.117,1379923.2067328691,372248628612711.75,8689189.559151327,2.8594513423740864e-09,0,0,1,0.0,0.0,0
356,245000000.0,0,792983.8561094975,5824869.463377546,0,0.4902775674268653,1.412010457281791,0,0.0,3493056.823223745,3692878570751.806,1497652.286025168,369287857075180.6,8689189.559151327,2.7430360205471516e-09,0,0,1,0.0,0.0,0
357,245000000.0,0,875740.5783147372,5837250.609496991,0,0.6594052308469239,2.28117649561103,0,0.0,3770503.3254176946,4141518140748.8057,1615381.3653174667,414151814074880.56,8689189.559151327,2.7430360205471516e-09,0,0,1,0.0,0.0,0
358,245000000.0,0,567872.3005199768,5841356.3770415895,0,0.6839082107252165,3.5157275159502466,0,0.0,3517434.8059032504,3661857683319.9414,1342485.4446097654,366185768331994.1,8677922.675477851,5.446054274216294e-09,0,0,1,0.0,0.0,0
359,245000000.0,0,806879.0227252165,5848658.398643778,0,0.4903289737223985,1.4916156777966427,0,0.0,3525521.0473380205,3658226433567.5913,1460214.5239020642,365822643356759.1,8677922.675477851,5.398760549724102e-09,0,0,1,0.0,0.0,0
360,245000000.0,0,889635.7449304562,5837082.695087397,0,0.5334140787994238,2.2455869432415008,0,0.0,3868611.1775054787,3764769134179.054,1596949.7489606626,376476913417905.44,8601898.09241265,7.148628355935216e-09,0,0,1,0.0,0.0,0
361,245000000.0,0,581767.4671356957,5845160.151889976,0,0.6751872553847869,3.4319005654691184,0,0.0,3378188.812825283,3495624819914.7573,1343059.974019261,349562481991475.75,8601898.09241265,7.334165275096893e-09,0,0,1,0.0,0.0,0
362,245000000.0,0,664524.1893409354,5868496.544952212,0,0.6739688306580754,3.0051499735578173,0,0.0,3157559.303441031,3642490535741.991,1479795.1990778595,364249053574199.1,8601898.09241265,6.28642737865448e-09,0,0,1,0.0,0.0,0
363,245000000.0,0,747280.9115461751,5885456.935121326,0,0.6694814030024187,2.6727930235015536,0,0.0,3370214.7985481815,4026397682835.892,1616530.424136458,402639768283589.2,8601898.09241265,6.28642737865448e-09,0,0,1,0.0,0.0,0
364,245000000.0,0,830037.6337514148,5899089.928675496,0,0.6760072828485901,2.406629879048597,0,0.0,3669484.1674267994,4526942218812.88,1753265.6491950564,452694221881288.0,8601898.09241265,7.148628355935216e-09,0,0,1,0.0,0.0,0
365,245000000.0,0,522169.35595665453,5907167.360819268,0,0.7167994218811545,3.822853875573139,0,0.0,3680716.698010185,4172772042380.077,1499375.8742536549,417277204238007.7,8601898.09241265,7.148628355935216e-09,0,0,1,0.0,0.0,0
366,245000000.0,0,761176.0781618942,5911368.017708994,0,0.49195350365067536,1.5649926278293294,0,0.0,3688802.939444955,4222675722493.84,1636111.0993122533,422267572249384.0,8601898.09241265,7.148628355935216e-09,0,0,1,0.0,0.0,0
367,245000000.0,0,843932.8003671339,5918560.605318967,0,0.6817014050242008,2.3670521479707913,0,0.0,3983263.6722546984,4760913648679.365,1768037.6883019775,476091364867936.5,8621132.636688149,5.6206772569566965e-09,0,0,1,0.0,0.0,0
368,245000000.0,0,536064.5225723735,5921476.393409661,0,0.7063170410156808,3.7239473395498486,0,0.0,3758590.1721351054,4250616735039.988,1509339.2772917016,425061673503998.75,8620806.63266119,7.607013685628772e-09,0,0,1,0.0,0.0,0
369,245000000.0,0,775071.2447776132,5927362.794782778,0,0.4985425233785703,1.5713307256853992,0,0.0,3766676.413569875,4322928466391.7812,1641265.8662814258,432292846639178.1,8618130.667679362,6.151822162792087e-09,0,0,1,0.0,0.0,0
370,245000000.0,0,857827.9669828529,5908206.425174915,0,0.5547976314964216,2.328755090529011,0,0.0,4115062.640148708,4448197569379.498,1773192.45527115,444819756937949.8,8600597.167575667,5.045876605436206e-09,0,0,1,0.0,0.0,0
371,245000000.0,0,549959.6891880925,5927367.834578108,0,0.6970396420071734,3.630029636010664,0,0.0,3604918.270850515,4075503021356.9883,1514494.0442608742,407550302135698.8,8600597.167575667,5.231413524597883e-09,0,0,1,0.0,0.0,0
372,245000000.0,0,788966.4113933322,5933084.157894957,0,0.4843021964638691,1.5777203699023343,0,0.0,3549305.511518111,3994209791146.348,1646420.6332505983,399420979114634.8,8600597.167575667,4.18367562815547e-09,0,0,1,0.0,0.0,0
373,245000000.0,0,871723.1335985719,5956285.1070220545,0,0.6553856570237898,2.291677535524048,0,0.0,3765919.120608235,4468220955120.86,1778347.2222403225,446822095512086.06,8600597.167575667,4.18367562815547e-09,0,0,1,0.0,0.0,0
374,245000000.0,0,563854.8558038115,5964335.379891548,0,0.686396380187916,3.540732596082437,0,0.0,3523712.1203849465,4027496953972.3735,1519648.8112300467,402749695397237.4,8600596.590361338,5.678884917870164e-09,0,0,1,0.0,0.0,0
375,245000000.0,0,802861.5780090512,5970307.020068325,0,0.48587041628670186,1.5841621918704991,0,0.0,3540565.111871564,4050179924660.57,1651575.4002197708,405017992466057.0,8600596.590361338,5.562469596043229e-09,0,0,1,0.0,0.0,0
376,245000000.0,0,885618.3002142909,5983789.212013762,0,0.6613897190281226,2.255762146480183,0,0.0,3862718.856504847,4587242380394.39,1783501.989209495,458724238039438.94,8524891.543274572,2.975866664201021e-09,0,0,1,0.0,0.0,0
377,245000000.0,0,577750.0224195304,5984180.99925135,0,0.6767211212914764,3.4557234082493373,0,0.0,3658364.3798249406,4109084880219.2905,1524803.5781992192,410908488021929.06,8524891.543274572,3.092281986027956e-09,0,0,1,0.0,0.0,0
378,245000000.0,0,816756.7446247701,5988280.355856683,0,0.49232504774424185,1.590656833334385,0,0.0,3675217.3713115584,4196012582954.5767,1656730.1671889434,419601258295457.7,8524891.543274572,2.975866664201021e-09,0,0,1,0.0,0.0,0
379,245000000.0,0,508888.4668300098,6002127.356659637,0,0.7286216500751644,3.922426432655073,0,0.0,3553574.954246967,3876701200404.93,1398031.7561786675,387670120040493.0,8549423.407017179,3.296008799225092e-09,0,0,1,0.0,0.0,0
380,245000000.0,0,747895.1890352495,6002506.129180858,0,0.4790272452600344,1.4449676355462382,0,0.0,3570427.945733585,3877863773937.166,1529958.3451683917,387786377393716.6,8549423.407017179,3.296008799225092e-09,0,0,1,0.0,0.0,0
381,245000000.0,0,830651.9112404892,6025801.564965109,0,0.666929980570751,2.404852286116684,0,0.0,3886448.724431216,4398952365469.58,1661884.9341581159,439895236546958.0,8549423.407017179,3.296008799225092e-09,0,0,1,0.0,0.0,0
382,245000000.0,0,522783.63344572904,6026874.67719201,0,0.7167244630169546,3.818370549004996,0,0.0,3669828.3158800066,3970521019773.467,1403186.52314784,397052101977346.7,8549418.70085983,3.4815457183867693e-09,0,0,1,0.0,0.0,0
383,245000000.0,0,761790.3556509687,6030983.582506468,0,0.4845657720877276,1.528559178107427,0,0.0,3686681.3073666245,4022651856979.3374,1535113.1121375642,402265185697933.75,8549418.70085983,3.4815457183867693e-09,0,0,1,0.0,0.0,0
384,245000000.0,0,844547.0778562084,6026395.207796415,0,0.5445421799596442,2.365332519474587,0,0.0,4083183.6043052073,4144493210847.158,1667039.7011272884,414449321084715.8,8504359.74348449,4.762114258483052e-09,0,0,1,0.0,0.0,0
385,245000000.0,0,536678.800061448,6043196.249184319,0,0.7058671028032849,3.7196928719738107,0,0.0,3567329.5979395746,3830277971527.343,1408341.2901170126,383027797152734.25,8504359.74348449,4.878529580309987e-09,0,0,1,0.0,0.0,0
386,245000000.0,0,775685.5222666877,6058913.828642802,0,0.4666781679582316,1.4558112037180535,0,0.0,3559832.908966921,3735537946784.4707,1540267.8791067367,373553794678447.06,8504359.74348449,4.762114258483052e-09,0,0,1,0.0,0.0,0
387,245000000.0,0,858442.2444719274,6083797.191652456,0,0.6476540102969764,2.327090636822109,0,0.0,3773389.405072636,4214200669197.0776,1672194.468096461,421420066919707.75,8504359.74348449,4.762114258483052e-09,0,0,1,0.0,0.0,0
388,245000000.0,0,550573.966677167,6089621.180147854,0,0.6946836800755848,3.6259869406972722,0,0.0,3511710.0391460853,3801197863114.7837,1413496.057086185,380119786311478.4,8504359.74348449,4.878529580309987e-09,0,0,1,0.0,0.0,0
389,245000000.0,0,789580.6888824067,6094362.05582729,0,0.47017267493345394,1.4612942482549103,0,0.0,3551092.5093203736,3830423564014.5605,1545422.6460759093,383042356401456.06,8504359.74348449,4.329194780439138e-09,0,0,1,0.0,0.0,0
390,245000000.0,0,872337.4110876464,6087814.564196051,0,0.5346165846037598,2.290065643139252,0,0.0,3947594.806258957,4023761658307.1807,1677349.2350656334,402376165830718.06,8504359.74348449,4.762114258483052e-09,0,0,1,0.0,0.0,0
391,245000000.0,0,955094.133292886,6082914.200831615,0,0.5106234794172338,2.091844234115103,0,0.0,3909142.5776153896,3295006341074.171,1418650.8240553576,329500634107417.06,8504359.74348449,4.878529580309987e-09,0,0,1,0.0,0.0,0
392,245000000.0,0,647225.8554981258,6116248.708378521,0,0.6330577700765933,3.0853443796423554,0,0.0,3200962.6576770167,2903722618721.205,1162869.514872247,290372261872120.5,8504359.74348449,4.762114258483052e-09,0,0,1,0.0,0.0,0
393,245000000.0,0,886232.5777033655,6133429.224172084,0,0.44665270664117107,1.2963296074531148,0,0.0,3113573.305830754,2828384948945.256,1291879.002034806,282838494894525.56,8520519.897842754,6.15909812040627e-09,0,0,1,0.0,0.0,0
394,245000000.0,0,968989.2999086052,6139976.635000553,0,0.492715675087282,2.0618784147293634,0,0.0,3496840.758621032,3009762265342.4976,1423805.5910245301,300976226534249.75,8520519.897842754,6.15909812040627e-09,0,0,1,0.0,0.0,0
395,245000000.0,0,671770.6170339021,6167624.8660747595,0,0.6195761831019145,2.972781434506698,0,0.0,2943958.2802095925,2809266486926.9614,1165107.1800142543,280926648692696.16,8612942.661006695,3.4560798667371273e-09,0,0,1,0.0,0.0,0
396,245000000.0,0,921426.9341591989,6186339.623148132,0,0.42715185705726927,1.2368288381658679,0,0.0,2915477.658668836,2609623010051.271,1297033.7690039785,260962301005127.1,8654910.526142899,3.4560798667371273e-09,0,0,1,0.0,0.0,0
397,245000000.0,0,1014833.2512844957,6217388.221478722,0,0.5776788421394466,1.9688270663231884,0,0.0,3097400.6272863923,2937311072699.91,1428960.3579937026,293731107269991.0,8654910.526142899,3.4560798667371273e-09,0,0,1,0.0,0.0,0
398,245000000.0,0,717614.5684097926,6233710.214798089,0,0.5962945151537281,2.783133111851265,0,0.0,2856389.936655932,2652009377697.266,1170261.9469834268,265200937769726.62,8612744.435055152,2.5174813345074654e-09,0,0,1,0.0,0.0,0
399,245000000.0,0,967270.8855350894,6239526.194964942,0,0.426530611252718,1.240784187939969,0,0.0,2895848.195231771,2601410761152.409,1302188.535973151,260141076115240.9,8612837.733352037,3.281456883996725e-09,0,0,1,0.0,0.0,0
400,245000000.0,0,670052.2026603862,6253307.72671932,0,0.6193251184173915,2.980394061849437,0,0.0,2730231.347515181,2465773595530.8154,1140043.1677099864,246577359553081.53,8612837.733352037,3.281456883996725e-09,0,0,1,0.0,0.0,0
401,245000000.0,0,919708.519785683,6255008.189279879,0,0.4179166759375085,1.1557993833812958,0,0.0,2769713.834492395,2341857384276.615,1175416.7139525996,234185738427661.53,8612835.925697729,4.285539034754038e-09,0,0,1,0.0,0.0,0
402,245000000.0,0,1013114.8369109798,6278972.060038228,0,0.5736931606552343,1.9721632375402889,0,0.0,3097691.189186344,2692926371565.3286,1307343.3029423237,269292637156532.88,8612835.925697729,4.052708391100168e-09,0,0,1,0.0,0.0,0
403,245000000.0,0,715896.1540362767,6287318.409379123,0,0.5960990003378859,2.7898043374058816,0,0.0,2814465.9506653864,2415210274070.907,1094199.2163340962,241521027407090.72,8631838.648815714,2.852175384759903e-09,0,0,1,0.0,0.0,0
404,245000000.0,0,965552.4711615735,6291118.938840071,0,0.42186555725638947,1.2457331152802964,0,0.0,2876692.4706454067,2368521857794.392,1180571.480921772,236852185779439.22,8567763.36217079,3.1504896469414234e-09,0,0,1,0.0,0.0,0
405,245000000.0,0,1058958.7882868703,6281869.026335476,0,0.46729009137040284,1.8868658122382718,0,0.0,3283396.601627136,2562462997443.409,1312498.0699114962,256246299744340.9,8567763.36217079,3.1504896469414234e-09,0,0,1,0.0,0.0,0
406,245000000.0,0,761740.1054121673,6299846.731256336,0,0.5762928806144793,2.62212513254334,0,0.0,2720053.0302140294,2365846232906.0664,1053799.6589012204,236584623290606.62,8562548.791028548,2.6338966563344e-09,0,0,1,0.0,0.0,0
407,245000000.0,0,855146.4225374641,6333574.193396148,0,0.5776231924420989,2.336049006748588,0,0.0,2581711.0274697863,2373969721149.0415,1185726.2478909446,237396972114904.16,8562548.791028548,2.6411726139485836e-09,0,0,1,0.0,0.0,0
408,245000000.0,0,948460.0014676093,6349800.843211721,0,0.5754226472601444,2.1064605111416372,0,0.0,2742837.059792271,2622149808811.3296,1317652.8368806688,262214980881132.97,8689099.16470182,2.2264430299401283e-09,0,0,1,0.0,0.0,0
409,245000000.0,0,1041773.5803977544,6321456.676827632,0,0.39726775219537436,1.9179619023691818,0,0.0,3129101.0563715063,1901397257369.2168,1058954.425870393,190139725736921.7,8689099.16470182,2.08092387765646e-09,0,0,1,0.0,0.0,0
410,245000000.0,0,1135087.1593278996,6358737.509170132,0,0.5361432403320839,1.7604283118411308,0,0.0,2538901.2706933278,2033859838992.142,1190881.014860117,203385983899214.22,8689099.16470182,2.459273673593998e-09,0,0,1,0.0,0.0,0
411,245000000.0,0,837775.7238980969,6381901.325235944,0,0.5451873622033274,2.3844276163659934,0,0.0,2435159.7065688535,1888797886246.2231,972319.6464722762,188879788624622.3,8689099.107262028,3.41970007866621e-09,0,0,1,0.0,0.0,0
412,245000000.0,0,931089.2884682943,6402515.487294219,0,0.5566016635788146,2.145717180471634,0,0.0,2277675.5633219345,1974329704330.784,1064109.1928395657,197432970433078.4,8689099.107262028,3.41970007866621e-09,0,0,1,0.0,0.0,0
413,245000000.0,0,1024402.8530384917,6423126.087511528,0,0.5571724058469939,1.9504529308393916,0,0.0,2566332.683132411,2245246904298.4155,1196035.7818292899,224524690429841.56,8688928.19410849,3.7034624256193638e-09,0,0,1,0.0,0.0,0
414,245000000.0,0,1117716.417608689,6411106.741221938,0,0.452240411007895,1.7877631618878873,0,0.0,2912276.189013421,2382724264129.777,1327962.370819014,238272426412977.7,8688928.19410849,3.5579432733356953e-09,0,0,1,0.0,0.0,0
415,245000000.0,0,820404.9821788864,6436976.765455692,0,0.5501489476493617,2.4348525312017624,0,0.0,2678248.849695488,2280043609875.5884,1069263.9598087382,228004360987558.84,8688928.19410849,3.5579432733356953e-09,0,0,1,0.0,0.0,0
416,245000000.0,0,913718.5467490838,6456993.735201104,0,0.5601775014820335,2.1864649045414177,0,0.0,2476446.1837243056,2295886674449.576,1201190.5487984624,229588667444957.62,8688928.19410849,3.7034624256193638e-09,0,0,1,0.0,0.0,0
417,245000000.0,0,1007032.1113192812,6471612.071319489,0,0.560444085342568,1.9840637788636137,0,0.0,2636268.5876211775,2553864485009.904,1333117.1377881865,255386448500990.38,8688928.19410849,3.5579432733356953e-09,0,0,1,0.0,0.0,0
418,245000000.0,0,1100345.6758894785,6442763.64585732,0,0.381945471397758,1.8159602782157767,0,0.0,3022618.0551371295,1831187932217.638,1074418.7267779107,183118793221763.78,8688928.19410849,3.5579432733356953e-09,0,0,1,0.0,0.0,0
419,245000000.0,0,1193659.240459676,6473935.051973478,0,0.5241842300900684,1.6741175493946279,0,0.0,2418904.602177104,1969717006340.2642,1206345.315767635,196971700634026.4,8715784.644238543,3.9362930692732334e-09,0,0,1,0.0,0.0,0
420,245000000.0,0,896347.8050298733,6488927.273348413,0,0.5237464212128479,2.2287902068623424,0,0.0,2392051.926344595,1807397253671.875,947646.9047573592,180739725367187.5,8715784.644238543,3.5579432733356953e-09,0,0,1,0.0,0.0,0
421,245000000.0,0,989661.3696000706,6509417.253946835,0,0.5415370527498918,2.0188533250341627,0,0.0,2221139.55803265,1906998166929.7925,1079573.4937470835,190699816692979.25,8715784.644238543,3.5433913581073284e-09,0,0,1,0.0,0.0,0
422,245000000.0,0,1082974.934170268,6502928.768808976,0,0.4450892081012828,1.8450611143798323,0,0.0,2549642.6568986652,2064130087079.9014,1207487.9007868385,206413008707990.12,8731833.372038418,3.2523530535399914e-09,0,0,1,0.0,0.0,0
423,245000000.0,0,1176288.4987404654,6529198.776209708,0,0.5272323576299761,1.6988189404209089,0,0.0,2372947.9836236127,2248652859982.4175,1335402.3078265935,224865285998241.75,8731833.372038418,4.067260306328535e-09,0,0,1,0.0,0.0,0
424,245000000.0,0,878977.0633106628,6544305.465286631,0,0.5286342803015099,2.2727865115888024,0,0.0,2445939.103033485,2083891285029.2798,1072691.7148663485,208389128502927.97,8731833.372038418,4.067260306328535e-09,0,0,1,0.0,0.0,0
425,245000000.0,0,972290.6278808601,6562990.443782269,0,0.5443735070298951,2.054884679568515,0,0.0,2275026.73472154,2175367643357.5022,1200606.1219061036,217536764335750.22,8731833.372038418,4.358298610895872e-09,0,0,1,0.0,0.0,0
426,245000000.0,0,1065604.1924510575,6577997.881147052,0,0.5462293240484944,1.8751098243894935,0,0.0,2546243.447517021,2447217097274.9517,1328520.5289458586,244721709727495.16,8731833.372038418,3.2523530535399914e-09,0,0,1,0.0,0.0,0
427,245000000.0,0,1158917.7570212549,6543999.826596635,0,0.37214837136384826,1.7242601795631887,0,0.0,2911140.326068009,1723527135327.907,1065809.9359856136,172352713532790.7,8731833.372038418,4.067260306328535e-09,0,0,1,0.0,0.0,0
428,245000000.0,0,1252231.3215914522,6570725.0435127495,0,0.5121956883785759,1.5958745728284558,0,0.0,2307426.8731079837,1859606873711.7305,1193724.3430253686,185960687371173.06,8731833.372038418,3.485183697193861e-09,0,0,1,0.0,0.0,0
429,245000000.0,0,954919.8861616496,6583511.28056377,0,0.5061044172756243,2.092225539977722,0,0.0,2312834.508570614,1671497166657.7986,931013.7500651238,167149716665779.84,8731833.372038418,3.2523530535399914e-09,0,0,1,0.0,0.0,0
430,245000000.0,0,1048233.450731847,6603894.863025925,0,0.5267364588253257,1.9061534862474956,0,0.0,2141922.1402586694,1770169715413.3787,1058928.157104879,177016971541337.88,8731833.372038418,3.2523530535399914e-09,0,0,1,0.0,0.0,0
431,245000000.0,0,1141547.0153020443,6596980.322810371,0,0.43340394327465515,1.7504750117186898,0,0.0,2470425.2391246846,1932951102923.4426,1186842.5641446342,193295110292344.25,8731833.372038418,3.2523530535399914e-09,0,0,1,0.0,0.0,0
432,245000000.0,0,1234860.5798722417,6622838.4769693315,0,0.5148561569388552,1.6183055213289124,0,0.0,2293730.565849632,2123123343185.913,1314756.9711843892,212312334318591.3,8731833.372038418,3.2523530535399914e-09,0,0,1,0.0,0.0,0
433,245000000.0,0,937549.1444424391,6637528.540118207,0,0.5106990826508404,2.1309486155763677,0,0.0,2366721.6852595042,1934380966460.2515,1052046.3782241442,193438096646025.16,8730945.317910338,2.903107088059187e-09,0,0,1,0.0,0.0,0
434,245000000.0,0,1030862.7090126364,6656167.933166664,0,0.5294952009252827,1.9382423480675544,0,0.0,2194797.7619404737,2031443107827.3474,1179960.7852638992,203144310782734.75,8732968.42792451,2.903107088059187e-09,0,0,1,0.0,0.0,0
435,245000000.0,0,1124176.2735828338,6670826.992021166,0,0.5327327988587064,1.7774992656319668,0,0.0,2465002.919728869,2308750976141.5093,1307875.1923036543,230875097614150.94,8732968.42792451,2.903107088059187e-09,0,0,1,0.0,0.0,0
436,245000000.0,0,826864.8381530312,6679895.737588507,0,0.5463890746604046,2.415853298543281,0,0.0,2599358.9285817817,2141952171374.2373,1045164.5993434094,214195217137423.72,8732968.42792451,2.903107088059187e-09,0,0,1,0.0,0.0,0
437,245000000.0,0,1076428.4027232286,6687898.915538358,0,0.38784766037612256,1.1487694426505919,0,0.0,2583685.005262751,2075872454279.7603,1173079.0063831646,207587245427976.03,8732968.42792451,2.903107088059187e-09,0,0,1,0.0,0.0,0
438,245000000.0,0,1169741.967293426,6671058.652521484,0,0.4336633979047669,1.7083183620927933,0,0.0,2911626.458744682,2273294900173.4,1300994.5744984108,227329490017340.0,8732954.340655606,3.5433913581073284e-09,0,0,1,0.0,0.0,0
439,245000000.0,0,872430.5318636233,6686476.616305368,0,0.531693410197091,2.289821487843613,0,0.0,2590624.92764917,2113019175659.0857,1038285.142613657,211301917565908.56,8735388.477823693,3.368768375366926e-09,0,0,1,0.0,0.0,0
440,245000000.0,0,965744.0964338207,6707773.932701701,0,0.5318283551453251,2.068799806875171,0,0.0,2373170.134505302,2120961473772.7844,1166200.7107289033,212096147377278.44,8735388.477823693,3.7325662560760975e-09,0,0,1,0.0,0.0,0
441,245000000.0,0,1059057.661004018,6722457.602743949,0,0.5319129553966141,1.8866898222363955,0,0.0,2515154.993231075,2365682737499.587,1294116.2788441496,236568273749958.7,8735388.477823693,3.601599019020796e-09,0,0,1,0.0,0.0,0
442,245000000.0,0,1152371.2255742154,6714475.014775561,0,0.43966264431790936,1.73404707491665,0,0.0,2830590.4573852275,1852853540915.1409,1031406.8469593958,185285354091514.1,8697636.408470275,2.975866664201021e-09,0,0,1,0.0,0.0,0
443,245000000.0,0,1245684.7901444128,6707294.108586447,0,0.4185036886702411,1.6042547529342401,0,0.0,2729364.3450149973,1856200360436.9326,1159180.2351634672,185620036043693.25,8737533.95066135,2.9831426218152046e-09,0,0,1,0.0,0.0,0
444,245000000.0,0,948373.3547146101,6723889.763532307,0,0.5084730801026035,2.106652762127727,0,0.0,2461309.6572234975,1708859585748.066,896328.6233675387,170885958574806.6,8737533.95066135,2.9831426218152046e-09,0,0,1,0.0,0.0,0
445,245000000.0,0,1041686.9192848075,6743912.675175852,0,0.5150772383612748,1.9181213104426647,0,0.0,2258287.510851187,1757214084679.3315,1039323.0349396472,175721408467933.16,8676649.857189203,4.532921593636274e-09,0,0,1,0.0,0.0,0
446,245000000.0,0,1135000.483855005,6757251.67263297,0,0.5178301044186807,1.760562630407535,0,0.0,2417687.2106254105,2052374963468.1182,1183256.533214843,205237496346811.8,8672893.510376854,2.408341970294714e-09,0,0,1,0.0,0.0,0
447,245000000.0,0,1228314.0484252023,6743302.17971472,0,0.429010129859985,1.6269235697436921,0,0.0,2759641.149086768,2231594352623.962,1327190.0314900386,223159435262396.2,8672893.510376854,2.408341970294714e-09,0,0,1,0.0,0.0,0
448,245000000.0,0,931002.6129953996,6767690.24795213,0,0.5137077927845625,2.1459167303964115,0,0.0,2588887.25294042,2099439530087.0486,1080498.5297652343,209943953008704.84,8672893.510376854,2.408341970294714e-09,0,0,1,0.0,0.0,0
449,245000000.0,0,1024316.177565597,6790424.56898225,0,0.5220887005625182,1.9506178130814145,0,0.0,2370644.0832000724,2164101214891.2996,1224432.02804043,216410121489129.97,8672893.510376854,2.3501343093812466e-09,0,0,1,0.0,0.0,0
450,245000000.0,0,1117629.7421357944,6781942.163977196,0,0.43350076618166306,1.7879016842350444,0,0.0,2582456.653894709,1627278402030.2908,977740.5263156258,162727840203029.06,8672893.510376854,2.6411726139485836e-09,0,0,1,0.0,0.0,0
451,245000000.0,0,1210943.3067059917,6800944.249617085,0,0.5082325767085493,1.6502422092960036,0,0.0,2421583.930743576,1894553541963.0603,1118612.9244430577,189455354196306.03,8685137.910967909,3.6161509342491627e-09,0,0,1,0.0,0.0,0
452,245000000.0,0,913631.8712761891,6810247.218572172,0,0.5184253577606833,2.18667210580514,0,0.0,2517385.235459943,1716734557424.177,896463.499094184,171673455742417.7,8685137.910967909,3.6161509342491627e-09,0,0,1,0.0,0.0,0
453,245000000.0,0,1006945.4358463865,6833307.328047607,0,0.5267191852549097,1.9842343929268065,0,0.0,2345466.0336243818,1887580289636.559,1009732.7206979217,188758028963655.9,8685137.910967909,3.6161509342491627e-09,0,0,1,0.0,0.0,0
454,245000000.0,0,1100259.0004165838,6824975.220499157,0,0.4293822695218837,1.816103204825968,0,0.0,2684358.8719379753,1966394464494.4587,1150605.1188253537,196639446449445.88,8685137.910967909,3.6161509342491627e-09,0,0,1,0.0,0.0,0
455,245000000.0,0,1193572.5649867812,6838320.449501858,0,0.5135524582600698,1.6742390195627266,0,0.0,2519171.3291629422,2245177318438.9043,1291477.5169527857,224517731843890.44,8685137.910967909,3.6161509342491627e-09,0,0,1,0.0,0.0,0
456,245000000.0,0,896261.1295569786,6850817.8517580815,0,0.5231313418597516,2.229005508115009,0,0.0,2614972.6338793086,2031823030638.669,1041724.9150802176,203182303063866.9,8685137.910967909,3.6161509342491627e-09,0,0,1,0.0,0.0,0
457,245000000.0,0,989574.694127176,6873939.692689798,0,0.5321386893857051,2.0190299750815437,0,0.0,2443053.4320437475,2216231830668.562,1182597.3132076496,221623183066856.2,8685137.910967909,3.6161509342491627e-09,0,0,1,0.0,0.0,0
458,245000000.0,0,1082888.2586973733,6886163.862001929,0,0.5358877011349884,1.8452086586892436,0,0.0,2750505.151088019,2593775318169.8804,1323469.7113350816,259377531816988.03,8634564.768417927,5.129550117999315e-09,0,0,1,0.0,0.0,0
459,245000000.0,0,1176201.8232675707,6849408.695806054,0,0.36372454672829435,1.6989440217214244,0,0.0,3164036.331449253,1824742055910.4216,1073717.1094625136,182474205591042.16,8634564.768417927,5.129550117999315e-09,0,0,1,0.0,0.0,0
460,245000000.0,0,1269515.387837768,6867147.116396883,0,0.5039296311611129,1.5741643266546408,0,0.0,2584158.5891765617,2073806190730.6577,1214589.5075899456,207380619073065.78,8634564.768417927,5.129550117999315e-09,0,0,1,0.0,0.0,0
461,245000000.0,0,972203.9524079654,6873754.800511154,0,0.5014956313298552,2.0550676916708652,0,0.0,2541644.381903516,1783480546459.2412,964836.9057173776,178348054645924.12,8634564.768417927,5.129550117999315e-09,0,0,1,0.0,0.0,0
462,245000000.0,0,1065517.5169781628,6891454.624549938,0,0.5193642794121834,1.8752622138516177,0,0.0,2395011.751342946,1989671359729.688,1105709.3038448095,198967135972968.8,8634564.768417927,5.362380761653185e-09,0,0,1,0.0,0.0,0
463,245000000.0,0,1158831.0815483602,6885762.8760170145,0,0.428806967583915,1.7243890354533564,0,0.0,2759191.160931531,2117898421356.4045,1246581.7019722415,211789842135640.47,8634564.768417927,5.129550117999315e-09,0,0,1,0.0,0.0,0
464,245000000.0,0,1252144.6461185575,6902438.182632429,0,0.510732343937266,1.5959849536880868,0,0.0,2619290.1894314885,2439622349699.891,1387454.1000996735,243962234969989.12,8634564.768417927,5.129550117999315e-09,0,0,1,0.0,0.0,0
465,245000000.0,0,954833.2106887549,6914529.2481794385,0,0.506191493175991,2.0924152641221148,0,0.0,2639231.7803228823,2132151824677.837,1137701.4982271055,213215182467783.7,8634564.768417927,5.129550117999315e-09,0,0,1,0.0,0.0,0
466,245000000.0,0,1048146.7752589523,6935309.661086538,0,0.5258838193344467,1.9063109635030393,0,0.0,2489265.653215704,2351618772979.89,1278573.8963545375,235161877297989.0,8641231.761511143,6.293703336268663e-09,0,0,1,0.0,0.0,0
467,245000000.0,0,1141460.3398291497,6925805.654848508,0,0.4369557516825538,1.7506078156718263,0,0.0,2842735.6464860165,1872188467007.8618,1028821.2944819694,187218846700786.2,8641231.761511143,6.293703336268663e-09,0,0,1,0.0,0.0,0
468,245000000.0,0,1234773.904399347,6916879.660782779,0,0.4170169078812724,1.6184190270404748,0,0.0,2763604.7887553433,1899874466772.3284,1169693.6926094014,189987446677232.84,8683963.156851547,5.602487362921238e-09,0,0,1,0.0,0.0,0
469,245000000.0,0,937462.4689695444,6934922.148191116,0,0.5117753470632612,2.1311454278997974,0,0.0,2518344.694789855,1775973735702.0625,919941.0907368334,177597373570206.25,8683963.156851547,5.602487362921238e-09,0,0,1,0.0,0.0,0
470,245000000.0,0,1030776.0335397418,6958723.144148319,0,0.5112443719364487,1.9384051722334994,0,0.0,2315382.4281650437,1824383713633.1084,1060349.771288052,182438371363310.84,8698234.935229667,4.20550350099802e-09,0,0,1,0.0,0.0,0
471,245000000.0,0,1124089.5981099391,6977308.012616072,0,0.5138282451812122,1.7776362019165768,0,0.0,2487001.93090704,2121646556624.6582,1200758.4518392705,212164655662465.8,8698234.935229667,4.6711647883057594e-09,0,0,1,0.0,0.0,0
472,245000000.0,0,1217403.1626801365,6984953.774653276,0,0.5216548861904277,1.6414927843757194,0,0.0,2784447.9817918562,2556972663507.804,1341167.132390489,255697266350780.4,8698234.935229667,4.20550350099802e-09,0,0,1,0.0,0.0,0
473,245000000.0,0,920091.7272503339,6992400.949701994,0,0.5158414191883792,2.1713364053007513,0,0.0,2832087.989280547,2209545393952.8506,1090950.8129417077,220954539395285.06,8698234.935229667,4.20550350099802e-09,0,0,1,0.0,0.0,0
474,245000000.0,0,1013405.2918205312,7016166.692928587,0,0.5382269977035531,1.9715985475693283,0,0.0,2675913.4081367357,2478535345168.574,1231359.4934929262,247853534516857.44,8698234.935229667,4.20550350099802e-09,0,0,1,0.0,0.0,0
475,245000000.0,0,1106718.8563907286,7000412.36044414,0,0.43937398347638607,1.805512281804594,0,0.0,3065493.8444695496,2589925456669.81,1371768.1740441448,258992545666981.0,8627421.545422297,4.642060957849026e-09,0,0,1,0.0,0.0,0
476,245000000.0,0,1200032.420960926,6990201.781154087,0,0.4273950847723932,1.6652339812774024,0,0.0,2907702.865432603,1989742402170.9607,1121551.8545953634,198974240217096.06,8627421.545422297,4.642060957849026e-09,0,0,1,0.0,0.0,0
477,245000000.0,0,902720.9855311234,7006455.631788285,0,0.5215383138142252,2.213072432775903,0,0.0,2677604.197946278,1803889055225.6118,907374.3848392498,180388905522561.2,8627421.545422297,4.642060957849026e-09,0,0,1,0.0,0.0,0
478,245000000.0,0,996034.550101338,7028715.313854929,0,0.523243986996195,2.005948539894351,0,0.0,2411621.977904886,1917859223122.166,1011744.2156978005,191785922312216.6,8627421.545422366,3.383320290595293e-09,0,0,1,0.0,0.0,0
479,245000000.0,0,1089348.1146715526,7045728.580380259,0,0.5268373312639322,1.834276570104827,0,0.0,2678466.9871360296,2280580006229.7183,1152152.896249019,228058000622971.8,8627421.545422366,3.6161509342491627e-09,0,0,1,0.0,0.0,0
480,245000000.0,0,1182661.6792417672,7029919.041244103,0,0.4281616262112245,1.6896720026293026,0,0.0,3068047.423468827,2355277256247.005,1292561.5768002376,235527725624700.5,8627421.545422366,3.332388587296009e-09,0,0,1,0.0,0.0,0
481,245000000.0,0,885350.2438119818,7041356.484412956,0,0.5263503872739178,2.256444350258737,0,0.0,2805078.5615570927,2144829379097.9941,1042345.2573514562,214482937909799.4,8627421.545422366,3.332388587296009e-09,0,0,1,0.0,0.0,0
482,245000000.0,0,978663.8083821964,7063589.287875671,0,0.5290632480997597,2.0415166742790807,0,0.0,2602580.012508495,2256813702991.4556,1182753.9379026748,225681370299145.56,8627421.545422366,3.383320290595293e-09,0,0,1,0.0,0.0,0
483,245000000.0,0,1071977.372952411,7076736.826355966,0,0.5324688598966306,1.8639722052076346,0,0.0,2732702.68856044,2611891311821.3276,1323162.6184538933,261189131182132.75,8710415.198802432,3.2669049687683582e-09,0,0,1,0.0,0.0,0
484,245000000.0,0,1165290.9375226256,7062686.79346849,0,0.44105959497160446,1.7148379839496102,0,0.0,3016287.3416203037,2167752240583.3489,1072946.299005112,216775224058334.88,8710189.052124707,3.383320290595293e-09,0,0,1,0.0,0.0,0
485,245000000.0,0,1258604.5020928401,7054112.1045652935,0,0.41870134100384215,1.5877999774349714,0,0.0,2946110.5223979703,2132275785715.2236,1213354.9795563305,213227578571522.38,8710189.052124707,3.383320290595293e-09,0,0,1,0.0,0.0,0
486,245000000.0,0,961293.0666630547,7075662.799319898,0,0.5041751060715135,2.078368918250033,0,0.0,2729431.721700147,1891357886961.242,963138.660107549,189135788696124.2,8629998.736235218,2.9176590032875538e-09,0,0,1,0.0,0.0,0
487,245000000.0,0,1054606.6312332693,7092657.885885528,0,0.5159360479209328,1.8946451649923723,0,0.0,2525531.5039062602,2022536805927.1262,1103547.3406587676,202253680592712.62,8629998.736235218,3.434251993894577e-09,0,0,1,0.0,0.0,0
488,245000000.0,0,1147920.195803484,7109533.21917237,0,0.5215926590224799,1.740764943731643,0,0.0,2695749.33790295,2402220897482.789,1243956.0212099862,240222089748278.9,8629998.736235218,2.9176590032875538e-09,0,0,1,0.0,0.0,0
489,245000000.0,0,850608.7603736985,7115620.614368415,0,0.5381595301462919,2.3484962732445007,0,0.0,2819140.149305763,2145782839205.662,991113.2255449002,214578283920566.22,8640504.641100436,2.3646862246096134e-09,0,0,1,0.0,0.0,0
490,245000000.0,0,1100172.3249439131,7121841.747731195,0,0.3800382379340017,1.2496233606716662,0,0.0,2817813.899416663,2201914547776.124,1128895.4298798142,220191454777612.4,8680609.845909111,2.7212081477046013e-09,0,0,1,0.0,0.0,0
491,245000000.0,0,1193485.8895141277,7131470.880488428,0,0.5263670309343101,1.6743605073589654,0,0.0,3111231.805339869,2673714061740.79,1266677.6342147281,267371406174079.0,8693815.613308242,3.6088749766349792e-09,0,0,1,0.0,0.0,0
492,245000000.0,0,896174.4540843423,7135544.457611098,0,0.5236437704371136,2.2292208509672773,0,0.0,2922122.616742682,2226884483383.1143,1013834.8385496421,222688448338311.44,8693815.613308242,4.292814992368221e-09,0,0,1,0.0,0.0,0
493,245000000.0,0,1152067.261430858,7139309.229080055,0,0.38734198950650744,1.3574235165132247,0,0.0,2915743.306355577,2348800950213.374,1151617.042884556,234880095021337.4,8714027.855300259,4.33283275924623e-09,0,0,1,0.0,0.0,0
494,245000000.0,0,1251710.0687773735,7127997.182269183,0,0.4232887999011435,1.5965386164349828,0,0.0,3256687.290057165,2351704909076.907,1268620.4201739007,235170490907690.72,8797143.163482537,3.5906850825995207e-09,0,0,1,0.0,0.0,0
495,245000000.0,0,960727.8761238891,7150854.633624522,0,0.5051833324711579,2.079590339068389,0,0.0,2725358.059376777,1943348922092.6233,994998.7974632452,194334892209262.34,8797143.163482537,3.5324774216860533e-09,0,0,1,0.0,0.0,0
496,245000000.0,0,1060735.8882921033,7173348.557767991,0,0.5141618221694624,1.8837076358200324,0,0.0,2523645.001317784,2025628470219.798,1112002.1747525898,202562847021979.8,8779693.860624177,2.9867806006222963e-09,0,0,1,0.0,0.0,0
497,245000000.0,0,1160743.9004603175,7189750.777781476,0,0.5180411722721852,1.72154981765563,0,0.0,2661210.7198980083,2339871436835.7837,1229005.5520419343,233987143683578.38,8779693.860624177,2.7539499569684267e-09,0,0,1,0.0,0.0,0
498,245000000.0,0,870126.9126285317,7202387.206964702,0,0.5312477052936421,2.295876721297951,0,0.0,2732207.3465702757,2027911961079.627,955383.9293312789,202791196107962.7,8779693.860624177,2.6957422960549593e-09,0,0,1,0.0,0.0,0
499,245000000.0,0,1126384.9247967459,7211897.322422489,0,0.37498794229985244,1.2463432885618788,0,0.0,2730881.0966811758,2036043477458.136,1072387.3066206235,203604347745813.6,8817886.369155169,1.3715180102735758e-09,0,0,1,0.0,0.0,0
500,245000000.0,0,1226392.93696496,7228375.356573976,0,0.5175881140296413,1.629470025259805,0,0.0,3001509.916094116,2448047035115.459,1192798.689764975,244804703511545.9,8804254.34573514,2.0700099412351847e-09,0,0,1,0.0,0.0,0
501,245000000.0,0,942793.2422665621,7233923.424331937,0,0.5084791458991232,2.1191082012803033,0,0.0,2752787.968209622,1957622828439.5615,922585.0729093268,195762282843956.16,8766292.769092802,3.7071004044264555e-09,0,0,1,0.0,0.0,0
502,245000000.0,0,1049818.547568164,7256138.158700276,0,0.5290608017171524,1.9032781678896515,0,0.0,2628227.0929084653,2183316800911.3967,1042996.4560536784,218331680091139.7,8766292.769092802,2.8339854907244444e-09,0,0,1,0.0,0.0,0
503,245000000.0,0,1156843.852869766,7247167.816156053,0,0.42558207328010955,1.7273486360383687,0,0.0,2979115.7048324225,2119241343903.406,1163407.83919803,211924134390340.6,8766292.769092802,2.8339854907244444e-09,0,0,1,0.0,0.0,0
504,245000000.0,0,1244457.9420021067,7238757.7527402425,0,0.42473557702220405,1.6058350366973828,0,0.0,2860757.419643963,1676639113167.5522,893194.2223423817,167663911316755.22,8688647.904415756,2.7976057026535273e-09,0,0,1,0.0,0.0,0
505,245000000.0,0,941447.0311345158,7256568.772893632,0,0.508704263007174,2.1221351799394013,0,0.0,2506809.104536232,1458536154483.3525,868648.3392358574,145853615448335.25,8643170.496662267,3.132299752905965e-09,0,0,1,0.0,0.0,0
506,245000000.0,0,1029061.1202669248,7280293.0328424545,0,0.5131764427741605,1.9416323562253568,0,0.0,2284575.5499676066,1565308619821.1216,781034.2501034483,156530861982112.16,8661576.277443517,4.1509338188916445e-09,0,0,1,0.0,0.0,0
507,245000000.0,0,1116675.209399334,7276735.437804651,0,0.41962813988196984,1.7894286132326842,0,0.0,2668411.1915470134,1495021175214.1624,863803.3717754367,149502117521416.25,8661576.277443517,4.1509338188916445e-09,0,0,1,0.0,0.0,0
508,245000000.0,0,1204289.298531743,7300410.7070205165,0,0.4964704196856396,1.6593526570229704,0,0.0,2571504.1917947493,1755597305814.134,984214.7549197883,175559730581413.4,8661576.277443517,5.0240487325936556e-09,0,0,1,0.0,0.0,0
509,245000000.0,0,1291903.387664152,7312951.587607519,0,0.5054811092518577,1.5469059939686114,0,0.0,2910281.012708321,2202713806573.689,1104626.13806414,220271380657368.9,8661576.277443517,5.0240487325936556e-09,0,0,1,0.0,0.0,0
510,245000000.0,0,988892.4767965612,7319914.411038473,0,0.4944012416022799,2.0204214567548755,0,0.0,2636267.683081109,1728390474681.322,834412.5212084916,172839047468132.2,8661576.277443517,5.0240487325936556e-09,0,0,1,0.0,0.0,0
511,245000000.0,0,1076506.5659289702,7335267.745719272,0,0.5201131752015588,1.8561371811926768,0,0.0,2534445.5116568347,1967680022215.4695,954823.9043528433,196768002221546.94,8661576.277443517,5.0240487325936556e-09,0,0,1,0.0,0.0,0
512,245000000.0,0,1164120.6550613793,7323052.081228822,0,0.42062414656389285,1.7165604191392854,0,0.0,2918281.1532362415,1919316478397.122,1075235.287497195,191931647839712.22,8661576.277443517,5.0240487325936556e-09,0,0,1,0.0,0.0,0
513,245000000.0,0,1251734.7441937884,7348756.996822431,0,0.505940535720697,1.59650716903132,0,0.0,2802127.3911241814,2243503989750.9536,1195646.6706415466,224350398975095.38,8738563.326882703,5.056790541857481e-09,0,0,1,0.0,0.0,0
514,245000000.0,0,948723.8333261975,7363331.153212957,0,0.5056312832190625,2.105875339566285,0,0.0,2622173.365353103,1829606079830.2373,925433.0537858983,182960607983023.72,8738563.326882703,4.925823304802179e-09,0,0,1,0.0,0.0,0
515,245000000.0,0,1192587.9224586065,7365397.776683266,0,0.36890609315476,1.233058974136422,0,0.0,2676601.1939288285,1896989285061.267,1045844.4369302499,189698928506126.72,8738563.326882703,4.18367562815547e-09,0,0,1,0.0,0.0,0
516,245000000.0,0,1280202.0115910156,7376458.334898705,0,0.5063659387572716,1.5610340773008704,0,0.0,2996131.2524826042,2329581444205.462,1166255.8200746016,232958144420546.2,8738563.326882703,4.18367562815547e-09,0,0,1,0.0,0.0,0
517,245000000.0,0,977191.1007234247,7383018.151580071,0,0.4985751680906057,2.0445902631100332,0,0.0,2610914.517959164,1767147919944.1575,883384.4345549098,176714791994415.75,8789194.401538877,5.085894372314215e-09,0,0,1,0.0,0.0,0
518,245000000.0,0,1210645.540141128,7382460.497419156,0,0.3703155113235689,1.2902662840497539,0,0.0,2675751.996249596,1850473202867.9873,991138.0490352181,185047320286798.72,8747555.802680053,4.6202330850064754e-09,0,0,1,0.0,0.0,0
519,245000000.0,0,1287849.9795588313,7366451.45433772,0,0.4109685424561797,1.5517709832176068,0,0.0,3018845.994160073,1868224556419.6074,1098891.6635155263,186822455641960.75,8747555.802680053,4.591129254549742e-09,0,0,1,0.0,0.0,0
520,245000000.0,0,1365054.4189765346,7388810.4667812595,0,0.4897464187338956,1.4640705174091275,0,0.0,2919690.8754584715,2217409151360.226,1206645.2779958346,221740915136022.6,8747555.802680053,4.591129254549742e-09,0,0,1,0.0,0.0,0
521,245000000.0,0,1051633.858394238,7408958.577198747,0,0.48145906865670224,1.8999958856073103,0,0.0,2484201.926091621,1593894360057.216,923773.8924761428,159389436005721.6,8747555.802680053,4.591129254549742e-09,0,0,1,0.0,0.0,0
522,245000000.0,0,1128838.2978119412,7426138.551781129,0,0.5012216185352434,1.7701648137377044,0,0.0,2382379.7546673473,1773158258595.7866,1031527.5069564511,177315825859578.66,8747555.802680053,4.591129254549742e-09,0,0,1,0.0,0.0,0
523,245000000.0,0,1206042.7372296446,7441247.683275463,0,0.5068111305330963,1.6569421598031555,0,0.0,2699661.694271785,2112762927807.391,1139281.1214367594,211276292780739.12,8747555.802680053,4.591129254549742e-09,0,0,1,0.0,0.0,0
524,245000000.0,0,1283247.1766473479,7407367.900552289,0,0.3473758500623787,1.5573326041651845,0,0.0,3040588.232349462,1380268591039.1194,856409.7359170676,138026859103911.94,8747555.802680053,4.591129254549742e-09,0,0,1,0.0,0.0,0
525,245000000.0,0,1360451.6160650512,7433528.000752191,0,0.4774724937282188,1.469020254851597,0,0.0,2552975.5734806606,1606580416761.7449,964163.3503973759,160658041676174.5,8747555.802680053,4.591129254549742e-09,0,0,1,0.0,0.0,0
526,245000000.0,0,1047031.0554827545,7440171.553789451,0,0.4835868697262948,1.9083403965340895,0,0.0,2216281.7184851803,1237094613138.5403,763064.3148876195,123709461313854.03,8612133.193464767,2.190063241869211e-09,0,0,1,0.0,0.0,0
527,245000000.0,0,1124235.4949004578,7463454.149893965,0,0.492265868331843,1.7774057155715008,0,0.0,2140400.300115646,1389658935355.5242,830816.1309108958,138965893535552.42,8612133.193464767,2.3646862246096134e-09,0,0,1,0.0,0.0,0
528,245000000.0,0,1201439.934318161,7472868.305046444,0,0.49759999601817695,1.663284745390706,0,0.0,2504508.268551275,1724925359258.9287,959455.0211676557,172492535925892.88,8612133.193464767,2.3646862246096134e-09,0,0,1,0.0,0.0,0
529,245000000.0,0,1278644.3737358644,7457730.330063633,0,0.40607873028210256,1.5629342347367101,0,0.0,2894428.2952929433,1784252981603.941,1088093.9114244157,178425298160394.1,8612133.193464767,2.190063241869211e-09,0,0,1,0.0,0.0,0
530,245000000.0,0,1355848.8131535677,7478872.546445759,0,0.48967447414678295,1.4740035740250454,0,0.0,2842099.2054225337,2176265678433.6284,1216732.8016811756,217626567843362.84,8612133.193464767,2.190063241869211e-09,0,0,1,0.0,0.0,0
531,245000000.0,0,1042428.252571271,7485386.887504924,0,0.4843129222678904,1.9167585265891491,0,0.0,2474321.560663326,1656359736322.6694,954746.6919379355,165635973632266.94,8612133.193464767,2.190063241869211e-09,0,0,1,0.0,0.0,0
532,245000000.0,0,1119632.6919889743,7498482.8677755445,0,0.5030638681317093,1.7847060988826458,0,0.0,2398440.1422937918,1871780195793.9546,1083385.5821946955,187178019579395.47,8612133.193464767,2.6557245291769505e-09,0,0,1,0.0,0.0,0
533,245000000.0,0,1196837.1314066777,7486089.488383573,0,0.4215335456697962,1.6696760749529478,0,0.0,2781403.0865446767,1531586865480.3374,821399.4724514554,153158686548033.75,8611858.873721559,2.190063241869211e-09,0,0,1,0.0,0.0,0
534,245000000.0,0,1274041.570824381,7476384.637260414,0,0.4001213113114344,1.5685763082272648,0,0.0,2762117.4572142963,1505500891367.7588,950038.3627082154,150550089136775.88,8611858.873721559,2.190063241869211e-09,0,0,1,0.0,0.0,0
535,245000000.0,0,1351246.0102420843,7492067.536887086,0,0.48184295302267194,1.4790208178480426,0,0.0,2709925.52721549,1860002611873.4097,1078677.2529649753,186000261187340.97,8611858.873721559,2.422893885523081e-09,0,0,1,0.0,0.0,0
536,245000000.0,0,1037825.4496597876,7498544.64253664,0,0.48699370097686995,1.9252512543420979,0,0.0,2340423.9657335654,1412933555638.9531,816691.1432217353,141293355563895.3,8615581.026910203,2.190063241869211e-09,0,0,1,0.0,0.0,0
537,245000000.0,0,1115029.889077491,7517602.598443363,0,0.4965026700455751,1.7920666996232493,0,0.0,2262818.6306413133,1590194847755.5283,945330.0334784952,159019484775552.84,8615581.026910203,2.422893885523081e-09,0,0,1,0.0,0.0,0
538,245000000.0,0,1192234.3284951942,7527304.6051012,0,0.5021223812489543,1.6761167125674554,0,0.0,2625202.6823542244,1949614753975.7588,1073968.9237352551,194961475397575.88,8615581.026910203,4.823959898203611e-09,0,0,1,0.0,0.0,0
539,245000000.0,0,1269438.7679128975,7512023.225023374,0,0.4115128047345918,1.574259264211246,0,0.0,3013398.792373175,2048724746319.6218,1202607.813992015,204872474631962.2,8615581.026910203,4.591129254549742e-09,0,0,1,0.0,0.0,0
540,245000000.0,0,1346643.2073306008,7506215.80827396,0,0.40355469700175267,1.4840723339240371,0,0.0,2978063.6017236994,1632300664265.7551,940621.704248775,163230066426575.5,8615581.037972193,3.39787220582366e-09,0,0,1,0.0,0.0,0
541,245000000.0,0,1423847.6467483041,7516751.323574147,0,0.48445323829055004,1.4036588435011081,0,0.0,2892824.458713919,2036150960185.8887,1069260.594505535,203615096018588.88,8692141.795530273,3.39787220582366e-09,0,0,1,0.0,0.0,0
542,245000000.0,0,1110427.0861660074,7524276.464687784,0,0.4717565470740095,1.7994882659367468,0,0.0,2495561.9187954958,1410063222550.2246,812534.1849335658,141006322255022.47,8671102.99484519,5.027686711400747e-09,0,0,1,0.0,0.0,0
543,245000000.0,0,1187631.5255837108,7542896.658294868,0,0.49578158756255225,1.682607231049037,0,0.0,2379676.2049242035,1654098663631.7107,946432.7753615966,165409866363171.06,8671102.99484519,5.260517355054617e-09,0,0,1,0.0,0.0,0
544,245000000.0,0,1264835.965001414,7529574.813310762,0,0.40660972101863535,1.5799835486565321,0,0.0,2734851.6308043897,1704537967261.8105,1080331.3657896274,170453796726181.06,8671102.99484519,5.260517355054617e-09,0,0,1,0.0,0.0,0
545,245000000.0,0,1342040.4044191174,7546519.327237924,0,0.4882196549576265,1.4891584746216375,0,0.0,2650404.427350793,2061470208333.544,1216856.4324339628,206147020833354.4,8660597.08997997,5.2023096941411495e-09,0,0,1,0.0,0.0,0
546,245000000.0,0,1028619.8438368207,7555511.102905365,0,0.4914273129141306,1.9424645047118672,0,0.0,2461757.084264991,1677428057080.9526,962756.4990782981,167742805708095.25,8690115.047099391,5.4933479987084866e-09,0,0,1,0.0,0.0,0
547,245000000.0,0,1262074.283254524,7562457.782492323,0,0.3598140974092078,1.1322787566131007,0,0.0,2502121.370393699,1781254341983.4263,1099281.5657226334,178125434198342.62,8690115.047099391,5.726178642362356e-09,0,0,1,0.0,0.0,0
548,245000000.0,0,1339278.7226722273,7572509.000873263,0,0.49366576053472727,1.4922269272561683,0,0.0,2834111.219715146,2233944527830.543,1235806.6323669688,223394452783054.3,8690115.047099391,5.4933479987084866e-09,0,0,1,0.0,0.0,0
549,245000000.0,0,1025858.1620899306,7576667.993804746,0,0.4924861754849435,1.947688662209653,0,0.0,2555383.773843208,1762555346654.612,981706.6990113041,176255534665461.22,8673954.892741129,6.642949301749468e-09,0,0,1,0.0,0.0,0
550,245000000.0,0,1259312.601507634,7580132.542280725,0,0.36317461118856076,1.180334671846075,0,0.0,2595748.0599719156,1892442173400.0547,1118231.7656556393,189244217340005.47,8673954.892741129,6.8757799454033375e-09,0,0,1,0.0,0.0,0
551,245000000.0,0,1336517.0409253372,7565255.330612436,0,0.41246444585368736,1.495308051265153,0,0.0,2939582.9230648796,1598367493300.1685,864131.8322999746,159836749330016.84,8673954.892741129,6.642949301749468e-09,0,0,1,0.0,0.0,0
552,245000000.0,0,1413721.4803430405,7551856.44840153,0,0.3939602000418496,1.4137058267575335,0,0.0,2936883.891216289,1622530237478.7544,1000656.8989443099,162253023747875.44,8606176.887446519,5.6970748119056225e-09,0,0,1,0.0,0.0,0
553,245000000.0,0,1100300.9197607439,7575655.374639626,0,0.4763989384423639,1.8160340776202177,0,0.0,2240648.107095102,1230937565592.4077,746556.9655886452,123093756559240.77,8606176.887446716,5.47879608348012e-09,0,0,1,0.0,0.0,0
554,245000000.0,0,1177505.3591784472,7595068.99240908,0,0.4801480990108951,1.6970648325216173,0,0.0,2042497.2651560234,1302528843644.6558,883082.0322329805,130252884364465.58,8606176.887446716,5.391484592109919e-09,0,0,1,0.0,0.0,0
555,245000000.0,0,1254709.7985961505,7612931.916638068,0,0.4856751062910278,1.592724690239692,0,0.0,2302572.30657915,1612985986873.2446,1019607.0988773158,161298598687324.47,8606176.887446716,5.24596543982625e-09,0,0,1,0.0,0.0,0
556,245000000.0,0,1331914.2380138538,7618943.18951542,0,0.49474380305066795,1.5004716304780088,0,0.0,2637623.2560483604,2046484167528.8264,1159193.2656694148,204648416752882.66,8593932.486855661,4.2273313738405704e-09,0,0,1,0.0,0.0,0
557,245000000.0,0,1018493.6774315571,7624928.442558655,0,0.4940481281413715,1.9617581200097913,0,0.0,2553821.5798284104,1681848871394.8071,908154.4324615139,168184887139480.72,8593932.486855661,3.994500730186701e-09,0,0,1,0.0,0.0,0
558,245000000.0,0,1251948.1168492604,7630194.098651133,0,0.36351029634014675,1.2248371067851815,0,0.0,2594185.8659571186,1812757619566.5464,1047740.599253613,181275761956654.62,8593932.486855661,3.994500730186701e-09,0,0,1,0.0,0.0,0
559,245000000.0,0,1329152.5562669637,7634981.783332197,0,0.5013785487506056,1.5035869311208516,0,0.0,2929236.815426329,2298230308096.9883,1187326.7660457122,229823030809698.8,8593932.486855661,3.994500730186701e-09,0,0,1,0.0,0.0,0
560,245000000.0,0,1015731.995684667,7637301.345049839,0,0.4950396620879542,1.9670867135967336,0,0.0,2656631.5698499186,1801273020885.2214,936287.9328378113,180127302088522.16,8585662.199433899,4.343746695667505e-09,0,0,1,0.0,0.0,0
561,245000000.0,0,1249186.4351023703,7638918.689989681,0,0.36827104006898587,1.281266602604088,0,0.0,2697182.3917963947,1961002463571.0615,1075874.0996299104,196100246357106.16,8585289.127798364,4.343746695667505e-09,0,0,1,0.0,0.0,0
562,245000000.0,0,1326390.8745200736,7625084.646033272,0,0.41190644945403615,1.506715194741046,0,0.0,3104336.1533957343,2088071851683.699,1215460.2664220096,208807185168369.9,8585289.127798364,4.343746695667505e-09,0,0,1,0.0,0.0,0
563,245000000.0,0,1403595.313937777,7622361.713180857,0,0.4011727710758458,1.423897673695784,0,0.0,2991938.476289534,1672826637285.55,964421.4332141087,167282663728555.0,8585289.127798364,4.343746695667505e-09,0,0,1,0.0,0.0,0
564,245000000.0,0,1090174.7533554803,7630816.018205504,0,0.47861617217854396,1.8328869815304871,0,0.0,2340292.677789932,1250047915307.6538,719920.6170148981,125004791530765.38,8585289.127798364,4.7584762796759605e-09,0,0,1,0.0,0.0,0
565,245000000.0,0,1184296.093184761,7651240.1362929065,0,0.4853930370121223,1.687342100846902,0,0.0,2096223.9329090288,1343677997176.3938,852968.766798307,134367799717639.38,8652956.729444673,4.103640094399452e-09,0,0,1,0.0,0.0,0
566,245000000.0,0,1278417.4330140417,7672848.514578834,0,0.4904046626385266,1.5632114651497404,0,0.0,2386411.0174081326,1680449426131.0396,992554.9335904061,168044942613103.97,8652956.729444673,4.103640094399452e-09,0,0,1,0.0,0.0,0
567,245000000.0,0,981913.7728433225,7681607.029286389,0,0.503106208717386,2.0347664823278473,0,0.0,2386145.6115871277,1444909015899.4775,828181.5975270558,144490901589947.75,8652956.729444673,4.3655745685100555e-09,0,0,1,0.0,0.0,0
568,245000000.0,0,1232285.1126726032,7688357.481011067,0,0.3584416902086691,1.2095036768848308,0,0.0,2426696.433533604,1491110432564.2695,881102.2671746043,149111043256426.94,8652956.729444673,4.103640094399452e-09,0,0,1,0.0,0.0,0
569,245000000.0,0,1326406.452501884,7702725.804667124,0,0.4913415998648065,1.5066975124540172,0,0.0,2762917.0210885005,1910844463136.3762,1020688.4339667035,191084446313637.62,8625264.35485137,1.6952981241047382e-09,0,0,1,0.0,0.0,0
570,245000000.0,0,1029902.7923311647,7705983.0172064565,0,0.4899868987130691,1.9400471265359855,0,0.0,2426043.45422537,1461880173857.3413,780192.5780392134,146188017385734.12,8625264.35485137,1.928128767758608e-09,0,0,1,0.0,0.0,0
571,245000000.0,0,1124024.1321604454,7725906.896407028,0,0.5027836203348836,1.77773964382372,0,0.0,2332298.094234186,1662938749932.011,909235.7675509017,166293874993201.1,8625264.35485137,1.6661942936480045e-09,0,0,1,0.0,0.0,0
572,245000000.0,0,1218145.4719897262,7740386.201255219,0,0.5085978575944222,1.6404933176152208,0,0.0,2668518.681789083,2047229214192.7678,1048821.9343430009,204722921419276.78,8625264.35485137,1.6952981241047382e-09,0,0,1,0.0,0.0,0
573,245000000.0,0,1312266.811819007,7703812.831144071,0,0.3468043940980742,1.5229197768500662,0,0.0,3093724.5682319687,1356881791043.4758,797783.1011351,135688179104347.58,8612830.90677279,1.928128767758608e-09,0,0,1,0.0,0.0,0
574,245000000.0,0,1406388.1516482877,7721716.936363537,0,0.47854470644000174,1.4210720742942624,0,0.0,2572143.304977457,1637412212902.3472,937369.2679271991,163741221290234.72,8612830.90677279,1.6661942936480045e-09,0,0,1,0.0,0.0,0
575,245000000.0,0,1109884.4914775684,7728519.277722676,0,0.4712433671860598,1.8003671986993304,0,0.0,2232123.1919557736,1195774581706.9402,700210.8788928094,119577458170694.02,8612830.90677279,1.6952981241047382e-09,0,0,1,0.0,0.0,0
576,245000000.0,0,1204005.8313068491,7751563.699803508,0,0.4872657959973374,1.6597430054184603,0,0.0,2144594.55600388,1380328758032.0613,825916.6015113974,138032875803206.12,8612830.90677279,1.6661942936480045e-09,0,0,1,0.0,0.0,0
577,245000000.0,0,1298127.1711361299,7766996.125221299,0,0.493456857796621,1.5394951660128342,0,0.0,2487031.867598067,1749901981528.4084,965502.7683034965,174990198152840.84,8612830.90677279,1.6661942936480045e-09,0,0,1,0.0,0.0,0
578,245000000.0,0,1001623.5109654106,7774756.422402431,0,0.4954779397140059,1.9947667076689943,0,0.0,2401841.8181958217,1429532042313.3948,808471.859404967,142953204231339.47,8665689.33956918,1.7535057850182056e-09,0,0,1,0.0,0.0,0
579,245000000.0,0,1252458.3720707214,7781830.165948365,0,0.36103005506989183,1.2782137692570408,0,0.0,2470099.660967898,1492659404900.6472,827620.8854895004,149265940490064.72,8667543.424673298,2.546585164964199e-09,0,0,1,0.0,0.0,0
580,245000000.0,0,1351315.5394435204,7787819.986986445,0,0.4923601086794571,1.4789447741042765,0,0.0,2794586.5368194696,1905904091990.845,953992.4440825023,190590409199084.5,8684632.649743252,2.837623469531536e-09,0,0,1,0.0,0.0,0
581,245000000.0,0,1059408.2431781567,7793994.587752468,0,0.48176376789290165,1.8860660626380898,0,0.0,2347091.66111932,1350218543599.6719,750687.1271922211,135021854359967.19,8765298.992164988,2.1391315385699272e-09,0,0,1,0.0,0.0,0
582,245000000.0,0,1158125.946912793,7816154.414521905,0,0.4992344632037396,1.725438038313942,0,0.0,2265695.9911030782,1515252633750.7344,775498.4627813131,151525263375073.44,8740767.128422381,2.321030478924513e-09,0,0,1,0.0,0.0,0
583,245000000.0,0,1256843.6506474293,7805277.970593585,0,0.406004206302522,1.5900227337241577,0,0.0,2650144.6741500357,1407193938268.0662,881563.9721307185,140719393826806.61,8740767.128422381,2.321030478924513e-09,0,0,1,0.0,0.0,0
584,245000000.0,0,1355561.3543820656,7819675.928957858,0,0.48182751526829065,1.4743159190990154,0,0.0,2500809.4641097523,1664706663967.3713,992438.1175489982,166470666396737.12,8721439.28585,1.5934347175061703e-09,0,0,1,0.0,0.0,0
585,245000000.0,0,1074900.137867264,7835592.585758779,0,0.4774553842850527,1.8589085823193232,0,0.0,2218405.918017866,1244237967929.1863,735195.2325031138,124423796792918.62,8813330.870226456,3.5579432733356953e-09,0,0,1,0.0,0.0,0
586,245000000.0,0,1184863.9213524624,7857999.972271302,0,0.48686687547819174,1.6865341494823674,0,0.0,2107425.6166541437,1363260665579.0708,823561.4083855574,136326066557907.08,8813330.870226456,3.878085408359766e-09,0,0,1,0.0,0.0,0
587,245000000.0,0,1294827.7048376608,7874214.279352782,0,0.4899240643657468,1.5434150640038653,0,0.0,2388013.088316637,1647323637449.8977,934435.5538038369,164732363744989.78,8813330.870226456,3.878085408359766e-09,0,0,1,0.0,0.0,0
588,245000000.0,0,1014166.4883228592,7884842.507431088,0,0.4914170603956158,1.970120195066889,0,0.0,2299359.2370965155,1323321876129.0742,795928.882047519,132332187612907.42,8813330.870226456,3.9508449845016e-09,0,0,1,0.0,0.0,0
589,245000000.0,0,1124130.2718080576,7908146.892450377,0,0.49669400154096405,1.7775719399906,0,0.0,2188378.935732793,1440575119062.7874,765558.8446403961,144057511906278.75,8682025.67836442,3.587047103792429e-09,0,0,1,0.0,0.0,0
590,245000000.0,0,1234094.055293256,7917703.467345547,0,0.4993795399720848,1.6193098747650663,0,0.0,2468966.407395287,1722868636217.4429,876432.9900586756,172286863621744.28,8682025.67836442,3.587047103792429e-09,0,0,1,0.0,0.0,0
591,245000000.0,0,1344057.8387784543,7904383.118250746,0,0.4032115009284677,1.4869249056355425,0,0.0,2847901.781951085,1626903451030.6787,987307.1354769552,162690345103067.88,8682025.67836442,3.3105607144534588e-09,0,0,1,0.0,0.0,0
592,245000000.0,0,1063396.6222636527,7918293.060940441,0,0.4794240484127024,1.8789988225879553,0,0.0,2303162.740294517,1274298540711.3542,746698.7481067259,127429854071135.42,8682025.67836442,3.383320290595293e-09,0,0,1,0.0,0.0,0
593,245000000.0,0,1173360.4057488511,7937732.794947742,0,0.4823798960524237,1.703054692758196,0,0.0,2114122.2611170644,1298151440625.7446,818430.4263135144,129815144062574.47,8682025.67836442,3.7034624256193638e-09,0,0,1,0.0,0.0,0
594,245000000.0,0,1283324.1892340495,7951592.067969471,0,0.4842373575412253,1.5572392210355923,0,0.0,2316487.4995001527,1548079755253.8933,929304.5717317939,154807975525389.34,8682025.67836442,3.470631781965494e-09,0,0,1,0.0,0.0,0
595,245000000.0,0,1393287.972719248,7938794.524631198,0,0.40646322465691764,1.434423906059697,0,0.0,2624590.540909836,1316419314681.8667,769904.76045261,131641931468186.67,8682025.67836442,3.5433913581073284e-09,0,0,1,0.0,0.0,0
596,245000000.0,0,1112626.7562044463,7946369.6006083,0,0.46906924848681514,1.7959338610151245,0,0.0,2121626.61070864,1008924269049.6627,697468.6141659328,100892426904966.27,8649323.590396194,3.863533493131399e-09,0,0,1,0.0,0.0,0
597,245000000.0,0,1222590.5396896447,7970588.846269379,0,0.48065461791111236,1.634533722782203,0,0.0,1899772.1639266377,1078460862871.5681,691844.5826388802,107846086287156.81,8649323.590396194,3.863533493131399e-09,0,0,1,0.0,0.0,0
598,245000000.0,0,1332554.323174843,7983675.233736078,0,0.4859869266789434,1.4997514276272785,0,0.0,2188535.1575811883,1357369108874.3857,848126.9937320154,135736910887438.58,8649323.590396194,3.863533493131399e-09,0,0,1,0.0,0.0,0
599,245000000.0,0,1051893.1066600243,7991185.043466725,0,0.48171443461414903,1.899528059732842,0,0.0,2116232.350345214,1124359028929.3474,758202.2637103552,112435902892934.73,8649323.590396127,4.678440745919943e-09,0,0,1,0.0,0.0,0
