t,secure_bps,violations,k_min,k_mean,q_total,aos_mean,aos_max,rekey,q_sumsq,z_l1,z_sumsq,z_max,lyapunov,key_inflow,key_overflow,cg_iters,cg_columns,cg_converged,obj_lp,obj_greedy,key_blocked_edges
0,245000000.0,0,2109375.0,2425672.7430555555,0,0.8678816811621571,0.9476988686844755,0,0.0,571875.0,109013671875.0,190625.0,10901367187500.0,7200000.0,0.0,0,5,1,0.0,1.5601026095561776e+16,0
1,245000000.0,0,1796875.0,2351345.486111111,0,1.9288428524780747,2.1124243899047483,0,0.0,728125.0,192998046875.0,346875.0,19299804687500.0,7200000.0,0.0,0,5,1,0.0,1.5589178731719426e+16,0
2,245000000.0,0,1718750.0,2281358.5069444445,0,2.9941126922112806,3.1629597325192615,0,0.0,718750.0,130585937500.0,190625.0,13058593750000.0,7200000.0,0.0,0,5,1,0.0,1.5593434543936036e+16,0
3,245000000.0,0,1718750.0,2200520.8333333335,0,4.023049426344968,4.162959732519262,0,0.0,762500.0,145351562500.0,190625.0,14535156250000.0,7200000.0,0.0,0,5,1,0.0,1.5575474641472196e+16,0
4,245000000.0,0,1328125.0,2130610.7213923293,0,4.569106506481774,5.504749365183861,0,0.0,571875.0,109013671875.0,190625.0,10901367187500.0,7202767.220123866,1.6439116734545678e-10,0,5,1,0.0,1.5588025008497268e+16,0
5,245000000.0,0,1328125.0,2088478.3872291036,0,5.450781319344775,6.504749365183861,0,0.0,571875.0,109013671875.0,190625.0,10901367187500.0,7202767.220123866,1.6439116734545678e-10,0,5,1,0.0,1.5576849267403184e+16,0
6,245000000.0,0,1337500.0,2068568.2752881001,0,6.335844459617595,7.494209936496078,0,0.0,571875.0,109013671875.0,190625.0,10901367187500.0,7202767.220123866,1.6439116734545678e-10,0,5,1,0.0,1.5582249965924058e+16,0
7,245000000.0,0,1337500.0,2051913.3716804294,0,7.054523849535968,8.494209936496077,0,0.0,571875.0,109013671875.0,190625.0,10901367187500.0,7202767.220123866,1.6439116734545678e-10,0,5,1,0.0,1.5571257344448576e+16,0
8,245000000.0,0,1346875.0,2044233.5926435005,0,7.716822638725909,9.483817119540017,0,0.0,571875.0,109013671875.0,190625.0,10901367187500.0,7228215.454670558,0.0,0,5,1,0.0,1.5576906759157104e+16,0
9,245000000.0,0,1346875.0,2036553.8136065719,0,8.535523697370241,10.483817119540017,0,0.0,571875.0,109013671875.0,190625.0,10901367187500.0,7228215.454670558,0.0,0,5,1,0.0,1.5566073983399688e+16,0
10,245000000.0,0,1356250.0,2030178.4795042074,0,7.548252617414059,11.473567876220299,0,0.0,560134.9955889164,104675622896.84662,190625.0,10467562289684.662,7275175.472314892,9.458744898438454e-11,0,5,1,0.0,1.5578052830945826e+16,0
11,245000000.0,0,1356250.0,2023803.1454018438,0,8.187433853500396,12.473567876220299,0,0.0,560134.9955889164,104675622896.84662,190625.0,10467562289684.662,7275175.472314892,9.458744898438454e-11,0,5,1,0.0,1.5567843877147316e+16,0
12,245000000.0,0,1327099.0384620628,2006577.1168550353,0,7.185114718475184,13.463459251806457,0,0.0,736652.2682536376,135734456460.5549,190625.0,13573445646055.49,7275175.472314892,9.458744898438454e-11,0,5,1,0.0,1.5574685306374606e+16,0
13,245000000.0,0,1365625.0,2005784.2267565015,0,7.121177742340817,14.463459251806457,0,0.0,560134.9955889164,104675622896.84662,190625.0,10467562289684.662,7276143.456452801,9.458744898438454e-11,0,5,1,0.0,1.5568526107126892e+16,0
14,245000000.0,0,1350581.7657973417,1994140.6422135239,0,5.894599291896937,15.453488372093023,0,0.0,736652.2682536376,135734456460.5549,190625.0,13573445646055.49,7276143.456452801,9.458744898438454e-11,0,5,1,0.0,1.5576646326990948e+16,0
15,245000000.0,0,1375000.0,1999339.347775859,0,8.050298036077594,16.453488372093023,0,0.0,560134.9955889164,104675622896.84662,190625.0,10467562289684.662,7276143.456452801,9.458744898438454e-11,0,5,1,0.0,1.5565365826213852e+16,0
16,245000000.0,0,1374064.4931326206,1998806.8743439924,0,6.581188501358505,17.443652440674907,0,0.0,736652.2682536376,135734456460.5549,190625.0,13573445646055.49,7276143.456452801,9.458744898438454e-11,0,5,1,0.0,1.557442893675016e+16,0
17,245000000.0,0,1384375.0,2014680.6509121258,0,8.946407209815034,18.443652440674907,0,0.0,560134.9955889164,104675622896.84662,190625.0,10467562289684.662,7276143.456452801,9.458744898438454e-11,0,5,1,0.0,1.5562253875690064e+16,0
18,245000000.0,0,1393750.0,2027238.830769467,0,7.218614769319132,19.433948736332677,0,0.0,736652.2682536376,135734456460.5549,190625.0,13573445646055.49,7276143.456452801,9.458744898438454e-11,0,5,1,0.0,1.5572347140116624e+16,0
19,245000000.0,0,1393750.0,2051640.8795251383,0,9.802469883193462,20.433948736332677,0,0.0,560134.9955889164,104675622896.84662,190625.0,10467562289684.662,7276143.456452801,9.458744898438454e-11,0,5,1,0.0,1.555918984539533e+16,0
20,245000000.0,0,1403125.0,2062219.5172043827,0,7.829910775555045,21.424374610522566,0,0.0,736652.2682536376,135734456460.5549,190625.0,13573445646055.49,7276143.456452801,9.458744898438454e-11,0,5,1,0.0,1.5570299150030234e+16,0
21,245000000.0,0,1403125.0,2083648.8493280718,0,10.659442027067758,22.424374610522566,0,0.0,560134.9955889164,104675622896.84662,190625.0,10467562289684.662,7276143.456452801,9.458744898438454e-11,0,5,1,0.0,1.5556124001108426e+16,0
22,245000000.0,0,1412500.0,2094227.4870073157,0,8.449596146391613,23.414927484966395,0,0.0,736652.2682536376,135734456460.5549,190625.0,13573445646055.49,7276143.456452801,9.458744898438454e-11,0,5,1,0.0,1.5568239058755024e+16,0
23,245000000.0,0,1412500.0,2115656.819131005,0,11.52418547477864,24.414927484966395,0,0.0,560134.9955889164,104675622896.84662,190625.0,10467562289684.662,7276143.456452801,9.458744898438454e-11,0,5,1,0.0,1.5553047883154998e+16,0
24,245000000.0,0,1421875.0,2126235.4568102495,0,9.07557873361675,25.40560484933673,0,0.0,736652.2682536376,135734456460.5549,190625.0,13573445646055.49,7276143.456452801,9.458744898438454e-11,0,5,1,0.0,1.5566169603419986e+16,0
25,245000000.0,0,1421875.0,2147664.7889365265,0,12.39483901124291,26.40560484933673,0,0.0,560134.9955888891,104675622896.83688,190625.0,10467562289683.688,7276143.456545977,8.276686003227951e-10,0,5,1,0.0,1.5549963749492232e+16,0
26,245000000.0,0,1431250.0,2158243.426618359,0,9.706442304420136,27.39640425903299,0,0.0,736652.2682536105,135734456460.54517,190625.0,13573445646054.516,7276143.456545977,8.276686003227951e-10,0,5,1,0.0,1.5564092687343392e+16,0
27,245000000.0,0,1328125.000151647,2168822.064317042,0,5.517974767516352,28.39640425903299,0,0.0,907009.9952855951,224997888358.81635,346874.999848353,22499788835881.633,7276143.457152564,1.4666410672200224e-09,0,5,1,0.0,1.5562007363480284e+16,0
28,245000000.0,0,1440625.0,2180507.9828298297,0,7.483843320369743,29.387323333044307,0,0.0,874976.4390104987,154203909564.0996,190625.0,15420390956409.96,7293245.1150322,1.6883887123684063e-09,0,5,1,0.0,1.5566211146502456e+16,0
29,245000000.0,0,1440625.0,2202412.361025168,0,8.867078106523094,30.387323333044307,0,0.0,663259.995133948,115310388428.0053,190625.0,11531038842800.53,7293245.1150322,1.4555580687145367e-09,0,5,1,0.0,1.5548656839758326e+16,0
30,245000000.0,0,1450000.0,2213466.044776063,0,5.982938295592452,31.378359751895246,0,0.0,787476.4387072048,136157034581.15991,190625.0,13615703458115.992,7293245.1150322,1.4555580687145367e-09,0,5,1,0.0,1.5566443920915156e+16,0
31,245000000.0,0,1116510.4521864078,2224385.963815639,0,6.165335170124646,32.378359751895246,0,0.0,966384.9946790071,269714684722.95554,406249.999241765,26971468472295.555,7293245.1150322,1.4555580687145367e-09,0,5,1,0.0,1.5552510629203348e+16,0
32,245000000.0,0,1316510.4523380548,2235957.4159099343,0,8.354881096178756,33.36951125567063,0,0.0,934351.4384039107,175170706152.8659,206249.999090118,17517070615286.59,7293245.1150322,1.4753978900693306e-09,0,5,1,0.0,1.556253814819219e+16,0
33,245000000.0,0,1459375.0,2258648.7281663823,0,11.938276614375326,34.36951125567063,0,0.0,718416.4124173988,187207574734.32266,346875.0,18720757473432.266,7310119.4434720455,1.464653015732266e-09,0,5,1,0.0,1.5542483056668356e+16,0
34,245000000.0,0,1468750.0,2274749.987057755,0,6.598557642728443,35.360775642116,0,0.0,870757.8572038314,152712424003.9471,190625.0,15271242400394.71,7310119.4434720455,1.2318223720783963e-09,0,5,1,0.0,1.5566590455381982e+16,0
35,245000000.0,0,1468750.0,2290161.4006553655,0,6.748560999992022,36.360775642116,0,0.0,902791.4131756338,223506402709.57123,346874.999848353,22350640270957.12,7310119.4434720455,1.2318223720783963e-09,0,5,1,0.0,1.5556238667655162e+16,0
36,245000000.0,0,1478125.0,2301770.9835567633,0,9.250505248874422,37.352150764810276,0,0.0,870757.8569005374,152712423914.8545,190625.0,15271242391485.45,7310119.4434720455,1.4844928370870598e-09,0,5,1,0.0,1.5558816576081446e+16,0
37,245000000.0,0,1478125.0,2328499.7676118617,0,10.94667090083691,38.352150764810276,0,0.0,659041.4130239867,113818902778.76018,190625.0,11381890277876.018,7310125.364255231,8.607201120456112e-10,0,5,1,0.0,1.5538881834787272e+16,0
38,245000000.0,0,1487500.0,2344177.147637112,0,7.226165613438386,39.34363453140746,0,0.0,783257.8565972433,134665548931.9148,190625.0,13466554893191.48,7310125.364255231,8.607201120456112e-10,0,5,1,0.0,1.5560660611987072e+16,0
39,245000000.0,0,1487500.0,2359024.9709173497,0,7.364645752214522,40.34363453140746,0,0.0,962166.4125690458,268223199073.71042,406249.999241765,26822319907371.043,7310125.364255231,1.073710934344687e-09,0,5,1,0.0,1.5546893748610584e+16,0
40,245000000.0,0,1406250.0021230578,2369402.5582156377,0,10.143654694293087,41.33522490194442,0,0.0,930132.8562939494,173679220503.62082,206249.999090118,17367922050362.082,7310125.364255231,1.3462212207081443e-09,0,5,1,0.0,1.5555103144913474e+16,0
41,245000000.0,0,1454449.279476402,2396184.360283273,0,11.999765434913341,42.33522490194442,0,0.0,718416.4124173988,129590386902.59485,190625.0,12959038690259.484,7310125.364255231,1.073710934344687e-09,0,5,1,0.0,1.5532121792807854e+16,0
42,245000000.0,0,1454449.2796280491,2411302.722448645,0,4.360515055602794,43.32691988721181,0,0.0,842632.8559906555,145241720590.81784,190625.0,14524172059081.783,7333437.5989638185,1.0837153760641892e-09,0,5,1,0.0,1.556639082257221e+16,0
43,245000000.0,0,1454449.2797796961,2426303.6938495156,0,4.410996057261628,44.32691988721181,0,0.0,1021541.4119624578,319990776543.785,465624.99863517703,31999077654378.496,7333437.5989638185,1.0837153760641892e-09,0,5,1,0.0,1.5548262065265762e+16,0
44,245000000.0,0,1298199.2799313432,2423830.076400256,0,3.6998003245646394,45.318717547185365,0,0.0,1302007.8556873614,362584749362.35486,335545.7218624518,36258474936235.484,7333437.5989638185,1.103555197418983e-09,0,5,1,0.0,1.5563750763061426e+16,0
45,245000000.0,0,1498199.2800829902,2455014.124914389,0,8.96068934383474,46.318717547185365,0,0.0,1026224.299260618,183272101915.68915,221874.99833188302,18327210191568.914,7333437.5989638185,1.3838486276492555e-09,0,5,1,0.0,1.5536622465590774e+16,0
46,245000000.0,0,1525000.0,2481413.1320131877,0,9.13640364916531,47.31061598951507,0,0.0,734041.4116591638,134912652224.30084,190625.0,13491265222430.084,7333437.5989638185,1.3838486276492555e-09,0,5,1,0.0,1.5545298672784338e+16,0
47,245000000.0,0,1525000.0,2495945.073430886,0,4.712939680426092,48.31061598951507,0,0.0,1080916.4113558698,378809135119.79474,524999.998028589,37880913511979.48,7333437.5989638185,1.3838486276492555e-09,0,5,1,0.0,1.5539862437860884e+16,0
48,245000000.0,0,1373505.180726468,2493054.1309490907,0,3.8957891985588944,49.30261336806969,0,0.0,1361382.8550807734,397653108162.99176,335545.7218624518,39765310816299.18,7333437.5989638185,7.559591592575139e-10,0,5,1,0.0,1.5561939075709798e+16,0
49,245000000.0,0,1417255.1808781151,2519494.4874873287,0,13.029877417767189,50.30261336806969,0,0.0,1085599.29865403,233652961462.2398,346875.0,23365296146223.98,7333437.5989638185,8.707245537651134e-10,0,5,1,0.0,1.5531938517891068e+16,0
50,245000000.0,0,1543750.0,2539331.835856043,0,4.956745877548342,51.29470788153423,0,0.0,1200440.7422272866,279259343672.3621,303512.16558735544,27925934367236.21,7333437.5989638185,7.3611933790272e-10,0,5,1,0.0,1.554435410709428e+16,0
51,245000000.0,0,1543750.0,2556316.095738807,0,5.0099500278915965,52.29470788153423,0,0.0,1168407.1856488963,303470520084.5323,428124.9974220009,30347052008453.23,7333437.5989638185,8.707245537651134e-10,0,5,1,0.0,1.5548562217707562e+16,0
52,245000000.0,0,1553125.0,2566226.963632533,0,8.789211285268694,53.28689777205823,0,0.0,1136373.6293737998,266288531630.42712,271478.60931225907,26628853163042.71,7333437.5989638185,7.559591592575139e-10,0,5,1,0.0,1.554265014788688e+16,0
53,245000000.0,0,1553854.664076973,2585885.7214911017,0,0.762624729763341,1.2862938551155738,0,0.0,1250485.4087184365,440767365938.13873,574999.9971187069,44076736593813.875,7336356.25527171,1.2920479743614224e-09,0,5,1,0.0,1.5557988194821736e+16,0
54,245000000.0,0,1563959.328153946,2599424.992601003,0,4.920138860356876,54.53948344460179,0,0.0,1218451.8524433402,321861459176.1453,374999.9969670599,32186145917614.53,7336356.25527171,9.444519361999533e-10,0,5,1,0.0,1.5573316289746908e+16,0
55,245000000.0,0,1564688.992230919,2625435.162828577,0,9.878234338870499,55.59517166982852,0,0.0,942668.2960165967,219096852709.71716,346875.0,21909685270971.715,7336356.25527171,1.0790571520623467e-09,0,5,1,0.0,1.5552401223447084e+16,0
56,245000000.0,0,1574793.656307892,2644859.36688986,0,0.75628058138772,1.2692017079736377,0,0.0,1057509.7395898534,191406479830.3109,207411.49676206632,19140647983031.09,7336356.25527171,1.157442758499029e-09,0,5,1,0.0,1.5582905671017136e+16,0
57,245000000.0,0,1575523.320384865,2664210.539768174,0,0.7305140112761451,1.2686142819072,0,0.0,1033311.7457624268,331509997459.8093,478124.9965121189,33150999745980.934,7336356.25527171,1.2920479743614224e-09,0,5,1,0.0,1.556868125313159e+16,0
58,245000000.0,0,1585627.984461838,2661477.7918366203,0,0.8405365447877593,1.2605349329435735,0,0.0,1313778.1894873304,369103971123.81134,335545.7218624518,36910397112381.13,7336356.25527171,1.157442758499029e-09,0,5,1,0.0,1.5586107454579078e+16,0
59,245000000.0,0,1586357.648538811,2680690.124321533,0,0.7337614699124059,1.259955500161563,0,0.0,1428619.63290894,524390930214.4511,624999.9962088249,52439093021445.11,7336356.25527171,1.5050387966604982e-09,0,5,1,0.0,1.5552606306998246e+16,0
60,245000000.0,0,1596462.312615784,2692504.803134764,0,5.3404838984099605,60.47572324800048,0,0.0,1396586.0766338436,431432860570.5648,424999.9960571779,43143286057056.484,7336356.25527171,1.157442758499029e-09,0,5,1,0.0,1.556220045524244e+16,0
61,245000000.0,0,1597191.9766927569,2716556.3418027055,0,10.823242610224868,61.51850411562642,0,0.0,1120802.5202071003,254511227862.56763,346875.0,25451122786256.76,7336356.25527171,1.2920479743614224e-09,0,5,1,0.0,1.5548342563528878e+16,0
62,245000000.0,0,1607296.6407697299,2734000.033709922,0,0.7384206198021165,1.243551686486643,0,0.0,1235643.9637803568,268393691816.93036,271478.60931225907,26839369181693.035,7336356.25527171,1.3704335807981048e-09,0,5,1,0.0,1.557137147511026e+16,0
63,245000000.0,0,1608026.3048467028,2751349.5431928784,0,0.7059242361339573,1.2429877584820135,0,0.0,1203610.4072019665,389058380231.4884,528124.9956022368,38905838023148.84,7336356.25527171,1.9707000839682375e-09,0,5,1,0.0,1.5563287784334944e+16,0
64,245000000.0,0,1618130.9689236758,2745963.710630426,0,0.960831609880693,1.7671573308824435,0,0.0,1477540.0276222555,482231944960.05426,392426.641309032,48223194496005.43,7349429.901577645,7.623839337611571e-10,0,5,1,0.0,1.5572643885915336e+16,0
65,245000000.0,0,1618860.6330006488,2774412.012588171,0,6.567229359269715,65.46875457768142,0,0.0,1193362.2680645334,245968960394.47937,282517.6157758724,24596896039447.938,7356859.420883102,1.2880718713859096e-09,0,5,1,0.0,1.5547495998509786e+16,0
66,245000000.0,0,1628965.2970776218,2798560.4427021965,0,6.689436214711187,66.8760334681113,0,0.0,792096.9853514627,159032945125.56256,236910.23594950794,15903294512556.256,7356859.420883102,1.499074642197229e-09,0,5,1,0.0,1.555657579307611e+16,0
67,245000000.0,0,1302418.1689664032,2771372.6812110916,0,0.9256473178237543,1.534426976406182,0,0.0,1791077.609209687,553192972640.2747,379790.6718460541,55319297264027.47,7356859.420883102,1.4008492144057527e-09,0,5,1,0.0,1.5561750310898034e+16,0
68,245000000.0,0,1302661.6452199435,2767505.1487795375,0,0.6244568401465853,1.0920460347895111,0,0.0,2148408.6891645743,542596784609.74414,380070.47629677906,54259678460974.414,7356859.420883102,1.8301307136425748e-09,0,5,1,0.0,1.5575471474083232e+16,0
69,245000000.0,0,1185741.9078544588,2784795.5933376155,0,10.747499592894114,70.16295973251925,0,0.0,1385683.6607237435,332820875167.2266,368956.3436921082,33282087516722.664,7357618.828628271,1.6073045117082074e-09,0,5,1,0.0,1.5527252310149634e+16,0
70,245000000.0,0,1186660.4366246876,2769296.7348149056,0,0.9145769120486289,1.4904365746278057,0,0.0,2036273.1162085508,557736413645.5525,341046.9413228531,55773641364555.25,7394763.654668672,1.0329586075386032e-09,0,5,1,0.0,1.5563553565314276e+16,0
71,245000000.0,0,1187578.9653949165,2803899.6775878835,0,0.6602241506580625,1.2103873377891083,0,0.0,1652001.515488764,416732341540.9512,379790.6718460541,41673234154095.12,7394763.654668672,1.0329586075386032e-09,0,5,1,0.0,1.5561930049685756e+16,0
72,245000000.0,0,1188497.4941651453,2837673.043127684,0,0.7002301459950403,1.203030471142573,0,0.0,1446785.7381592696,351375917937.9816,293210.2337370123,35137591793798.164,7394763.654668672,1.0329586075386032e-09,0,5,1,0.0,1.5564078469699576e+16,0
73,245000000.0,0,1189416.0229353742,2865491.987633893,0,0.6764206466698782,1.2025026878317469,0,0.0,1533773.5869157757,607246889100.2029,618521.5393977468,60724688910020.29,7394763.654668672,1.0329586075386032e-09,0,5,1,0.0,1.553565171188922e+16,0
74,245000000.0,0,1190334.551705603,2854857.232074728,0,0.8037963164560608,1.195241069017668,0,0.0,1761934.5940041267,598473175917.1656,410558.7228950205,59847317591716.56,7394763.654668672,1.0329586075386032e-09,0,5,1,0.0,1.556908944593602e+16,0
75,245000000.0,0,1191253.0804758319,2892489.054299478,0,7.556888895488023,76.50474936518386,0,0.0,1490458.9192692756,412923393539.19354,379790.6718460541,41292339353919.35,7394763.654668672,1.0329586075386032e-09,0,5,1,0.0,1.5530713798424896e+16,0
76,245000000.0,0,1192171.6092460607,2921329.0820003427,0,7.569818934760298,77.02347598029809,0,0.0,1033790.8359665296,224695385785.47327,299543.0787954936,22469538578547.33,7477199.6643804945,1.3603767001768574e-09,0,5,1,0.0,1.5543517333136206e+16,0
77,245000000.0,0,802463.6578204932,2890425.7517243316,0,0.9039022378943111,2.489222730279149,0,0.0,1791344.4029190103,524311015827.9372,368956.3436921082,52431101582793.72,7477195.389013883,1.1580141290323809e-09,0,5,1,0.0,1.556263598638834e+16,0
78,245000000.0,0,1003380.7063949258,2897038.4806839386,0,0.5893554154815599,1.0606724440759068,0,0.0,2088508.321516794,554809459214.6246,425432.43839399144,55480945921462.46,7477195.389013883,1.1580141290323809e-09,0,5,1,0.0,1.5569706965621236e+16,0
79,245000000.0,0,1087110.2549693584,2894464.0822968846,0,0.8671903167209758,1.8380490312135884,0,0.0,2049054.0735745209,639346073966.6002,387633.2264531455,63934607396660.02,7477195.410140349,1.1980318959103897e-09,0,5,1,0.0,1.5536687282928904e+16,0
80,245000000.0,0,1170839.803543791,2923726.295629988,0,0.7589717335299955,1.7067179267607642,0,0.0,1908865.6105767558,556645028612.6917,551321.7979924893,55664502861269.164,7477195.410140349,1.5454588719876483e-09,0,5,1,0.0,1.5553699857060376e+16,0
81,245000000.0,0,1371756.8521182234,2931139.936494073,0,0.7741717018858083,1.3193393138801675,0,0.0,1999580.0675600062,767575833857.0415,463763.7107552425,76757583385704.16,7477195.410140349,1.1980318959103897e-09,0,5,1,0.0,1.5530287615320476e+16,0
82,245000000.0,0,1490540.6815313632,2966811.947029927,0,0.6418301984950251,1.1189946977177758,0,0.0,1993223.4102645107,724187651393.6735,677211.1575909872,72418765139367.34,7477195.410140349,1.1980318959103897e-09,0,5,1,0.0,1.5540113696709252e+16,0
83,245000000.0,0,1490540.6815313632,2986572.390428562,0,7.024931456432956,83.35001335490979,0,0.0,1871811.7215244633,697744736505.2975,466718.3373902361,69774473650529.75,7477195.410140349,1.1980318959103897e-09,0,5,1,0.0,1.5522905364788892e+16,0
84,245000000.0,0,1490540.6815313632,3016334.405443133,0,8.222491465036923,84.37569672841386,0,0.0,1485322.8844297188,351297602870.05084,412475.517189485,35129760287005.086,7477195.410140349,1.4086936062085442e-09,0,5,1,0.0,1.553117417344182e+16,0
85,245000000.0,0,1490540.6815313632,3029293.4596414515,0,0.679781733346784,1.3007462453387,0,0.0,1516357.3946153536,469443427292.3809,358232.69698873395,46944342729238.09,7477195.410140349,1.4308625395642594e-09,0,5,1,0.0,1.5542339481142862e+16,0
86,245000000.0,0,1490540.6815313632,3034632.397066439,0,0.6306489435202188,1.1299978651991394,0,0.0,1510000.7373198583,606483089672.3981,694614.8767879829,60648308967239.805,7477195.410140349,1.4086936062085442e-09,0,5,1,0.0,1.5544178691166446e+16,0
87,245000000.0,0,1490540.6815313632,3024153.909555002,0,0.7303636427800316,1.2916448560722966,0,0.0,1723375.0758556554,649016822796.0267,484122.0565872318,64901682279602.67,7553219.993205548,1.714624886517413e-09,0,5,1,0.0,1.5561050351615142e+16,0
88,245000000.0,0,1490540.6815313632,3052326.691836423,0,8.577862624653553,88.40544778429306,0,0.0,1368680.6904927054,336068071756.3819,429879.23638648074,33606807175638.19,7553219.993205548,1.6924559531616978e-09,0,5,1,0.0,1.5531352680401848e+16,0
89,245000000.0,0,1490540.6815313632,3063374.887717912,0,0.6688186341525455,1.2826699476031862,0,0.0,1434318.3545940514,437161875233.0803,375636.4161857297,43716187523308.03,7553219.993205548,1.714624886517413e-09,0,5,1,0.0,1.5548115885733312e+16,0
90,245000000.0,0,1490540.6815313632,3064589.3327072645,0,0.6203949735141431,1.1412195717059719,0,0.0,1469253.8703407003,618596837155.0024,712018.5959849786,61859683715500.24,7553219.993205548,1.6924559531616978e-09,0,5,1,0.0,1.5542311698173286e+16,0
91,245000000.0,0,1490540.6815313632,3053963.1555805774,0,0.7260891050379578,1.2738189015944579,0,0.0,1701634.3546427973,643925325366.2263,501525.77578422753,64392532536622.63,7553219.993205548,1.714624886517413e-09,0,5,1,0.0,1.5564383089029876e+16,0
92,245000000.0,0,1490540.6815313632,3081923.3149287584,0,8.932429840416713,92.42174583227278,0,0.0,1356437.6905901972,344590276606.28455,447282.95558347646,34459027660628.453,7553219.993205548,1.6924559531616978e-09,0,5,1,0.0,1.5528834347334548e+16,0
93,245000000.0,0,1490540.6815313632,3088591.583485418,0,0.6584431959349716,1.2650891714851011,0,0.0,1422075.3546915432,433089240672.45154,393040.1353827254,43308924067245.16,7553219.993205548,1.714624886517413e-09,0,5,1,0.0,1.5549923345585432e+16,0
94,245000000.0,0,1490540.6815313632,3095228.176547869,0,0.6119504794025576,1.152666393301193,0,0.0,1457010.870438192,638687518102.9823,729422.3151819743,63868751810298.23,7553219.993205548,1.6924559531616978e-09,0,5,1,0.0,1.5540437538849974e+16,0
95,245000000.0,0,1490540.6815313632,3084473.049275703,0,0.7208331127751157,1.2564782800472747,0,0.0,1689391.2296895315,643489321101.3817,518929.49498122325,64348932110138.17,7553220.493408578,1.8383161659585312e-09,0,5,1,0.0,1.5566975565129476e+16,0
96,245000000.0,0,1490540.6815313632,3101486.506471934,0,0.6206548572675218,1.2428396510947506,0,0.0,1722585.3099079821,865946440404.5172,855311.6747804722,86594644040451.72,7558511.363676855,1.8598029782879166e-09,0,5,1,0.0,1.5526649446230756e+16,0
97,245000000.0,0,1490540.6815313632,3091254.500642017,0,0.7284529890655109,1.24798381704266,0,0.0,1942821.8064993944,897181152616.2632,644818.8545797211,89718115261626.31,7581124.467253707,2.2530457499669865e-09,0,5,1,0.0,1.5551237051068824e+16,0
98,245000000.0,0,1490540.6815313632,3125966.3614391703,0,16.848533634090856,98.43522562265608,0,0.0,1585481.1547361095,452455223319.8089,434326.03437897004,45245522331980.89,7581124.467253707,2.449155545036774e-09,0,5,1,0.0,1.5522856237013644e+16,0
99,245000000.0,0,1490540.6815313632,3142008.8811213365,0,0.646989888994688,1.2396034369732438,0,0.0,1629599.8311267707,496050905239.2457,380083.214178219,49605090523924.57,7581124.467253707,2.2530457499669865e-09,0,5,1,0.0,1.5543591745245642e+16,0
100,245000000.0,0,1490540.6815313632,3150872.132066549,0,0.5958150959842278,1.1441226530231492,0,0.0,1505516.3591627348,631345221303.4987,716465.3939774679,63134522130349.87,7581124.467253707,2.2308768166112714e-09,0,5,1,0.0,1.554190895361078e+16,0
101,245000000.0,0,1490540.6815313632,3143958.9227973027,0,0.7122765074535904,1.2313348569221176,0,0.0,1725752.8557541473,678256001012.358,505972.57377671683,67825600101235.805,7581124.467253707,2.2530457499669865e-09,0,5,1,0.0,1.5559175488769776e+16,0
102,245000000.0,0,1490540.6815313632,3166203.725136161,0,0.6053789318871222,1.232912623669654,0,0.0,1748544.3837901114,862369312039.0704,842354.7535759658,86236931203907.05,7581124.467253707,2.449155545036774e-09,0,5,1,0.0,1.5528118495742228e+16,0
103,245000000.0,0,1490540.6815313632,3151209.493175002,0,0.7136634838799083,1.2231758544801197,0,0.0,1968780.8803815236,930341476447.9761,631861.9333752147,93034147644797.61,7581124.467253707,2.2530457499669865e-09,0,5,1,0.0,1.5546019744885506e+16,0
104,245000000.0,0,1490540.6815313632,3187784.14250281,0,10.000952701852492,104.42301565165302,0,0.0,1573574.3927396608,534224681582.4626,577619.1131744636,53422468158246.26,7656856.139010863,1.7807906260713935e-09,0,5,1,0.0,1.551883854388637e+16,0
105,245000000.0,0,1490540.6815313632,3195728.63620321,0,0.6421745320191062,1.1878073572976924,0,0.0,1627054.7567951267,626129330313.8258,523376.29297371255,62612933031382.58,7656856.139010863,1.2278178473934531e-09,0,5,1,0.0,1.553757788574479e+16,0
106,245000000.0,0,1490540.6815313632,3203295.824014602,0,0.5979614171647699,1.2462835418411726,0,0.0,1652213.1488076942,865881122007.0256,859758.4727729615,86588112200702.56,7656856.139010863,1.2714735930785537e-09,0,5,1,0.0,1.5526247017123996e+16,0
107,245000000.0,0,1490540.6815313632,3194928.7115805116,0,0.6968468602940411,1.1544267608059173,0,0.0,1872436.3330639112,877429955524.6375,649265.6525722104,87742995552463.75,7656856.139010863,1.2278178473934531e-09,0,5,1,0.0,1.5555264150851246e+16,0
108,245000000.0,0,1490540.6815313632,3224954.722274932,0,10.355572528391104,108.42687307950838,0,0.0,1525916.697119377,529493167656.2203,595022.8323714593,52949316765622.03,7656856.139010863,1.3151293387636542e-09,0,5,1,0.0,1.5516326783165394e+16,0
109,245000000.0,0,1490540.6815313632,3229016.300398225,0,0.6296440237239673,1.1228710500226675,0,0.0,1579397.0611748428,599730291614.4111,540780.0121707083,59973029161441.11,7656856.139010863,1.2278178473934531e-09,0,5,1,0.0,1.5542165914368072e+16,0
110,245000000.0,0,1490540.6815313632,3237953.1298684604,0,0.5907551936596199,1.2599476545003312,0,0.0,1613009.6050295574,881488705092.5308,877162.1919699572,88148870509253.08,7656856.139010863,1.2278178473934531e-09,0,5,1,0.0,1.5524373563317024e+16,0
111,245000000.0,0,1490540.6815313632,3229511.047898411,0,0.6841042399337312,1.0929945594756187,0,0.0,1833232.7892857743,851132378934.5535,666669.3717692061,85113237893455.34,7656856.139010863,1.2278178473934531e-09,0,5,1,0.0,1.5561511535068528e+16,0
112,245000000.0,0,1490540.6815313632,3249720.3490365157,0,10.710566572842877,112.42602062605566,0,0.0,1486713.1533412402,528643287518.6596,612426.5515684551,52864328751865.96,7656856.139010863,1.3151293387636542e-09,0,5,1,0.0,1.5513814499732798e+16,0
113,245000000.0,0,1490540.6815313632,3236879.713780623,0,0.6922105442151045,1.064666724910897,0,0.0,1696443.517396706,684002382934.4364,484392.28441086784,68400238293443.64,7656856.139010863,1.2278178473934531e-09,0,5,1,0.0,1.5547495805938324e+16,0
114,245000000.0,0,1490540.6815313632,3262415.4902133583,0,0.5671189336793526,1.1586050256569704,0,0.0,1730056.0612514205,748778899880.5347,738315.9111669529,74877889988053.47,7656856.139010863,1.3151293387636542e-09,0,5,1,0.0,1.5539630914917208e+16,0
115,245000000.0,0,1490540.6815313632,3248748.3121411847,0,0.6929576820550791,1.062008536995698,0,0.0,1950279.2455076375,933186477939.7709,548365.4686670847,93318647793977.1,7656856.139010863,1.2278178473934531e-09,0,5,1,0.0,1.5533500869528226e+16,0
116,245000000.0,0,1490540.6815313632,3270440.4738024445,0,0.578077965555963,1.249746571564591,0,0.0,1983891.7893623523,1020871335603.9402,864205.2707654508,102087133560394.02,7656856.139010863,1.3151293387636542e-09,0,5,1,0.0,1.5525837118437208e+16,0
117,245000000.0,0,1490540.6815313632,3273424.8101375615,0,9.569904916458366,117.40382734935106,0,0.0,1891614.973618569,896553574803.8013,653712.4505646997,89655357480380.12,7656856.139010863,1.2278178473934531e-09,0,5,1,0.0,1.5522745090275728e+16,0
118,245000000.0,0,1473435.0945795574,3287790.3435331574,0,0.5907088548487499,1.3564517063874624,0,0.0,1925227.5174732837,1158053590605.9736,990094.6303639486,115805359060597.36,7656856.139010863,1.3151293387636542e-09,0,5,1,0.0,1.5512041828003008e+16,0
119,245000000.0,0,1490540.6815313632,3279225.6383205852,0,0.6755430433174539,1.0462835758413258,0,0.0,2145450.7017295007,1201887499520.5188,779601.8101631976,120188749952051.88,7656856.139010863,1.2278178473934531e-09,0,5,1,0.0,1.5539759751330776e+16,0
120,245000000.0,0,1490540.6815313632,3309082.3379849545,0,20.468365649630172,120.45395360599396,0,0.0,1798931.0657849666,652635296070.1075,569108.9899624465,65263529607010.76,7656856.139010863,1.3151293387636542e-09,0,5,1,0.0,1.5507624940649054e+16,0
121,245000000.0,0,1490540.6815313632,3325740.262101008,0,0.607111549597785,1.0258180159773749,0,0.0,1843036.4298404322,705839375649.3365,514866.16976169543,70583937564933.66,7656856.139010863,1.2278178473934531e-09,0,5,1,0.0,1.5531911043706058e+16,0
122,245000000.0,0,1490540.6815313632,3338042.7296020514,0,0.5643738841494903,1.2397093467503366,0,0.0,1721021.144474006,876775732517.508,851248.3495609444,87677573251750.81,7691867.455895427,1.3151293387636542e-09,0,5,1,0.0,1.552730722864305e+16,0
123,245000000.0,0,1490540.6815313632,3335956.2044368736,0,0.6612703155022922,1.0310174932570841,0,0.0,1941244.328730223,944483488069.1987,640755.5293601933,94448348806919.88,7691867.455895427,1.2278178473934531e-09,0,5,1,0.0,1.5546010206512976e+16,0
124,245000000.0,0,1486392.0157840638,3352328.2380833114,0,0.5761862434929095,1.3446354281697015,0,0.0,1974856.8725849376,1162816765477.3533,977137.7091594422,116281676547735.33,7691867.455895427,1.3151293387636542e-09,0,5,1,0.0,1.551351418042123e+16,0
125,245000000.0,0,1490540.6815313632,3341373.394220958,0,0.6687368860481769,1.0661787198229358,0,0.0,2195080.0568411546,1255682715246.7322,766644.8889586912,125568271524673.22,7691867.455895427,1.2278178473934531e-09,0,5,1,0.0,1.5531996207998778e+16,0
126,245000000.0,0,1490540.6815313632,3378576.5511529692,0,11.961545398636332,126.43308482490318,0,0.0,1848560.4208965497,791662614956.4875,712402.0687578695,79166261495648.75,7691867.455895709,1.8808350432664156e-09,0,5,1,0.0,1.5503777879539202e+16,0
127,245000000.0,0,1490540.6815313632,3388609.314382671,0,0.6039252670644742,1.1071925865401027,0,0.0,1894286.5814162926,910677561505.0917,658159.2485570479,91067756150509.17,7722884.270038319,8.913048077374697e-10,0,5,1,0.0,1.5521884949174122e+16,0
128,245000000.0,0,1468988.2965872798,3398920.9427880966,0,0.5709702992163904,1.3605550497532488,0,0.0,1927899.125270866,1168055190988.1616,994541.4283562263,116805519098816.16,7722884.270038319,9.786162991076708e-10,0,5,1,0.0,1.5511637250648218e+16,0
129,245000000.0,0,1490540.6815313632,3391861.7904623323,0,0.6549268092746856,1.0503309433957342,0,0.0,2148122.309527083,1219015981081.9556,784048.6081554047,121901598108195.56,7722884.270038319,8.913048077374697e-10,0,5,1,0.0,1.5538245533268136e+16,0
130,245000000.0,0,1490540.6815313632,3419325.307260939,0,12.318470771482223,130.43220740707872,0,0.0,1801602.6735824782,780443577244.2623,729805.7879545831,78044357724426.23,7722884.270038319,9.786162991076708e-10,0,5,1,0.0,1.5501260938378016e+16,0
131,245000000.0,0,1490540.6815313632,3426748.473732936,0,0.5941670233110906,1.1179637586680278,0,0.0,1855083.0376378736,883021689636.9198,675562.9677537614,88302168963691.98,7722884.270038319,8.913048077374697e-10,0,5,1,0.0,1.552580455009305e+16,0
132,245000000.0,0,1451584.5773905662,3437023.3149641124,0,0.5662038583908523,1.3768561439588012,0,0.0,1888695.581492447,1179443671194.9739,1011945.1475529398,117944367119497.39,7722884.270038319,9.786162991076708e-10,0,5,1,0.0,1.5509756771761372e+16,0
133,245000000.0,0,1490540.6815313632,3430819.904251585,0,0.6464432533814142,1.0349183578870769,0,0.0,2108810.3361977916,1188391067881.9443,801452.3273521182,118839106788194.44,7723101.129140063,1.5606929082423449e-09,0,5,1,0.0,1.5544478508410238e+16,0
134,245000000.0,0,1490540.6815313632,3448243.6086068624,0,12.675436883835973,134.428384113004,0,0.0,1762182.2707023146,775262860176.4125,747209.5071512966,77526286017641.25,7723101.129140063,1.7644197214394808e-09,0,5,1,0.0,1.5498743778817516e+16,0
135,245000000.0,0,1490540.6815313632,3438164.428133433,0,0.6565435804138792,1.0702886177343982,0,0.0,1971804.2052068377,969779360795.3297,562934.6669029449,96977936079532.97,7723101.129140063,1.5606929082423449e-09,0,5,1,0.0,1.5530479552853774e+16,0
136,245000000.0,0,1490540.6815313632,3463121.2960674707,0,0.5420779243506856,1.2567306896825166,0,0.0,2005308.319510539,1049306817501.4564,873098.8667496534,104930681750145.64,7723101.129140063,1.7644197214394808e-09,0,5,1,0.0,1.5525011805244388e+16,0
137,245000000.0,0,1490540.6815313632,3466250.8387572966,0,11.069466142384796,137.40066897931362,0,0.0,1912922.6152128654,929803537649.7366,662606.0465488317,92980353764973.66,7723102.0471461,1.5024852473288774e-09,0,5,1,0.0,1.551663895944866e+16,0
138,245000000.0,0,1464541.4985954962,3482532.1242710357,0,0.5563935849370326,1.3646832941385167,0,0.0,1946426.2705135487,1183270920168.4834,998988.2263480101,118327092016848.34,7724166.352620682,1.629359758226201e-09,0,5,1,0.0,1.551120996229379e+16,0
139,245000000.0,0,1490540.6815313632,3475419.053519941,0,0.644089767002977,1.054198443113086,0,0.0,2166540.566215875,1240844237761.7852,788495.4061471885,124084423776178.52,7724166.352620682,1.4838406059425324e-09,0,5,1,0.0,1.5536770087191016e+16,0
140,245000000.0,0,1338652.1389971394,3497585.3819209877,0,0.5725234138448716,1.492924873390786,0,0.0,2200044.2215165584,1517311217777.6565,1124877.585946367,151731121777765.66,7724166.352620682,1.629359758226201e-09,0,5,1,0.0,1.5497407231742838e+16,0
141,245000000.0,0,1490540.6815313632,3487828.139621796,0,0.6496568389704316,1.0909219530527035,0,0.0,2420158.517218885,1599895792656.2192,914384.7657455453,159989579265621.94,7724166.352620682,1.4838406059425324e-09,0,5,1,0.0,1.5522783648285638e+16,0
142,245000000.0,0,1490540.6815313632,3521233.94283353,0,24.091682091070577,142.43059120390228,0,0.0,2073529.9927203897,918282952530.4701,703891.9455447237,91828295253047.02,7724166.352620682,1.629359758226201e-09,0,5,1,0.0,1.5492391623228626e+16,0
143,245000000.0,0,1490540.6815313632,3537750.7219648887,0,0.5790462268476796,1.1020008701626083,0,0.0,2117526.4682218945,1003393523649.5155,649649.125343902,100339352364951.55,7724166.352620682,1.629359758226201e-09,0,5,1,0.0,1.551561157773328e+16,0
144,245000000.0,0,1477498.4198004259,3548272.307979515,0,0.5454293029037062,1.3527237995086723,0,0.0,2004155.1235225778,1192429700159.5508,986031.3051430804,119242970015955.08,7724166.352620682,2.09502104553394e-09,0,5,1,0.0,1.5512670746238446e+16,0
145,245000000.0,0,1490540.6815313632,3545262.285003068,0,0.6370513030079316,1.0742101273130582,0,0.0,2224269.4192249044,1298628275483.5505,775538.4849422588,129862827548355.05,7724166.352620682,1.4838406059425324e-09,0,5,1,0.0,1.5529073518708322e+16,0
146,245000000.0,0,1351609.060202069,3566370.9966216693,0,0.5615217477683507,1.478623838066866,0,0.0,2257773.0745255877,1532236315115.7102,1111920.6647414372,153223631511571.03,7724166.352620682,1.629359758226201e-09,0,5,1,0.0,1.5498867447619102e+16,0
147,245000000.0,0,1490540.6815313632,3556882.452955047,0,0.6438006424443907,1.1123663356058935,0,0.0,2477887.370227914,1663446147724.971,901427.8445406156,166344614772497.1,7724166.352620682,1.4838406059425324e-09,0,5,1,0.0,1.551508308261338e+16,0
148,245000000.0,0,1490540.6815313632,3594345.898847345,0,13.933074199391909,148.4163903522694,0,0.0,2131258.845729419,1109492882389.588,847185.024339794,110949288238958.78,7724166.352620682,1.629359758226201e-09,0,5,1,0.0,1.5488690662661752e+16,0
149,245000000.0,0,1490540.6815313632,3601954.8320180536,0,0.5818031773385717,1.1964674150219794,0,0.0,2184630.3212309238,1262551596983.1716,792942.2041389723,126255159698317.16,7724166.352620682,1.629359758226201e-09,0,5,1,0.0,1.5505616735459428e+16,0
150,245000000.0,0,1334205.3410053556,3610367.6751812785,0,0.5594636641715746,1.4978969440715995,0,0.0,2218133.7595905475,1535420399874.4421,1129324.3839381507,153542039987444.22,7724166.786502801,9.599716577213258e-10,0,5,1,0.0,1.5496978753967128e+16,0
151,245000000.0,0,1490540.6815313632,3603187.8364777416,0,0.6322925808904123,1.0949961402287103,0,0.0,2438247.838351814,1624464831580.2734,918831.5637373291,162446483158027.34,7724166.786502801,8.726601663511246e-10,0,5,1,0.0,1.5521368698554246e+16,0
152,245000000.0,0,1490540.6815313632,3629002.450499812,0,14.293267478869478,152.4211650887619,0,0.0,2091619.0969122595,1096175855741.7944,864588.7435365075,109617585574179.44,7724166.786502801,9.599716577213258e-10,0,5,1,0.0,1.5486161884470258e+16,0
153,245000000.0,0,1490540.6815313632,3637094.2700740085,0,0.5747731051275192,1.209055485887394,0,0.0,2144990.355472705,1230333690530.9966,810345.9233356859,123033369053099.66,7724166.786502801,9.599716577213258e-10,0,5,1,0.0,1.5509560125299244e+16,0
154,245000000.0,0,1316801.621808642,3647262.679582382,0,0.5573567458226504,1.5176791156585934,0,0.0,2178493.7938323286,1542463818243.2078,1146728.1031348642,154246381824320.78,7724166.786502801,1.425632945029065e-09,0,5,1,0.0,1.5495088853830906e+16,0
155,245000000.0,0,1490540.6815313632,3640065.9729592353,0,0.626317820661801,1.0781599675290765,0,0.0,2398607.872593595,1589342726479.1167,936235.2829340426,158934272647911.66,7724166.786502801,8.726601663511246e-10,0,5,1,0.0,1.5527637694114726e+16,0
156,245000000.0,0,1490540.6815313632,3655739.1698106527,0,14.65289916789472,156.42033525812303,0,0.0,2051979.1311540406,1086718419839.1459,881992.462733221,108671841983914.6,7724166.786502801,9.599716577213258e-10,0,5,1,0.0,1.5483635127056222e+16,0
157,245000000.0,0,1490540.6815313632,3646440.266090704,0,0.6381411331309326,1.1166021758887714,0,0.0,2261600.389714486,1319165520018.0698,671499.6425323994,131916552001806.98,7731413.464862497,7.125890988390893e-10,0,5,1,0.0,1.5513631797857484e+16,0
158,245000000.0,0,1455647.9026119285,3670161.468038531,0,0.5316158162987822,1.3730153981712272,0,0.0,2295103.8280741097,1414496628476.874,1007881.8223315778,141449662847687.4,7731413.464862497,7.562448445241898e-10,0,5,1,0.0,1.5510342593872014e+16,0
159,245000000.0,0,1490540.6815313632,3671506.4293337776,0,12.738967031229562,159.3998515206434,0,0.0,2202717.9068353763,1284482256589.0925,797389.0021307562,128448225658909.25,7731413.464862497,7.562448445241898e-10,0,5,1,0.0,1.550022767784508e+16,0
160,245000000.0,0,1329758.5430135718,3687409.576601615,0,0.5499741175130194,1.5029022436112986,0,0.0,2236221.345195,1553754057292.3516,1133771.1819299345,155375405729235.16,7731413.464862497,9.890754881780595e-10,0,5,1,0.0,1.5496531283377528e+16,0
161,245000000.0,0,1490540.6815313632,3680392.789329617,0,0.6274185747681029,1.0991003484838273,0,0.0,2456335.423956267,1649257412958.0144,923278.3617291129,164925741295801.44,7731413.464862497,6.689333531539887e-10,0,5,1,0.0,1.5519913721746272e+16,0
162,245000000.0,0,1203869.183415215,3701976.273028464,0,0.570699267393913,1.6599312419386294,0,0.0,2489838.862315891,1941528993018.624,1259660.5415282913,194152899301862.4,7803712.256231053,1.221906131831929e-09,0,5,1,0.0,1.5482718984143284e+16,0
163,245000000.0,0,1414362.0036160366,3694907.05930152,0,0.6342266772837444,1.139078017922036,0,0.0,2709952.9410771574,2062043313271.2063,1049167.7213274697,206204331327120.62,7803712.256231053,1.221906131831929e-09,0,5,1,0.0,1.5505922310030856e+16,0
164,245000000.0,0,1490540.6815313632,3732062.102412822,0,27.730784565419977,164.42964723322046,0,0.0,2343710.192121529,1243434512380.2761,838674.9011266481,124343451238027.61,7882168.286295347,1.221906131831929e-09,0,5,1,0.0,1.5477101369771576e+16,0
165,245000000.0,0,1490540.6815313632,3752591.536580669,0,0.5647924673400352,1.1904070023081075,0,0.0,2387706.4506819746,1360153261546.154,784432.0809258264,136015326154615.4,7882168.286295347,1.221906131831929e-09,0,5,1,0.0,1.5499362330724396e+16,0
166,245000000.0,0,1342715.4642185015,3766563.884549109,0,0.5390762880388331,1.4884103467270806,0,0.0,2274334.8890415984,1564994469615.4612,1120814.2607250048,156499446961546.12,7882168.286295347,1.221906131831929e-09,0,5,1,0.0,1.5497988866985684e+16,0
167,245000000.0,0,1490540.6815313632,3767200.3012457173,0,0.6194963326161492,1.120870262981276,0,0.0,2494363.3702594107,1708966437479.6914,910235.8429807286,170896643747969.12,7882510.676469166,1.0418261808808893e-09,0,5,1,0.0,1.5512216769589442e+16,0
168,245000000.0,0,1216997.2997070537,3784232.506288273,0,0.5591038443125643,1.6420397651793066,0,0.0,2527695.613532125,1958077865583.7944,1246532.4252364524,195807786558379.44,7882510.676469166,1.0854819265659899e-09,0,5,1,0.0,1.5484187502905068e+16,0
169,245000000.0,0,1427575.7174513298,3779306.8927639863,0,0.6298113583852814,1.1624772697288763,0,0.0,2747809.6922933916,2127142176793.377,1035954.0074921761,212714217679337.7,7905646.031222695,9.89530235528946e-10,0,5,1,0.0,1.5498215331965836e+16,0
170,245000000.0,0,1481904.135195606,3820888.138350932,0,15.91446390859711,170.41587802735424,0,0.0,2401095.3533103825,1483554924197.206,981625.5897478999,148355492419720.6,7905646.031222695,9.89530235528946e-10,0,5,1,0.0,1.5473573686570462e+16,0
171,245000000.0,0,1490540.6815313632,3830717.021750148,0,0.5694112389185528,1.3010393230192125,0,0.0,2454381.0143273734,1668099801671.5479,927297.1720036237,166809980167154.78,7905646.031222695,9.89530235528946e-10,0,5,1,0.0,1.5489372035494392e+16,0
172,245000000.0,0,1199935.9706841582,3843365.1229042793,0,0.557722876216976,1.6653677205293678,0,0.0,2487713.2576000877,1956239285874.8647,1263593.7542593474,195623928587486.47,7905646.031222695,9.89530235528946e-10,0,5,1,0.0,1.5482333250451958e+16,0
173,245000000.0,0,1410514.3884284343,3840448.580808682,0,0.615752992132983,1.1435199988636502,0,0.0,2707827.3363613547,2083279294145.4126,1053015.3365150713,208327929414541.25,7905646.031222695,9.89530235528946e-10,0,5,1,0.0,1.550450690633846e+16,0
174,245000000.0,0,1464842.8061727104,3862771.0505717862,0,16.274754507122704,174.42072259132834,0,0.0,2361112.997378345,1465390934349.3188,998686.9187707951,146539093434931.88,7905646.031222695,9.89530235528946e-10,0,5,1,0.0,1.5471054449068718e+16,0
175,245000000.0,0,1490540.6815313632,3874871.955455333,0,0.5624653107604851,1.3156412702291858,0,0.0,2414398.658395336,1631069325752.697,944358.5010265189,163106932575269.7,7905646.031222695,9.89530235528946e-10,0,5,1,0.0,1.5493324878834962e+16,0
176,245000000.0,0,1182902.9526144587,3889312.782348999,0,0.5561306844264963,1.6893276561084019,0,0.0,2447674.279761658,1958154159945.2751,1280626.7723290466,195815415994527.5,7905759.275035479,5.529727786779404e-10,0,5,1,0.0,1.5480479003304098e+16,0
177,245000000.0,0,1393509.681311931,3886390.598396292,0,0.6108571162696902,1.1251711038437364,0,0.0,2667788.358522925,2043131395031.204,1070020.0436315744,204313139503120.4,7905759.275035479,5.093170329928398e-10,0,5,1,0.0,1.5510771383641406e+16,0
178,245000000.0,0,1447866.4100094032,3901973.7369985753,0,16.634515373730135,178.4198945017836,0,0.0,2321045.70858672,1450890570797.7014,1015663.3149341021,145089057079770.16,7905759.275035479,5.529727786779404e-10,0,5,1,0.0,1.5468539008200668e+16,0
179,245000000.0,0,1490540.6815313632,3914906.137302075,0,0.5549258741783912,1.3231670729060685,0,0.0,2356194.3415934877,1570796132679.5137,953004.8079824105,157079613267951.38,7958580.265657972,1.2078089639544487e-09,0,5,1,0.0,1.5497281831106874e+16,0
180,245000000.0,0,1182558.4239127864,3931137.247735112,0,0.5519676567436799,1.6898194120304577,0,0.0,2354694.5844290014,1903530766749.7144,1280971.301030719,190353076674971.44,7992039.798536221,3.0704541131854057e-09,0,5,1,0.0,1.547954854566867e+16,0
181,245000000.0,0,1401466.930864478,3930257.6851437497,0,0.6046710368531714,1.098454665646396,0,0.0,2565001.724387461,1914732975854.6575,1062062.7940790274,191473297585465.75,8001115.287286983,1.1350493878126144e-09,0,5,1,0.0,1.5519186038918982e+16,0
182,245000000.0,0,1073500.4378161696,3937306.863618524,0,0.5753829691715281,1.8613300931406127,0,0.0,2571866.850442537,2267782891412.624,1390029.2871273358,226778289141262.4,8001115.287286983,1.2078089639544487e-09,0,5,1,0.0,1.5467572131451842e+16,0
183,245000000.0,0,1292408.9447678612,3933590.4268592233,0,0.6160555953969479,1.132065298085227,0,0.0,2782173.9904009965,2296207004292.9717,1171120.7801756442,229620700429297.16,8001115.287286983,7.421476766467094e-10,0,5,1,0.0,1.5507326946896172e+16,0
184,245000000.0,0,1490540.6815313632,3966278.202781889,0,31.044198779604002,184.43325433348306,0,0.0,2417322.6234077644,1417792274436.8792,952212.2732239526,141779227443687.9,8001115.287286983,1.2078089639544487e-09,0,5,1,0.0,1.5463184264176878e+16,0
185,245000000.0,0,1490540.6815313632,3983369.4579204395,0,0.5444670093276588,1.2698606534205985,0,0.0,2443096.256414532,1486653077632.3623,889553.766272261,148665307763236.22,8001115.287286983,1.2078089639544487e-09,0,5,1,0.0,1.5498372254647962e+16,0
186,245000000.0,0,1246009.465622936,3999843.5057831686,0,0.5332571313258435,1.6038370638998416,0,0.0,2303086.3824696084,1752420650953.2173,1217520.2593205695,175242065095321.72,8001115.287286983,1.2078089639544487e-09,0,5,1,0.0,1.5486540255214326e+16,0
187,245000000.0,0,1464917.9725746275,4004510.6445833165,0,0.6012742764519723,1.1020387221993888,0,0.0,2513393.522428068,1798519548703.3647,998611.7523688779,179851954870336.47,8001115.287286983,1.1350493878126144e-09,0,5,1,0.0,1.5517911627776124e+16,0
188,245000000.0,0,1136951.479526319,4020012.490420362,0,0.5540635294091188,1.7575441800317488,0,0.0,2520258.648483144,2104113470058.669,1326578.2454171863,210411347005866.9,8001115.287286983,1.2078089639544487e-09,0,5,1,0.0,1.5474568683775044e+16,0
189,245000000.0,0,1355859.9864780107,4016496.4113123715,0,0.6104415413160378,1.135872420963587,0,0.0,2730565.7884416035,2167434271584.2207,1107669.7384654947,216743427158422.06,8000147.303149074,1.648004399612546e-09,0,5,1,0.0,1.5506058647253718e+16,0
190,245000000.0,0,1027893.4934297022,4048794.1428356394,0,0.5794845511057429,1.943835793278488,0,0.0,2737430.91449668,2491282275348.974,1435636.2315138031,249128227534897.4,8000147.303149074,2.1136656869202852e-09,0,5,1,0.0,1.546259109810074e+16,0
191,245000000.0,0,1246802.0003813938,4043054.5202824837,0,0.6128828962502334,1.1718493771492593,0,0.0,2947738.054455139,2571824980649.93,1216727.7245621115,257182498064993.03,8000147.303149074,2.1136656869202852e-09,0,5,1,0.0,1.5494224981996842e+16,0
192,245000000.0,0,1465710.5073330854,4082168.8529277965,0,32.36630521102172,192.42832503269955,0,0.0,2582886.687461907,1614325743577.9263,997819.21761042,161432574357792.62,8000147.303149074,1.648004399612546e-09,0,5,1,0.0,1.5457623413500536e+16,0
193,245000000.0,0,1490540.6815313632,4104480.54254938,0,0.5460318449831681,1.30772886158892,0,0.0,2608660.320468675,1712070709418.6401,935160.7106587284,171207070941864.0,8000147.303149074,1.648004399612546e-09,0,5,1,0.0,1.5487575784238448e+16,0
194,245000000.0,0,1200402.5212364686,4120924.7784917494,0,0.5345355701986806,1.6647209945436312,0,0.0,2468650.446523751,1948636370946.2822,1263127.2037070368,194863637094628.22,8000147.303149074,1.648004399612546e-09,0,5,1,0.0,1.548156449975475e+16,0
195,245000000.0,0,1419311.0281881602,4120006.871335451,0,0.596124025449646,1.1397052368702445,0,0.0,2678957.5864822106,2046853861117.0378,1044218.6967553452,204685386111703.78,8000147.303149074,2.1136656869202852e-09,0,5,1,0.0,1.5504814644985466e+16,0
196,245000000.0,0,1091344.5351398517,4137620.1504787314,0,0.5570745592897217,1.8309241596049566,0,0.0,2690041.294647248,2324267884122.6997,1372185.1898036536,232426788412269.97,7983272.974709229,1.648004399612546e-09,0,5,1,0.0,1.5469590653197548e+16,0
197,245000000.0,0,1310253.0420915433,4134328.7836743826,0,0.6054434234334994,1.1759292709236648,0,0.0,2900348.4346057074,2439707278068.86,1153276.682851962,243970727806886.0,7983272.974709229,1.648004399612546e-09,0,5,1,0.0,1.5492960749971444e+16,0
198,245000000.0,0,982286.5490432349,4164843.9020046047,0,0.5849980514203105,2.0339950769651587,0,0.0,2907213.5606607837,2734353370040.4,1481243.1759002705,273435337004040.0,7983272.974709229,1.648004399612546e-09,0,5,1,0.0,1.5457608863213064e+16,0
199,245000000.0,0,1201195.0559949265,4158999.536943761,0,0.609654757955318,1.2145315614254122,0,0.0,3117520.700619243,2867014667761.965,1262334.6689485789,286701466776196.5,7983272.974709229,1.648004399612546e-09,0,5,1,0.0,1.5481121643710476e+16,0
200,735000000.0,0,1420103.562946618,4061688.6006655265,0,33.73383471373267,200.5833070040381,0,0.0,6917331.797899081,5827066826277.192,1440625.0,582706682627719.2,8033846.117259211,1.0368239600211382e-09,0,5,1,0.0,1.4010614011983504e+17,0
201,735000000.0,0,991954.8549463116,3952660.4059586003,0,0.7491112733264574,2.0141902625655006,0,0.0,11209933.646828517,11334706032545.145,1438634.6466064013,1133470603254514.5,8033846.117259211,1.0368239600211382e-09,0,5,1,0.0,1.4005888219243371e+17,0
202,735000000.0,0,312500.0,3794529.3953269115,0,30.070626323006085,208.37958532695376,0,0.0,16529710.560563985,18742881021234.156,1658523.7347905848,1874288102123415.5,8033846.117259211,1.0368239600211382e-09,0,5,1,0.0,1.395520995551373e+17,0
203,735000000.0,0,512500.0,3731190.0513618905,0,19.108912273133146,204.79994866748675,0,0.0,18836987.474299453,22185897830262.81,1658523.7347905848,2218589783026280.8,8033846.117259211,1.0368239600211382e-09,0,5,1,0.0,1.3948679411031216e+17,0
204,735000000.0,0,186362.5907533844,3587484.2498864555,0,26.869234242345435,205.95543431917616,0,0.0,23180284.269044597,30700047371554.547,2373581.2246509744,3070004737155454.5,8104716.146884369,4.783942131325603e-10,0,5,1,0.0,1.3900081018864493e+17,0
205,735000000.0,0,290663.7175793769,3504946.513017632,0,16.8655708564757,205.50505354208886,0,0.0,26003891.65388203,40507679387931.65,2364143.20731262,4050767938793165.0,8142468.216237788,5.511537892743945e-10,0,5,1,0.0,1.3878532998587866e+17,0
206,735000000.0,0,155429.60465676757,3466846.671802015,0,20.339610515277208,206.66932137655795,0,0.0,27555249.476334967,51151516369662.35,3069762.6798346546,5115151636966235.0,8142468.216237788,7.439666660502553e-10,0,5,1,0.0,1.3827885380330258e+17,0
207,735000000.0,0,374338.11160845915,3393894.400030843,0,48.66491669557076,209.70537957067526,0,0.0,30284513.744187586,57590864741563.695,3060324.6624963,5759086474156370.0,8142468.216237788,6.020854925736785e-10,0,5,1,0.0,1.3837766932438078e+17,0
208,735000000.0,0,124496.61856015073,3345874.2876824345,0,20.88321682309261,208.9024349641888,0,0.0,32097298.19419195,72529304285897.25,3765944.1350183347,7252930428589725.0,8142468.216237788,6.275513442233205e-10,0,5,1,0.0,1.3764102792233458e+17,0
209,735000000.0,0,154997.5802124401,3225048.752022373,0,44.030625145560315,211.57731958762886,0,0.0,36223044.55835503,86450711003762.08,3756506.11767998,8645071100376208.0,8142468.216237788,5.511537892743945e-10,0,5,1,0.0,1.377643114896685e+17,0
210,735000000.0,0,93563.6324635339,3182766.146427091,0,23.377617930517435,221.94794528150948,0,0.0,37908931.16053046,101775461747978.02,4690534.34527182,1.0177546174797802e+16,8191888.6985698445,1.1586962500587106e-09,0,5,1,0.0,1.3731305395140208e+17,0
211,735000000.0,0,3125.0,3020040.832498476,0,46.40733671773985,331.0,1,0.0,43374714.94521853,114933087860694.77,4452687.57286366,1.1493308786069476e+16,8191888.6985698445,1.1332303984090686e-09,0,5,1,0.0,1.3735006978932885e+17,0
212,735000000.0,0,62630.64636691706,2994424.893569861,0,24.919535552627497,213.08439217744223,0,0.0,44555310.3546756,132817779319805.1,5158307.045385696,1.328177793198051e+16,8191888.6985698445,1.1805241229012609e-09,0,5,1,0.0,1.3671819201226845e+17,0
213,666729191.8512279,1,0.0,2933461.1608572504,68270808,56.52282571345309,253.94289366335175,2,4660903245286450.0,47077295.60637025,141468832545019.78,5364949.988193305,1.6477334877145204e+16,8191888.6985698445,1.6416379367001355e-09,0,5,1,0.0,1.168173155540692e+17,1
214,576417965.5877156,1,0.0,2953911.4223666615,226852843,39.79349658558331,252.67643670157588,2,5.146221217803149e+16,46571382.80005836,143108221169266.25,5235027.428646389,4.004192820594237e+16,8191888.6985698445,1.0859366739168763e-09,0,5,1,0.0,1.0020837554954294e+17,1
215,556777547.4729779,1,0.0,2931027.1524988245,405075295,53.463181364323546,223.69970704111995,1,1.6408599469069398e+17,47448576.060942896,144521485566757.12,4997180.656238229,9.64951459020227e+16,8166440.464023153,9.067662176676095e-10,0,5,1,0.0,1.1215541498599938e+17,1
216,556777547.4729779,1,0.0,2928153.999441645,583297748,49.46470055027175,227.55034633087774,2,3.402362623728498e+17,47121827.67820217,146925116857328.94,5235027.428646389,1.848106428721578e+17,8166440.464023153,8.931237971410155e-10,0,5,1,0.0,1.3382896857241194e+17,1
217,556777547.4729779,1,0.0,2917315.527580974,761520200,75.19227344291905,229.97023136598648,1,5.799130152244988e+17,47429965.36928473,144690669128096.4,4997180.656238229,3.044255745250591e+17,8182637.022171059,1.583430275786668e-09,0,5,1,0.0,1.5570588251314813e+17,1
218,556777547.4729779,1,0.0,2917667.620439468,939742653,61.72829889481747,238.52093707384904,1,8.831162532456412e+17,47523136.21155834,147153397151865.6,5235027.428646389,4.562734663380072e+17,8182637.022171059,1.5943442122079432e-09,0,5,1,0.0,1.7704774777952483e+17,1
219,556777547.4729779,1,0.0,2926830.477186851,1117965105,28.86868382444241,221.26002458549232,1,1.2498459764362767e+18,47450682.05383195,149594433818669.12,4997180.656238229,6.398824316000052e+17,8182637.022171059,1.8162609194405377e-09,0,5,1,0.0,1.9907244778130883e+17,1
220,556777547.4729779,1,0.0,2935231.34906802,1296187558,61.069264519359976,226.50898589523166,1,1.6801021847964058e+18,47578403.30647292,151775145518820.34,5235027.428646389,8.552286069500849e+17,8182637.022171059,1.5943442122079432e-09,0,5,1,0.0,2.2045462082147786e+17,1
221,556777547.4729779,1,0.0,2936488.494244119,1474410010,76.54317936436487,230.01843809422562,1,2.173884878326028e+18,47439211.56226219,149476326412302.8,4997180.656238229,1.1018900718042444e+18,8185305.41856374,1.3842509360983968e-09,0,5,1,0.0,2.425784213242739e+17,1
222,556777547.4729779,1,0.0,2942663.141025085,1652632463,61.968156296259586,230.6365488049189,1,2.731194057025144e+18,47241236.47892087,150825397519237.25,5235027.428646389,1.3806795682644956e+18,8185305.41856374,1.4242687029764056e-09,0,5,1,0.0,2.639692299550018e+17,1
223,556777547.4729779,1,0.0,2954393.343361607,1830854915,74.84353429057066,256.8706020985236,2,3.3520297208937523e+18,47276357.879985474,149575070277789.16,4997180.656238229,1.690972367474655e+18,8185305.41856374,1.4715624274685979e-09,0,5,1,0.0,2.859321380489291e+17,1
224,556777547.4729779,1,0.0,2966123.5456981286,2009077368,62.80625394599274,236.83034633728977,1,4.036391869931855e+18,47359916.781050086,151267193768202.38,5235027.428646389,2.0333226543427476e+18,8185305.41856374,1.4533725334331393e-09,0,5,1,0.0,3.073387162066467e+17,1
225,556777547.4729779,1,0.0,2992040.2116933623,2187299820,51.99319342871024,253.41684023756915,1,4.78428050413945e+18,46809100.68220776,153765499964358.66,4997180.656238229,2.407516802066161e+18,8185305.418470673,1.8599166651256382e-09,0,5,1,0.0,3.2912942709059814e+17,1
226,556777547.4729779,1,0.0,2981938.8168050763,2365522273,78.0437171506723,253.35575578981255,1,5.595695623516538e+18,47371675.71873081,152400248763284.6,5235027.428646389,2.8130878366345974e+18,8185305.418470673,1.7253114492632449e-09,0,5,1,0.0,3.508996715127164e+17,1
227,556777547.4729779,1,0.0,3004511.387710537,2543744725,50.49365549676411,229.69903453561594,1,6.470637228063121e+18,46827903.74010628,155318421014251.06,4997180.656238229,3.250850456132986e+18,8189693.187045554,1.7289494280703366e-09,0,5,1,0.0,3.7249576077468595e+17,1
228,556777547.4729779,1,0.0,2966862.604449332,2721967178,73.48406712754405,348.0,2,7.409105317779196e+18,48197398.4762004,155683007517646.8,5235027.428646389,3.7201209596413624e+18,8189693.187045554,1.710759534034878e-09,0,5,1,0.0,3.9428083058741894e+17,1
229,556777547.4729779,1,0.0,3002999.1336680898,2900189630,35.09967861395548,234.06730319945308,1,8.411099892664765e+18,47634336.16600562,158656450149786.2,4997180.656238229,4.2214155913473613e+18,8189693.187045554,1.813532435335219e-09,0,5,1,0.0,4.159557972307395e+17,1
230,556777547.4729779,1,0.0,2966592.202083755,3078412083,66.44233629756516,232.2929055999194,1,9.476620952719827e+18,49002394.388221055,161530693923750.4,5283891.45196235,4.754463545752288e+18,8189693.187045554,1.6707417671568692e-09,0,5,1,0.0,4.372843161042987e+17,1
231,556777547.4729779,1,0.0,2986616.7013848964,3256634536,66.66291432698937,237.2697160597022,1,1.0605668497944383e+19,47895576.40301257,163635292461317.56,5603686.732214022,5.319197778218324e+18,8190931.359290037,9.804352885112166e-10,0,5,1,0.0,4.592380722688197e+17,1
232,556777547.4729779,1,0.0,2995247.97151937,3434856988,64.98607074152955,237.9569311286693,1,1.179824252833843e+19,47730875.71506719,163013439739916.72,5337544.512465695,5.915422608143206e+18,8190931.359290037,8.813003660179675e-10,0,5,1,0.0,4.811312719059528e+17,1
233,556777547.4729779,1,0.0,3010396.5642981064,3613079441,68.94259425436798,241.2202984976632,2,1.3054343043901975e+19,47624028.69656823,165052177474147.44,5657277.638919018,6.543676739698402e+18,8191179.974483434,6.193658919073641e-10,0,5,1,0.0,5.0262830553617075e+17,1
234,556777547.4729779,1,0.0,3011569.462632397,3791301893,78.58919416185606,243.6030573145454,1,1.4373970044635007e+19,48258601.75930695,163438042363443.16,5391073.2653723415,7.203328826553848e+18,8191179.974483434,5.902620614506304e-10,0,5,1,0.0,5.2448833070450176e+17,1
235,556777547.4729779,1,0.0,3043155.3471691282,3969524346,61.97717838242885,246.93270271771954,3,1.5757123530537538e+19,47814316.894606344,166770162418428.62,5710806.391825665,7.895238781510612e+18,8191179.974483434,5.584297468885779e-10,0,5,1,0.0,5.460231916520743e+17,1
236,556777547.4729779,1,0.0,3051793.5232811966,4147746798,74.20377065421786,325.5675863406644,2,1.7203803501609558e+19,48253594.4831584,166792653678488.56,5444602.018278988,8.618581016172628e+18,8191179.974483434,5.584297468885779e-10,0,5,1,0.0,5.678575253087095e+17,1
237,556148312.7500479,2,0.0,3047345.50167791,4326598486,86.13757409840889,238.50623714239788,2,1.871401035378741e+19,48712179.72923213,167546955303954.2,5764335.144732311,9.3737598724241e+18,8191179.974483434,5.029505700804293e-10,0,5,1,0.0,5.892987789861354e+17,2
238,557406782.1959078,1,0.0,3053476.957796451,4504191703,87.69474507157692,255.67591578453096,2,2.0287742899262083e+19,48618432.048001386,166689015501258.84,5498130.771185635,1.0160540351181167e+19,8201280.64912578,1.0059011401608586e-09,0,5,1,0.0,6.113728992383699e+17,1
239,556777547.4729779,1,0.0,3063741.1943152524,4682414156,78.48261171061151,243.06575895350062,1,2.1925002325842584e+19,48863571.98366584,168925655439172.2,5817863.897638958,1.097939372846521e+19,8201280.64912578,7.803464541211724e-10,0,5,1,0.0,6.326254404175448e+17,1
240,556777547.4729779,1,0.0,3083746.954644104,4860636608,33.97710081666666,285.04675958934126,2,2.3625788237592584e+19,48784956.37019637,175209907431727.03,6137597.024092281,1.1830415109539465e+19,8177968.414417192,8.676579454913735e-10,0,5,1,0.0,6.543162868374089e+17,1
241,556777547.4729779,1,0.0,3084552.865198777,5038859061,80.91413723207043,245.5830353679285,1,2.5390100634512065e+19,49721471.50790552,172801105715068.06,5871392.6505456045,1.271233042782754e+19,8177968.414417192,1.3114913599565625e-09,0,5,1,0.0,6.764644198029875e+17,1
242,555252300.8178449,2,0.0,3091541.742097011,5218606760,53.05386273710438,243.01557840126338,2,2.7217941842978406e+19,50002231.32405466,178871131707877.97,6185167.782252315,1.3626858034659992e+19,8174352.4159934325,1.685293682385236e-09,0,5,1,0.0,6.973696407802715e+17,2
243,550580677.8737718,2,0.0,3090558.1508531026,5403026082,53.98615430201433,254.3863890815502,2,2.910936451493897e+19,50575986.89669397,183266913878344.06,6480694.38683374,1.457300894885732e+19,8174352.4159934325,1.4497345546260476e-09,0,5,1,0.0,7.186802627576462e+17,2
244,529585357.371144,2,0.0,3086228.7887554374,5608440724,68.14190973754606,246.69025751152506,2,3.106541574507582e+19,51094661.71106731,184333321435030.47,6214490.013287064,1.5551141204681413e+19,8174352.4159934325,1.4524630387313664e-09,0,5,1,0.0,7.381985430283702e+17,2
245,529585357.371144,2,0.0,3104596.6431804467,5813855367,89.58080109520584,263.70936966774576,2,3.3086472290787238e+19,51124308.61363694,184690277965546.03,6428003.647155099,1.6561705173190173e+19,8174352.4159934325,1.4497345546260476e-09,0,5,1,0.0,7.631305384408769e+17,2
246,529585357.371144,2,0.0,3119516.413027225,6019270010,55.10342057930823,247.47533263909958,2,3.517253415207322e+19,51641728.59705314,186879073145437.6,6161799.273608422,1.7604954983351155e+19,8174352.4159934325,1.8599166651256382e-09,0,5,1,0.0,7.88212691018043e+17,2
247,529585357.371144,2,0.0,3137884.2674522344,6224684653,92.8233713400105,299.4269619338168,3,3.7323601328933765e+19,51983223.00657664,187649462414312.75,6375312.907476457,1.8680565610708312e+19,8174352.4159934325,1.394255377817899e-09,0,5,1,0.0,8.131405841414701e+17,2
248,529585357.371144,2,0.0,3149291.8909298875,6430099295,55.78035813975419,249.56751055022198,2,3.953967382136886e+19,52560032.96929909,190115090840114.38,6109108.53392978,1.9788848419768443e+19,8175023.009153482,1.3278622645884752e-09,0,5,1,0.0,8.382300556750481e+17,2
249,520634934.72142744,3,0.0,3174801.9914267417,6644464361,95.44709900081354,369.0,4,4.182083173944413e+19,52937338.52160586,191612567206944.88,6322622.167797815,2.0929577126442762e+19,8175023.009153482,1.3278622645884752e-09,0,5,1,0.0,8.621411476614309e+17,3
250,467388201.0730001,3,0.0,3194666.2182916077,6912076160,76.64618026806274,251.67197453046887,3,4.41718967309529e+19,52939610.25537177,189171287678057.2,6056417.794251138,2.2104865494244258e+19,8175042.443275685,2.2009771782904863e-09,0,5,1,0.0,8.817718126036987e+17,3
251,488159884.3592618,3,0.0,3239274.045916272,7158916275,82.28070362100907,252.561774701798,4,4.659059588414908e+19,52048493.238070935,183323113109909.88,5790213.420704462,2.331363025338553e+19,8175042.443275685,2.4774635676294565e-09,0,5,1,0.0,9.147793256824476e+17,3
252,525191044.77485615,3,0.0,3266861.4527144674,7368725231,87.4619721448646,267.54395844787894,3,4.906769831122607e+19,51658088.62069028,186515713282666.72,6003727.054572497,2.4552500726941303e+19,8175042.443275685,2.253727870993316e-09,0,5,1,0.0,9.507290882476682e+17,3
253,525191043.42276233,3,0.0,3296498.699767014,7578534187,88.78511825360891,254.5491644811794,3,5.160984467460023e+19,51142735.24338906,182445131038053.7,5737522.68102582,2.582316685040392e+19,8218376.217581423,2.8067006496712565e-09,0,5,1,0.0,9.770445989936735e+17,3
254,525191042.0706685,3,0.0,3323774.6895309105,7788343145,89.75894743936244,291.75450625430216,3,5.4217034974492156e+19,51263025.35773417,184621621803549.2,5939666.95239218,2.712697964942643e+19,8263853.625335188,2.3901520762592554e-09,0,5,1,0.0,1.0018884574935839e+18,3
255,525191042.0706685,3,0.0,3350465.1289056414,7998152102,100.09887490955074,256.65111795120964,3,5.688926921021917e+19,50853125.583316654,179570275038559.3,5662093.226907063,2.846259163261344e+19,8263853.625335188,2.4429027689620852e-09,0,5,1,0.0,1.0281034001210761e+18,3
256,525191042.0706685,3,0.0,3399312.453161027,8207961061,83.14699977454528,376.0,4,5.962654738178124e+19,50328791.259012125,182790887814749.44,5864237.498273424,2.9831552779672097e+19,8263853.625335188,2.9085640562698245e-09,0,5,1,0.0,1.0530582488712495e+18,3
257,525191042.0706685,3,0.0,3420447.3369802013,8417770019,100.38177489759195,258.7674363064863,3,6.24288694891784e+19,50252862.521415286,177485556143898.94,5586663.772788307,3.123218330020359e+19,8263853.625335188,3.3742253435775638e-09,0,5,1,0.0,1.079266495815346e+18,3
258,525191042.0706685,3,0.0,3439953.382387112,8627578977,108.35327490616666,259.5364151958517,4,6.529623553241065e+19,50564629.02254604,176812354447709.28,5309090.0473031895,3.26657990016501e+19,8263853.625335188,2.013621269725263e-09,0,5,1,0.0,1.1042563681718253e+18,3
259,525191042.0706685,3,0.0,3490103.0231507313,8837387934,73.66459308051198,260.9492457007752,3,6.822864551147798e+19,50302911.13222344,176474169476857.5,5511234.31866955,3.4131970172686676e+19,8263853.625335188,2.2391759557649493e-09,0,5,1,0.0,1.1300740533996754e+18,3
260,525191042.0706685,3,0.0,3504094.5541786337,9047196892,113.05285863420944,266.14070414612183,3,7.122609942638037e+19,50724009.04760873,174988017633959.34,5235027.428646389,3.5630548514953585e+19,8216893.607690853,1.6134436009451747e-09,0,5,1,0.0,1.1553398612035758e+18,3
261,525191042.0706685,3,0.0,3552939.750007688,9257005850,73.88904867941007,261.5895461514068,3,7.428859727711787e+19,49927971.27092085,174892352528232.12,5435804.864550794,3.716178787381176e+19,8216893.607690853,1.6134436009451747e-09,0,5,1,0.0,1.1811729277908165e+18,3
262,525191042.0706685,3,0.0,3547682.149091145,9466814809,122.5939346159004,269.9999359089382,3,7.741613906369044e+19,50141545.75889296,172559632469543.0,5235027.428646389,3.8725325495092175e+19,8216893.607690853,1.6134436009451747e-09,0,5,1,0.0,1.2064532596752735e+18,3
263,525191042.0706685,3,0.0,3590971.7893646434,9676623766,74.22048416403861,263.6037331060908,3,8.060872478609806e+19,49346131.00964166,172629910742701.06,5360375.410432037,4.03216253841233e+19,8216893.607690853,2.079104888252914e-09,0,5,1,0.0,1.2322875617570734e+18,3
264,525191042.0706685,3,0.0,3609173.3898369893,9886432724,103.08767863488417,275.4739125251111,3,8.386635444434082e+19,49971217.84897307,172350742935961.2,5235027.428646389,4.195041229646401e+19,8216893.607690853,2.142769517377019e-09,0,5,1,0.0,1.2575625045745495e+18,3
265,525191042.0706685,3,0.0,3634559.3842771556,10096241681,105.32634172019524,266.2005327918557,4,8.718902803841861e+19,49353125.28468119,168063778947725.25,4997180.656238229,4.361132039710408e+19,8216893.607690853,2.079104888252914e-09,0,5,1,0.0,1.283639960764133e+18,3
266,525191042.0706685,3,0.0,3669359.505366657,10306050640,91.21349943268946,286.2809081761691,3,9.05767455683315e+19,48995232.767695494,170039431548519.9,5235027.428646389,4.53053767273206e+19,8216893.607690853,1.2187229003757238e-09,0,5,1,0.0,1.308628871271159e+18,3
267,525191042.0706685,3,0.0,3699493.954655374,10515859598,49.83053566492241,267.55050860004434,3,9.402950703407948e+19,48845876.05316726,171993702498425.2,5208989.83485348,4.703195288728958e+19,8219000.277055032,1.1987140169367194e-09,0,5,1,0.0,1.3344896885716431e+18,3
268,525191042.0706685,3,0.0,3734675.927706745,10725668556,93.36386680362261,310.52586924419325,4,9.754731243566252e+19,48712765.64164142,173634143671275.28,5403245.806326669,4.8791019632198386e+19,8248446.807263541,2.1336745703592896e-09,0,5,1,0.0,1.3597867125489682e+18,3
269,526110725.9108548,3,0.0,3765248.2614406133,10934557831,90.9426364224312,270.2168540922995,3,1.0111171543906199e+20,48412235.79054692,170196368157364.75,5117783.780948379,5.057287735634673e+19,8262816.867266344,4.472894943319261e-09,0,5,1,0.0,1.3952264950857439e+18,3
270,527030409.7510412,3,0.0,3768835.466478831,11142527420,121.92793126184522,270.97521387690716,4,1.047217376693308e+20,49062933.18777182,168553160702870.38,5235027.428646389,5.237772415073568e+19,8262816.867266344,3.9235601434484124e-09,0,5,1,0.0,1.429828325252141e+18,3
271,526383966.57393104,3,0.0,3807106.157648162,11351143453,75.59802080291244,272.2814730992389,3,1.0839575892449255e+20,48468014.039961174,168380219272403.22,5026577.7270432785,5.421471748417352e+19,8252716.192623998,4.2655301513150334e-09,0,5,1,0.0,1.45552140441519e+18,3
272,525737523.3968209,3,0.0,3833113.4032125375,11560405930,92.79249377025324,276.9938099514797,3,1.1213379875592036e+20,48851959.07036207,168662659647039.72,5235027.428646389,5.608376564392489e+19,8252716.192623998,4.392859409563243e-09,0,5,1,0.0,1.4808219712582991e+18,3
273,526834870.1938993,3,0.0,3862017.1644721543,11768571060,91.14857264980091,274.35267208984226,3,1.1593907004855358e+20,48819683.021695815,167626698728881.6,4994317.805314475,5.798629769414968e+19,8269862.236328348,3.945388016290963e-09,0,5,1,0.0,1.5051832938382223e+18,3
274,527932216.99097764,3,0.0,3879648.249707302,11975638844,105.69162810115937,279.8151522109497,3,1.1981173677068008e+20,48833498.859719805,167110164602707.94,5235027.428646389,5.992257940180031e+19,8269862.236328348,3.778040991164744e-09,0,5,1,0.0,1.5289870689909568e+18,3
275,527932216.99097764,3,0.0,3902778.5843620524,12182706626,100.75454657043733,275.9431499785511,4,1.237483876215935e+20,48423654.1867773,163746550842346.7,4994317.805314475,6.189056846588098e+19,8269862.236328348,4.178218659944832e-09,0,5,1,0.0,1.554911933180726e+18,3
276,527932342.01327634,3,0.0,3923635.2392114825,12389774284,92.64392007338118,283.61877614185664,3,1.2774901978475227e+20,48259198.17006893,165441153377356.44,5235027.428646389,6.3891054007713866e+19,8269864.189801765,3.814420779235661e-09,0,5,1,0.0,1.5798779185670646e+18,3
277,527932467.03557503,3,0.0,3962086.727290213,12596841817,78.23083218656832,277.9799907853861,3,1.3181363312756523e+20,48183825.76625662,163529818468961.84,4994317.31694612,6.592316954562951e+19,8269864.189801765,4.241883289068937e-09,0,5,1,0.0,1.605874417782771e+18,3
278,527932467.03557503,3,0.0,3974660.6824799273,12803909350,106.6401252254083,289.04428519877877,3,1.3594223042237702e+20,48394885.9052918,164474759841890.53,5235027.428646389,6.79875626871727e+19,8267096.969677899,3.115928848274052e-09,0,5,1,0.0,1.6308141375850883e+18,3
279,527932467.03557503,3,0.0,3999662.519349647,13010976883,50.30067823586042,279.4353646621415,3,1.4013481166918772e+20,48099002.31503203,166340146188094.22,4994317.31694612,7.008403984921267e+19,8267096.969677899,3.0631781555712223e-09,0,5,1,0.0,1.6566511424505725e+18,3
280,527932467.03557503,3,0.0,4030542.2101400974,13218044416,94.25619525751796,296.06136713475183,3,1.4439137686799725e+20,47792862.306035876,168062666142653.44,5235027.428646389,7.2212494700612895e+19,8267096.969677899,3.5815901355817914e-09,0,5,1,0.0,1.6818899122068001e+18,3
281,527932467.03557503,3,0.0,4059151.2059931657,13425111949,93.52297906349473,282.18764756890573,3,1.4871192601880563e+20,47797328.91382752,164716422817776.53,4994317.31694612,7.437243465168459e+19,8267096.969677899,3.0631781555712223e-09,0,5,1,0.0,1.707873253080033e+18,3
282,527932467.03557503,3,0.0,4082859.938873621,13632179481,97.67684165613386,311.4309502407449,3,1.530964591216129e+20,48057409.24003192,165173777280414.25,5235027.428646389,7.65647469385345e+19,8267096.969677899,4.105459083802998e-09,0,5,1,0.0,1.732921830823389e+18,3
283,527973218.709525,3,0.0,4101475.5363923036,13839206263,93.43008370535259,284.2479868143471,3,1.575448868985134e+20,47870562.918222494,163877473568800.44,4994317.31694612,7.878883119661359e+19,8307812.1883191,2.9176590032875538e-09,0,5,1,0.0,1.7586797438395773e+18,3
284,528013970.3834749,3,0.0,4117161.084250297,14046192293,104.09251192377857,404.0,4,1.6205720271070718e+20,48086149.26191006,164379537172865.62,5235027.428646389,8.104503930907088e+19,8307812.1883191,2.9176590032875538e-09,0,5,1,0.0,1.783973894415362e+18,3
285,528013970.3834749,3,0.0,4137391.0204167813,14253178322,103.13246172978509,286.31478538323114,4,1.6663349362316644e+20,48097828.04562585,161730086418928.66,4994317.31694612,8.333291982022512e+19,8307812.1883191,2.7430360205471516e-09,0,5,1,0.0,1.8098642148883213e+18,3
286,528013970.3834749,3,0.0,4156645.2868665573,14460164353,94.08228411228559,286.5380932024379,3,1.712737596358911e+20,47989405.77038631,163854200042762.28,5235027.428646389,8.565326523794983e+19,8307812.1883191,4.46016201749444e-09,0,5,1,0.0,1.8348802599081562e+18,3
287,528013970.3834749,3,0.0,4172330.834724551,14667150382,95.9384342818838,287.9925029895355,3,1.7597800074888125e+20,48030083.60462831,160533449098880.4,4994317.31694612,8.800505371935051e+19,8307812.1883191,4.105459083802998e-09,0,5,1,0.0,1.8608051992410614e+18,3
288,528013970.3834749,3,0.0,4190013.803143614,14874136410,109.58161436457924,294.0611805971101,3,1.8074621696213677e+20,48086831.5488391,160796278472330.2,5235027.428646389,9.038918810891562e+19,8307812.1883191,4.052708391100168e-09,0,5,1,0.0,1.8858165915954414e+18,3
289,528013970.3834749,3,0.0,4212541.861852838,15081122441,50.92770735952093,289.3565783658033,3,1.8557840827565775e+20,47776358.74730719,162280622892546.16,4994317.31694612,9.280543220011812e+19,8307812.1883191,3.994500730186701e-09,0,5,1,0.0,1.911635634080791e+18,3
290,528013970.3834749,3,0.0,4242649.034041592,15288108470,80.47408432849689,297.3152356991314,3,1.9047457468944423e+20,47589354.22360365,164858509113705.6,5235027.428646389,9.52537731956335e+19,8307812.1883191,3.819877747446299e-09,0,5,1,0.0,1.936830885906433e+18,3
291,532344990.4900416,3,0.0,4253583.290966167,15490763480,109.74322223037969,292.12159562587954,3,1.954233681594038e+20,47620844.09350747,160743260150714.1,4994317.31694612,9.772775840571697e+19,8375484.377484205,3.550667315721512e-09,0,5,1,0.0,1.9689774219493353e+18,3
292,536676010.5966084,3,0.0,4282603.1824159445,15689087470,81.58617358454042,301.22359208807035,3,2.0042419673030063e+20,47523245.190057606,163580462251633.66,5235027.428646389,1.0022845641137548e+20,8375484.377484205,3.587047103792429e-09,0,5,1,0.0,1.999855155060658e+18,3
293,536676010.5965903,3,0.0,4275153.586039092,15887411458,68.23839514194391,293.38925113164635,3,2.054882111278151e+20,48213104.34546849,164687996905240.1,4994317.31694612,1.0276057436359808e+20,8352871.27390707,3.9071892388165e-09,0,5,1,0.0,2.0246725299846976e+18,3
294,536676010.5965723,3,0.0,4283715.545059329,16085735447,100.90867523975251,306.4790560776208,4,2.1061541135194712e+20,48306050.294889726,165455575286683.9,5235027.428646389,1.0532425123350223e+20,8352871.27390707,3.878085408359766e-09,0,5,1,0.0,2.0489813889062356e+18,3
295,536676010.5965723,3,0.0,4302377.447943608,16284059438,96.18428062055469,295.95158631653817,3,2.158057974026967e+20,48054919.75842771,164586680762371.44,4994317.31694612,1.079193573694246e+20,8352871.27390707,3.850800567306578e-09,0,5,1,0.0,2.0738131997400868e+18,3
296,536676010.5965723,3,0.0,4306729.3375194,16482383427,121.00289058897657,315.28606775928176,4,2.2105936928006393e+20,48323680.278503194,164486515872530.38,5235027.428646389,1.1054613329161922e+20,8352871.27390707,3.878085408359766e-09,0,5,1,0.0,2.0981072378464428e+18,3
297,538126199.6108232,3,0.0,4333686.616815817,16679257228,85.02391989719753,297.9927190948961,4,2.2633269290406068e+20,47992434.92542987,162419834771868.97,4988652.516109203,1.1318258843550753e+20,8375530.47725474,2.764863893389702e-09,0,5,1,0.0,2.145067971588111e+18,3
298,539576388.6250739,3,0.0,4351998.030341967,16874680838,96.8772051698731,298.6169353492858,3,2.3162424291164062e+20,48032673.062479876,165988637521825.97,5235027.428646389,1.158287203195725e+20,8375530.47725474,3.2232492230832577e-09,0,5,1,0.0,2.1912505845489882e+18,3
299,539576388.6250739,3,0.0,4365754.309542248,17070104450,99.53909757743865,300.04062669800356,3,2.3697694492844307e+20,48348500.06713272,162615535387315.56,4988652.516109203,1.1850473401776026e+20,8373855.605410223,2.4665496312081814e-09,0,5,1,0.0,2.216549030214223e+18,3
300,539576388.6250739,3,0.0,4399340.379406051,17265528062,80.79094868440826,304.86674868910114,3,2.423907989544681e+20,48536176.59786894,167680780712680.66,5235027.428646389,1.2121216755530532e+20,8373855.605410223,2.321030478924513e-09,0,5,1,0.0,2.2406080846848983e+18,3
301,539576388.6250739,3,0.0,4382035.557578966,17460951673,99.57566657538234,301.2239349070348,3,2.4786580498971574e+20,49067958.86380741,163799850076575.25,4988652.516109203,1.2394928247986553e+20,8356753.947530588,2.495653461664915e-09,0,5,1,0.0,2.2660074759709437e+18,3
302,539576388.6250739,3,0.0,4398479.914723891,17656375284,80.91292643215914,306.28531259731966,3,2.5340196303418586e+20,48695892.17853752,168710111350484.25,5235027.428646389,1.2671785252822798e+20,8356753.947530588,2.5247572921216488e-09,0,5,1,0.0,2.2900597220036792e+18,3
303,537365715.889231,3,0.0,4390644.538417115,17854009568,113.90977054760677,300.96305457417384,3,2.5900062543978204e+20,49287135.97210989,164344343859208.78,4988652.516109203,1.2951674715427694e+20,8322212.186033041,2.815795596688986e-09,0,5,1,0.0,2.314460817677729e+18,3
304,535155043.153388,3,0.0,4418679.815133008,18053854525,81.13328451500367,308.87105500064496,3,2.6466186289838126e+20,49099059.562650494,169039651381119.06,5235027.428646389,1.3234783541432874e+20,8322214.409839092,3.0722731025889516e-09,0,5,1,0.0,2.3379001673659827e+18,3
305,535155043.153388,3,0.0,4432440.856740933,18253699482,99.99821767476382,301.0189249805371,3,2.70384346622039e+20,49602027.161556765,166009815332222.16,4988652.516109203,1.3520877429255273e+20,8322214.409839092,2.9849616112187505e-09,0,5,1,0.0,2.36367451414525e+18,3
306,535155043.153388,3,0.0,4431461.376512379,18453544439,111.93646934988247,301.49130745330797,3,2.761680766107552e+20,49459690.70259077,168985532572464.72,5235027.428646389,1.3810093685863485e+20,8322214.409839092,3.1013769330456853e-09,0,5,1,0.0,2.388277269812818e+18,3
307,535155043.153388,3,0.0,4443528.193479597,18653389396,100.97527181214414,301.0816771258415,4,2.820130528645299e+20,49526447.91207367,165709725775379.22,4988652.516109203,1.4102309740484248e+20,8322214.409839092,2.9849616112187505e-09,0,5,1,0.0,2.4141110972364165e+18,3
308,539989795.9673401,3,0.0,4456766.893894918,18848399600,97.61646315310885,303.75444078024833,3,2.879159659163999e+20,49577910.696830064,169431403278470.25,5235027.428646389,1.439749260985278e+20,8397757.422557093,3.1595845939591527e-09,0,5,1,0.0,2.4408579733111547e+18,3
309,544824548.7812922,3,0.0,4481542.751177373,19038575051,80.95685654051923,301.1526659237577,3,2.9387673728353255e+20,49556774.22658692,168476697563049.9,5394256.221589464,1.4695521631152257e+20,8397757.422557093,3.0449882615357637e-09,0,5,1,0.0,2.468330006612193e+18,3
310,544824548.7812922,3,0.0,4481583.372030076,19228750502,112.83500557362515,304.5459434652043,3,2.9989865027194664e+20,49919528.69865157,168712915117750.38,5235027.428646389,1.499661964274851e+20,8397757.422557093,3.1595845939591527e-09,0,5,1,0.0,2.4920302329077146e+18,3
311,544824548.7812922,3,0.0,4484093.955951403,19418925954,69.31899467919719,300.3296387507459,3,3.059817048816424e+20,49957180.13485697,169907955339746.22,5456174.71456953,1.5300784323635518e+20,8397757.422557093,3.0449882615357637e-09,0,5,1,0.0,2.516399187420727e+18,3
312,544824548.7812922,3,0.0,4515985.002265906,19609101404,81.97131792390827,305.5113830005097,3,3.121259011126197e+20,49667378.11745653,172963327918918.47,5248600.283701671,1.5608024688910175e+20,8384683.775644571,3.043169272132218e-09,0,5,1,0.0,2.5402178936519634e+18,3
313,544824548.7812922,3,0.0,4538121.291553404,19799276856,97.80182531329564,301.15722866468167,3,3.183312389648785e+20,49541529.56690656,170945649785658.62,5518093.207549597,1.591827140474178e+20,8384683.775644571,3.01588443107903e-09,0,5,1,0.0,2.564746526972411e+18,3
314,544824548.7812922,3,0.0,4541726.706936315,19989452307,114.27256031911477,307.4036919093692,3,3.2459771843841884e+20,49781039.157936215,171450177708426.66,5310518.776681738,1.6231600423698026e+20,8384683.775644571,3.043169272132218e-09,0,5,1,0.0,2.5883873776131354e+18,3
315,544824548.7812922,3,0.0,4557588.864016775,20179627759,54.31894770573339,301.2388546144256,3,3.309253395332407e+20,49882839.22135959,172681631704500.3,5580011.700529664,1.6547993792979078e+20,8384021.513423303,3.830791683867574e-09,0,5,1,0.0,2.612928777245423e+18,3
316,544824548.7812922,3,0.0,4559422.291488513,20369803209,78.10684843805576,310.35903680091553,4,3.373141022493442e+20,50309577.14993891,175615601729781.34,5372437.269661805,1.686746126848451e+20,8395387.356126582,2.8103386284783483e-09,0,5,1,0.0,2.6366409169513626e+18,3
317,544824548.7812922,3,0.0,4579764.604816613,20559978660,82.180317572258,301.3328695170405,3,3.437640065867292e+20,50549438.95698433,174947458493416.0,5641930.1935097305,1.718994980392139e+20,8395387.356126582,2.841261448338628e-09,0,5,1,0.0,2.661039049521637e+18,3
318,544824548.7812922,3,0.0,4588129.291378583,20750154112,98.03817469553135,300.78620760369193,3,3.502750525453957e+20,50720477.40151542,180040280630336.34,5911423.117357656,1.7515553030076088e+20,8395387.356126582,2.8103386284783483e-09,0,5,1,0.0,2.684488377457789e+18,3
319,544824548.7812922,3,0.0,4589664.1781868,20940329564,99.20410279651752,301.44232553656013,3,3.5684724012534406e+20,51104116.30464806,176786265893725.2,5703848.686489797,1.784412986892614e+20,8395387.356126582,2.8685462893918157e-09,0,5,1,0.0,2.7092992743476716e+18,3
320,544824548.7812922,3,0.0,4582455.804138656,21130505015,113.09933322406344,303.9974550755668,3,3.634805693265737e+20,51290488.73687399,179680038200143.44,5973341.610337723,1.817582526671069e+20,8395387.356126582,2.8685462893918157e-09,0,5,1,0.0,2.732662780880915e+18,3
321,544824548.7812922,3,0.0,4576305.422376806,21320680465,86.43415612912169,301.57136711768,3,3.701750401490849e+20,51477485.390023045,177193444611544.16,5765767.179469864,1.851052394190036e+20,8395387.356126582,2.926753950305283e-09,0,5,1,0.0,2.757521969959144e+18,3
322,544824548.7812922,3,0.0,4610000.867518674,21510855916,83.29145562376384,304.90715066137886,3,3.7693065259287767e+20,51441623.397862434,182552286151276.38,6035260.10331779,1.8848358152505396e+20,8439294.992251264,4.090907168574631e-09,0,5,1,0.0,2.7808865653835336e+18,3
323,544824548.7812922,3,0.0,4606410.174102557,21701031369,117.16742980366985,301.72576761617483,4,3.83747406657952e+20,51775134.53504539,178288407641338.1,5827685.672449931,1.9189153216974016e+20,8439294.992251264,4.5565684558823705e-09,0,5,1,0.0,2.8056204379922693e+18,3
324,544824548.7812922,3,0.0,4627545.107536697,21891206820,90.31145231264846,300.87071121471234,4,3.906253023443079e+20,51453129.97643877,184486820913991.8,6097178.596297856,1.9533109985424536e+20,8439294.992251264,4.032699507661164e-09,0,5,1,0.0,2.829040610099908e+18,3
325,536155781.640219,3,0.0,4628908.747276448,22090051037,116.25692000382064,301.91381677457827,4,3.975696792313299e+20,51860113.90528842,179683667889964.16,5889628.451810973,1.9880280798245395e+20,8439197.846727364,3.9217411540448666e-09,0,5,1,0.0,2.8501849472532844e+18,3
326,528822022.0973147,3,0.0,4635669.228514526,22296229015,114.18480434592563,302.7979123793643,3,4.045800047537271e+20,51591365.37144322,180930497225267.66,6097286.5583163,2.0230809542658608e+20,8436628.081009265,2.61206878349185e-09,0,5,1,0.0,2.871577034288188e+18,3
327,530270797.91387564,3,0.0,4635106.835799029,22500958218,45.95415592025026,300.36014133078453,3,4.1165086452660686e+20,52002408.70213004,181119338788774.88,5883969.171277531,2.058435441971823e+20,8462300.115759656,3.3778633223846555e-09,0,5,1,0.0,2.898563452624852e+18,3
328,531913808.13790077,3,0.0,4668323.477297088,22704044410,81.9793726694919,303.21507823928505,3,4.1878201478250594e+20,51666844.729762,185874059655687.12,6097286.5583163,2.0940959479721853e+20,8462300.115759656,3.2905518310144544e-09,0,5,1,0.0,2.9243787271183877e+18,3
329,531913808.13790077,3,0.0,4666454.201801463,22907130602,113.00679267586972,301.5024493807186,3,4.259745300737279e+20,51869745.89480169,180020914407755.2,5883969.171277531,2.1300526712830473e+20,8457912.347184775,3.756213118322194e-09,0,5,1,0.0,2.950660712710707e+18,3
330,531913808.13790077,3,0.0,4699313.955189116,23110216793,81.57797917003752,303.7784397174811,3,4.3322841040027274e+20,51556952.09660372,184825437495105.3,6097286.5583163,2.1663268774388587e+20,8457912.347184775,3.756213118322194e-09,0,5,1,0.0,2.9754575622544287e+18,3
331,531913808.13790077,3,0.0,4674203.403632578,23313302984,98.69032912455495,301.6429976539859,3,4.405436557621404e+20,52174940.88838014,180045046366816.9,5883969.171277531,2.202898323857069e+20,8457912.347184775,3.756213118322194e-09,0,5,1,0.0,3.001720477272957e+18,3
332,531913808.13790077,3,0.0,4718939.594489977,23516389177,71.5250060112156,304.5811752945797,4,4.4792026615933095e+20,51326363.66073696,181852197645046.8,6097286.5583163,2.2397831829943e+20,8458829.322018072,4.069079295732081e-09,0,5,1,0.0,3.02697967487666e+18,3
333,531913808.13790077,3,0.0,4714097.4641518565,23719475369,86.06093749797007,309.52678466477727,3,4.553582415918444e+20,52447557.146297626,181193481911382.28,5883969.171277531,2.2769724014411334e+20,8458829.322018072,4.0618033381178975e-09,0,5,1,0.0,3.052552845460992e+18,3
334,531913808.13790077,3,0.0,4756517.368826331,23922561561,63.642365980923906,300.677747050779,3,4.628575820596807e+20,51784292.11141259,182700021866809.4,6097286.5583163,2.3144706103202703e+20,8451399.802712616,3.799868864007294e-09,0,5,1,0.0,3.078051117140242e+18,3
335,531913808.13790077,3,0.0,4767497.831743297,24125647752,98.96062789788733,310.91109589927606,3,4.704182875628401e+20,52281051.178784385,180944580104321.94,5883969.171277531,2.3522723823943048e+20,8451399.802712616,3.967215889133513e-09,0,5,1,0.0,3.10358004147338e+18,3
336,535027940.0752375,3,0.0,4757893.416869063,24325619813,73.38021319656387,300.6839199893534,4,4.7802705106865986e+20,52599210.015266724,184907067340676.94,6097286.5583163,2.39032016241064e+20,8500064.09939725,1.7771526472643018e-09,0,5,1,0.0,3.1358325306363827e+18,3
337,538142072.0125742,3,0.0,4758959.069284614,24522477740,99.9966129928338,312.76610381098686,3,4.856835860548797e+20,52724081.13767353,183488146554435.38,5883969.171277531,2.428601418420953e+20,8500184.643357199,1.6316334949806333e-09,0,5,1,0.0,3.1683977014374554e+18,3
338,520416651.3366028,3,0.0,4757282.167160983,24737061090,94.18846945344326,301.01590658767304,4,4.934176265982686e+20,53009695.37276057,185301702470055.75,6028046.633800787,2.4672734346938132e+20,8500071.399544414,1.8790160538628697e-09,0,5,1,0.0,3.183008265287711e+18,3
339,493361686.10049874,3,0.0,4775900.793979867,24978699403,69.96149486492257,300.4636266901258,3,5.0124201597543757e+20,52573746.61977338,181796597627707.84,5814729.246762019,2.5063918764748154e+20,8500071.399544414,1.864464138634503e-09,0,5,1,0.0,3.1937158525925617e+18,3
340,550204711.7554927,3,0.0,4808084.867684439,25163494691,88.08626719025172,307.57819622210263,4,5.090699348763427e+20,52433783.12460782,187754322475774.4,6075166.320296562,2.545537428704189e+20,8500071.399544414,1.748048816807568e-09,0,5,1,0.0,3.2568900410448916e+18,3
341,550204711.7554927,3,0.0,4795455.108897208,25348289980,113.17111350131056,301.7967207652872,3,5.169586075841479e+20,52767815.06256393,182735349664004.12,5861848.933257794,2.5849757732704036e+20,8500071.399544414,1.7935235518962145e-09,0,5,1,0.0,3.281119296437481e+18,3
342,543804852.9456272,3,0.0,4807041.842195405,25539485127,104.03011226568866,311.6846167475199,4,5.249148160353052e+20,52406707.23425989,187140121610846.03,6097286.558316301,2.624761220298137e+20,8500071.399544414,1.8480932340025902e-09,0,5,1,0.0,3.2997181437211397e+18,3
343,550204711.7554927,3,0.0,4812304.373752362,25724280415,113.79848194948924,302.05141375232034,3,5.329249799586562e+20,52881700.30752694,182328400853495.2,5883969.171277532,2.6648072281941344e+20,8500071.399544414,2.2591848392039537e-09,0,5,1,0.0,3.3287947688010936e+18,3
344,538142072.0125742,3,0.0,4841881.706284869,25921138343,84.64968375536702,325.5051956776217,3,5.4100884137034154e+20,52598140.24545034,187176088756832.84,6097286.558316301,2.7052313829404646e+20,8500071.399544414,1.8062564777210355e-09,0,5,1,0.0,3.343762800265197e+18,3
345,550204711.7554927,3,0.0,4824198.9028737275,26105933631,88.43631604588647,302.3902407848729,4,5.4914048199958607e+20,53482822.532697015,184840380193253.22,5883969.171277532,2.7458872503781235e+20,8500108.825936936,1.6916601452976465e-09,0,5,1,0.0,3.3771422860688384e+18,3
346,538142072.0125742,3,0.0,4832080.554658422,26302791559,98.50223453769455,300.71655185844435,3,5.573460493159071e+20,53283818.290590666,188102037010079.44,6097286.558316301,2.7869183486165457e+20,8500108.826073514,2.5193003239110112e-09,0,5,1,0.0,3.3919792364570015e+18,3
347,546734433.3892338,3,0.0,4812879.635083244,26491057126,93.73947420125782,302.86313672372984,4,5.656030017053664e+20,53641799.48585853,185686574852026.38,5883969.171277532,2.828200695101684e+20,8500106.68045391,2.94130586553365e-09,0,5,1,0.0,3.4232040587338225e+18,3
348,538141861.3992528,3,0.0,4837356.465066206,26687915264,81.67636495710389,305.1858401544298,3,5.7393035071731257e+20,53294021.799164884,190351354229118.16,6097286.558316301,2.869842104940792e+20,8500106.68045391,2.142769517377019e-09,0,5,1,0.0,3.440654801158446e+18,3
349,538141861.3992528,3,0.0,4822154.656005559,26884773402,87.37817986558647,303.56930114053813,3,5.82318682745196e+20,53961945.70216629,187295605418156.16,5883969.171277532,2.9117807093313982e+20,8500106.68045391,2.142769517377019e-09,0,5,1,0.0,3.466085363444204e+18,3
350,538141861.3992528,3,0.0,4848126.867664957,27081631541,81.59519221820138,306.8279019938166,3,5.907679977890168e+20,53717310.74890871,191728923742878.78,6097286.558316301,2.954031717868827e+20,8500106.68045391,3.406967152841389e-09,0,5,1,0.0,3.490244443531765e+18,3
351,538141861.3992528,3,0.0,4820724.672339149,27278489680,126.07690999451457,300.44673041717493,3,5.992782958487752e+20,54338176.48921372,185094970714943.5,5883969.171277532,2.996576574214591e+20,8500106.68045391,2.4756445782259107e-09,0,5,1,0.0,3.515609617765822e+18,3
352,538141861.3992528,3,0.0,4833294.206366308,27475347819,98.56192123894674,309.9917108752939,3,6.078495769244706e+20,53533942.04003873,188557766302545.3,6097286.558316301,3.0394364423886556e+20,8469089.8663113,3.3487594919279218e-09,0,5,1,0.0,3.539826498711513e+18,3
353,543488573.9812262,3,0.0,4832865.373304317,27666859245,113.24718162266821,302.43269646301974,3,6.162176293972098e+20,53619514.22593011,183566866759317.0,5883969.171277532,3.081271713852808e+20,8573671.051089717,2.875822247005999e-09,0,5,1,0.0,3.698001534464879e+18,3
354,546594562.2825875,3,0.0,4856019.560656627,27855264683,83.02831445527718,326.8825398679506,3,6.244884986762442e+20,53480025.71868402,188763347284483.22,6097286.558316301,3.1226312567285055e+20,8456223.724493332,1.420630724169314e-09,0,5,1,0.0,3.800038663410229e+18,3
355,544353838.0019754,3,0.0,4859540.904438031,28045910844,98.66572305947078,302.9242665290683,3,6.329268181782663e+20,54200081.29220851,185660431866652.16,5883969.171277532,3.1648197513231984e+20,8456223.724493332,1.4497345546260476e-09,0,5,1,0.0,3.769374437026471e+18,3
356,544353838.0019754,3,0.0,4868843.168505369,28236557006,90.26334746558946,300.7789404555748,4,6.414218779148026e+20,53736740.085754156,187336196499415.94,6097286.558316301,3.2072967257705126e+20,8456223.724493332,1.457010512240231e-09,0,5,1,0.0,3.7941699307558917e+18,3
357,544353838.0019754,3,0.0,4866665.625044471,28427203168,98.7966806174661,308.07223168363,3,6.499736778858531e+20,54008680.563122995,186070879763916.8,5883969.171277532,3.2500544603090295e+20,8456223.724493332,1.5006662579253316e-09,0,5,1,0.0,3.8193034791782436e+18,3
358,544353712.9796767,3,0.0,4874518.187203525,28617849455,99.76616821446267,300.8161348276718,3,6.58582224477848e+20,53479833.54897544,186894598540628.1,6097286.558316301,3.29309801698778e+20,8456221.771019915,2.4901964934542775e-09,0,5,1,0.0,3.844253722501307e+18,3
359,544353587.9573781,3,0.0,4863350.195551738,28808495868,113.01225406389419,309.0445277669819,3,6.672475178165425e+20,54004666.49240384,183866406475851.72,5883969.171277532,3.336421455489188e+20,8456221.771019915,2.4028850020840764e-09,0,5,1,0.0,3.8693875819585946e+18,3
360,544353587.9573781,3,0.0,4864465.097496144,28999142280,77.48999279903224,300.69630847226745,4,6.759695515574252e+20,54350309.67854782,188254343380567.06,6097286.558316301,3.3800360121305065e+20,8380197.187954715,3.4797267289832234e-09,0,5,1,0.0,3.8941230179677947e+18,3
361,544353587.9573781,3,0.0,4841604.207138841,29189788691,85.82829324695705,310.2831247654195,3,6.847483257004964e+20,54650756.881651886,188908542732440.94,5883969.171277532,3.4239305370452145e+20,8380197.187954715,3.2978277886286378e-09,0,5,1,0.0,3.919412046656308e+18,3
362,544353587.9573781,3,0.0,4854724.777671451,29380435103,102.49133423789925,301.5964716199711,3,6.93583840245756e+20,54162931.69267778,188896111076366.44,6097286.558316301,3.468108097339856e+20,8380197.187954715,3.0067894840613008e-09,0,5,1,0.0,3.944441305606982e+18,3
363,544353587.9573781,3,0.0,4862660.983277444,29571081516,98.59190570850198,311.9147876441542,3,7.024760951932037e+20,54318611.97109206,188486837849571.44,5883969.171277532,3.512568962803868e+20,8380197.187954715,3.3487594919279218e-09,0,5,1,0.0,3.9695203765503836e+18,3
364,544353587.9573781,3,0.0,4854750.115057335,29761727928,76.84620516689877,300.73884537588873,4,7.114250905428402e+20,54480858.3772572,193852926986360.84,6097286.558316301,3.557319305641187e+20,8380197.187954715,3.0067894840613008e-09,0,5,1,0.0,3.994240940584443e+18,3
365,525646050.56503093,3,0.0,4875898.741781032,29971081877,100.4619690018572,309.3327033276397,3,7.204591742330198e+20,54384514.61175344,191136943664949.16,5883969.171277532,3.6024870081087635e+20,8380197.187954715,2.992237568832934e-09,0,5,1,0.0,4.0038068807623583e+18,3
366,544353587.9573781,3,0.0,4880843.619576409,30161728289,101.62062956225671,300.7722270262402,3,7.295220537775806e+20,54351533.92565656,191275340684025.88,6097286.558316301,3.6478015442285874e+20,8380197.187954715,3.0067894840613008e-09,0,5,1,0.0,4.046653783003139e+18,3
367,556416227.7002965,3,0.0,4881952.498004497,30340312061,118.05433308252887,314.23024488210933,4,7.386227945756257e+20,54485095.43328025,190505255349175.44,5883969.171277532,3.693304478133478e+20,8408859.791774048,2.9358488973230124e-09,0,5,1,0.0,4.0824959030300375e+18,3
368,500351508.01541984,3,0.0,4895532.50445625,30574960554,90.34305609525649,300.75889434564954,4,7.478546483336222e+20,53953272.65334965,190663309578558.66,5913312.853213802,3.7394639049776896e+20,8457222.113090945,3.3287506084889174e-09,0,5,1,0.0,4.06427280433146e+18,3
369,510570672.3072778,3,0.0,4905312.898877258,30799389881,69.99180878064371,300.5966530488677,3,7.571181950919944e+20,53735812.132664576,189174393636813.4,5705779.304863416,3.785780149853609e+20,8449975.434731249,2.9212969820946455e-09,0,5,1,0.0,4.1081659133731727e+18,3
370,564640355.4072701,3,0.0,4904886.0140198115,30969749526,115.36758013778687,308.94729135244114,3,7.663461847907589e+20,54034277.97641919,192612311047586.88,5972000.217086341,3.8319235362648424e+20,8449948.810060859,3.4287950256839395e-09,0,5,1,0.0,4.1873389942860457e+18,3
371,564640355.4072701,3,0.0,4897275.969440143,31140109170,112.86257404639397,300.62859368674225,3,7.756304189505546e+20,54202892.28757305,190021396820664.66,5764466.668735955,3.878342116149594e+20,8449948.810060859,3.457898856140673e-09,0,5,1,0.0,4.210548243216982e+18,3
372,563603775.6858041,3,0.0,4907847.719595558,31311505395,117.80865404329948,318.7763534532827,3,7.84972733979381e+20,54167229.40116134,193645381278509.75,6026638.441421905,3.9250573152781835e+20,8433752.251912953,3.1232048058882356e-09,0,5,1,0.0,4.2315129997674194e+18,3
373,562567195.9643382,3,0.0,4918206.98587376,31483938199,113.68269984962707,300.66414750657617,3,7.943731283561883e+20,54497401.75621118,191194564187128.53,5819104.893071518,3.9720568363451286e+20,8433752.251912953,3.130480763502419e-09,0,5,1,0.0,4.2538100650728525e+18,3
374,562567195.9643382,3,0.0,4933916.522412542,31656371003,110.10908689520497,300.8834774518382,5,8.038297651659614e+20,54689811.38292724,196637793507796.0,6077228.0821720045,4.019345463623315e+20,8433750.028106904,3.0195224098861217e-09,0,5,1,0.0,4.276034781737976e+18,3
375,562567195.9643382,3,0.0,4943185.309747242,31828803806,118.41483223171053,300.9334075146112,4,8.133426444087004e+20,54865109.535533234,194546173560946.88,5869695.089773131,4.0669077682170626e+20,8433750.028106904,3.0195224098861217e-09,0,5,1,0.0,4.2995077449379425e+18,3
376,549905952.4881122,3,0.0,4931287.501118299,32013897853,136.8025062204261,304.89681390823256,5,8.232024967624142e+20,55041477.334758125,195431202459811.4,6097286.558316301,4.1162079150145307e+20,8358044.981020138,2.000888343900442e-09,0,5,1,0.0,4.175028620895402e+18,3
377,545154401.3792696,3,0.0,4958173.801604779,32203743453,102.14830878408667,300.7488598717228,4,8.334003482586675e+20,54750668.36058023,194044721986476.44,5889753.565917427,4.1671957860153236e+20,8358044.981020138,2.000888343900442e-09,0,5,1,0.0,4.05934780700452e+18,3
378,539925859.5816195,3,0.0,4981081.736421332,32398817593,113.87094077094154,306.07409835123843,3,8.436708603861923e+20,54158659.80973001,197330800749339.6,6097286.558316301,4.218551632731711e+20,8358044.981020138,1.9936123862862587e-09,0,5,1,0.0,4.0767946854354473e+18,3
379,540429761.2622013,3,0.0,4999927.461400115,32593387832,99.67081859069623,300.96181970296516,3,8.539753548991391e+20,54023705.602131814,192113744908263.8,5889753.565917427,4.270068888240604e+20,8365918.444779229,3.0195224098861217e-09,0,5,1,0.0,4.1161990262600433e+18,3
380,540933662.9427831,3,0.0,5024653.770510193,32787454168,98.954140855351,308.1245200874903,3,8.64313297165899e+20,53665807.71887182,196646374392666.47,6097286.558316301,4.3217631322038875e+20,8365918.444779229,3.0704541131854057e-09,0,5,1,0.0,4.1539531763508004e+18,3
381,540933662.9427831,3,0.0,5038800.429929206,32981520506,99.02328006222851,301.047632990761,3,8.747138313754166e+20,53757309.43302671,191920244838849.88,5889753.565917427,4.373761077121922e+20,8365918.444779229,3.026798367500305e-09,0,5,1,0.0,4.178649987407857e+18,3
382,540930037.9944446,3,0.0,5067736.415151659,33175590468,82.19127622691924,312.26468694929963,3,8.851769645929772e+20,53733791.859294996,197859338005826.88,6097286.558316301,4.426082682302892e+20,8365861.80496144,3.041350282728672e-09,0,5,1,0.0,4.2016367198791076e+18,3
383,540926413.0461061,3,0.0,5059954.4471538095,33369664055,113.17107672972436,301.15025875900176,3,8.957026971175677e+20,54067782.13479098,192321072194622.78,5889767.725871874,4.478705806660033e+20,8365861.80496144,3.534296411089599e-09,0,5,1,0.0,4.226287013709737e+18,3
384,540863831.5879562,3,0.0,5094872.438023269,33563800224,73.39843979993023,325.0090014218897,4,9.062911474055488e+20,53448595.82198956,195605335596723.3,6097042.099495402,4.531651342363341e+20,8365644.945859695,2.6047928258776665e-09,0,5,1,0.0,4.249680704454997e+18,3
385,540926413.0461061,3,0.0,5084127.954375989,33757873811,125.34121411478469,301.2751744062107,3,9.169420663339886e+20,54076142.009054676,191694392144986.25,5889523.267050975,4.5849020260620875e+20,8365644.945859695,2.6047928258776665e-09,0,5,1,0.0,4.2737334942206254e+18,3
386,540988994.5042561,3,0.0,5130129.89426535,33951884816,63.81595176247592,300.681315119824,3,9.276554487397815e+20,53178399.21882726,194757877597143.25,6097286.5583163,4.638472001576505e+20,8365644.945859695,2.5756889954209328e-09,0,5,1,0.0,4.297556712633999e+18,3
387,540926413.0461061,3,0.0,5154329.749625784,34145958403,99.05011890100772,307.549063032901,3,9.384315506300005e+20,53910290.44046394,192603389951847.16,5889767.725871873,4.692350356539954e+20,8365644.945859695,2.61206878349185e-09,0,5,1,0.0,4.3214968600059837e+18,3
388,540926413.0461061,3,0.0,5151621.268553393,34340031990,73.46001643490054,300.68482325998497,4,9.492702448616265e+20,54124279.13446961,198018495127368.3,6097286.5583163,4.74654924280326e+20,8365644.945859695,3.1268427846953273e-09,0,5,1,0.0,4.344835981436399e+18,3
389,540926413.0461061,3,0.0,5157692.155955303,34534105576,99.99495920674529,308.0033333550552,3,9.601715314346592e+20,54264309.73078505,196132208563084.12,5889767.725871873,4.801053789381859e+20,8365644.945859695,2.6338966563344e-09,0,5,1,0.0,4.369146921935374e+18,3
390,533183148.32156944,3,0.0,5158906.648720838,34735922428,81.97062101003283,300.68127524866327,5,9.711522660786779e+20,54587279.99480701,201090333249983.12,6067039.430486078,4.8559624207266395e+20,8365644.945859695,2.6047928258776665e-09,0,5,1,0.0,4.38335028244885e+18,3
391,498246007.5658451,3,0.0,5185888.754129101,34972676420,99.59799566776809,301.89137095932796,3,9.822751838832515e+20,54227149.58940064,195499993811923.1,5859520.598041652,4.9115714194100696e+20,8365644.945859695,2.5684130378067493e-09,0,5,1,0.0,4.3663333755855534e+18,3
392,548669677.7706428,3,0.0,5216248.534911363,35159006743,88.51755228099425,305.452603052521,4,9.933476915759415e+20,54611291.41508327,202107854543918.12,6097286.5583163,4.9669405657342516e+20,8365644.945859695,2.5756889954209328e-09,0,5,1,0.0,4.4552171572951685e+18,3
393,554919003.1773249,3,0.0,5190660.980237299,35339087740,127.15880350590926,302.2648320494399,3,1.0044649859364892e+21,54961372.153026104,196456533498949.84,5889767.725871873,5.022521386215945e+20,8381805.100217959,2.2246240405365825e-09,0,5,1,0.0,4.4885531479817257e+18,3
394,542994912.8039639,3,0.0,5216717.658235632,35531092828,83.16592279595166,307.04973280399616,3,1.0156691925758787e+21,54554541.77650226,202321983791751.7,6097286.5583163,5.078548284863185e+20,8381805.100217959,1.6443664208054543e-09,0,5,1,0.0,4.4965425981012987e+18,3
395,556133154.1979132,3,0.0,5204409.729416517,35709959673,116.46900966352253,302.8291336799308,4,1.0269067437836882e+21,55270289.03374814,197780292854640.0,5874140.7016387535,5.134731499211296e+20,8447124.152488867,2.029992174357176e-09,0,5,1,0.0,4.536811784562361e+18,3
396,549840238.0815331,3,0.0,5220310.687873758,35895119435,82.80965747049953,309.97008450197274,3,1.0382229156003968e+21,55128498.09343223,203851427167168.03,6097286.5583163,5.191318429429151e+20,8449162.381262219,2.979504643008113e-09,0,5,1,0.0,4.549300502693934e+18,3
397,556324958.2001917,3,0.0,5219595.7025224725,36073794476,106.85720834351235,303.75223917904844,4,1.049586065277955e+21,55995035.018606834,200735713445632.4,5874140.7016387535,5.2481310621032206e+20,8449162.381262219,2.9831426218152046e-09,0,5,1,0.0,4.581300896015036e+18,3
398,549846189.5118426,3,0.0,5207917.009138737,36258948287,114.09361353068232,317.02105714333607,3,1.0610266659753981e+21,55841364.32105729,204505822028730.3,6097286.5583163,5.3053378356990194e+20,8449161.9473801,3.5797711461782455e-09,0,5,1,0.0,4.594372544691726e+18,3
399,557640119.2549684,3,0.0,5204384.502425217,36436308168,102.59180908611864,300.3924021907647,4,1.072428407031207e+21,56004944.14700654,203012663982202.06,5874140.7016387535,5.3623450478200173e+20,8469711.338860987,3.41970007866621e-09,0,5,1,0.0,4.669320832473435e+18,3
400,442476511.62139606,3,0.0,5226589.634080655,36238831656,105.13296304164653,382.8904602821199,4,1.0700417120099636e+21,55635152.05659367,203478789308895.06,6097286.5583163,5.350412038839127e+20,8469711.338860987,3.4160620998591185e-09,0,5,1,0.0,4.664939489033737e+18,3
401,448955280.30974513,3,0.0,5238465.234861034,36034876376,106.4268040219048,300.4220813145898,4,1.0676728998295338e+21,55424943.78905571,200487656410982.25,5874140.7016387535,5.33856498680408e+20,8458345.496157706,4.398316377773881e-09,0,5,1,0.0,4.64668544820507e+18,3
402,442476511.62139606,3,0.0,5252018.502238657,35837399864,98.7541813466083,300.9104116611358,3,1.0653495627837361e+21,55138812.45095117,202168585568829.97,6097286.5583163,5.3269499825042496e+20,8458345.496157706,4.3910404201596975e-09,0,5,1,0.0,4.612062305952483e+18,3
403,445667664.72648,3,0.0,5271361.227678467,35636732199,103.58477279171937,300.4391494217544,4,1.0630446350040254e+21,54667169.03045238,199148314333214.4,5874140.7016387535,5.31542232333446e+20,8504162.311846584,5.264155333861709e-09,0,5,1,0.0,4.5933071834317757e+18,3
404,447724408.446355,3,0.0,5277637.4226508215,35434007791,113.57916468380756,306.04677282379237,3,1.0607617544559163e+21,54465920.24777898,198797832678850.7,6097286.5583163,5.3040075701122603e+20,8504161.393840548,6.5083440858870745e-09,0,5,1,0.0,4.5715811490801423e+18,3
405,447724408.446355,3,0.0,5287961.742552901,35231283383,71.72417011975344,300.45873202977924,4,1.0585121614757296e+21,54120044.77694753,198795712530725.8,5900162.445144136,5.292759603091179e+20,8504161.393840548,6.515620043501258e-09,0,5,1,0.0,4.5446033610713395e+18,3
406,446804724.60616875,3,0.0,5306535.13747954,35029478658,99.59848543810782,308.2996446650924,3,1.0563555190092096e+21,53629992.20000908,200460604172764.9,6097286.5583163,5.2819780556502204e+20,8489791.333837636,5.09680830873549e-09,0,5,1,0.0,4.4869296269561984e+18,3
407,445885040.7659824,3,0.0,5325407.908656243,34828593617,99.2588294342843,300.4801426114403,3,1.054291686985505e+21,53168081.64397769,198567280092886.1,5950682.397660037,5.271657002207618e+20,8489791.333837636,5.09680830873549e-09,0,5,1,0.0,4.430185894272433e+18,3
408,445885040.7659824,3,0.0,5352442.238405694,34627708576,100.0869932998705,312.9210722368308,3,1.0522609557685885e+21,52668339.036680356,200874359833990.97,6097286.5583163,5.261505653202776e+20,8583607.442456592,4.456524038687348e-09,0,5,1,0.0,4.402655001779671e+18,3
409,445885040.7659824,3,0.0,5379476.568155145,34426823536,99.03082080572615,300.5036496510228,3,1.0502633253584604e+21,52571517.72080056,198612971094360.3,5937741.686948997,5.2515152397633965e+20,8583607.442456592,4.398316377773881e-09,0,5,1,0.0,4.376066966352239e+18,3
410,445885040.7659824,3,0.0,5400955.342349041,34225938495,101.1850546583909,329.1555135371037,3,1.04829879575512e+21,52624572.56705783,201285491803212.9,6097286.5583163,5.241695264267403e+20,8583607.442456592,4.398316377773881e-09,0,5,1,0.0,4.3484865865637166e+18,3
411,445885040.7659824,3,0.0,5422424.605704774,34025053454,98.8562803468372,300.52957691777976,3,1.0463673669585682e+21,52677884.20594546,199244724204769.22,5924800.976237957,5.232036079517046e+20,8583265.052282773,4.572939360514283e-09,0,5,1,0.0,4.321895839360758e+18,3
412,445885040.7659824,3,0.0,5443893.869060508,33824168413,98.89589541673405,301.03871643746413,3,1.0444690389688041e+21,52731195.84483309,202651822082760.75,6097286.5583163,5.222547846666103e+20,8583265.052282773,4.602043190971017e-09,0,5,1,0.0,4.294303900526267e+18,3
413,445816925.21560913,3,0.0,5465355.741406003,33623351488,98.71942348002761,300.5583184682448,3,1.0426038298791998e+21,52702666.38206308,201127794103357.03,5911860.265526918,5.213220277190102e+20,8582200.74680819,3.2014213502407074e-09,0,5,1,0.0,4.2676818393651507e+18,3
414,445748809.6652359,3,0.0,5480013.132320609,33422602679,113.4935896238823,305.22999690912644,3,1.0407717093718384e+21,52930720.90223237,201984377378247.88,6097286.5583163,5.2040605312365704e+20,8582200.74680819,3.1141098588705063e-09,0,5,1,0.0,4.2401852716247593e+18,3
415,430367781.95695496,2,0.0,5506901.872066937,33237234897,63.432217645422206,300.5903588141905,2,1.038972412671363e+21,52796104.42925144,201474926045544.3,5898919.554815878,5.1950635382828604e+20,8582200.74680819,3.2014213502407074e-09,0,5,1,0.0,4.2121325120013184e+18,2
416,371634362.1470789,2,0.0,5558067.269716857,33110600534,91.15278201993488,306.75171241092744,2,1.0371986400657273e+21,51983949.81257542,195596062756855.28,5651526.997698499,5.186188796391393e+20,8582200.74680819,3.1141098588705063e-09,0,5,1,0.0,4.1858177636997704e+18,2
417,371634362.1470789,2,0.0,5605590.933826444,32983966173,89.23799648061468,300.6263004576624,2,1.0354469419403292e+21,51447158.37058241,191786063328889.53,5885978.844104839,5.177426495764975e+20,8582200.74680819,3.14321368932724e-09,0,5,1,0.0,4.1670723480158684e+18,2
418,371634362.1470789,2,0.0,5637695.546586997,32857331810,64.56901543986287,303.7039016031465,2,1.0337173182951684e+21,51325367.3848368,187891638945990.12,5582301.128189405,5.1687744831147875e+20,8582200.74680819,3.2014213502407074e-09,0,5,1,0.0,4.148667906705227e+18,2
419,371634362.1470789,2,0.0,5683305.550091012,32730697448,89.66281892476322,300.66690213622593,2,1.0320097691302451e+21,50361135.237700276,184458239413935.78,5873036.680706941,5.1602333038906396e+20,8582206.557555623,2.9103830456733704e-09,0,5,1,0.0,4.129891235542874e+18,2
420,371634362.1470789,2,0.0,5750982.62918169,32604063086,71.85346720325992,304.40739401199045,2,1.030324294445559e+21,48998613.512736104,182077769650372.6,6163772.233224476,5.151803549997446e+20,8582206.557555623,2.0227162167429924e-09,0,5,1,0.0,4.1114429095986335e+18,2
421,371634362.1470789,2,0.0,5802148.18824126,32477428723,89.08504179179461,300.4220655585986,2,1.0286608942411106e+21,48175630.90935217,172536958870746.47,5860093.064622185,5.1434770081644236e+20,8582206.557555623,2.066371962428093e-09,0,5,1,0.0,4.093403716043125e+18,2
422,371634362.1470789,2,0.0,5834254.545160489,32350794362,69.98476248230199,302.86724830262835,3,1.0270195685168994e+21,47853808.52875038,169469282493649.66,5556413.896019895,5.1352673118669904e+20,8582263.536520552,1.760781742632389e-09,0,5,1,0.0,4.074362829141439e+18,2
423,371634362.1470789,2,0.0,5884206.409191308,32224159999,72.43701185660203,300.62411725635576,2,1.0254003172729257e+21,46695133.17101157,167762846260189.28,5847149.44853743,5.1271693492108886e+20,8582263.536520552,1.6880221664905548e-09,0,5,1,0.0,4.055566687197285e+18,2
424,371634362.1470789,2,0.0,5939713.828777682,32097525638,72.16294657306321,300.8603707094323,2,1.0238031405091893e+21,46079726.84260548,164354579696857.3,5543470.279935139,5.119180057125643e+20,8582263.536520552,1.6880221664905548e-09,0,5,1,0.0,4.037158216852347e+18,2
425,370224559.0495689,1,0.0,5958622.797655962,31972301078,76.5968919208583,301.75241389702313,2,1.0222280362381456e+21,46530666.681477904,162880384038459.1,5828698.7891030265,5.1113030615747664e+20,8582263.536520552,1.7171259969472885e-09,0,5,1,0.0,4.0181850859224315e+18,1
426,269464193.5404033,1,0.0,6029543.2285573995,31947836885,54.63608695615341,301.6877168674924,1,1.0206642816118907e+21,44686443.58774684,153176403610662.56,5525019.620500736,5.1034745844630644e+20,8582263.536520552,1.7171259969472885e-09,0,5,1,0.0,3.9959887373028234e+18,1
427,269464193.5404033,1,0.0,6099248.3816810595,31923372691,34.986915684467284,300.3604918690129,1,1.0191017239791666e+21,42421007.13560891,144242345667248.4,5221340.451898445,5.095652862241501e+20,8582263.536520552,1.7462298274040222e-09,0,5,1,0.0,3.993046799806609e+18,1
428,269464193.5404033,1,0.0,6172562.930805197,31898908498,79.82826597196238,301.3997927967211,1,1.0175403633399742e+21,40504211.84173792,134477459666293.0,5235027.428646389,5.087836294159537e+20,8582263.536520552,1.7316779121756554e-09,0,5,1,0.0,3.989914161782326e+18,1
429,269464193.5404033,1,0.0,6250217.757707113,31874444304,61.32045390287427,300.3781175784354,1,1.0159801996943124e+21,38504988.36283824,125322814991817.42,4991933.300637789,5.080026321286554e+20,8582263.536520552,2.1827872842550278e-09,0,5,1,0.0,3.986977870259546e+18,1
430,269464193.5404033,1,0.0,6310027.0774974385,31849980111,52.940716969867495,301.19579113201456,1,1.0144212330421822e+21,36990546.81887697,118559333701281.2,5235027.428646389,5.0722247245446126e+20,8582263.536520552,1.760781742632389e-09,0,5,1,0.0,3.9838993134760294e+18,1
431,269464193.5404033,1,0.0,6370738.287569918,31825515917,53.0691219151488,301.1653090580651,1,1.0128634633835829e+21,35286237.850296214,112087999828003.6,4991933.300637789,5.064429404917742e+20,8582263.536520552,1.7316779121756554e-09,0,5,1,0.0,3.9809261560539904e+18,1
432,269464193.5404033,1,0.0,6446134.9466860425,31801051723,60.50431035189468,301.1363423998121,1,1.0113068907185149e+21,33505131.997980706,105430627894381.27,5235027.428646389,5.056639884220469e+20,8582263.536520552,2.1100277081131935e-09,0,5,1,0.0,3.977853778459391e+18,1
433,269464193.5404033,1,0.0,6517106.689113099,31776587530,60.485001727564956,301.108780889933,1,1.009751515046978e+21,31811839.39345631,99208788732180.89,4991933.300637789,5.048856784023622e+20,8509964.745151995,2.1973391994833946e-09,0,5,1,0.0,3.9748790883454464e+18,1
434,269464193.5404033,1,0.0,6573301.514344633,31752123336,33.3297298280548,300.3349291119496,1,1.0081973363689723e+21,30488756.523735996,95412415073040.98,5235027.428646389,5.0410820942599343e+20,8523590.866025291,1.8189894035458565e-09,0,5,1,0.0,3.9718390510099686e+18,1
435,269464193.5404033,1,0.0,6632306.804094112,31727659143,32.90754274509206,300.9767852853664,1,1.0066443546844977e+21,29359687.25273986,91534603354475.8,4991933.300637789,5.033313308025843e+20,8523590.866025291,1.760781742632389e-09,0,5,1,0.0,3.9688704123519565e+18,1
436,269464193.5404033,1,0.0,6691367.549983097,31703194949,33.0418465779471,300.9563507681604,1,1.0050925699935544e+21,28539229.48682964,88685650816387.06,5235027.428646389,5.0255515356185887e+20,8523590.866025291,1.760781742632389e-09,0,5,1,0.0,3.9657681011690363e+18,1
437,269464193.5404033,1,0.0,6723224.95902916,31678730756,25.426930543098266,300.9367537182658,1,1.003541982296142e+21,28046944.529525593,85484276160327.7,4991933.300637789,5.01779539575687e+20,8523590.866025291,1.7316779121756554e-09,0,5,1,0.0,3.962818901327164e+18,1
438,269464193.5404033,1,0.0,6786401.365099674,31654266562,38.69654506804748,300.38604819630706,1,1.0019925915922612e+21,26688614.99801748,82149021996619.64,5235027.428646389,5.0100451069833026e+20,8425520.958355382,3.892637323588133e-09,0,5,1,0.0,3.959710840096548e+18,1
439,271068406.98653144,1,0.0,6836122.635161801,31628198155,10.644312138188797,120.0,1,1.0003429185468954e+21,25834083.23103725,80360320648139.45,4985666.841863851,5.001794953055125e+20,8450586.793451134,5.537003744393587e-09,0,5,1,0.0,4.0076879618638587e+18,1
440,272672620.43265957,1,0.0,6854619.291746008,31600525535,25.42431107576465,300.77555966668257,1,9.985932140757794e+20,25459056.93764328,78830865361355.53,5235027.428646389,4.993044901244258e+20,8450586.793451134,5.5442797020077705e-09,0,5,1,0.0,4.0552493041062523e+18,1
441,272672620.43265957,1,0.0,6893843.68825525,31572852914,32.87096723798829,300.7626215123038,1,9.968450411525067e+20,24536622.255758807,77010871799688.95,4985666.841863851,4.984302216634333e+20,8450586.793451134,5.5442797020077705e-09,0,5,1,0.0,4.0517802813139604e+18,1
442,270256487.9940407,1,0.0,6937453.611657593,31547596426,10.998796136255871,120.0,1,9.952508402815536e+20,23766485.774701178,76796599641655.02,5235027.428646389,4.9763309980074095e+20,8412834.724097716,3.8344296626746655e-09,0,5,1,0.0,3.9716939696909686e+18,1
443,268006180.94054115,1,0.0,6938123.087631656,31524590245,6.798108008837332,120.0,1,9.937997901426663e+20,23777552.510219406,75948771906481.48,4994457.103791584,4.969074899485238e+20,8418631.525437862,2.08092387765646e-09,0,5,1,0.0,3.897431845357127e+18,1
444,268172006.3256604,1,0.0,6990694.242327637,31501418239,38.70050386512038,300.3390083538763,1,9.923393510753812e+20,22408613.643876683,73897366468054.2,5235027.428646389,4.961770652743374e+20,8418631.525437862,2.0881998352706432e-09,0,5,1,0.0,3.899761930296895e+18,1
445,268172006.3256604,1,0.0,7011650.709754457,31478246233,8.26580238974798,120.0,1,9.908799858918505e+20,22133165.679733884,73668647520862.36,4994457.103791584,4.954473598106773e+20,8385171.992559612,2.1827872842550278e-09,0,5,1,0.0,3.8969828480067267e+18,1
446,268172006.3256604,1,0.0,7050006.759583384,31455074226,10.823260791764511,120.0,1,9.89421694592074e+20,21524375.609779827,73760796394276.52,5235027.428646389,4.947182233756764e+20,8385134.56616709,3.470631781965494e-09,0,5,1,0.0,3.894110886542536e+18,1
447,268172006.3256604,1,0.0,7084060.7255171025,31431902220,32.87857545045105,300.5455116419088,1,9.879644771760522e+20,21101491.57582952,73047694217377.44,4994457.103791584,4.939895433574478e+20,8385134.56616709,2.975866664201021e-09,0,5,1,0.0,3.8912955272581816e+18,1
448,268172006.3256604,1,0.0,7112596.056648422,31408730214,32.945808368556364,300.53907877863514,1,9.865083336437843e+20,20765581.450706713,72921330035672.61,5235027.428646389,4.932614589548957e+20,8385134.56616709,3.4415279515087605e-09,0,5,1,0.0,3.8883995610738427e+18,1
449,268172006.3256604,1,0.0,7128146.244507786,31385558207,8.170952598070214,120.0,1,9.850532639952709e+20,20825357.895282064,73001698754982.02,4994457.103791584,4.9253393216751095e+20,8385134.56616709,2.9467628337442875e-09,0,5,1,0.0,3.885615749256159e+18,1
450,268172006.3256604,1,0.0,7163345.950807312,31362386201,38.65580745250858,300.31160321646234,1,9.835992682305116e+20,20304525.417391226,71738641909329.88,5235027.428646389,4.918068079794467e+20,8385134.56616709,2.9467628337442875e-09,0,5,1,0.0,3.882696161890033e+18,1
451,268172006.3256604,1,0.0,7192084.226226106,31339214195,10.663285176410833,120.0,1,9.821463463495067e+20,20311241.489254527,71829333511877.36,4994457.103791584,4.9108035610810456e+20,8397378.966758145,3.739842213690281e-09,0,5,1,0.0,3.8799089002032364e+18,1
452,268172006.3256604,1,0.0,7230991.292463291,31316042189,10.897380155557103,120.0,1,9.806944983522561e+20,20299576.729896046,72453531162499.47,5235027.428646389,4.903544945292443e+20,8397378.966758145,2.8994691092520952e-09,0,5,1,0.0,3.8770163121050747e+18,1
453,268172006.3256604,1,0.0,7247012.856110726,31292870182,8.09806221061224,120.0,1,9.792437242387599e+20,20435105.00198956,72534233459229.02,4994457.103791584,4.8962911554272585e+20,8397378.966758145,2.8994691092520952e-09,0,5,1,0.0,3.87422176751755e+18,1
454,268172006.3256604,1,0.0,7288235.118635561,31269698176,38.666138964383315,300.305937715628,1,9.77794024009018e+20,19934415.37397322,71382088551763.58,5235027.428646389,4.8890415021336415e+20,8397378.966758145,2.8994691092520952e-09,0,5,1,0.0,3.871289562982025e+18,1
455,268172006.3256604,1,0.0,7323968.351504336,31246526170,10.640127294376276,120.0,1,9.763453976630303e+20,19941131.44583652,71529036284268.86,4994457.103791584,4.881798517351436e+20,8397378.966758145,2.8994691092520952e-09,0,5,1,0.0,3.868511354323567e+18,1
456,268172006.3256604,1,0.0,7362993.978586595,31223354163,10.955706119821476,120.0,1,9.74897845200797e+20,19929466.68647804,72334910988860.88,5235027.428646389,4.874561560914974e+20,8397378.966758145,2.8994691092520952e-09,0,5,1,0.0,3.865606113619742e+18,1
457,268172006.3256604,1,0.0,7383442.950342815,31200182157,8.042175764998381,120.0,1,9.73451366622318e+20,20064994.95857155,72431139081520.69,4994457.103791584,4.8673292642506716e+20,8397378.966758145,3.2778189051896334e-09,0,5,1,0.0,3.8628283552306243e+18,1
458,268172006.3256604,1,0.0,7420618.479208741,31177010151,38.67866033478367,300.30250786008327,1,9.720059619275933e+20,19602235.187467698,71467846312824.4,5235027.428646389,4.8601012774842794e+20,8346805.824208164,2.0991137716919184e-09,0,5,1,0.0,3.8598832544789156e+18,1
459,268172006.3256604,1,0.0,7431766.555528971,31153838144,8.064503897230825,120.0,1,9.70561631116623e+20,19803131.116243485,71857800675873.69,4994457.103791584,4.852880013383791e+20,8346805.824208164,2.0991137716919184e-09,0,5,1,0.0,3.8571136551409234e+18,1
460,268172006.3256604,1,0.0,7452824.2321491195,31130666138,10.798356242777587,120.0,1,9.691183741894071e+20,19739198.59553987,72544528797561.61,5235027.428646389,4.845664415475833e+20,8346805.824208164,2.0991137716919184e-09,0,5,1,0.0,3.854215060699047e+18,1
461,268172006.3256604,1,0.0,7458963.708273967,31107494132,8.092082672728768,120.0,1,9.676761911459453e+20,19912656.724545866,72978336331573.2,4994457.103791584,4.8384539340660585e+20,8346805.824208164,2.0991137716919184e-09,0,5,1,0.0,3.8513952309930834e+18,1
462,268172006.3256604,1,0.0,7480068.115237244,31084322125,11.087681352046644,120.0,1,9.662350819862379e+20,19976844.01584243,73801835182472.84,5235027.428646389,4.831249211766372e+20,8346805.824208164,3.030436346307397e-09,0,5,1,0.0,3.848485484550006e+18,1
463,268172006.3256604,1,0.0,7497212.786337571,31061150119,32.76523141237674,300.28834298267583,1,9.647950467102848e+20,19932028.58863014,73530722572125.39,4994457.103791584,4.824048764273996e+20,8346805.824208164,2.055458026006818e-09,0,5,1,0.0,3.8456763804201795e+18,1
464,268172006.3256604,1,0.0,7529263.690536105,31037978113,60.26376813270758,300.31752112984157,1,9.633560853180859e+20,19537230.21113798,72168789339737.45,5235027.428646389,4.816852595379769e+20,8346805.824208164,2.055458026006818e-09,0,5,1,0.0,3.842766396778657e+18,1
465,268172006.3256604,1,0.0,7555988.067914128,31014806106,10.612403433240665,120.0,1,9.619181978096414e+20,19676102.583695482,72453688437808.08,4994457.103791584,4.809663442736645e+20,8346805.824208164,2.055458026006818e-09,0,5,1,0.0,3.8399903704220396e+18,1
466,268172006.3256604,1,0.0,7577757.757736255,30991634100,10.876538511574529,120.0,1,9.604813841849512e+20,19620473.149815947,73342777665704.45,5235027.428646389,4.802480263702422e+20,8349379.750503547,3.408786142244935e-09,0,5,1,0.0,3.8370831149532616e+18,1
467,268172006.3256604,1,0.0,7576120.85500235,30968462094,8.017387758223446,120.0,1,9.590456444440154e+20,19849480.109746356,73595937200547.98,4994457.103791584,4.7953018181572775e+20,8349379.750503547,3.408786142244935e-09,0,5,1,0.0,3.8342991867222963e+18,1
468,268172006.3256604,1,0.0,7600481.898781306,30945290087,38.659523312736866,300.3059237858571,1,9.576109785868338e+20,19479659.81927653,72721991734667.11,5235027.428646389,4.7881276149259036e+20,8427326.53968379,4.129105946049094e-09,0,5,1,0.0,3.8313470617712466e+18,1
469,268172006.3256604,1,0.0,7597512.1639967775,30922118081,8.04212647406289,120.0,1,9.561773866134066e+20,19773495.22868634,73184247728964.69,4994457.103791584,4.7809601173147615e+20,8427326.53968379,4.129105946049094e-09,0,5,1,0.0,3.8285737251843077e+18,1
470,268172006.3256604,1,0.0,7603809.040986614,30898946075,10.747693572662842,120.0,1,9.547448685237337e+20,19802402.883068807,73878001251007.83,5235027.428646389,4.7737982206199195e+20,8427525.150779672,5.940819391980767e-09,0,5,1,0.0,3.825676334835551e+18,1
471,268172006.3256604,1,0.0,7598317.291590063,30875774068,8.07116465042867,120.0,1,9.53313424317815e+20,20068701.187160887,74346247762096.03,4994457.103791584,4.7666414678368374e+20,8427525.150779672,3.3651303965598345e-09,0,5,1,0.0,3.822848268180974e+18,1
472,268172006.3256604,1,0.0,7604647.462612599,30852602062,10.980975646311727,120.0,1,9.518830539956507e+20,20178749.491252966,75144871478649.9,5235027.428646389,4.759490414849732e+20,8427525.150779672,3.3651303965598345e-09,0,5,1,0.0,3.81993942442917e+18,1
473,268172006.3256604,1,0.0,7606653.175225437,30829430056,32.7558009261904,300.28647852861087,1,9.504537575572409e+20,20132547.795345046,74894065753926.81,4994457.103791584,4.752343681851958e+20,8427525.150779672,3.3651303965598345e-09,0,5,1,0.0,3.8171236910035645e+18,1
474,268172006.3256604,1,0.0,7630501.792463132,30806258049,38.68551005862368,300.3076835340027,1,9.490255350025852e+20,19736363.149157252,73995539905806.73,5235027.428646389,4.745201670552832e+20,8427525.150779672,3.3651303965598345e-09,0,5,1,0.0,3.8142123484289224e+18,1
475,268172006.3256604,1,0.0,7628660.818624414,30783086043,8.050197387196695,120.0,1,9.475983863316839e+20,20030099.25301912,74451920007070.69,4994457.103791584,4.738066383578427e+20,8356711.760972304,4.8348738346248865e-09,0,5,1,0.0,3.8114373707291244e+18,1
476,268172006.3256604,1,0.0,7633773.0222323835,30759914037,10.81397428844422,120.0,1,9.461723115445368e+20,20059006.90740159,75187445639837.1,5235027.428646389,4.730936745168324e+20,8356711.760972304,4.8348738346248865e-09,0,5,1,0.0,3.8085351953147146e+18,1
477,268172006.3256604,1,0.0,7626906.260511392,30736742030,8.080720467539201,120.0,1,9.44747310641144e+20,20325305.211493667,75650127002523.81,4994457.103791584,4.7238122033327224e+20,8356711.760972304,4.8348738346248865e-09,0,5,1,0.0,3.805711921257463e+18,1
478,268172006.3256604,1,0.0,7633396.131378444,30713570024,11.127376651474544,120.0,1,9.433233836215056e+20,20435352.4978246,76490520342986.45,5235027.428646389,4.716693408627871e+20,8356713.796494598,4.427420208230615e-09,0,5,1,0.0,3.8027982510844436e+18,1
479,268172006.3256604,1,0.0,7635705.34933222,30690398018,32.76224966326693,300.28850629656483,1,9.419005304856216e+20,20389149.784155533,76225000762328.19,4994457.103791584,4.70957887742887e+20,8356713.796494598,4.427420208230615e-09,0,5,1,0.0,3.7999882605653816e+18,1
480,268172006.3256604,1,0.0,7656022.054081317,30667226011,60.26557154917489,300.31771917968445,1,9.404787512334917e+20,19992965.646848314,74858273243543.16,5235027.428646389,4.7024686144407024e+20,8356713.796494598,4.427420208230615e-09,0,5,1,0.0,3.797079460656737e+18,1
481,268172006.3256604,1,0.0,7676934.452041568,30644054005,10.613203687258114,120.0,1,9.390580458651162e+20,20130451.24182961,75153212846908.64,4994457.103791584,4.695365382538428e+20,8356713.796494598,4.427420208230615e-09,0,5,1,0.0,3.7943019854893445e+18,1
482,268172006.3256604,1,0.0,7689342.292234775,30620881999,10.898271259635424,120.0,1,9.37638414380495e+20,20053458.05467994,76063350187307.05,5235027.428646389,4.688268135252663e+20,8356713.796494598,4.5438355300575495e-09,0,5,1,0.0,3.791394046296196e+18,1
483,268172006.3256604,1,0.0,7692313.096930007,30597709992,8.006652278951366,120.0,1,9.362198567796281e+20,20240867.864611227,76226619381474.38,4994457.103791584,4.681175510517522e+20,8439707.449874664,4.3401087168604136e-09,0,5,1,0.0,3.788613933942542e+18,1
484,268172006.3256604,1,0.0,7718258.605720565,30574537986,38.665389542287855,300.30606877247106,1,9.348023730625156e+20,19829451.950784,75334487878654.3,5235027.428646389,4.6740871998004566e+20,8437039.053481981,4.143657861277461e-09,0,5,1,0.0,3.785659604783457e+18,1
485,268172006.3256604,1,0.0,7713153.671343669,30551365980,8.012930477836361,120.0,1,9.333859632291574e+20,20081690.719075266,75647843802130.89,4994457.103791584,4.667005463989589e+20,8437039.053481981,4.143657861277461e-09,0,5,1,0.0,3.782899110442696e+18,1
486,268172006.3256604,1,0.0,7721123.165790375,30528193973,10.761462172712603,120.0,1,9.319706272795537e+20,20093810.770172585,76422230845003.33,5235027.428646389,4.6599295586286135e+20,8387618.571149925,5.2787072490900755e-09,0,5,1,0.0,3.779987273821947e+18,1
487,268172006.3256604,1,0.0,7717342.238368021,30505021967,8.029550375230707,120.0,1,9.30556365213704e+20,20343321.47097951,76751336885325.8,4994457.103791584,4.6528585774054054e+20,8387618.571149925,5.2787072490900755e-09,0,5,1,0.0,3.77718111408857e+18,1
488,268172006.3256604,1,0.0,7725420.162398164,30481849961,11.011374061220641,120.0,1,9.291431770316087e+20,20436582.17178644,77648730586267.22,5235027.428646389,4.64579353388863e+20,8387618.571149925,5.2787072490900755e-09,0,5,1,0.0,3.77425035565544e+18,1
489,268172006.3256604,1,0.0,7716407.367702265,30458677954,8.047948299331992,120.0,1,9.277310627332678e+20,20680839.920160756,77903756101528.73,4994457.103791584,4.6387332174224405e+20,8398124.476015143,5.638867150992155e-09,0,5,1,0.0,3.7714599655405747e+18,1
490,268172006.3256604,1,0.0,7736114.797105649,30435505948,60.26494738797373,300.3078301938105,1,9.26320022318681e+20,20262617.26265807,76458906450745.52,5235027.428646389,4.631676570499856e+20,8480369.019906435,4.169123712927103e-09,0,5,1,0.0,3.768525389118845e+18,1
491,268172006.3256604,1,0.0,7755605.052684814,30412333942,10.605928301677897,120.0,1,9.249100557878487e+20,20378063.31968275,76722878820123.88,4994457.103791584,4.624627001818063e+20,8509986.718083158,3.6452547647058964e-09,0,5,1,0.0,3.765743790421918e+18,1
492,268172006.3256604,1,0.0,7769535.3521009935,30389161935,10.831801521223994,120.0,1,9.235011631407707e+20,20266071.06805707,77514566497511.4,5235027.428646389,4.617583330270351e+20,8509986.718083158,3.6452547647058964e-09,0,5,1,0.0,3.762846888440369e+18,1
493,266721817.31140953,1,0.0,7774693.367449079,30367440118,8.013276726578962,120.0,1,9.221814193304994e+20,20461608.565047942,77725810991304.0,5000121.904628501,4.610984822463488e+20,8487327.51473549,3.961758920922875e-09,0,5,1,0.0,3.7158543301778637e+18,1
494,265271628.29715872,1,0.0,7786805.666398538,30347168490,11.138907702339402,120.0,1,9.209506353525899e+20,20515627.498979643,78559023955235.52,5235027.428646389,4.6048317357869046e+20,8487327.53357772,3.448803909122944e-09,0,5,1,0.0,3.668944926830785e+18,1
495,265271628.29715872,1,0.0,7781598.891165559,30326896862,8.02494991903442,120.0,1,9.197206732525076e+20,20725896.43291134,78619938425192.77,5000121.904628501,4.5986819862009636e+20,8487327.53357772,3.448803909122944e-09,0,5,1,0.0,3.6665886729686973e+18,1
496,265271628.29715872,1,0.0,7801001.2631333005,30306625233,60.265772636119124,300.30912388735595,1,9.184915330302534e+20,20296344.044531748,77125731777772.2,5235027.428646389,4.592534790883045e+20,8486657.41954549,4.038156475871801e-09,0,5,1,0.0,3.664062039216849e+18,1
497,265271628.29715872,1,0.0,7801521.261086572,30286353605,8.037840348180694,120.0,1,9.172632146858266e+20,20534051.16733186,77371594718628.4,5000121.904628501,4.5863934450238515e+20,8486657.41954549,4.063622327521443e-09,0,5,1,0.0,3.661704255410726e+18,1
498,265271628.29715872,1,0.0,7816345.992022461,30266081977,10.720448533618317,120.0,1,9.160357182192276e+20,20388069.86169965,77846990010135.8,5235027.428646389,4.5802564380861484e+20,8486657.41954549,4.038156475871801e-09,0,5,1,0.0,3.659228998644719e+18,1
499,265271628.29715872,1,0.0,7811862.080876216,30245810348,8.05075525718355,120.0,1,9.148090436304562e+20,20572277.508031663,78124201061465.27,5000121.904628501,4.574123342353342e+20,8524849.928076481,4.994944902136922e-09,0,5,1,0.0,3.656819839501992e+18,1
500,265271628.29715872,1,0.0,7823617.353669789,30225538720,10.910109828067014,120.0,1,9.135831909195122e+20,20647963.100115553,78907307778664.1,5235027.428646389,4.5679948619053394e+20,8481516.132644277,4.765752237290144e-09,0,5,1,0.0,3.6543287745759667e+18,1
501,265271628.29715872,1,0.0,7815805.335387502,30205267092,8.065329192343196,120.0,1,9.123581600863962e+20,20879809.15890032,79287143862329.86,5000121.904628501,4.561870087575843e+20,8481695.199242521,5.027686711400747e-09,0,5,1,0.0,3.651934402245093e+18,1
502,265271628.29715872,1,0.0,7839411.768894234,30184995463,38.669859419827176,300.3081513056593,1,9.111339511311077e+20,20483378.056635186,78307738367325.66,5235027.428646389,4.555748063393906e+20,8481695.199242521,4.958565114066005e-09,0,5,1,0.0,3.649430095451116e+18,1
503,265271628.29715872,1,0.0,7853743.873832064,30164723835,10.637008007013408,120.0,1,9.099105640536467e+20,20586519.464300185,78683561332702.69,5000121.904628501,4.549631503829566e+20,8481695.199242521,4.889443516731262e-09,0,5,1,0.0,3.6470513928761405e+18,1
504,265271628.29715872,1,0.0,7861951.038365568,30144452207,10.957465009703634,120.0,1,9.086879988540135e+20,20592923.56117142,79599956742585.45,5235027.428646389,4.54351959422681e+20,8480457.026998037,5.311449058353901e-09,0,5,1,0.0,3.644568164147976e+18,1
505,265271628.29715872,1,0.0,7858861.195564204,30124180579,8.025278506235724,120.0,1,9.074662555322078e+20,20848127.40995531,79897375767082.53,5000121.904628501,4.537411175036806e+20,8434979.619244274,2.7721398510038853e-09,0,5,1,0.0,3.642200702801892e+18,1
506,265271628.29715872,1,0.0,7880860.576684954,30103908950,38.68212882806248,300.31677881641735,1,9.062453340882298e+20,20489166.58012498,79057922828049.33,5235027.428646389,4.531305728363977e+20,8442225.00022031,3.576133167371154e-09,0,5,1,0.0,3.6396707643670804e+18,1
507,265271628.29715872,1,0.0,7872479.570668917,30083637322,8.048414515710146,120.0,1,9.050252345220796e+20,20771606.234727986,79553687188276.19,5000121.904628501,4.5252057262975864e+20,8442225.00022031,4.089088179171085e-09,0,5,1,0.0,3.6373085016774953e+18,1
508,265271628.29715872,1,0.0,7881489.672266061,30063365694,10.787940551673097,120.0,1,9.038059568337567e+20,20800749.035476103,80300011819199.69,5235027.428646389,4.519110084180603e+20,8442225.00022031,4.089088179171085e-09,0,5,1,0.0,3.634825795799268e+18,1
509,265271628.29715872,1,0.0,7873167.659370757,30043094065,8.075012458808299,120.0,1,9.025875010232618e+20,21055952.884259995,80799239669763.73,5000121.904628501,4.5130183043559784e+20,8442225.00022031,3.576133167371154e-09,0,5,1,0.0,3.6324162964966666e+18,1
510,265271628.29715872,1,0.0,7877632.706945088,30022822437,11.045649718407377,120.0,1,9.013698670905944e+20,21154906.73304389,81637386212915.73,5235027.428646389,4.506930972839185e+20,8442225.00022031,4.089088179171085e-09,0,5,1,0.0,3.629923410881007e+18,1
511,265271628.29715872,1,0.0,7882400.195364399,30002550809,32.76247706467557,300.30500342174605,1,9.001530550357544e+20,21097285.569331307,81418687723484.89,5000121.904628501,4.5008466938664957e+20,8442875.025213262,3.470631781965494e-09,0,5,1,0.0,3.6275254541224883e+18,1
512,265271628.29715872,1,0.0,7904736.90983893,29982279181,60.27507697505188,300.33719747955763,1,8.989370648587423e+20,20722660.290606942,80139966748094.17,5235027.428646389,4.494765464260459e+20,8442875.025213262,3.5179255064576864e-09,0,5,1,0.0,3.625032469039115e+18,1
513,270198799.4612666,1,0.0,7923803.24095775,29957080381,10.604750061853103,120.0,1,8.974266649573133e+20,20887018.457433064,80491206221498.22,4980875.142268705,4.487213815992788e+20,8519862.074652448,6.359186954796314e-09,0,5,1,0.0,3.7708551074188503e+18,1
514,275125970.62537444,1,0.0,7936404.021023039,29926954410,10.889920774268482,120.0,1,8.956226002842557e+20,20906190.02108628,81864363992783.25,5235027.428646389,4.478194865785271e+20,8519862.074652448,6.475602276623249e-09,0,5,1,0.0,3.915704312186325e+18,1
515,275125970.62537444,1,0.0,7937222.905155559,29896828440,8.028056980913705,120.0,1,8.938203507594105e+20,21250488.383496698,82560609069988.86,4980875.142268705,4.469184314406122e+20,8519862.074652448,5.857145879417658e-09,0,5,1,0.0,3.9118562018097285e+18,1
516,275125970.62537444,1,0.0,7960702.69114664,29866702469,38.66768163895551,300.32762166447327,1,8.920199163827775e+20,20929696.065889485,82053899389623.45,5235027.428646389,4.460181635813277e+20,8519862.074652448,5.846231942996383e-09,0,5,1,0.0,3.9078279540722683e+18,1
517,275125970.62537444,1,0.0,7951575.677629196,29836576499,8.07049239342025,120.0,1,8.902212971543568e+20,21301975.7448267,82833882895358.61,4980875.142268705,4.4511893196546795e+20,8570493.149308622,6.370100891217589e-09,0,5,1,0.0,3.9039847203718625e+18,1
518,275125970.62537444,1,0.0,7959347.712454867,29806450528,10.789305931268544,120.0,1,8.884244930741482e+20,21392497.395195562,83807753312875.45,5235027.428646389,4.442206273124054e+20,8550428.44929638,6.15909812040627e-09,0,5,1,0.0,3.900022423156834e+18,1
519,275125970.62537444,1,0.0,7968355.68431963,29776324557,32.773062232114725,300.3054203373794,1,8.86629504142152e+20,21435073.61831979,83929358261429.0,4980875.142268705,4.4332314500690215e+20,8550428.44929638,6.333721103146672e-09,0,5,1,0.0,3.8961166504419215e+18,1
520,275125970.62537444,1,0.0,7987824.486290823,29746198587,11.169099402437617,120.0,1,8.848363303583678e+20,21633899.841444023,85226580804630.5,5235027.428646389,4.424266878372644e+20,8550428.44929638,6.333721103146672e-09,0,5,1,0.0,3.892141409488432e+18,1
521,275125970.62537444,1,0.0,7984500.901236383,29716072616,8.083983473140078,120.0,1,8.83044971722796e+20,21988976.06456825,85849142370792.78,4980875.142268705,4.415310707756351e+20,8550428.44929638,6.333721103146672e-09,0,5,1,0.0,3.888288592404083e+18,1
522,275125970.62537444,1,0.0,8004649.106796716,29685946645,60.275326646928086,300.3274824306723,1,8.812554282354365e+20,21573986.72350662,84576178327780.14,5235027.428646389,4.4063617173555105e+20,8550428.44929638,6.333721103146672e-09,0,5,1,0.0,3.8842898344410655e+18,1
523,275125970.62537444,1,0.0,8023628.8883666955,29655820675,10.66341600246261,120.0,1,8.794676998962892e+20,21795032.577446897,85255289096925.83,4980875.142268705,4.397423754770543e+20,8550428.44929638,6.2173057813197374e-09,0,5,1,0.0,3.8804265944357704e+18,1
524,275125970.62537444,1,0.0,8036449.590839037,29625694704,11.00618528734458,120.0,1,8.776817867053542e+20,21793858.80057113,86371040435907.53,5235027.428646389,4.388495304567207e+20,8550428.44929638,6.15909812040627e-09,0,5,1,0.0,3.8764672193858335e+18,1
525,275125970.62537444,1,0.0,8038102.556175871,29595568734,8.09722916859912,120.0,1,8.758976886626314e+20,22084380.450939987,87091668653378.86,4980875.142268705,4.37957553498181e+20,8550428.44929638,7.265043677762151e-09,0,5,1,0.0,3.8725924669493187e+18,1
526,275125970.62537444,1,0.0,8061312.371844221,29565442763,60.27447984901488,300.32037710754366,1,8.741154057681209e+20,21734319.47274482,85844295477416.5,5235027.428646389,4.370662873136082e+20,8548302.345809996,9.080395102500916e-09,0,5,1,0.0,3.868599985509736e+18,1
527,275125970.62537444,1,0.0,8074758.645572162,29535316792,10.656538648308633,120.0,1,8.723349380218223e+20,21956428.378428288,86564210024658.69,4980875.142268705,4.3617612543191364e+20,8548302.345809996,9.080395102500916e-09,0,5,1,0.0,3.864733986001265e+18,1
528,275125970.62537444,1,0.0,8087230.57956381,29505190822,10.891958631615077,120.0,1,8.705562854237362e+20,21956317.653295707,87601491677168.45,5235027.428646389,4.352869028610358e+20,8548302.345809996,9.080395102500916e-09,0,5,1,0.0,3.8607865167983375e+18,1
529,275125970.62537444,1,0.0,8088901.243557904,29475064851,8.113397562900587,120.0,1,8.687794479738624e+20,22247902.35540776,88400998785573.16,4980875.142268705,4.3439856408680976e+20,8548302.345809996,9.255018085241318e-09,0,5,1,0.0,3.8568959149703747e+18,1
530,275125970.62537444,1,0.0,8116511.263067927,29444938880,38.67068118274852,300.30607534858405,1,8.670044256722008e+20,21897841.377212588,87565728766243.22,5235027.428646389,4.3351096940897704e+20,8548302.345809996,9.255018085241318e-09,0,5,1,0.0,3.852912000192334e+18,1
531,275125970.62537444,1,0.0,8138579.481234174,29414812910,38.653425797251764,300.3516475827789,1,8.652312185187514e+20,21445557.23417729,86634190350347.8,4980875.142268705,4.326242726784108e+20,8548302.345809996,9.080395102500916e-09,0,5,1,0.0,3.8490379718132035e+18,1
532,275125970.62537444,1,0.0,8075614.86122847,29384686939,6.457613553247597,120.0,1,8.634598265135143e+20,23133007.701375924,88184983490287.19,5235027.428646389,4.317387317551062e+20,8548302.345809996,9.080395102500916e-09,0,5,1,0.0,3.845108582701945e+18,1
533,275125970.62537444,1,0.0,8023769.8929883735,29354560969,8.116018752998283,120.0,1,8.616902496564892e+20,23572139.64611182,88988972694035.1,4980875.142268705,4.30854023725514e+20,8518855.815601487,6.417394615709782e-09,0,5,1,0.0,3.8412171914207293e+18,1
534,275125970.62537444,1,0.0,8040289.993662334,29324434998,28.353794855709943,300.2970804398637,1,8.599224879476766e+20,22305108.501431342,88029803780348.17,5235027.428646389,4.2997004695421636e+20,8526826.446704159,6.606569513678551e-09,0,5,1,0.0,3.8371906684866094e+18,1
535,275125970.62537444,1,0.0,8026018.063983394,29294309027,6.461146048435613,120.0,1,8.581565413870763e+20,22217511.473329596,88687146931755.78,4980875.142268705,4.2908713940823133e+20,8501154.411953766,5.4569682106375694e-09,0,5,1,0.0,3.833393976000702e+18,1
536,275125970.62537444,1,0.0,8051613.048470084,29264183057,10.742315805035297,120.0,1,8.563924099746882e+20,22160911.43133254,89687729666270.47,5235027.428646389,4.282051737603107e+20,8515910.97935272,6.56291376799345e-09,0,5,1,0.0,3.8294166480341115e+18,1
537,275125970.62537444,1,0.0,8065406.821603856,29234057086,8.052076179829529,120.0,1,8.546300937105122e+20,22422372.94843789,90508869263370.86,4980875.142268705,4.273240977421825e+20,8515910.97935272,6.592017598450184e-09,0,5,1,0.0,3.825521294246978e+18,1
538,275125970.62537444,1,0.0,8084386.311798655,29203931115,11.038963527834788,120.0,1,8.528695925945487e+20,22607504.434480943,91683665936709.56,5235027.428646389,4.2644396466386797e+20,8515910.97935272,6.6211214289069176e-09,0,5,1,0.0,3.821543381404227e+18,1
539,275125970.62537444,1,0.0,8096297.7470422685,29173805145,32.75671551395939,300.2787093878772,1,8.51110906626797e+20,22654503.375201806,91788857661394.58,4980875.142268705,4.255646321991646e+20,8515910.97935272,6.6211214289069176e-09,0,5,1,0.0,3.817659145465895e+18,1
540,275125970.62537444,1,0.0,8128492.801032307,29143679174,60.27023762384428,300.30715460718403,1,8.493540358072578e+20,22243936.75173681,90637119044831.2,5235027.428646389,4.246860816155334e+20,8545583.159143874,8.309143595397472e-09,0,5,1,0.0,3.813685503285082e+18,1
541,275125970.62537444,1,0.0,8155906.3062889045,29113553204,10.606974157132273,120.0,1,8.475989801359308e+20,22465753.16347004,91321837390899.9,4980875.142268705,4.238086222517045e+20,8552887.478751233,7.144990377128124e-09,0,5,1,0.0,3.8098331156097874e+18,1
542,275125970.62537444,1,0.0,8168425.390225598,29083427233,10.91356298715926,120.0,1,8.458457396128161e+20,22475869.344729763,92571340653342.67,5235027.428646389,4.229321269404734e+20,8531848.67806615,7.47604644857347e-09,0,5,1,0.0,3.8058698876288947e+18,1
543,275125970.62537444,1,0.0,8169100.61611106,29053301262,8.033993643495187,120.0,1,8.440943142379137e+20,22777680.95323412,93379308610476.62,4980875.142268705,4.220564950498179e+20,8531848.67806615,7.737980922684073e-09,0,5,1,0.0,3.8019994008355533e+18,1
544,275125970.62537444,1,0.0,8196036.052111217,29023175292,38.673422113081315,300.2939847384931,1,8.423447040112236e+20,22437846.881431255,92742504046811.31,5235027.428646389,4.211816262560165e+20,8531848.67806615,7.650669431313872e-09,0,5,1,0.0,3.797995939377277e+18,1
545,275125970.62537444,1,0.0,8202716.184825738,28993049321,10.637400787725575,120.0,1,8.405969089327455e+20,22675435.645939637,93648999316278.81,4980875.142268705,4.203078193663044e+20,8521342.773200933,6.4319465309381485e-09,0,5,1,0.0,3.794133751324611e+18,1
546,275125970.62537444,1,0.0,8210143.267960999,28962923350,11.084081452196019,120.0,1,8.388509290024796e+20,22782500.206876602,95061245338332.33,5235027.428646389,4.1943497062577367e+20,8593747.182342947,7.363269105553627e-09,0,5,1,0.0,3.790165759402624e+18,1
547,275125970.62537444,1,0.0,8208175.800835203,28932797380,8.045576532802492,120.0,1,8.371067642204262e+20,23154119.340568934,95931972173903.81,4980875.142268705,4.185629753074305e+20,8593747.182342947,6.693881005048752e-09,0,5,1,0.0,3.7863001928351785e+18,1
548,275125970.62537444,1,0.0,8223087.518708512,28902671409,60.27072163628659,300.29680109284703,1,8.35364414586585e+20,22819538.221198678,94879782969918.67,5235027.428646389,4.1769169527158945e+20,8593747.182342947,6.606569513678551e-09,0,5,1,0.0,3.7823017831079506e+18,1
549,275125970.62537444,1,0.0,8227931.226355619,28872545439,10.628282071393654,120.0,1,8.33623880100956e+20,23057126.98570706,95769736093248.0,4980875.142268705,4.168215170240873e+20,8577587.027984682,6.664777174592018e-09,0,5,1,0.0,3.7784377321043886e+18,1
550,275125970.62537444,1,0.0,8234224.805925765,28842419468,10.949371374302595,120.0,1,8.318851607635392e+20,23072496.11939939,97053760144611.67,5235027.428646389,4.1595228575778406e+20,8577587.027984682,6.664777174592018e-09,0,5,1,0.0,3.77448185059273e+18,1
551,275125970.62537444,1,0.0,8232113.612907792,28812293497,8.058838988633815,120.0,1,8.301482565743347e+20,23379560.680336356,98003191886673.53,4980875.142268705,4.15083928606356e+20,8577587.027984682,6.759364623576403e-09,0,5,1,0.0,3.770600446631188e+18,1
552,275125970.62537444,1,0.0,8256753.662769912,28782167527,38.68431433438992,300.28448631719937,1,8.284131675333422e+20,23044979.5609661,97381695848560.14,5235027.428646389,4.1421632193625594e+20,8576950.283079214,3.092281986027956e-09,0,5,1,0.0,3.7666094357516e+18,1
553,275125970.62537444,1,0.0,8261762.578281954,28752041556,10.661780511317549,120.0,1,8.266798936405622e+20,23282568.325474482,98359491316121.3,4980875.142268705,4.1334978276941273e+20,8577052.06526574,2.9976945370435715e-09,0,5,1,0.0,3.762736758569464e+18,1
554,275125970.62537444,1,0.0,8268225.905731163,28721915585,11.138977508992808,120.0,1,8.249484348959944e+20,23389632.886411447,99761706963396.0,5235027.428646389,4.124841936186935e+20,8577052.06526574,2.9976945370435715e-09,0,5,1,0.0,3.7587769135416596e+18,1
555,275125970.62537444,1,0.0,8279292.170241228,28691789615,32.74699045631689,300.26759557691076,1,8.232187912996389e+20,23448752.02010378,100012615114247.16,4980875.142268705,4.116193969113309e+20,8577052.06526574,3.1723175197839737e-09,0,5,1,0.0,3.7549008025977027e+18,1
556,275125970.62537444,1,0.0,8304190.512063707,28661663644,60.27482546259704,300.2853306986591,1,8.214909628514955e+20,23120293.10102905,99161223083488.52,5235027.428646389,4.107553975480561e+20,8564807.664674684,2.990418579429388e-09,0,5,1,0.0,3.750915648801772e+18,1
557,275125970.62537444,1,0.0,8313722.682251409,28631537674,10.609085397493173,120.0,1,8.197649495515645e+20,23364004.06583296,100043114225533.94,4980875.142268705,4.0989247908720476e+20,8564807.664674684,2.8448994271457195e-09,0,5,1,0.0,3.7470723215805107e+18,1
558,275125970.62537444,1,0.0,8323224.574127261,28601411703,10.988029931105224,120.0,1,8.180407513998456e+20,23385495.39982082,101556218827701.19,5235027.428646389,4.090305313218056e+20,8564807.664674684,2.815795596688986e-09,0,5,1,0.0,3.7430923879594634e+18,1
559,275125970.62537444,1,0.0,8320891.641412761,28571285732,8.017507506107961,120.0,1,8.163183683963389e+20,23698682.16105331,102426498398439.2,4983493.165211698,4.081694268480093e+20,8564807.664674684,2.9613147489726543e-09,0,5,1,0.0,3.7392417026862474e+18,1
560,275125970.62537444,1,0.0,8342840.206872672,28541159762,38.69507969711857,300.2739311023942,1,8.145978005410446e+20,23370223.241978582,102015212427435.67,5235027.428646389,4.073091017917651e+20,8497135.475509578,6.300979293882847e-09,0,5,1,0.0,3.7352214197565844e+18,1
561,275125970.62537444,1,0.0,8329793.605041872,28511033791,8.05201227745856,120.0,1,8.128790478339624e+20,23753814.462882478,103119451327261.83,5050481.199309752,4.064498358621139e+20,8529874.963309607,7.1158865466713905e-09,0,5,1,0.0,3.731370375468638e+18,1
562,275125970.62537444,1,0.0,8336371.642421257,28480907820,10.881673564848922,120.0,1,8.111621102750926e+20,23850631.480214957,104416749978350.86,5235027.428646389,4.055914968125441e+20,8529874.963309607,6.999471224844456e-09,0,5,1,0.0,3.7274072225097667e+18,1
563,275125970.62537444,1,0.0,8341962.123696662,28450781850,32.75860357519253,300.25823591999665,1,8.09446987864435e+20,23899503.070302803,104815378660370.53,5117469.233407807,4.0473397547008354e+20,8529874.963309607,6.999471224844456e-09,0,5,1,0.0,3.723505612445025e+18,1
564,275125970.62537444,1,0.0,8368058.364368652,28420655879,38.671463687157605,300.2689418656706,1,8.077336806019896e+20,23554674.40732806,104404222098492.94,5235027.428646389,4.038772807232047e+20,8529874.963309607,6.999471224844456e-09,0,5,1,0.0,3.719529271347413e+18,1
565,275125970.62537444,1,0.0,8374396.3918026285,28390529909,10.620746278929259,120.0,1,8.060221884877563e+20,23781996.759846807,105363885537799.36,5184457.267505861,4.03021630632432e+20,8529950.436850216,6.650225259363651e-09,0,5,1,0.0,3.7156795277194813e+18,1
566,275125970.62537444,1,0.0,8383469.116254538,28360403938,11.031993642110336,120.0,1,8.043125115217354e+20,23878776.04040898,106950603862488.48,5235027.428646389,4.0216695082125394e+20,8529950.436850216,6.184563972055912e-09,0,5,1,0.0,3.711701052400817e+18,1
567,275125970.62537444,1,0.0,8380697.115288688,28330277967,8.017495031658568,120.0,1,8.026046497039268e+20,24240109.89372652,107817719731043.22,5251445.301603915,4.013131066239365e+20,8529950.436850216,6.184563972055912e-09,0,5,1,0.0,3.7078528295441265e+18,1
568,275125970.62537444,1,0.0,8397232.572054273,28300151997,60.2799865807006,300.2666744447083,1,8.008986030343304e+20,23895300.09913693,106995042734616.7,5281944.775987867,4.0046000102143866e+20,8529950.436850216,6.184563972055912e-09,0,5,1,0.0,3.7038327122208696e+18,1
569,275673046.5298813,1,0.0,8403942.119548332,28269478950,10.607034098128686,120.0,1,7.99163440112121e+20,24148850.300221976,107967006467600.11,5320570.35095395,3.995925167567073e+20,8494590.861733455,3.521563485264778e-09,0,5,1,0.0,3.715521089457826e+18,1
570,276220122.43438816,1,0.0,8408168.959819473,28238258828,10.921941403572111,120.0,1,7.973992616202067e+20,24188710.063113734,109549154633956.0,5353206.840589881,3.987105857255667e+20,8494590.861733455,3.3905962482094765e-09,0,5,1,0.0,3.7269752113608965e+18,1
571,276220122.43438816,1,0.0,8404371.102682255,28207038705,8.03110006460767,120.0,1,7.956370325203819e+20,24520265.25325013,110592331497548.39,5391832.415555963,3.978295754933407e+20,8494590.861733455,3.4924596548080444e-09,0,5,1,0.0,3.7229371960862474e+18,1
572,276220122.43438816,1,0.0,8426893.885459015,28175818583,38.68366443450976,300.256831636596,1,7.938767528126469e+20,24201683.307226837,110271488422794.58,5424468.905191895,3.969494035551657e+20,8494590.861733455,3.3905962482094765e-09,0,5,1,0.0,3.7187454359624806e+18,1
573,276220122.43438816,1,0.0,8430366.534347372,28144598460,10.644236436074285,120.0,1,7.921184224970016e+20,24463798.21873218,111401297779117.81,5463094.480157977,3.960703513782787e+20,8494557.5629087,3.3905962482094765e-09,0,5,1,0.0,3.714712317133093e+18,1
574,276220122.43438816,1,0.0,8434764.84254817,28113378338,11.100678959981186,120.0,1,7.903620415734456e+20,24591096.02777699,113088573668037.27,5495730.969793908,3.951923296440896e+20,8494557.5629087,3.3905962482094765e-09,0,5,1,0.0,3.7105612478851717e+18,1
575,276220122.43438816,1,0.0,8431076.603410143,28082158216,8.051050761475452,120.0,1,7.886076100419795e+20,24987222.44008113,114184079408327.72,5534356.544759991,3.943152234289306e+20,8494557.5629087,3.434251993894577e-09,0,5,1,0.0,3.7065237244980444e+18,1
576,276220122.43438816,1,0.0,8443958.647631025,28050938093,60.285723315178046,300.2591219328064,1,7.86855127902603e+20,24668657.143470217,113386046023961.56,5566993.034395922,3.934389025559039e+20,8494557.5629087,3.3905962482094765e-09,0,5,1,0.0,3.7023424989838566e+18,1
577,276220122.43438816,1,0.0,8450758.706080375,28019717971,10.642498082662991,120.0,1,7.851045951553162e+20,24930772.054975558,114523009176712.66,5605618.609362004,3.925637498785758e+20,8494557.5629087,3.3905962482094765e-09,0,5,1,0.0,3.6983036676108513e+18,1
578,276220122.43438816,1,0.0,8456408.560850399,27988497848,10.973463432889611,120.0,1,7.833560118001188e+20,24944219.250881504,115776809524491.56,5625040.490798839,3.9168958358101184e+20,8547415.995705089,3.761670086532831e-09,0,5,1,0.0,3.694168440184778e+18,1
579,276220122.43438816,1,0.0,8453995.234322973,27957277726,8.073376544606216,120.0,1,7.816093778370113e+20,25243230.902070716,116687542553403.61,5650451.457565825,3.9081635767276097e+20,8551129.878619904,3.7034624256193638e-09,0,5,1,0.0,3.6901116011472143e+18,1
580,276220122.43438816,1,0.0,8473950.287633445,27926057603,38.69916771974034,300.254596717554,1,7.798646932659934e+20,24898236.38370886,116001610023389.9,5669873.3390026605,3.899439467939991e+20,8551129.900030894,3.9362930692732334e-09,0,5,1,0.0,3.6859443576549965e+18,1
581,276220122.43438816,1,0.0,8477175.477763453,27894837481,10.688815859340883,120.0,1,7.781219580870651e+20,25151847.14952839,117012161642378.3,5695268.202576812,3.890726802596968e+20,8475651.300084226,4.7839421313256025e-09,0,5,1,0.0,3.681894180396252e+18,1
582,275716220.7538063,1,0.0,8481461.500140829,27864121260,11.281288622685771,120.0,1,7.764092536013714e+20,25284661.35810589,118450102386404.06,5712705.6148810405,3.8821647181092435e+20,8467777.836325135,4.798494046553969e-09,0,5,1,0.0,3.6636559413228933e+18,1
583,275212319.0732244,1,0.0,8490799.351560734,27833908941,32.77034059732033,300.2409838651343,1,7.747264869411808e+20,25365930.70618363,118664898144145.08,5736132.11251542,3.8737510996040476e+20,8467777.836325135,4.739376890938729e-09,0,5,1,0.0,3.645597964236193e+18,1
584,273897158.01844776,1,0.0,8513474.535482254,27805011783,60.29180199431871,300.2551164790043,1,7.731186802570385e+20,25006235.565910935,117797066921490.97,5755597.827904259,3.865711198352114e+20,8418565.841024917,4.844878276344389e-09,0,5,1,0.0,3.604879485128569e+18,1
585,272581996.96367097,1,0.0,8528535.127700172,27777429786,10.653058023613474,120.0,1,7.715856055224436e+20,25207988.78026115,118550606687342.9,5781052.62862325,3.858046578218905e+20,8503670.987931358,5.0895323511213064e-09,0,5,1,0.0,3.5645358853020134e+18,1
586,272581996.96367097,1,0.0,8537991.791273229,27749847789,11.260415526738795,120.0,1,7.700540523209616e+20,25205357.86740103,120016426206145.48,5800518.344012089,3.850390278031014e+20,8503670.987931358,5.11863618157804e-09,0,5,1,0.0,3.560954559475822e+18,1
587,272581996.96367097,1,0.0,8535596.13863773,27722265792,8.02165323705168,120.0,1,7.68524020652593e+20,25499222.43103135,120694495695971.03,5825973.14473108,3.842740797758661e+20,8503670.987931358,6.020854925736785e-09,0,5,1,0.0,3.557517847939532e+18,1
588,272581996.96367097,1,0.0,8558805.252551517,27694683795,60.29209082077949,300.2504715401156,1,7.669955105173372e+20,25113009.54852356,119711918326145.1,5845438.860119919,3.835097264505012e+20,8503670.987931358,5.11863618157804e-09,0,5,1,0.0,3.5539012073787525e+18,1
589,272581996.96367097,1,0.0,8551288.222274212,27667101798,8.045693437960066,120.0,1,7.654685219151944e+20,25471012.762873776,120591421883696.6,5870893.66083891,3.827463200997856e+20,8455012.67641047,2.8485374059528112e-09,0,5,1,0.0,3.55045892222851e+18,1
590,272581996.96367097,1,0.0,8561144.247536305,27639519801,10.908819640387327,120.0,1,7.639430548461646e+20,25468381.850013655,121771894889569.34,5890359.3762277495,3.8198370461257125e+20,8455012.67641047,2.76122591458261e-09,0,5,1,0.0,3.5468913342997606e+18,1
591,272581996.96367097,1,0.0,8556513.467829827,27611937804,8.072572374223636,120.0,1,7.62419109310248e+20,25767383.761514198,122705589764043.56,5915814.176946741,3.812218252141004e+20,8455012.67641047,2.76122591458261e-09,0,5,1,0.0,3.5433999949344794e+18,1
592,272581996.96367097,1,0.0,8584522.087208653,27584355807,38.70086985035007,300.2426925078452,1,7.608966853074441e+20,25381170.879006404,122064968406338.44,5935279.89233558,3.8046054915056265e+20,8455012.67641047,2.76122591458261e-09,0,5,1,0.0,3.5398178084098954e+18,1
593,272581996.96367097,1,0.0,8588856.053958368,27556773810,10.6771924724869,120.0,1,7.593757828377535e+20,25582924.09335662,122977554075980.58,5960734.693054571,3.7970018917428435e+20,8455012.67641047,2.76122591458261e-09,0,5,1,0.0,3.5363476101967007e+18,1
594,272581996.96367097,1,0.0,8593200.450420655,27529191813,11.222386431474982,120.0,1,7.578564019011756e+20,25681926.004857164,124389119405876.62,5980200.40844341,3.7894063986252834e+20,8455012.67641047,2.877641236409545e-09,0,5,1,0.0,3.5327866684481065e+18,1
595,272581996.96367097,1,0.0,8585325.460074313,27501609816,8.059362176225484,120.0,1,7.563385424977107e+20,26035545.091997042,125228886671208.86,6005655.209162401,3.781817941375225e+20,8455012.67641047,2.8485374059528112e-09,0,5,1,0.0,3.5293231966315305e+18,1
596,272581996.96367097,1,0.0,8599602.567425834,27474027820,60.29463512592886,300.24476800348754,1,7.548222046273592e+20,25649335.202071127,124155328169171.14,6025122.420842177,3.7742351784649654e+20,8455006.691246722,2.750311978161335e-09,0,5,1,0.0,3.525731552754121e+18,1
597,272581996.96367097,1,0.0,8609529.706601413,27446445823,10.669235691842443,120.0,1,7.533073882901204e+20,25851091.409003217,124989418848121.89,6050578.717852105,3.7666619308694503e+20,8454913.700148135,4.9622030928730965e-09,0,5,1,0.0,3.522269104928865e+18,1
598,272581996.96367097,1,0.0,8613910.397304818,27418863826,11.20538119775648,120.0,1,7.517940934859948e+20,25848463.48872497,126387072998712.38,6070045.929531882,3.7590968545029725e+20,8454913.700148135,5.893525667488575e-09,0,5,1,0.0,3.5187027204235433e+18,1
599,272581996.96367097,1,0.0,8607649.113682162,27391281829,8.048364336746781,120.0,1,7.50282320214982e+20,26147469.41056853,127190854857455.23,6095502.22654181,3.7515387919297675e+20,8454911.664625844,5.449692253023386e-09,0,5,1,0.0,3.51524639294768e+18,1
