t,secure_bps,violations,k_min,k_mean,q_total,aos_mean,aos_max,rekey,q_sumsq,z_l1,z_sumsq,z_max,lyapunov,key_inflow,key_overflow,cg_iters,cg_columns,cg_converged,obj_lp,obj_greedy,key_blocked_edges
0,245000000.0,0,2109375.0,2425130.2083333335,0,0.8811589100178921,0.9476988686844755,0,0.0,762500.0,145351562500.0,190625.0,14535156250000.0,7200000.0,0.0,0,0,1,0.0,0.0,0
1,245000000.0,0,1796875.0,2350260.4166666665,0,1.9315194519902665,2.1124243899047483,0,0.0,918750.0,229335937500.0,346875.0,22933593750000.0,7200000.0,0.0,0,0,1,0.0,0.0,0
2,245000000.0,0,1640625.0,2275390.625,0,3.0512916738522198,3.218305033122668,0,0.0,1065625.0,237236328125.0,303125.0,23723632812500.0,7200000.0,0.0,0,0,1,0.0,0.0,0
3,245000000.0,0,1160095.3703703706,2202363.7602880658,0,4.1463299723175515,4.722511389707835,0,0.0,1221875.0,531513671875.0,650000.0,53151367187500.0,7200000.0,0.0,0,0,1,0.0,0.0,0
4,245000000.0,0,1203845.3703703706,2134073.4099356583,0,3.9590250465784558,5.659964049482299,0,0.0,1350320.0563433382,506034040392.4916,606250.0,50603404039249.16,7236859.887313323,3.2014213502407074e-10,0,0,1,0.0,0.0,0
5,245000000.0,0,856970.3703703706,2099116.392916584,0,5.552406393125257,7.3310828311432665,0,0.0,1525000.0,1017460937500.0,953125.0,101746093750000.0,7236859.887313323,3.2014213502407074e-10,0,0,1,0.0,0.0,0
6,245000000.0,0,900720.3703703706,2086381.5981197315,0,5.37709719307614,8.217982498475136,0,0.0,1653445.0563433382,965457868517.4916,909375.0,96545786851749.16,7236859.887313323,3.2014213502407074e-10,0,0,1,0.0,0.0,0
7,245000000.0,0,944470.3703703706,2073646.8033228798,0,6.134338115475855,9.115349208898568,0,0.0,2353765.1126866764,1303286552194.9663,865625.0,130328655219496.62,7236859.887313323,3.2014213502407074e-10,0,0,1,0.0,0.0,0
8,245000000.0,0,597595.3703703706,2067955.0116244156,0,8.164465280300057,11.34115514251728,0,0.0,2448822.3310139696,1690459142228.2297,1212500.0,169045914222822.97,7247385.563345414,4.511093720793724e-10,0,0,1,0.0,0.0,0
9,245000000.0,0,641345.3703703706,2066623.7078284547,0,7.545352807138407,12.11358981048905,0,0.0,2572004.5493412623,1860031719050.911,1168750.0,186003171905091.1,7247385.563345414,4.511093720793724e-10,0,0,1,0.0,0.0,0
10,245000000.0,0,685095.3703703706,2077210.9597826807,0,6.60360014487276,12.915046633998351,0,0.0,3255321.763257472,2402575142367.6465,1125000.0,240257514236764.66,7294345.580989749,5.456968210637569e-10,0,0,1,0.0,0.0,0
11,245000000.0,0,338220.37037037057,2088295.2120323954,0,9.00949715024343,16.89587234344548,0,0.0,3326898.9727625973,2693475819710.935,1471875.0,269347581971093.5,7294345.580989749,5.456968210637569e-10,0,0,1,0.0,0.0,0
12,245000000.0,0,381970.37037037057,2099379.4642821113,0,7.730432367648557,17.222336125026594,0,0.0,3450081.1910898904,3065844179602.0747,1428125.0,306584417960207.5,7294345.580989749,5.456968210637569e-10,0,0,1,0.0,0.0,0
13,245000000.0,0,425720.37037037057,2110993.244067014,0,6.136971261713696,17.686910067743206,0,0.0,4133398.4050060995,3811238916311.7056,1384375.0,381123891631170.56,7313408.5722565055,5.456968210637569e-10,0,0,1,0.0,0.0,0
14,245000000.0,0,78845.37037037057,2122607.023851917,0,10.302647497793172,39.04841533983503,0,0.0,4204975.614511225,4024266968181.7744,1731250.0,402426696818177.44,7313408.5722565055,5.529727786779404e-10,0,0,1,0.0,0.0,0
15,245000000.0,0,278845.37037037057,2116859.6925257086,0,7.060312987988045,17.51651462724127,0,0.0,4484407.832838519,4533618784998.629,1531250.0,453361878499862.9,7313408.5722565055,5.456968210637569e-10,0,0,1,0.0,0.0,0
16,245000000.0,0,322595.37037037057,2128473.472310612,0,7.498888814725993,22.18055813873636,0,0.0,5167725.046754727,5607273340828.434,1487500.0,560727334082843.4,7313408.5722565055,3.2014213502407074e-10,0,0,1,0.0,0.0,0
17,238784414.81481487,1,0.0,2142784.988721029,6215585,19.73193720869769,137.0,1,38633499194292.92,5142183.737741335,5387708705437.681,1810095.3703703706,558087620140914.5,7313408.5722565055,3.2014213502407074e-10,0,0,1,0.0,0.0,0
18,251215585.18518513,0,200000.0,2134339.9207693064,0,8.574558227054967,21.39431577822546,0,0.0,5591573.363476034,6607942007576.971,1610095.3703703706,660794200757697.1,7313408.5722565055,3.2014213502407074e-10,0,0,1,0.0,0.0,0
19,245000000.0,0,243750.0,2156804.394998654,0,10.195854609879513,27.171603677221654,0,0.0,5272525.572981159,5083762937870.017,1566345.3703703706,508376293787001.7,7313408.5722565055,3.2014213502407074e-10,0,0,1,0.0,0.0,0
20,245000000.0,0,287500.0,2168418.1747835567,0,8.960686076705324,26.932409012131714,0,0.0,5395707.791308452,6118761495904.813,1522595.3703703706,611876149590481.4,7313408.5722565055,3.2014213502407074e-10,0,0,1,0.0,0.0,0
21,229800000.0,1,0.0,2186629.176790682,15200000,21.70571133181951,141.0,1,231040000000000.0,5229785.000813578,5681445037944.22,1810095.3703703706,683664503794422.0,7313408.5722565055,3.2014213502407074e-10,0,0,1,0.0,0.0,0
22,260200000.0,0,200000.0,2174284.6232422516,0,10.405114889943452,25.64567422187641,0,0.0,5924842.219140871,7380068726494.496,1610095.3703703706,738006872649449.6,7313408.5722565055,3.2014213502407074e-10,0,0,1,0.0,0.0,0
23,207400000.0,1,0.0,2202000.3004033114,37600000,22.848408117347628,143.0,1,1413760000000000.0,5408919.428645996,6438831792098.03,1810095.3703703706,1350763179209803.0,7313408.5722565055,3.2014213502407074e-10,0,0,1,0.0,0.0,0
24,282600000.0,0,200000.0,2194161.5281121912,0,12.643069171632721,25.23595071646518,0,0.0,5822726.64697329,6019163383267.606,1610095.3703703706,601916338326760.6,7313408.5722565055,3.2014213502407074e-10,0,0,1,0.0,0.0,0
25,245000000.0,0,243750.0,2205882.0793487597,0,10.95751699496161,33.171603677221654,0,0.0,6095580.938576242,7044828145982.02,1566345.3703703706,704482814598202.0,7355966.870889019,1.2732925824820995e-09,0,0,1,0.0,0.0,0
26,218600000.0,1,0.0,2228981.489705372,26400000,24.210414566584316,146.0,1,696960000000000.0,5596232.303454853,6290675874123.014,1810095.3703703706,977547587412301.4,7355966.870889019,1.2732925824820995e-09,0,0,1,0.0,0.0,0
27,271400000.0,0,155758.07441076334,2212008.5492833797,0,9.834533911403835,30.011048876572087,0,0.0,6482499.253133984,8550546158717.669,1607555.1017222095,855054615871766.9,7366127.945481664,1.5720615920145065e-09,0,0,1,0.0,0.0,0
28,208700617.54785854,1,0.0,2239999.3457413367,36299382,15.938511853166567,120.0,1,1317645166406836.8,5952547.135202305,7374319648429.476,1810095.3703703706,1396254548046366.0,7382818.134880177,1.6134436009451747e-09,0,0,1,0.0,0.0,0
29,281299382.45214146,0,46290.268648161174,2251197.902355508,0,12.713863543134277,42.29199911888781,1,2.220446049250313e-16,6063200.718900049,6679707756826.015,1763805.1017222095,667970775682601.5,7382818.134880177,1.6011654224712402e-09,0,0,1,0.0,0.0,0
30,245000000.0,0,92580.53729632235,2262763.409328849,0,8.74955577992513,35.86207863760964,0,0.0,6302966.720431242,7741737370020.342,1717514.8330740484,774173737002034.1,7382818.134880177,1.6011654224712402e-09,0,0,1,0.0,0.0,0
31,245000000.0,0,138870.80594448355,2284673.643490666,0,10.442470514512285,32.21138703815869,0,0.0,5819688.259258758,6042477616007.606,1671224.5644258873,604247761600760.6,7382818.134880177,1.6011654224712402e-09,0,0,1,0.0,0.0,0
32,245000000.0,0,185161.0745926447,2295603.490161448,0,8.079632566422141,37.70530543855165,0,0.0,5878204.260789951,7106657173558.02,1624934.2957777262,710665717355802.0,7382818.134880177,1.6425474314019084e-09,0,0,1,0.0,0.0,0
33,204251543.8696463,1,0.0,2321847.0242956523,40748456,16.773727390084506,120.0,1,1660436677007359.2,5274102.988300207,6141515189982.626,1810095.370370371,1444369857501942.2,7392082.891552178,1.1768861440941691e-09,0,0,1,0.0,0.0,0
34,285748456.1303537,0,180591.9849534412,2297676.252865283,0,11.626461908945206,43.96252839486988,0,0.0,6598545.342864307,8946703981814.94,1607555.10172221,894670398181494.0,7392082.891552178,1.1646079656202346e-09,0,0,1,0.0,0.0,0
35,208700617.54785854,1,0.0,2324133.443791161,36299382,17.037401713131636,120.0,1,1317645166406836.8,6063960.8465966275,7698210608430.538,1810095.370370371,1428643644046472.0,7392082.891552178,1.6425474314019084e-09,0,0,1,0.0,0.0,0
36,281299382.45214146,0,46290.268648161174,2319024.4075779673,0,16.77532416851012,65.2685261727423,1,2.220446049250313e-16,7171359.209150407,10573598627393.773,1763805.10172221,1057359862739377.4,7392082.891552178,1.4047145668882877e-09,0,0,1,0.0,0.0,0
37,245000000.0,0,92580.53729632235,2340424.8218138986,0,12.701253887179602,38.50474936518386,0,0.0,6815867.832345601,8389744424296.076,1717514.8330740489,838974442429607.6,7392561.22491022,1.1714291758835316e-09,0,0,1,0.0,0.0,0
38,245000000.0,0,138870.80594448355,2361719.4137608265,0,12.572646315669916,39.27155686243344,0,0.0,6328164.687325477,7152826905106.844,1671224.5644258878,715282690510684.4,7392561.22491022,1.6370904631912708e-09,0,0,1,0.0,0.0,0
39,245000000.0,0,185161.0745926447,2372061.0163839394,0,9.75976557229123,46.20181458696476,0,0.0,6597192.426413011,8420605788397.265,1624934.2957777267,842060578839726.5,7392561.22491022,1.501121005276218e-09,0,0,1,0.0,0.0,0
40,204251543.8696463,1,0.0,2394629.5733775767,40748456,17.891002506776413,120.0,1,1660436677007359.2,5993091.153923266,7204776334283.528,1810095.3703703715,1550695971932032.5,7392561.22491022,9.104041964747012e-10,0,0,1,0.0,0.0,0
41,285748456.1303537,0,46290.268648161174,2385474.7976294854,0,14.076411878811847,56.63610023312381,1,0.0,7053595.218106467,10089270414392.133,1763805.1017222104,1008927041439213.2,7392561.22491022,8.944880391936749e-10,0,0,1,0.0,0.0,0
42,245000000.0,0,92580.53729632235,2401114.12450974,0,10.21637130092134,43.48639694983642,0,0.0,6698103.841301659,7961172088449.158,1717514.8330740493,796117208844915.9,7402981.852795347,8.531060302630067e-10,0,0,1,0.0,0.0,0
43,245000000.0,0,138870.80594448355,2367966.212223852,0,5.242962031160458,43.744437876049,0,0.0,7489778.183552148,8102630212415.349,1671224.5644258882,810263021241534.9,7402981.852795347,8.49468051455915e-10,0,0,1,0.0,0.0,0
44,192401235.09571704,1,0.0,2417630.7243448435,52598765,15.058909646793422,120.0,1,2766630069456028.5,5970729.311469979,6735803711445.47,1810095.3703703717,2056895405872561.2,7402981.852795347,8.908500603865832e-10,0,0,1,0.0,0.0,0
45,297598764.9042829,0,46290.268648161174,2421098.180759708,0,11.791737400097192,51.027360491046615,1,0.0,7027718.636294593,9629697639871.414,1763805.1017222106,962969763987141.4,7402981.852795347,9.658833732828498e-10,0,0,1,0.0,0.0,0
46,245000000.0,0,92580.53729632235,2445502.117201039,0,10.902696695357466,47.154821455570435,0,0.0,6672227.259489786,7698944806710.279,1717514.8330740496,769894480671027.9,7402981.852795347,8.49468051455915e-10,0,0,1,0.0,0.0,0
47,245000000.0,0,138870.80594448355,2466279.1852646726,0,10.45816606544057,48.29765268513799,0,0.0,6316735.882684978,6340485836884.709,1671224.5644258885,634048583688470.9,7402981.852795347,9.658833732828498e-10,0,0,1,0.0,0.0,0
48,245000000.0,0,185161.0745926447,2476130.163530125,0,6.66583834703122,51.69552423541287,0,0.0,6351869.5058801705,7057811627068.948,1624934.2957777274,705781162706894.9,7402981.852795347,9.526957001071423e-10,0,0,1,0.0,0.0,0
49,204251543.8696463,1,0.0,2503594.2214824306,40748456,15.281954381377643,120.0,1,1660436677007359.2,5566518.233390426,6160356542707.344,1810095.3703703722,1446253992774414.0,7402981.852795347,9.781615517567843e-10,0,0,1,0.0,0.0,0
50,285748456.1303537,0,80664.29429972742,2477410.096293096,0,7.611052084394003,55.109907084487475,0,0.0,6607245.034227372,8758307716466.717,1607555.101722211,875830771646671.6,7402981.852795347,1.0109033610206097e-09,0,0,1,0.0,0.0,0
51,208700617.54785854,1,0.0,2515578.0111524994,36299382,15.389303539337062,120.0,1,1317645166406836.8,6072660.537959693,7604821052409.942,1810095.3703703722,1419304688444412.5,7402981.852795347,9.613358997739851e-10,0,0,1,0.0,0.0,0
52,281299382.45214146,0,202540.26864816117,2523803.323461445,0,13.723535705341368,53.079578431577545,0,2.220446049250313e-16,6096262.280617758,6027455163121.963,1607555.101722211,602745516312196.2,7402981.852795347,9.490577213000506e-10,0,0,1,0.0,0.0,0
53,245000000.0,0,248830.53729632235,2536578.382580875,0,2.4030890466371417,8.005426484864872,0,0.0,6116444.516278096,6642311830123.845,1561264.83307405,664231183012384.5,7432884.627865056,1.623448042664677e-09,0,0,1,0.0,0.0,0
54,220550926.32178777,1,0.0,2555795.7769266684,24449074,11.033518712086016,120.0,1,597757203722649.9,5552069.707068207,6062225985409.338,1810095.3703703724,905101200402258.8,7432884.627865056,1.7689671949483454e-09,0,0,1,0.0,0.0,0
55,269449073.6782122,0,202540.26864816117,2554910.0951720793,0,6.236167560277026,55.870956859499785,0,0.0,5907912.955171512,7061468832744.68,1607555.1017222113,706146883274468.0,7432884.627865056,1.6111698641907424e-09,0,0,1,0.0,0.0,0
56,245000000.0,0,248830.53729632235,2585290.491990402,0,6.364989093713206,56.9498029212763,0,0.0,5537470.19083185,5582429184292.386,1561264.8330740503,558242918429238.56,7432884.627865056,1.623448042664677e-09,0,0,1,0.0,0.0,0
57,220550926.32178777,1,0.0,2606411.229230697,24449074,11.027143263910267,120.0,1,597757203722649.9,4973095.3816219615,5323577773492.691,1810095.3703703727,831236379210594.0,7432884.627865056,1.552962203277275e-09,0,0,1,0.0,0.0,0
58,269449073.6782122,0,202540.26864816117,2591604.3285592976,0,2.0117101818195113,6.8803612453355685,0,0.0,5603419.393504366,6664772499110.166,1607555.1017222116,666477249911016.6,7432884.627865056,1.6111698641907424e-09,0,0,1,0.0,0.0,0
59,245000000.0,0,248830.53729632235,2623042.2994890283,0,6.624018198367107,59.86390290176633,0,0.0,5232976.629164704,5341475314083.861,1561264.8330740505,534147531408386.1,7432884.627865056,1.623448042664677e-09,0,0,1,0.0,0.0,0
60,220550926.32178777,1,0.0,2643181.535514697,24449074,11.021125788457729,120.0,1,597757203722649.9,4821918.168772079,5238230189124.692,1810095.370370373,822701620773794.2,7432884.627865056,1.552962203277275e-09,0,0,1,0.0,0.0,0
61,269449073.6782122,0,202540.26864816117,2640192.257337331,0,6.117890727783448,61.78160874984608,0,0.0,5175286.643358161,5707376566046.931,1607555.1017222118,570737656604693.1,7432884.627865056,1.6111698641907424e-09,0,0,1,0.0,0.0,0
62,245000000.0,0,248830.53729632235,2668457.8123511346,0,6.891138453644886,62.84452327087048,0,0.0,4804843.8790184995,4627324057215.025,1561264.8330740507,462732405721502.56,7432884.627865056,1.5238583728205413e-09,0,0,1,0.0,0.0,0
63,245000000.0,0,295120.8059444835,2677246.098366233,0,1.8534784495714698,6.754000258850296,0,0.0,4868437.429928602,5160658546765.635,1514974.5644258896,516065854676563.5,7432884.627865056,1.552962203277275e-09,0,0,1,0.0,0.0,0
64,231750926.32178777,1,0.0,2688892.29379291,13249074,11.270188507604267,121.0,1,175537953330696.03,4705465.427528884,5179358475399.285,1810095.3703703731,605704824205276.5,7422723.553272411,1.411990524502471e-09,0,0,1,0.0,0.0,0
65,258249073.67821223,0,200454.89519030775,2690197.457969919,0,6.357169563056559,65.71125020305676,0,0.0,4949796.432764857,5498130647385.873,1609640.4751800653,549813064738587.3,7424543.134033642,1.411990524502471e-09,0,0,1,0.0,0.0,0
66,245000000.0,0,244659.7903806155,2717909.4404814946,0,7.248008334952573,66.76297292747086,0,0.0,4588098.079612215,4424694850583.423,1565435.5799897574,442469485058342.3,7424543.134033642,1.4177885532262735e-09,0,0,1,0.0,0.0,0
67,245000000.0,0,288864.68557092326,2724458.1771592703,0,1.8153163257905154,6.89977116757345,0,0.0,4678153.920515089,4981452934632.377,1521230.6847994495,498145293463237.7,7424543.134033642,1.4177885532262735e-09,0,0,1,0.0,0.0,0
68,230265812.67487514,1,0.0,2736431.9671486095,14734187,10.934318555728652,120.0,1,217096276131870.06,4528158.18927258,4986675180065.686,1810095.3703703727,607215656072503.6,7424543.134033642,1.4177885532262735e-09,0,0,1,0.0,0.0,0
69,259734187.32512486,0,200454.89519030775,2737822.4361049654,0,6.616894577743652,69.65251258379801,0,0.0,4807751.436555699,5360881592114.992,1609640.4751800648,536088159211499.25,7476044.71017054,1.3765202311333269e-09,0,0,1,0.0,0.0,0
70,245000000.0,0,245564.74146601587,2766351.2554931855,0,7.591736085469164,70.69578528355024,0,0.0,4439346.902891727,4261289362577.5137,1564530.6289043566,426128936257751.4,7479669.48056067,2.326942194486037e-09,0,0,1,0.0,0.0,0
71,245000000.0,0,290674.587741724,2773393.728825803,0,1.774768131621934,6.856956636109099,0,0.0,4528497.788466524,4845059469974.249,1519420.7826286484,484505946997424.9,7479669.48056067,2.326942194486037e-09,0,0,1,0.0,0.0,0
72,245000000.0,0,335784.4340174321,2790661.74365624,0,7.57149863415535,72.69352336160273,0,0.0,4217648.674041321,3813007459843.0625,1474310.9363529403,381300745984306.25,7479669.48056067,2.326942194486037e-09,0,0,1,0.0,0.0,0
73,245000000.0,0,380894.2802931402,2797007.9385119206,0,1.5850415917927458,5.23705146477923,0,0.0,4306799.559616118,4377176946806.2793,1429201.090077232,437717694680627.94,7479669.48056067,2.326942194486037e-09,0,0,1,0.0,0.0,0
74,245000000.0,0,35379.12656884827,2803285.3786883,0,5.395102114211562,54.97658104064037,1,0.0,4385215.598915206,4623624524836.17,1774716.243801524,462362452483617.0,7479669.48056067,2.3851498553995043e-09,0,0,1,0.0,0.0,0
75,245000000.0,0,236738.97284455638,2810711.633785799,0,6.917914157798967,75.60103829580719,0,0.0,4319476.330765712,4617379979446.873,1573356.3975258158,461737997944687.3,7479669.48056067,2.560227585490793e-09,0,0,1,0.0,0.0,0
76,245000000.0,0,281848.8191202645,2837146.005823048,0,8.024828431187405,76.63756196547804,0,0.0,4008547.075832748,3654284811623.4033,1528246.5512501076,365428481162340.3,7479829.7615761915,1.9995241018477827e-09,0,0,1,0.0,0.0,0
77,245000000.0,0,326958.6653959726,2845155.5526397326,0,1.5641693316022005,6.098329487910401,0,0.0,4097617.8208997836,4157939923322.9585,1483136.7049743994,415793992332295.9,7548887.187275373,1.9326762412674725e-09,0,0,1,0.0,0.0,0
78,240249538.98795027,1,0.0,2855166.8958406374,4750461,10.860822750064697,120.0,1,22566879827004.59,4101727.766377834,4426540724964.281,1810095.370370372,453937512409930.44,7548887.187275373,1.9326762412674725e-09,0,0,1,0.0,0.0,0
79,249750461.01204973,0,201359.8462757081,2862212.019494525,0,7.159367338436658,79.55855000605013,0,0.0,4147247.2876904937,4462435481271.832,1608735.5240946638,446243548127183.2,7548894.430908026,1.8089849618263543e-09,0,0,1,0.0,0.0,0
80,245000000.0,0,246469.69255141623,2892009.402980949,0,8.464737417853966,80.58995745139515,0,0.0,3817761.54442921,3533191571163.9507,1563625.6778189556,353319157116395.06,7548894.430908026,1.8089849618263543e-09,0,0,1,0.0,0.0,0
81,245000000.0,0,291579.53882712434,2899790.750929484,0,1.5638622437085343,6.83574800896017,0,0.0,3906832.289496246,4005530302656.0835,1518515.8315432474,400553030265608.4,7548894.430908026,1.8089849618263543e-09,0,0,1,0.0,0.0,0
82,245000000.0,0,336689.38510283246,2918370.3710062094,0,8.445093937562062,82.58833046728707,0,0.0,3595903.0345632816,3127978323147.3677,1473405.9852675393,312797832314736.75,7548894.430908026,1.8089849618263543e-09,0,0,1,0.0,0.0,0
83,245000000.0,0,381799.23137854063,2926048.6217327775,0,1.3947335187535996,5.224670887654551,0,0.0,3708035.209135459,3580135283145.5957,1428296.138991831,358013528314559.56,7548894.430908026,1.9290382624603808e-09,0,0,1,0.0,0.0,0
84,245000000.0,0,36284.0776542488,2933677.886717156,0,5.259763694508896,53.64220133180859,1,0.0,3786371.1079267864,3988899166405.495,1773811.292716123,398889916640549.5,7548894.430908026,1.9290382624603808e-09,0,0,1,0.0,0.0,0
85,245000000.0,0,237643.92392995692,2942475.0765951965,0,7.518515492516282,85.52039966855968,0,0.0,3744878.086804385,3861246253964.462,1572451.4464404148,386124625396446.2,7548894.430908026,1.9294930098112673e-09,0,0,1,0.0,0.0,0
86,245000000.0,0,282753.77020566503,2968502.606166559,0,8.897907265403603,86.54755891570538,0,0.0,3433948.8318714206,3070272932724.847,1527341.6001647066,307027293272484.7,7548894.430908026,1.9290382624603808e-09,0,0,1,0.0,0.0,0
87,245000000.0,0,327863.61648137314,2975994.495175943,0,1.4049107780507948,6.0815483980827665,0,0.0,3547345.964434218,3442261184309.512,1482231.7538889984,344226118430951.25,7548894.431064397,1.710759534034878e-09,0,0,1,0.0,0.0,0
88,245000000.0,0,372973.46275708126,2994294.30494493,0,8.920557851986354,88.54615710386976,0,0.0,3236416.709501254,2705381488610.872,1437121.9076132902,270538148861087.22,7548894.431064397,1.710759534034878e-09,0,0,1,0.0,0.0,0
89,245000000.0,0,418083.30903278943,3001702.0723741264,0,1.2687402242437318,4.772320817585981,0,0.0,3349813.842103144,3047625529984.142,1392012.061337582,304762552998414.2,7548894.431064397,1.710759534034878e-09,0,0,1,0.0,0.0,0
90,245000000.0,0,72568.1553084976,3009069.870171154,0,3.012503298437228,27.185675536015335,0,0.0,3428149.7408944718,3569178113757.8457,1737527.215061874,356917811375784.56,7548894.431064397,1.710759534034878e-09,0,0,1,0.0,0.0,0
91,245000000.0,0,273928.0015842057,3017614.3084348645,0,7.90403329280598,91.48712765321666,0,0.0,3386656.71977207,3342486104468.879,1536167.3687861657,334248610446887.9,7548894.431064397,1.7112142813857645e-09,0,0,1,0.0,0.0,0
92,245000000.0,0,319037.84785991383,3030133.918608123,0,1.4851116522663173,6.249260871406169,0,0.0,4039934.0426750993,3979546020225.0693,1491057.5225104576,397954602022506.94,7548894.431064397,1.710759534034878e-09,0,0,1,0.0,0.0,0
93,245000000.0,0,364147.69413562195,3048240.3197170715,0,9.365925915011935,93.48601787471635,0,0.0,3670591.555879267,3035738066230.787,1445947.6762347494,303573806623078.7,7548894.431064397,1.710759534034878e-09,0,0,1,0.0,0.0,0
94,245000000.0,0,409257.54041133006,3055461.1254415647,0,1.3380771474266309,4.8749865706179865,0,0.0,3783988.6884811567,3526175485002.155,1400837.8299590412,352617548500215.5,7548894.431064397,1.6561898519285023e-09,0,0,1,0.0,0.0,0
95,245000000.0,0,454367.38668703823,3073553.756456311,0,9.445154636654708,95.48491314133646,0,0.0,3413329.3595776386,2662408169500.2876,1355727.983683333,266240816950028.75,7551528.1152797695,1.685293682385236e-09,0,0,1,0.0,0.0,0
96,245000000.0,0,108852.2329627464,3080763.6586088026,0,2.2281186744390706,18.206275339694272,0,0.0,3417854.3362650946,3407245921222.134,1701243.1374076249,340724592122213.4,7551555.886720852,2.6529960450716317e-09,0,0,1,0.0,0.0,0
97,245000000.0,0,310212.0792384545,3089628.418973739,0,8.30352803828943,97.45785449509235,0,0.0,3280984.416128317,2924440869049.1143,1499883.2911319167,292444086904911.44,7574168.990297705,2.7184796635992825e-09,0,0,1,0.0,0.0,0
98,245000000.0,0,355321.92551416263,3103203.04400791,0,1.3373027507424904,5.612901864273594,0,0.0,3657747.072399447,3395566693833.9233,1454773.4448562085,339556669383392.3,7574168.990297705,2.6457200874574482e-09,0,0,1,0.0,0.0,0
99,245000000.0,0,400431.7717898707,3121643.286820032,0,9.852332365470943,99.4568739554321,0,0.0,3275767.3059869613,2593387978304.907,1409663.5985805003,259338797830490.72,7574168.990297705,2.725755621213466e-09,0,0,1,0.0,0.0,0
100,245000000.0,0,445541.61806557886,3129204.3579681697,0,1.213391283751579,4.478865841584963,0,0.0,3377847.0008617504,2947443526218.803,1364553.7523047922,294744352621880.3,7574168.990297705,2.8858266887255013e-09,0,0,1,0.0,0.0,0
101,245000000.0,0,490651.46434128704,3147588.595581866,0,9.947320613694044,101.45589760663765,0,0.0,2995867.2344492646,2237236004013.5728,1319443.906029084,223723600401357.28,7574168.990297705,2.900378603953868e-09,0,0,1,0.0,0.0,0
102,245000000.0,0,535761.3106169952,3155095.528371526,0,1.1237833530815344,3.7260509661194554,0,0.0,3097946.929324053,2535074949168.223,1274334.0597533758,253507494916822.3,7574168.990297705,2.8858266887255013e-09,0,0,1,0.0,0.0,0
103,245000000.0,0,190246.15689270326,3162576.737794248,0,1.5203590159864275,10.457726484522667,0,0.0,3118985.57476933,3029052183371.201,1619849.2134776677,302905218337120.1,7574168.990297705,2.944489096989855e-09,0,0,1,0.0,0.0,0
104,245000000.0,0,235356.00316841138,3177692.5565188993,0,1.4907073284376864,8.46181172971915,0,0.0,3203474.8135133865,3221165986004.323,1574739.3672019595,322116598600432.3,7649922.118653968,1.804892235668376e-09,0,0,1,0.0,0.0,0
105,245000000.0,0,280465.8494441195,3198079.47707511,0,10.576081248618474,105.41698592255004,0,0.0,2843351.556675189,2640433170868.5825,1529629.5209262513,264043317086858.25,7649922.118653968,2.1982486941851676e-09,0,0,1,0.0,0.0,0
106,245000000.0,0,325575.6957198276,3207592.4673647936,0,1.267772525066116,6.124154449374025,0,0.0,2945407.2109152284,2790628030048.899,1484519.6746505431,279062803004889.9,7649922.118653968,2.1982486941851676e-09,0,0,1,0.0,0.0,0
107,245000000.0,0,370685.5419955357,3227933.690804241,0,10.597178273842909,107.41617246290137,0,0.0,2585283.954077031,2293049583353.6167,1439409.828374835,229304958335361.66,7649922.118653968,3.129571268800646e-09,0,0,1,0.0,0.0,0
108,245000000.0,0,415795.3882712438,3237402.507214386,0,1.1316711109573883,4.7985175850804564,0,0.0,2687339.6083170706,2395267631250.3745,1394299.9820991268,239526763125037.44,7649922.118653968,2.256456355098635e-09,0,0,1,0.0,0.0,0
109,245000000.0,0,460905.23454695195,3257701.029236946,0,10.679659170433736,109.41536217088112,0,0.0,2327216.3514788733,1980843552995.5515,1349190.1358234186,198084355299555.16,7649922.118653968,2.1982486941851676e-09,0,0,1,0.0,0.0,0
110,245000000.0,0,506015.0808226601,3267128.5676107653,0,1.0370468132567605,3.944655840916781,0,0.0,2429272.0057189125,2035084789608.7512,1304080.2895477104,203508478960875.12,7649922.118653968,2.1982486941851676e-09,0,0,1,0.0,0.0,0
111,245000000.0,0,551124.9270983683,3276536.4930871,0,1.078699199964135,3.622368601451812,0,0.0,3051621.6675436236,2406860860685.544,1258970.4432720023,240686086068554.4,7649922.118653968,2.1982486941851676e-09,0,0,1,0.0,0.0,0
112,245000000.0,0,205609.77337407635,3285925.459429199,0,1.431262221429096,9.680084186428633,0,0.0,3021030.4906772976,2884961708877.907,1604485.596996294,288496170887790.75,7649922.118653968,2.2423591872211546e-09,0,0,1,0.0,0.0,0
113,245000000.0,0,250719.61964978446,3299253.4655393395,0,1.4112114018596802,7.945348093178372,0,0.0,3124445.991193045,3063590835973.3784,1559375.750720586,306359083597337.8,7649922.118653968,1.804892235668376e-09,0,0,1,0.0,0.0,0
114,245000000.0,0,295829.4659254926,3319457.08290513,0,11.336606948467738,114.36870097510324,0,0.0,2704589.660602427,2516105367420.12,1514265.9044448778,251610536742012.0,7649922.118653968,1.804892235668376e-09,0,0,1,0.0,0.0,0
115,245000000.0,0,340939.3122012007,3328792.8801107393,0,1.211240116851808,5.848991118117413,0,0.0,2806645.3148424667,2626475899186.686,1469156.0581691696,262647589918668.6,7649922.118653968,1.804892235668376e-09,0,0,1,0.0,0.0,0
116,245000000.0,0,386049.1584769088,3348962.816902249,0,11.372382019272626,116.36806485383522,0,0.0,2400542.24238532,2188856918999.0522,1424046.2118934614,218885691899905.22,7649922.118653968,1.804892235668376e-09,0,0,1,0.0,0.0,0
117,245000000.0,0,431159.00475261686,3358266.0562193873,0,1.0863415653579407,4.627926244750751,0,0.0,2502597.8966253595,2236036289723.3975,1378936.3656177532,223603628972339.75,7649922.118653968,1.8630998965818435e-09,0,0,1,0.0,0.0,0
118,245000000.0,0,476268.85102832504,3377481.3623683285,0,11.462314176181373,118.36743092379182,0,0.0,2142474.639787162,1898900171179.2375,1333826.519342045,189890017117923.75,7649922.118653968,1.804892235668376e-09,0,0,1,0.0,0.0,0
119,245000000.0,0,521378.6973040332,3385345.1728962674,0,0.9986258945313495,3.8286400466211323,0,0.0,2244530.2940272014,1898102730620.0244,1288716.673066337,189810273062002.44,7649922.118653968,1.804892235668376e-09,0,0,1,0.0,0.0,0
120,245000000.0,0,566488.5435797414,3404035.1808682624,0,11.580729276571901,120.36679917367043,0,0.0,1884407.037189004,1644120980516.3232,1243606.8267906287,164412098051632.3,7649922.118653968,1.804892235668376e-09,0,0,1,0.0,0.0,0
121,245000000.0,0,611598.3898554494,3411850.8139621043,0,0.9321951218994448,3.2647816793510116,0,0.0,1986462.6914290434,1595346728673.552,1198496.9805149205,159534672867355.2,7649922.118653968,1.8490027287043631e-09,0,0,1,0.0,0.0,0
122,245000000.0,0,266083.2361311575,3419658.8523562923,0,1.211929185171197,7.488302257270288,0,0.0,2074382.3237097212,2474158121961.672,1544012.1342392124,247415812196167.2,7650472.788559487,2.7148416847921908e-09,0,0,1,0.0,0.0,0
123,245000000.0,0,311193.0824068656,3427444.76270076,0,1.1759618873488498,6.406291851763391,0,0.0,2177797.824225469,2362032117293.3833,1498902.2879635042,236203211729338.34,7650472.788559487,2.2705535229761153e-09,0,0,1,0.0,0.0,0
124,245000000.0,0,356302.9286825737,3446059.9770416087,0,12.12520056348855,124.34118339529857,0,0.0,1973948.7817960877,2204146731787.6685,1453792.441687796,220414673178766.84,7650472.788559487,2.2050699044484645e-09,0,0,1,0.0,0.0,0
125,245000000.0,0,401412.7749582818,3453803.819504884,0,1.0395290089982925,4.970021143606439,0,0.0,2076004.4360361272,2095734243390.3801,1408682.5954120879,209573424339038.0,7650472.788559487,2.263277565361932e-09,0,0,1,0.0,0.0,0
126,245000000.0,0,446522.62123398995,3461527.6737828027,0,1.0461588040995495,4.469047831560425,0,0.0,2698216.430384458,2304720997281.1206,1363572.7491363797,230472099728112.06,7650472.788559487,2.2050699044484645e-09,0,0,1,0.0,0.0,0
127,245000000.0,0,491632.4675096981,3480158.481585887,0,12.250600243612043,127.32941738482623,0,0.0,2276270.8210035046,1876932770263.9333,1318462.9028606715,187693277026393.34,7654100.67623464,1.6957528714556247e-09,0,0,1,0.0,0.0,0
128,245000000.0,0,536742.3137854063,3487919.917095765,0,0.9643877709593122,3.719253532274807,0,0.0,2378326.475243544,1926979794172.5227,1273353.0565849633,192697979417252.28,7654100.67623464,1.6957528714556247e-09,0,0,1,0.0,0.0,0
129,245000000.0,0,581852.1600611144,3506513.991796284,0,12.372881665629997,129.32890950119625,0,0.0,1956380.8658625903,1610317643296.4563,1228243.2103092552,161031764329645.62,7654100.67623464,1.7398633644916117e-09,0,0,1,0.0,0.0,0
130,245000000.0,0,626962.0063368224,3514239.9186403505,0,0.902002442963068,3.184906060904666,0,0.0,2058436.52010263,1592060850698.1218,1183133.364033547,159206085069812.2,7654100.67623464,1.7398633644916117e-09,0,0,1,0.0,0.0,0
131,245000000.0,0,672071.8526125305,3532799.6682972517,0,12.510547135968597,131.32840318122814,0,0.0,1678056.3895575758,1385648485172.99,1138023.5177578388,138564848517299.0,7654100.67623464,1.7398633644916117e-09,0,0,1,0.0,0.0,0
132,245000000.0,0,717181.6988882385,3540492.4142658208,0,0.8520762871804828,2.7848105891531976,0,0.0,1780112.0437976152,1312745042096.9258,1092913.6714821307,131274504209692.58,7654100.67623464,1.7398633644916117e-09,0,0,1,0.0,0.0,0
133,245000000.0,0,371666.5451639466,3548169.3946319628,0,0.990658148662087,5.36672804670498,0,0.0,1956318.3471202177,2158895874165.9143,1438428.8252064225,215889587416591.44,7654100.676234642,1.3906173990108073e-09,0,0,1,0.0,0.0,0
134,245000000.0,0,416776.39143965463,3556293.3050805307,0,1.0034961261251383,4.78724992838397,0,0.0,2059733.8476359642,2052386078734.7732,1393318.9789307143,205238607873477.3,7654100.676234642,1.4047145668882877e-09,0,0,1,0.0,0.0,0
135,245000000.0,0,461886.2377153628,3574791.0077291736,0,12.990571324401406,135.3077183459633,0,0.0,1867458.5008445096,1908002846566.2698,1348209.1326550061,190800284656626.97,7654100.676234642,1.3465069059748203e-09,0,0,1,0.0,0.0,0
136,245000000.0,0,506996.083991071,3582423.7749230904,0,0.9182123926841842,3.9370382233795995,0,0.0,1969514.1550845478,1809116051848.4805,1303099.286379298,180911605184848.06,7654100.676234642,1.3465069059748203e-09,0,0,1,0.0,0.0,0
137,245000000.0,0,552105.9302667791,3590407.2988982107,0,0.9321483923090406,3.61594387360002,0,0.0,2582070.6233267114,2020858549761.8206,1257989.4401035898,202085854976182.06,7671597.784609399,1.3465069059748203e-09,0,0,1,0.0,0.0,0
138,245000000.0,0,597215.7765424872,3609232.181506308,0,13.168163671202667,138.29811479708542,0,0.0,2151376.459758378,1605379938796.3235,1212879.5938278816,160537993879632.34,7671883.741355232,1.3906173990108073e-09,0,0,1,0.0,0.0,0
139,245000000.0,0,642325.6228181953,3617193.505818117,0,0.8719977840158512,3.108845550467376,0,0.0,2244683.559811038,1653650807379.4868,1167769.7475521734,165365080737948.7,7671883.741355232,1.3906173990108073e-09,0,0,1,0.0,0.0,0
140,245000000.0,0,687435.4690939033,3635993.089517591,0,13.30806656899705,140.2976987888946,0,0.0,1813989.396242705,1358135056841.5444,1122659.9012764653,135813505684154.44,7671883.741355232,1.3906173990108073e-09,0,0,1,0.0,0.0,0
141,245000000.0,0,732545.3153696114,3643929.958217734,0,0.8235868933516434,2.726484592151284,0,0.0,1907296.496295365,1333269277286.4368,1077550.055000757,133326927728643.67,7671883.741355232,1.3906173990108073e-09,0,0,1,0.0,0.0,0
142,245000000.0,0,387030.16164531943,3651855.207048151,0,0.9642919102739055,5.154238504346237,0,0.0,1940954.7306388442,2114932977264.8525,1423065.208725049,211493297726485.25,7671883.741355232,1.3906173990108073e-09,0,0,1,0.0,0.0,0
143,245000000.0,0,432140.0079210275,3665324.7788933907,0,0.9658117483234087,4.617444621658342,0,0.0,2035621.6769672125,2006892372691.58,1377955.3624493408,200689237269158.0,7671883.741355232,1.4047145668882877e-09,0,0,1,0.0,0.0,0
144,245000000.0,0,477249.85419673566,3684078.6315048104,0,13.78229137241205,144.2806003449066,0,0.0,1852094.884363136,1866812151176.0627,1332845.5161736326,186681215117606.28,7671883.741355232,1.3465069059748203e-09,0,0,1,0.0,0.0,0
145,245000000.0,0,522359.70047244383,3691971.293486499,0,0.885187250565203,3.821463513897943,0,0.0,1945401.9844157961,1766394547316.142,1287735.6698979244,176639454731614.22,7671883.741355232,1.3465069059748203e-09,0,0,1,0.0,0.0,0
146,245000000.0,0,567469.546748152,3710704.50360019,0,13.90185453120157,146.28023175212707,0,0.0,1761875.1918117197,1634453918724.697,1242625.8236222162,163445391872469.7,7671883.741355232,1.3465069059748203e-09,0,0,1,0.0,0.0,0
147,245000000.0,0,612579.3930238601,3718577.211167409,0,0.8250204467233443,3.259561880237765,0,0.0,1855182.2918643798,1542175907788.8484,1197515.977346508,154217590778884.84,7671883.741355232,1.3906173990108073e-09,0,0,1,0.0,0.0,0
148,245000000.0,0,657689.2392995681,3726440.4375693332,0,0.8403814873552188,3.0363331912431795,0,0.0,2467738.760106543,1760565458084.3137,1152406.1310708,176056545808431.38,7671883.741355232,1.3906173990108073e-09,0,0,1,0.0,0.0,0
149,245000000.0,0,702799.0855752762,3745145.1932892525,0,14.107805320880821,149.27224496646255,0,0.0,2037044.5965382098,1358568707459.8313,1107296.2847950917,135856870745983.12,7671883.741355232,1.3906173990108073e-09,0,0,1,0.0,0.0,0
150,245000000.0,0,747908.9318509842,3752992.3852755055,0,0.7950221446592604,2.6705516718259066,0,0.0,2130303.9285985082,1413461077617.3276,1062186.4385193835,141346107761732.75,7671979.277339955,2.256456355098635e-09,0,0,1,0.0,0.0,0
151,245000000.0,0,793018.7781266923,3771681.7074047094,0,14.25850932621708,151.27189798431743,0,0.0,1699561.9970378138,1131444841036.0957,1017076.5922436754,113144484103609.56,7671979.277339955,2.256456355098635e-09,0,0,1,0.0,0.0,0
152,245000000.0,0,838128.6244024003,3779512.05626469,0,0.7572327148798141,2.3834248312341075,0,0.0,1792821.3290981124,1113175015670.2004,971966.7459679672,111317501567020.05,7671979.277339955,2.256456355098635e-09,0,0,1,0.0,0.0,0
153,245000000.0,0,492613.4706781084,3787334.40226072,0,0.8397058418276343,4.051753282284764,0,0.0,1835371.4216060543,1825576944997.9092,1317481.899692259,182557694499790.9,7671979.277339955,3.056811692658812e-09,0,0,1,0.0,0.0,0
154,245000000.0,0,537723.3169538165,3800704.567710484,0,0.8550385596224656,3.712480854381611,0,0.0,1929990.599942061,1727046317571.848,1272372.0534165509,172704631757184.78,7671979.277339955,3.070908860536292e-09,0,0,1,0.0,0.0,0
155,245000000.0,0,582833.1632295245,3813806.8382618227,0,14.700568910923055,155.26437279249103,0,0.0,1746511.5753303461,1596507506268.1184,1227262.2071408427,159650750626811.84,7671979.277339955,3.056811692658812e-09,0,0,1,0.0,0.0,0
156,245000000.0,0,627943.0095052326,3821606.7409669044,0,0.7985332768341326,3.179938356534609,0,0.0,1839770.9073906445,1505599879555.409,1182152.3608651345,150559987955540.9,7671979.277339955,3.056811692658812e-09,0,0,1,0.0,0.0,0
157,245000000.0,0,673052.8557809406,3829405.6653780947,0,0.8116567711645762,2.9671263653098103,0,0.0,2452279.6076404466,1725328381009.4368,1137042.5145894263,172532838100943.7,7672195.626476244,3.0095179681666195e-09,0,0,1,0.0,0.0,0
158,245000000.0,0,718162.7020566487,3842492.9736191225,0,14.91071265432862,158.264045574682,0,0.0,2021537.676079752,1324751104711.0378,1091932.6683137182,132475110471103.78,7672195.626476244,3.0095179681666195e-09,0,0,1,0.0,0.0,0
159,245000000.0,0,763272.5483323567,3850278.613080845,0,0.7690159481117717,2.6168675093250457,0,0.0,2114797.0081400503,1380982429449.768,1046822.82203801,138098242944976.81,7672195.626476244,3.475179255474359e-09,0,0,1,0.0,0.0,0
160,245000000.0,0,808382.3946080648,3868908.63475961,0,15.062802197587837,160.26371916587556,0,0.0,1684055.0765793556,1100417103681.868,1001712.9757623018,110041710368186.8,7672195.626476244,3.0095179681666195e-09,0,0,1,0.0,0.0,0
161,245000000.0,0,853492.2408837728,3876681.860174107,0,0.7334158399148584,2.340571282345954,0,0.0,1777314.408639654,1083486232897.2067,956603.1294865937,108348623289720.67,7672195.626476244,3.0095179681666195e-09,0,0,1,0.0,0.0,0
162,245000000.0,0,507977.0871594809,3885462.550398816,0,0.8225440191893417,3.929449970256378,0,0.0,1820007.8051246807,1785330412453.2493,1302118.2832108855,178533041245324.94,7708676.702973637,2.5765984901227057e-09,0,0,1,0.0,0.0,0
163,245000000.0,0,553086.9334351891,3896372.2116559646,0,0.8271983761700454,3.6095418955298966,0,0.0,1914626.9834606873,1688185885782.6152,1257008.4369351773,168818588578261.53,7708676.702973637,2.5324879970867187e-09,0,0,1,0.0,0.0,0
164,245000000.0,0,598196.7797108971,3903004.6754741976,0,0.8346130218813265,3.3378016500104826,0,0.0,2526117.3497279705,1900491709487.325,1211898.5906594691,190049170948732.5,7712750.03890371,3.245986590627581e-09,0,0,1,0.0,0.0,0
165,245000000.0,0,643306.6259866052,3917148.8241639202,0,15.56922415962078,165.260754553964,0,0.0,2093338.750202239,1493080679422.4326,1166788.744383761,149308067942243.25,7712750.03890371,3.245986590627581e-09,0,0,1,0.0,0.0,0
166,245000000.0,0,688416.4722623132,3925992.683539422,0,0.7849464859118226,2.9010040816649187,0,0.0,2186598.0822625374,1541682676970.827,1121678.8981080528,154168267697082.7,7712750.03890371,3.245986590627581e-09,0,0,1,0.0,0.0,0
167,245000000.0,0,734955.7147906151,3940245.819413709,0,15.714951072196339,167.26740029862248,0,0.0,1752390.0864842122,1252258376191.7656,1075139.655579751,125225837619176.56,7718467.623914085,3.2232492230832577e-09,0,0,1,0.0,0.0,0
168,245000000.0,0,781494.957318917,3949199.0036127707,0,0.7437783959209154,2.5559270143447983,0,0.0,1844220.022291917,1224343815852.596,1028600.413051449,122434381585259.6,7718467.623914085,3.2232492230832577e-09,0,0,1,0.0,0.0,0
169,245000000.0,0,828034.1998472189,3969026.2676130924,0,15.86748843545289,169.2670655482755,0,0.0,1500292.2047301321,1054445049552.9127,982061.1705231471,105444504955291.27,7720486.3395339055,3.9508449845016e-09,0,0,1,0.0,0.0,0
170,245000000.0,0,874573.4423755208,3977998.3398875147,0,0.7094960057382506,2.284217294866544,0,0.0,1592122.1405378368,982982878727.3033,935521.9279948452,98298287872730.33,7720486.3395339055,3.9508449845016e-09,0,0,1,0.0,0.0,0
171,245000000.0,0,530487.6849038228,3986966.0647898647,0,0.797804442467207,3.7630222803034785,0,0.0,1795049.4771452264,1726341116768.6294,1279607.6854665433,172634111676862.94,7720486.3395339055,4.3146428652107716e-09,0,0,1,0.0,0.0,0
172,245000000.0,0,577026.9274321247,3998767.539899957,0,0.7965409857075462,3.4600464183995157,0,0.0,1889668.655481233,1628239385938.2502,1233068.4429382414,162823938593825.03,7720486.3395339055,4.3146428652107716e-09,0,0,1,0.0,0.0,0
173,245000000.0,0,623566.1699604266,4006727.6577170533,0,0.8025193931964923,3.202222752677627,0,0.0,2499729.6254959228,1838977947297.8943,1186529.2004099395,183897794729789.44,7720486.3395339055,4.3146428652107716e-09,0,0,1,0.0,0.0,0
174,245000000.0,0,670105.4124887285,4020978.329705846,0,16.3684630563382,174.2631461394973,0,0.0,2065521.6297175973,1431057234039.9592,1139989.9578816376,143105723403995.94,7720486.3395339055,4.3146428652107716e-09,0,0,1,0.0,0.0,0
175,245000000.0,0,716644.6550170304,4029930.0667394954,0,0.7558626399587519,2.7868945807901797,0,0.0,2157351.5655253017,1478615980699.6484,1093450.7153533357,147861598069964.84,7720486.3395339055,4.3146428652107716e-09,0,0,1,0.0,0.0,0
176,245000000.0,0,767380.0150662747,4033672.2551469514,0,0.7713300310795862,2.6028787328981937,0,0.0,2763216.4180190493,1827302318643.6511,1042715.3553040915,182730231864365.12,7737270.809617675,4.203684511594474e-09,0,0,1,0.0,0.0,0
177,245000000.0,0,818115.3751155189,4048261.5907858294,0,16.589698310858317,177.26991593242224,0,0.0,2324812.3047197815,1239942110150.8745,991979.9952548472,123994211015087.45,7737270.809617675,4.203684511594474e-09,0,0,1,0.0,0.0,0
178,245000000.0,0,868850.7351647632,4057552.3585632294,0,0.7326588312166825,2.2992450533724837,0,0.0,2412446.123006544,1427081336051.7957,941244.635205603,142708133605179.56,7737270.809617675,4.203684511594474e-09,0,0,1,0.0,0.0,0
179,245000000.0,0,532349.3872604452,4066273.430912705,0,0.7887147137721694,3.7498871242226817,0,0.0,2325090.609654007,1791614279746.8044,1277745.983109921,179161427974680.44,7802452.889625724,3.0340743251144886e-09,0,0,1,0.0,0.0,0
180,245000000.0,0,586473.0393561271,4076915.6398323867,0,0.8092166743003634,3.404411549152976,0,0.0,2393895.332078815,1840032148086.2063,1223622.331014239,184003214808620.62,7802452.889625922,2.990418579429388e-09,0,0,1,0.0,0.0,0
181,245000000.0,0,640596.6914518091,4087566.6145674903,0,0.8151418173284083,3.117223057173794,0,0.0,2970557.4366149255,2179706297204.7183,1169498.678918557,217970629720471.8,7802879.964597734,3.841705620288849e-09,0,0,1,0.0,0.0,0
182,245000000.0,0,694720.3435474911,4097954.178503627,0,17.079726475882072,182.27211575789448,0,0.0,2502950.5753579717,1524957104987.1252,1115375.026822875,152495710498712.53,7802879.964597734,3.841705620288849e-09,0,0,1,0.0,0.0,0
183,245000000.0,0,748843.9956431731,4108332.8516611042,0,0.7608496962493742,2.6672214642253884,0,0.0,2561381.645687147,1692034406991.7822,1061251.374727193,169203440699178.22,7802879.964597734,3.841705620288849e-09,0,0,1,0.0,0.0,0
184,245000000.0,0,412342.6477388551,4112925.067716803,0,0.9011235531160368,4.838600640269706,0,0.0,2474026.1323345113,2125348736553.9517,1397752.722631511,212534873655395.16,7802879.964597734,3.841705620288849e-09,0,0,1,0.0,0.0,0
185,245000000.0,0,466466.2998345371,4123564.651552809,0,0.8797515509595035,4.278383277485273,0,0.0,2542830.854759368,2171393337352.281,1343629.070535829,217139333735228.1,7802879.964597734,3.867171471938491e-09,0,0,1,0.0,0.0,0
186,245000000.0,0,520589.9519302191,4134201.6209531524,0,0.8726202391305943,3.8344296944347005,0,0.0,3119492.959295479,2508694218929.704,1289505.418440147,250869421892970.4,7802879.964597734,3.867171471938491e-09,0,0,1,0.0,0.0,0
187,245000000.0,0,574713.6040259011,4147845.9558804356,0,17.585619867536447,187.27973603229827,0,0.0,2651886.0980385253,1828971147328.082,1235381.766344465,182897114732808.2,7802879.964597734,3.841705620288849e-09,0,0,1,0.0,0.0,0
188,245000000.0,0,628837.256121583,4152922.399392537,0,0.8010895450680189,3.1754234614757726,0,0.0,2710317.1683677007,1993675181791.65,1181258.114248783,199367518179165.0,7802879.964597734,3.841705620288849e-09,0,0,1,0.0,0.0,0
189,245000000.0,0,682960.908217265,4152176.161971438,0,0.8129186089062146,2.9241437280574605,0,0.0,3286979.272903811,2453482839237.9883,1127134.462153101,245348283923798.8,7783816.973330977,4.027242539450526e-09,0,0,1,0.0,0.0,0
190,245000000.0,0,346459.560312947,4151427.641660625,0,0.9875738444935364,5.756065535219858,0,0.0,3199623.7595511754,2625595795178.1997,1463635.8100574191,262559579517819.97,7783816.973330977,3.627064870670438e-09,0,0,1,0.0,0.0,0
191,245000000.0,0,400583.212408629,4161788.025667529,0,0.9662046313826997,4.9802878661294985,0,0.0,3268428.4819760327,2874369844514.608,1409512.1579617371,287436984451460.8,7783816.973330977,5.8353180065751076e-09,0,0,1,0.0,0.0,0
192,245000000.0,0,454706.864504311,4177441.4153297115,0,18.122018028259145,192.29590297035952,0,0.0,2800821.620719079,2169672893528.9563,1355388.5058660551,216967289352895.62,7783816.973330977,4.503817763179541e-09,0,0,1,0.0,0.0,0
193,245000000.0,0,508830.516599993,4185980.373403112,0,0.8616181797336582,3.922872277904809,0,0.0,2859252.6910482543,2332003660451.4355,1301264.8537703732,233200366045143.56,7783816.973330977,4.903995431959629e-09,0,0,1,0.0,0.0,0
194,245000000.0,0,562954.168695675,4188654.440074069,0,0.863105874395436,3.5463874744035353,0,0.0,3435914.795584365,2789438050356.6855,1247141.2016746912,278943805035668.56,7783816.973330977,4.503817763179541e-09,0,0,1,0.0,0.0,0
195,245000000.0,0,617077.820791357,4198746.2917245515,0,18.289260407446154,195.31140313459488,0,0.0,2968307.934327411,1949546883134.185,1193017.5495790092,194954688313418.5,7783816.973330977,4.478351911529899e-09,0,0,1,0.0,0.0,0
196,245000000.0,0,671201.472887039,4208903.681567082,0,0.7976402246697663,2.9752984494517656,0,0.0,3029055.1938245865,2237041324320.486,1138893.8974833272,223704132432048.6,7774552.216658976,3.8089638110250235e-09,0,0,1,0.0,0.0,0
197,245000000.0,0,334700.12498272094,4210224.768819319,0,1.0014556538058554,5.957698109593922,0,0.0,2946332.058807952,2547198315447.687,1475395.2453876452,254719831544768.7,7774552.216658976,3.8089638110250235e-09,0,0,1,0.0,0.0,0
198,245000000.0,0,388823.7770784029,4220378.617441991,0,0.9609747605773301,5.1305233738929985,0,0.0,3015136.781232809,2714139095486.964,1421271.5932919632,271413909548696.38,7774552.216658976,3.8344296626746655e-09,0,0,1,0.0,0.0,0
199,245000000.0,0,442947.4291740849,4230530.783485061,0,0.9419375732953514,4.50503791343218,0,0.0,3594115.0749369203,3174624719152.137,1367147.9411962812,317462471915213.75,7774552.216658976,3.8344296626746655e-09,0,0,1,0.0,0.0,0
200,245000000.0,0,497071.0812697669,4230623.819059858,0,0.939442864958581,4.015491112034175,0,0.0,4147806.7973660403,3812715603188.431,1313024.2891005992,381271560318843.1,7825125.359208957,4.562025424093008e-09,0,0,1,0.0,0.0,0
201,245000000.0,0,551194.7333654489,4236010.421246381,0,18.86690348900879,201.31676264233235,0,0.0,3659545.7431700965,2654327298990.8105,1258900.6370049173,265432729899081.06,7825125.359208957,4.562025424093008e-09,0,0,1,0.0,0.0,0
202,245000000.0,0,605318.3854611309,4244173.819845913,0,0.8547919812857684,3.2985969879157055,0,0.0,3692690.2422242807,3110668828513.917,1204776.9849092353,311066882851391.7,7825125.359208957,4.536559572443366e-09,0,0,1,0.0,0.0,0
203,245000000.0,0,659442.0375568129,4217113.845705643,0,0.7131851789732678,3.028274831503219,0,0.0,4342548.276047654,3336089833987.223,1150653.3328135533,333608983398722.3,7825125.359208957,4.536559572443366e-09,0,0,1,0.0,0.0,0
204,245000000.0,0,322940.68965249485,4217201.249725424,0,1.0189941059966554,6.173969692246708,0,0.0,3911832.6353462767,3258953765221.5474,1487154.6807178713,325895376522154.75,7825150.561215594,4.089088179171085e-09,0,0,1,0.0,0.0,0
205,245000000.0,0,377064.34174817684,4228833.550286025,0,1.0036148537118759,5.290104829119724,0,0.0,3874020.505788437,3567980237763.1606,1433031.0286221893,356798023776316.06,7862902.630569014,3.750756150111556e-09,0,0,1,0.0,0.0,0
206,245000000.0,0,431187.9938438588,4235522.478435411,0,0.9847879025832028,4.627615825724583,0,0.0,4326081.097264052,4213614695532.1436,1378907.3765265073,421361469553214.4,7862902.630569014,3.750756150111556e-09,0,0,1,0.0,0.0,0
207,245000000.0,0,485311.6459395408,4247505.262583257,0,19.45625496161677,207.3305830267307,0,0.0,3818944.0083913985,2981812736283.1616,1324783.7244308253,298181273628316.2,7862902.630569014,3.750756150111556e-09,0,0,1,0.0,0.0,0
208,245000000.0,0,539435.2980352228,4253949.786845036,0,0.8814295773401284,3.7007205252341793,0,0.0,3852088.507445583,3452546245498.739,1270660.0723351433,345254624549873.9,7862902.630569014,3.750756150111556e-09,0,0,1,0.0,0.0,0
209,245000000.0,0,593558.9501309048,4255079.437631183,0,0.8920349112964462,3.3638380173398406,0,0.0,4396342.212536349,4196953984626.4146,1216536.4202394614,419695398462641.44,7862902.630569014,3.725290298461914e-09,0,0,1,0.0,0.0,0
210,245000000.0,0,257057.60222658678,4251961.7344430275,0,1.1700890908972397,7.750207638695741,0,0.0,4238031.821693794,3906255334521.003,1553037.7681437794,390625533452100.3,7925751.930317453,3.637978807091713e-09,0,0,1,0.0,0.0,0
211,245000000.0,0,467431.2543222687,4248148.466607925,0,0.7302921713933619,1.476041979521845,0,0.0,4406375.32296944,4306659173319.9434,1342664.1160480974,430665917331994.3,7925751.930317453,3.663444658741355e-09,0,0,1,0.0,0.0,0
212,245000000.0,0,521554.90641795064,4248817.374275859,0,0.9662556640238282,3.8273490028248958,0,0.0,4919204.378185987,5135733686022.186,1288540.4639524154,513573368602218.56,7925751.930317453,3.663444658741355e-09,0,0,1,0.0,0.0,0
213,245000000.0,0,575678.5585136326,4252573.165602266,0,19.943230110429027,213.35340107288798,0,0.0,4380642.639439113,3552968124218.9316,1234416.8118567334,355296812421893.2,7925751.930317453,3.637978807091713e-09,0,0,1,0.0,0.0,0
214,245000000.0,0,629802.2106093146,4257911.986025201,0,0.8738809350201278,3.1705659339210746,0,0.0,4382362.488619078,4190236863214.0674,1216020.85475705,419023686321406.75,7925751.930317453,3.637978807091713e-09,0,0,1,0.0,0.0,0
215,245000000.0,0,293300.8627049966,4254310.231202985,0,1.075349105271626,6.795766691328983,0,0.0,4229314.935792569,3870729302136.1963,1516794.5076653694,387072930213619.6,7915226.254285363,3.026798367500305e-09,0,0,1,0.0,0.0,0
216,245000000.0,0,347424.51480067853,4267895.0948271975,0,1.056831358895918,5.740124230765249,0,0.0,4246671.275084261,4372041229811.628,1462670.8555696874,437204122981162.8,7915226.254285363,3.052264219149947e-09,0,0,1,0.0,0.0,0
217,245000000.0,0,401583.0366270647,4276148.232307517,0,1.0304085980006097,4.967919206821207,0,0.0,4764728.298586148,5129225878813.628,1408512.3337433012,512922587881362.8,7915365.7332081795,3.368768375366926e-09,0,0,1,0.0,0.0,0
218,245000000.0,0,455741.5584534509,4253207.578260273,0,0.847438352553186,4.378843928220802,0,0.0,5369513.6161439335,5553260733163.295,1488743.2403187864,555326073316329.5,7915365.7332081795,3.368768375366926e-09,0,0,1,0.0,0.0,0
219,245000000.0,0,509900.08027983713,4255656.309411616,0,1.0029467100118394,3.914659788083284,0,0.0,5410217.345589923,6457782344718.434,1654580.0867092204,645778234471843.4,7915365.7332081795,2.5174813345074654e-09,0,0,1,0.0,0.0,0
220,245000000.0,0,173433.60210622335,4252540.789541887,0,1.5123413019098473,11.46568078541471,0,0.0,5257100.053302004,5772662808413.954,1636661.7682641426,577266280841395.4,7915365.7332081795,2.5174813345074654e-09,0,0,1,0.0,0.0,0
221,245000000.0,0,383842.1239326095,4243168.383360674,0,0.8073355596155447,1.7859732944173432,0,0.0,5430706.392593697,6563512656402.427,1595628.7794900886,656351265640242.6,7915475.123181113,2.5938788894563913e-09,0,0,1,0.0,0.0,0
222,245000000.0,0,438000.64575899567,4257646.918274432,0,20.860524102843772,222.37620128645034,0,0.0,4897372.622132164,4789051046119.532,1372094.7246113701,478905104611953.25,7915475.123181113,2.5938788894563913e-09,0,0,1,0.0,0.0,0
223,245000000.0,0,492159.1675853818,4264180.512958375,0,0.9676214450788545,4.0554857973997525,0,0.0,4904320.439597471,5529276070675.394,1536677.4722709567,552927607067539.4,7915475.123181113,2.6520865503698587e-09,0,0,1,0.0,0.0,0
224,245000000.0,0,546317.689411768,4262497.264494303,0,0.9832150680560819,3.6541848339481016,0,0.0,5422377.463099358,6529326940409.429,1702514.3186613908,652932694040942.9,7915475.123181113,3.52520146407187e-09,0,0,1,0.0,0.0,0
225,245000000.0,0,209851.2112381541,4259604.515080424,0,1.3266794831369937,9.485361683509716,0,0.0,5269260.17081144,5797348690313.798,1600244.1591322115,579734869031379.8,7914768.51380163,1.889929990284145e-09,0,0,1,0.0,0.0,0
226,245000000.0,0,420259.73306454025,4256001.213433107,0,0.8127522165516218,1.7929031468762953,0,0.0,5442866.510103133,6621828151081.005,1643563.011442259,662182815108100.5,7914768.51380163,1.8353603081777692e-09,0,0,1,0.0,0.0,0
227,245000000.0,0,474418.2548909264,4266078.631106817,0,21.285471563702377,227.40603547977787,0,0.0,4909532.739641599,4828959084141.278,1418774.857832693,482895908414127.8,7914768.5138016315,2.1591404220089316e-09,0,0,1,0.0,0.0,0
228,245000000.0,0,528576.7767173126,4273730.134642161,0,0.9460218012451272,3.776600651556889,0,0.0,4916480.557106905,5588728000978.875,1584611.704223127,558872800097887.5,7914768.5138016315,2.1591404220089316e-09,0,0,1,0.0,0.0,0
229,245000000.0,0,192110.29854369874,4278232.891042168,0,1.40550954298618,10.35677545466288,0,0.0,4763363.264818985,5127175487969.744,1617985.0718266666,512717548796974.44,7914768.5138016315,2.2137101041153073e-09,0,0,1,0.0,0.0,0
230,245000000.0,0,402518.8203700849,4274840.734719939,0,0.7703698020099332,1.6167540386237347,0,0.0,4936969.604110677,5717623690829.356,1525660.3970039953,571762369082935.6,7914768.5138016315,2.1591404220089316e-09,0,0,1,0.0,0.0,0
231,245000000.0,0,458132.6750525732,4284296.772669498,0,1.0383801858219506,4.356039351307308,0,0.0,5453571.294756461,6683657643198.637,1691497.2433944293,668365764319863.6,7920589.84522604,1.988155418075621e-09,0,0,1,0.0,0.0,0
232,245000000.0,0,123121.52973506157,4281947.974915411,0,1.9197138971904897,16.113240017819766,0,0.0,5297543.336756337,6029741479660.931,1686973.8406353039,602974147966093.1,7920589.84522604,1.988155418075621e-09,0,0,1,0.0,0.0,0
233,245000000.0,0,334985.3844175498,4275361.370331153,0,0.8248172735874479,1.8284468224482036,0,0.0,5471149.676048029,6807133193332.917,1632545.9361752975,680713319333291.8,7920589.84522604,2.0863808458670974e-09,0,0,1,0.0,0.0,0
234,245000000.0,0,390599.2391000381,4279260.911719909,0,1.1568035477769631,5.107262221950026,0,0.0,5987751.366693813,7895890199398.853,1798382.7825657316,789589019939885.2,7920589.84522604,2.104570739902556e-09,0,0,1,0.0,0.0,0
235,245000000.0,0,446213.09378252644,4288455.299004103,0,22.037549684752978,235.4347035575175,0,0.0,5452962.263376178,5839151326373.103,1573594.6289561656,583915132637310.2,7920589.84522604,2.0954757928848267e-09,0,0,1,0.0,0.0,0
236,245000000.0,0,501826.9484650148,4294276.56757981,0,1.0098381188328898,3.9775115596039976,0,0.0,5458454.747985382,6737888981118.829,1739431.4753465997,673788898111882.9,7920589.84522604,2.0954757928848267e-09,0,0,1,0.0,0.0,0
237,245000000.0,0,166815.80314750317,4295447.663834079,0,1.541343834523274,11.917828729408054,0,0.0,5302426.789985258,6032344576006.783,1643279.567222862,603234457600678.4,7920589.84522604,2.0954757928848267e-09,0,0,1,0.0,0.0,0
238,245000000.0,0,378679.6578299914,4292513.130414226,0,0.8317144341792198,1.8357108722390638,0,0.0,5476033.129276949,6846555226231.121,1680480.1681274679,684655522623112.1,7920589.84522604,2.1354935597628355e-09,0,0,1,0.0,0.0,0
239,245000000.0,0,434293.5125124797,4301132.886694502,0,1.11708439605876,4.594600981889572,0,0.0,5992634.819922733,7955771490764.751,1846317.014517902,795577149076475.1,7920589.84522604,2.153683453798294e-09,0,0,1,0.0,0.0,0
240,245000000.0,0,99282.36719496804,4294729.754575054,0,2.249459561855341,19.943685574470123,0,0.0,5836606.86192261,7061142951824.141,1710813.003175397,706114295182414.0,7910169.217340914,1.8335413187742233e-09,0,0,1,0.0,0.0,0
241,245000000.0,0,311146.22187745635,4288801.482944387,0,0.9003236642382937,2.113552331301122,0,0.0,6010213.201214301,8066486212595.927,1787365.70729877,806648621259592.6,7910169.217340914,1.8335413187742233e-09,0,0,1,0.0,0.0,0
242,245000000.0,0,366760.07655994466,4290986.568621599,0,1.261146750189935,5.438328213078891,0,0.0,6526816.391751018,9298431390010.062,1953204.0535801372,929843139001006.2,7910163.217777181,2.153683453798294e-09,0,0,1,0.0,0.0,0
243,245000000.0,0,422373.9312424329,4299889.350650389,0,22.790035719200496,243.47503551628213,0,0.0,5992030.28821525,6982360803881.071,1728417.3998615043,698236080388107.1,7910163.217777181,2.2118911147117615e-09,0,0,1,0.0,0.0,0
244,245000000.0,0,477987.7859249213,4308189.547250705,0,1.0861696100296798,4.175471815294866,0,0.0,5997522.772824452,8024286950615.051,1894255.7461428714,802428695061505.1,7910163.217777181,3.259629011154175e-09,0,0,1,0.0,0.0,0
245,245000000.0,0,142976.64060740964,4306734.355270674,0,1.7147745808947414,13.891142282264582,0,0.0,5841497.814606195,7078033652671.294,1669469.0924242386,707803365267129.4,7910163.217777181,2.153683453798294e-09,0,0,1,0.0,0.0,0
246,245000000.0,0,354840.4952898979,4303766.682866291,0,0.9096773457453418,2.1232643446444417,0,0.0,6015104.153897886,8120202847935.998,1835307.4387056057,812020284793599.8,7910163.217777181,3.2996467780321836e-09,0,0,1,0.0,0.0,0
247,245000000.0,0,410454.34997238615,4314068.392663445,0,1.217340311684956,4.86080655152686,0,0.0,6531707.344434603,9372609915004.389,2001145.7849869728,937260991500438.9,7910163.217777181,2.2118911147117615e-09,0,0,1,0.0,0.0,0
248,245000000.0,0,75443.20465487451,4306874.850855636,0,2.7813560854408834,26.163215017339898,0,0.0,6375682.386216346,8237270780932.587,1776359.13126834,823727078093258.8,7925088.159172664,2.0881998352706432e-09,0,0,1,0.0,0.0,0
249,245000000.0,0,287307.0593373628,4301772.750123114,0,0.9924574079235983,2.50399442443678,0,0.0,6549288.725508038,9470574399814.633,1942197.477549707,947057439981463.2,7925088.159172664,3.194145392626524e-09,0,0,1,0.0,0.0,0
250,245000000.0,0,342920.91401985113,4321820.5693526855,0,23.52819262045836,250.51434613922942,0,0.0,5972732.070419366,7092023967272.683,1696525.5480546225,709202396727268.2,8008629.262278471,2.61206878349185e-09,0,0,1,0.0,0.0,0
251,245000000.0,0,398534.7687023394,4338162.046825875,0,1.1522932824666068,5.005822162851705,0,0.0,5978224.555028568,8026954108636.232,1841478.618559538,802695410863623.2,8008629.262278471,2.6702764444053173e-09,0,0,1,0.0,0.0,0
252,245000000.0,0,63523.62338482775,4346943.075227461,0,3.1910739536521233,30.996399381846945,0,0.0,5780429.045257408,7103279641291.574,1746571.7469855365,710327964129157.4,8008629.262278471,2.1755113266408443e-09,0,0,1,0.0,0.0,0
253,245000000.0,0,275387.47806731606,4346349.084027158,0,0.9090401970436528,2.173296147145741,0,0.0,5951874.786361134,8010011960330.69,1738599.1613814032,801001196033069.0,8017264.411397681,2.7212081477046013e-09,0,0,1,0.0,0.0,0
254,245000000.0,0,331001.33274980437,4364244.492246249,0,1.3024693577754023,6.024072203069126,0,0.0,6422693.399056551,9062368989637.398,1881391.633698353,906236898963739.9,8062741.819151445,2.1391315385699272e-09,0,0,1,0.0,0.0,0
255,245000000.0,0,386615.1874322926,4360763.678234721,0,1.3230263258041446,5.159756544238488,0,0.0,6893512.011751968,10261960439675.441,2024184.106015303,1026196043967544.1,8062741.819151445,2.1973391994833946e-09,0,0,1,0.0,0.0,0
256,245000000.0,0,51604.04211478098,4359812.631499056,0,3.7841398098011036,38.01989200061926,0,0.0,6668656.601727994,8831894644190.783,1776351.5783322528,883189464419078.4,8062741.819151445,2.1391315385699272e-09,0,0,1,0.0,0.0,0
257,245000000.0,0,263467.8967972693,4360244.072230107,0,1.053491984551657,2.8708784775929512,0,0.0,6819524.237142803,10061297621514.748,1919144.0506492027,1006129762151474.8,8062741.819151445,2.1391315385699272e-09,0,0,1,0.0,0.0,0
258,245000000.0,0,319081.7514797576,4377878.497960578,0,24.29506392793762,258.5408611066447,0,0.0,6215907.681801318,7497077160235.599,1671311.5229661525,749707716023559.9,8062741.819151445,2.1391315385699272e-09,0,0,1,0.0,0.0,0
259,245000000.0,0,374695.60616224585,4390756.309704102,0,1.2131997149719378,5.323458585076693,0,0.0,6198661.462533639,8427903380484.793,1814103.9952831024,842790338048479.2,8062741.819151445,2.1973391994833946e-09,0,0,1,0.0,0.0,0
260,245000000.0,0,39684.46084473422,4390272.878502653,0,4.722430193646947,49.158817850202865,1,0.0,5997286.061331832,7411596570937.512,1770410.9095256296,741159657093751.1,8015781.801507111,5.966285243630409e-10,0,0,1,0.0,0.0,0
261,245000000.0,0,251548.31552722253,4389794.081793454,0,0.9328487812186559,2.315711072795273,0,0.0,6148153.696746641,8385173122009.207,1732543.9487391694,838517312200920.8,8015781.801507111,5.966285243630409e-10,0,0,1,0.0,0.0,0
262,245000000.0,0,307162.17020971084,4406710.096421619,0,1.3767529129530185,6.490089288503381,0,0.0,6630712.313853142,9523438110553.018,1887076.425467203,952343811055301.8,8015781.801507111,5.966285243630409e-10,0,0,1,0.0,0.0,0
263,245000000.0,0,362776.02489219914,4401673.930656803,0,1.4008171417615303,5.497888434491188,0,0.0,7113270.930959643,10815918712254.787,2041608.9021952364,1081591871225478.8,8015781.801507111,5.966285243630409e-10,0,0,1,0.0,0.0,0
264,245000000.0,0,27764.879574687453,4400156.308666351,0,6.42917828106227,69.52923250754583,1,0.0,6911895.529757836,9345604014465.54,1805516.37892327,934560401446553.9,8015781.801507111,5.966285243630409e-10,0,0,1,0.0,0.0,0
265,245000000.0,0,239628.73425717576,4399475.241763447,0,1.100050279169512,3.1247298468687674,0,0.0,7062763.165172645,10697118528890.258,1960048.8556513034,1069711852889025.8,8015781.801507111,5.966285243630409e-10,0,0,1,0.0,0.0,0
266,245000000.0,0,295242.58893966407,4416130.408311438,0,25.069624171322417,266.57025839703425,0,0.0,6482626.618653327,8060471569086.844,1723956.332379337,806047156908684.4,8015781.801507111,6.075424607843161e-10,0,0,1,0.0,0.0,0
267,245000000.0,0,350856.4436221524,4428294.848041285,0,1.2740561070617629,5.684136346662269,0,0.0,6446929.0550371,9045736718430.463,1878488.8091073704,904573671843046.2,8052684.490204206,1.367880031466484e-09,0,0,1,0.0,0.0,0
268,245000000.0,0,15845.298304640688,4430448.8432524465,0,10.540544864747487,118.72749083042494,1,0.0,6197553.4023589045,7844092993728.829,1794250.0720657227,784409299372882.9,8111782.304459888,5.966285243630409e-10,0,0,1,0.0,0.0,0
269,245000000.0,0,227709.15298712897,4429753.936363915,0,0.9357984158950554,2.314022088254063,0,0.0,6307291.193609855,8794767193355.427,1807391.6848766948,879476719335542.6,8084300.67520977,1.4988472685217857e-09,0,0,1,0.0,0.0,0
270,245000000.0,0,283323.00766961725,4444271.033981983,0,1.4181365568268134,7.034253106677866,0,0.0,6748719.966552497,9887784006048.523,1972387.0839179857,988778400604852.4,8084300.67520977,1.5097612049430609e-09,0,0,1,0.0,0.0,0
271,245000000.0,0,338936.86235210556,4437580.780039786,0,1.409399974773412,5.8834454909112095,0,0.0,7190148.73949514,11119826959041.918,2137382.4829592765,1111982695904191.8,8084300.67520977,1.4988472685217857e-09,0,0,1,0.0,0.0,0
272,245000000.0,0,3925.717034593923,4435072.314727195,0,10.657665250154304,120.0,1,0.0,6954513.901442003,9585450689576.604,1911752.8820005674,958545068957660.4,8084300.67520977,1.4988472685217857e-09,0,0,1,0.0,0.0,0
273,245000000.0,0,216295.27606340934,4432058.509795684,0,1.0382626028170594,2.714860076931072,0,0.0,7064351.274801523,10819092664204.416,2076748.2810418583,1081909266420441.6,8056420.7175253695,2.422893885523081e-09,0,0,1,0.0,0.0,0
274,245000000.0,0,272414.83509222476,4434396.782601194,0,1.5768567647721732,7.31489203694959,0,0.0,7512750.0371652655,12126032710892.133,2241743.680083149,1212603271089213.2,8056420.7175253695,2.422893885523081e-09,0,0,1,0.0,0.0,0
275,245000000.0,0,328534.3941210402,4437768.269482999,0,25.828718281455053,275.60303501028017,0,0.0,6912799.736983146,9213607516565.27,2016114.07912444,921360751656527.0,8056420.7175253695,2.422893885523081e-09,0,0,1,0.0,0.0,0
276,245000000.0,0,384653.9531498556,4451120.382473986,0,1.2576037543020122,5.185996367118398,0,0.0,6847029.49437799,10325201633797.436,2181109.478165731,1032520163379743.5,8056492.987584409,1.407897798344493e-09,0,0,1,0.0,0.0,0
277,245000000.0,0,50148.51217867108,4449198.528971733,0,3.872231006643069,39.10182163292718,0,0.0,6625298.500137534,8956335811680.566,1955479.8772070217,895633581168056.6,8056492.987584409,1.407897798344493e-09,0,0,1,0.0,0.0,0
278,245000000.0,0,262518.0712074865,4446070.18884268,0,0.9521485571486628,2.2222462091119852,0,0.0,6746595.827732617,10096077024571.775,2120475.2762483126,1009607702457177.5,8019633.100271086,1.2114469427615404e-09,0,0,1,0.0,0.0,0
279,245000000.0,0,318637.6302363019,4450313.61736377,0,1.395778155692895,6.257085558172355,0,0.0,7213406.466238261,11411623743977.775,2285470.6752896034,1141162374397777.5,8019633.100271086,1.7571437638252974e-09,0,0,1,0.0,0.0,0
280,240937840.45187002,1,0.0,4444087.067419217,4062160,10.67964194941505,120.0,1,16501140194463.53,6946634.172714936,9894683646434.342,2059841.0743308943,997718934740665.9,8019633.100271086,1.8153514247387648e-09,0,0,1,0.0,0.0,0
281,249062159.54812998,0,212369.55902881542,4438075.622794603,0,1.0125534801764862,2.4409176395290197,0,0.0,7179006.1754541965,11332071706733.287,2240704.2841070676,1133207170673328.8,8019633.100271086,1.7571437638252974e-09,0,0,1,0.0,0.0,0
282,245000000.0,0,268489.11805763084,4419495.52858055,0,1.3151901037608325,7.421449943564309,0,0.0,7767001.843280741,11106270170512.701,2015074.6831483585,1110627017051270.1,8019633.100271086,1.989974407479167e-09,0,0,1,0.0,0.0,0
283,245000000.0,0,324608.67708644626,4402208.659756319,0,1.262579916464436,6.142342451976541,0,0.0,7787721.037211932,11650815057428.652,2180070.0821896493,1165081505742865.2,8079810.612911647,2.5065673980861902e-09,0,0,1,0.0,0.0,0
284,242466428.445507,1,0.0,4417745.565578248,2533572,10.672898454041949,120.0,1,6418984821736.127,7219765.055045307,10032650961959.914,1954440.4812309402,1006474588606859.5,8079810.612911647,2.1209416445344687e-09,0,0,1,0.0,0.0,0
285,247533571.554493,0,212369.55902881542,4418121.177965183,0,1.100624096576709,3.005597312489537,0,0.0,7313224.5266472325,11390773057960.934,2129332.644156969,1139077305796093.2,8079810.612911647,2.5065673980861902e-09,0,0,1,0.0,0.0,0
286,245000000.0,0,268489.11805763084,4447798.374347826,0,1.6548386543482752,7.421449943564309,0,0.0,7691401.135245597,12740628796240.697,2294328.04319826,1274062879624069.8,8079810.612911647,2.1209416445344687e-09,0,0,1,0.0,0.0,0
287,228099821.33413023,1,0.0,4449656.473826853,16900179,10.746619221988254,120.0,1,285616038938319.3,7210416.41190983,10750282170757.549,2068698.4422395509,1217836236544914.5,8079810.612911647,2.1209416445344687e-09,0,0,1,0.0,0.0,0
288,261900178.66586977,0,212369.55902881542,4439716.485559609,0,1.2072708219298744,3.603097915633037,0,0.0,7780209.61880203,13027963340913.918,2299710.1641943953,1302796334091391.8,8079810.612911647,2.3537722881883383e-09,0,0,1,0.0,0.0,0
289,245000000.0,0,268489.11805763084,4466514.41746657,0,27.227646107011388,289.63980917807874,0,0.0,7185034.746149292,9999597327626.73,2074080.5632356862,999959732762673.0,8079810.612911647,2.1209416445344687e-09,0,0,1,0.0,0.0,0
290,245000000.0,0,324608.67708644626,4470928.424021211,0,1.3888964824099135,6.142342451976541,0,0.0,7124094.133617801,11159091361513.203,2239075.962276977,1115909136151320.2,8079810.612911647,1.5752448234707117e-09,0,0,1,0.0,0.0,0
291,242466428.445507,1,0.0,4481576.4505113885,2533572,10.670816532139783,120.0,1,6418984821736.127,6867587.6463972945,9667925605419.229,2013446.3613182679,970002052952791.0,8091490.612237163,2.266460796818137e-09,0,0,1,0.0,0.0,0
292,247533571.554493,0,212369.55902881542,4478965.135372975,0,1.0042479451654784,2.5044666024833395,0,0.0,7044543.940087786,10979922666711.0,2188338.524244297,1097992266671100.0,8091490.612237163,2.004526322707534e-09,0,0,1,0.0,0.0,0
293,245000000.0,0,268489.11805763084,4471882.999846326,0,1.3021722364755257,7.421449943564309,0,0.0,7630227.778604998,10740760209824.969,1962708.9232855877,1074076020982496.9,8068877.508660311,1.407897798344493e-09,0,0,1,0.0,0.0,0
294,245000000.0,0,324608.67708644626,4476307.1368089,0,1.5260114883931237,6.142342451976541,0,0.0,7582916.55848041,12033772711809.879,2127704.3223268786,1203377271180988.0,8068877.508660311,1.407897798344493e-09,0,0,1,0.0,0.0,0
295,242466428.445507,1,0.0,4487023.409819104,2533572,10.669628998351499,120.0,1,6418984821736.127,7337716.62304833,10311842702638.973,1902074.7213681694,1034393762674765.4,8068877.508660311,1.3023964129388332e-09,0,0,1,0.0,0.0,0
296,247533571.554493,0,212369.55902881542,4489653.352157301,0,1.133984950050714,3.180507428895527,0,0.0,7525979.468527248,11871478505064.732,2076966.8842941986,1187147850506473.2,8068877.508660311,2.3392203729599714e-09,0,0,1,0.0,0.0,0
297,245000000.0,0,268489.11805763084,4479980.566841207,0,1.4614451933712431,7.421449943564309,0,0.0,8105998.5062075425,11815772060206.479,1851337.2833354895,1181577206020647.8,8091536.71200798,2.1464074961841106e-09,0,0,1,0.0,0.0,0
298,228099821.33413023,1,0.0,4492369.0608074125,16900179,10.744677349696987,120.0,1,285616038938319.3,7278176.102706756,9840762479086.791,1810095.370370362,1126884267377838.8,8091536.71200798,2.1464074961841106e-09,0,0,1,0.0,0.0,0
299,261900178.66586977,0,212369.55902881542,4486346.611691136,0,1.2565594989730167,3.9878930553607184,0,0.0,7732636.222495086,12051888556559.6,1856719.4043316247,1205188855655960.0,8091514.94013063,2.61206878349185e-09,0,0,1,0.0,0.0,0
300,245000000.0,0,268489.11805763084,4479547.266300009,0,1.6041719985335543,7.421449943564309,0,0.0,8220968.407927367,12677759785912.639,2021714.8033729156,1267775978591263.8,8091514.94013063,2.7284841053187847e-09,0,0,1,0.0,0.0,0
301,228099821.33413023,1,0.0,4508370.174995758,16900179,10.744191499958605,120.0,1,285616038938319.3,7442707.1200607605,10628582131491.584,1810095.370370362,1205666232618318.0,8074824.750732117,3.6816345527768135e-09,0,0,1,0.0,0.0,0
302,261900178.66586977,0,212369.55902881542,4515827.883634616,0,1.458192173147543,5.466729274308266,0,0.0,7881216.876588102,13010789381849.615,2027096.924369051,1301078938184961.5,8074824.750732117,2.815795596688986e-09,0,0,1,0.0,0.0,0
303,245000000.0,0,267584.1669722305,4557659.294177539,0,28.236060409163496,300.731179345249,0,0.0,7295279.885773288,9929888434575.98,1801467.3234103417,992988843457598.0,8071204.946390515,3.5579432733356953e-09,0,0,1,0.0,0.0,0
304,245000000.0,0,322798.77491564554,4578265.912715283,0,1.5291792099175525,6.1766756236833515,0,0.0,7253005.0694836015,11120599334630.492,1966462.7224516326,1112059933463049.2,8082052.393888583,3.4269760362803936e-09,0,0,1,0.0,0.0,0
305,241771426.0119195,1,0.0,4589805.209220991,3228574,10.670999120392738,120.0,1,10423689996510.035,6995782.002161614,9541572659929.234,1810095.3703703615,959369110991178.5,8082052.393888583,3.485183697193861e-09,0,0,1,0.0,0.0,0
306,248228573.9880805,0,211464.60794341506,4587125.383479375,0,1.1359813447129872,3.5254411208371184,0,0.0,7211404.801071871,11061530125676.547,1918440.1376751538,1106153012567654.8,8082052.393888583,3.6452547647058964e-09,0,0,1,0.0,0.0,0
307,245000000.0,0,266679.2158868301,4585193.188892995,0,1.4942096066794135,7.471629776611283,0,0.0,7795261.046726464,11042690780728.195,1692810.5367164447,1104269078072819.5,8082052.393888583,3.4269760362803936e-09,0,0,1,0.0,0.0,0
308,227404818.9005428,1,0.0,4597801.378230447,17595181,10.746875802090841,120.0,1,309590397922696.06,6972168.83675864,9210640402247.658,1810095.3703703613,1075859239186113.9,8082052.393888583,3.6088749766349792e-09,0,0,1,0.0,0.0,0
309,262595181.0994572,0,211464.60794341518,4594377.929896484,0,1.3077586064621176,4.708663244482545,0,0.0,7451263.170783431,11378609949831.264,1700907.510968781,1137860994983126.2,8082052.393888583,3.841705620288849e-09,0,0,1,0.0,0.0,0
310,245000000.0,0,266679.21588683035,4609823.332853718,0,2.086324599406138,7.471629776611277,0,0.0,7883728.089912039,12776670041500.807,1865902.910010072,1277667004150080.8,8082052.393888583,3.6088749766349792e-09,0,0,1,0.0,0.0,0
311,227404818.90054286,1,0.0,4622431.421473473,17595181,10.745793140798868,120.0,1,309590397922693.94,7402026.786474791,10663870877415.275,1810095.3703703613,1221182286702874.5,8082052.393888583,3.6088749766349792e-09,0,0,1,0.0,0.0,0
312,262595181.09945714,0,211464.60794341518,4613355.795765274,0,1.6775436733549791,7.087345396043888,0,0.0,8010486.498586754,13217900916069.986,1873999.8842624081,1321790091606998.8,8082052.393888583,3.6088749766349792e-09,0,0,1,0.0,0.0,0
313,213269879.26702857,1,0.0,4641561.031031539,31730121,10.851003725095445,120.0,1,1006800561728943.4,7307926.763375846,10866837882418.426,1810095.3703703613,1590084069106314.2,8082052.393888583,3.6088749766349792e-09,0,0,1,0.0,0.0,0
314,276730120.73297143,0,186155.84146690113,4620954.921975268,0,2.1541657072372757,10.686281466420079,0,0.0,8302888.731091714,14220795520011.164,1937311.4664581595,1422079552001116.5,8082052.393888583,3.6088749766349792e-09,0,0,1,0.0,0.0,0
315,213269879.26702857,1,0.0,4653320.246974241,31730121,10.850671173551623,120.0,1,1006800561728943.4,7600329.000123484,11713166485778.043,1810095.3703703613,1674716929442276.0,8082052.385403229,3.812601789832115e-09,0,0,1,0.0,0.0,0
316,276730120.73297143,0,211464.60794341518,4645842.15436833,0,20.797247582656844,300.9006022249188,0,0.0,7481581.8365958,9414785669261.863,1598630.762426946,941478566926186.4,8093418.22810651,2.9976945370435715e-09,0,0,1,0.0,0.0,0
317,245000000.0,0,266679.21588683035,4680027.988225995,0,1.6575294450982956,7.471629776611277,0,0.0,7280586.928672023,10285833286801.535,1651047.663582032,1028583328680153.5,8093418.22810651,2.9976945370435715e-09,0,0,1,0.0,0.0,0
318,227404818.90054286,1,0.0,4699044.550174322,17595181,10.74527767619687,120.0,1,309590397922693.94,6678631.924012643,8633254364958.283,1810095.3703703613,1018120635457175.4,8093418.22810651,2.9976945370435715e-09,0,0,1,0.0,0.0,0
319,262595181.09945714,0,211464.60794341518,4689679.257609214,0,1.203338752729534,4.206105034527822,0,0.0,7109129.511708263,10639762282786.062,1659144.6378343683,1063976228278606.2,8093418.22810651,2.9976945370435715e-09,0,0,1,0.0,0.0,0
320,245000000.0,0,266679.21588683035,4703325.532887686,0,1.9150585246255976,7.471629776611277,0,0.0,7571541.534682027,11935924164574.443,1824140.0368756591,1193592416457444.2,8093418.22810651,2.9976945370435715e-09,0,0,1,0.0,0.0,0
321,227404818.90054286,1,0.0,4705811.084930249,17595181,10.744493707132223,120.0,1,309590397922693.94,7084157.314135817,9965989815089.467,1810095.3703703613,1151394180470293.5,8093418.22810651,2.9976945370435715e-09,0,0,1,0.0,0.0,0
322,262595181.09945714,0,211464.60794341518,4697063.2617770005,0,1.4718617258912634,5.8539460370104806,0,0.0,7686569.898224161,12333945258930.992,1832237.0111279953,1233394525893099.2,8094146.649935819,3.812601789832115e-09,0,0,1,0.0,0.0,0
323,213269879.26702857,1,0.0,4715339.353188119,31730121,10.850073102444789,120.0,1,1006800561728943.4,6977963.034989635,10131109243558.754,1810095.3703703613,1516511205220347.0,8094146.649935819,3.812601789832115e-09,0,0,1,0.0,0.0,0
324,276730120.73297143,0,211464.60794341518,4695465.883772149,0,1.7511107780010091,7.915783923017019,0,0.0,7966877.874681886,13253551456956.957,1895548.5933237467,1325355145695695.8,8094146.649935819,3.812601789832115e-09,0,0,1,0.0,0.0,0
325,213269879.26702857,1,0.0,4723868.928273394,31730121,10.849905277354836,120.0,1,1006800561728943.4,7258271.01144736,10900036831803.895,1810095.3703703613,1593403964044861.2,8042645.082284275,3.984496288467199e-09,0,0,1,0.0,0.0,0
326,276730120.73297143,0,173308.16192617035,4703754.0565467505,0,2.2375313749880115,11.473932017291975,0,0.0,8225908.760534391,14137413733245.463,1958860.175519498,1413741373324546.2,8085194.2974461885,3.346940502524376e-09,0,0,1,0.0,0.0,0
327,213269879.26702857,1,0.0,4733786.579136405,31730121,10.84981906445261,120.0,1,1006800561728943.4,7496024.8066946445,11579950412734.648,1810095.3703703613,1661395322137936.5,8085194.594738286,4.451976565178484e-09,0,0,1,0.0,0.0,0
328,276730120.73297143,0,105595.1175181577,4713877.737932132,0,3.1931528020989854,18.762585440738548,0,0.0,8463662.555781676,14975529524556.492,2022171.7577152494,1497552952455649.2,8085194.594738286,4.82032191939652e-09,0,0,1,0.0,0.0,0
329,213269879.26702857,1,0.0,4743417.412831009,31730121,10.849760106338662,120.0,1,1006800561728943.4,7733778.601941929,12289265447978.395,1810095.3703703613,1732326825662311.2,8085194.594738284,4.412868293002248e-09,0,0,1,0.0,0.0,0
330,276730120.73297143,0,211464.60794341518,4737009.234391794,0,20.832396445937412,300.9495930118126,0,0.0,7593390.136894371,9893705584211.828,1598630.762426946,989370558421182.8,8085194.594738284,4.412868293002248e-09,0,0,1,0.0,0.0,0
331,245000000.0,0,266679.21588683035,4768983.285309568,0,1.7199586718274438,7.471629776611277,0,0.0,7370753.927450719,10721841216432.738,1735907.954839122,1072184121643273.9,8085194.594738284,4.412868293002248e-09,0,0,1,0.0,0.0,0
332,228072684.76566684,1,0.0,4788782.86480513,16927315,10.740353918214021,120.0,1,286534001042487.4,6752375.323342746,8966489488242.582,1810095.3703703613,1039915949345502.0,8095629.998880846,3.5142875276505947e-09,0,0,1,0.0,0.0,0
333,261927315.23433316,0,214073.45897905575,4781360.65704831,0,1.2222466667357885,4.400516129393658,0,0.0,7142969.652269009,10912682314782.123,1741396.0780558176,1091268231478212.2,8095629.998880846,3.5015546018257737e-09,0,0,1,0.0,0.0,0
334,245000000.0,0,271442.02276780375,4794235.428156568,0,1.9265049654413957,7.34101141843509,0,0.0,7581586.417877564,12139632454543.223,1906391.4770971085,1213963245454322.2,8093810.418119615,3.6161509342491627e-09,0,0,1,0.0,0.0,0
335,229175510.15847725,1,0.0,4797818.218436615,15824490,10.732795815647743,120.0,1,250414478744456.8,7095920.035026038,10122336120868.098,1810095.370370361,1137440851459038.2,8093810.418119615,3.6161509342491627e-09,0,0,1,0.0,0.0,0
336,260824489.84152275,0,213618.563788748,4791036.446071078,0,1.4169592907907214,5.558036018083017,0,0.0,7626854.1895906385,12317130493234.262,1905787.688788756,1231713049323426.2,8149604.728978031,2.803062670864165e-09,0,0,1,0.0,0.0,0
337,214372704.65983897,1,0.0,4807475.422774492,30627295,10.839597778121792,120.0,1,938031219853449.2,6887412.475482352,10040222121322.885,1810095.370370361,1473037822059013.0,8187431.720321577,2.993147063534707e-09,0,0,1,0.0,0.0,0
338,275627295.340161,0,209422.4462678056,4791834.622583095,0,1.517459943273587,6.342205747691306,0,0.0,7810177.464583893,12901099494123.877,1961223.3596250769,1290109949412387.8,8170647.250237808,2.938577381428331e-09,0,0,1,0.0,0.0,0
339,212224292.48911646,1,0.0,4819590.017406199,32775708,10.85869927360183,120.0,1,1074247002838987.8,7045559.045349953,10512094965623.383,1810095.370370361,1588332997981832.0,8170647.250237808,2.953129296656698e-09,0,0,1,0.0,0.0,0
340,277775707.51088357,0,209422.4462678056,4801566.788289498,0,1.7003773655047927,7.6200976357518115,0,0.0,8022873.5622237455,13595637965364.252,2025051.2655032827,1359563796536425.2,8170647.250237808,3.306922735646367e-09,0,0,1,0.0,0.0,0
341,212224292.48911646,1,0.0,4831341.3888678495,32775708,10.858677266103511,120.0,1,1074247002838987.8,7258255.142989805,11091316367462.672,1810095.370370361,1646255138165761.0,8170647.250237808,2.953129296656698e-09,0,0,1,0.0,0.0,0
342,277775707.51088357,0,208579.95654072496,4813478.924413849,0,1.969632700338463,9.542897293288473,0,0.0,8235569.659863598,14313226552614.426,2088879.1713814884,1431322655261442.5,8170647.250237808,3.306922735646367e-09,0,0,1,0.0,0.0,0
343,212224292.48911646,1,0.0,4842840.3683744855,32775708,10.858665079746741,120.0,1,1074247002838987.8,7470951.240629657,11693587885311.76,1861465.5705883969,1706482289950670.0,8170647.250237808,2.953129296656698e-09,0,0,1,0.0,0.0,0
344,277775707.51088357,0,155696.08445326507,4821957.349839095,0,2.4056112882127785,12.763560793355396,0,0.0,8448265.75750345,15053865255874.4,2152707.077259694,1505386525587440.0,8170647.250237808,3.306922735646367e-09,0,0,1,0.0,0.0,0
345,212224292.48911646,1,0.0,4850932.721951157,32775708,10.858884429546634,120.0,1,1074247002838987.8,7683647.336888762,12318909516463.725,1925293.4757762286,1769014453065866.5,8170647.252999303,3.229615685995668e-09,0,0,1,0.0,0.0,0
346,277775707.51088357,0,102840.54322613741,4799445.040097842,0,2.8687513716384636,19.260299858452452,0,0.0,9248127.12127391,14209639755336.02,1909435.4361708618,1420963975533602.0,8170760.576440632,3.132299752905965e-09,0,0,1,0.0,0.0,0
347,212224292.48911646,1,0.0,4833389.918520265,32775708,10.859930068220237,120.0,1,1074247002838987.8,8070662.905780807,11383466092867.988,1810095.370370361,1675470110706292.5,8098591.133168036,2.6693669497035444e-09,0,0,1,0.0,0.0,0
348,277775707.51088357,0,50013.33285934199,4817127.923662738,0,5.763943980844528,39.20543685147094,0,0.0,8701653.17277863,14574287410065.543,1962262.6465376571,1457428741006554.2,8098591.133168036,2.6548150344751775e-09,0,0,1,0.0,0.0,0
349,212224292.48911646,1,0.0,4851754.781940307,32775708,10.85975456762526,120.0,1,1074247002838987.8,7731241.944918245,11811608380807.582,1810095.370370361,1718284339500252.0,8098591.133168036,2.6693669497035444e-09,0,0,1,0.0,0.0,0
350,277775707.51088357,0,209422.4462678056,4850155.659823597,0,20.85704119495336,300.98312447450456,0,0.0,7583026.300007785,9516108622739.797,1600672.9241025555,951610862273979.8,8098591.133168036,2.6548150344751775e-09,0,0,1,0.0,0.0,0
351,245000000.0,0,262594.8925356112,4881402.871451136,0,1.7651847678022268,7.587400426318214,0,0.0,7341210.935905479,10163274417823.56,1576020.8008912671,1016327441782356.0,8098591.133168036,3.1350282370112836e-09,0,0,1,0.0,0.0,0
352,225836438.7336747,1,0.0,4905084.742403511,19163561,10.754919431534658,120.0,1,367242080408203.7,6673701.317122221,8429789579516.234,1810095.370370361,1026599998155725.4,8094963.245492883,2.8048816602677107e-09,0,0,1,0.0,0.0,0
353,264163561.2663253,0,209422.4462678056,4903283.303534191,0,1.2243905350217696,4.570379584103945,0,0.0,7043499.963633076,10242973142287.6,1600672.9241025555,1024297314228760.0,8199544.4302713005,2.2009771782904863e-09,0,0,1,0.0,0.0,0
354,245000000.0,0,262594.8925356112,4920659.417153325,0,1.9512830197965707,7.587400426318214,0,0.0,7345893.584576504,11285418686418.691,1655301.6866953408,1128541868641869.2,8198833.4793502595,2.190063241869211e-09,0,0,1,0.0,0.0,0
355,225836438.7336747,1,0.0,4937388.266303491,19163561,10.753366775864334,120.0,1,367242080408203.7,6745103.956328948,9247052454445.984,1810095.370370361,1108326285648700.4,8198833.4793502595,2.2482709027826786e-09,0,0,1,0.0,0.0,0
356,264163561.2663253,0,209422.4462678056,4930013.727461328,0,1.3884479928708116,5.582859022386856,0,0.0,7350234.828115199,11377163999652.55,1655036.5913020917,1137716399965255.0,8198833.4793502595,2.2337189875543118e-09,0,0,1,0.0,0.0,0
357,245000000.0,0,262594.8925356112,4937835.029219436,0,2.2339543431525164,7.587400426318214,0,0.0,7747931.45808967,12527179172549.512,1804211.6500808448,1252717917254951.2,8198833.4793502595,2.190063241869211e-09,0,0,1,0.0,0.0,0
358,225836438.7336747,1,0.0,4946337.886522111,19163561,10.752698751969646,120.0,1,367242080408203.7,7147177.964871634,10273234037748.016,1810095.370370361,1210944443978903.2,8198761.20929122,3.6452547647058964e-09,0,0,1,0.0,0.0,0
359,264163561.2663253,0,209422.4462678056,4936903.587887038,0,1.6337603440130093,7.171585443963967,0,0.0,7752308.8366578845,12611661460035.324,1807478.4939132177,1261166146003532.5,8198761.20929122,3.6307028494775295e-09,0,0,1,0.0,0.0,0
360,212224292.48911646,1,0.0,4950087.133540541,32775708,10.858529745456677,120.0,1,1074247002838987.8,6938865.558446811,10197862944334.219,1810095.370370361,1556909795852915.8,8198761.209134849,3.459717845544219e-09,0,0,1,0.0,0.0,0
361,277775707.51088357,0,209422.4462678056,4931650.211667169,0,1.8492862904296434,8.850692803289254,0,0.0,7916203.5541077005,13194395518858.387,1863917.7840915814,1319439551885838.8,8198761.209134849,3.5033735912293196e-09,0,0,1,0.0,0.0,0
362,212224292.48911646,1,0.0,4958195.003746276,32775708,10.858370659589541,120.0,1,1074247002838987.8,7102760.275896627,10687845084726.404,1810095.370370361,1605908009892134.2,8198761.209134849,3.5179255064576864e-09,0,0,1,0.0,0.0,0
363,277775707.51088357,0,172063.66003395943,4938050.98469671,0,2.215920810911447,11.556441136212824,0,0.0,8080098.271557517,13794702499699.855,1920357.074269945,1379470249969985.5,8198761.209134849,3.5033735912293196e-09,0,0,1,0.0,0.0,0
364,212224292.48911646,1,0.0,4967928.078497175,32775708,10.85860550054567,120.0,1,1074247002838987.8,7266654.993346443,11195400147136.998,1810095.370370361,1656663516133193.5,8198761.209134849,3.5179255064576864e-09,0,0,1,0.0,0.0,0
365,277775707.51088357,0,119156.30915940285,4945497.71703509,0,2.883806312487378,16.644985302825354,0,0.0,8243992.989007333,14412582402559.732,1976796.3644483087,1441258240255973.2,8198761.209134849,3.5033735912293196e-09,0,0,1,0.0,0.0,0
366,212224292.48911646,1,0.0,4974708.080172558,32775708,10.858997935455655,120.0,1,1074247002838987.8,7430549.710796259,11720528131566.002,1810095.370370361,1709176314576094.0,8198761.209134849,3.5179255064576864e-09,0,0,1,0.0,0.0,0
367,277775707.51088357,0,66248.95828484627,4951024.25180363,0,4.558311810383443,29.740237633549715,0,0.0,8407886.42963457,15048030035277.262,2033234.3778040928,1504803003527726.2,8198766.316425167,3.677996573969722e-09,0,0,1,0.0,0.0,0
368,212224292.48911646,1,0.0,4980354.033732411,32775708,10.859488472011625,120.0,1,1074247002838987.8,7594440.597778337,12263219753625.39,1810095.370370361,1763445476782033.0,8268245.276875774,2.6921043172478676e-09,0,0,1,0.0,0.0,0
369,277775707.51088357,0,13341.607410289696,4958551.233735739,0,15.885530189709254,120.0,2,0.0,8571778.593439227,15701044965484.465,2089671.1143372974,1570104496548446.5,8268028.927739485,2.1391315385699272e-09,0,0,1,0.0,0.0,0
370,212224292.48911646,1,0.0,4986432.677323174,32775708,10.859958562262065,120.0,1,1074247002838987.8,7758356.802217743,12823564959987.848,1858561.9288717052,1819479997418278.5,8267980.846469987,2.3865140974521637e-09,0,0,1,0.0,0.0,0
371,277775707.51088357,0,209422.4462678056,4979419.469516258,0,20.89699341407768,301.0957851119871,0,0.0,7563020.763246982,10319728743386.338,1627452.743406113,1031972874338633.8,8267980.846469987,2.371962182223797e-09,0,0,1,0.0,0.0,0
372,245000000.0,0,262560.022804907,5009407.835761866,0,1.8342479384704893,7.588404260688824,0,0.0,7271176.717881564,11061197984335.09,1786968.5579405208,1106119798433509.0,8267841.36754717,1.877197064459324e-09,0,0,1,0.0,0.0,0
373,225818585.43155414,1,0.0,5031556.940038152,19181415,10.75541044679442,120.0,1,367926664846586.56,6551580.385882689,9189531064433.906,1810095.370370361,1102916438866683.9,8267841.36754717,3.259629011154175e-09,0,0,1,0.0,0.0,0
374,264181414.56844586,0,209387.5765371014,5024350.312968097,0,1.2834707332157058,4.992529968971113,0,0.0,7063572.603843398,11168900453990.105,1790302.587667328,1116890045399010.5,8256993.920049103,3.601599019020796e-09,0,0,1,0.0,0.0,0
375,245000000.0,0,262525.1530742028,5033172.222311701,0,2.0569300059493494,7.589408360714791,0,0.0,7461344.934914596,12260247258703.09,1949818.4022017359,1226024725870309.0,8256993.920049103,2.4374458007514477e-09,0,0,1,0.0,0.0,0
376,225809658.7804939,1,0.0,5040645.769188303,19190341,10.754391594858992,120.0,1,368269196121075.44,6898116.755000677,10186203174255.24,1810095.3703703608,1202754915486061.8,8181288.872962337,8.949427865445614e-10,0,0,1,0.0,0.0,0
377,264190341.2195061,0,209387.5765371014,5031332.335612822,0,1.4827805027768446,6.228651294109254,0,0.0,7504003.931766464,12424220428910.928,1953187.3016592474,1242422042891092.8,8181288.872962337,1.82626536116004e-09,0,0,1,0.0,0.0,0
378,212206439.18699592,1,0.0,5041741.292795213,32793561,10.860299235373468,120.0,1,1075417630796196.6,6728225.445704139,10168106321525.059,1810095.370370361,1554519447550604.2,8181288.872962337,8.949427865445614e-10,0,0,1,0.0,0.0,0
379,277793560.8130041,0,209387.5765371014,5025873.740754813,0,1.6444866735662522,7.460023527680998,0,0.0,7704932.061788175,13057464383020.951,2009693.7776538602,1305746438302095.0,8185863.258728182,9.89530235528946e-10,0,0,1,0.0,0.0,0
380,212206439.18699592,1,0.0,5046961.560267519,32793561,10.85994889018096,120.0,1,1075417630796196.6,6926866.382842927,10690008468813.771,1810095.370370361,1606709662279475.5,8185863.258728182,1.0186340659856796e-09,0,0,1,0.0,0.0,0
381,277793560.8130041,0,209387.5765371014,5028948.106853232,0,1.9031488835013266,9.298237027967346,0,0.0,7904716.595368424,13709814461928.889,2066200.253648473,1370981446192888.8,8185863.258728182,9.89530235528946e-10,0,0,1,0.0,0.0,0
382,212206439.18699592,1,0.0,5052034.070298587,32793561,10.860051878148333,120.0,1,1075417630796196.6,7126650.916423176,11232363199232.393,1835091.0681828808,1660945135321337.5,8185838.056721544,1.6134436009451747e-09,0,0,1,0.0,0.0,0
383,277793560.8130041,0,161093.40727179078,5034118.405822205,0,2.3155175213754373,12.338564742775082,0,0.0,8104501.128948675,14382565953914.002,2122706.729643086,1438256595391400.2,8185838.056721544,1.584339770488441e-09,0,0,1,0.0,0.0,0
384,212206439.18699592,1,0.0,5060248.166480635,32793561,10.86015311147653,120.0,1,1075417630796196.6,7326435.450003427,11795119342728.191,1891597.5441774938,1717220749670917.5,8185838.056721541,1.002263161353767e-09,0,0,1,0.0,0.0,0
385,277793560.8130041,0,108092.27630107524,5009637.151010836,0,2.733441401162418,18.333103568948882,0,0.0,8890631.845820364,13506887434443.494,1904183.7030959246,1350688743444349.5,8185838.056721541,1.8462742445990443e-09,0,0,1,0.0,0.0,0
386,212206439.18699592,1,0.0,5041974.367374665,32793561,10.86121782567932,120.0,1,1075417630796196.6,7704905.874171943,10831911407900.86,1810095.370370361,1620899956188184.2,8185838.056721541,1.002263161353767e-09,0,0,1,0.0,0.0,0
387,277793560.8130041,0,55091.14533035969,5027581.43391679,0,5.279417610702139,35.65625177058895,0,0.0,8324418.168266251,13801426811079.54,1957184.8340666401,1380142681107954.0,8185838.056721541,2.079104888252914e-09,0,0,1,0.0,0.0,0
388,212206439.18699592,1,0.0,5059617.123436402,32793561,10.861063322847777,120.0,1,1075417630796196.6,7342522.342969417,11193221655476.896,1810095.370370361,1657030980945788.0,8185838.056721541,1.002263161353767e-09,0,0,1,0.0,0.0,0
389,277793560.8130041,0,2090.0143596441485,5045414.534605944,0,15.868912021518858,120.0,2,0.0,8185129.882763633,14414235049681.95,2010185.9650373557,1441423504968195.0,8185838.056721541,2.079104888252914e-09,0,0,1,0.0,0.0,0
390,212206439.18699592,1,0.0,5077168.464041125,32793561,10.860916603215935,120.0,1,1075417630796196.6,7407064.203818386,11736566546735.756,1810095.370370361,1711365470071673.8,8185838.056721541,1.002263161353767e-09,0,0,1,0.0,0.0,0
391,198603219.59349796,1,0.0,5097514.549511257,79190341,8.29858527700987,120.0,1,6271110142461809.0,6582234.54039502,9865095742705.822,1810095.370370361,4122064645501487.0,8185838.056721541,2.079104888252914e-09,0,0,1,0.0,0.0,0
392,304372950.6028203,1,0.0,5080640.634556457,19817391,15.778673197615802,120.0,2,392728970854309.06,8018909.954748294,14037423405985.49,2012275.979397,1600106826025703.5,8185838.056721541,2.0208972273394465e-09,0,0,1,0.0,0.0,0
393,212206439.18699592,1,0.0,5122825.036590371,52610951,10.860227936355038,120.0,1,2767912210337194.5,7240844.275803048,11437832843302.482,1810095.370370361,2527739389498845.5,8201998.211079805,2.486558514647186e-09,0,0,1,0.0,0.0,0
394,198603219.59349796,1,0.0,5142441.389017721,99007732,8.295969118662391,120.0,1,9802530963347304.0,6416014.61237968,9645746238510.514,1810095.370370361,5865840105524703.0,8201998.211079805,2.486558514647186e-09,0,0,1,0.0,0.0,0
395,303837906.9267514,1,0.0,5130489.32945529,40169825,15.766265365591895,120.0,2,1613614833255117.5,7833680.374374323,13630401115131.102,2012275.979397,2169847528140669.0,8244187.603277168,2.499291440472007e-09,0,0,1,0.0,0.0,0
396,217659031.78606513,1,0.0,5165631.268173878,67510793,10.813298441270483,120.0,1,4557707188147205.0,7119487.406548719,11151775875031.658,1810095.370370361,3394031181576768.5,8244239.24583619,2.2737367544323206e-09,0,0,1,0.0,0.0,0
397,201329515.89303255,1,0.0,5184944.001412999,111181277,8.290608070414233,120.0,1,1.2361276406570374e+16,6306395.752894482,9441238398888.725,1810095.370370361,7124762043174060.0,8244239.24583619,2.295564627274871e-09,0,0,1,0.0,0.0,0
398,303841338.24959743,1,0.0,5171986.938553177,52339939,15.753965905772382,120.0,2,2739469212508161.5,7659127.196130142,13288724261243.148,2012275.9793969998,2698607032378395.5,8244143.709851467,2.9067450668662786e-09,0,0,1,0.0,0.0,0
399,217659031.78606513,1,0.0,5207885.7440169575,79680907,10.813733035163297,120.0,1,6349046971367265.0,6944803.341267396,10892847219516.668,1810095.370370361,4263808207635299.0,8244501.019910474,4.1509338188916445e-09,0,0,1,0.0,0.0,0
400,201329515.89303255,1,0.0,5223427.402862943,123351391,8.286488112641138,120.0,1,1.5215565736052232e+16,6131580.800576017,9265121812789.232,1810095.370370361,8534295049305039.0,8244501.019910474,4.085450200363994e-09,0,0,1,0.0,0.0,0
401,303101695.710543,1,0.0,5209726.856375792,65249696,15.745216509575265,120.0,2,4257522774731842.0,7478527.578005343,12967354338877.627,2012275.9793969998,3425496821253684.0,8233135.177207194,4.551111487671733e-09,0,0,1,0.0,0.0,0
402,217659031.78606513,1,0.0,5245575.214500241,92590664,10.814240156708777,120.0,1,8573031023857884.0,6769886.644494237,10676341821973.145,1810095.370370361,5354149694126256.0,8233135.177207194,4.383764462545514e-09,0,0,1,0.0,0.0,0
403,201329515.89303255,1,0.0,5261444.9693101,136261148,8.278681450897006,120.0,1,1.8567100430297876e+16,6042695.156962217,9082558364453.143,1810095.370370361,1.0191806051594252e+16,8352755.969727719,4.2891770135611296e-09,0,0,1,0.0,0.0,0
404,305294573.6639799,1,0.0,5245659.802994488,75966574,15.73100567139334,120.0,2,5770920402981037.0,7414031.07865043,12774912609096.701,2012275.9793969996,4162951462400188.5,8335258.861352962,4.871253622695804e-09,0,0,1,0.0,0.0,0
405,217659031.78606513,1,0.0,5284529.283058996,103307542,10.814749289537447,120.0,1,1.0672448329530106e+16,6695515.571375761,10480052935796.082,1810095.370370361,6384229458344661.0,8335258.861352962,4.703906597569585e-09,0,0,1,0.0,0.0,0
406,201329515.89303255,1,0.0,5299728.444167852,146978027,8.27469227248776,120.0,1,2.160254029409696e+16,5977984.7743649045,8946857410842.752,1810095.370370361,1.1695955888132756e+16,8320888.801350051,3.597961040213704e-09,0,0,1,0.0,0.0,0
407,305438704.1697316,1,0.0,5281414.137322384,86539322,15.723057501877417,120.0,2,7489054321312327.0,7351572.735205488,12594174615134.51,2012275.9793969996,5003944622169614.0,8320888.801350051,3.597961040213704e-09,0,0,1,0.0,0.0,0
408,217114253.95594466,1,0.0,5322615.4988477,114425068,10.819628181688925,120.0,1,1.3093096288243204e+16,6594928.566603916,10190405411021.426,1810095.370370361,7565588685223745.0,8394491.876815505,4.085450200363994e-09,0,0,1,0.0,0.0,0
409,275803218.7663068,1,0.0,5306910.049620679,83621850,15.81315919611869,120.0,2,6992613743393836.0,7438939.872975348,12764421862208.428,2012275.9793969998,4772749057917761.0,8394491.876815505,4.0745362639427185e-09,0,0,1,0.0,0.0,0
410,216569476.12582418,1,0.0,5332910.320988395,112052374,10.824921952696508,120.0,1,1.2555734418440254e+16,6673783.550778142,10313372875525.785,1810095.370370361,7309204496772706.0,8394491.876815505,4.143657861277461e-09,0,0,1,0.0,0.0,0
411,275803218.7663068,1,0.0,5319659.917541436,81249155,15.815519014678019,120.0,2,6601425153246906.0,7525608.368598892,12939866081886.64,2012275.9793969998,4594699184812117.0,8388774.29180513,2.8194335754960775e-09,0,0,1,0.0,0.0,0
412,215837625.24449617,1,0.0,5338209.683210651,110411530,10.831453942181644,120.0,1,1.2190705855432804e+16,6751875.668886124,10443740893549.586,1810095.370370361,7139727017071361.0,8388774.29180513,2.877641236409545e-09,0,0,1,0.0,0.0,0
413,275803218.7663068,1,0.0,5327196.730587734,79608311,15.818578150465584,120.0,2,6337483144291753.0,7610847.467969842,13118171666012.67,2012275.9793969998,4480558738747143.5,8388488.335059296,2.790329745039344e-09,0,0,1,0.0,0.0,0
414,215837625.24449617,1,0.0,5344050.940553084,108770686,10.831180884603299,120.0,1,1.1831062030560928e+16,6837114.768257075,10582201122455.28,1810095.370370361,6973751127525992.0,8388488.335059296,2.6157067622989416e-09,0,0,1,0.0,0.0,0
415,275803218.7663068,1,0.0,5332994.846468064,77967467,15.821995511773576,120.0,2,6078925873472177.0,7696086.567340793,13303892387842.258,2012275.9793969998,4369852175520314.0,8388488.335059296,2.7321220841258764e-09,0,0,1,0.0,0.0,0
416,215837625.24449617,1,0.0,5350033.112404689,107129842,10.830923538149973,120.0,1,1.147680294382463e+16,6922353.867628026,10728076489064.531,1810095.370370361,6811209120818768.0,8388488.335059296,2.6157067622989416e-09,0,0,1,0.0,0.0,0
417,275803218.7663068,1,0.0,5338725.2994012525,76326623,15.82554196741499,120.0,2,5825753340788177.0,7781325.666711744,13497028247375.402,2012275.9793969998,4262579495131629.0,8388488.335059296,3.0231603886932135e-09,0,0,1,0.0,0.0,0
418,215837625.24449617,1,0.0,5355935.555417705,105488998,10.830695523833382,120.0,1,1.1127928595223908e+16,7007592.966998977,10881366993377.338,1810095.370370361,6652100996949688.0,8388488.335059296,2.6157067622989416e-09,0,0,1,0.0,0.0,0
419,275803439.8044971,1,0.0,5343072.040297321,74685558,15.829228245001952,120.0,2,5577932529469866.0,7866566.492943556,13697583127282.674,2012275.9793969998,4158724577463200.5,8388491.78878102,3.3141986932605505e-09,0,0,1,0.0,0.0,0
420,215837625.24449617,1,0.0,5360443.083440901,103847932,10.83058621178126,120.0,1,1.0784393075991794e+16,7092832.0663699275,11042069911644.545,1810095.370370361,6496403529160352.0,8388491.78878102,2.6157067622989416e-09,0,0,1,0.0,0.0,0
421,275803660.84268737,1,0.0,5347682.176491284,73044272,15.833067819017161,120.0,2,5335465615945535.0,7951809.04603623,13905557469161.213,2012275.9793969998,4058288554888889.0,8388491.78878102,2.6157067622989416e-09,0,0,1,0.0,0.0,0
422,215837625.24449617,1,0.0,5365233.684111193,102206646,10.830481372378756,120.0,1,1.0446198562556582e+16,7177347.777679587,11209105039379.084,1810095.370370361,6344009785216199.0,8389945.472347049,2.470187610015273e-09,0,0,1,0.0,0.0,0
423,275803660.84268737,1,0.0,5352379.190448989,71402986,15.837043480806107,120.0,2,5098386342461169.0,8036324.75734589,14118422540438.191,2012275.9793969998,3961035425274404.0,8389945.472347049,2.470187610015273e-09,0,0,1,0.0,0.0,0
424,215837625.24449617,1,0.0,5370071.0323768025,100565360,10.830397279604504,120.0,1,1.0113391689161334e+16,7261863.488989247,11382424204383.672,1810095.370370361,6194938265019034.0,8389945.472347049,2.470187610015273e-09,0,0,1,0.0,0.0,0
425,275803660.84268737,1,0.0,5356556.643824509,69761699,15.841197925248647,120.0,2,4866694709016768.0,8120840.468655549,14338562708842.477,2012275.9793969998,3867203625392632.0,8389945.472347049,2.470187610015273e-09,0,0,1,0.0,0.0,0
426,215837625.24449617,1,0.0,5374379.6203667065,98924074,10.830375958923222,120.0,1,9785972455806050.0,7346379.200298906,11563018466515.564,1810095.370370361,6049288074554582.0,8389945.472347049,2.470187610015273e-09,0,0,1,0.0,0.0,0
427,275803660.84268737,1,0.0,5361015.387596991,68120413,15.845547734220723,120.0,2,4640390715612332.0,8205356.179965209,14565977974374.068,2012275.9793969998,3776793155243573.0,8389945.472347049,2.470187610015273e-09,0,0,1,0.0,0.0,0
428,215837625.24449617,1,0.0,5378960.902151074,97282788,10.83035328132175,120.0,1,9463940862490732.0,7430894.911608566,11750887825774.766,1810095.370370361,5907059213822842.0,8389945.472347049,2.470187610015273e-09,0,0,1,0.0,0.0,0
429,275803660.84268737,1,0.0,5365736.981618192,66479127,15.850111329437166,120.0,2,4419474362247859.5,8289871.8912748685,14800668337032.965,2012275.9793969998,3689804014827226.0,8389945.472347049,2.470187610015273e-09,0,0,1,0.0,0.0,0
430,215837625.24449617,1,0.0,5383797.001136716,95641502,10.830329004624923,120.0,1,9147296909215376.0,7515410.622918226,11946032282161.273,1810095.370370361,5768251682823815.0,8389945.472347049,2.470187610015273e-09,0,0,1,0.0,0.0,0
431,275803660.84268737,1,0.0,5370704.1945940275,64837841,15.854909244483276,120.0,2,4203945648923352.0,8374387.602584529,15042633796819.168,2012275.9793969998,3606236204143593.0,8389945.472347049,2.470187610015273e-09,0,0,1,0.0,0.0,0
432,215837625.24449617,1,0.0,5388871.212640434,94000216,10.830302946478861,120.0,1,8836040595979987.0,7599926.334227885,12148451835675.086,1810095.370370361,5632865481557502.0,8389945.472347049,2.470187610015273e-09,0,0,1,0.0,0.0,0
433,275803660.84268737,1,0.0,5375140.902410442,63196555,15.86005437099723,120.0,2,3993804575638809.0,8458903.313894188,15291874353732.68,2012275.9793969998,3526089723192672.5,8353464.395849655,3.372406354174018e-09,0,0,1,0.0,0.0,0
434,215837625.24449617,1,0.0,5392647.906902458,92358930,10.830274974399869,120.0,1,8530171922784561.0,7684441.452912917,12358144496667.99,1810095.370370361,5500900411059080.0,8353465.58109891,3.372406354174018e-09,0,0,1,0.0,0.0,0
435,275803812.5545921,1,0.0,5379032.042473654,61555117,15.865573678084816,120.0,2,3789032465083036.5,8543420.210453104,15548393474926.28,2024641.4391967657,3449355580034146.0,8353465.58109891,3.372406354174018e-09,0,0,1,0.0,0.0,0
436,215837625.24449617,1,0.0,5396632.476627149,90717492,10.830244999765107,120.0,1,8229663363759067.0,7768958.349471833,12575117156070.053,1810095.370370361,5372343397486539.0,8353465.58109891,3.372406354174018e-09,0,0,1,0.0,0.0,0
437,275803812.5545921,1,0.0,5383123.59389804,59913679,15.87140798301923,120.0,2,3589648990623815.0,8627937.107012019,15812187893592.96,2072648.6192739424,3376043284671203.5,8353465.58109891,3.372406354174018e-09,0,0,1,0.0,0.0,0
438,215837625.24449617,1,0.0,5399650.869384811,89076054,10.830254267406032,120.0,1,7934543440830123.0,7881326.369906934,12890210529052.156,1842194.3468993616,5256292773320277.0,8297763.333346538,3.830791683867574e-09,0,0,1,0.0,0.0,0
439,200418812.62224808,1,0.0,5417857.261805461,133657242,8.260302829593988,120.0,1,1.786425823966107e+16,7050046.395632633,10757544609396.078,1810095.370370361,1.0007883580770142e+16,8297763.913239716,3.772584022954106e-09,0,0,1,0.0,0.0,0
440,311292967.76200676,1,0.0,5391279.437437058,67364274,15.762424068106206,120.0,2,4537945393520505.0,8524073.79611791,15528236037291.916,2030867.707470539,3821796300489444.0,8297763.913239716,3.772584022954106e-09,0,0,1,0.0,0.0,0
441,215837625.24449617,1,0.0,5424059.867056772,96526649,10.829806534029911,120.0,1,9317393894138032.0,7777462.769066236,12654970195202.713,1810095.370370361,5924193966589287.0,8297763.913239716,3.772584022954106e-09,0,0,1,0.0,0.0,0
442,200418812.62224808,1,0.0,5438304.676036777,141107836,8.259399646102217,120.0,1,1.991142138044952e+16,6965058.829468645,10579109749390.312,1810095.370370361,1.1013621665163792e+16,8260011.843886297,5.0386006478220224e-09,0,0,1,0.0,0.0,0
443,311292967.76200676,1,0.0,5415701.597751792,74814868,15.755648838853892,120.0,2,5597264509386965.0,8435427.106852848,15278862257153.988,2012275.9793969996,4326518480408881.0,8274648.916183766,4.507455741986632e-09,0,0,1,0.0,0.0,0
444,215837625.24449617,1,0.0,5450950.323042547,103977243,10.830626209264361,120.0,1,1.0811267060415708e+16,7700373.578329151,12452846480622.746,1810095.370370361,6650918178270128.0,8274648.916183766,4.274625098332763e-09,0,0,1,0.0,0.0,0
445,200418812.62224808,1,0.0,5465943.482511703,148558430,8.257098880324675,120.0,1,2.206960723420774e+16,6880651.102582924,10410311537733.354,1810095.370370361,1.2075834770877206e+16,8274648.916183568,3.736204234883189e-09,0,0,1,0.0,0.0,0
446,311292967.76200676,1,0.0,5444462.254410529,82265463,15.748499105824438,120.0,2,6767606338223198.0,8348899.899467882,15037495827674.502,2012275.9793969996,4887552751879049.0,8274648.913422072,3.6197889130562544e-09,0,0,1,0.0,0.0,0
447,215837625.24449617,1,0.0,5479375.237652931,111427837,10.83142753358755,120.0,1,1.241616293966316e+16,7613846.37232503,12251447157432.918,1810095.370370361,7433226185574872.0,8274648.913422072,3.6197889130562544e-09,0,0,1,0.0,0.0,0
448,200418812.62224808,1,0.0,5494694.349574523,156009025,8.254723722369171,120.0,1,2.4338815800935736e+16,6794123.897959552,10248879320154.197,1810095.370370361,1.3194295832483288e+16,8274648.913422072,3.6197889130562544e-09,0,0,1,0.0,0.0,0
449,311292967.76200676,1,0.0,5472131.326733066,89716057,15.74190417897332,120.0,2,8048970880029204.0,8262372.693463711,14803617698495.438,2012275.9793969996,5504847209864146.0,8274648.913422072,3.6197889130562544e-09,0,0,1,0.0,0.0,0
450,215837625.24449617,1,0.0,5508966.531165751,118878432,10.83203026862284,120.0,1,1.4132081531880382e+16,7527319.16632086,12057536131415.766,1810095.370370361,8271794379081768.0,8274648.913422072,3.6197889130562544e-09,0,0,1,0.0,0.0,0
451,200418812.62224808,1,0.0,5524835.166461345,163459619,8.252500355828914,120.0,1,2.6719047080633504e+16,6701474.491659854,10085958542008.191,1810095.370370361,1.4368119394517572e+16,8286893.314013127,3.86080500902608e-09,0,0,1,0.0,0.0,0
452,311292967.76200676,1,0.0,5501269.059302343,97166651,15.735530251103592,120.0,2,9441358134804982.0,8169723.287164014,14554529032700.7,2012275.9793969996,6176131970672561.0,8286893.314013127,4.09363565267995e-09,0,0,1,0.0,0.0,0
453,215837625.24449617,1,0.0,5539419.304484595,126329026,10.832488442914082,120.0,1,1.5959022837067378e+16,7428547.559725635,11841068935660.805,1810095.370370361,9163618312099770.0,8286893.314013127,3.86080500902608e-09,0,0,1,0.0,0.0,0
454,200418812.62224808,1,0.0,5555553.898839816,170910213,8.250481148554945,120.0,1,2.9210301073301044e+16,6602702.885064629,9914136860377.93,1810095.370370361,1.5596564222688316e+16,8286893.314013127,3.86080500902608e-09,0,0,1,0.0,0.0,0
455,311292967.76200676,1,0.0,5531008.91300801,104617246,15.729490114444701,120.0,2,1.0944768102550532e+16,8074012.780716552,14303061843632.1,2012275.9793969996,6902690235638476.0,8286893.314013127,3.86080500902608e-09,0,0,1,0.0,0.0,0
456,215837625.24449617,1,0.0,5568544.67498875,133779620,10.832950840683223,120.0,1,1.7896986855224146e+16,7332837.053278173,11634138759338.574,1810095.370370361,1.011190730354593e+16,8286893.314013127,3.86080500902608e-09,0,0,1,0.0,0.0,0
457,200418812.62224808,1,0.0,5584919.509177501,178360808,8.248707654040492,120.0,1,3.1812577778938356e+16,6506992.3786171675,9751743696802.068,1810095.370370361,1.6881463259149384e+16,8286893.314013127,3.86080500902608e-09,0,0,1,0.0,0.0,0
458,308056286.63880795,1,0.0,5560262.057520031,115304521,15.730383289435055,120.0,2,1.329513261305698e+16,7953015.7029941,14001502058018.693,2012275.9793969996,8047716512330359.0,8236320.171463146,3.5261109587736428e-09,0,0,1,0.0,0.0,0
459,215837625.24449617,1,0.0,5596189.151964255,144466896,10.83348539961983,120.0,1,2.0870684031899384e+16,7237126.546830712,11474741506269.635,1810095.370370361,1.1582816166576656e+16,8236320.171463146,3.5261109587736428e-09,0,0,1,0.0,0.0,0
460,200418812.62224808,1,0.0,5611727.386768396,189048083,8.275385078957973,120.0,1,3.5739177818364864e+16,6436568.443444697,9718515490449.629,1810095.370370361,1.8841440458227396e+16,8236320.171463146,3.5261109587736428e-09,0,0,1,0.0,0.0,0
461,301582924.3924103,1,0.0,5589496.750970318,132465159,15.738373735852623,120.0,2,1.7547018337698972e+16,7781445.482721666,13604006893644.465,2012275.9793969996,1.0133909858213932e+16,8236320.171463146,3.758941602427512e-09,0,0,1,0.0,0.0,0
462,215837625.24449617,1,0.0,5624572.212130006,161627534,10.834048861549384,120.0,1,2.6123459654225332e+16,7065556.326558278,11157054943480.479,1810095.370370361,1.4177435321460714e+16,8236320.171463146,3.5261109587736428e-09,0,0,1,0.0,0.0,0
463,200418812.62224808,1,0.0,5640306.469232657,206208721,8.274021072700895,120.0,1,4.252203665398351e+16,6264998.223172262,9480637529245.547,1810095.370370361,2.220908207991631e+16,8236320.171463146,3.5261109587736428e-09,0,0,1,0.0,0.0,0
464,301582924.3924103,1,0.0,5617730.048747856,149625797,15.730966172598851,120.0,2,2.2387879037686024e+16,7609875.262449232,13236054980674.613,2012275.9793969996,1.2517545016910474e+16,8236320.171463146,3.5261109587736428e-09,0,0,1,0.0,0.0,0
465,215837625.24449617,1,0.0,5651373.742098806,178788171,10.83459898994233,120.0,1,3.1965210251896336e+16,6893986.106285843,10868911632095.701,1810095.370370361,1.7069496289157738e+16,8236320.171463146,3.758941602427512e-09,0,0,1,0.0,0.0,0
466,200418812.62224808,1,0.0,5667524.83295614,223369359,8.26952852169557,120.0,1,4.9893870464947224e+16,6107625.965082109,9254054669177.332,1810095.370370361,2.5872340699391344e+16,8247829.013308536,4.151843313593417e-09,0,0,1,0.0,0.0,0
467,303056056.14862025,1,0.0,5644236.453880435,165313303,15.720889105966005,120.0,2,2.7328488044033776e+16,7469766.267127164,12933691328555.902,2012275.9793969996,1.4957613154872478e+16,8247829.013308536,4.122739483136684e-09,0,0,1,0.0,0.0,0
468,215837625.24449617,1,0.0,5679006.65967441,194475677,10.834862128880848,120.0,1,3.782078911525038e+16,6748122.69004108,10612200094987.578,1810095.370370361,1.9971614567123948e+16,8325775.802488781,3.183231456205249e-09,0,0,1,0.0,0.0,0
469,200418812.62224808,1,0.0,5695858.990936155,239056865,8.265049686907055,120.0,1,5.714818461588254e+16,6016670.968098824,9059166471078.309,1810095.370370361,2.9480008955049104e+16,8325775.802488781,3.4160620998591185e-09,0,0,1,0.0,0.0,0
470,303948233.27940875,1,0.0,5672067.279328201,180108632,15.713034021538178,120.0,2,3.2439119154154804e+16,7390151.223743722,12699829435224.709,2012275.9793969996,1.7489542520599872e+16,8333745.6329405075,4.711182555183768e-09,0,0,1,0.0,0.0,0
471,215837625.24449617,1,0.0,5706260.739233671,209271006,10.835089973342818,120.0,1,4.379435407470502e+16,6664522.731431775,10408226383259.537,1810095.370370361,2.2937999675678464e+16,8333745.6329405075,4.5947672333568335e-09,0,0,1,0.0,0.0,0
472,200418812.62224808,1,0.0,5722882.287634701,253852194,8.262764515154796,120.0,1,6.444093623123481e+16,5925601.027346512,8887747169525.88,1810095.370370361,3.310924283256999e+16,8333745.6329405075,4.5947672333568335e-09,0,0,1,0.0,0.0,0
473,304259455.78477573,1,0.0,5698700.639885705,194592738,15.707093270958147,120.0,2,3.7866333637793016e+16,7306713.336952044,12473988941442.31,2012275.9793969993,2.018056571304074e+16,8333745.6329405075,4.711182555183768e-09,0,0,1,0.0,0.0,0
474,215837625.24449617,1,0.0,5732254.168207579,223755113,10.835536743332407,120.0,1,5.006635043300913e+16,6581084.844640096,10221711390627.193,1810095.370370361,2.6055346355567284e+16,8333745.6329405075,4.5947672333568335e-09,0,0,1,0.0,0.0,0
475,200418812.62224808,1,0.0,5749006.22138158,268336300,8.26197609707301,120.0,1,7.200436990778066e+16,5840947.427643244,8740729744892.026,1810095.370370361,3.687625792837953e+16,8333745.6329405075,4.5947672333568335e-09,0,0,1,0.0,0.0,0
476,304259455.78477573,1,0.0,5724594.362312857,209076844,15.702334520413396,120.0,2,4.371312679485939e+16,7222059.737248775,12261530847379.828,2012275.979396999,2.308271648216768e+16,8333745.6329405075,4.711182555183768e-09,0,0,1,0.0,0.0,0
477,215837625.24449617,1,0.0,5757604.584613638,238239219,10.83596204278435,120.0,1,5.6757925464741384e+16,6496431.244936828,10049139863221.746,1810095.370370361,2.9383876718692868e+16,8333745.6329405075,4.5947672333568335e-09,0,0,1,0.0,0.0,0
478,201266696.59910756,1,0.0,5774382.520966139,281972522,8.261275190646572,120.0,1,7.95085033832175e+16,5762917.9215091895,8608422390954.6455,1810095.370370361,4.0615093930704216e+16,8346993.820078937,5.009496817365289e-09,0,0,1,0.0,0.0,0
479,304259455.78477573,1,0.0,5749854.71416451,222713067,15.697930792772746,120.0,2,4.9601110036891384e+16,7134094.090760899,12052859927786.596,2012275.9793969989,2.600584101122435e+16,8346993.820078937,5.1259121391922235e-09,0,0,1,0.0,0.0,0
480,217533393.19821513,1,0.0,5782447.771188338,250179673,10.822385130106662,120.0,1,6.258986898624932e+16,6428337.879156595,9892552096326.846,1810095.370370361,3.2284189702757344e+16,8346993.820078937,5.0131347961723804e-09,0,0,1,0.0,0.0,0
481,201266696.59910756,1,0.0,5799332.192153273,293912977,8.260644977684535,120.0,1,8.638483793633064e+16,5694824.555728958,8491366680626.734,1810095.370370361,4.404155563622799e+16,8346993.820078937,5.009496817365289e-09,0,0,1,0.0,0.0,0
482,304259455.78477573,1,0.0,5774524.544461218,234653521,15.693845220951287,120.0,2,5.506227492874899e+16,7049440.491057631,11869066761494.998,2012275.9793969986,2.8718044140523996e+16,8346993.820078937,5.1259121391922235e-09,0,0,1,0.0,0.0,0
483,217533393.19821513,1,0.0,5808206.367052672,262120128,10.822657988464728,120.0,1,6.870696141116919e+16,6343683.661397502,9748643394387.662,1810095.370370361,3.5328345045023364e+16,8346995.056190588,4.649336915463209e-09,0,0,1,0.0,0.0,0
484,201266696.59910756,1,0.0,5825185.4816207765,305853431,8.26001446777306,120.0,1,9.354632139285574e+16,5610169.719914039,8387342826941.3955,1810095.370370361,4.761189497912201e+16,8346885.666217653,3.892637323588133e-09,0,0,1,0.0,0.0,0
485,304259693.1182127,1,0.0,5800207.322212437,246593738,15.690045219776241,120.0,2,6.0808471674083464e+16,6964788.745521839,11699608562089.36,2012275.9793969986,3.1574196693250668e+16,8346885.666217653,3.979948814958334e-09,0,0,1,0.0,0.0,0
486,217533393.19821513,1,0.0,5832030.692239331,274060345,10.822971325271475,120.0,1,7.510907265207755e+16,6290456.56573593,9726454964338.465,1810095.370370361,3.852718182247262e+16,8284036.366469214,4.347384674474597e-09,0,0,1,0.0,0.0,0
487,201266696.59910756,1,0.0,5847788.851202975,317793648,8.298011330966776,120.0,1,1.0099280290661893e+17,5588366.347042948,8493892564849.953,1810095.370370361,5.1345790709794456e+16,8284036.366469214,4.372850526124239e-09,0,0,1,0.0,0.0,0
488,292192627.56651235,1,0.0,5826586.26605702,270601021,15.717605612120732,120.0,2,7.322491242779122e+16,6785862.12327965,11429642583111.77,2012275.9793969986,3.775542047220678e+16,8284036.366469214,4.372850526124239e-09,0,0,1,0.0,0.0,0
489,217533393.19821513,1,0.0,5857915.701749774,298067628,10.823374380236869,120.0,1,8.884431059087902e+16,6111529.943493741,9540339084053.02,1810095.370370361,4.537618920384482e+16,8284036.366469214,4.347384674474597e-09,0,0,1,0.0,0.0,0
490,201266696.59910756,1,0.0,5875465.772063118,341800931,8.297487684604544,120.0,1,1.1682787639613715e+17,5456576.6996120885,8382790713831.891,1810095.370370361,5.925221726945177e+16,8366280.910360507,2.9176590032875538e-09,0,0,1,0.0,0.0,0
491,292192627.56651235,1,0.0,5855838.172182913,294608303,15.712552583958127,120.0,2,8.679405242064437e+16,6654072.47584879,11229086070314.234,2012275.9793969986,4.451993481735361e+16,8366281.086202642,4.20550350099802e-09,0,0,1,0.0,0.0,0
492,217533393.19821513,1,0.0,5885008.014486667,322074910,10.823769632352976,120.0,1,1.037322477688259e+17,5979740.296062881,9401878413315.172,1810095.370370361,5.280631172574447e+16,8366281.086202642,4.180037649348378e-09,0,0,1,0.0,0.0,0
493,206403461.6785745,1,0.0,5901442.18152285,360671449,8.297160919844027,120.0,1,1.3008389376565154e+17,5370582.830201482,8310914271857.3,1810095.370370361,6.5873038310011496e+16,8423883.837221643,3.845343599095941e-09,0,0,1,0.0,0.0,0
494,292192627.56651235,1,0.0,5881684.072851507,313478821,15.708415640668502,120.0,2,9.82689711760776e+16,6507082.961106881,11002881104487.996,2012275.9793969986,5.02347736984876e+16,8427080.555446846,2.1718733478337526e-09,0,0,1,0.0,0.0,0
495,227806923.35714898,1,0.0,5910761.635900479,330671898,10.751665515124236,120.0,1,1.0934390384908677e+17,5962874.95543221,9314977726521.889,1810095.370370361,5.5603449697195576e+16,8427080.555446846,2.142769517377019e-09,0,0,1,0.0,0.0,0
496,207724788.02819586,1,0.0,5926975.77533124,367947110,8.296835954079466,120.0,1,1.3538507542744808e+17,5351112.390890791,8287718308322.226,1810095.370370361,6.8521309544556264e+16,8432801.338264197,2.2264430299401283e-09,0,0,1,0.0,0.0,0
497,292192627.56651235,1,0.0,5906587.056098463,320754482,15.704707084605062,120.0,2,1.0288343771358378e+17,6367734.343953909,10853767450110.188,2012275.9793969986,5.2527095601802904e+16,8432801.338264197,2.2264430299401283e-09,0,0,1,0.0,0.0,0
498,230449576.05639172,1,0.0,5943137.639400233,335304906,10.735779362941274,120.0,1,1.1242937993991629e+17,5854494.924598491,9250418382738.338,1810095.370370361,5.7139731808231976e+16,8432801.338264197,2.1973391994833946e-09,0,0,1,0.0,0.0,0
499,207724788.02819586,1,0.0,5959616.927813418,372580118,8.296203058983316,120.0,1,1.3881594425482238e+17,5287279.145422953,8285204175975.519,1810095.370370361,7.0236492545008744e+16,8432801.953105576,3.92901711165905e-09,0,0,1,0.0,0.0,0
500,292192627.56651235,1,0.0,5939010.651054671,325387490,15.701324269010392,120.0,2,1.0587701886591371e+17,6280254.541407995,10786498006319.346,2012275.9793969986,5.401715923358879e+16,8424159.560353713,4.030880518257618e-09,0,0,1,0.0,0.0,0
501,230449839.69836062,1,0.0,5975691.023941512,339937651,10.735593759522558,120.0,1,1.1555760631973518e+17,5771338.37813139,9225388576196.93,1810095.370370361,5.870134201748729e+16,8424163.679759476,4.71482053399086e-09,0,0,1,0.0,0.0,0
502,207725051.67016476,1,0.0,5992042.4853624925,377212599,8.295594482891184,120.0,1,1.4228934481835142e+17,5291604.461204649,8286140219362.97,1810095.370370361,7.197328643111201e+16,8424163.679759476,4.71482053399086e-09,0,0,1,0.0,0.0,0
503,292192627.56651235,1,0.0,5971688.843235256,330019971,15.698230629398399,120.0,2,1.0891318152222734e+17,6280253.511556554,10786494782727.484,2012275.9793969986,5.5535240239386424e+16,8424163.679759476,4.71482053399086e-09,0,0,1,0.0,0.0,0
504,230077538.1291674,1,0.0,6008528.527074813,344942433,10.737489698844984,120.0,1,1.1898528227014488e+17,5768430.801973509,9224787241621.535,1810095.370370361,6.041511985923459e+16,8418342.348335069,4.496541805565357e-09,0,0,1,0.0,0.0,0
505,209450916.05469847,1,0.0,6024701.726310533,380491517,8.310219338446284,120.0,1,1.4477379467270995e+17,5324918.90442782,8360694365475.718,1810095.370370361,7.322296677290254e+16,8405652.903014053,4.118192009627819e-09,0,0,1,0.0,0.0,0
506,286371519.37403053,1,0.0,6007066.374378384,339119998,15.712488607801038,120.0,2,1.1500237293578154e+17,6228034.446050704,10735064045015.799,2012275.9793969986,5.8574692872392344e+16,8405652.903034948,2.6775524020195007e-09,0,0,1,0.0,0.0,0
507,233901832.10939693,1,0.0,6041242.0155074,350218166,10.71575829468141,120.0,1,1.226527636085136e+17,5782311.052569253,9301444351478.271,1810095.370370361,6.225652623940462e+16,8405652.903034948,2.6775524020195007e-09,0,0,1,0.0,0.0,0
508,209450916.05469847,1,0.0,6057457.848998571,385767250,8.325752530176253,120.0,1,1.488163709233989e+17,5384276.562777329,8442327092824.465,1810095.370370361,7.52524181709819e+16,8405652.903034948,4.649336915463209e-09,0,0,1,0.0,0.0,0
509,283460965.2777896,1,0.0,6041051.764136689,347306284,15.718449675336572,120.0,2,1.2062165518322309e+17,6205295.742173822,10720652728469.027,2012275.9793969984,6.138289286445845e+16,8405652.903034948,2.7939677238464355e-09,0,0,1,0.0,0.0,0
510,233901832.10939693,1,0.0,6075575.31436957,358404452,10.715413312199322,120.0,1,1.2845375142120022e+17,5759572.348692371,9297477296523.906,1810095.370370361,6.5156623440252504e+16,8405652.903034948,2.6775524020195007e-09,0,0,1,0.0,0.0,0
511,209450916.05469847,1,0.0,6092573.91715586,393953536,8.306193854671939,120.0,1,1.5519938871219498e+17,5357483.27728046,8356968031408.939,1810095.370370361,7.843539115923838e+16,8459239.474028686,2.255546860396862e-09,0,0,1,0.0,0.0,0
512,290320046.36498815,1,0.0,6073904.351616828,348633490,15.695109559579745,120.0,2,1.2154531025906182e+17,6415132.313167561,10886907069254.885,2012275.9793969984,6.18613458364564e+16,8459239.474028686,2.255546860396862e-09,0,0,1,0.0,0.0,0
513,233901832.10939693,1,0.0,6107165.811528356,359731658,10.715052473153873,120.0,1,1.2940686559532211e+17,5904122.1094696475,9262049468348.44,1810095.370370361,6.56296377444959e+16,8536226.523467872,3.4524418879300356e-09,0,0,1,0.0,0.0,0
514,209450916.05469847,1,0.0,6126337.730638789,395280742,8.287196173718744,120.0,1,1.562468647637134e+17,5302336.504271391,8262451725662.441,1810095.370370361,7.894967755442294e+16,8536226.523467872,3.4524418879300356e-09,0,0,1,0.0,0.0,0
515,293749586.9085874,1,0.0,6108290.440973743,346531155,15.683826678027883,120.0,2,1.2008384124528784e+17,6432818.873512026,10900318406549.625,2012275.9793969984,6.113195246329888e+16,8536226.523467872,4.529283614829183e-09,0,0,1,0.0,0.0,0
516,233901832.10939693,1,0.0,6141150.630829555,357629323,10.714642355109165,120.0,1,1.2789873244635026e+17,5921808.6698141135,9267088756762.605,1810095.370370361,6.487607509885139e+16,8536226.523467872,3.4524418879300356e-09,0,0,1,0.0,0.0,0
517,209450916.05469847,1,0.0,6160364.583638044,393178407,8.286035073464774,120.0,1,1.5458925944278166e+17,5306499.094985699,8262523891635.097,1810095.370370361,7.812088211055434e+16,8536735.83099476,4.369212547317147e-09,0,0,1,0.0,0.0,0
518,293749586.9085874,1,0.0,6142260.707412325,344428820,15.680469025087511,120.0,2,1.1863121185702957e+17,6281237.1685726615,10771994462988.979,2012275.9793969984,6.039280537481368e+16,8534713.013609452,5.940819391980767e-09,0,0,1,0.0,0.0,0
519,233642911.48407745,1,0.0,6174895.468173054,355785908,10.715636571016825,120.0,1,1.2658361250268699e+17,5766938.085033341,9210918918873.734,1810095.370370361,6.421289814323087e+16,8534713.013609452,5.2277755457907915e-09,0,0,1,0.0,0.0,0
520,209321455.74203873,1,0.0,6194151.8527165465,391464452,8.285878308927423,120.0,1,1.5324441757010656e+17,5288401.882876264,8261460421791.292,1810095.370370361,7.744835482723242e+16,8534713.013609452,5.577021511271596e-09,0,0,1,0.0,0.0,0
521,293749586.9085874,1,0.0,6176025.344307017,342714866,15.678788177840026,120.0,2,1.1745347909644859e+17,6423057.213769238,10891706275652.508,2012275.9793969984,5.9815910175789544e+16,8534713.013609452,5.940819391980767e-09,0,0,1,0.0,0.0,0
522,233642911.48407745,1,0.0,6208238.979707933,354071954,10.715255488392929,120.0,1,1.253669486844659e+17,5908758.130229918,9261326758903.078,1810095.370370361,6.3609607018123256e+16,8534713.013609452,5.591573426499963e-09,0,0,1,0.0,0.0,0
523,209321455.74203873,1,0.0,6227521.003767638,389750498,8.284786272274815,120.0,1,1.5190545097498317e+17,5292691.800472294,8261478825184.273,1810095.370370361,7.677887337001002e+16,8534713.013609452,5.940819391980767e-09,0,0,1,0.0,0.0,0
524,293749586.9085874,1,0.0,6209374.051790292,341000911,15.677931034497037,120.0,2,1.1628162161341936e+17,6427347.1313652685,10895954240547.697,2012275.9793969984,5.923040623076445e+16,8534713.013609452,5.940819391980767e-09,0,0,1,0.0,0.0,0
525,233642911.48407745,1,0.0,6241299.639168982,352358000,10.71488638037919,120.0,1,1.2415616014379654e+17,5913048.047825949,9263478346440.145,1810095.370370361,6.300442790654229e+16,8534713.013609452,5.955371307209134e-09,0,0,1,0.0,0.0,0
526,209321455.74203873,1,0.0,6258351.846317666,388036544,8.29590658242181,120.0,1,1.5057235965741155e+17,5336318.338193324,8325562408905.584,1810095.370370361,7.611873606959634e+16,8414269.22180655,5.287802196107805e-09,0,0,1,0.0,0.0,0
527,289026042.7553592,1,0.0,6239983.600122239,344010501,15.689217497017633,120.0,2,1.1834322512434698e+17,6259369.636040656,10757211947078.357,2012275.9793969984,6.024733375688132e+16,8414269.22180655,5.287802196107805e-09,0,0,1,0.0,0.0,0
528,233642911.48407745,1,0.0,6269396.017798244,355367590,10.714622302016949,120.0,1,1.2628612401519819e+17,5805292.448402787,9280649598039.314,1810095.370370361,6.407112696740302e+16,8414269.22180655,5.302354111336172e-09,0,0,1,0.0,0.0,0
529,209321455.74203873,1,0.0,6286469.145361443,391046134,8.308558167282875,120.0,1,1.529170791101617e+17,5367075.123126262,8390730010472.812,1810095.370370361,7.729761255612813e+16,8414269.22180655,5.287802196107805e-09,0,0,1,0.0,0.0,0
530,286664270.67874503,1,0.0,6269109.293041485,349381864,15.69468882456743,120.0,2,1.2206768659099757e+17,6388588.456500046,10860521404114.115,2012275.9793969982,6.211989543591019e+16,8414269.22180655,5.287802196107805e-09,0,0,1,0.0,0.0,0
531,233642911.48407745,1,0.0,6298286.6796047455,360738952,10.714365322851906,120.0,1,1.301325915513799e+17,5934511.268862178,9320243395930.887,1810095.370370361,6.599832011528304e+16,8414269.22180655,5.302354111336172e-09,0,0,1,0.0,0.0,0
532,209321455.74203873,1,0.0,6315378.704500895,396417496,8.307632499484011,120.0,1,1.571468314068173e+17,5367075.123126262,8390730010472.812,1810095.370370361,7.941248870445594e+16,8414269.22180655,5.287802196107805e-09,0,0,1,0.0,0.0,0
533,282882010.56638145,1,0.0,6298824.587442309,358535486,15.705816772558132,120.0,2,1.2854769456104408e+17,6359039.5493722055,10837165287198.904,2012275.9793969982,6.535756380924193e+16,8355171.4075508695,5.273250280879438e-09,0,0,1,0.0,0.0,0
534,233642911.48407745,1,0.0,6327102.749963593,369892574,10.714142663945475,120.0,1,1.3682051651673027e+17,5910206.700990292,9328507494173.17,1810095.370370361,6.9343109007782456e+16,8403780.543294638,4.7202775022014976e-09,0,0,1,0.0,0.0,0
535,209321455.74203873,1,0.0,6344066.164531104,405571119,8.314218085022034,120.0,1,1.6448793220226973e+17,5377563.801638174,8424165766217.736,1810095.370370361,8.308638267775664e+16,8403780.246002542,3.563400241546333e-09,0,0,1,0.0,0.0,0
536,284682681.35894597,1,0.0,6327399.016406962,365888437,15.69868064925832,120.0,2,1.338743484704471e+17,6373107.289939117,10848175851383.959,2012275.9793969984,6.8021991820361944e+16,8404283.948416416,4.727553459815681e-09,0,0,1,0.0,0.0,0
537,233642911.48407745,1,0.0,6353886.254589643,377245526,10.714006279290187,120.0,1,1.4231418666627874e+17,5924022.590350267,9332208276095.59,1810095.370370361,7.209031416074893e+16,8404283.948416416,4.2764440877363086e-09,0,0,1,0.0,0.0,0
538,209321455.74203873,1,0.0,6370872.088322263,412924070,8.313080101337414,120.0,1,1.705062875567872e+17,5377060.0992243,8422557551509.303,1810095.370370361,8.609539953354453e+16,8404283.948416416,4.261892172507942e-09,0,0,1,0.0,0.0,0
539,284747155.2679217,1,0.0,6354164.664381058,373176915,15.697385629840731,120.0,2,1.3926100966312597e+17,6373610.992352989,10848573759919.82,2012275.9793969982,7.071536220755497e+16,8404283.948416416,4.261892172507942e-09,0,0,1,0.0,0.0,0
540,233642911.48407745,1,0.0,6381493.685351159,384534003,10.713879294044958,120.0,1,1.4786639962732064e+17,5924526.292764139,9332375586996.332,1810095.370370361,7.486643737235995e+16,8460507.366514664,5.338733899407089e-09,0,0,1,0.0,0.0,0
541,209321455.74203873,1,0.0,6400728.112227561,420212547,8.285881286596307,120.0,1,1.7657858505236835e+17,5338779.72044526,8301078776042.403,1810095.370370361,8.911940040378842e+16,8537068.124072745,4.552930477075279e-09,0,0,1,0.0,0.0,0
542,294546932.235356,1,0.0,6381552.564085435,370665615,15.665262754882756,120.0,2,1.3739299831828394e+17,6299181.45008234,10785320601300.238,2012275.9793969984,6.977503121927199e+16,8516029.323387662,5.9117155615240335e-09,0,0,1,0.0,0.0,0
543,233642911.48407745,1,0.0,6409208.949725963,382022704,10.713775795951484,120.0,1,1.4594134618193078e+17,5822335.772056992,9179921636352.309,1810095.370370361,7.388866525460062e+16,8516029.323387662,5.5188138503581285e-09,0,0,1,0.0,0.0,0
544,209321455.74203873,1,0.0,6428017.649436413,417701248,8.26168545939117,120.0,1,1.7447433258901622e+17,5311018.742008762,8184764884253.988,1810095.370370361,8.80556427829335e+16,8516029.323387662,5.504261935129762e-09,0,0,1,0.0,0.0,0
545,299446820.71907306,1,0.0,6406705.382028432,363254427,15.651129534800557,120.0,2,1.3195377894637643e+17,6493711.82886138,10950046242040.898,2012275.9793969984,6.70718940973923e+16,8516029.323387662,5.9117155615240335e-09,0,0,1,0.0,0.0,0
546,233642911.48407745,1,0.0,6434092.882704433,374611516,10.713686845490962,120.0,1,1.4033378777501997e+17,6016866.150836032,9250968122973.207,1810095.370370361,7.1091990699807304e+16,8516029.323387662,5.5188138503581285e-09,0,0,1,0.0,0.0,0
547,209321455.74203873,1,0.0,6452912.946949675,410290060,8.260794411733423,120.0,1,1.683379333878924e+17,5337563.479177003,8185469507325.318,1810095.370370361,8.498751364467874e+16,8516029.323387662,5.504261935129762e-09,0,0,1,0.0,0.0,0
548,299446820.71907306,1,0.0,6431591.618074395,355843239,15.649884680217598,120.0,2,1.2662441098798674e+17,6364006.56602962,10833216160901.31,2012275.9793969984,6.4395527110083496e+16,8516029.323387662,5.9117155615240335e-09,0,0,1,0.0,0.0,0
549,233642911.48407745,1,0.0,6458399.566075345,367200328,10.713603862411277,120.0,1,1.3483608078162694e+17,5887160.888004272,9197521817895.336,1810095.370370361,6.833779257260301e+16,8499869.169029398,4.631147021427751e-09,0,0,1,0.0,0.0,0
550,209321455.74203873,1,0.0,6476893.225980313,402878872,8.260759508507439,120.0,1,1.6231138560028637e+17,5311018.742008762,8184764884253.988,1810095.370370361,8.197416928856858e+16,8499869.169029398,4.616595106199384e-09,0,0,1,0.0,0.0,0
551,299446820.71907306,1,0.0,6455227.042032717,348432051,15.649278674700268,120.0,2,1.2140489444311486e+17,6493711.82886138,10950046242040.898,2012275.9793969984,6.179745184576152e+16,8499869.169029398,5.0240487325936556e-09,0,0,1,0.0,0.0,0
552,233642911.48407745,1,0.0,6481129.329272418,359789140,10.713526101145831,120.0,1,1.2944822520175178e+17,6016866.150836032,9250968122973.207,1810095.370370361,6.564920941317321e+16,8466928.418584354,5.940819391980767e-09,0,0,1,0.0,0.0,0
553,209321455.74203873,1,0.0,6498955.410488381,395467684,8.260056296105983,120.0,1,1.5639468922619818e+17,5337563.479177003,8185469507325.318,1810095.370370361,7.901589156383162e+16,8467606.23515455,4.976755008101463e-09,0,0,1,0.0,0.0,0
554,299446820.71907306,1,0.0,6476600.274314355,341020863,15.648365091651494,120.0,2,1.1629522931176086e+17,6364006.56602962,10833216160901.31,2012275.9793969984,5.923093627197056e+16,8467606.23515455,5.384208634495735e-09,0,0,1,0.0,0.0,0
555,233642911.48407745,1,0.0,6502318.503926977,352377952,10.7134472118292,120.0,1,1.2417022103539448e+17,5887160.888004272,9197521817895.336,1810095.370370361,6.3004862699486776e+16,8467606.23515455,6.388290785253048e-09,0,0,1,0.0,0.0,0
556,209321455.74203873,1,0.0,6519888.455454524,388056496,8.260183925986194,120.0,1,1.5058784426562787e+17,5314079.842156526,8185882992993.732,1810095.370370361,7.611251043211331e+16,8455361.834563494,4.359208105597645e-09,0,0,1,0.0,0.0,0
557,299446820.71907306,1,0.0,6497266.841883827,333609676,15.64754798459995,120.0,2,1.112954155939247e+17,6496772.929009144,10952474493782.246,2012275.9793969984,5.674295524634058e+16,8455361.834563494,4.446519596967846e-09,0,0,1,0.0,0.0,0
558,233642911.48407745,1,0.0,6522550.965636343,344966764,10.713391118453272,120.0,1,1.19002068282555e+17,6026049.451279324,9254148547869.541,1810095.370370361,6.0426448996064456e+16,8455361.834563494,4.5192791731096804e-09,0,0,1,0.0,0.0,0
559,209321455.74203873,1,0.0,6540128.483272668,380645308,8.259559866216106,120.0,1,1.4489085071857542e+17,5343685.67947253,8187724465473.038,1810095.370370361,7.3264197805835e+16,8455361.834563494,4.359208105597645e-09,0,0,1,0.0,0.0,0
560,299446820.71907306,1,0.0,6517257.503575494,326198488,15.64784317926122,120.0,2,1.0640545328960635e+17,6523317.666177385,10980531885094.816,2012275.9793969984,5.430077983331266e+16,8443681.83523798,4.650246410164982e-09,0,0,1,0.0,0.0,0
561,233642911.48407745,1,0.0,6542769.663374993,337555576,10.713338483976464,120.0,1,1.1394376694323334e+17,6029803.5887774415,9191686472021.0,1810095.370370361,5.789105211881877e+16,8489263.034578223,5.057700036559254e-09,0,0,1,0.0,0.0,0
562,209321455.74203873,1,0.0,6560743.75434313,373234120,8.23282377091857,120.0,1,1.3930370858504074e+17,5324649.217300527,8048847290534.866,1810095.370370361,7.045673902157386e+16,8489263.034578223,4.926732799503952e-09,0,0,1,0.0,0.0,0
563,308198410.9923998,1,0.0,6534701.964168266,310035709,15.6250485371675,120.0,2,9.612214106989469e+16,6461984.20235599,10914549422185.574,2012275.9793969984,4.91525254771659e+16,8489263.034578223,4.8976289690472186e-09,0,0,1,0.0,0.0,0
564,233642911.48407745,1,0.0,6560068.058385155,321392798,10.713288902430312,120.0,1,1.0329333051773986e+17,5968470.124956047,9158355721244.916,1810095.370370361,5.256250083099442e+16,8489263.034578223,4.592038749251515e-09,0,0,1,0.0,0.0,0
565,209425534.54684973,1,0.0,6578037.029602764,356967263,8.233012257171245,120.0,1,1.2742562707890272e+17,5294426.306239432,8046756218564.197,1810095.370370361,6.451748916130778e+16,8490889.265903395,5.079527909401804e-09,0,0,1,0.0,0.0,0
566,308198410.9923998,1,0.0,6552024.196813143,293768852,15.625177376993292,120.0,2,8.630013859518635e+16,6586791.617801016,11035549854162.428,2012275.9793969984,4.4253624283009416e+16,8490889.265903395,5.0504240789450705e-09,0,0,1,0.0,0.0,0
567,233851069.09369949,1,0.0,6577200.378395041,304917783,10.712122640773808,120.0,1,9.297485452948498e+16,6095716.887388832,9221637076895.959,1810095.370370361,4.740959097243208e+16,8490889.265903395,4.737557901535183e-09,0,0,1,0.0,0.0,0
568,209425534.54684973,1,0.0,6595174.926132718,340492249,8.232472240442057,120.0,1,1.1593497141284786e+17,5379243.179682121,8052465023348.11,1810095.370370361,5.877273220875874e+16,8490889.265903395,5.079527909401804e-09,0,0,1,0.0,0.0,0
569,308151791.995324,1,0.0,6569171.242188279,277340457,15.624907573054198,120.0,2,7.691772891543706e+16,6512930.1865467345,10959877335074.27,2012275.9793969982,3.955485219122595e+16,8490286.06257748,1.9799699657596648e-09,0,0,1,0.0,0.0,0
570,233851069.09369949,1,0.0,6594345.238372351,288489388,10.712073930266179,120.0,1,8.322612675404424e+16,6022157.057797507,9184988791838.11,1810095.370370361,4.253156225620593e+16,8490286.06257748,1.899934432003647e-09,0,0,1,0.0,0.0,0
571,209425534.54684973,1,0.0,6612318.184681861,324063853,8.233065078507401,120.0,1,1.0501738085140901e+17,5341049.697741781,8053407551926.877,1810095.370370361,5.331403118089719e+16,8490286.06257748,1.8926584743894637e-09,0,0,1,0.0,0.0,0
572,308058554.0011723,1,0.0,6586350.952185333,261005299,15.625207258176399,120.0,2,6.812376612979363e+16,6629592.470199474,11076219579217.658,2012275.9793969982,3.516950502281858e+16,8490286.06257748,1.9799699657596648e-09,0,0,1,0.0,0.0,0
573,233851069.09369949,1,0.0,6610813.413920055,272154230,10.712027949153438,120.0,1,7.406792488061869e+16,6160096.432055468,9318390315776.238,1810095.370370361,3.796580147188697e+16,8447731.881367039,1.8562786863185465e-09,0,0,1,0.0,0.0,0
574,209425534.54684973,1,0.0,6628199.880064174,307728695,8.256931852506598,120.0,1,9.469694997558904e+16,5465201.416616933,8191913481638.748,1810095.370370361,4.816766633595839e+16,8447731.881367039,1.878106559161097e-09,0,0,1,0.0,0.0,0
575,299888151.2087677,1,0.0,6605184.171012901,252840544,15.645113258631508,120.0,2,6.39283407893859e+16,6491108.736048524,10941786251738.877,2012275.9793969982,3.305834901986684e+16,8447731.881367039,1.878106559161097e-09,0,0,1,0.0,0.0,0
576,233851069.09369949,1,0.0,6629538.567272954,263989475,10.711984398916288,120.0,1,6.96904429648471e+16,6021612.697904518,9250822768265.111,1810095.370370361,3.5770303759250064e+16,8447731.881367039,1.8562786863185465e-09,0,0,1,0.0,0.0,0
577,209425534.54684973,1,0.0,6646929.143531924,299563941,8.257133144542763,120.0,1,8.973855448117654e+16,5394702.505526027,8186589777928.7705,1810095.370370361,4.568793621838115e+16,8447731.881367039,1.878106559161097e-09,0,0,1,0.0,0.0,0
578,299888151.2087677,1,0.0,6623919.758372432,244675789,15.644538971915834,120.0,2,5.9866241892477064e+16,6576744.612048546,11021804688313.266,2012275.9793969982,3.103530141506986e+16,8448192.733003328,2.9567672754637897e-09,0,0,1,0.0,0.0,0
579,233855125.7601102,1,0.0,6648184.820035783,255820664,10.711920962851961,120.0,1,6.544421191793162e+16,6107049.8407927295,9288074632483.678,1810095.370370361,3.3650913422214176e+16,8448256.118415995,3.153218131046742e-09,0,0,1,0.0,0.0,0
580,209469807.50298953,1,0.0,6665583.906098842,291350856,8.256618851338217,120.0,1,8.488532134070195e+16,5412270.282005894,8185867333195.589,1810095.370370361,4.3261247403670536e+16,8448884.49794301,3.677087079267949e-09,0,0,1,0.0,0.0,0
581,299888151.2087677,1,0.0,6644278.143211075,236462705,15.644733206324794,120.0,2,5.591461079676696e+16,6573686.248691863,11022530135452.541,2012275.9793969982,2.9059558411928736e+16,8530108.694917396,3.117747837677598e-09,0,0,1,0.0,0.0,0
582,233939615.005979,1,0.0,6670031.086569298,247523090,10.7113719774798,120.0,1,6.126768001827145e+16,6066672.526534967,9274723856890.887,1810095.370370361,3.1561312394824812e+16,8525534.309151553,6.479240255430341e-09,0,0,1,0.0,0.0,0
583,209469807.5029895,1,0.0,6688998.630755755,283053282,8.256058714966796,120.0,1,8.011916065814322e+16,5338917.632708231,8171173971814.897,1810095.370370361,4.0876697726253096e+16,8525534.309151553,6.3046172726899385e-09,0,0,1,0.0,0.0,0
584,299888151.2087677,1,0.0,6667553.09591616,228165131,15.64334309890142,120.0,2,5.20593270759782e+16,6382809.692308992,10847525342788.494,2012275.9793969982,2.7114416072267948e+16,8525171.891802227,4.423782229423523e-09,0,0,1,0.0,0.0,0
585,233947165.06758714,1,0.0,6693995.103035208,239217966,10.711207288932867,120.0,1,5.722523530004691e+16,5852584.498271245,9110530998277.8,1810095.370370361,2.9523670749851236e+16,8572193.44227872,3.9108272176235914e-09,0,0,1,0.0,0.0,0
586,209477357.5645976,1,0.0,6713616.8813705575,274740609,8.229429408256848,120.0,1,7.548240197269077e+16,5233676.746356813,8022865787087.436,1810095.370370361,3.854348756505413e+16,8572193.44227872,3.9108272176235914e-09,0,0,1,0.0,0.0,0
587,308893590.72691005,1,0.0,6688924.831930378,210847018,15.620540567378766,120.0,2,4.445646491435073e+16,6550748.462201274,11004687194652.223,2012275.9793969982,2.3328701176640588e+16,8572193.44227872,3.9108272176235914e-09,0,0,1,0.0,0.0,0
588,233954715.1291952,1,0.0,6715295.247034017,221892303,10.711042936550584,120.0,1,4.923619398370718e+16,6020641.237876153,9187361539955.652,1810095.370370361,2.5536833145849156e+16,8572193.44227872,3.918103175237775e-09,0,0,1,0.0,0.0,0
589,209477357.5645976,1,0.0,6733906.045182194,257414945,8.22893051233891,120.0,1,6.6262453963051544e+16,5300816.264143729,8027382678029.507,1810095.370370361,3.3933965249328724e+16,8523535.130757835,4.794856067746878e-09,0,0,1,0.0,0.0,0
590,308893590.72691005,1,0.0,6708198.099085957,193521354,15.62007851399025,120.0,2,3.7450514600060664e+16,6461549.50270372,10913931934595.613,2012275.9793969982,1.9816650493489892e+16,8523535.130757835,4.794856067746878e-09,0,0,1,0.0,0.0,0
591,233954715.1291952,1,0.0,6733489.320004399,204566639,10.710921864151127,120.0,1,4.184750989330245e+16,5931442.278378597,9139981254069.025,1810095.370370361,2.183775307205813e+16,8523535.130757835,4.802132025361061e-09,0,0,1,0.0,0.0,0
592,209477357.5645976,1,0.0,6752102.589907154,240089282,8.229235720852003,120.0,1,5.764286317934727e+16,5233765.223641284,8022886835997.047,1810095.370370361,2.962372027327334e+16,8523535.130757835,4.794856067746878e-09,0,0,1,0.0,0.0,0
593,308893590.72691005,1,0.0,6726392.672969514,176195691,15.619831617133896,120.0,2,3.1044921511705572e+16,6550748.462201274,11004687194652.223,2012275.9793969982,1.6622929475318008e+16,8523535.130757835,4.794856067746878e-09,0,0,1,0.0,0.0,0
594,233954715.1291952,1,0.0,6751620.204485562,187240976,10.710803630273782,120.0,1,3.505918302883265e+16,6020641.237876153,9187361539955.652,1810095.370370361,1.844832766841189e+16,8523535.130757835,4.802132025361061e-09,0,0,1,0.0,0.0,0
595,209477357.5645976,1,0.0,6770235.707115076,222763618,8.228850934158734,120.0,1,4.962362962157797e+16,5300816.264143729,8027382678029.507,1810095.370370361,2.5614553078591936e+16,8523535.130757835,4.794856067746878e-09,0,0,1,0.0,0.0,0
596,308893590.72691005,1,0.0,6744375.343270828,158870028,15.62050797633744,120.0,2,2.5239685649285444e+16,6619583.502538102,11084867461763.96,2012275.9793969982,1.3728329570819118e+16,8516399.131420305,3.9726728573441505e-09,0,0,1,0.0,0.0,0
597,233954715.1291952,1,0.0,6767630.544041269,169915312,10.710774894089226,120.0,1,2.887121339029784e+16,6093044.277881745,9235254265123.19,1810095.370370361,1.535913212166124e+16,8516397.20566268,1.9572325982153416e-09,0,0,1,0.0,0.0,0
598,209477357.5645976,1,0.0,6786099.35671178,205437955,8.228541468554019,120.0,1,4.220475328974363e+16,5371435.304314938,8041940564776.55,1810095.370370361,2.190657070134947e+16,8516397.20566268,1.949956640601158e-09,0,0,1,0.0,0.0,0
599,308893590.72691005,1,0.0,6759961.340752253,141544364,15.619719220448692,120.0,2,2.003480701280028e+16,6533696.589825154,10992483271177.934,2012275.9793969982,1.1116651833517934e+16,8503149.018524252,3.1504896469414234e-09,0,0,1,0.0,0.0,0
