t,secure_bps,violations,k_min,k_mean,q_total,aos_mean,aos_max,rekey,q_sumsq,z_l1,z_sumsq,z_max,lyapunov,key_inflow,key_overflow,cg_iters,cg_columns,cg_converged,obj_lp,obj_greedy,key_blocked_edges
0,245000000.0,0,2109375.0,2435980.902777778,0,0.8751098228663845,0.9476988686844755,0,0.0,571875.0,109013671875.0,190625.0,10901367187500.0,7200000.0,0.0,0,0,1,0.0,0.0,0
1,245000000.0,0,2109375.0,2371961.8055555555,0,1.9150735485434955,1.9476988686844754,0,0.0,571875.0,109013671875.0,190625.0,10901367187500.0,7200000.0,0.0,0,0,1,0.0,0.0,0
2,245000000.0,0,1718750.0,2307942.7083333335,0,3.0002823041962015,3.1629597325192615,0,0.0,762500.0,218027343750.0,381250.0,21802734375000.0,7200000.0,0.0,0,0,1,0.0,0.0,0
3,245000000.0,0,1718750.0,2243923.611111111,0,4.054126679726725,4.162959732519262,0,0.0,753125.0,141865234375.0,190625.0,14186523437500.0,7200000.0,0.0,0,0,1,0.0,0.0,0
4,245000000.0,0,1328125.0,2180312.8691697586,0,4.472109742790145,5.504749365183861,0,0.0,762500.0,218027343750.0,381250.0,21802734375000.0,7214700.790111314,4.092726157978177e-11,0,0,1,0.0,0.0,0
5,245000000.0,0,1328125.0,2138924.3494506287,0,5.331769370848563,6.504749365183861,0,0.0,753125.0,141865234375.0,190625.0,14186523437500.0,7214700.790111314,4.092726157978177e-11,0,0,1,0.0,0.0,0
6,245000000.0,0,1137500.0,2119758.0519537204,0,6.188575097039191,7.756697408871322,0,0.0,943750.0,319980468750.0,381250.0,31998046875000.0,7214700.790111314,4.092726157978177e-11,0,0,1,0.0,0.0,0
7,245000000.0,0,1337500.0,2100591.7544568125,0,6.985446266345414,8.494209936496077,0,0.0,925000.0,171406250000.0,190625.0,17140625000000.0,7214700.790111314,4.092726157978177e-11,0,0,1,0.0,0.0,0
8,245000000.0,0,1328125.0,2089050.383496671,0,7.853392704483915,9.504749365183862,0,0.0,934375.0,313095703125.0,381250.0,31309570312500.0,7216226.962515528,2.9740476747974753e-10,0,0,1,0.0,0.0,0
9,245000000.0,0,1328125.0,2086593.1463443243,0,8.667976964103689,10.504749365183862,0,0.0,915625.0,168271484375.0,190625.0,16827148437500.0,7216226.962515528,2.9740476747974753e-10,0,0,1,0.0,0.0,0
10,245000000.0,0,1337500.0,2100637.0122677544,0,7.6339948323734435,11.494209936496077,0,0.0,915561.0943485049,299278646130.6328,371811.09434850485,29927864613063.28,7216482.585121509,4.6126302777338424e-10,0,0,1,0.0,0.0,0
11,245000000.0,0,1337500.0,2114853.5424100184,0,8.24171327899651,12.494209936496077,0,0.0,896683.2830455145,161933674379.62604,190625.0,16193367437962.604,7216482.585121509,4.6126302777338424e-10,0,0,1,0.0,0.0,0
12,245000000.0,0,1346875.0,2129070.0725522824,0,8.849207638226785,13.483817119540017,0,0.0,896683.2830455145,285769245088.3887,362308.28304551454,28576924508838.867,7216482.585121509,4.6126302777338424e-10,0,0,1,0.0,0.0,0
13,245000000.0,0,1346875.0,2143349.662013363,0,7.0979951275596616,14.483817119540017,0,0.0,877805.4717425243,155976612425.27277,190625.0,15597661242527.277,7218752.720598912,6.940936714272539e-10,0,0,1,0.0,0.0,0
14,245000000.0,0,1356250.0,2157629.2514744443,0,7.527772240594512,15.473567876220299,0,0.0,877805.4717425243,272616232141.4651,352805.47174252424,27261623214146.508,7218752.720598912,4.6126302777338424e-10,0,0,1,0.0,0.0,0
15,245000000.0,0,1356250.0,2171908.840935525,0,7.961967996124908,16.473567876220297,0,0.0,858927.6604395339,150375938566.24,190625.0,15037593856624.0,7218752.720598912,8.427960551671276e-10,0,0,1,0.0,0.0,0
16,245000000.0,0,1365625.0,2186188.4303966057,0,8.394930408291424,17.46345925180646,0,0.0,858927.6604395339,259819607289.86194,343302.66043953394,25981960728986.195,7218752.720598912,5.553459914153791e-10,0,0,1,0.0,0.0,0
17,245000000.0,0,1365625.0,2200468.0198576865,0,8.83190418030296,18.46345925180646,0,0.0,840049.8491365437,145131652802.52768,190625.0,14513165280252.768,7218752.720598912,5.553459914153791e-10,0,0,1,0.0,0.0,0
18,245000000.0,0,1375000.0,2214747.609318768,0,9.267369415243287,19.453488372093023,0,0.0,840049.8491365437,247379370533.57928,333799.84913654363,24737937053357.93,7218752.720598912,5.553459914153791e-10,0,0,1,0.0,0.0,0
19,245000000.0,0,1375000.0,2229027.198779849,0,9.706544143929364,20.453488372093023,0,0.0,821172.0378335533,140243755134.13586,190625.0,14024375513413.586,7218752.720598912,5.553459914153791e-10,0,0,1,0.0,0.0,0
20,245000000.0,0,1384375.0,2243306.7882409296,0,10.144019284895975,21.443652440674907,0,0.0,821172.0378335533,235295521872.61713,324297.03783355333,23529552187261.71,7218752.720598912,5.553459914153791e-10,0,0,1,0.0,0.0,0
21,245000000.0,0,1384375.0,2257586.3777020103,0,10.584972290342103,22.443652440674907,0,0.0,802294.2265305631,135712245561.06451,190625.0,13571224556106.451,7218752.720598912,5.553459914153791e-10,0,0,1,0.0,0.0,0
22,245000000.0,0,1393750.0,2271865.967163091,0,11.024091316957,23.433948736332677,0,0.0,802294.2265305631,223568061306.97543,314794.226530563,22356806130697.543,7218752.720598912,5.553459914153791e-10,0,0,1,0.0,0.0,0
23,245000000.0,0,1393750.0,2286145.5566241723,0,11.46650505270871,24.433948736332677,0,0.0,783416.4152275727,131537124083.31364,190625.0,13153712408331.365,7218752.720598912,5.553459914153791e-10,0,0,1,0.0,0.0,0
24,245000000.0,0,1403125.0,2300425.146085253,0,11.906989740864134,25.424374610522566,0,0.0,783416.4152275727,212196988836.65424,305291.4152275727,21219698883665.42,7218752.720598912,5.553459914153791e-10,0,0,1,0.0,0.0,0
25,245000000.0,0,1403125.0,2314937.29178512,0,12.350394975748383,26.424374610522566,0,0.0,760353.4349992794,126489223246.74603,190625.0,12648922324674.604,7227124.7451952305,1.1332303984090686e-09,0,0,1,0.0,0.0,0
26,245000000.0,0,1412500.0,2329449.437484988,0,12.791814290975372,27.414927484966395,0,0.0,760353.4349992794,198723969553.37903,291603.4349992795,19872396955337.902,7227124.7451952305,1.1332303984090686e-09,0,0,1,0.0,0.0,0
27,245000000.0,0,1412500.0,2343969.2991199913,0,8.327164355161916,28.414927484966395,0,0.0,737290.4547709862,122300432042.87802,190625.0,12230043204287.803,7227402.5188601175,1.1332303984090686e-09,0,0,1,0.0,0.0,0
28,245000000.0,0,1421875.0,2358720.5873871576,0,8.587598667169953,29.40560484933673,0,0.0,737290.4547709862,185801453125.56412,277915.4547709863,18580145312556.41,7235733.877618015,6.871232471894473e-10,0,0,1,0.0,0.0,0
29,245000000.0,0,1421875.0,2373471.875654325,0,8.850953795777697,30.40560484933673,0,0.0,714227.474542693,118662143694.4703,190625.0,11866214369447.031,7235733.877618015,6.871232471894473e-10,0,0,1,0.0,0.0,0
30,245000000.0,0,1431250.0,2387337.355677708,0,9.11268784274996,31.39640425903299,0,0.0,714227.474542693,173429439553.2095,264227.47454269306,17342943955320.951,7235733.877618015,6.871232471894473e-10,0,0,1,0.0,0.0,0
31,245000000.0,0,1431250.0,2400231.839966746,0,9.377657613469841,32.39640425903299,0,0.0,691164.4943143998,115574358201.52287,190625.0,11557435820152.287,7235733.877618015,6.871232471894473e-10,0,0,1,0.0,0.0,0
32,245000000.0,0,1440625.0,2412996.631209194,0,9.64054185091325,33.38732333304431,0,0.0,691164.4943143998,161607928836.3152,250539.49431439984,16160792883631.52,7235733.877618015,6.871232471894473e-10,0,0,1,0.0,0.0,0
33,245000000.0,0,1440625.0,2425636.0525080245,0,9.906148427901677,34.38732333304431,0,0.0,668101.5140520248,113037075555.96342,190625.0,11303707555596.342,7235733.877686178,2.3874235921539366e-10,0,0,1,0.0,0.0,0
34,245000000.0,0,1450000.0,2438154.282859986,0,10.169659881110805,35.378359751895246,0,0.0,668101.5140520248,150336920958.73654,240625.0,15033692095873.654,7235733.877686178,2.3874235921539366e-10,0,0,1,0.0,0.0,0
35,245000000.0,0,1450000.0,2450555.3619633066,0,10.435817830376708,36.378359751895246,0,0.0,645038.5337896498,111050295772.03816,190625.0,11105029577203.816,7235733.877686178,2.3874235921539366e-10,0,0,1,0.0,0.0,0
36,245000000.0,0,1459375.0,2462843.194859607,0,10.699878553578976,37.36951125567063,0,0.0,645038.5337896498,139616415938.48422,231250.0,13961641593848.422,7235733.877686178,2.3874235921539366e-10,0,0,1,0.0,0.0,0
37,245000000.0,0,1459375.0,2475021.8204032066,0,10.96651790530819,38.36951125567063,0,0.0,621975.5535272749,109614018845.43922,190625.0,10961401884543.922,7235743.380993178,9.322320693172514e-11,0,0,1,0.0,0.0,0
38,245000000.0,0,1468750.0,2487094.623657802,0,11.231063552914875,39.360775642116,0,0.0,621975.5535272749,129446413775.55823,221875.0,12944641377555.822,7235743.380993178,5.588844942394644e-10,0,0,1,0.0,0.0,0
39,245000000.0,0,1468750.0,2499065.1320330277,0,11.498126529721869,40.360775642116,0,0.0,598912.5732648999,108728244776.16663,190625.0,10872824477616.662,7235743.380993178,5.552465154323727e-10,0,0,1,0.0,0.0,0
40,245000000.0,0,1478125.0,2510936.755358196,0,11.763103577009032,41.352150764810276,0,0.0,598912.5732648999,119826914469.95856,212500.0,11982691446995.855,7235743.380993178,7.948983693495393e-10,0,0,1,0.0,0.0,0
41,245000000.0,0,1478125.0,2522712.789801641,0,12.030541770491304,42.352150764810276,0,0.0,582218.5098688125,108352410462.17068,190625.0,10835241046217.068,7235743.380993178,7.948983693495393e-10,0,0,1,0.0,0.0,0
42,245000000.0,0,1487500.0,2534464.56121014,0,8.477684789461456,43.34363453140746,0,0.0,582218.5098688125,113118035462.17068,203125.0,11311803546217.068,7238196.404819049,9.043787940754555e-10,0,0,1,0.0,0.0,0
43,245000000.0,0,1487500.0,2546127.010119163,0,8.654510228125416,44.34363453140746,0,0.0,572843.5098688125,108205926087.17068,190625.0,10820592608717.068,7238196.404819049,9.043787940754555e-10,0,0,1,0.0,0.0,0
44,245000000.0,0,1496875.0,2557703.113945359,0,8.829274722543829,45.33522490194442,0,0.0,572843.5098688125,109397332337.17068,193750.0,10939733233717.068,7238196.404819049,9.043787940754555e-10,0,0,1,0.0,0.0,0
45,245000000.0,0,1496875.0,2569195.750858155,0,9.006400571261421,46.33522490194442,0,0.0,569718.5098688125,108196160462.17068,190625.0,10819616046217.068,7238196.404819049,9.043787940754555e-10,0,0,1,0.0,0.0,0
46,245000000.0,0,1506250.0,2580607.7030879986,0,9.181480895480025,47.32691988721181,0,0.0,569718.5098688125,108196160462.17068,190625.0,10819616046217.068,7238196.404819049,9.043787940754555e-10,0,0,1,0.0,0.0,0
47,245000000.0,0,1506250.0,2591941.660124321,0,9.358877264742688,48.32691988721181,0,0.0,569718.5098688125,108196160462.17068,190625.0,10819616046217.068,7238196.404819049,9.043787940754555e-10,0,0,1,0.0,0.0,0
48,245000000.0,0,1515625.0,2603200.2218069066,0,9.534244998094849,49.318717547185365,0,0.0,569718.5098688125,108196160462.17068,190625.0,10819616046217.068,7238196.404819049,9.043787940754555e-10,0,0,1,0.0,0.0,0
49,245000000.0,0,1515625.0,2614385.9013142125,0,9.711886063618808,50.318717547185365,0,0.0,569718.5098688125,108196160462.17068,190625.0,10819616046217.068,7238196.404819049,9.043787940754555e-10,0,0,1,0.0,0.0,0
50,245000000.0,0,1525000.0,2625501.128052083,0,9.887516503421539,51.31061598951507,0,0.0,569718.5098688125,108196160462.17068,190625.0,10819616046217.068,7238196.404819049,9.043787940754555e-10,0,0,1,0.0,0.0,0
51,245000000.0,0,1525000.0,2636548.250446164,0,10.065379813266075,52.31061598951507,0,0.0,569718.5098688125,108196160462.17068,190625.0,10819616046217.068,7238196.404819049,9.043787940754555e-10,0,0,1,0.0,0.0,0
52,245000000.0,0,1534375.0,2647529.5386412493,0,10.24125135619286,53.30261336806969,0,0.0,569718.5098688125,108196160462.17068,190625.0,10819616046217.068,7238196.404819049,9.043787940754555e-10,0,0,1,0.0,0.0,0
53,245000000.0,0,1534375.0,2658447.615091925,0,5.601135170187536,54.30261336806969,0,0.0,569714.6580372418,108194691966.22096,190625.0,10819469196622.096,7238211.812145332,9.043787940754555e-10,0,0,1,0.0,0.0,0
54,245000000.0,0,1543750.0,2669304.1731410944,0,5.6863194425826675,55.29470788153423,0,0.0,569714.6580372418,108194691966.22096,190625.0,10819469196622.096,7238211.812145332,9.043787940754555e-10,0,0,1,0.0,0.0,0
55,245000000.0,0,1543750.0,2680101.2634021416,0,5.773661342796488,56.29470788153423,0,0.0,569714.6580372418,108194691966.22096,190625.0,10819469196622.096,7238211.812145332,9.043787940754555e-10,0,0,1,0.0,0.0,0
56,245000000.0,0,1553125.0,2690840.86813467,0,5.859050931669997,57.28689777205823,0,0.0,569714.6580372418,108194691966.22096,190625.0,10819469196622.096,7238211.812145332,9.043787940754555e-10,0,0,1,0.0,0.0,0
57,245000000.0,0,1553125.0,2701327.935820491,0,5.946599888064585,58.28689777205823,0,0.0,569714.6580372418,108194691966.22096,190625.0,10819469196622.096,7238211.812145332,9.043787940754555e-10,0,0,1,0.0,0.0,0
58,245000000.0,0,1562500.0,2710423.3801847375,0,6.032461096224926,59.27918132395267,0,0.0,569714.6580372418,108194691966.22096,190625.0,10819469196622.096,7238211.812145332,9.043787940754555e-10,0,0,1,0.0,0.0,0
59,245000000.0,0,1562500.0,2719435.697513027,0,6.120405307273183,60.27918132395267,0,0.0,569714.6580372418,108194691966.22096,190625.0,10819469196622.096,7238211.812145332,9.043787940754555e-10,0,0,1,0.0,0.0,0
60,245000000.0,0,1571875.0,2728367.658706559,0,6.206432518806375,61.27155686243344,0,0.0,569714.6580372418,108194691966.22096,190625.0,10819469196622.096,7238211.812145332,9.043787940754555e-10,0,0,1,0.0,0.0,0
61,245000000.0,0,1571875.0,2737221.942303158,0,6.294510524627026,62.27155686243344,0,0.0,569714.6580372418,108194691966.22096,190625.0,10819469196622.096,7238211.812145332,9.043787940754555e-10,0,0,1,0.0,0.0,0
62,245000000.0,0,1581250.0,2745147.713698196,0,6.380843709381228,63.264022752409545,0,0.0,569714.6580372418,108194691966.22096,190625.0,10819469196622.096,7238211.812145332,9.043787940754555e-10,0,0,1,0.0,0.0,0
63,245000000.0,0,1581250.0,2752328.2073221165,0,6.469308196435932,64.26402275240955,0,0.0,569714.6580372418,108194691966.22096,190625.0,10819469196622.096,7238211.812145332,9.043787940754555e-10,0,0,1,0.0,0.0,0
64,245000000.0,0,1590625.0,2759582.55408903,0,6.737626915591623,65.25657739731406,0,0.0,569714.6580372418,108194691966.22096,190625.0,10819469196622.096,7246388.843167395,1.0317080523236655e-09,0,0,1,0.0,0.0,0
65,245000000.0,0,1590625.0,2766743.615908308,0,6.644296092330194,66.25657739731406,0,0.0,569714.6580372418,108194691966.22096,190625.0,10819469196622.096,7246388.843167395,1.0317080524087654e-09,0,0,1,0.0,0.0,0
66,245000000.0,0,1600000.0,2773814.502278207,0,6.73092646171601,67.24921923797626,0,0.0,569714.6580372418,108194691966.22096,190625.0,10819469196622.096,7246388.843167395,1.264538696062635e-09,0,0,1,0.0,0.0,0
67,245000000.0,0,1600000.0,2780798.219047038,0,6.819514723475421,68.24921923797626,0,0.0,569714.6580372418,108194691966.22096,190625.0,10819469196622.096,7246388.843167395,1.0317080524087654e-09,0,0,1,0.0,0.0,0
68,245000000.0,0,1609375.0,2787697.671868171,0,6.90626697782499,69.24194675153302,0,0.0,569714.6580372418,108194691966.22096,190625.0,10819469196622.096,7246388.843167395,1.0317080524087654e-09,0,0,1,0.0,0.0,0
69,245000000.0,0,1609375.0,2794909.0581238666,0,6.994844003757108,70.24194675153302,0,0.0,569714.6580372418,108194691966.22096,190625.0,10819469196622.096,7265271.495199529,1.3368435248535828e-09,0,0,1,0.0,0.0,0
70,245000000.0,0,1618750.0,2802256.0510808215,0,7.081585253398538,71.23475845037814,0,0.0,569714.6580372418,108194691966.22096,190625.0,10819469196622.096,7275560.135794189,1.0523637516968165e-09,0,0,1,0.0,0.0,0
71,245000000.0,0,1618750.0,2809526.92872591,0,7.170233037596953,72.23475845037814,0,0.0,569714.6580372418,108194691966.22096,190625.0,10819469196622.096,7275560.135794189,1.0523637516968165e-09,0,0,1,0.0,0.0,0
72,245000000.0,0,1628125.0,2816724.228236193,0,7.257090144033629,73.22765288114786,0,0.0,569714.6580372418,108194691966.22096,190625.0,10819469196622.096,7275560.135794189,1.0523637516968165e-09,0,0,1,0.0,0.0,0
73,245000000.0,0,1628125.0,2823850.402216164,0,7.345827017916853,74.22765288114786,0,0.0,569714.6580372418,108194691966.22096,190625.0,10819469196622.096,7275560.135794189,1.0523637516968165e-09,0,0,1,0.0,0.0,0
74,245000000.0,0,1637500.0,2830907.821516834,0,7.432793441875685,75.22062862374122,0,0.0,569714.6580372418,108194691966.22096,190625.0,10819469196622.096,7275560.135794189,1.0523637516968165e-09,0,0,1,0.0,0.0,0
75,245000000.0,0,1637500.0,2837898.7779608467,0,7.5216136055463245,76.22062862374122,0,0.0,569714.6580372418,108194691966.22096,190625.0,10819469196622.096,7275560.135794189,1.0523637516968165e-09,0,0,1,0.0,0.0,0
76,245000000.0,0,1646875.0,2845168.9703505556,0,7.60854235041755,77.21368429037396,0,0.0,569714.6580372418,108194691966.22096,190625.0,10819469196622.096,7292047.337736553,1.5471288694612895e-09,0,0,1,0.0,0.0,0
77,245000000.0,0,1646875.0,2852377.687638016,0,7.697303289713871,78.21368429037396,0,0.0,569714.6580372418,108194691966.22096,190625.0,10819469196622.096,7292067.668726817,1.4931276215435219e-09,0,0,1,0.0,0.0,0
78,245000000.0,0,1656250.0,2859526.3692732155,0,7.784337684975839,79.20681852466436,0,0.0,569714.6580372418,108194691966.22096,190625.0,10819469196622.096,7292067.668726817,1.4931276215435219e-09,0,0,1,0.0,0.0,0
79,245000000.0,0,1656250.0,2866656.3522169422,0,7.873161854837966,80.20681852466436,0,0.0,569714.6580372418,108194691966.22096,190625.0,10819469196622.096,7293483.756532432,9.829010938489091e-10,0,0,1,0.0,0.0,0
80,245000000.0,0,1665625.0,2873730.2351789456,0,7.960279058165179,81.20003000075002,0,0.0,569714.6580372418,108194691966.22096,190625.0,10819469196622.096,7293483.756532432,1.2157317375027787e-09,0,0,1,0.0,0.0,0
81,245000000.0,0,1665625.0,2880749.888158617,0,8.049179774542933,82.20003000075002,0,0.0,569714.6580372418,108194691966.22096,190625.0,10819469196622.096,7293483.756532432,9.829010938489091e-10,0,0,1,0.0,0.0,0
82,245000000.0,0,1675000.0,2887717.1188220326,0,8.136392684757634,83.19331742243436,0,0.0,569714.6580372418,108194691966.22096,190625.0,10819469196622.096,7293483.756532432,9.829010938489091e-10,0,0,1,0.0,0.0,0
83,245000000.0,0,1675000.0,2894633.6745797363,0,8.225365406829221,84.19331742243436,0,0.0,569714.6580372418,108194691966.22096,190625.0,10819469196622.096,7293483.756532432,9.829010938489091e-10,0,0,1,0.0,0.0,0
84,245000000.0,0,1684375.0,2901501.24459525,0,8.312669265999823,85.18667952236149,0,0.0,569714.6580372418,108194691966.22096,190625.0,10819469196622.096,7293483.756532432,9.829010938489091e-10,0,0,1,0.0,0.0,0
85,245000000.0,0,1684375.0,2908321.4617266487,0,8.40170981346172,86.18667952236149,0,0.0,569714.6580372418,108194691966.22096,190625.0,10819469196622.096,7293483.756532432,9.829010938489091e-10,0,0,1,0.0,0.0,0
86,245000000.0,0,1693750.0,2915095.904403401,0,8.489100215872552,87.18011506121847,0,0.0,569714.6580372418,108194691966.22096,190625.0,10819469196622.096,7293483.756532432,9.829010938489091e-10,0,0,1,0.0,0.0,0
87,245000000.0,0,1693750.0,2921827.670827251,0,8.578203731076584,88.18011506121847,0,0.0,569695.7893981874,108187580033.67482,190625.0,10818758003367.482,7293559.2310886495,9.624374630590182e-10,0,0,1,0.0,0.0,0
88,245000000.0,0,1703125.0,2928516.663566259,0,8.665675612040445,89.17362282696398,0,0.0,569695.7893981874,108187580033.67482,190625.0,10818758003367.482,7293559.2310886495,7.296068194051486e-10,0,0,1,0.0,0.0,0
89,245000000.0,0,1703125.0,2935164.3084099214,0,8.75483955383868,90.17362282696398,0,0.0,569695.7893981874,108187580033.67482,190625.0,10818758003367.482,7293559.2310886495,7.296068194051486e-10,0,0,1,0.0,0.0,0
90,245000000.0,0,1712500.0,2941771.983621415,0,8.842390129931944,91.16720163408229,0,0.0,569695.7893981874,108187580033.67482,190625.0,10818758003367.482,7293559.2310886495,7.296068194051486e-10,0,0,1,0.0,0.0,0
91,245000000.0,0,1712500.0,2948341.0215218137,0,8.93161120067951,92.16720163408229,0,0.0,569695.7893981874,108187580033.67482,190625.0,10818758003367.482,7293559.2310886495,7.296068194051486e-10,0,0,1,0.0,0.0,0
92,245000000.0,0,1718750.0,2954872.710021486,0,9.019236933385569,93.16085032286149,0,0.0,569695.7893981874,108187580033.67482,190625.0,10818758003367.482,7293559.2310886495,7.296068194051486e-10,0,0,1,0.0,0.0,0
93,245000000.0,0,1718750.0,2961368.294100456,0,9.108512076152882,94.16085032286149,0,0.0,569695.7893981874,108187580033.67482,190625.0,10818758003367.482,7293559.2310886495,7.296068194051486e-10,0,0,1,0.0,0.0,0
94,245000000.0,0,1718750.0,2967828.977239415,0,9.196209665405194,95.15456775869534,0,0.0,569695.7893981874,108187580033.67482,190625.0,10818758003367.482,7293559.2310886495,7.296068194051486e-10,0,0,1,0.0,0.0,0
95,245000000.0,0,1718750.0,2974256.609693994,0,9.285535629240151,96.15456775869534,0,0.0,569687.5467066072,108184473437.07468,190625.0,10818447343707.467,7293592.20185497,7.296068194051486e-10,0,0,1,0.0,0.0,0
96,245000000.0,0,1718750.0,2980666.444913218,0,9.373294507462179,97.14835283140745,0,0.0,569580.1031898101,108143991368.04575,190625.0,10814399136804.574,7294303.358053914,5.067806174707812e-10,0,0,1,0.0,0.0,0
97,245000000.0,0,1718750.0,2987044.7542425916,0,9.46266206686577,98.14835283140745,0,0.0,569580.1031898101,108143991368.04575,190625.0,10814399136804.574,7294303.358053921,1.2634802093458575e-09,0,0,1,0.0,0.0,0
98,245000000.0,0,1718750.0,2993392.5885451105,0,9.550487152381022,99.14220445459738,0,0.0,569580.1031898101,108143991368.04575,190625.0,10814399136804.574,7294303.358053921,1.2634802093458575e-09,0,0,1,0.0,0.0,0
99,245000000.0,0,1718750.0,2999710.9636550033,0,9.639901052723184,100.14220445459738,0,0.0,569580.1031898101,108143991368.04575,190625.0,10814399136804.574,7294303.358053921,1.2634802093458575e-09,0,0,1,0.0,0.0,0
100,245000000.0,0,1718750.0,3006000.8615453593,0,9.727789630381022,101.13612156500746,0,0.0,569580.1031898101,108143991368.04575,190625.0,10814399136804.574,7294303.358053921,1.2634802093458575e-09,0,0,1,0.0,0.0,0
101,245000000.0,0,1718750.0,3012263.2314568255,0,9.81724757263753,102.13612156500746,0,0.0,569580.1031898101,108143991368.04575,190625.0,10814399136804.574,7294303.358053921,1.2634802093458575e-09,0,0,1,0.0,0.0,0
102,245000000.0,0,1718750.0,3018498.9909887,0,9.905197095197401,103.13010312190987,0,0.0,569580.1031898101,108143991368.04575,190625.0,10814399136804.574,7294303.358053921,1.2634802093458575e-09,0,0,1,0.0,0.0,0
103,245000000.0,0,1718750.0,3024709.027153637,0,9.994696933313499,104.13010312190987,0,0.0,569580.1031898101,108143991368.04575,190625.0,10814399136804.574,7294303.358053921,1.2634802093458575e-09,0,0,1,0.0,0.0,0
104,245000000.0,0,1718750.0,3031318.616812786,0,10.082491550801608,105.12414810651303,0,0.0,565794.8508354718,106715221203.64935,190625.0,10671522120364.936,7309628.486862938,1.0724863219735425e-09,0,0,1,0.0,0.0,0
105,245000000.0,0,1718750.0,3037904.169414608,0,10.171818742172833,106.12414810651303,0,0.0,565794.8508354718,106715221203.64935,190625.0,10671522120364.936,7309628.486862938,1.0724863219735425e-09,0,0,1,0.0,0.0,0
106,245000000.0,0,1718750.0,3044466.486194346,0,10.259678040602376,107.11825552138664,0,0.0,565794.8508354718,106715221203.64935,190625.0,10671522120364.936,7309628.486862938,1.0724863219735425e-09,0,0,1,0.0,0.0,0
107,245000000.0,0,1718750.0,3051006.3416794036,0,10.349047221253356,108.11825552138664,0,0.0,565794.8508354718,106715221203.64935,190625.0,10671522120364.936,7309628.486862938,1.0724863219735425e-09,0,0,1,0.0,0.0,0
108,245000000.0,0,1718750.0,3057524.4845796023,0,10.43696878046133,109.11242438990475,0,0.0,565794.8508354718,106715221203.64935,190625.0,10671522120364.936,7309628.486862938,1.0724863219735425e-09,0,0,1,0.0,0.0,0
109,245000000.0,0,1718750.0,3064021.638647772,0,10.526378081333581,110.11242438990475,0,0.0,565794.8508354718,106715221203.64935,190625.0,10671522120364.936,7309628.486862938,1.0724863219735425e-09,0,0,1,0.0,0.0,0
110,245000000.0,0,1718750.0,3070498.5035116463,0,10.614359614829787,111.10665375570619,0,0.0,565794.8508354718,106715221203.64935,190625.0,10671522120364.936,7309628.486862938,1.0724863219735425e-09,0,0,1,0.0,0.0,0
111,245000000.0,0,1718750.0,3076955.755478035,0,10.703807280521055,112.10665375570619,0,0.0,565794.8508354718,106715221203.64935,190625.0,10671522120364.936,7309628.486862938,1.0724863219735425e-09,0,0,1,0.0,0.0,0
112,245000000.0,0,1718750.0,3083394.048310188,0,10.791846625838438,113.1009426821716,0,0.0,565794.8508354718,106715221203.64935,190625.0,10671522120364.936,7309628.486862938,1.0724863219735425e-09,0,0,1,0.0,0.0,0
113,245000000.0,0,1718750.0,3089814.013979247,0,10.881331006001236,114.1009426821716,0,0.0,565794.8508354718,106715221203.64935,190625.0,10671522120364.936,7309628.486862938,1.0724863219735425e-09,0,0,1,0.0,0.0,0
114,245000000.0,0,1718750.0,3096216.2633906472,0,10.969426115905224,115.09529025191677,0,0.0,565794.8508354718,106715221203.64935,190625.0,10671522120364.936,7309628.486862938,1.0724863219735425e-09,0,0,1,0.0,0.0,0
115,245000000.0,0,1718750.0,3102601.3870863114,0,11.058945657427332,116.09529025191677,0,0.0,565794.8508354718,106715221203.64935,190625.0,10671522120364.936,7309628.486862938,1.0724863219735425e-09,0,0,1,0.0,0.0,0
116,245000000.0,0,1718750.0,3108969.9559234306,0,11.147094591892897,117.08969556630116,0,0.0,565794.8508354718,106715221203.64935,190625.0,10671522120364.936,7309628.486862938,1.0724863219735425e-09,0,0,1,0.0,0.0,0
117,245000000.0,0,1718750.0,3115322.5217306227,0,11.236647831776127,118.08969556630116,0,0.0,565794.8508354718,106715221203.64935,190625.0,10671522120364.936,7309628.486862938,1.0724863219735425e-09,0,0,1,0.0,0.0,0
118,245000000.0,0,1718750.0,3121659.617942219,0,11.324848750652617,119.0841577449519,0,0.0,565794.8508354718,106715221203.64935,190625.0,10671522120364.936,7309628.486862938,1.0724863219735425e-09,0,0,1,0.0,0.0,0
119,245000000.0,0,1718750.0,3127981.760211406,0,11.414434309516444,120.0841577449519,0,0.0,565794.8508354718,106715221203.64935,190625.0,10671522120364.936,7309628.486862938,1.0724863219735425e-09,0,0,1,0.0,0.0,0
120,245000000.0,0,1718750.0,3143954.4698712975,0,11.500283161614487,121.0786759253017,0,0.0,541474.2541773589,97913542470.76132,190625.0,9791354247076.133,7748142.434314689,1.3197274384424418e-09,0,0,1,0.0,0.0,0
121,245000000.0,0,1718750.0,3159913.205902781,0,11.587586603397831,122.0786759253017,0,0.0,541474.2541773589,97913542470.76132,190625.0,9791354247076.133,7748142.434314689,1.3197274384424418e-09,0,0,1,0.0,0.0,0
122,245000000.0,0,1718750.0,3176395.2437549513,0,11.673468232224666,123.07324926214113,0,0.0,536642.967224041,96278018149.6156,190625.0,9627801814961.56,7767467.58212796,1.3197274384424418e-09,0,0,1,0.0,0.0,0
123,245000000.0,0,1718750.0,3192864.2240276877,0,11.760764044075875,124.07324926214113,0,0.0,536642.967224041,96278018149.6156,190625.0,9627801814961.56,7767467.58212796,1.3197274384424418e-09,0,0,1,0.0,0.0,0
124,245000000.0,0,1718750.0,3209320.581973639,0,11.846897360652848,125.06787692718414,0,0.0,536642.967224041,96278018149.6156,190625.0,9627801814961.56,7767467.58212796,1.3197274384424418e-09,0,0,1,0.0,0.0,0
125,245000000.0,0,1718750.0,3225764.7383370292,0,11.934394126045362,126.06787692718414,0,0.0,536642.967224041,96278018149.6156,190625.0,9627801814961.56,7767467.58212796,1.3197274384424418e-09,0,0,1,0.0,0.0,0
126,245000000.0,0,1718750.0,3242565.2021897295,0,12.02073889651029,127.06255810864657,0,0.0,536642.967224041,96278018149.6156,190625.0,9627801814961.56,7785136.495045576,8.36735125631094e-10,0,0,1,0.0,0.0,0
127,245000000.0,0,1718750.0,3260000.4479693645,0,12.108111037845829,128.06255810864656,0,0.0,528888.7636883885,93559508014.8559,190625.0,9355950801485.59,7816153.309188187,8.840288501232862e-10,0,0,1,0.0,0.0,0
128,245000000.0,0,1718750.0,3277424.672104666,0,12.194388117987403,129.05729201083724,0,0.0,528888.7636883885,93559508014.8559,190625.0,9355950801485.59,7816153.309188187,1.407897798344493e-09,0,0,1,0.0,0.0,0
129,245000000.0,0,1718750.0,3294838.2419837746,0,12.281944222518622,130.05729201083724,0,0.0,528888.7636883885,93559508014.8559,190625.0,9355950801485.59,7816153.309188187,8.840288501232862e-10,0,0,1,0.0,0.0,0
130,245000000.0,0,1718750.0,3312241.512748567,0,12.368434710664491,131.05207785376118,0,0.0,528888.7636883885,93559508014.8559,190625.0,9355950801485.59,7816153.309188187,8.840288501232862e-10,0,0,1,0.0,0.0,0
131,245000000.0,0,1718750.0,3329634.8277028515,0,12.456158935984819,132.05207785376118,0,0.0,528888.7636883885,93559508014.8559,190625.0,9355950801485.59,7816153.309188187,1.3496901374310255e-09,0,0,1,0.0,0.0,0
132,245000000.0,0,1718750.0,3347018.518706979,0,12.542845666881446,133.04691487273442,0,0.0,528888.7636883885,93559508014.8559,190625.0,9355950801485.59,7816153.309188187,8.840288501232862e-10,0,0,1,0.0,0.0,0
133,245000000.0,0,1718750.0,3364536.998473512,0,12.63070649431126,134.04691487273442,0,0.0,528888.7636883885,93559508014.8559,190625.0,9355950801485.59,7823069.721070912,9.422365110367537e-10,0,0,1,0.0,0.0,0
134,245000000.0,0,1718750.0,3382046.485193289,0,12.717557948857554,135.04180231801016,0,0.0,528888.7636883885,93559508014.8559,190625.0,9355950801485.59,7823069.721070912,9.422365110367537e-10,0,0,1,0.0,0.0,0
135,245000000.0,0,1718750.0,3399547.2786345324,0,12.80556312270403,136.04180231801016,0,0.0,528888.7636883885,93559508014.8559,190625.0,9355950801485.59,7823069.721070912,9.422365110367537e-10,0,0,1,0.0,0.0,0
136,245000000.0,0,1718750.0,3417039.668573194,0,12.89258435360655,137.03673945441585,0,0.0,528888.7636883885,93559508014.8559,190625.0,9355950801485.59,7823069.721070912,9.422365110367537e-10,0,0,1,0.0,0.0,0
137,245000000.0,0,1718750.0,3434564.778359498,0,12.980718268669266,138.03673945441585,0,0.0,528888.7636883885,93559508014.8559,190625.0,9355950801485.59,7825030.19627751,8.840288501232862e-10,0,0,1,0.0,0.0,0
138,245000000.0,0,1718750.0,3452130.693038422,0,13.067891275421864,139.03172556100077,0,0.0,528888.7636883885,93559508014.8559,190625.0,9355950801485.59,7827365.75622571,1.597072696313262e-09,0,0,1,0.0,0.0,0
139,245000000.0,0,1718750.0,3469689.0168645885,0,13.156147254611586,140.03172556100077,0,0.0,528888.7636883885,93559508014.8559,190625.0,9355950801485.59,7827365.75622571,1.597072696313262e-09,0,0,1,0.0,0.0,0
140,245000000.0,0,1718750.0,3487240.0028664223,0,13.24346712028189,141.02675993069371,0,0.0,528888.7636883885,93559508014.8559,190625.0,9355950801485.59,7827365.75622571,1.597072696313262e-09,0,0,1,0.0,0.0,0
141,245000000.0,0,1718750.0,3504783.89563807,0,13.331837709653541,142.02675993069371,0,0.0,528888.7636883885,93559508014.8559,190625.0,9355950801485.59,7827365.75622571,1.418811734765768e-09,0,0,1,0.0,0.0,0
142,245000000.0,0,1718750.0,3522320.931620535,0,13.419294347235024,143.02184186997061,0,0.0,528888.7636883885,93559508014.8559,190625.0,9355950801485.59,7827365.75622571,1.418811734765768e-09,0,0,1,0.0,0.0,0
143,245000000.0,0,1718750.0,3539851.339373457,0,13.507771411004285,144.02184186997061,0,0.0,528888.7636883885,93559508014.8559,190625.0,9355950801485.59,7827365.75622571,1.418811734765768e-09,0,0,1,0.0,0.0,0
144,245000000.0,0,1718750.0,3557375.339837821,0,13.595355721390082,145.01697069853174,0,0.0,528888.7636883885,93559508014.8559,190625.0,9355950801485.59,7827365.75622571,1.418811734765768e-09,0,0,1,0.0,0.0,0
145,245000000.0,0,1718750.0,3574893.1465899143,0,13.683931935125571,146.01697069853174,0,0.0,528888.7636883885,93559508014.8559,190625.0,9355950801485.59,7827365.75622571,1.418811734765768e-09,0,0,1,0.0,0.0,0
146,245000000.0,0,1718750.0,3592404.96608681,0,13.771635681692953,147.01214574898785,0,0.0,528888.7636883885,93559508014.8559,190625.0,9355950801485.59,7827365.75622571,1.418811734765768e-09,0,0,1,0.0,0.0,0
147,245000000.0,0,1718750.0,3609910.997903684,0,13.86030442799938,148.01214574898785,0,0.0,528888.7636883885,93559508014.8559,190625.0,9355950801485.59,7827365.75622571,1.418811734765768e-09,0,0,1,0.0,0.0,0
148,245000000.0,0,1718750.0,3627411.4349632007,0,13.948120130688897,149.00736636655543,0,0.0,528888.7636883885,93559508014.8559,190625.0,9355950801485.59,7827365.75622571,1.418811734765768e-09,0,0,1,0.0,0.0,0
149,245000000.0,0,1718750.0,3644906.4637572733,0,14.036875411235942,150.00736636655543,0,0.0,528888.7636883885,93559508014.8559,190625.0,9355950801485.59,7827365.75622571,1.418811734765768e-09,0,0,1,0.0,0.0,0
150,245000000.0,0,1718750.0,3662396.2731692195,0,14.124796255961058,151.0026319087605,0,0.0,528888.7636883885,93559508014.8559,190625.0,9355950801485.59,7827366.1694002515,2.2337189875543118e-09,0,0,1,0.0,0.0,0
151,245000000.0,0,1718750.0,3679037.599108171,0,14.213698137865462,152.0026319087605,0,0.0,528888.7636883885,93559508014.8559,190625.0,9355950801485.59,7827366.1694002515,2.2337189875543118e-09,0,0,1,0.0,0.0,0
152,245000000.0,0,1718750.0,3694543.881799587,0,14.301869453328097,152.99794174515063,0,0.0,528888.7636883885,93559508014.8559,190625.0,9355950801485.59,7827366.1694002515,2.2337189875543118e-09,0,0,1,0.0,0.0,0
153,245000000.0,0,1718750.0,3710043.7206264287,0,14.390931179675507,153.99794174515063,0,0.0,528888.7636883885,93559508014.8559,190625.0,9355950801485.59,7827366.1694002515,2.2337189875543118e-09,0,0,1,0.0,0.0,0
154,245000000.0,0,1718750.0,3725537.330384181,0,14.479191179496413,154.99329525701515,0,0.0,528888.7636883885,93559508014.8559,190625.0,9355950801485.59,7827366.1694002515,2.2337189875543118e-09,0,0,1,0.0,0.0,0
155,245000000.0,0,1718750.0,3741024.918708479,0,14.568320033896946,155.99329525701515,0,0.0,528888.7636883885,93559508014.8559,190625.0,9355950801485.59,7827366.1694002515,3.1650415621697903e-09,0,0,1,0.0,0.0,0
156,245000000.0,0,1718750.0,3756506.686313773,0,14.656663685692386,156.988691837113,0,0.0,528888.7636883885,93559508014.8559,190625.0,9355950801485.59,7827366.1694002515,2.2337189875543118e-09,0,0,1,0.0,0.0,0
157,245000000.0,0,1718750.0,3771991.054888173,0,14.745853523143335,157.988691837113,0,0.0,528888.7636883885,93559508014.8559,190625.0,9355950801485.59,7827662.365309388,2.5793269742280245e-09,0,0,1,0.0,0.0,0
158,245000000.0,0,1718750.0,3787469.9843240357,0,14.834274060993998,158.98413088940828,0,0.0,528888.7636883885,93559508014.8559,190625.0,9355950801485.59,7827662.365309388,2.5793269742280245e-09,0,0,1,0.0,0.0,0
159,245000000.0,0,1718750.0,3802943.65592598,0,14.923523474264398,159.98413088940828,0,0.0,528888.7636883885,93559508014.8559,190625.0,9355950801485.59,7827662.365309388,3.3169271773658693e-09,0,0,1,0.0,0.0,0
160,245000000.0,0,1718750.0,3818412.2449551374,0,15.012018838525028,160.97961182881284,0,0.0,528888.7636883885,93559508014.8559,190625.0,9355950801485.59,7827662.365309388,3.3169271773658693e-09,0,0,1,0.0,0.0,0
161,245000000.0,0,1718750.0,3833875.920830598,0,15.101324472398556,161.97961182881284,0,0.0,528888.7636883885,93559508014.8559,190625.0,9355950801485.59,7827662.365309388,3.3169271773658693e-09,0,0,1,0.0,0.0,0
162,245000000.0,0,1718750.0,3851343.1470843935,0,15.189384048015528,162.97513408093613,0,0.0,528888.7636883885,93559508014.8559,190625.0,9355950801485.59,7899961.156677945,2.840351953636855e-09,0,0,1,0.0,0.0,0
163,245000000.0,0,1718750.0,3868805.7822690126,0,15.278250794604412,163.97513408093613,0,0.0,528888.7636883885,93559508014.8559,190625.0,9355950801485.59,7899961.156677945,2.840351953636855e-09,0,0,1,0.0,0.0,0
164,245000000.0,0,1718750.0,3886332.1862071957,0,15.36639092863925,164.9706970818419,0,0.0,528070.2822431894,93279576997.23349,190625.0,9327957699723.35,7903235.082458741,2.6948328013531864e-09,0,0,1,0.0,0.0,0
165,245000000.0,0,1718750.0,3903854.300046294,0,15.455320655225618,165.9706970818419,0,0.0,528070.2822431894,93279576997.23349,190625.0,9327957699723.35,7903235.082458741,2.6948328013531864e-09,0,0,1,0.0,0.0,0
166,245000000.0,0,1718750.0,3921372.266789611,0,15.543552552010635,166.96630027781134,0,0.0,528070.2822431894,93279576997.23349,190625.0,9327957699723.35,7903235.082458741,2.6948328013531864e-09,0,0,1,0.0,0.0,0
167,245000000.0,0,1718750.0,3939755.7267060527,0,15.632532433002803,167.96630027781134,0,0.0,528070.2822431894,93279576997.23349,190625.0,9327957699723.35,7944971.180012967,1.9572325982153416e-09,0,0,1,0.0,0.0,0
168,245000000.0,0,1718750.0,3958135.3113918793,0,15.720827423990267,168.96194312511273,0,0.0,528070.2822431894,93279576997.23349,190625.0,9327957699723.35,7944971.180012967,1.9572325982153416e-09,0,0,1,0.0,0.0,0
169,245000000.0,0,1718750.0,3976511.1500693983,0,15.8098786407966,169.96194312511273,0,0.0,528070.2822431894,93279576997.23349,190625.0,9327957699723.35,7944971.183465419,1.4224497135728598e-09,0,0,1,0.0,0.0,0
170,245000000.0,0,1718750.0,3994883.367559198,0,15.898256886922532,170.95762508977737,0,0.0,528070.2822431894,93279576997.23349,190625.0,9327957699723.35,7944971.183465419,1.4224497135728598e-09,0,0,1,0.0,0.0,0
171,245000000.0,0,1718750.0,4013252.084567536,0,15.987375481350199,171.95762508977737,0,0.0,528070.2822431894,93279576997.23349,190625.0,9327957699723.35,7944971.183465419,1.4224497135728598e-09,0,0,1,0.0,0.0,0
172,245000000.0,0,1718750.0,4031617.4177771304,0,16.07583263536497,172.95334564738127,0,0.0,528070.2822431894,93279576997.23349,190625.0,9327957699723.35,7944971.183465419,1.4224497135728598e-09,0,0,1,0.0,0.0,0
173,245000000.0,0,1718750.0,4049758.9364931295,0,16.165032006448914,173.95334564738127,0,0.0,528070.2822431894,93279576997.23349,190625.0,9327957699723.35,7944971.183465419,1.4224497135728598e-09,0,0,1,0.0,0.0,0
174,245000000.0,0,1718750.0,4066514.4775674236,0,16.25368719007626,174.94910428283308,0,0.0,528070.2822431894,93279576997.23349,190625.0,9327957699723.35,7944971.183465419,1.4224497135728598e-09,0,0,1,0.0,0.0,0
175,245000000.0,0,1718750.0,4083266.1455233227,0,16.343051455833603,175.94910428283308,0,0.0,528070.2822431894,93279576997.23349,190625.0,9327957699723.35,7944971.183465419,1.4224497135728598e-09,0,0,1,0.0,0.0,0
176,245000000.0,0,1718750.0,4100247.1871048287,0,16.43177476211304,176.94490049016713,0,0.0,528070.2822431894,93279576997.23349,190625.0,9327957699723.35,7961755.65354919,2.317392500117421e-09,0,0,1,0.0,0.0,0
177,245000000.0,0,1718750.0,4117224.6094723684,0,16.52119324027379,177.94490049016713,0,0.0,528070.2822431894,93279576997.23349,190625.0,9327957699723.35,7961755.65354919,2.317392500117421e-09,0,0,1,0.0,0.0,0
178,245000000.0,0,1718750.0,4134198.533266405,0,16.60998127707235,178.94073377234244,0,0.0,528070.2822431894,93279576997.23349,190625.0,9327957699723.35,7961755.65354919,2.317392500117421e-09,0,0,1,0.0,0.0,0
179,245000000.0,0,1718750.0,4152066.3380800956,0,16.699435937782354,179.94073377234244,0,0.0,528070.2822431894,93279576997.23349,190625.0,9327957699723.35,8015893.313975182,6.075424607843161e-10,0,0,1,0.0,0.0,0
180,245000000.0,0,1718750.0,4171199.2922852165,0,16.78804536514347,180.93660364104664,0,0.0,512849.2588751523,88317931958.9483,190625.0,8831793195894.83,8076777.407447331,7.130438461899757e-10,0,0,1,0.0,0.0,0
181,245000000.0,0,1718750.0,4191089.5442632213,0,16.87720071754518,181.93660364104664,0,0.0,512849.2588751523,88317931958.9483,190625.0,8831793195894.83,8104153.896216541,2.9103830456733704e-10,0,0,1,0.0,0.0,0
182,245000000.0,0,1718750.0,4210976.741334357,0,16.965761690161443,182.93250961650543,0,0.0,512849.2588751523,88317931958.9483,190625.0,8831793195894.83,8104153.896216541,2.9103830456733704e-10,0,0,1,0.0,0.0,0
183,245000000.0,0,1718750.0,4230860.98532885,0,17.054988955383777,183.93250961650543,0,0.0,512849.2588751523,88317931958.9483,190625.0,8831793195894.83,8104153.896216541,2.5902409106492996e-09,0,0,1,0.0,0.0,0
184,245000000.0,0,1718750.0,4250742.374682594,0,17.143632401091583,184.92845122729648,0,0.0,512849.2588751523,88317931958.9483,190625.0,8831793195894.83,8104153.896216541,2.9103830456733704e-10,0,0,1,0.0,0.0,0
185,245000000.0,0,1718750.0,4270621.004550274,0,17.232927194119654,185.92845122729648,0,0.0,512849.2588751523,88317931958.9483,190625.0,8831793195894.83,8104153.896216541,2.9103830456733704e-10,0,0,1,0.0,0.0,0
186,245000000.0,0,1718750.0,4290496.9669147665,0,17.32164833033648,186.9244280101687,0,0.0,512849.2588751523,88317931958.9483,190625.0,8831793195894.83,8104153.896216541,2.9103830456733704e-10,0,0,1,0.0,0.0,0
187,245000000.0,0,1718750.0,4310370.350692837,0,17.41100661840977,187.9244280101687,0,0.0,512849.2588751523,88317931958.9483,190625.0,8831793195894.83,8104153.896216541,2.9103830456733704e-10,0,0,1,0.0,0.0,0
188,245000000.0,0,1718750.0,4330241.241837372,0,17.499801037944533,188.92043950986596,0,0.0,512849.2588751523,88317931958.9483,190625.0,8831793195894.83,8104153.896216541,2.9103830456733704e-10,0,0,1,0.0,0.0,0
189,245000000.0,0,1718750.0,4349952.075139112,0,17.58921910563849,189.92043950986596,0,0.0,512849.2588751523,88317931958.9483,190625.0,8831793195894.83,8092803.218829526,2.346496330574155e-09,0,0,1,0.0,0.0,0
190,245000000.0,0,1718750.0,4369660.579213288,0,17.678082740061434,190.9164852789552,0,0.0,512849.2588751523,88317931958.9483,190625.0,8831793195894.83,8092803.218829526,2.346496330574155e-09,0,0,1,0.0,0.0,0
191,245000000.0,0,1718750.0,4389366.831700821,0,17.76755715846767,191.9164852789552,0,0.0,512849.2588751523,88317931958.9483,190625.0,8831793195894.83,8092803.218829526,2.637534635141492e-09,0,0,1,0.0,0.0,0
192,245000000.0,0,1718750.0,4409070.9076546,0,17.85648624572378,192.91256487765926,0,0.0,512849.2588751523,88317931958.9483,190625.0,8831793195894.83,8092803.218829526,2.637534635141492e-09,0,0,1,0.0,0.0,0
193,245000000.0,0,1718750.0,4428772.879625751,0,17.946013845175468,193.91256487765926,0,0.0,512849.2588751523,88317931958.9483,190625.0,8831793195894.83,8092803.218829526,3.103195922449231e-09,0,0,1,0.0,0.0,0
194,245000000.0,0,1718750.0,4448472.817747023,0,18.035004900875144,194.90867787369376,0,0.0,512849.2588751523,88317931958.9483,190625.0,8831793195894.83,8092803.218829526,3.3396645449101925e-09,0,0,1,0.0,0.0,0
195,245000000.0,0,1718750.0,4468170.789813419,0,18.124582746748416,195.90867787369376,0,0.0,512849.2588751523,88317931958.9483,190625.0,8831793195894.83,8092803.218829526,4.270987119525671e-09,0,0,1,0.0,0.0,0
196,245000000.0,0,1718750.0,4487866.861352999,0,18.213632538655194,196.90482384210824,0,0.0,512849.25896035676,88317931985.42577,190625.0,8831793198542.576,8092803.218488708,2.9322109185159206e-09,0,0,1,0.0,0.0,0
197,245000000.0,0,1718750.0,4507561.095723514,0,18.30325790984807,197.90482384210824,0,0.0,512849.25896035676,88317931985.42577,190625.0,8831793198542.576,8092803.218488708,2.9322109185159206e-09,0,0,1,0.0,0.0,0
198,245000000.0,0,1718750.0,4527253.554163943,0,18.39236343514871,198.9010023651312,0,0.0,512849.25896035676,88317931985.42577,190625.0,8831793198542.576,8092803.218488708,2.9322109185159206e-09,0,0,1,0.0,0.0,0
199,245000000.0,0,1718750.0,4546944.295871947,0,18.482033804892243,199.9010023651312,0,0.0,512849.25896035676,88317931985.42577,190625.0,8831793198542.576,8092803.218488708,2.9322109185159206e-09,0,0,1,0.0,0.0,0
200,245000000.0,0,1718750.0,4567686.985208405,0,18.57116790773137,200.8972130320193,0,0.0,512849.25896035676,88317931985.42577,190625.0,8831793198542.576,8143376.3610386895,2.9940565582364798e-09,0,0,1,0.0,0.0,0
201,245000000.0,0,1718750.0,4588428.0703537855,0,18.660857470756387,201.8972130320193,0,0.0,512849.25896035676,88317931985.42577,190625.0,8831793198542.576,8143376.3610386895,2.9940565582364798e-09,0,0,1,0.0,0.0,0
202,245000000.0,0,1718750.0,4609167.604781132,0,18.750043685920947,202.89345543891,0,0.0,512849.25896035676,88317931985.42577,190625.0,8831793198542.576,8143376.3610386895,2.9940565582364798e-09,0,0,1,0.0,0.0,0
203,245000000.0,0,1718750.0,4629905.64018104,0,18.83977541204003,203.89345543891,0,0.0,512849.25896035676,88317931985.42577,190625.0,8831793198542.576,8143376.3610386895,2.9940565582364798e-09,0,0,1,0.0,0.0,0
204,245000000.0,0,1718750.0,4652877.881754821,0,18.928798754440162,204.8897291886782,0,0.0,512849.25896035676,88317931985.42577,190625.0,8831793198542.576,8233530.14805976,3.3251126296818256e-09,0,0,1,0.0,0.0,0
205,245000000.0,0,1718750.0,4675849.111164474,0,19.018367332055114,205.8897291886782,0,0.0,512845.7616167642,88316764946.74591,190625.0,8831676494674.592,8233544.137434131,1.6807462088763714e-09,0,0,1,0.0,0.0,0
206,245000000.0,0,1718750.0,4698818.986508199,0,19.107455948357295,206.8860338907963,0,0.0,512845.7616167642,88316764946.74591,190625.0,8831676494674.592,8233544.137434131,2.1464074961841106e-09,0,0,1,0.0,0.0,0
207,245000000.0,0,1718750.0,4721787.552921521,0,19.19707975689546,207.8860338907963,0,0.0,512845.7616167642,88316764946.74591,190625.0,8831676494674.592,8233544.137434131,1.6807462088763714e-09,0,0,1,0.0,0.0,0
208,245000000.0,0,1718750.0,4744754.854035453,0,19.286229708155442,208.88236916119783,0,0.0,512845.7616167642,88316764946.74591,190625.0,8831676494674.592,8233544.137434131,1.6807462088763714e-09,0,0,1,0.0,0.0,0
209,245000000.0,0,1718750.0,4767720.932026649,0,19.375905222153428,209.88236916119783,0,0.0,512845.7616167642,88316764946.74591,190625.0,8831676494674.592,8233544.137434131,1.6807462088763714e-09,0,0,1,0.0,0.0,0
210,245000000.0,0,1718750.0,4790688.077395239,0,19.46511283240448,210.87873462214412,0,0.0,512845.7616167642,88316764946.74591,190625.0,8831676494674.592,8233652.124444342,1.7826096154749393e-09,0,0,1,0.0,0.0,0
211,245000000.0,0,1718750.0,4813654.07982358,0,19.554836790956838,211.87873462214412,0,0.0,512845.7616167642,88316764946.74591,190625.0,8831676494674.592,8233652.124444342,1.7826096154749393e-09,0,0,1,0.0,0.0,0
212,245000000.0,0,1718750.0,4836618.9774096785,0,19.644098776035147,212.87512990209484,0,0.0,512845.7616167642,88316764946.74591,190625.0,8831676494674.592,8233652.124444342,1.7826096154749393e-09,0,0,1,0.0,0.0,0
213,245000000.0,0,1718750.0,4859582.806981608,0,19.733868276212505,213.87512990209484,0,0.0,512845.7616167642,88316764946.74591,190625.0,8831676494674.592,8233652.124444342,1.7826096154749393e-09,0,0,1,0.0,0.0,0
214,245000000.0,0,1718750.0,4882545.604139846,0,19.823181576584663,214.87155463558122,0,0.0,512845.7616167642,88316764946.74591,190625.0,8831676494674.592,8233652.124444342,1.7826096154749393e-09,0,0,1,0.0,0.0,0
215,245000000.0,0,1718750.0,4905348.427006072,0,19.91299668495486,215.87155463558122,0,0.0,512845.7616167642,88316764946.74591,190625.0,8831676494674.592,8226021.26242327,1.5643308870494366e-09,0,0,1,0.0,0.0,0
216,245000000.0,0,1718750.0,4928150.285139056,0,20.00236115952924,216.8680084630825,0,0.0,512845.7616167642,88316764946.74591,190625.0,8831676494674.592,8226021.26242327,1.5643308870494366e-09,0,0,1,0.0,0.0,0
217,245000000.0,0,1718750.0,4951176.162893073,0,20.09221643328949,217.8680084630825,0,0.0,512845.7616167642,88316764946.74591,190625.0,8831676494674.592,8242217.820571175,1.9208528101444244e-09,0,0,1,0.0,0.0,0
218,245000000.0,0,1718750.0,4974201.139157471,0,20.18162662856127,218.86449103090555,0,0.0,512845.7616167642,88316764946.74591,190625.0,8831676494674.592,8242217.820571175,1.9208528101444244e-09,0,0,1,0.0,0.0,0
219,245000000.0,0,1718750.0,4995702.989269216,0,20.271594548203236,219.86449103090555,0,0.0,512845.7616167642,88316764946.74591,190625.0,8831676494674.592,8242217.820571175,1.9208528101444244e-09,0,0,1,0.0,0.0,0
220,245000000.0,0,1718750.0,5016063.606506147,0,20.36117713933369,220.8610019910671,0,0.0,512845.7616167642,88316764946.74591,190625.0,8831676494674.592,8242217.820571175,1.9208528101444244e-09,0,0,1,0.0,0.0,0
221,245000000.0,0,1718750.0,5036430.865119598,0,20.451233051231473,221.8610019910671,0,0.0,512845.7616167642,88316764946.74591,190625.0,8831676494674.592,8242770.097606428,1.6334524843841791e-09,0,0,1,0.0,0.0,0
222,245000000.0,0,1718750.0,5056797.128899788,0,20.540852606914154,222.85754100117913,0,0.0,512845.7616167642,88316764946.74591,190625.0,8831676494674.592,8242770.097606428,1.6334524843841791e-09,0,0,1,0.0,0.0,0
223,245000000.0,0,1718750.0,5077162.431007828,0,20.63093830933977,223.85754100117913,0,0.0,512845.7616167642,88316764946.74591,190625.0,8831676494674.592,8242770.097606428,1.6334524843841791e-09,0,0,1,0.0,0.0,0
224,245000000.0,0,1718750.0,5097526.80349945,0,20.72059297439113,224.85410772433673,0,0.0,512845.7616167642,88316764946.74591,190625.0,8831676494674.592,8242770.097606428,1.6334524843841791e-09,0,0,1,0.0,0.0,0
225,245000000.0,0,1718750.0,5117890.160226752,0,20.8107068587233,225.85410772433673,0,0.0,512845.7616167642,88316764946.74591,190625.0,8831676494674.592,8242761.663877863,2.88855517283082e-09,0,0,1,0.0,0.0,0
226,245000000.0,0,1718750.0,5138252.648279165,0,20.900394910618875,226.85070182900893,0,0.0,512845.7616167642,88316764946.74591,190625.0,8831676494674.592,8242761.663877863,2.88855517283082e-09,0,0,1,0.0,0.0,0
227,245000000.0,0,1718750.0,5158782.577146037,0,20.990535486199107,227.85070182900893,0,0.0,512845.7616167642,88316764946.74591,190625.0,8831676494674.592,8254877.86229179,4.576577339321375e-09,0,0,1,0.0,0.0,0
228,245000000.0,0,1718750.0,5179311.69428448,0,21.08025532292047,228.84732298893184,0,0.0,512845.7616167642,88316764946.74591,190625.0,8831676494674.592,8254877.86229179,4.576577339321375e-09,0,0,1,0.0,0.0,0
229,245000000.0,0,1718750.0,5199840.026752112,0,21.17042120614161,229.84732298893184,0,0.0,512845.7616167642,88316764946.74591,190625.0,8831676494674.592,8254877.86229179,4.576577339321375e-09,0,0,1,0.0,0.0,0
230,245000000.0,0,1718750.0,5220367.6007046215,0,21.26017133537108,230.84397088300454,0,0.0,512845.7616167642,88316764946.74591,190625.0,8831676494674.592,8254877.86229179,4.576577339321375e-09,0,0,1,0.0,0.0,0
231,245000000.0,0,1718750.0,5241972.84232414,0,21.350361239979588,231.84397088300454,0,0.0,512845.7616167642,88316764946.74591,190625.0,8831676494674.592,8332522.726968835,5.020410753786564e-09,0,0,1,0.0,0.0,0
232,245000000.0,0,1718750.0,5263577.375153419,0,21.440140269468223,232.8406451951873,0,0.0,512845.7616167642,88316764946.74591,190625.0,8831676494674.592,8332522.726968835,5.020410753786564e-09,0,0,1,0.0,0.0,0
233,245000000.0,0,1718750.0,5286098.3165573515,0,21.53035299792314,233.8406451951873,0,0.0,512845.7616167642,88316764946.74591,190625.0,8831676494674.592,8398553.476144724,3.768946044147015e-09,0,0,1,0.0,0.0,0
234,245000000.0,0,1718750.0,5308618.595636182,0,21.620159626883275,234.83734561440235,0,0.0,512845.7616167642,88316764946.74591,190625.0,8831676494674.592,8398553.476144724,3.768946044147015e-09,0,0,1,0.0,0.0,0
235,245000000.0,0,1718750.0,5331138.234467417,0,21.710394062637977,235.83734561440235,0,0.0,512845.7616167642,88316764946.74591,190625.0,8831676494674.592,8398553.476144724,3.768946044147015e-09,0,0,1,0.0,0.0,0
236,245000000.0,0,1718750.0,5353657.254392635,0,21.80022707403297,236.83407183443674,0,0.0,512845.7616167642,88316764946.74591,190625.0,8831676494674.592,8398553.476144724,3.768946044147015e-09,0,0,1,0.0,0.0,0
237,245000000.0,0,1718750.0,5376175.676042042,0,21.89048217462502,237.83407183443674,0,0.0,512845.7616167642,88316764946.74591,190625.0,8831676494674.592,8398553.476144724,3.768946044147015e-09,0,0,1,0.0,0.0,0
238,245000000.0,0,1718750.0,5398833.806505978,0,21.98034042824693,238.83082355384775,0,0.0,512845.7616167642,88316764946.74591,190625.0,8831676494674.592,8408654.150787069,3.041350282728672e-09,0,0,1,0.0,0.0,0
239,245000000.0,0,1718750.0,5421491.377914402,0,22.070615219097533,239.83082355384775,0,0.0,512845.7616167642,88316764946.74591,190625.0,8831676494674.592,8408654.150787069,3.041350282728672e-09,0,0,1,0.0,0.0,0
240,245000000.0,0,1718750.0,5426696.348979511,0,22.160977647815884,240.82760047587027,0,0.0,560069.1523233529,104585012056.49245,190625.0,10458501205649.244,7439277.806331543,3.2378011383116245e-09,0,0,1,0.0,0.0,0
241,245000000.0,0,1718750.0,5431900.797638305,0,22.25174305513161,241.82760047587027,0,0.0,560069.1523233529,104585012056.49245,190625.0,10458501205649.244,7439277.806331543,3.2378011383116245e-09,0,0,1,0.0,0.0,0
242,245000000.0,0,1718750.0,5437095.787677931,0,22.34211045366971,242.82440230832646,0,0.0,560176.59584015,104624471533.64398,190625.0,10462447153364.398,7438848.032264355,4.136381903663278e-09,0,0,1,0.0,0.0,0
243,245000000.0,0,1718750.0,5442290.289557878,0,22.43287773733983,243.82440230832646,0,0.0,560176.59584015,104624471533.64398,190625.0,10462447153364.398,7438848.032264355,4.136381903663278e-09,0,0,1,0.0,0.0,0
244,245000000.0,0,1718750.0,5447484.319550135,0,22.523249475740247,244.82122876353745,0,0.0,560176.59584015,104624471533.64398,190625.0,10462447153364.398,7438848.032264355,4.136381903663278e-09,0,0,1,0.0,0.0,0
245,245000000.0,0,1718750.0,5452677.8933842955,0,22.61401804769073,245.82122876353745,0,0.0,560176.59584015,104624471533.64398,190625.0,10462447153364.398,7438848.032264355,4.136381903663278e-09,0,0,1,0.0,0.0,0
246,245000000.0,0,1718750.0,5457871.026265626,0,22.704394069015997,246.81807955823703,0,0.0,560176.59584015,104624471533.64398,190625.0,10462447153364.398,7438848.032264355,4.136381903663278e-09,0,0,1,0.0,0.0,0
247,245000000.0,0,1718750.0,5463063.732892554,0,22.795163907313277,247.81807955823703,0,0.0,560176.59584015,104624471533.64398,190625.0,10462447153364.398,7438848.032264355,4.136381903663278e-09,0,0,1,0.0,0.0,0
248,245000000.0,0,1718750.0,5468382.977056164,0,22.885544155874495,248.8149544134875,0,0.0,560176.59584015,104624471533.64398,190625.0,10462447153364.398,7447988.4022117425,2.8849171940237284e-09,0,0,1,0.0,0.0,0
249,245000000.0,0,1718750.0,5473701.822908716,0,22.97631523929057,249.8149544134875,0,0.0,560176.59584015,104624471533.64398,190625.0,10462447153364.398,7447988.4022117425,2.8849171940237284e-09,0,0,1,0.0,0.0,0
250,245000000.0,0,1718750.0,5479315.05854678,0,23.06668177250918,250.81185305459712,0,0.0,556639.2980057364,103337503480.77295,190625.0,10333750348077.295,7462137.593549397,1.4151737559586763e-09,0,0,1,0.0,0.0,0
251,245000000.0,0,1718750.0,5484927.921985288,0,23.157436296107797,251.81185305459712,0,0.0,556639.2980057364,103337503480.77295,190625.0,10333750348077.295,7462137.593549397,1.4151737559586763e-09,0,0,1,0.0,0.0,0
252,245000000.0,0,1718750.0,5490540.4256308945,0,23.247807321457294,252.80877521103977,0,0.0,556639.2980057364,103337503480.77295,190625.0,10333750348077.295,7462137.593549397,1.4151737559586763e-09,0,0,1,0.0,0.0,0
253,245000000.0,0,1718750.0,5496293.803185284,0,23.338554346589273,253.80877521103977,0,0.0,554472.6082341264,102561559811.62154,190625.0,10256155981162.154,7469388.264830222,3.0231603886932135e-09,0,0,1,0.0,0.0,0
254,245000000.0,0,1718750.0,5502173.1706658425,0,23.428920973589708,254.80572061637628,0,0.0,554472.6082341264,102561559811.62154,190625.0,10256155981162.154,7478483.7463809755,2.9613147489726543e-09,0,0,1,0.0,0.0,0
255,245000000.0,0,1718750.0,5508052.213146806,0,23.51966960287297,255.80572061637628,0,0.0,554472.6082341264,102561559811.62154,190625.0,10256155981162.154,7478483.7463809755,2.9613147489726543e-09,0,0,1,0.0,0.0,0
256,245000000.0,0,1718750.0,5513930.941461492,0,23.610040830079058,256.80268900817737,0,0.0,554472.6082341264,102561559811.62154,190625.0,10256155981162.154,7478483.7463809755,2.9613147489726543e-09,0,0,1,0.0,0.0,0
257,245000000.0,0,1718750.0,5519809.3660821095,0,23.700791036292443,257.80268900817737,0,0.0,554472.6082341264,102561559811.62154,190625.0,10256155981162.154,7478483.7463809755,2.9613147489726543e-09,0,0,1,0.0,0.0,0
258,245000000.0,0,1718750.0,5525687.497131797,0,23.791166800392467,258.7996801279488,0,0.0,554472.6082341264,102561559811.62154,190625.0,10256155981162.154,7478483.7463809755,2.9613147489726543e-09,0,0,1,0.0,0.0,0
259,245000000.0,0,1718750.0,5531565.344396247,0,23.88191855707802,259.7996801279488,0,0.0,554472.6082341264,102561559811.62154,190625.0,10256155981162.154,7478483.7463809755,2.9613147489726543e-09,0,0,1,0.0,0.0,0
260,245000000.0,0,1718750.0,5537437.591864016,0,23.97229910163729,260.79669372105764,0,0.0,554536.5138856214,102584311581.17891,190625.0,10258431158117.89,7478228.123774995,4.321918822824955e-09,0,0,1,0.0,0.0,0
261,245000000.0,0,1718750.0,5543309.574150247,0,24.063052686099034,261.79669372105764,0,0.0,554536.5138856214,102584311581.17891,190625.0,10258431158117.89,7478228.123774995,4.321918822824955e-09,0,0,1,0.0,0.0,0
262,245000000.0,0,1718750.0,5549181.30009433,0,24.15343763723839,262.7937295366604,0,0.0,554536.5138856214,102584311581.17891,190625.0,10258431158117.89,7478228.123774995,4.321918822824955e-09,0,0,1,0.0,0.0,0
263,245000000.0,0,1718750.0,5555052.778240998,0,24.244192715609866,263.7937295366604,0,0.0,554536.5138856214,102584311581.17891,190625.0,10258431158117.89,7478228.123774995,4.321918822824955e-09,0,0,1,0.0,0.0,0
264,245000000.0,0,1718750.0,5560924.016850169,0,24.334582014147916,264.7907873276331,0,0.0,554536.5138856214,102584311581.17891,190625.0,10258431158117.89,7478228.123774995,4.321918822824955e-09,0,0,1,0.0,0.0,0
265,245000000.0,0,1718750.0,5566795.023906422,0,24.425338562211337,265.7907873276331,0,0.0,554536.5138856214,102584311581.17891,190625.0,10258431158117.89,7478228.123774995,4.321918822824955e-09,0,0,1,0.0,0.0,0
266,245000000.0,0,1718750.0,5572665.80712819,0,24.515732150187645,266.78786685050227,0,0.0,554536.5138856214,102584311581.17891,190625.0,10258431158117.89,7478228.123774995,4.321918822824955e-09,0,0,1,0.0,0.0,0
267,245000000.0,0,1718750.0,5578536.423567392,0,24.606490144365896,267.78786685050227,0,0.0,554536.5138856214,102584311581.17891,190625.0,10258431158117.89,7478231.694310369,6.15909812040627e-09,0,0,1,0.0,0.0,0
268,245000000.0,0,1718750.0,5584411.694655312,0,24.696887965002574,268.784967865378,0,0.0,554536.5138856214,102584311581.17891,190625.0,10258431158117.89,7478581.888602216,4.256435204297304e-09,0,0,1,0.0,0.0,0
269,245000000.0,0,1718750.0,5590112.381515816,0,24.78765691819101,269.784967865378,0,0.0,556629.098348273,103333828742.89401,190625.0,10333382874289.4,7470211.550751611,2.8958311304450035e-09,0,0,1,0.0,0.0,0
270,245000000.0,0,1718750.0,5595812.872927088,0,24.87806832606448,270.78209013588815,0,0.0,556629.098348273,103333828742.89401,190625.0,10333382874289.4,7470211.550751611,2.8958311304450035e-09,0,0,1,0.0,0.0,0
271,245000000.0,0,1718750.0,5601485.117974539,0,24.968838514032186,271.78209013588815,0,0.0,556629.098348273,103333828742.89401,190625.0,10333382874289.4,7468191.415823141,4.69299266114831e-09,0,0,1,0.0,0.0,0
272,245000000.0,0,1718750.0,5607157.180385541,0,25.059253825377517,272.77923342911413,0,0.0,556629.098348273,103333828742.89401,190625.0,10333382874289.4,7468191.415823141,4.69299266114831e-09,0,0,1,0.0,0.0,0
273,245000000.0,0,1718750.0,5612944.301041299,0,25.150025251821386,273.77923342911413,0,0.0,556632.9501798436,103335260629.42476,190625.0,10333526062942.477,7476503.728268623,3.7180143408477306e-09,0,0,1,0.0,0.0,0
274,245000000.0,0,1718750.0,5618731.2510334365,0,25.24044444009786,274.77639751552795,0,0.0,556632.9501798436,103335260629.42476,190625.0,10333526062942.477,7476503.728268623,3.7180143408477306e-09,0,0,1,0.0,0.0,0
275,245000000.0,0,1718750.0,5624518.03605075,0,25.33121706509535,275.77639751552795,0,0.0,556632.9501798436,103335260629.42476,190625.0,10333526062942.477,7476503.728268623,3.7180143408477306e-09,0,0,1,0.0,0.0,0
276,245000000.0,0,1718750.0,5630304.661592392,0,25.42164006088923,276.773582168931,0,0.0,556632.9501798436,103335260629.42476,190625.0,10333526062942.477,7476503.728268623,3.7180143408477306e-09,0,0,1,0.0,0.0,0
277,245000000.0,0,1718750.0,5636091.132974226,0,25.512413867100022,277.773582168931,0,0.0,556632.9501798436,103335260629.42476,190625.0,10333526062942.477,7476503.728268623,3.7180143408477306e-09,0,0,1,0.0,0.0,0
278,245000000.0,0,1718750.0,5641673.277694472,0,25.60284062394732,278.7707871663937,0,0.0,556632.9501798436,103335260629.42476,190625.0,10333526062942.477,7461802.93815731,5.042238626629114e-09,0,0,1,0.0,0.0,0
279,245000000.0,0,1718750.0,5647255.278360938,0,25.693615594448207,279.7707871663937,0,0.0,556632.9501798436,103335260629.42476,190625.0,10333526062942.477,7461802.93815731,5.042238626629114e-09,0,0,1,0.0,0.0,0
280,245000000.0,0,1718750.0,5652837.139775419,0,25.78404606673594,280.7680122881966,0,0.0,556632.9501798436,103335260629.42476,190625.0,10333526062942.477,7461802.93815731,5.042238626629114e-09,0,0,1,0.0,0.0,0
281,245000000.0,0,1718750.0,5658418.866579641,0,25.874822185004714,281.7680122881966,0,0.0,556632.9501798436,103335260629.42476,190625.0,10333526062942.477,7461802.93815731,5.042238626629114e-09,0,0,1,0.0,0.0,0
282,245000000.0,0,1718750.0,5664000.463260621,0,25.96525632794686,282.7652573177731,0,0.0,556632.9501798436,103335260629.42476,190625.0,10333526062942.477,7461802.93815731,5.042238626629114e-09,0,0,1,0.0,0.0,0
283,245000000.0,0,1718750.0,5669822.567152598,0,26.0560331512086,283.7652573177731,0,0.0,556632.9501798436,103335260629.42476,190625.0,10333526062942.477,7478753.901949283,2.495653461664915e-09,0,0,1,0.0,0.0,0
284,245000000.0,0,1718750.0,5675644.549451634,0,26.14647049776086,284.76252204165274,0,0.0,556632.9501798436,103335260629.42476,190625.0,10333526062942.477,7478753.901949283,2.495653461664915e-09,0,0,1,0.0,0.0,0
285,245000000.0,0,1718750.0,5681466.414210822,0,26.237248444007786,285.76252204165274,0,0.0,556632.9501798436,103335260629.42476,190625.0,10333526062942.477,7478753.901949283,2.495653461664915e-09,0,0,1,0.0,0.0,0
286,245000000.0,0,1718750.0,5687288.165348161,0,26.32768938108394,286.7598062494064,0,0.0,556632.9501798436,103335260629.42476,190625.0,10333526062942.477,7478753.901949283,2.495653461664915e-09,0,0,1,0.0,0.0,0
287,245000000.0,0,1718750.0,5693109.806651045,0,26.418468434775278,287.7598062494064,0,0.0,556632.9501798436,103335260629.42476,190625.0,10333526062942.477,7478753.901949283,2.495653461664915e-09,0,0,1,0.0,0.0,0
288,245000000.0,0,1718750.0,5698931.341780618,0,26.508912919803823,288.757109733592,0,0.0,556632.9501798436,103335260629.42476,190625.0,10333526062942.477,7478753.901949283,2.495653461664915e-09,0,0,1,0.0,0.0,0
289,245000000.0,0,1718750.0,5704752.774275997,0,26.59969306574627,289.757109733592,0,0.0,556632.9501798436,103335260629.42476,190625.0,10333526062942.477,7478753.901949283,2.495653461664915e-09,0,0,1,0.0,0.0,0
290,245000000.0,0,1718750.0,5710574.107558315,0,26.690141056898746,290.754432289702,0,0.0,556632.9501798436,103335260629.42476,190625.0,10333526062942.477,7478753.901949283,2.495653461664915e-09,0,0,1,0.0,0.0,0
291,245000000.0,0,1718750.0,5716395.346804634,0,26.780922280159857,291.754432289702,0,0.0,556632.9501798436,103335260629.42476,190625.0,10333526062942.477,7478753.9692675965,3.2523530535399914e-09,0,0,1,0.0,0.0,0
292,245000000.0,0,1718750.0,5722216.4933418585,0,26.87137373625775,292.7517737161115,0,0.0,556632.9501798436,103335260629.42476,190625.0,10333526062942.477,7478753.9692675965,3.2523530535399914e-09,0,0,1,0.0,0.0,0
293,245000000.0,0,1718750.0,5727988.46994664,0,26.962156022377755,293.7517737161115,0,0.0,556632.9501798436,103335260629.42476,190625.0,10333526062942.477,7475220.186684066,3.106833901256323e-09,0,0,1,0.0,0.0,0
294,245000000.0,0,1718750.0,5733760.359919924,0,27.052610903095353,294.7491338140275,0,0.0,556632.9501798436,103335260629.42476,190625.0,10333526062942.477,7475220.186684066,3.106833901256323e-09,0,0,1,0.0,0.0,0
295,245000000.0,0,1718750.0,5739532.166149432,0,27.14339423785103,295.7491338140275,0,0.0,556632.9501798436,103335260629.42476,190625.0,10333526062942.477,7475220.186684066,3.106833901256323e-09,0,0,1,0.0,0.0,0
296,245000000.0,0,1718750.0,5745303.891426621,0,27.233852503474342,296.7465123874399,0,0.0,556632.9501798436,103335260629.42476,190625.0,10333526062942.477,7475220.186684066,3.106833901256323e-09,0,0,1,0.0,0.0,0
297,245000000.0,0,1718750.0,5751076.473274099,0,27.3246368286715,297.7465123874399,0,0.0,556624.536762075,103332133049.32901,190625.0,10333213304932.9,7475253.84035514,4.925823304802179e-09,0,0,1,0.0,0.0,0
298,245000000.0,0,1718750.0,5756848.97947613,0,27.415098396307567,298.7439092430723,0,0.0,556624.536762075,103332133049.32901,190625.0,10333213304932.9,7475253.84035514,4.925823304802179e-09,0,0,1,0.0,0.0,0
299,245000000.0,0,1718750.0,5762617.50446907,0,27.50588374301268,299.7439092430723,0,0.0,556624.536762075,103332133049.32901,190625.0,10333213304932.9,7474972.458223385,4.925823304802179e-09,0,0,1,0.0,0.0,0
300,245000000.0,0,1718750.0,5768385.958775544,0,27.59634861881594,300.741324190335,0,0.0,556624.536762075,103332133049.32901,190625.0,10333213304932.9,7474972.458223385,4.925823304802179e-09,0,0,1,0.0,0.0,0
301,245000000.0,0,1718750.0,5774038.631435686,0,27.596225882764887,300.741324190335,0,0.0,556624.536762075,103332133049.32901,190625.0,10333213304932.9,7466641.099465487,4.925823304802179e-09,0,0,1,0.0,0.0,0
302,245000000.0,0,1718750.0,5779691.238043253,0,27.595784938058912,300.73875704127806,0,0.0,556624.536762075,103332133049.32901,190625.0,10333213304932.9,7466641.099465487,4.925823304802179e-09,0,0,1,0.0,0.0,0
303,245000000.0,0,1718750.0,5785343.763619687,0,27.59566319707795,300.73875704127806,0,0.0,556624.536762075,103332133049.32901,190625.0,10333213304932.9,7466639.862482999,4.854882718063891e-09,0,0,1,0.0,0.0,0
304,245000000.0,0,1718750.0,5790996.232140318,0,27.595225485625193,300.73620761054616,0,0.0,556624.536762075,103332133049.32901,190625.0,10333213304932.9,7466640.1984823635,4.998582880944014e-09,0,0,1,0.0,0.0,0
305,245000000.0,0,1718750.0,5796648.640995901,0,27.595104726894895,300.73620761054616,0,0.0,556624.536762075,103332133049.32901,190625.0,10333213304932.9,7466640.1984823635,4.998582880944014e-09,0,0,1,0.0,0.0,0
306,245000000.0,0,1718750.0,5802300.9921752745,0,27.594670212154448,300.73367571533385,0,0.0,556624.536762075,103332133049.32901,190625.0,10333213304932.9,7466640.1984823635,4.998582880944014e-09,0,0,1,0.0,0.0,0
307,245000000.0,0,1718750.0,5807953.2876009755,0,27.594550423110363,300.73367571533385,0,0.0,556624.536762075,103332133049.32901,190625.0,10333213304932.9,7466640.1984823635,4.998582880944014e-09,0,0,1,0.0,0.0,0
308,245000000.0,0,1718750.0,5813815.370833456,0,27.594119069132567,300.7311611753416,0,0.0,556624.536762075,103332133049.32901,190625.0,10333213304932.9,7481748.801025964,3.868990461342037e-09,0,0,1,0.0,0.0,0
309,245000000.0,0,1718750.0,5819677.401967229,0,27.59400023745726,300.7311611753416,0,0.0,556624.536762075,103332133049.32901,190625.0,10333213304932.9,7481748.801025964,3.868990461342037e-09,0,0,1,0.0,0.0,0
310,245000000.0,0,1718750.0,5825539.382738917,0,27.593572008869764,300.7286638127334,0,0.0,556624.536762075,103332133049.32901,190625.0,10333213304932.9,7481748.801025964,3.868990461342037e-09,0,0,1,0.0,0.0,0
311,245000000.0,0,1718750.0,5831401.314827257,0,27.59345412248513,300.7286638127334,0,0.0,556624.536762075,103332133049.32901,190625.0,10333213304932.9,7481748.801025964,3.868990461342037e-09,0,0,1,0.0,0.0,0
312,245000000.0,0,1718750.0,5837145.772012152,0,27.593028984479453,300.7261834520946,0,0.0,556624.536762075,103332133049.32901,190625.0,10333213304932.9,7473293.996339013,4.0872691897675395e-09,0,0,1,0.0,0.0,0
313,245000000.0,0,1718750.0,5842998.79688663,0,27.592912031539445,300.7261834520946,0,0.0,556624.536762075,103332133049.32901,190625.0,10333213304932.9,7481114.145404575,4.294633981771767e-09,0,0,1,0.0,0.0,0
314,245000000.0,0,1718750.0,5848851.777785618,0,27.59248994985793,300.7237199203908,0,0.0,556624.536762075,103332133049.32901,190625.0,10333213304932.9,7481114.145404575,4.294633981771767e-09,0,0,1,0.0,0.0,0
315,245000000.0,0,1718750.0,5854585.517029109,0,27.592373918741554,300.7237199203908,0,0.0,556624.536762075,103332133049.32901,190625.0,10333213304932.9,7472531.806902749,4.4037733459845185e-09,0,0,1,0.0,0.0,0
316,245000000.0,0,1718750.0,5860350.786965236,0,27.59195485966488,300.7212730469278,0,0.0,556624.536762075,103332133049.32901,190625.0,10333213304932.9,7474804.975443406,4.2764440877363086e-09,0,0,1,0.0,0.0,0
317,245000000.0,0,1718750.0,5866116.017178469,0,27.591839738969544,300.7212730469278,0,0.0,556624.536762075,103332133049.32901,190625.0,10333213304932.9,7474804.975443406,4.2764440877363086e-09,0,0,1,0.0,0.0,0
318,245000000.0,0,1718750.0,5871881.208992902,0,27.591423669304536,300.71884266331205,0,0.0,556624.536762075,103332133049.32901,190625.0,10333213304932.9,7474804.975443406,4.2764440877363086e-09,0,0,1,0.0,0.0,0
319,245000000.0,0,1718750.0,5877646.363688496,0,27.591309447839652,300.71884266331205,0,0.0,556624.536762075,103332133049.32901,190625.0,10333213304932.9,7474804.975443406,4.2764440877363086e-09,0,0,1,0.0,0.0,0
320,245000000.0,0,1718750.0,5883411.482502546,0,27.5908963349076,300.716428603412,0,0.0,556624.536762075,103332133049.32901,190625.0,10333213304932.9,7474804.975443406,4.2764440877363086e-09,0,0,1,0.0,0.0,0
321,245000000.0,0,1718750.0,5889176.566631104,0,27.590783001688507,300.716428603412,0,0.0,556624.536762075,103332133049.32901,190625.0,10333213304932.9,7474804.975443406,4.2764440877363086e-09,0,0,1,0.0,0.0,0
322,245000000.0,0,1718750.0,5895063.582886253,0,27.590372813313767,300.71403070332025,0,0.0,556624.536762075,103332133049.32901,190625.0,10333213304932.9,7483586.502668342,4.414687282405794e-09,0,0,1,0.0,0.0,0
323,245000000.0,0,1718750.0,5900950.566729735,0,27.590260357555852,300.71403070332025,0,0.0,556624.536762075,103332133049.32901,190625.0,10333213304932.9,7483586.502668342,4.414687282405794e-09,0,0,1,0.0,0.0,0
324,245000000.0,0,1718750.0,5906837.519241939,0,27.58985306205492,300.7116488013165,0,0.0,556624.536762075,103332133049.32901,190625.0,10333213304932.9,7483586.502668342,4.414687282405794e-09,0,0,1,0.0,0.0,0
325,245000000.0,0,1718750.0,5912581.3815570995,0,27.589741473168022,300.7116488013165,0,0.0,556624.536762075,103332133049.32901,190625.0,10333213304932.9,7473286.1891380325,4.78303263662383e-09,0,0,1,0.0,0.0,0
326,245000000.0,0,1718750.0,5918300.540048116,0,27.589337039338876,300.70928273783136,0,0.0,556624.536762075,103332133049.32901,190625.0,10333213304932.9,7471509.621767949,3.728928277269006e-09,0,0,1,0.0,0.0,0
327,245000000.0,0,1718750.0,5924019.670237703,0,27.58922630692194,300.70928273783136,0,0.0,556624.536762075,103332133049.32901,190625.0,10333213304932.9,7471509.621767949,3.728928277269006e-09,0,0,1,0.0,0.0,0
328,245000000.0,0,1718750.0,5929738.773069248,0,27.58882470403374,300.70693235541023,0,0.0,556624.536762075,103332133049.32901,190625.0,10333213304932.9,7471509.621767949,3.728928277269006e-09,0,0,1,0.0,0.0,0
329,245000000.0,0,1718750.0,5935424.193347974,0,27.588714817869626,300.70693235541023,0,0.0,556624.536762075,103332133049.32901,190625.0,10333213304932.9,7469086.382085164,3.728928277269006e-09,0,0,1,0.0,0.0,0
330,245000000.0,0,1718750.0,5941109.588062124,0,27.588316015652754,300.7045974986789,0,0.0,556624.536762075,103332133049.32901,190625.0,10333213304932.9,7469086.382085164,3.728928277269006e-09,0,0,1,0.0,0.0,0
331,245000000.0,0,1718750.0,5946794.958063855,0,27.588206965703332,300.7045974986789,0,0.0,556624.536762075,103332133049.32901,190625.0,10333213304932.9,7469086.382085164,3.728928277269006e-09,0,0,1,0.0,0.0,0
332,245000000.0,0,1718750.0,5952492.729152231,0,27.58781093433972,300.7022780143089,0,0.0,556624.536762075,103332133049.32901,190625.0,10333213304932.9,7469980.98030825,3.918103175237775e-09,0,0,1,0.0,0.0,0
333,245000000.0,0,1718750.0,5958190.477148224,0,27.587702710741098,300.7022780143089,0,0.0,556624.536762075,103332133049.32901,190625.0,10333213304932.9,7469980.98030825,3.918103175237775e-09,0,0,1,0.0,0.0,0
334,245000000.0,0,1718750.0,5963888.202821577,0,27.587309420854844,300.6999737509843,0,0.0,556624.536762075,103332133049.32901,190625.0,10333213304932.9,7469980.98030825,3.918103175237775e-09,0,0,1,0.0,0.0,0
335,245000000.0,0,1718750.0,5969585.90691638,0,27.58720201391284,300.6999737509843,0,0.0,556624.536762075,103332133049.32901,190625.0,10333213304932.9,7469980.98030825,3.918103175237775e-09,0,0,1,0.0,0.0,0
336,245000000.0,0,1718750.0,5975609.445048625,0,27.586800223256475,300.6976845593686,0,0.0,555958.1654363094,103092503290.10861,190625.0,10309250329010.861,7482378.1279154895,3.3287506084889174e-09,0,0,1,0.0,0.0,0
337,245000000.0,0,1718750.0,5981827.5843123095,0,27.5866824973783,300.6976845593686,0,0.0,555958.1654363094,103092503290.10861,190625.0,10309250329010.861,7496390.861184159,3.3287506084889174e-09,0,0,1,0.0,0.0,0
338,245000000.0,0,1718750.0,5987999.08055616,0,27.586283581512294,300.6954102920723,0,0.0,555958.1654363094,103092503290.10861,190625.0,10309250329010.861,7493033.967167405,3.2487150747328997e-09,0,0,1,0.0,0.0,0
339,245000000.0,0,1718750.0,5994170.557957913,0,27.586166831148102,300.6954102920723,0,0.0,555958.1654363094,103092503290.10861,190625.0,10309250329010.861,7493033.967167405,3.2487150747328997e-09,0,0,1,0.0,0.0,0
340,245000000.0,0,1718750.0,6000342.017145637,0,27.585770758396674,300.69315080362173,0,0.0,555958.1654363094,103092503290.10861,190625.0,10309250329010.861,7493033.967167405,3.2487150747328997e-09,0,0,1,0.0,0.0,0
341,245000000.0,0,1718750.0,6006513.4587264685,0,27.585654971084285,300.69315080362173,0,0.0,555958.1654363094,103092503290.10861,190625.0,10309250329010.861,7493033.967167405,3.2487150747328997e-09,0,0,1,0.0,0.0,0
342,245000000.0,0,1718750.0,6012684.883287302,0,27.58526171025773,300.6909059504275,0,0.0,555958.1654363094,103092503290.10861,190625.0,10309250329010.861,7493033.967167405,3.2487150747328997e-09,0,0,1,0.0,0.0,0
343,245000000.0,0,1718750.0,6018856.291395473,0,27.585146873758823,300.6909059504275,0,0.0,555958.1654363094,103092503290.10861,190625.0,10309250329010.861,7493033.967167405,3.2487150747328997e-09,0,0,1,0.0,0.0,0
344,245000000.0,0,1718750.0,6025027.683599402,0,27.584756394143437,300.68867559075454,0,0.0,555958.1654363094,103092503290.10861,190625.0,10309250329010.861,7493033.967167405,3.2487150747328997e-09,0,0,1,0.0,0.0,0
345,245000000.0,0,1718750.0,6031249.520750484,0,27.584640526577626,300.68867559075454,0,0.0,555352.6415812719,102875524684.42816,190625.0,10287552468442.816,7495456.0625875555,4.769390216097236e-09,0,0,1,0.0,0.0,0
346,245000000.0,0,1718750.0,6037471.343414449,0,27.584250849932474,300.68645958469193,0,0.0,555352.6415812719,102875524684.42816,190625.0,10287552468442.816,7495456.089552627,4.798494046553969e-09,0,0,1,0.0,0.0,0
347,245000000.0,0,1718750.0,6043691.6360907275,0,27.58413599094995,300.68645958469193,0,0.0,555360.8842728521,102878473381.814,190625.0,10287847338181.4,7495393.284489043,3.9108272176235914e-09,0,0,1,0.0,0.0,0
348,245000000.0,0,1718750.0,6049911.914879638,0,27.58374912590451,300.68425779412394,0,0.0,555360.8842728521,102878473381.814,190625.0,10287847338181.4,7495393.284489043,3.9108272176235914e-09,0,0,1,0.0,0.0,0
349,245000000.0,0,1718750.0,6056132.180244095,0,27.583635209793616,300.68425779412394,0,0.0,555360.8842728521,102878473381.814,190625.0,10287847338181.4,7495393.284489043,3.9108272176235914e-09,0,0,1,0.0,0.0,0
350,245000000.0,0,1718750.0,6062352.432631576,0,27.58325107305642,300.682070082701,0,0.0,555360.8842728521,102878473381.814,190625.0,10287847338181.4,7495393.284489043,3.9108272176235914e-09,0,0,1,0.0,0.0,0
351,245000000.0,0,1718750.0,6068572.672474651,0,27.58313808792526,300.682070082701,0,0.0,555360.8842728521,102878473381.814,190625.0,10287847338181.4,7495393.284489043,3.9108272176235914e-09,0,0,1,0.0,0.0,0
352,245000000.0,0,1718750.0,6074663.663465871,0,27.582761537725492,300.67989631581185,0,0.0,556911.7249799826,103435680917.21895,190625.0,10343568091721.895,7489189.921660521,2.3901520762592554e-09,0,0,1,0.0,0.0,0
353,245000000.0,0,1718750.0,6080756.258166003,0,27.582654267306236,300.67989631581185,0,0.0,556896.9845675433,103430210450.89372,190625.0,10343021045089.373,7489248.883310279,1.69893610291183e-09,0,0,1,0.0,0.0,0
354,245000000.0,0,1718750.0,6086512.490686659,0,27.582284492130523,300.67773636055574,0,0.0,557863.2419582068,103790302832.62842,190625.0,10379030283262.842,7468896.651805259,2.0627339836210012e-09,0,0,1,0.0,0.0,0
355,245000000.0,0,1718750.0,6092268.712253702,0,27.58218231238935,300.67773636055574,0,0.0,557863.2419582068,103790302832.62842,190625.0,10379030283262.842,7468896.651805259,2.0627339836210012e-09,0,0,1,0.0,0.0,0
356,245000000.0,0,1718750.0,6098024.923232264,0,27.581815028800815,300.6755900857155,0,0.0,557863.2419582068,103790302832.62842,190625.0,10379030283262.842,7468896.651805259,2.0627339836210012e-09,0,0,1,0.0,0.0,0
357,245000000.0,0,1718750.0,6103781.123975287,0,27.581713644825655,300.6755900857155,0,0.0,557863.2419582068,103790302832.62842,190625.0,10379030283262.842,7468896.651805259,2.0627339836210012e-09,0,0,1,0.0,0.0,0
358,245000000.0,0,1718750.0,6109537.314823959,0,27.58134882701539,300.6734573617308,0,0.0,557863.2419582068,103790302832.62842,190625.0,10379030283262.842,7468896.651805259,2.0627339836210012e-09,0,0,1,0.0,0.0,0
359,245000000.0,0,1718750.0,6115293.49610809,0,27.581248229240465,300.6734573617308,0,0.0,557863.2419582068,103790302832.62842,190625.0,10379030283262.842,7468896.651805259,2.0627339836210012e-09,0,0,1,0.0,0.0,0
360,245000000.0,0,1718750.0,6140419.588530042,0,27.580550183294545,300.67133806067216,0,0.0,501910.55298630614,85295451859.41998,190625.0,8529545185941.998,8544105.88624521,1.5570549294352531e-09,0,0,1,0.0,0.0,0
361,245000000.0,0,1718750.0,6165545.672014465,0,27.580120044513183,300.67133806067216,0,0.0,501910.55298630614,85295451859.41998,190625.0,8529545185941.998,8544105.88624521,1.5570549294352531e-09,0,0,1,0.0,0.0,0
362,245000000.0,0,1718750.0,6190671.746859274,0,27.57943644134041,300.6692320562155,0,0.0,501910.55298630614,85295451859.41998,190625.0,8529545185941.998,8544105.88624521,1.5570549294352531e-09,0,0,1,0.0,0.0,0
363,245000000.0,0,1718750.0,6215797.813352455,0,27.579017886967936,300.6692320562155,0,0.0,501910.55298630614,85295451859.41998,190625.0,8529545185941.998,8544105.88624521,4.642060957849026e-09,0,0,1,0.0,0.0,0
364,245000000.0,0,1718750.0,6240923.871772397,0,27.578348168314026,300.66713922361674,0,0.0,501910.55298630614,85295451859.41998,190625.0,8529545185941.998,8544105.88624521,1.5570549294352531e-09,0,0,1,0.0,0.0,0
365,245000000.0,0,1718750.0,6266049.922388207,0,27.57794071235579,300.66713922361674,0,0.0,501910.55298630614,85295451859.41998,190625.0,8529545185941.998,8544105.88624521,1.5570549294352531e-09,0,0,1,0.0,0.0,0
366,245000000.0,0,1718750.0,6291175.965460026,0,27.577284350957065,300.6650594396874,0,0.0,501910.55298630614,85295451859.41998,190625.0,8529545185941.998,8544105.88624521,2.4883775040507317e-09,0,0,1,0.0,0.0,0
367,245000000.0,0,1718750.0,6316356.204086052,0,27.576885749872314,300.6650594396874,0,0.0,501260.11882546765,85114140951.94777,190625.0,8511414095194.777,8546707.622888563,3.2741809263825417e-09,0,0,1,0.0,0.0,0
368,245000000.0,0,1718750.0,6343522.482172195,0,27.576188937512942,300.66299258277047,0,0.0,501260.11882546765,85114140951.94777,190625.0,8511414095194.777,8618205.295506537,3.6670826375484467e-09,0,0,1,0.0,0.0,0
369,245000000.0,0,1718750.0,6370680.525779735,0,27.575751035852928,300.66299258277047,0,0.0,501260.11882546765,85114140951.94777,190625.0,8511414095194.777,8617909.0995974,3.296008799225092e-09,0,0,1,0.0,0.0,0
370,245000000.0,0,1718750.0,6397825.776731098,0,27.575070377494924,300.66093853271644,0,0.0,501260.11882546765,85114140951.94777,190625.0,8511414095194.777,8616988.502639081,6.03176886215806e-09,0,0,1,0.0,0.0,0
371,245000000.0,0,1718750.0,6424971.021314724,0,27.574645681166974,300.66093853271644,0,0.0,501260.11882546765,85114140951.94777,190625.0,8511414095194.777,8616988.502639081,6.03176886215806e-09,0,0,1,0.0,0.0,0
372,245000000.0,0,1718750.0,6451891.307546372,0,27.57398024839474,300.65889717086026,0,0.0,501260.11882546765,85114140951.94777,190625.0,8511414095194.777,8600791.944491178,6.00994098931551e-09,0,0,1,0.0,0.0,0
373,245000000.0,0,1718750.0,6478811.587827727,0,27.573568118815516,300.65889717086026,0,0.0,501260.11882546765,85114140951.94777,190625.0,8511414095194.777,8600791.944491178,5.078618414700031e-09,0,0,1,0.0,0.0,0
374,245000000.0,0,1718750.0,6505731.83902384,0,27.572917246985927,300.65686837999834,0,0.0,501260.11882546765,85114140951.94777,190625.0,8511414095194.777,8600790.264494358,5.999027052894235e-09,0,0,1,0.0,0.0,0
375,245000000.0,0,1718750.0,6532652.084659734,0,27.572517088079156,300.65686837999834,0,0.0,501260.11882546765,85114140951.94777,190625.0,8511414095194.777,8600790.264494358,5.999027052894235e-09,0,0,1,0.0,0.0,0
376,245000000.0,0,1718750.0,6557469.406946112,0,27.5719533455794,300.65485204436624,0,0.0,520186.3805971589,91967212901.1771,190625.0,9196721290117.709,8525085.217407592,5.504261935129762e-09,0,0,1,0.0,0.0,0
377,245000000.0,0,1718750.0,6582286.724036776,0,27.571637383493506,300.65485204436624,0,0.0,520186.3805971589,91967212901.1771,190625.0,9196721290117.709,8525085.217407592,5.504261935129762e-09,0,0,1,0.0,0.0,0
378,245000000.0,0,1718750.0,6607104.036104915,0,27.57108559113474,300.65284804961647,0,0.0,520186.3805971589,91967212901.1771,190625.0,9196721290117.709,8525085.217407592,5.504261935129762e-09,0,0,1,0.0,0.0,0
379,245000000.0,0,1718750.0,6631965.55734394,0,27.5707779832332,300.65284804961647,0,0.0,519788.4543631772,91815753580.47073,190625.0,9181575358047.074,8526676.922343519,5.504261935129762e-09,0,0,1,0.0,0.0,0
380,245000000.0,0,1718750.0,6656827.073889695,0,27.570236094046773,300.65085628279706,0,0.0,519788.4543631772,91815753580.47073,190625.0,9181575358047.074,8526676.922343519,5.504261935129762e-09,0,0,1,0.0,0.0,0
381,245000000.0,0,1718750.0,6681688.585898619,0,27.569937915455736,300.65085628279706,0,0.0,519788.4543631772,91815753580.47073,190625.0,9181575358047.074,8526676.922343519,5.504261935129762e-09,0,0,1,0.0,0.0,0
382,245000000.0,0,1718750.0,6706281.4768939745,0,27.569406987612503,300.64887663233026,0,0.0,519788.4543631772,91815753580.47073,190625.0,9181575358047.074,8507336.525129817,4.773028194904327e-09,0,0,1,0.0,0.0,0
383,245000000.0,0,1718750.0,6730874.363649913,0,27.569117799695302,300.64887663233026,0,0.0,519788.4543631772,91815753580.47073,190625.0,9181575358047.074,8507336.525129817,4.343746695667505e-09,0,0,1,0.0,0.0,0
384,245000000.0,0,1718750.0,6755371.185031603,0,27.568597377853884,300.64690898799176,0,0.0,519788.4543631772,91815753580.47073,190625.0,9181575358047.074,8500420.113247091,1.7535057850182056e-09,0,0,1,0.0,0.0,0
385,245000000.0,0,1718750.0,6779868.002451794,0,27.568316769277313,300.64690898799176,0,0.0,519788.4543631772,91815753580.47073,190625.0,9181575358047.074,8500420.113247091,1.0113581083714962e-09,0,0,1,0.0,0.0,0
386,245000000.0,0,1718750.0,6804364.816042539,0,27.567806425415935,300.64495324089006,0,0.0,519788.4543631772,91815753580.47073,190625.0,9181575358047.074,8500420.113247091,1.0113581083714962e-09,0,0,1,0.0,0.0,0
387,245000000.0,0,1718750.0,6828861.625931481,0,27.567534010026325,300.64495324089006,0,0.0,519788.4543631772,91815753580.47073,190625.0,9181575358047.074,8500420.113247091,1.0113581083714962e-09,0,0,1,0.0,0.0,0
388,245000000.0,0,1718750.0,6853358.432242019,0,27.567033341359707,300.64300928344653,0,0.0,519788.4543631772,91815753580.47073,190625.0,9181575358047.074,8500420.113247091,1.0113581083714962e-09,0,0,1,0.0,0.0,0
389,245000000.0,0,1718750.0,6877855.23509343,0,27.566768756256565,300.64300928344653,0,0.0,519788.4543631772,91815753580.47073,190625.0,9181575358047.074,8500420.113247091,1.0113581083714962e-09,0,0,1,0.0,0.0,0
390,245000000.0,0,1718750.0,6902352.03460102,0,27.566277383343653,300.64107700937575,0,0.0,519788.4543631772,91815753580.47073,190625.0,9181575358047.074,8500420.113247091,1.0113581083714962e-09,0,0,1,0.0,0.0,0
391,245000000.0,0,1718750.0,6926848.830876247,0,27.566020287129614,300.64107700937575,0,0.0,519788.4543631772,91815753580.47073,190625.0,9181575358047.074,8500420.113247091,1.0113581083714962e-09,0,0,1,0.0,0.0,0
392,245000000.0,0,1718750.0,6951345.62402686,0,27.565537852151838,300.639156313666,0,0.0,519788.4543631772,91815753580.47073,190625.0,9181575358047.074,8500420.113247091,1.0113581083714962e-09,0,0,1,0.0,0.0,0
393,245000000.0,0,1718750.0,6975846.295820744,0,27.56528785843126,300.639156313666,0,0.0,519788.4543631772,91815753580.47073,190625.0,9181575358047.074,8500559.85314156,1.1859810911118984e-09,0,0,1,0.0,0.0,0
394,245000000.0,0,1718750.0,7000346.964694851,0,27.56481396073351,300.63724709256013,0,0.0,519788.4543631772,91815753580.47073,190625.0,9181575358047.074,8500559.85314156,1.1859810911118984e-09,0,0,1,0.0,0.0,0
395,245000000.0,0,1718750.0,7024155.965052193,0,27.564583168989206,300.63724709256013,0,0.0,519788.4543631772,91815753580.47073,190625.0,9181575358047.074,8478136.411920715,1.2150849215686321e-09,0,0,1,0.0,0.0,0
396,245000000.0,0,1718750.0,7048630.000869828,0,27.56411889219371,300.6353492435373,0,0.0,519788.4543631772,91815753580.47073,190625.0,9181575358047.074,8502077.790038146,3.1213858164846897e-09,0,0,1,0.0,0.0,0
397,245000000.0,0,1718750.0,7073104.034050035,0,27.563883643208417,300.6353492435373,0,0.0,519788.4543631772,91815753580.47073,190625.0,9181575358047.074,8502077.790038146,3.1213858164846897e-09,0,0,1,0.0,0.0,0
398,245000000.0,0,1718750.0,7097578.058942195,0,27.56342726693972,300.6334626652942,0,0.0,519788.4543631772,91815753580.47073,190625.0,9181575358047.074,8502077.376863604,2.786691766232252e-09,0,0,1,0.0,0.0,0
399,245000000.0,0,1718750.0,7122622.89779985,0,27.56317899078664,300.6334626652942,0,0.0,514651.1064929556,89888804632.05531,190625.0,8988880463205.531,8522626.768344492,3.2414391171187162e-09,0,0,1,0.0,0.0,0
400,245000000.0,0,1718750.0,7147667.734275128,0,27.562711112302793,300.63158725772706,0,0.0,514651.1064929556,89888804632.05531,190625.0,8988880463205.531,8522626.768344492,3.2414391171187162e-09,0,0,1,0.0,0.0,0
401,245000000.0,0,1718750.0,7172554.709521005,0,27.56246893806476,300.63158725772706,0,0.0,514651.1064929556,89888804632.05531,190625.0,8988880463205.531,8511260.92564121,3.736204234883189e-09,0,0,1,0.0,0.0,0
402,245000000.0,0,1718750.0,7197441.682540684,0,27.56200863496891,300.6297229219144,0,0.0,514651.1064929556,89888804632.05531,190625.0,8988880463205.531,8511260.92564121,3.736204234883189e-09,0,0,1,0.0,0.0,0
403,245000000.0,0,1718750.0,7224616.843195347,0,27.561739420533762,300.6297229219144,0,0.0,514651.1064929556,89888804632.05531,190625.0,8988880463205.531,8593636.053684765,4.347384674474597e-09,0,0,1,0.0,0.0,0
404,245000000.0,0,1718750.0,7251764.772947435,0,27.56125459759213,300.6278695600989,0,0.0,514651.1064929556,89888804632.05531,190625.0,8988880463205.531,8591675.578478167,1.0877556633204222e-09,0,0,1,0.0,0.0,0
405,245000000.0,0,1718750.0,7278912.700688605,0,27.560993110993387,300.6278695600989,0,0.0,514651.1064929556,89888804632.05531,190625.0,8988880463205.531,8591675.578478167,1.0877556633204222e-09,0,0,1,0.0,0.0,0
406,245000000.0,0,1718750.0,7306060.626485888,0,27.560517380415774,300.626027075671,0,0.0,514651.1064929556,89888804632.05531,190625.0,8988880463205.531,8591675.578478167,1.0877556633204222e-09,0,0,1,0.0,0.0,0
407,245000000.0,0,1718750.0,7333208.55040408,0,27.56026326042403,300.626027075671,0,0.0,514651.1064929556,89888804632.05531,190625.0,8988880463205.531,8591675.578478167,1.0877556633204222e-09,0,0,1,0.0,0.0,0
408,245000000.0,0,1718750.0,7361780.03195123,0,27.55974660429274,300.6241953731518,0,0.0,514651.1064929556,89888804632.05531,190625.0,8988880463205.531,8668008.456037475,3.6343408282846212e-09,0,0,1,0.0,0.0,0
409,245000000.0,0,1718750.0,7390351.5119617665,0,27.55945005337376,300.6241953731518,0,0.0,514651.1064929556,89888804632.05531,190625.0,8988880463205.531,8668008.456037475,3.6343408282846212e-09,0,0,1,0.0,0.0,0
410,245000000.0,0,1718750.0,7418922.990486909,0,27.558942142919395,300.62237435817644,0,0.0,514651.1064929556,89888804632.05531,190625.0,8988880463205.531,8668008.456037475,3.6343408282846212e-09,0,0,1,0.0,0.0,0
411,245000000.0,0,1718750.0,7446914.799554583,0,27.5586526748442,300.62237435817644,0,0.0,514651.1064929556,89888804632.05531,190625.0,8988880463205.531,8626272.35848325,8.840288501232862e-10,0,0,1,0.0,0.0,0
412,245000000.0,0,1718750.0,7474030.033641536,0,27.558196260970536,300.6205639374782,0,0.0,514651.1064929556,89888804632.05531,190625.0,8988880463205.531,8626272.35848325,8.840288501232862e-10,0,0,1,0.0,0.0,0
413,245000000.0,0,1718750.0,7499278.666392035,0,27.55804532754636,300.6205639374782,0,0.0,514651.1064929556,89888804632.05531,190625.0,8988880463205.531,8623936.798535049,1.229636836796999e-09,0,0,1,0.0,0.0,0
414,245000000.0,0,1718750.0,7524527.297536126,0,27.557683497657248,300.6187640188723,0,0.0,514651.1064929556,89888804632.05531,190625.0,8988880463205.531,8623936.798535049,1.229636836796999e-09,0,0,1,0.0,0.0,0
415,245000000.0,0,1718750.0,7549775.927127355,0,27.55753474010521,300.6187640188723,0,0.0,514651.1064929556,89888804632.05531,190625.0,8988880463205.531,8623936.798535049,1.229636836796999e-09,0,0,1,0.0,0.0,0
416,245000000.0,0,1718750.0,7575024.555217481,0,27.55717650153558,300.6169745112405,0,0.0,514651.1064929556,89888804632.05531,190625.0,8988880463205.531,8623936.798535049,1.229636836796999e-09,0,0,1,0.0,0.0,0
417,245000000.0,0,1718750.0,7600273.181856547,0,27.557029862684193,300.6169745112405,0,0.0,514651.1064929556,89888804632.05531,190625.0,8988880463205.531,8623936.798535049,1.229636836796999e-09,0,0,1,0.0,0.0,0
418,245000000.0,0,1718750.0,7625521.807092913,0,27.55667514022326,300.6151953245155,0,0.0,514651.1064929556,89888804632.05531,190625.0,8988880463205.531,8623936.798535049,1.229636836796999e-09,0,0,1,0.0,0.0,0
419,245000000.0,0,1718750.0,7650856.846807566,0,27.556526795801997,300.6151953245155,0,0.0,514651.1064929556,89888804632.05531,190625.0,8988880463205.531,8628084.75857762,3.7034624256193638e-09,0,0,1,0.0,0.0,0
420,245000000.0,0,1718750.0,7676191.885211476,0,27.556171776482923,300.61342636966606,0,0.0,514651.1064929556,89888804632.05531,190625.0,8988880463205.531,8628084.75857762,3.7034624256193638e-09,0,0,1,0.0,0.0,0
421,245000000.0,0,1718750.0,7700216.809363727,0,27.556094426468178,300.61342636966606,0,0.0,514651.1064929556,89888804632.05531,190625.0,8988880463205.531,8628084.75857762,3.7034624256193638e-09,0,0,1,0.0,0.0,0
422,245000000.0,0,1718750.0,7722755.896579304,0,27.55583105058438,300.61166755868186,0,0.0,510922.22557781334,88865695347.58176,190625.0,8886569534758.176,8643000.28223819,3.41970007866621e-09,0,0,1,0.0,0.0,0
423,245000000.0,0,1718750.0,7745068.920411314,0,27.55576069193709,300.61166755868186,0,0.0,510922.22557781334,88865695347.58176,190625.0,8886569534758.176,8643000.28223819,3.41970007866621e-09,0,0,1,0.0,0.0,0
424,245000000.0,0,1718750.0,7767381.942122524,0,27.555498933003467,300.60991880455913,0,0.0,510922.22557781334,88865695347.58176,190625.0,8886569534758.176,8643000.28223819,3.41970007866621e-09,0,0,1,0.0,0.0,0
425,245000000.0,0,1718750.0,7789694.962804087,0,27.555429086208935,300.60991880455913,0,0.0,510922.22557781334,88865695347.58176,190625.0,8886569534758.176,8643000.28223819,3.41970007866621e-09,0,0,1,0.0,0.0,0
426,245000000.0,0,1718750.0,7812007.981503881,0,27.55516892907789,300.6081800212863,0,0.0,510922.22557781334,88865695347.58176,190625.0,8886569534758.176,8643000.28223819,3.41970007866621e-09,0,0,1,0.0,0.0,0
427,245000000.0,0,1718750.0,7834320.999241527,0,27.555099588461697,300.6081800212863,0,0.0,510922.22557781334,88865695347.58176,190625.0,8886569534758.176,8643000.28223819,3.41970007866621e-09,0,0,1,0.0,0.0,0
428,245000000.0,0,1718750.0,7856634.01512732,0,27.55484101817923,300.60645112382974,0,0.0,510922.22557781334,88865695347.58176,190625.0,8886569534758.176,8643000.28223819,3.41970007866621e-09,0,0,1,0.0,0.0,0
429,245000000.0,0,1718750.0,7878947.030114038,0,27.554772178152234,300.60645112382974,0,0.0,510922.22557781334,88865695347.58176,190625.0,8886569534758.176,8643000.28223819,3.41970007866621e-09,0,0,1,0.0,0.0,0
430,245000000.0,0,1718750.0,7901260.043370305,0,27.554515179954695,300.60473202812005,0,0.0,510922.22557781334,88865695347.58176,190625.0,8886569534758.176,8643000.28223819,3.41970007866621e-09,0,0,1,0.0,0.0,0
431,245000000.0,0,1718750.0,7923573.055786435,0,27.55444683501147,300.60473202812005,0,0.0,510922.22557781334,88865695347.58176,190625.0,8886569534758.176,8643000.28223819,3.41970007866621e-09,0,0,1,0.0,0.0,0
432,245000000.0,0,1718750.0,7945886.066585551,0,27.55419139432249,300.6030226510383,0,0.0,510922.22557781334,88865695347.58176,190625.0,8886569534758.176,8643000.28223819,3.41970007866621e-09,0,0,1,0.0,0.0,0
433,245000000.0,0,1718750.0,7966692.851779435,0,27.55412353903966,300.6030226510383,0,0.0,510922.22557781334,88865695347.58176,190625.0,8886569534758.176,8570701.490869634,3.536115400493145e-09,0,0,1,0.0,0.0,0
434,245000000.0,0,1718750.0,7987767.21589627,0,27.55385864535492,300.60132291040287,0,0.0,510922.22557781334,88865695347.58176,190625.0,8886569534758.176,8583545.351699956,3.623426891863346e-09,0,0,1,0.0,0.0,0
435,245000000.0,0,1718750.0,8008841.579279512,0,27.553780372887704,300.60132291040287,0,0.0,510922.22557781334,88865695347.58176,190625.0,8886569534758.176,8583545.351699956,3.623426891863346e-09,0,0,1,0.0,0.0,0
436,245000000.0,0,1718750.0,8029915.941250801,0,27.553517196411793,300.59963272495594,0,0.0,510922.22557781334,88865695347.58176,190625.0,8886569534758.176,8583545.351699956,3.623426891863346e-09,0,0,1,0.0,0.0,0
437,245000000.0,0,1718750.0,8050990.302536587,0,27.553439589478373,300.59963272495594,0,0.0,510922.22557781334,88865695347.58176,190625.0,8886569534758.176,8583545.351699956,3.623426891863346e-09,0,0,1,0.0,0.0,0
438,245000000.0,0,1718750.0,8071583.138240556,0,27.55319570066882,300.5979520143508,0,0.0,511740.7070230124,89087883555.70134,190625.0,8908788355570.135,8559340.878510043,6.79574441164732e-09,0,0,1,0.0,0.0,0
439,245000000.0,0,1718750.0,8092681.325460868,0,27.553121707438528,300.5979520143508,0,0.0,507397.1579721469,87499858432.44969,190625.0,8749985843244.969,8576715.074713506,6.340997060760856e-09,0,0,1,0.0,0.0,0
440,245000000.0,0,1718750.0,8113779.511448281,0,27.55286486511255,300.59628069913913,0,0.0,507397.1579721469,87499858432.44969,190625.0,8749985843244.969,8576715.074713506,6.340997060760856e-09,0,0,1,0.0,0.0,0
441,245000000.0,0,1718750.0,8134877.6968371235,0,27.55279140180726,300.59628069913913,0,0.0,507397.1579721469,87499858432.44969,190625.0,8749985843244.969,8576715.074713506,6.340997060760856e-09,0,0,1,0.0,0.0,0
442,245000000.0,0,1718750.0,8155975.492480155,0,27.552536191199195,300.59461870075813,0,0.0,507400.65531573945,87501121901.60954,190625.0,8750112190160.954,8576701.085339135,6.340997060760856e-09,0,0,1,0.0,0.0,0
443,245000000.0,0,1718750.0,8178630.410175287,0,27.552427687048898,300.59461870075813,0,0.0,490228.7362713856,82017193725.69576,190625.0,8201719372569.575,8645388.76151655,5.322362994775176e-09,0,0,1,0.0,0.0,0
444,245000000.0,0,1718750.0,8201109.892597113,0,27.552138975513227,300.59296594151874,0,0.0,490228.7362713856,82017193725.69576,190625.0,8201719372569.575,8645388.76151655,5.322362994775176e-09,0,0,1,0.0,0.0,0
445,245000000.0,0,1718750.0,8222743.762086934,0,27.55203166122109,300.59296594151874,0,0.0,505449.7596394227,86201029830.47159,190625.0,8620102983047.159,8584504.668044401,5.315087037160993e-09,0,0,1,0.0,0.0,0
446,245000000.0,0,1718750.0,8244632.235704609,0,27.5517453753336,300.5913223445931,0,0.0,508477.3789146105,87088488128.76924,190625.0,8708848812876.924,8572394.19094365,5.002220859751105e-09,0,0,1,0.0,0.0,0
447,245000000.0,0,1718750.0,8266604.809369304,0,27.551639229558997,300.5913223445931,0,0.0,508477.3789146105,87088488128.76924,190625.0,8708848812876.924,8572394.19094365,5.002220859751105e-09,0,0,1,0.0,0.0,0
448,245000000.0,0,1718750.0,8288577.382093966,0,27.551355333000593,300.58968783400286,0,0.0,508477.3789146105,87088488128.76924,190625.0,8708848812876.924,8572394.19094365,5.002220859751105e-09,0,0,1,0.0,0.0,0
449,245000000.0,0,1718750.0,8310549.954362243,0,27.551250334939922,300.58968783400286,0,0.0,508477.3789146105,87088488128.76924,190625.0,8708848812876.924,8572394.19094365,5.002220859751105e-09,0,0,1,0.0,0.0,0
450,245000000.0,0,1718750.0,8332522.525752123,0,27.550968792218818,300.58806233460746,0,0.0,508477.3789146105,87088488128.76924,190625.0,8708848812876.924,8572394.19094365,5.002220859751105e-09,0,0,1,0.0,0.0,0
451,245000000.0,0,1718750.0,8354498.6882822765,0,27.550864921588143,300.58806233460746,0,0.0,508412.7307132074,87069346843.06493,190625.0,8706934684306.492,8572652.783749264,6.464688340201974e-09,0,0,1,0.0,0.0,0
452,245000000.0,0,1718750.0,8376473.054208236,0,27.550585698014434,300.58644577209253,0,0.0,508412.7307132074,87069346843.06493,190625.0,8706934684306.492,8572652.783749264,6.464688340201974e-09,0,0,1,0.0,0.0,0
453,245000000.0,0,1718750.0,8398447.419735687,0,27.550482935032882,300.58644577209253,0,0.0,508412.7307132074,87069346843.06493,190625.0,8706934684306.492,8572652.783749264,6.464688340201974e-09,0,0,1,0.0,0.0,0
454,245000000.0,0,1718750.0,8420421.784496134,0,27.55020599669406,300.5848380729586,0,0.0,508412.7307132074,87069346843.06493,190625.0,8706934684306.492,8572652.783749264,6.464688340201974e-09,0,0,1,0.0,0.0,0
455,245000000.0,0,1718750.0,8442396.148884187,0,27.550104322067792,300.5848380729586,0,0.0,508412.7307132074,87069346843.06493,190625.0,8706934684306.492,8572652.783749264,6.464688340201974e-09,0,0,1,0.0,0.0,0
456,245000000.0,0,1718750.0,8464370.512555514,0,27.549829635805292,300.5832391645099,0,0.0,508412.7307132074,87069346843.06493,190625.0,8706934684306.492,8572652.783749264,6.464688340201974e-09,0,0,1,0.0,0.0,0
457,245000000.0,0,1718750.0,8486344.875878869,0,27.549729030712125,300.5832391645099,0,0.0,508412.7307132074,87069346843.06493,190625.0,8706934684306.492,8572652.783749264,6.464688340201974e-09,0,0,1,0.0,0.0,0
458,245000000.0,0,1718750.0,8507265.631396027,0,27.549496491219255,300.5816489748437,0,0.0,508412.7307132074,87069346843.06493,190625.0,8706934684306.492,8522079.641199281,4.5438355300575495e-09,0,0,1,0.0,0.0,0
459,245000000.0,0,1718750.0,8528186.38658802,0,27.54943674315307,300.5816489748437,0,0.0,508412.7307132074,87069346843.06493,190625.0,8706934684306.492,8522079.641199281,4.5438355300575495e-09,0,0,1,0.0,0.0,0
460,245000000.0,0,1718750.0,8549107.141154174,0,27.549206149647432,300.5800674328391,0,0.0,508412.7307132074,87069346843.06493,190625.0,8706934684306.492,8522079.641199281,4.5438355300575495e-09,0,0,1,0.0,0.0,0
461,245000000.0,0,1718750.0,8570027.895416483,0,27.54914719403655,300.5800674328391,0,0.0,508412.7307132074,87069346843.06493,190625.0,8706934684306.492,8522079.641199281,4.5438355300575495e-09,0,0,1,0.0,0.0,0
462,245000000.0,0,1718750.0,8590948.649093986,0,27.54891851778974,300.57849446814663,0,0.0,508412.7307132074,87069346843.06493,190625.0,8706934684306.492,8522079.641199281,4.5438355300575495e-09,0,0,1,0.0,0.0,0
463,245000000.0,0,1718750.0,8611869.402487557,0,27.548860339426813,300.57849446814663,0,0.0,508412.7307132074,87069346843.06493,190625.0,8706934684306.492,8522079.641199281,4.5438355300575495e-09,0,0,1,0.0,0.0,0
464,245000000.0,0,1718750.0,8632790.155334655,0,27.548633552349727,300.57693001117804,0,0.0,508412.7307132074,87069346843.06493,190625.0,8706934684306.492,8522079.641199281,4.5438355300575495e-09,0,0,1,0.0,0.0,0
465,245000000.0,0,1718750.0,8653710.907916449,0,27.548576136414393,300.57693001117804,0,0.0,508412.7307132074,87069346843.06493,190625.0,8706934684306.492,8522079.641199281,5.475158104673028e-09,0,0,1,0.0,0.0,0
466,245000000.0,0,1718750.0,8675542.02567483,0,27.54831666456457,300.5753739930955,0,0.0,508412.7307132074,87069346843.06493,190625.0,8706934684306.492,8565777.19418714,4.2527972254902124e-09,0,0,1,0.0,0.0,0
467,245000000.0,0,1718750.0,8697373.143185293,0,27.548225539536453,300.5753739930955,0,0.0,508412.7307132074,87069346843.06493,190625.0,8706934684306.492,8565777.19418714,4.2527972254902124e-09,0,0,1,0.0,0.0,0
468,245000000.0,0,1718750.0,8719937.484779377,0,27.54796808095131,300.5738263458021,0,0.0,508412.7307132074,87069346843.06493,190625.0,8706934684306.492,8618569.362564204,3.9071892388165e-09,0,0,1,0.0,0.0,0
469,245000000.0,0,1718750.0,8742501.826141797,0,27.54787786752149,300.5738263458021,0,0.0,508412.7307132074,87069346843.06493,190625.0,8706934684306.492,8618569.362564204,3.9071892388165e-09,0,0,1,0.0,0.0,0
470,245000000.0,0,1718750.0,8766269.653279785,0,27.54757737421878,300.57228700193144,0,0.0,508410.9749244275,87068827099.02689,190625.0,8706882709902.688,8676339.042246262,1.7462298274040222e-09,0,0,1,0.0,0.0,0
471,245000000.0,0,1718750.0,8790037.431429382,0,27.547443450287485,300.57228700193144,0,0.0,508410.9749244275,87068827099.02689,190625.0,8706882709902.688,8676339.042246262,1.7462298274040222e-09,0,0,1,0.0,0.0,0
472,245000000.0,0,1718750.0,8813805.209162317,0,27.54714573749932,300.5707558948382,0,0.0,508410.9749244275,87068827099.02689,190625.0,8706882709902.688,8676339.042246262,1.7462298274040222e-09,0,0,1,0.0,0.0,0
473,245000000.0,0,1718750.0,8837572.986692972,0,27.547013508379845,300.5707558948382,0,0.0,508410.9749244275,87068827099.02689,190625.0,8706882709902.688,8676339.042246262,1.4260876923799515e-09,0,0,1,0.0,0.0,0
474,245000000.0,0,1718750.0,8861340.763834272,0,27.546718531776037,300.5692329585883,0,0.0,508410.9749244275,87068827099.02689,190625.0,8706882709902.688,8676339.042246262,1.4260876923799515e-09,0,0,1,0.0,0.0,0
475,245000000.0,0,1718750.0,8883633.261832224,0,27.54658796548829,300.5692329585883,0,0.0,508410.9749244275,87068827099.02689,190625.0,8706882709902.688,8605525.652438894,1.3096723705530167e-09,0,0,1,0.0,0.0,0
476,245000000.0,0,1718750.0,8905925.759466358,0,27.546295681761265,300.5677181279495,0,0.0,508410.9749244275,87068827099.02689,190625.0,8706882709902.688,8605525.652438894,1.3096723705530167e-09,0,0,1,0.0,0.0,0
477,245000000.0,0,1718750.0,8928218.256923852,0,27.546166747125014,300.5677181279495,0,0.0,508410.9749244275,87068827099.02689,190625.0,8706882709902.688,8605525.652438894,1.3096723705530167e-09,0,0,1,0.0,0.0,0
478,245000000.0,0,1718750.0,8950550.599396344,0,27.54587711395918,300.56621133838206,0,0.0,508410.9749244275,87068827099.02689,190625.0,8706882709902.688,8608394.517996855,2.444721758365631e-09,0,0,1,0.0,0.0,0
479,245000000.0,0,1718750.0,8972882.94170378,0,27.54574978056918,300.56621133838206,0,0.0,508410.9749244275,87068827099.02689,190625.0,8706882709902.688,8608394.517996855,2.444721758365631e-09,0,0,1,0.0,0.0,0
480,245000000.0,0,1718750.0,8974214.867262559,0,27.545842245821678,300.5647125260297,0,0.0,559182.1949848855,104264572554.35117,190625.0,10426457255435.117,7481678.903599371,3.8589860196225345e-09,0,0,1,0.0,0.0,0
481,245000000.0,0,1718750.0,8976493.841011163,0,27.54610135339443,300.5647125260297,0,0.0,559182.1949848855,104264572554.35117,190625.0,10426457255435.117,7481678.903599371,3.794411895796657e-09,0,0,1,0.0,0.0,0
482,245000000.0,0,1718750.0,8978772.814462917,0,27.54620708220899,300.5632216277105,0,0.0,559182.1949848855,104264572554.35117,190625.0,10426457255435.117,7481678.903599371,3.794411895796657e-09,0,0,1,0.0,0.0,0
483,245000000.0,0,1718750.0,8981084.750331832,0,27.546477794122243,300.5632216277105,0,0.0,559182.1949848855,104264572554.35117,190625.0,10426457255435.117,7483261.10654156,3.798049874603748e-09,0,0,1,0.0,0.0,0
484,245000000.0,0,1718750.0,8983395.15182048,0,27.546596339165102,300.5617385809079,0,0.0,559182.1949848855,104264572554.35117,190625.0,10426457255435.117,7483150.65113451,4.649336915463209e-09,0,0,1,0.0,0.0,0
485,245000000.0,0,1718750.0,8985705.553174444,0,27.54688074136936,300.5617385809079,0,0.0,559182.1949848855,104264572554.35117,190625.0,10426457255435.117,7483150.65113451,4.649336915463209e-09,0,0,1,0.0,0.0,0
486,245000000.0,0,1718750.0,8988015.504323324,0,27.54701430071409,300.5602633237622,0,0.0,559182.1949848855,104264572554.35117,190625.0,10426457255435.117,7483129.053732468,7.712515071034431e-09,0,0,1,0.0,0.0,0
487,245000000.0,0,1718750.0,8990325.455346353,0,27.547313429513068,300.5602633237622,0,0.0,559182.1949848855,104264572554.35117,190625.0,10426457255435.117,7483129.053732468,7.712515071034431e-09,0,0,1,0.0,0.0,0
488,245000000.0,0,1718750.0,8992635.406127162,0,27.547463047109833,300.55879579506166,0,0.0,559182.1949848855,104264572554.35117,190625.0,10426457255435.117,7483129.053732468,7.712515071034431e-09,0,0,1,0.0,0.0,0
489,245000000.0,0,1718750.0,8994947.797684276,0,27.547778005220156,300.55879579506166,0,0.0,559138.2588946325,104248572823.14957,190625.0,10424857282314.957,7483304.798093479,6.679329089820385e-09,0,0,1,0.0,0.0,0
490,245000000.0,0,1718750.0,8997866.17642391,0,27.547863873243383,300.55733593423435,0,0.0,559138.2588946325,104248572823.14957,190625.0,10424857282314.957,7484141.387037277,7.516064215451479e-09,0,0,1,0.0,0.0,0
491,245000000.0,0,1718750.0,9002650.222194714,0,27.547853324861954,300.55733593423435,0,0.0,559138.2588946325,104248572823.14957,190625.0,10424857282314.957,7484141.387037277,7.643393473699689e-09,0,0,1,0.0,0.0,0
492,245000000.0,0,1718750.0,9007434.267740862,0,27.54768710726808,300.5558836813397,0,0.0,559138.2588946325,104248572823.14957,190625.0,10424857282314.957,7484141.387037277,7.643393473699689e-09,0,0,1,0.0,0.0,0
493,245000000.0,0,1718750.0,9012220.533174753,0,27.547676624039525,300.5558836813397,0,0.0,559146.672312401,104251710352.15747,190625.0,10425171035215.746,7484334.880934142,6.173650035634637e-09,0,0,1,0.0,0.0,0
494,245000000.0,0,1718750.0,9017131.002314065,0,27.547511256066038,300.5544389770601,0,0.0,556911.0018360941,103442666843.18823,190625.0,10344266684318.824,7493277.562839369,7.968992576934397e-09,0,0,1,0.0,0.0,0
495,245000000.0,0,1718750.0,9021979.369387865,0,27.547500816399516,300.5544389770601,0,0.0,556911.0018360941,103442666843.18823,190625.0,10344266684318.824,7493277.562839369,7.968992576934397e-09,0,0,1,0.0,0.0,0
496,245000000.0,0,1718750.0,9026700.786682896,0,27.547336270549238,300.5530017626931,0,0.0,556911.0018360941,103442666843.18823,190625.0,10344266684318.824,7484137.192891981,8.668394002597779e-09,0,0,1,0.0,0.0,0
497,245000000.0,0,1718750.0,9031422.203877164,0,27.547325874172543,300.5530017626931,0,0.0,556911.0018360941,103442666843.18823,190625.0,10344266684318.824,7484137.192891981,8.668394002597779e-09,0,0,1,0.0,0.0,0
498,245000000.0,0,1718750.0,9036143.620888127,0,27.54716214428538,300.5515719801434,0,0.0,556911.0018360941,103442666843.18823,190625.0,10344266684318.824,7484137.192891981,8.668394002597779e-09,0,0,1,0.0,0.0,0
499,245000000.0,0,1718750.0,9041024.173257139,0,27.547151790928652,300.5515719801434,0,0.0,556911.0018360941,103442666843.18823,190625.0,10344266684318.824,7491775.69459818,8.9667082647793e-09,0,0,1,0.0,0.0,0
500,245000000.0,0,1718750.0,9045784.353800885,0,27.54698887090635,300.55014957191486,0,0.0,559077.6916077043,104226598183.43323,190625.0,10422659818343.322,7483108.935511739,7.018570613581687e-09,0,0,1,0.0,0.0,0
501,245000000.0,0,1718750.0,9050538.645436632,0,27.546978560302033,300.55014957191486,0,0.0,559077.6916077043,104226598183.43323,190625.0,10422659818343.322,7478351.560927254,6.54745235806331e-09,0,0,1,0.0,0.0,0
502,245000000.0,0,1718750.0,9055292.936912315,0,27.546816444107403,300.54873448110294,0,0.0,559077.6916077043,104226598183.43323,190625.0,10422659818343.322,7478351.560927254,6.54745235806331e-09,0,0,1,0.0,0.0,0
503,245000000.0,0,1718750.0,9060047.228305778,0,27.546806175990227,300.54873448110294,0,0.0,559077.6916077043,104226598183.43323,190625.0,10422659818343.322,7478351.560927254,6.54745235806331e-09,0,0,1,0.0,0.0,0
504,245000000.0,0,1718750.0,9064585.839370014,0,27.546644857646367,300.54732665138715,0,0.0,559077.6916077043,104226598183.43323,190625.0,10422659818343.322,7462822.587991845,5.974470695946366e-09,0,0,1,0.0,0.0,0
505,245000000.0,0,1718750.0,9069029.616164483,0,27.54663463175331,300.54732665138715,0,0.0,559077.6916077043,104226598183.43323,190625.0,10422659818343.322,7455994.526100294,4.184585122857243e-09,0,0,1,0.0,0.0,0
506,245000000.0,0,1718750.0,9073509.233615484,0,27.546474105342842,300.5459260270233,0,0.0,559077.6916077043,104226598183.43323,190625.0,10422659818343.322,7457714.884322212,4.2646206566132605e-09,0,0,1,0.0,0.0,0
507,245000000.0,0,1718750.0,9077988.85099469,0,27.546463921413103,300.5459260270233,0,0.0,559077.6916077043,104226598183.43323,190625.0,10422659818343.322,7457714.884322212,4.2646206566132605e-09,0,0,1,0.0,0.0,0
508,245000000.0,0,1718750.0,9082468.468243293,0,27.54630418107745,300.5445325528367,0,0.0,559077.6916077043,104226598183.43323,190625.0,10422659818343.322,7457714.884322212,4.2646206566132605e-09,0,0,1,0.0,0.0,0
509,245000000.0,0,1718750.0,9086948.085424814,0,27.54629403885243,300.5445325528367,0,0.0,559077.6916077043,104226598183.43323,190625.0,10422659818343.322,7457714.884322212,4.2646206566132605e-09,0,0,1,0.0,0.0,0
510,245000000.0,0,1718750.0,9091427.702484297,0,27.54613507879104,300.54314617421414,0,0.0,559077.6916077043,104226598183.43323,190625.0,10422659818343.322,7457714.884322212,4.2646206566132605e-09,0,0,1,0.0,0.0,0
511,245000000.0,0,1718750.0,9096056.171067184,0,27.546124978014305,300.54314617421414,0,0.0,559077.6916077043,104226598183.43323,190625.0,10422659818343.322,7468432.198520959,4.3664840632118285e-09,0,0,1,0.0,0.0,0
512,245000000.0,0,1718750.0,9100684.63953603,0,27.54596679248397,300.5417668370975,0,0.0,559077.6916077043,104226598183.43323,190625.0,10422659818343.322,7468432.198520959,4.3664840632118285e-09,0,0,1,0.0,0.0,0
513,245000000.0,0,1718750.0,9105740.813776521,0,27.54594743541205,300.5417668370975,0,0.0,555228.339135745,102805884044.33568,190625.0,10280588404433.568,7483829.608408797,4.686626198235899e-09,0,0,1,0.0,0.0,0
514,245000000.0,0,1718750.0,9110796.987910442,0,27.545780787328475,300.54039448797624,0,0.0,555228.339135745,102805884044.33568,190625.0,10280588404433.568,7483829.608408797,4.686626198235899e-09,0,0,1,0.0,0.0,0
515,245000000.0,0,1718750.0,9115853.16198963,0,27.545761543116587,300.54039448797624,0,0.0,555228.339135745,102805884044.33568,190625.0,10280588404433.568,7483829.608408797,4.686626198235899e-09,0,0,1,0.0,0.0,0
516,245000000.0,0,1718750.0,9120909.335969241,0,27.545595769355376,300.53902907388067,0,0.0,555228.339135745,102805884044.33568,190625.0,10280588404433.568,7483829.608408797,4.686626198235899e-09,0,0,1,0.0,0.0,0
517,245000000.0,0,1718750.0,9126106.151771747,0,27.545576637018783,300.53902907388067,0,0.0,552696.7854029363,101890864725.74239,190625.0,10189086472574.238,7493955.823340031,4.686626198235899e-09,0,0,1,0.0,0.0,0
518,245000000.0,0,1718750.0,9131116.983769573,0,27.54541173068901,300.53767054237517,0,0.0,552696.7854029363,101890864725.74239,190625.0,10189086472574.238,7485628.103568267,4.712092049885541e-09,0,0,1,0.0,0.0,0
519,245000000.0,0,1718750.0,9136127.8157196,0,27.54539270925443,300.53767054237517,0,0.0,552696.7854029363,101890864725.74239,190625.0,10189086472574.238,7485628.103568267,4.712092049885541e-09,0,0,1,0.0,0.0,0
520,245000000.0,0,1718750.0,9141138.647582684,0,27.545228663537717,300.5363188415513,0,0.0,552696.7854029363,101890864725.74239,190625.0,10189086472574.238,7485628.103568267,4.712092049885541e-09,0,0,1,0.0,0.0,0
521,245000000.0,0,1718750.0,9146149.479401097,0,27.545209752043153,300.5363188415513,0,0.0,552696.7854029363,101890864725.74239,190625.0,10189086472574.238,7485628.103568267,4.712092049885541e-09,0,0,1,0.0,0.0,0
522,245000000.0,0,1718750.0,9151160.311138269,0,27.545046560192755,300.5349739200214,0,0.0,552696.7854029363,101890864725.74239,190625.0,10189086472574.238,7485628.103568267,4.712092049885541e-09,0,0,1,0.0,0.0,0
523,245000000.0,0,1718750.0,9156171.142833697,0,27.54502775768734,300.5349739200214,0,0.0,552696.7854029363,101890864725.74239,190625.0,10189086472574.238,7485628.103568267,4.712092049885541e-09,0,0,1,0.0,0.0,0
524,245000000.0,0,1718750.0,9161181.974453209,0,27.544865413027154,300.53363572691194,0,0.0,552696.7854029363,101890864725.74239,190625.0,10189086472574.238,7485628.103568267,4.712092049885541e-09,0,0,1,0.0,0.0,0
525,245000000.0,0,1718750.0,9166192.806033717,0,27.544846718570987,300.53363572691194,0,0.0,552696.7854029363,101890864725.74239,190625.0,10189086472574.238,7485628.103568267,4.712092049885541e-09,0,0,1,0.0,0.0,0
526,245000000.0,0,1718750.0,9171007.071406156,0,27.544685214494667,300.5323042118571,0,0.0,556234.0832373499,103172963584.32178,190625.0,10317296358432.178,7471475.341695238,4.929461283609271e-09,0,0,1,0.0,0.0,0
527,245000000.0,0,1718750.0,9175919.59501533,0,27.544666627158634,300.5323042118571,0,0.0,556234.0832373499,103172963584.32178,190625.0,10317296358432.178,7471475.341695238,4.929461283609271e-09,0,0,1,0.0,0.0,0
528,245000000.0,0,1718750.0,9180832.118558206,0,27.544505957128653,300.53097932499253,0,0.0,556234.0832373499,103172963584.32178,190625.0,10317296358432.178,7471475.341695238,4.929461283609271e-09,0,0,1,0.0,0.0,0
529,245000000.0,0,1718750.0,9185744.642067036,0,27.544487475994302,300.53097932499253,0,0.0,556234.0832373499,103172963584.32178,190625.0,10317296358432.178,7471475.341695238,4.929461283609271e-09,0,0,1,0.0,0.0,0
530,245000000.0,0,1718750.0,9190657.16551391,0,27.54432763354106,300.52966101694915,0,0.0,556234.0832373499,103172963584.32178,190625.0,10317296358432.178,7471475.341695238,4.929461283609271e-09,0,0,1,0.0,0.0,0
531,245000000.0,0,1718750.0,9195569.68892897,0,27.54430925770043,300.52966101694915,0,0.0,556234.0832373499,103172963584.32178,190625.0,10317296358432.178,7471475.341695238,4.929461283609271e-09,0,0,1,0.0,0.0,0
532,245000000.0,0,1718750.0,9200482.212286133,0,27.544150236421366,300.5283492388469,0,0.0,556234.0832373499,103172963584.32178,190625.0,10317296358432.178,7471475.341695238,4.929461283609271e-09,0,0,1,0.0,0.0,0
533,245000000.0,0,1718750.0,9205389.87180396,0,27.544131964976817,300.5283492388469,0,0.0,556234.0832373499,103172963584.32178,190625.0,10317296358432.178,7471125.147403391,4.6966306399554014e-09,0,0,1,0.0,0.0,0
534,245000000.0,0,1718750.0,9210432.556644754,0,27.543973758535536,300.5270439422887,0,0.0,556234.0832373499,103172963584.32178,190625.0,10317296358432.178,7480846.974552145,6.442860467359424e-09,0,0,1,0.0,0.0,0
535,245000000.0,0,1718750.0,9215475.241457768,0,27.543955590599648,300.5270439422887,0,0.0,556234.0832373499,103172963584.32178,190625.0,10317296358432.178,7480846.974552145,6.442860467359424e-09,0,0,1,0.0,0.0,0
536,245000000.0,0,1718750.0,9220558.91631109,0,27.543798192725067,300.52574507935464,0,0.0,556234.0832373499,103172963584.32178,190625.0,10317296358432.178,7483798.261094181,5.2787072490900755e-09,0,0,1,0.0,0.0,0
537,245000000.0,0,1718750.0,9225642.591138449,0,27.543780127420458,300.52574507935464,0,0.0,556234.0832373499,103172963584.32178,190625.0,10317296358432.178,7483798.261094181,5.2787072490900755e-09,0,0,1,0.0,0.0,0
538,245000000.0,0,1718750.0,9230726.265918579,0,27.54362353190596,300.52445260259606,0,0.0,556234.0832373499,103172963584.32178,190625.0,10317296358432.178,7483798.261094181,5.2787072490900755e-09,0,0,1,0.0,0.0,0
539,245000000.0,0,1718750.0,9235809.940674443,0,27.54360556836515,300.52445260259606,0,0.0,556234.0832373499,103172963584.32178,190625.0,10317296358432.178,7483798.261094181,5.2787072490900755e-09,0,0,1,0.0,0.0,0
540,245000000.0,0,1718750.0,9240968.447146408,0,27.54344976906776,300.5231664650296,0,0.0,556234.0832373499,103172963584.32178,190625.0,10317296358432.178,7487390.185585394,6.421032594516873e-09,0,0,1,0.0,0.0,0
541,245000000.0,0,1718750.0,9246339.62236669,0,27.543431906433042,300.5231664650296,0,0.0,556234.0832373499,103172963584.32178,190625.0,10317296358432.178,7502702.33709701,5.984475137665868e-09,0,0,1,0.0,0.0,0
542,245000000.0,0,1718750.0,9251710.752760459,0,27.543276897272577,300.5218866201318,0,0.0,556234.8893723406,103173258621.33699,190625.0,10317325862133.7,7502699.112557046,5.607034836430103e-09,0,0,1,0.0,0.0,0
543,245000000.0,0,1718750.0,9257081.905525675,0,27.54325913469587,300.5218866201318,0,0.0,556234.8893723406,103173258621.33699,190625.0,10317325862133.7,7502699.112557046,5.607034836430103e-09,0,0,1,0.0,0.0,0
544,245000000.0,0,1718750.0,9262453.058252353,0,27.543104909654176,300.5206130218332,0,0.0,556234.8893723406,103173258621.33699,190625.0,10317325862133.7,7502699.112557046,5.607034836430103e-09,0,0,1,0.0,0.0,0
545,245000000.0,0,1718750.0,9267821.77006533,0,27.543087246296878,300.5206130218332,0,0.0,556278.8254625937,103189340738.81773,190625.0,10318934073881.773,7502523.368196034,6.629306881222874e-09,0,0,1,0.0,0.0,0
546,245000000.0,0,1718750.0,9273191.908407396,0,27.542933799417042,300.5193456245131,0,0.0,556278.8254625937,103189340738.81773,190625.0,10318934073881.773,7502538.208702704,3.183231456205249e-09,0,0,1,0.0,0.0,0
547,245000000.0,0,1718750.0,9278562.046730962,0,27.542916234449923,300.5193456245131,0,0.0,556278.8254625937,103189340738.81773,190625.0,10318934073881.773,7502538.208702704,3.183231456205249e-09,0,0,1,0.0,0.0,0
548,245000000.0,0,1718750.0,9283932.185020873,0,27.542763559835432,300.5180843829939,0,0.0,556278.8254625937,103189340738.81773,190625.0,10318934073881.773,7502538.208702704,3.183231456205249e-09,0,0,1,0.0,0.0,0
549,245000000.0,0,1718750.0,9289301.741043946,0,27.542746092438485,300.5180843829939,0,0.0,556278.8254625937,103189340738.81773,190625.0,10318934073881.773,7502510.260723811,2.877641236409545e-09,0,0,1,0.0,0.0,0
550,245000000.0,0,1718750.0,9294671.297035562,0,27.542594184252515,300.5168292525357,0,0.0,556278.8254625937,103189340738.81773,190625.0,10318934073881.773,7502510.260723811,2.877641236409545e-09,0,0,1,0.0,0.0,0
551,245000000.0,0,1718750.0,9300040.853011034,0,27.542576813614826,300.5168292525357,0,0.0,556278.8254625937,103189340738.81773,190625.0,10318934073881.773,7502510.260723811,2.877641236409545e-09,0,0,1,0.0,0.0,0
552,245000000.0,0,1718750.0,9305402.604540907,0,27.542425666079456,300.5155801888312,0,0.0,556278.8254625937,103189340738.81773,190625.0,10318934073881.773,7502135.648745813,2.5938788894563913e-09,0,0,1,0.0,0.0,0
553,245000000.0,0,1718750.0,9310764.356055768,0,27.5424083913991,300.5155801888312,0,0.0,556278.8254625937,103189340738.81773,190625.0,10318934073881.773,7502135.648751474,3.018612915184349e-09,0,0,1,0.0,0.0,0
554,245000000.0,0,1718750.0,9316126.107543169,0,27.542257998794586,300.5143371480005,0,0.0,556278.8254625937,103189340738.81773,190625.0,10318934073881.773,7502135.648751474,3.018612915184349e-09,0,0,1,0.0,0.0,0
555,245000000.0,0,1718750.0,9321487.859016467,0,27.54224081927846,300.5143371480005,0,0.0,556278.8254625937,103189340738.81773,190625.0,10318934073881.773,7502135.648751474,3.018612915184349e-09,0,0,1,0.0,0.0,0
556,245000000.0,0,1718750.0,9326848.892150756,0,27.542091175942495,300.51310008658567,0,0.0,556291.7551028742,103194074166.32437,190625.0,10319407416632.438,7502083.930190352,1.9817889551632106e-09,0,0,1,0.0,0.0,0
557,245000000.0,0,1718750.0,9332210.28442854,0,27.542074090806242,300.51310008658567,0,0.0,556291.7551028742,103194074166.32437,190625.0,10319407416632.438,7502083.930190352,1.9817889551632106e-09,0,0,1,0.0,0.0,0
558,245000000.0,0,1718750.0,9337571.67668235,0,27.541925191133206,300.5118689615459,0,0.0,556291.7551028742,103194074166.32437,190625.0,10319407416632.438,7502083.930190352,1.9817889551632106e-09,0,0,1,0.0,0.0,0
559,245000000.0,0,1718750.0,9342933.068923838,0,27.54190819960107,300.5118689615459,0,0.0,556291.7551028742,103194074166.32437,190625.0,10319407416632.438,7502083.930190352,1.9817889551632106e-09,0,0,1,0.0,0.0,0
560,245000000.0,0,1718750.0,9348294.45974046,0,27.541760038041364,300.51064373025247,0,0.0,556291.7551028742,103194074166.32437,190625.0,10319407416632.438,7502083.862872038,5.08134689880535e-09,0,0,1,0.0,0.0,0
561,245000000.0,0,1718750.0,9353451.314236797,0,27.541743139346067,300.51064373025247,0,0.0,556291.7551028742,103194074166.32437,190625.0,10319407416632.438,7487357.248639964,7.642483978997916e-09,0,0,1,0.0,0.0,0
562,245000000.0,0,1718750.0,9358608.168712195,0,27.541595710405375,300.5094243504839,0,0.0,556291.7551028742,103194074166.32437,190625.0,10319407416632.438,7487357.248639964,7.642483978997916e-09,0,0,1,0.0,0.0,0
563,245000000.0,0,1718750.0,9363765.023176841,0,27.541578903788032,300.5094243504839,0,0.0,556291.7551028742,103194074166.32437,190625.0,10319407416632.438,7487357.248639964,7.642483978997916e-09,0,0,1,0.0,0.0,0
564,245000000.0,0,1718750.0,9368921.877621925,0,27.54143220202666,300.50821078042117,0,0.0,556291.7551028742,103194074166.32437,190625.0,10319407416632.438,7487357.248639964,7.642483978997916e-09,0,0,1,0.0,0.0,0
565,245000000.0,0,1718750.0,9374080.407472696,0,27.541415486736607,300.50821078042117,0,0.0,556291.7551028742,103194074166.32437,190625.0,10319407416632.438,7487477.878573222,8.00719135440886e-09,0,0,1,0.0,0.0,0
566,245000000.0,0,1718750.0,9379238.937305188,0,27.541269506768785,300.5070029786425,0,0.0,556291.7551028742,103194074166.32437,190625.0,10319407416632.438,7487477.878573222,8.00719135440886e-09,0,0,1,0.0,0.0,0
567,245000000.0,0,1718750.0,9384397.46712829,0,27.541252882063542,300.5070029786425,0,0.0,556291.7551028742,103194074166.32437,190625.0,10319407416632.438,7487477.878573222,8.00719135440886e-09,0,0,1,0.0,0.0,0
568,245000000.0,0,1718750.0,9389555.996934304,0,27.541107618556747,300.5058009041191,0,0.0,556291.7551028742,103194074166.32437,190625.0,10319407416632.438,7487477.878573222,8.00719135440886e-09,0,0,1,0.0,0.0,0
569,245000000.0,0,1718750.0,9394682.645861933,0,27.541089411702092,300.5058009041191,0,0.0,555480.9920263054,102898617005.64275,190625.0,10289861700564.275,7481939.403654561,4.678440745919943e-09,0,0,1,0.0,0.0,0
570,245000000.0,0,1718750.0,9399809.294773601,0,27.54094320001263,300.5046045162104,0,0.0,555480.9920263054,102898617005.64275,190625.0,10289861700564.275,7481939.403654561,4.678440745919943e-09,0,0,1,0.0,0.0,0
571,245000000.0,0,1718750.0,9404935.943677068,0,27.540925097528238,300.5046045162104,0,0.0,555480.9920263054,102898617005.64275,190625.0,10289861700564.275,7481939.403654561,4.678440745919943e-09,0,0,1,0.0,0.0,0
572,245000000.0,0,1718750.0,9410062.592565615,0,27.54077961351174,300.5034137746594,0,0.0,555480.9920263054,102898617005.64275,190625.0,10289861700564.275,7481939.403654561,4.678440745919943e-09,0,0,1,0.0,0.0,0
573,245000000.0,0,1718750.0,9415071.035387583,0,27.540761614502653,300.5034137746594,0,0.0,555480.9920263054,102898617005.64275,190625.0,10289861700564.275,7473428.567412473,4.43833414465189e-09,0,0,1,0.0,0.0,0
574,245000000.0,0,1718750.0,9420079.478195617,0,27.540616852698374,300.50222863958817,0,0.0,555480.9920263054,102898617005.64275,190625.0,10289861700564.275,7473428.567412473,4.43833414465189e-09,0,0,1,0.0,0.0,0
575,245000000.0,0,1718750.0,9425087.92099649,0,27.540598956279823,300.50222863958817,0,0.0,555480.9920263054,102898617005.64275,190625.0,10289861700564.275,7473428.567412473,4.43833414465189e-09,0,0,1,0.0,0.0,0
576,245000000.0,0,1718750.0,9430096.363784334,0,27.540454911281962,300.5010490714934,0,0.0,555480.9920263054,102898617005.64275,190625.0,10289861700564.275,7473428.567412473,4.43833414465189e-09,0,0,1,0.0,0.0,0
577,245000000.0,0,1718750.0,9435104.806565491,0,27.540437116579255,300.5010490714934,0,0.0,555480.9920263054,102898617005.64275,190625.0,10289861700564.275,7473428.567412473,4.43833414465189e-09,0,0,1,0.0,0.0,0
578,245000000.0,0,1718750.0,9440260.07831447,0,27.5402937830363,300.4998750312422,0,0.0,552838.070386486,101938017517.71916,190625.0,10193801751771.916,7484000.253971751,5.8353180065751076e-09,0,0,1,0.0,0.0,0
579,245000000.0,0,1718750.0,9445349.605382662,0,27.540276089184655,300.4998750312422,0,0.0,552838.070386486,101938017517.71916,190625.0,10193801751771.916,7484552.480685065,5.965375748928636e-09,0,0,1,0.0,0.0,0
580,245000000.0,0,1718750.0,9450439.228737745,0,27.540133461798643,300.4987064800673,0,0.0,552838.070386486,101938017517.71916,190625.0,10193801751771.916,7484559.4141602125,6.6092979977838695e-09,0,0,1,0.0,0.0,0
581,245000000.0,0,1718750.0,9455377.611124016,0,27.540115867943054,300.4987064800673,0,0.0,551783.2570840754,101558534222.18668,190625.0,10155853422218.668,7473670.064826256,6.2545950640924275e-09,0,0,1,0.0,0.0,0
582,245000000.0,0,1718750.0,9460277.850324951,0,27.53997409945587,300.4975433795634,0,0.0,551862.8423308716,101587478376.9472,190625.0,10158747837694.72,7473351.72383907,6.371010385919362e-09,0,0,1,0.0,0.0,0
583,245000000.0,0,1718750.0,9465178.089520425,0,27.539956762158848,300.4975433795634,0,0.0,551862.8423308716,101587478376.9472,190625.0,10158747837694.72,7473351.72383907,6.371010385919362e-09,0,0,1,0.0,0.0,0
584,245000000.0,0,1718750.0,9469956.938373733,0,27.539817715805565,300.49638569168246,0,0.0,553020.3987370837,102008973817.94324,190625.0,10200897381794.324,7468721.4982142225,6.611116987187415e-09,0,0,1,0.0,0.0,0
585,245000000.0,0,1718750.0,9475042.40541245,0,27.539802496913424,300.49638569168246,0,0.0,553020.3987370837,102008973817.94324,190625.0,10200897381794.324,7490537.83426688,7.414200808852911e-09,0,0,1,0.0,0.0,0
586,245000000.0,0,1718750.0,9480127.872441893,0,27.53966411340736,300.4952333787297,0,0.0,553020.3987370837,102008973817.94324,190625.0,10200897381794.324,7490537.83426688,7.414200808852911e-09,0,0,1,0.0,0.0,0
587,245000000.0,0,1718750.0,9485213.339466564,0,27.53964897285365,300.4952333787297,0,0.0,553020.3987370837,102008973817.94324,190625.0,10200897381794.324,7490537.83426688,7.414200808852911e-09,0,0,1,0.0,0.0,0
588,245000000.0,0,1718750.0,9490298.806482567,0,27.539511247456275,300.4940864033598,0,0.0,553020.3987370837,102008973817.94324,190625.0,10200897381794.324,7490537.83426688,7.414200808852911e-09,0,0,1,0.0,0.0,0
589,245000000.0,0,1718750.0,9495219.430304388,0,27.53949618463764,300.4940864033598,0,0.0,553020.3987370837,102008973817.94324,190625.0,10200897381794.324,7480018.644804866,7.298240234376863e-09,0,0,1,0.0,0.0,0
590,245000000.0,0,1718750.0,9500140.05411811,0,27.539359112655553,300.4929447285723,0,0.0,553020.3987370837,102008973817.94324,190625.0,10200897381794.324,7480018.644804866,7.298240234376863e-09,0,0,1,0.0,0.0,0
591,245000000.0,0,1718750.0,9505060.677927665,0,27.539344126974807,300.4929447285723,0,0.0,553020.3987370837,102008973817.94324,190625.0,10200897381794.324,7480018.644804866,7.298240234376863e-09,0,0,1,0.0,0.0,0
592,245000000.0,0,1718750.0,9509981.301729651,0,27.53920770375929,300.49180831770815,0,0.0,553020.3987370837,102008973817.94324,190625.0,10200897381794.324,7480018.644804866,7.298240234376863e-09,0,0,1,0.0,0.0,0
593,245000000.0,0,1718750.0,9514901.92552775,0,27.53919279462535,300.49180831770815,0,0.0,553020.3987370837,102008973817.94324,190625.0,10200897381794.324,7480018.644804866,7.298240234376863e-09,0,0,1,0.0,0.0,0
594,245000000.0,0,1718750.0,9519822.549318768,0,27.539057015571732,300.49067713444555,0,0.0,553020.3987370837,102008973817.94324,190625.0,10200897381794.324,7480018.644804866,7.298240234376863e-09,0,0,1,0.0,0.0,0
595,245000000.0,0,1718750.0,9524743.173106156,0,27.539042182399566,300.49067713444555,0,0.0,553020.3987370837,102008973817.94324,190625.0,10200897381794.324,7480018.644804866,7.298240234376863e-09,0,0,1,0.0,0.0,0
596,245000000.0,0,1718750.0,9529626.776257722,0,27.538907042946754,300.48955114279596,0,0.0,553686.7700628494,102248624405.12946,190625.0,10224862440512.945,7477353.159501803,6.588834366993979e-09,0,0,1,0.0,0.0,0
597,245000000.0,0,1718750.0,9534429.134006055,0,27.538892285157246,300.48955114279596,0,0.0,553686.7700628494,102248624405.12946,190625.0,10224862440512.945,7472564.885208573,6.51789378025569e-09,0,0,1,0.0,0.0,0
598,245000000.0,0,1718750.0,9539231.491748206,0,27.53875778078722,300.48843030710054,0,0.0,553686.7700628494,102248624405.12946,190625.0,10224862440512.945,7472564.885208573,6.51789378025569e-09,0,0,1,0.0,0.0,0
599,245000000.0,0,1718750.0,9544025.880416194,0,27.538743097807142,300.48843030710054,0,0.0,553686.7700628494,102248624405.12946,190625.0,10224862440512.945,7471991.11209698,9.019913704833016e-09,0,0,1,0.0,0.0,0
