t,secure_bps,violations,k_min,k_mean,q_total,aos_mean,aos_max,rekey,q_sumsq,z_l1,z_sumsq,z_max,lyapunov,key_inflow,key_overflow,cg_iters,cg_columns,cg_converged,obj_lp,obj_greedy,key_blocked_edges
0,245000000.0,0,2109375.0,2435980.902777778,0,0.8751098228663845,0.9476988686844755,0,0.0,571875.0,109013671875.0,190625.0,10901367187500.0,7200000.0,0.0,0,0,1,0.0,0.0,0
1,245000000.0,0,2109375.0,2371961.8055555555,0,1.9150735485434955,1.9476988686844754,0,0.0,571875.0,109013671875.0,190625.0,10901367187500.0,7200000.0,0.0,0,0,1,0.0,0.0,0
2,245000000.0,0,1718750.0,2307942.7083333335,0,3.0002823041962015,3.1629597325192615,0,0.0,762500.0,218027343750.0,381250.0,21802734375000.0,7200000.0,0.0,0,0,1,0.0,0.0,0
3,245000000.0,0,1718750.0,2243923.611111111,0,4.054126679726725,4.162959732519262,0,0.0,753125.0,141865234375.0,190625.0,14186523437500.0,7200000.0,0.0,0,0,1,0.0,0.0,0
4,245000000.0,0,1328125.0,2181946.290293238,0,4.470255517258303,5.504749365183861,0,0.0,762500.0,218027343750.0,381250.0,21802734375000.0,7273503.950556569,2.0372681319713593e-10,0,0,1,0.0,0.0,0
5,245000000.0,0,1328125.0,2142191.1916975873,0,5.327933375874362,6.504749365183861,0,0.0,753125.0,141865234375.0,190625.0,14186523437500.0,7273503.950556569,2.0372681319713593e-10,0,0,1,0.0,0.0,0
6,245000000.0,0,1137500.0,2124658.3153241584,0,6.182577733096291,7.756697408871322,0,0.0,943750.0,319980468750.0,381250.0,31998046875000.0,7273503.950556569,2.0372681319713593e-10,0,0,1,0.0,0.0,0
7,245000000.0,0,1337500.0,2107125.43895073,0,6.977037766761172,8.494209936496077,0,0.0,925000.0,171406250000.0,190625.0,17140625000000.0,7273503.950556569,2.0372681319713593e-10,0,0,1,0.0,0.0,0
8,245000000.0,0,1328125.0,2095143.9174529074,0,7.848186917699332,9.504749365183862,0,0.0,934375.0,313095703125.0,381250.0,31309570312500.0,7273503.950633861,0.0,0,0,1,0.0,0.0,0
9,245000000.0,0,1328125.0,2094277.7077482922,0,8.660956832547038,10.504749365183862,0,0.0,915625.0,168271484375.0,190625.0,16827148437500.0,7273503.950633861,0.0,0,0,1,0.0,0.0,0
10,245000000.0,0,1337500.0,2110282.5972303716,0,7.624947136511964,11.494209936496077,0,0.0,911121.1410174894,295996711502.49207,367371.14101748937,29599671150249.207,7291519.386563904,6.821210263296962e-11,0,0,1,0.0,0.0,0
11,245000000.0,0,1337500.0,2126583.4829682577,0,8.230551154813172,12.494209936496077,0,0.0,883363.4230524681,157289877566.11346,190625.0,15728987756611.346,7291519.386563904,6.821210263296962e-11,0,0,1,0.0,0.0,0
12,245000000.0,0,1346875.0,2142884.3687061435,0,8.836159436938122,13.483817119540017,0,0.0,883363.4230524681,276294872549.64844,348988.42305246805,27629487254964.844,7291519.386563904,6.821210263296962e-11,0,0,1,0.0,0.0,0
13,245000000.0,0,1346875.0,2159185.2544440306,0,7.083274053830223,14.483817119540017,0,0.0,855605.7050874467,148856712138.1378,190625.0,14885671213813.78,7291519.386563904,6.821210263296962e-11,0,0,1,0.0,0.0,0
14,245000000.0,0,1356250.0,2175486.1401819163,0,7.511541670226216,15.473567876220299,0,0.0,855605.7050874467,257444663486.3678,334375.0,25744466348636.78,7291519.386563904,6.821210263296962e-11,0,0,1,0.0,0.0,0
15,245000000.0,0,1356250.0,2191787.0259198025,0,7.944317272219049,16.473567876220297,0,0.0,827847.9871224253,141275176599.72513,190625.0,14127517659972.514,7291519.386563904,6.821210263296962e-11,0,0,1,0.0,0.0,0
16,245000000.0,0,1365625.0,2208087.9116576887,0,8.375993312156599,17.46345925180646,0,0.0,827847.9871224253,239446084312.6502,325000.0,23944608431265.02,7291519.386563904,4.547473508864641e-11,0,0,1,0.0,0.0,0
17,245000000.0,0,1365625.0,2224388.7973955753,0,8.81172818708963,18.46345925180646,0,0.0,800090.2691574041,134545270950.87552,190625.0,13454527095087.553,7291519.386563904,4.547473508864641e-11,0,0,1,0.0,0.0,0
18,245000000.0,0,1375000.0,2240689.6831334615,0,9.246072960673818,19.453488372093023,0,0.0,800090.2691574041,222299135028.49567,315625.0,22229913502849.566,7291519.386563904,4.547473508864641e-11,0,0,1,0.0,0.0,0
19,245000000.0,0,1375000.0,2256990.5688713472,0,9.684144711097554,20.453488372093023,0,0.0,772332.5511923828,128666995191.58896,190625.0,12866699519158.896,7291519.386563904,4.547473508864641e-11,0,0,1,0.0,0.0,0
20,245000000.0,0,1384375.0,2273291.4546092334,0,10.120628002866589,21.443652440674907,0,0.0,772332.5511923828,206003815633.90417,306250.0,20600381563390.418,7291519.386563904,4.547473508864641e-11,0,0,1,0.0,0.0,0
21,245000000.0,0,1384375.0,2289592.3403471205,0,10.56058391365904,22.443652440674907,0,0.0,744574.8332273614,123640349321.86542,190625.0,12364034932186.541,7291519.386563904,4.547473508864641e-11,0,0,1,0.0,0.0,0
22,245000000.0,0,1393750.0,2305893.2260850063,0,10.99881434764918,23.433948736332677,0,0.0,744574.8332273614,190560126128.8757,296875.0,19056012612887.57,7291519.386563904,4.547473508864641e-11,0,0,1,0.0,0.0,0
23,245000000.0,0,1393750.0,2322194.1118228924,0,11.440316197519566,24.433948736332677,0,0.0,716817.11526234,119465333341.70491,190625.0,11946533334170.49,7291519.386563904,4.547473508864641e-11,0,0,1,0.0,0.0,0
24,245000000.0,0,1403125.0,2338494.9975607786,0,11.879997653139496,25.424374610522566,0,0.0,716817.11526234,175968066513.41025,287500.0,17596806651341.023,7291519.386563904,4.547473508864641e-11,0,0,1,0.0,0.0,0
25,245000000.0,0,1403125.0,2355159.1550953663,0,12.322464507985101,26.424374610522566,0,0.0,682520.5527475148,114722756593.34254,190625.0,11472275659334.254,7304597.171245153,5.948919551412857e-10,0,0,1,0.0,0.0,0
26,245000000.0,0,1412500.0,2371823.312629954,0,12.763063835077634,27.414927484966395,0,0.0,682520.5527475148,159389255471.97803,278125.0,15938925547197.803,7304597.171245153,5.948919551412857e-10,0,0,1,0.0,0.0,0
27,245000000.0,0,1412500.0,2388121.914000894,0,8.297752915525543,28.414927484966395,0,0.0,648223.9902326895,112250015187.44427,190625.0,11225001518744.428,7304597.171245153,5.948919551412916e-10,0,0,1,0.0,0.0,0
28,245000000.0,0,1421875.0,2404192.652529353,0,8.557913407894013,29.40560484933673,0,0.0,648223.9902326895,144228394236.9065,268750.0,14422839423690.648,7315819.254766024,8.568264292518949e-10,0,0,1,0.0,0.0,0
29,245000000.0,0,1421875.0,2420191.6022952967,0,8.820927656530914,30.40560484933673,0,0.0,632851.7187425874,110837094797.11829,190625.0,11083709479711.828,7315819.254766024,8.568264292518949e-10,0,0,1,0.0,0.0,0
30,245000000.0,0,1431250.0,2435874.2437115666,0,9.082127724303406,31.39640425903299,0,0.0,632851.7187425874,137048032297.11829,259375.0,13704803229711.828,7315819.254766024,8.568264292518949e-10,0,0,1,0.0,0.0,0
31,245000000.0,0,1431250.0,2450839.2288178536,0,9.34636421379279,32.39640425903299,0,0.0,623476.7187425874,109635922922.11829,190625.0,10963592292211.828,7315819.254766024,8.568264292518949e-10,0,0,1,0.0,0.0,0
32,245000000.0,0,1440625.0,2465674.520877551,0,9.60864488888986,33.38732333304431,0,0.0,623476.7187425874,132272641672.11829,250000.0,13227264167211.828,7315819.254766024,8.568264292518949e-10,0,0,1,0.0,0.0,0
33,245000000.0,0,1440625.0,2480735.9915013737,0,9.873268078059176,34.38732333304431,0,0.0,609883.1366326261,107085578753.21045,190625.0,10708557875321.045,7332693.583205869,4.020790783654308e-10,0,0,1,0.0,0.0,0
34,245000000.0,0,1450000.0,2495676.2711783266,0,10.135944089798489,35.378359751895246,0,0.0,609883.1366326261,126148078753.21045,240625.0,12614807875321.045,7332693.583205869,4.020790783654308e-10,0,0,1,0.0,0.0,0
35,245000000.0,0,1450000.0,2510499.39960664,0,10.40118102759704,36.378359751895246,0,0.0,600508.1366326261,106235969378.21045,190625.0,10623596937821.045,7332693.583205869,4.020790783654308e-10,0,0,1,0.0,0.0,0
36,245000000.0,0,1459375.0,2525209.281827933,0,10.664478175169522,37.36951125567063,0,0.0,600508.1366326261,121724250628.21045,231250.0,12172425062821.045,7332693.583205869,4.020790783654308e-10,0,0,1,0.0,0.0,0
37,245000000.0,0,1459375.0,2539809.735253101,0,10.930253561043912,38.36951125567063,0,0.0,591133.1366326261,105562141253.21045,190625.0,10556214125321.045,7332695.114549622,3.051425778721809e-10,0,0,1,0.0,0.0,0
38,245000000.0,0,1468750.0,2554304.3663892657,0,11.194101352587738,39.360775642116,0,0.0,591133.1366326261,117476203753.21045,221875.0,11747620375321.045,7332695.114549622,3.051425778721809e-10,0,0,1,0.0,0.0,0
39,245000000.0,0,1468750.0,2568696.70264606,0,11.46035263062593,40.360775642116,0,0.0,581758.1366326261,105064094378.21045,190625.0,10506409437821.045,7332695.114549622,3.051425778721809e-10,0,0,1,0.0,0.0,0
40,245000000.0,0,1478125.0,2582990.153852797,0,11.724691994805704,41.352150764810276,0,0.0,581758.1366326261,113403938128.21045,212500.0,11340393812821.045,7332695.114549622,5.379732215260505e-10,0,0,1,0.0,0.0,0
41,245000000.0,0,1478125.0,2597188.0161778117,0,11.991366611136572,42.352150764810276,0,0.0,572383.1366326261,104741828753.21045,190625.0,10474182875321.045,7332695.114549622,5.379732215260505e-10,0,0,1,0.0,0.0,0
42,245000000.0,0,1487500.0,2611297.233018748,0,8.437963576728153,43.34363453140746,0,0.0,572383.1366326261,109507453753.21045,203125.0,10950745375321.045,7332830.370206775,6.752358672201867e-10,0,0,1,0.0,0.0,0
43,245000000.0,0,1487500.0,2625317.127360209,0,8.614105783976228,44.34363453140746,0,0.0,563008.1366326261,104595344378.21045,190625.0,10459534437821.045,7332830.370206775,6.752358672201867e-10,0,0,1,0.0,0.0,0
44,245000000.0,0,1496875.0,2639250.6766188424,0,8.788374314882455,45.33522490194442,0,0.0,563008.1366326261,105786750628.21045,193750.0,10578675062821.045,7332830.370206775,6.752358672201867e-10,0,0,1,0.0,0.0,0
45,245000000.0,0,1496875.0,2653100.758964076,0,8.964857247326144,46.33522490194442,0,0.0,559883.1366326261,104585578753.21045,190625.0,10458557875321.045,7332830.370206775,6.752358672201867e-10,0,0,1,0.0,0.0,0
46,245000000.0,0,1506250.0,2665665.436263688,0,9.139751441391697,47.32691988721181,0,0.0,559883.1366326261,104585578753.21045,190625.0,10458557875321.045,7332830.370206775,6.752358672201867e-10,0,0,1,0.0,0.0,0
47,245000000.0,0,1506250.0,2677827.179373485,0,9.316860680294239,48.32691988721181,0,0.0,559883.1366326261,104585578753.21045,190625.0,10458557875321.045,7332830.370206775,6.752358672201867e-10,0,0,1,0.0,0.0,0
48,245000000.0,0,1515625.0,2689868.2250261973,0,9.492132126618882,49.318717547185365,0,0.0,559883.1366326261,104585578753.21045,190625.0,10458557875321.045,7332830.370206775,6.752358672201867e-10,0,0,1,0.0,0.0,0
49,245000000.0,0,1515625.0,2701792.5964703932,0,9.66950590242724,50.318717547185365,0,0.0,559883.1366326261,104585578753.21045,190625.0,10458557875321.045,7332830.370206775,6.752358672201867e-10,0,0,1,0.0,0.0,0
50,245000000.0,0,1525000.0,2713604.182846358,0,9.845065153182354,51.31061598951507,0,0.0,559883.1366326261,104585578753.21045,190625.0,10458557875321.045,7332830.370206775,6.752358672201867e-10,0,0,1,0.0,0.0,0
51,245000000.0,0,1525000.0,2725306.743656365,0,10.022679636493928,52.31061598951507,0,0.0,559883.1366326261,104585578753.21045,190625.0,10458557875321.045,7332830.370206775,6.752358672201867e-10,0,0,1,0.0,0.0,0
52,245000000.0,0,1534375.0,2736903.9130859473,0,10.198503167100249,53.30261336806969,0,0.0,559883.1366326261,104585578753.21045,190625.0,10458557875321.045,7332830.370206775,6.752358672201867e-10,0,0,1,0.0,0.0,0
53,245000000.0,0,1534375.0,2748399.2436420647,0,5.558155642997173,54.30261336806969,0,0.0,559882.7814841026,104585443352.96202,190625.0,10458544335296.201,7332831.790800869,8.137054363643929e-10,0,0,1,0.0,0.0,0
54,245000000.0,0,1543750.0,2759796.091808251,0,5.643313594154685,55.29470788153423,0,0.0,559882.7814841026,104585443352.96202,190625.0,10458544335296.201,7332831.790800869,8.137054363643929e-10,0,0,1,0.0,0.0,0
55,245000000.0,0,1543750.0,2771097.740330838,0,5.730440255802557,56.29470788153423,0,0.0,559882.7814841026,104585443352.96202,190625.0,10458544335296.201,7332831.790800869,8.137054363643929e-10,0,0,1,0.0,0.0,0
56,245000000.0,0,1553125.0,2782307.3625312787,0,5.8158233588890065,57.28689777205823,0,0.0,559882.7814841026,104585443352.96202,190625.0,10458544335296.201,7332831.790800869,8.137054363643929e-10,0,0,1,0.0,0.0,0
57,245000000.0,0,1553125.0,2793428.0259536435,0,5.903135211101188,58.28689777205823,0,0.0,559882.7814841026,104585443352.96202,190625.0,10458544335296.201,7332831.790800869,8.137054363643929e-10,0,0,1,0.0,0.0,0
58,245000000.0,0,1562500.0,2804462.6958905356,0,5.988727088127991,59.27918132395267,0,0.0,559882.7814841026,104585443352.96202,190625.0,10458544335296.201,7332831.790800869,8.137054363643929e-10,0,0,1,0.0,0.0,0
59,245000000.0,0,1562500.0,2815414.238791472,0,6.076209664926935,60.27918132395267,0,0.0,559882.7814841026,104585443352.96202,190625.0,10458544335296.201,7332831.790800869,8.137054363643929e-10,0,0,1,0.0,0.0,0
60,245000000.0,0,1571875.0,2826285.425557649,0,6.161995661608494,61.27155686243344,0,0.0,559882.7814841026,104585443352.96202,190625.0,10458544335296.201,7332831.790800869,8.137054363643929e-10,0,0,1,0.0,0.0,0
61,245000000.0,0,1571875.0,2837078.934726894,0,6.249636044309119,62.27155686243344,0,0.0,559882.7814841026,104585443352.96202,190625.0,10458544335296.201,7332831.790800869,8.137054363643929e-10,0,0,1,0.0,0.0,0
62,245000000.0,0,1581250.0,2847734.032452559,0,6.335614269955607,63.264022752409545,0,0.0,559882.7814841026,104585443352.96202,190625.0,10458544335296.201,7332831.790800869,8.137054363643929e-10,0,0,1,0.0,0.0,0
63,245000000.0,0,1581250.0,2856869.5828894353,0,6.423664737260089,64.26402275240955,0,0.0,559882.7814841026,104585443352.96202,190625.0,10458544335296.201,7332831.790800869,8.137054363643929e-10,0,0,1,0.0,0.0,0
64,245000000.0,0,1590625.0,2866789.3404779024,0,6.691669465140691,65.25657739731406,0,0.0,559882.7814841026,104585443352.96202,190625.0,10458544335296.201,7375105.814235625,9.082928853487715e-10,0,0,1,0.0,0.0,0
65,245000000.0,0,1590625.0,2876620.8465777654,0,6.597827304278675,66.25657739731406,0,0.0,559882.7814841026,104585443352.96202,190625.0,10458544335296.201,7375347.420269085,1.761597867577791e-09,0,0,1,0.0,0.0,0
66,245000000.0,0,1600000.0,2886362.1772282487,0,6.684178769336702,67.24921923797626,0,0.0,559882.7814841026,104585443352.96202,190625.0,10458544335296.201,7375347.420269085,1.761597867577791e-09,0,0,1,0.0,0.0,0
67,245000000.0,0,1600000.0,2896016.3382776645,0,6.772287920583103,68.24921923797626,0,0.0,559882.7814841026,104585443352.96202,190625.0,10458544335296.201,7375347.420269085,1.761597867577791e-09,0,0,1,0.0,0.0,0
68,245000000.0,0,1609375.0,2905586.235379381,0,6.858794228344098,69.24194675153302,0,0.0,559882.7814841026,104585443352.96202,190625.0,10458544335296.201,7375347.420269085,1.761597867577791e-09,0,0,1,0.0,0.0,0
69,245000000.0,0,1609375.0,2916267.50625073,0,6.946805734718361,70.24194675153302,0,0.0,559882.7814841026,104585443352.96202,190625.0,10458544335296.201,7432603.208384597,2.1995124610540984e-09,0,0,1,0.0,0.0,0
70,245000000.0,0,1618750.0,2926871.4767309697,0,7.0332465493318805,71.23475845037814,0,0.0,559882.7814841026,104585443352.96202,190625.0,10458544335296.201,7432672.308545466,1.8389262335105627e-09,0,0,1,0.0,0.0,0
71,245000000.0,0,1618750.0,2937399.3318993417,0,7.121394275458999,72.23475845037814,0,0.0,559882.7814841026,104585443352.96202,190625.0,10458544335296.201,7432672.308545466,1.8389262335105627e-09,0,0,1,0.0,0.0,0
72,245000000.0,0,1628125.0,2947853.608932909,0,7.207991386449544,73.22765288114786,0,0.0,559882.7814841026,104585443352.96202,190625.0,10458544335296.201,7432672.308545466,1.8389262335105627e-09,0,0,1,0.0,0.0,0
73,245000000.0,0,1628125.0,2958236.7604361647,0,7.296265486870235,74.22765288114786,0,0.0,559882.7814841026,104585443352.96202,190625.0,10458544335296.201,7432672.308545466,1.8389262335105627e-09,0,0,1,0.0,0.0,0
74,245000000.0,0,1637500.0,2968551.1572601194,0,7.383008684849654,75.22062862374122,0,0.0,559882.7814841026,104585443352.96202,190625.0,10458544335296.201,7432672.308545466,1.8389262335105627e-09,0,0,1,0.0,0.0,0
75,245000000.0,0,1637500.0,2978799.091227416,0,7.471400121393219,76.22062862374122,0,0.0,559882.7814841026,104585443352.96202,190625.0,10458544335296.201,7432672.308545466,1.8389262335105627e-09,0,0,1,0.0,0.0,0
76,245000000.0,0,1646875.0,2989959.5492536193,0,7.558112920399426,77.21368429037396,0,0.0,559882.7814841026,104585443352.96202,190625.0,10458544335296.201,7479557.3399219075,2.013549216250965e-09,0,0,1,0.0,0.0,0
77,245000000.0,0,1646875.0,3002659.1690701307,0,7.645710704171055,78.21368429037396,0,0.0,559882.7814841026,104585443352.96202,190625.0,10458544335296.201,7537202.59203503,2.2373559671606813e-09,0,0,1,0.0,0.0,0
78,245000000.0,0,1656250.0,3015298.753234382,0,7.731844117622909,79.20681852466436,0,0.0,559882.7814841026,104585443352.96202,190625.0,10458544335296.201,7537202.59203503,2.2373559671606813e-09,0,0,1,0.0,0.0,0
79,245000000.0,0,1656250.0,3027880.3030914906,0,7.819598078576041,80.20681852466436,0,0.0,559882.7814841026,104585443352.96202,190625.0,10458544335296.201,7537202.597676553,2.0991127724911962e-09,0,0,1,0.0,0.0,0
80,245000000.0,0,1665625.0,3040405.7529668757,0,7.905904371616583,81.20003000075002,0,0.0,559882.7814841026,104585443352.96202,190625.0,10458544335296.201,7537202.597676553,1.8662821288373266e-09,0,0,1,0.0,0.0,0
81,245000000.0,0,1665625.0,3052876.9728599284,0,7.9938033452487085,82.20003000075002,0,0.0,559882.7814841026,104585443352.96202,190625.0,10458544335296.201,7537202.597676553,1.8662821288373266e-09,0,0,1,0.0,0.0,0
82,245000000.0,0,1675000.0,3065295.7704367265,0,8.080271322152525,83.19331742243436,0,0.0,559882.7814841026,104585443352.96202,190625.0,10458544335296.201,7537202.597676553,1.8662821288373266e-09,0,0,1,0.0,0.0,0
83,245000000.0,0,1675000.0,3077663.8931078115,0,8.16830521679497,84.19331742243436,0,0.0,559882.7814841026,104585443352.96202,190625.0,10458544335296.201,7537202.597676553,1.8662821288373266e-09,0,0,1,0.0,0.0,0
84,245000000.0,0,1684375.0,3089983.0300367074,0,8.254924711042218,85.18667952236149,0,0.0,559882.7814841026,104585443352.96202,190625.0,10458544335296.201,7537202.597676553,2.331943416145066e-09,0,0,1,0.0,0.0,0
85,245000000.0,0,1684375.0,3102254.8140814872,0,8.343084377327,86.18667952236149,0,0.0,559882.7814841026,104585443352.96202,190625.0,10458544335296.201,7537202.597676553,1.8662821288373266e-09,0,0,1,0.0,0.0,0
86,245000000.0,0,1693750.0,3114480.8236716217,0,8.42984612974761,87.18011506121847,0,0.0,559882.7814841026,104585443352.96202,190625.0,10458544335296.201,7537202.597676553,1.8662821288373266e-09,0,0,1,0.0,0.0,0
87,245000000.0,0,1693750.0,3126662.7194889626,0,8.518123202304933,88.18011506121847,0,0.0,559881.163083737,104584865155.71396,190625.0,10458486515571.396,7537209.071278015,2.3101155433025156e-09,0,0,1,0.0,0.0,0
88,245000000.0,0,1703125.0,3138801.8416214623,0,8.605018711389311,89.17362282696398,0,0.0,559881.163083737,104584865155.71396,190625.0,10458486515571.396,7537209.071278015,2.3101155433025156e-09,0,0,1,0.0,0.0,0
89,245000000.0,0,1703125.0,3150899.6158586154,0,8.69340565649827,90.17362282696398,0,0.0,559881.163083737,104584865155.71396,190625.0,10458486515571.396,7537209.071278015,2.3101155433025156e-09,0,0,1,0.0,0.0,0
90,245000000.0,0,1712500.0,3162957.420463601,0,8.780427227602196,91.16720163408229,0,0.0,559881.163083737,104584865155.71396,190625.0,10458486515571.396,7537209.071278015,2.3101155433025156e-09,0,0,1,0.0,0.0,0
91,245000000.0,0,1712500.0,3174976.5877574896,0,8.86891711585213,92.16720163408229,0,0.0,559881.163083737,104584865155.71396,190625.0,10458486515571.396,7537209.071278015,2.3101155433025156e-09,0,0,1,0.0,0.0,0
92,245000000.0,0,1718750.0,3186958.4056506534,0,8.95605764205025,93.16085032286149,0,0.0,559881.163083737,104584865155.71396,190625.0,10458486515571.396,7537209.071278015,2.3101155433025156e-09,0,0,1,0.0,0.0,0
93,245000000.0,0,1718750.0,3198904.1191231143,0,9.044644126550065,94.16085032286149,0,0.0,559881.163083737,104584865155.71396,190625.0,10458486515571.396,7537209.071278015,2.3101155433025156e-09,0,0,1,0.0,0.0,0
94,245000000.0,0,1718750.0,3210814.9316555643,0,9.131897069721338,95.15456775869534,0,0.0,559881.163083737,104584865155.71396,190625.0,10458486515571.396,7537209.071278015,2.3101155433025156e-09,0,0,1,0.0,0.0,0
95,245000000.0,0,1718750.0,3223183.6188897,0,9.220420332301318,96.15456775869534,0,0.0,553981.8157593674,102512048716.30438,190625.0,10251204871630.438,7560806.460575494,2.1063887301053796e-09,0,0,1,0.0,0.0,0
96,245000000.0,0,1718750.0,3236343.195537417,0,9.307485615170759,97.14835283140745,0,0.0,550184.3095268838,101214566778.74384,190625.0,10121456677874.383,7600334.575923371,1.5170361633565221e-09,0,0,1,0.0,0.0,0
97,245000000.0,0,1718750.0,3249621.633679228,0,9.39594771945013,98.14835283140745,0,0.0,550184.3095268838,101214566778.74384,190625.0,10121456677874.383,7607553.17035265,2.9431238557364736e-09,0,0,1,0.0,0.0,0
98,245000000.0,0,1718750.0,3262869.596794183,0,9.483122447897676,99.14220445459738,0,0.0,550184.3095268838,101214566778.74384,190625.0,10121456677874.383,7607553.17035265,2.9431238557364736e-09,0,0,1,0.0,0.0,0
99,245000000.0,0,1718750.0,3276088.1007165117,0,9.571684411560302,100.14220445459738,0,0.0,550184.3095268838,101214566778.74384,190625.0,10121456677874.383,7607553.17035265,2.9431238557364736e-09,0,0,1,0.0,0.0,0
100,245000000.0,0,1718750.0,3289278.1274193013,0,9.658976368871153,101.13612156500746,0,0.0,550184.3095268838,101214566778.74384,190625.0,10121456677874.383,7607553.17035265,2.9431238557364736e-09,0,0,1,0.0,0.0,0
101,245000000.0,0,1718750.0,3302440.626143204,0,9.747632070418947,102.13612156500746,0,0.0,550184.3095268838,101214566778.74384,190625.0,10121456677874.383,7607553.17035265,2.9431238557364736e-09,0,0,1,0.0,0.0,0
102,245000000.0,0,1718750.0,3315576.514487515,0,9.835034717835496,103.13010312190987,0,0.0,550184.3095268838,101214566778.74384,190625.0,10121456677874.383,7607553.17035265,2.9431238557364736e-09,0,0,1,0.0,0.0,0
103,245000000.0,0,1718750.0,3328686.6794648883,0,9.92377853546047,104.13010312190987,0,0.0,550184.3095268838,101214566778.74384,190625.0,10121456677874.383,7607553.17035265,2.9431238557364736e-09,0,0,1,0.0,0.0,0
104,245000000.0,0,1718750.0,3344771.8169346163,0,10.010162679537082,105.12414810651303,0,0.0,531258.0477551925,94357146306.20497,190625.0,9435714630620.498,7726310.398516066,1.946091288118623e-09,0,0,1,0.0,0.0,0
105,245000000.0,0,1718750.0,3360832.917347017,0,10.097891714750654,106.12414810651303,0,0.0,531258.0477551925,94357146306.20497,190625.0,9435714630620.498,7726310.398516066,1.7132606444647536e-09,0,0,1,0.0,0.0,0
106,245000000.0,0,1718750.0,3376870.781937335,0,10.184456506549752,107.11825552138664,0,0.0,531258.0477551925,94357146306.20497,190625.0,9435714630620.498,7726310.398516066,1.7132606444647536e-09,0,0,1,0.0,0.0,0
107,245000000.0,0,1718750.0,3392886.1852329723,0,10.272321869869701,108.11825552138664,0,0.0,531258.0477551925,94357146306.20497,190625.0,9435714630620.498,7726310.398516066,1.7132606444647536e-09,0,0,1,0.0,0.0,0
108,245000000.0,0,1718750.0,3408879.875943749,0,10.359055535206599,109.11242438990475,0,0.0,531258.0477551925,94357146306.20497,190625.0,9435714630620.498,7726310.398516066,1.7132606444647536e-09,0,0,1,0.0,0.0,0
109,245000000.0,0,1718750.0,3424852.5778224976,0,10.447048311877834,110.11242438990475,0,0.0,531258.0477551925,94357146306.20497,190625.0,9435714630620.498,7726310.398516066,1.7132606444647536e-09,0,0,1,0.0,0.0,0
110,245000000.0,0,1718750.0,3440804.9904969516,0,10.533940125087875,111.10665375570619,0,0.0,531258.0477551925,94357146306.20497,190625.0,9435714630620.498,7726310.398516066,1.7132606444647536e-09,0,0,1,0.0,0.0,0
111,245000000.0,0,1718750.0,3456737.7902739206,0,10.622052184335367,112.10665375570619,0,0.0,531258.0477551925,94357146306.20497,190625.0,9435714630620.498,7726310.398516066,1.7132606444647536e-09,0,0,1,0.0,0.0,0
112,245000000.0,0,1718750.0,3472651.630916652,0,10.709092350598267,113.1009426821716,0,0.0,531258.0477551925,94357146306.20497,190625.0,9435714630620.498,7726310.398516066,1.7132606444647536e-09,0,0,1,0.0,0.0,0
113,245000000.0,0,1718750.0,3488547.1443962893,0,10.79731625882093,114.1009426821716,0,0.0,531258.0477551925,94357146306.20497,190625.0,9435714630620.498,7726310.398516066,1.7132606444647536e-09,0,0,1,0.0,0.0,0
114,245000000.0,0,1718750.0,3504424.9416182693,0,10.884495812354603,115.09529025191677,0,0.0,531258.0477551925,94357146306.20497,190625.0,9435714630620.498,7726310.398516066,1.7132606444647536e-09,0,0,1,0.0,0.0,0
115,245000000.0,0,1718750.0,3520285.613124513,0,10.972824757899941,116.09529025191677,0,0.0,531258.0477551925,94357146306.20497,190625.0,9435714630620.498,7726310.398516066,1.7132606444647536e-09,0,0,1,0.0,0.0,0
116,245000000.0,0,1718750.0,3536129.729772212,0,11.060135473538127,117.08969556630116,0,0.0,531258.0477551925,94357146306.20497,190625.0,9435714630620.498,7726310.398516066,1.7132606444647536e-09,0,0,1,0.0,0.0,0
117,245000000.0,0,1718750.0,3551957.843389983,0,11.148563201258064,118.08969556630116,0,0.0,531258.0477551925,94357146306.20497,190625.0,9435714630620.498,7726310.398516066,1.7132606444647536e-09,0,0,1,0.0,0.0,0
118,245000000.0,0,1718750.0,3567770.487412158,0,11.235997517366961,119.0841577449519,0,0.0,531258.0477551925,94357146306.20497,190625.0,9435714630620.498,7726310.398516066,1.7132606444647536e-09,0,0,1,0.0,0.0,0
119,245000000.0,0,1718750.0,3583568.1774919247,0,11.324518271472611,120.0841577449519,0,0.0,531258.0477551925,94357146306.20497,190625.0,9435714630620.498,7726310.398516066,1.7132606444647536e-09,0,0,1,0.0,0.0,0
120,245000000.0,0,1718750.0,3599351.4120940287,0,11.412069222515633,121.0786759253017,0,0.0,531258.0477551925,94357146306.20497,190625.0,9435714630620.498,7726310.398516066,1.7132606444647536e-09,0,0,1,0.0,0.0,0
121,245000000.0,0,1718750.0,3615120.6730677253,0,11.500677696503764,122.0786759253017,0,0.0,531258.0477551925,94357146306.20497,190625.0,9435714630620.498,7726310.398516066,1.7132606444647536e-09,0,0,1,0.0,0.0,0
122,245000000.0,0,1718750.0,3630876.5408580624,0,11.588338816519327,123.07324926214113,0,0.0,531257.0158382765,94356791950.33792,190625.0,9435679195033.793,7726314.526183731,2.178921931772493e-09,0,0,1,0.0,0.0,0
123,245000000.0,0,1718750.0,3646619.351068968,0,11.677030073064293,124.07324926214113,0,0.0,531257.0158382765,94356791950.33792,190625.0,9435679195033.793,7726314.526183731,2.178921931772493e-09,0,0,1,0.0,0.0,0
124,245000000.0,0,1718750.0,3662349.5389530873,0,11.764795458863086,125.06787692718414,0,0.0,531257.0158382765,94356791950.33792,190625.0,9435679195033.793,7726314.526183731,2.178921931772493e-09,0,0,1,0.0,0.0,0
125,245000000.0,0,1718750.0,3678067.5252546463,0,11.853565001866185,126.06787692718414,0,0.0,531257.0158382765,94356791950.33792,190625.0,9435679195033.793,7726314.526183731,2.178921931772493e-09,0,0,1,0.0,0.0,0
126,245000000.0,0,1718750.0,3694141.8190455143,0,11.941412098848959,127.06255810864657,0,0.0,531257.0158382765,94356791950.33792,190625.0,9435679195033.793,7743983.439101347,1.82626536116004e-09,0,0,1,0.0,0.0,0
127,245000000.0,0,1718750.0,3710850.8947633184,0,12.030123385574598,128.06255810864656,0,0.0,523502.812302624,91797012074.56961,190625.0,9179701207456.96,7775000.253243957,2.317392500117421e-09,0,0,1,0.0,0.0,0
128,245000000.0,0,1718750.0,3727548.948836786,0,12.117953849906748,129.05729201083724,0,0.0,523502.812302624,91797012074.56961,190625.0,9179701207456.96,7775000.253243957,2.317392500117421e-09,0,0,1,0.0,0.0,0
129,245000000.0,0,1718750.0,3744236.3486540634,0,12.206743349743244,130.05729201083724,0,0.0,523502.812302624,91797012074.56961,190625.0,9179701207456.96,7775000.253243957,2.317392500117421e-09,0,0,1,0.0,0.0,0
130,245000000.0,0,1718750.0,3760913.449357022,0,12.294671578942587,131.05207785376118,0,0.0,523502.812302624,91797012074.56961,190625.0,9179701207456.96,7775000.253243957,2.317392500117421e-09,0,0,1,0.0,0.0,0
131,245000000.0,0,1718750.0,3777580.594249476,0,12.38353509449715,132.05207785376118,0,0.0,523502.812302624,91797012074.56961,190625.0,9179701207456.96,7775000.253243957,2.317392500117421e-09,0,0,1,0.0,0.0,0
132,245000000.0,0,1718750.0,3794238.1151917726,0,12.471556015174327,133.04691487273442,0,0.0,523502.812302624,91797012074.56961,190625.0,9179701207456.96,7775000.253243957,2.153683453798294e-09,0,0,1,0.0,0.0,0
133,245000000.0,0,1718750.0,3811825.0612609033,0,12.560453801111514,134.04691487273442,0,0.0,523502.812302624,91797012074.56961,190625.0,9179701207456.96,7820059.210619299,2.5029294192790985e-09,0,0,1,0.0,0.0,0
134,245000000.0,0,1718750.0,3829403.0142832748,0,12.648528402641823,135.04180231801016,0,0.0,523502.812302624,91797012074.56961,190625.0,9179701207456.96,7820059.210619299,2.5029294192790985e-09,0,0,1,0.0,0.0,0
135,245000000.0,0,1718750.0,3846972.2740271166,0,12.737495708185039,136.04180231801016,0,0.0,523502.812302624,91797012074.56961,190625.0,9179701207456.96,7820059.210619299,2.5029294192790985e-09,0,0,1,0.0,0.0,0
136,245000000.0,0,1718750.0,3864533.130268376,0,12.825656778848922,137.03673945441585,0,0.0,523502.812302624,91797012074.56961,190625.0,9179701207456.96,7820059.210619299,2.9685907065868378e-09,0,0,1,0.0,0.0,0
137,245000000.0,0,1718750.0,3882087.3552692565,0,12.914689891544986,138.03673945441585,0,0.0,523502.812302624,91797012074.56961,190625.0,9179701207456.96,7820130.833600897,2.153683453798294e-09,0,0,1,0.0,0.0,0
138,245000000.0,0,1718750.0,3901365.5365202106,0,13.002868366447721,139.03172556100077,0,0.0,523502.812302624,91797012074.56961,190625.0,9179701207456.96,7903257.658706823,1.6807462088763714e-09,0,0,1,0.0,0.0,0
139,245000000.0,0,1718750.0,3920636.126918407,0,13.09190121484694,140.03172556100077,0,0.0,523502.812302624,91797012074.56961,190625.0,9179701207456.96,7903257.658706823,2.9613147489726543e-09,0,0,1,0.0,0.0,0
140,245000000.0,0,1718750.0,3939899.37949227,0,13.180161543183418,141.02675993069371,0,0.0,523502.812302624,91797012074.56961,190625.0,9179701207456.96,7903257.658706823,2.9613147489726543e-09,0,0,1,0.0,0.0,0
141,245000000.0,0,1718750.0,3959155.538835945,0,13.269257354547051,142.02675993069371,0,0.0,523502.812302624,91797012074.56961,190625.0,9179701207456.96,7903257.658706823,3.892637323588133e-09,0,0,1,0.0,0.0,0
142,245000000.0,0,1718750.0,3978404.8413904393,0,13.357595503595077,143.02184186997061,0,0.0,523502.812302624,91797012074.56961,190625.0,9179701207456.96,7903257.658706823,2.9613147489726543e-09,0,0,1,0.0,0.0,0
143,245000000.0,0,1718750.0,3997647.5157153904,0,13.446751085641939,144.02184186997061,0,0.0,523502.812302624,91797012074.56961,190625.0,9179701207456.96,7903257.658706823,3.4378899727016687e-09,0,0,1,0.0,0.0,0
144,245000000.0,0,1718750.0,4016883.7827517847,0,13.53516329377061,145.01697069853174,0,0.0,523502.812302624,91797012074.56961,190625.0,9179701207456.96,7903257.658706823,3.4378899727016687e-09,0,0,1,0.0,0.0,0
145,245000000.0,0,1718750.0,4036113.856075907,0,13.624375669452867,146.01697069853174,0,0.0,523502.812302624,91797012074.56961,190625.0,9179701207456.96,7903257.658706823,3.4378899727016687e-09,0,0,1,0.0,0.0,0
146,245000000.0,0,1718750.0,4055337.9421448335,0,13.712858423286775,147.01214574898785,0,0.0,523502.812302624,91797012074.56961,190625.0,9179701207456.96,7903257.658706823,3.4378899727016687e-09,0,0,1,0.0,0.0,0
147,245000000.0,0,1718750.0,4074556.240533735,0,13.802124812717791,148.01214574898785,0,0.0,523502.812302624,91797012074.56961,190625.0,9179701207456.96,7903257.658706823,3.4378899727016687e-09,0,0,1,0.0,0.0,0
148,245000000.0,0,1718750.0,4093768.94416528,0,13.890674826607203,149.00736636655543,0,0.0,523502.812302624,91797012074.56961,190625.0,9179701207456.96,7903257.658706823,3.2741809263825417e-09,0,0,1,0.0,0.0,0
149,245000000.0,0,1718750.0,4112976.239531383,0,13.979992630808288,150.00736636655543,0,0.0,523502.812302624,91797012074.56961,190625.0,9179701207456.96,7903257.658706823,3.2741809263825417e-09,0,0,1,0.0,0.0,0
150,245000000.0,0,1718750.0,4132295.594988591,0,14.068603721123294,151.0026319087605,0,0.0,523502.812302624,91797012074.56961,190625.0,9179701207456.96,7908887.48659651,2.2264430299401283e-09,0,0,1,0.0,0.0,0
151,245000000.0,0,1718750.0,4151609.8967222,0,14.157967520984032,152.0026319087605,0,0.0,523502.812302624,91797012074.56961,190625.0,9179701207456.96,7908887.48659651,2.2264430299401283e-09,0,0,1,0.0,0.0,0
152,245000000.0,0,1718750.0,4170919.3131896653,0,14.24664014745526,152.99794174515063,0,0.0,523502.812302624,91797012074.56961,190625.0,9179701207456.96,7908887.48659651,2.2264430299401283e-09,0,0,1,0.0,0.0,0
153,245000000.0,0,1718750.0,4190224.007233191,0,14.336050875882375,153.99794174515063,0,0.0,523502.812302624,91797012074.56961,190625.0,9179701207456.96,7908887.48659651,2.2264430299401283e-09,0,0,1,0.0,0.0,0
154,245000000.0,0,1718750.0,4209524.136266907,0,14.424782312173448,154.99329525701515,0,0.0,523502.812302624,91797012074.56961,190625.0,9179701207456.96,7908887.48659651,2.2264430299401283e-09,0,0,1,0.0,0.0,0
155,245000000.0,0,1718750.0,4228819.852457808,0,14.514237811659633,155.99329525701515,0,0.0,523502.812302624,91797012074.56961,190625.0,9179701207456.96,7908887.48659651,2.2264430299401283e-09,0,0,1,0.0,0.0,0
156,245000000.0,0,1718750.0,4248111.302900653,0,14.603025497135594,156.988691837113,0,0.0,523502.812302624,91797012074.56961,190625.0,9179701207456.96,7908887.48659651,2.2264430299401283e-09,0,0,1,0.0,0.0,0
157,245000000.0,0,1718750.0,4267398.629954929,0,14.692523742199636,157.988691837113,0,0.0,523502.812302624,91797012074.56961,190625.0,9179701207456.96,7908887.492640264,2.2773747332394123e-09,0,0,1,0.0,0.0,0
158,245000000.0,0,1718750.0,4286681.970904633,0,14.78136526926604,158.98413088940828,0,0.0,523502.812302624,91797012074.56961,190625.0,9179701207456.96,7908887.492640264,2.2773747332394123e-09,0,0,1,0.0,0.0,0
159,245000000.0,0,1718750.0,4305961.458619918,0,14.870904356468982,159.98413088940828,0,0.0,523502.812302624,91797012074.56961,190625.0,9179701207456.96,7908887.492640264,2.2773747332394123e-09,0,0,1,0.0,0.0,0
160,245000000.0,0,1718750.0,4325237.221541933,0,14.959797459159535,160.97961182881284,0,0.0,523502.812302624,91797012074.56961,190625.0,9179701207456.96,7908887.492640264,2.2773747332394123e-09,0,0,1,0.0,0.0,0
161,245000000.0,0,1718750.0,4343343.300386321,0,15.049465755314724,161.97961182881284,0,0.0,523502.812302624,91797012074.56961,190625.0,9179701207456.96,7908887.492640264,2.2773747332394123e-09,0,0,1,0.0,0.0,0
162,245000000.0,0,1718750.0,4360756.796722874,0,15.138549957862184,162.97513408093613,0,0.0,523502.812302624,91797012074.56961,190625.0,9179701207456.96,7908907.14629749,2.3501343093812466e-09,0,0,1,0.0,0.0,0
163,245000000.0,0,1718750.0,4378165.701990251,0,15.22830511344098,163.97513408093613,0,0.0,523502.812302624,91797012074.56961,190625.0,9179701207456.96,7908907.14629749,2.3501343093812466e-09,0,0,1,0.0,0.0,0
164,245000000.0,0,1718750.0,4395570.686875179,0,15.317432720634018,164.9706970818419,0,0.0,523496.60048958514,91795009667.376,190625.0,9179500966737.602,7908931.993549646,3.601599019020796e-09,0,0,1,0.0,0.0,0
165,245000000.0,0,1718750.0,4412971.381661024,0,15.407219714422537,165.9706970818419,0,0.0,523496.60048958514,91795009667.376,190625.0,9179500966737.602,7908931.993549646,3.601599019020796e-09,0,0,1,0.0,0.0,0
166,245000000.0,0,1718750.0,4430367.929351088,0,15.496389043389534,166.96630027781134,0,0.0,523496.60048958514,91795009667.376,190625.0,9179500966737.602,7908931.993549646,3.601599019020796e-09,0,0,1,0.0,0.0,0
167,245000000.0,0,1718750.0,4448082.989590611,0,15.586197593038579,167.96630027781134,0,0.0,523496.60048958514,91795009667.376,190625.0,9179500966737.602,7924413.021168131,3.081368049606681e-09,0,0,1,0.0,0.0,0
168,245000000.0,0,1718750.0,4465794.174599523,0,15.67539821171441,168.96194312511273,0,0.0,523496.60048958514,91795009667.376,190625.0,9179500966737.602,7924413.021168131,3.081368049606681e-09,0,0,1,0.0,0.0,0
169,245000000.0,0,1718750.0,4483501.614755787,0,15.765236446951468,169.96194312511273,0,0.0,523496.60048958514,91795009667.376,190625.0,9179500966737.602,7924413.107828266,3.838067641481757e-09,0,0,1,0.0,0.0,0
170,245000000.0,0,1718750.0,4501205.4337243335,0,15.854475986222496,170.95762508977737,0,0.0,523496.60048958514,91795009667.376,190625.0,9179500966737.602,7924413.107828266,3.838067641481757e-09,0,0,1,0.0,0.0,0
171,245000000.0,0,1718750.0,4518905.752211419,0,15.944342692741497,171.95762508977737,0,0.0,523496.60048958514,91795009667.376,190625.0,9179500966737.602,7924413.107828266,3.838067641481757e-09,0,0,1,0.0,0.0,0
172,245000000.0,0,1718750.0,4536602.686899758,0,16.033619665811024,172.95334564738127,0,0.0,523496.60048958514,91795009667.376,190625.0,9179500966737.602,7924413.107828266,3.838067641481757e-09,0,0,1,0.0,0.0,0
173,245000000.0,0,1718750.0,4554296.350582644,0,16.123513695413347,173.95334564738127,0,0.0,523496.60048958514,91795009667.376,190625.0,9179500966737.602,7924413.107828266,3.838067641481757e-09,0,0,1,0.0,0.0,0
174,245000000.0,0,1718750.0,4571499.187461997,0,16.212864382475132,174.94910428283308,0,0.0,523496.60048958514,91795009667.376,190625.0,9179500966737.602,7924413.107828266,3.838067641481757e-09,0,0,1,0.0,0.0,0
175,245000000.0,0,1718750.0,4587763.034795458,0,16.302893824596094,175.94910428283308,0,0.0,523496.60048958514,91795009667.376,190625.0,9179500966737.602,7924413.107828266,3.838067641481757e-09,0,0,1,0.0,0.0,0
176,245000000.0,0,1718750.0,4604256.255754527,0,16.392349509915746,176.94490049016713,0,0.0,523496.60048958514,91795009667.376,190625.0,9179500966737.602,7941197.577912035,4.045432433485985e-09,0,0,1,0.0,0.0,0
177,245000000.0,0,1718750.0,4620289.042540595,0,16.482424412098233,177.94490049016713,0,0.0,523496.60048958514,91795009667.376,190625.0,9179500966737.602,7941197.577912035,4.045432433485985e-09,0,0,1,0.0,0.0,0
178,245000000.0,0,1718750.0,4634295.550254651,0,16.572032718335365,178.94073377234244,0,0.0,523496.60048958514,91795009667.376,190625.0,9179500966737.602,7941197.577912035,4.045432433485985e-09,0,0,1,0.0,0.0,0
179,245000000.0,0,1718750.0,4648759.361161511,0,16.662226639416176,179.94073377234244,0,0.0,523496.60048958514,91795009667.376,190625.0,9179500966737.602,7974431.147005568,3.3905962482094765e-09,0,0,1,0.0,0.0,0
180,245000000.0,0,1718750.0,4664487.458998515,0,16.751763322898782,180.93660364104664,0,0.0,508275.57712154806,87120215189.09079,190625.0,8712021518909.079,8035315.240477717,2.459273673593998e-09,0,0,1,0.0,0.0,0
181,245000000.0,0,1718750.0,4680211.568754454,0,16.841879525029086,181.93660364104664,0,0.0,508275.57712154806,87120215189.09079,190625.0,8712021518909.079,8035315.452157691,2.546585164964199e-09,0,0,1,0.0,0.0,0
182,245000000.0,0,1718750.0,4695931.817681366,0,16.931447938777527,182.93250961650543,0,0.0,508275.57712154806,87120215189.09079,190625.0,8712021518909.079,8035315.452157691,2.546585164964199e-09,0,0,1,0.0,0.0,0
183,245000000.0,0,1718750.0,4711648.334473547,0,17.021586477857994,183.93250961650543,0,0.0,508275.57712154806,87120215189.09079,190625.0,8712021518909.079,8035315.452157691,2.546585164964199e-09,0,0,1,0.0,0.0,0
184,245000000.0,0,1718750.0,4727361.243535493,0,17.111185317404413,184.92845122729648,0,0.0,508275.57712154806,87120215189.09079,190625.0,8712021518909.079,8035315.452157691,2.546585164964199e-09,0,0,1,0.0,0.0,0
185,245000000.0,0,1718750.0,4743070.665124876,0,17.20134520961948,185.92845122729648,0,0.0,508275.57712154806,87120215189.09079,190625.0,8712021518909.079,8035315.452157691,2.546585164964199e-09,0,0,1,0.0,0.0,0
186,245000000.0,0,1718750.0,4758776.715490784,0,17.290973246763063,186.9244280101687,0,0.0,508275.57712154806,87120215189.09079,190625.0,8712021518909.079,8035315.452157691,2.546585164964199e-09,0,0,1,0.0,0.0,0
187,245000000.0,0,1718750.0,4774479.507007328,0,17.381153567332586,187.9244280101687,0,0.0,508275.57712154806,87120215189.09079,190625.0,8712021518909.079,8035315.452157691,2.546585164964199e-09,0,0,1,0.0,0.0,0
188,245000000.0,0,1718750.0,4790179.148302823,0,17.470809644969027,188.92043950986596,0,0.0,508275.57712154806,87120215189.09079,190625.0,8712021518909.079,8035315.452157691,3.0122464522719383e-09,0,0,1,0.0,0.0,0
189,245000000.0,0,1718750.0,4805875.744384639,0,17.561009523673842,189.92043950986596,0,0.0,508275.57712154806,87120215189.09079,190625.0,8712021518909.079,8035315.452157691,2.546585164964199e-09,0,0,1,0.0,0.0,0
190,245000000.0,0,1718750.0,4821569.3967598975,0,17.650692550506296,190.9164852789552,0,0.0,508275.57712154806,87120215189.09079,190625.0,8712021518909.079,8035315.452157691,3.0122464522719383e-09,0,0,1,0.0,0.0,0
191,245000000.0,0,1718750.0,4837260.203552147,0,17.740911167623725,191.9164852789552,0,0.0,508275.57712154806,87120215189.09079,190625.0,8712021518909.079,8035315.452157691,2.546585164964199e-09,0,0,1,0.0,0.0,0
192,245000000.0,0,1718750.0,4852948.259614159,0,17.83062011335201,192.91256487765926,0,0.0,508275.57712154806,87120215189.09079,190625.0,8712021518909.079,8035315.452157691,2.546585164964199e-09,0,0,1,0.0,0.0,0
193,245000000.0,0,1718750.0,4868633.656636941,0,17.920856695957248,193.91256487765926,0,0.0,508275.57712154806,87120215189.09079,190625.0,8712021518909.079,8035315.452157691,2.1464074961841106e-09,0,0,1,0.0,0.0,0
194,245000000.0,0,1718750.0,4884316.483255132,0,18.010590586894295,194.90867787369376,0,0.0,508275.57712154806,87120215189.09079,190625.0,8712021518909.079,8035315.452157691,2.546585164964199e-09,0,0,1,0.0,0.0,0
195,245000000.0,0,1718750.0,4899996.825148885,0,18.100844405488967,195.90867787369376,0,0.0,508275.57712154806,87120215189.09079,190625.0,8712021518909.079,8035315.452157691,2.546585164964199e-09,0,0,1,0.0,0.0,0
196,245000000.0,0,1718750.0,4915323.216633185,0,18.19062286196945,196.90482384210824,0,0.0,512494.15923150943,88369442959.95013,190625.0,8836944295995.014,8018441.123717846,3.856257535517216e-09,0,0,1,0.0,0.0,0
197,245000000.0,0,1718750.0,4930647.28628054,0,18.28091320244262,197.90482384210824,0,0.0,512494.15923150943,88369442959.95013,190625.0,8836944295995.014,8018441.123717846,3.856257535517216e-09,0,0,1,0.0,0.0,0
198,245000000.0,0,1718750.0,4945969.111485513,0,18.37071351466755,198.9010023651312,0,0.0,512494.15923150943,88369442959.95013,190625.0,8836944295995.014,8018441.123717846,4.612957127392292e-09,0,0,1,0.0,0.0,0
199,245000000.0,0,1718750.0,4961288.767062849,0,18.461018613944052,199.9010023651312,0,0.0,512494.15923150943,88369442959.95013,190625.0,8836944295995.014,8018441.123717846,4.612957127392292e-09,0,0,1,0.0,0.0,0
200,245000000.0,0,1718750.0,4976607.255069259,0,18.55084004330465,200.8972130320193,0,0.0,512494.15923150943,88369442959.95013,190625.0,8836944295995.014,8018508.064694399,4.6566128730773926e-09,0,0,1,0.0,0.0,0
201,245000000.0,0,1718750.0,4991923.715679177,0,18.641159358803787,201.8972130320193,0,0.0,512494.15923150943,88369442959.95013,190625.0,8836944295995.014,8018508.064694399,4.6566128730773926e-09,0,0,1,0.0,0.0,0
202,245000000.0,0,1718750.0,5007238.216472488,0,18.73100120231462,202.89345543891,0,0.0,512494.15923150943,88369442959.95013,190625.0,8836944295995.014,8018508.064694399,4.6566128730773926e-09,0,0,1,0.0,0.0,0
203,245000000.0,0,1718750.0,5022550.822776412,0,18.82133421835511,203.89345543891,0,0.0,512494.15923150943,88369442959.95013,190625.0,8836944295995.014,8018508.064694399,4.6566128730773926e-09,0,0,1,0.0,0.0,0
204,245000000.0,0,1718750.0,5039642.106675191,0,18.911046105174105,204.8897291886782,0,0.0,512494.15923150943,88369442959.95013,190625.0,8836944295995.014,8085240.428708853,2.9322109185159206e-09,0,0,1,0.0,0.0,0
205,245000000.0,0,1718750.0,5056784.194576854,0,19.001241427734477,205.8897291886782,0,0.0,512020.9905498226,88207183229.95377,190625.0,8820718322995.377,8087133.1034356,3.0195224098861217e-09,0,0,1,0.0,0.0,0
206,245000000.0,0,1718750.0,5073924.571193267,0,19.090974926913706,206.8860338907963,0,0.0,512020.9905498226,88207183229.95377,190625.0,8820718322995.377,8087133.1034356,3.0195224098861217e-09,0,0,1,0.0,0.0,0
207,245000000.0,0,1718750.0,5091063.2935672775,0,19.181190241930196,207.8860338907963,0,0.0,512020.9905498226,88207183229.95377,190625.0,8820718322995.377,8087133.1034356,3.0195224098861217e-09,0,0,1,0.0,0.0,0
208,245000000.0,0,1718750.0,5108200.416840295,0,19.270949326742322,208.88236916119783,0,0.0,512020.9905498226,88207183229.95377,190625.0,8820718322995.377,8087133.1034356,3.0195224098861217e-09,0,0,1,0.0,0.0,0
209,245000000.0,0,1718750.0,5125335.994315688,0,19.36118379258508,209.88236916119783,0,0.0,512020.9905498226,88207183229.95377,190625.0,8820718322995.377,8087133.1034356,3.0195224098861217e-09,0,0,1,0.0,0.0,0
210,245000000.0,0,1718750.0,5142470.564675603,0,19.450967495619064,210.87873462214412,0,0.0,512020.9905498226,88207183229.95377,190625.0,8820718322995.377,8087168.178635963,5.5952114053070545e-09,0,0,1,0.0,0.0,0
211,245000000.0,0,1718750.0,5159603.690573514,0,19.5412203176507,211.87873462214412,0,0.0,512020.9905498226,88207183229.95377,190625.0,8820718322995.377,8087168.178635963,2.801243681460619e-09,0,0,1,0.0,0.0,0
212,245000000.0,0,1718750.0,5176735.420158157,0,19.63102772284303,212.87512990209484,0,0.0,512020.9905498226,88207183229.95377,190625.0,8820718322995.377,8087168.178635963,2.801243681460619e-09,0,0,1,0.0,0.0,0
213,245000000.0,0,1718750.0,5193865.799973304,0,19.72129815016783,213.87512990209484,0,0.0,512020.9905498226,88207183229.95377,190625.0,8820718322995.377,8087168.178635963,3.7325662560760975e-09,0,0,1,0.0,0.0,0
214,245000000.0,0,1718750.0,5210994.875011276,0,19.81112838935655,214.87155463558122,0,0.0,512020.9905498226,88207183229.95377,190625.0,8820718322995.377,8087168.178635963,3.7325662560760975e-09,0,0,1,0.0,0.0,0
215,245000000.0,0,1718750.0,5228122.688763569,0,19.90141571183724,215.87155463558122,0,0.0,512020.9905498226,88207183229.95377,190625.0,8820718322995.377,8087168.178558671,5.551555659621954e-09,0,0,1,0.0,0.0,0
216,245000000.0,0,1718750.0,5245249.283274075,0,19.991267961593294,216.8680084630825,0,0.0,512020.9905498226,88207183229.95377,190625.0,8820718322995.377,8087168.178558671,5.551555659621954e-09,0,0,1,0.0,0.0,0
217,245000000.0,0,1718750.0,5262413.185070518,0,20.081571507109842,217.8680084630825,0,0.0,512020.9905498226,88207183229.95377,190625.0,8820718322995.377,8089939.162374312,5.737092578783631e-09,0,0,1,0.0,0.0,0
218,245000000.0,0,1718750.0,5279575.947553249,0,20.171444985819665,218.86449103090555,0,0.0,512020.9905498226,88207183229.95377,190625.0,8820718322995.377,8089939.162374312,5.737092578783631e-09,0,0,1,0.0,0.0,0
219,245000000.0,0,1718750.0,5296737.608699392,0,20.261764117747347,219.86449103090555,0,0.0,512020.9905498226,88207183229.95377,190625.0,8820718322995.377,8089939.162374312,5.737092578783631e-09,0,0,1,0.0,0.0,0
220,245000000.0,0,1718750.0,5313898.205220165,0,20.351658082923663,220.8610019910671,0,0.0,512020.9905498226,88207183229.95377,190625.0,8820718322995.377,8089939.162374312,5.737092578783631e-09,0,0,1,0.0,0.0,0
221,245000000.0,0,1718750.0,5331901.097107602,0,20.44199219781007,221.8610019910671,0,0.0,512020.9905498226,88207183229.95377,190625.0,8820718322995.377,8150658.526699782,5.737092578783631e-09,0,0,1,0.0,0.0,0
222,245000000.0,0,1718750.0,5349902.994161776,0,20.531905943610038,222.85754100117913,0,0.0,512020.9905498226,88207183229.95377,190625.0,8820718322995.377,8150658.526699782,5.737092578783631e-09,0,0,1,0.0,0.0,0
223,245000000.0,0,1718750.0,5367903.929543802,0,20.622254469032896,223.85754100117913,0,0.0,512020.9905498226,88207183229.95377,190625.0,8820718322995.377,8150658.526699782,5.737092578783631e-09,0,0,1,0.0,0.0,0
224,245000000.0,0,1718750.0,5385903.93530941,0,20.712187323965125,224.85410772433673,0,0.0,512020.9905498226,88207183229.95377,190625.0,8820718322995.377,8150658.526699782,5.737092578783631e-09,0,0,1,0.0,0.0,0
225,245000000.0,0,1718750.0,5403903.041118295,0,20.802549716554573,225.85410772433673,0,0.0,512020.9905498226,88207183229.95377,190625.0,8820718322995.377,8150658.431118141,6.231857696548104e-09,0,0,1,0.0,0.0,0
226,245000000.0,0,1718750.0,5421901.278252285,0,20.892501041358194,226.85070182900893,0,0.0,512020.9905498226,88207183229.95377,190625.0,8820718322995.377,8150658.431118141,6.231857696548104e-09,0,0,1,0.0,0.0,0
227,245000000.0,0,1718750.0,5439898.752814997,0,20.982876784968944,227.85070182900893,0,0.0,512020.9905498226,88207183229.95377,190625.0,8820718322995.377,8150663.9857585365,5.184119800105691e-09,0,0,1,0.0,0.0,0
228,245000000.0,0,1718750.0,5457895.415649279,0,21.072845970649812,228.84732298893184,0,0.0,512020.9905498226,88207183229.95377,190625.0,8820718322995.377,8150663.9857585365,5.184119800105691e-09,0,0,1,0.0,0.0,0
229,245000000.0,0,1718750.0,5475891.293812746,0,21.163234574670014,229.84732298893184,0,0.0,512020.9905498226,88207183229.95377,190625.0,8820718322995.377,8150663.9857585365,5.184119800105691e-09,0,0,1,0.0,0.0,0
230,245000000.0,0,1718750.0,5493886.413461096,0,21.253221040680458,230.84397088300454,0,0.0,512020.9905498226,88207183229.95377,190625.0,8820718322995.377,8150663.9857585365,5.184119800105691e-09,0,0,1,0.0,0.0,0
231,245000000.0,0,1718750.0,5511880.805241542,0,21.34362203846545,231.84397088300454,0,0.0,512020.9905498226,88207183229.95377,190625.0,8820718322995.377,8150664.371922037,5.587935447692871e-09,0,0,1,0.0,0.0,0
232,245000000.0,0,1718750.0,5529874.488231748,0,21.433625231015437,232.8406451951873,0,0.0,512020.9905498226,88207183229.95377,190625.0,8820718322995.377,8150664.371922037,5.587935447692871e-09,0,0,1,0.0,0.0,0
233,245000000.0,0,1718750.0,5548009.887141798,0,21.5240381784357,233.8406451951873,0,0.0,512020.9905498226,88207183229.95377,190625.0,8820718322995.377,8160917.249951569,6.068148650228977e-09,0,0,1,0.0,0.0,0
234,245000000.0,0,1718750.0,5566144.623726746,0,21.61405756892431,234.83734561440235,0,0.0,512020.9905498226,88207183229.95377,190625.0,8820718322995.377,8160917.249951569,6.068148650228977e-09,0,0,1,0.0,0.0,0
235,245000000.0,0,1718750.0,5584278.720064095,0,21.704482043018,235.83734561440235,0,0.0,512020.9905498226,88207183229.95377,190625.0,8820718322995.377,8160917.249951569,6.068148650228977e-09,0,0,1,0.0,0.0,0
236,245000000.0,0,1718750.0,5602412.197495433,0,21.79451712657532,236.83407183443674,0,0.0,512020.9905498226,88207183229.95377,190625.0,8820718322995.377,8160917.249951569,6.068148650228977e-09,0,0,1,0.0,0.0,0
237,245000000.0,0,1718750.0,5620545.0766509585,0,21.88495272429665,237.83407183443674,0,0.0,512020.9905498226,88207183229.95377,190625.0,8820718322995.377,8160917.249951569,6.068148650228977e-09,0,0,1,0.0,0.0,0
238,245000000.0,0,1718750.0,5638817.664621007,0,21.975003018427017,238.83082355384775,0,0.0,512020.9905498226,88207183229.95377,190625.0,8820718322995.377,8171017.924593915,5.326000973582268e-09,0,0,1,0.0,0.0,0
239,245000000.0,0,1718750.0,5657089.6935355505,0,22.065449355482606,239.83082355384775,0,0.0,512020.9905498226,88207183229.95377,190625.0,8820718322995.377,8171017.924593915,6.257323548197746e-09,0,0,1,0.0,0.0,0
240,245000000.0,0,1718750.0,5675357.42492818,0,22.15551459697433,240.82760047587027,0,0.0,512020.9905498226,88207183229.95377,190625.0,8820718322995.377,8170882.668936762,5.50062395632267e-09,0,0,1,0.0,0.0,0
241,245000000.0,0,1718750.0,5693624.633914494,0,22.245971500050754,241.82760047587027,0,0.0,512020.9905498226,88207183229.95377,190625.0,8820718322995.377,8170882.668936762,5.50062395632267e-09,0,0,1,0.0,0.0,0
242,245000000.0,0,1718750.0,5711574.879055332,0,22.336061350656184,242.82440230832646,0,0.0,515818.49678230623,89362161037.70752,190625.0,8936216103770.752,8155692.644006827,4.220055416226387e-09,0,0,1,0.0,0.0,0
243,245000000.0,0,1718750.0,5729524.636036491,0,22.4265383851695,243.82440230832646,0,0.0,515818.49678230623,89362161037.70752,190625.0,8936216103770.752,8155692.644006827,4.220055416226387e-09,0,0,1,0.0,0.0,0
244,245000000.0,0,1718750.0,5747473.9211299615,0,22.516641661167338,244.82122876353745,0,0.0,515818.49678230623,89362161037.70752,190625.0,8936216103770.752,8155692.644006827,4.220055416226387e-09,0,0,1,0.0,0.0,0
245,245000000.0,0,1718750.0,5765422.750065333,0,22.60712797983372,245.82122876353745,0,0.0,515818.49678230623,89362161037.70752,190625.0,8936216103770.752,8155692.644006827,4.220055416226387e-09,0,0,1,0.0,0.0,0
246,245000000.0,0,1718750.0,5783371.138047878,0,22.69724429808847,246.81807955823703,0,0.0,515818.49678230623,89362161037.70752,190625.0,8936216103770.752,8155692.644006827,4.220055416226387e-09,0,0,1,0.0,0.0,0
247,245000000.0,0,1718750.0,5801319.099776018,0,22.787739599836666,247.81807955823703,0,0.0,515818.49678230623,89362161037.70752,190625.0,8936216103770.752,8155692.644006827,4.220055416226387e-09,0,0,1,0.0,0.0,0
248,245000000.0,0,1718750.0,5819266.649714407,0,22.8778685928719,248.8149544134875,0,0.0,515818.49678230623,89362161037.70752,190625.0,8936216103770.752,8155692.662451121,4.336470738053322e-09,0,0,1,0.0,0.0,0
249,245000000.0,0,1718750.0,5837213.8013417395,0,22.968372589671326,249.8149544134875,0,0.0,515818.49678230623,89362161037.70752,190625.0,8936216103770.752,8155692.662451121,4.336470738053322e-09,0,0,1,0.0,0.0,0
250,245000000.0,0,1718750.0,5855216.235908795,0,23.06689979923103,250.88358736470067,0,0.0,1030968.9778796795,357037674727.97925,381250.0,35703767472797.92,8158364.725190854,5.842593964189291e-09,0,0,1,0.0,0.0,0
251,245000000.0,0,1718750.0,5873218.298276294,0,23.166672693131492,251.9648435144425,0,0.0,1546119.458977053,803026987315.7706,571875.0,80302698731577.06,8158364.725190854,6.155460141599178e-09,0,0,1,0.0,0.0,0
252,245000000.0,0,1718750.0,5891220.000850891,0,23.268049529942378,253.06255810864656,0,0.0,2061269.9400744261,1427330098801.0815,762500.0,142733009880108.16,8158364.725190854,5.2241375669837e-09,0,0,1,0.0,0.0,0
253,245000000.0,0,1690625.0,5909221.414937096,0,23.371547107112963,254.18229513042192,0,0.0,2576419.7075543525,2229945914246.193,953125.0,222994591424619.28,8158367.574019117,4.6566128730773926e-09,0,0,1,0.0,0.0,0
254,245000000.0,0,1500000.0,5927222.492816816,0,23.47794082380859,255.33244503664224,0,0.0,3091569.475034279,3210875090995.917,1143750.0,321087509099591.7,8158367.574019117,4.6566128730773926e-09,0,0,1,0.0,0.0,0
255,245000000.0,0,1328125.0,5939667.690141388,0,23.581540521735597,256.50474936518384,0,0.0,3169394.8275129497,2853765210015.9546,1198569.2773682775,285376521001595.44,8158367.574019117,4.6566128730773926e-09,0,0,1,0.0,0.0,0
256,245000000.0,0,1328125.0,5957668.128855239,0,23.661896888216962,257.3241744599851,0,0.0,3340619.009994132,3862790286108.6787,1369793.45984946,386279028610867.9,8158367.574019117,4.6566128730773926e-09,0,0,1,0.0,0.0,0
257,245000000.0,0,1318750.0,5971970.833410907,0,23.772468411952772,258.51543853002465,0,0.0,3855768.7774740583,5109967683491.973,1541017.6423306426,510996768349197.25,8158367.574019117,4.6566128730773926e-09,0,0,1,0.0,0.0,0
258,245000000.0,0,1128125.0,5984415.119304202,0,23.889113789753797,259.7712830731761,0,0.0,4370918.544953985,6535458442179.879,1712241.824811825,653545844217987.9,8158367.574019117,4.6566128730773926e-09,0,0,1,0.0,0.0,0
259,245000000.0,0,937500.0,5996859.12141226,0,24.009700362814478,261.1310602024507,0,0.0,4448743.897432655,6158494252517.024,1883466.0072930076,615849425251702.5,8158367.574019117,4.6566128730773926e-09,0,0,1,0.0,0.0,0
260,245000000.0,0,1137500.0,6017618.145250999,0,24.0739898625497,261.75669740887133,0,0.0,4624471.938896349,7621640619845.135,2054690.18977419,762164061984513.5,8140352.138089075,4.6566128730773926e-09,0,0,1,0.0,0.0,0
261,245000000.0,0,946875.0,6030883.847598924,0,24.195198640634498,263.1099828563893,0,0.0,4711305.00934004,7412305074625.56,2225914.372255373,741230507462556.0,8140352.138089075,4.6566128730773926e-09,0,0,1,0.0,0.0,0
262,245000000.0,0,1146875.0,6048507.2878312515,0,24.26003581544445,263.7423499945552,0,0.0,4882529.191821223,8964071180990.367,2397138.5547365556,896407118099036.8,8140352.138089075,4.6566128730773926e-09,0,0,1,0.0,0.0,0
263,245000000.0,0,956250.0,6060574.924710612,0,24.38188513431717,265.0893183598851,0,0.0,4969362.262264915,8910687104266.057,2568362.7372177383,891068710426605.6,8140352.138089075,4.6566128730773926e-09,0,0,1,0.0,0.0,0
264,245000000.0,0,1156250.0,6078197.877608026,0,24.447664609978304,265.72823503996545,0,0.0,5140586.444746098,10552474122846.84,2739586.919698921,1055247412284684.0,8140352.138089075,4.6566128730773926e-09,0,0,1,0.0,0.0,0
265,245000000.0,0,965625.0,6094998.1290303795,0,24.57010046417758,267.06905470063367,0,0.0,5227419.51518979,10655041514617.791,2910811.102180104,1065504151461779.1,8140352.138089075,4.6566128730773926e-09,0,0,1,0.0,0.0,0
266,245000000.0,0,1165625.0,6112620.626540393,0,24.637553990571107,267.7143469409622,0,0.0,5398643.697670972,12386849445414.549,3082035.2846612865,1238684944541455.0,8140352.138089075,4.6566128730773926e-09,0,0,1,0.0,0.0,0
267,245000000.0,0,975000.0,6130963.484150816,0,24.761017780898104,269.04918032786884,0,0.0,5485476.768114665,12645368305680.766,3253259.4671424692,1264536830568076.5,8192233.644198555,5.617039278149605e-09,0,0,1,0.0,0.0,0
268,245000000.0,0,1175000.0,6144666.101124854,0,24.830845504706705,269.70068027210885,0,0.0,5656700.950595847,14467197148693.494,3424483.649623652,1446719714869349.5,8251331.458454235,4.743924364447594e-09,0,0,1,0.0,0.0,0
269,245000000.0,0,984375.0,6158059.384008243,0,24.956203437475562,271.0296841304072,0,0.0,5749550.496060651,14882434227462.348,3595185.462576142,1488243422746234.8,8240343.247469397,6.28642737865448e-09,0,0,1,0.0,0.0,0
270,245000000.0,0,1184375.0,6171452.471442398,0,25.029572504709538,271.6872297796056,0,0.0,5920252.30901314,16794693509256.262,3765887.275528632,1679469350925626.2,8240343.247469397,6.05359673500061e-09,0,0,1,0.0,0.0,0
271,245000000.0,0,993750.0,6184705.082794486,0,25.15853921138877,273.01055541593365,0,0.0,6013101.854477944,17361675092581.14,3936589.088481122,1736167509258114.0,8230242.57282705,6.79574441164732e-09,0,0,1,0.0,0.0,0
272,245000000.0,0,1193750.0,6197957.5115101235,0,25.23795042134411,273.67399037455533,0,0.0,6183803.667430433,19364856794956.32,4107290.901433612,1936485679495632.0,8230242.57282705,6.79574441164732e-09,0,0,1,0.0,0.0,0
273,245000000.0,0,1003125.0,6211591.269998211,0,25.374375277397426,274.99178389144777,0,0.0,6276653.568043761,20083585921482.945,4277993.069534626,2008358592148294.5,8257712.448534378,5.820766091346741e-09,0,0,1,0.0,0.0,0
274,245000000.0,0,979132.8038127029,6225224.857822683,0,25.466033597596336,275.6609571265442,0,0.0,6447355.736144774,22177693325583.36,4448695.2376356395,2217769332558336.0,8257712.448534378,5.820766091346741e-09,0,0,1,0.0,0.0,0
275,245000000.0,0,808430.6357116892,6238858.280672325,0,25.62074190374568,276.97335964479527,0,0.0,6540205.636758101,23048167441662.484,4619397.405736653,2304816744166248.5,8257712.448534378,5.820766091346741e-09,0,0,1,0.0,0.0,0
276,245000000.0,0,638008.1491318995,6252522.619770882,0,25.745249513504827,277.64812525751955,0,0.0,6710628.123337891,25230518424891.15,4789819.892316443,2523051842489115.0,8258831.174619273,5.8353180065751076e-09,0,0,1,0.0,0.0,0
277,245000000.0,0,467585.6625521097,6266186.8047096245,0,25.963900104916537,278.955273127215,0,0.0,6803198.342429994,26249867391548.59,4960242.378896233,2624986739154859.0,8258831.174619273,5.8353180065751076e-09,0,0,1,0.0,0.0,0
278,245000000.0,0,297163.1759723199,6278829.952425044,0,26.250726134051835,279.63549013595014,0,0.0,6973620.829009783,28522759655305.61,5130664.8654760225,2852275965530561.0,8185327.224062705,4.452886059880257e-09,0,0,1,0.0,0.0,0
279,245000000.0,0,126740.68939253013,6291472.956086679,0,27.179028700395808,280.937515136837,0,0.0,7066191.048101886,29693471986466.164,5301087.352055812,2969347198646616.5,8185327.224062705,4.452886059880257e-09,0,0,1,0.0,0.0,0
280,233817459.92006153,1,0.0,6307755.970261935,11182540,36.72509604390632,281.5674819017826,1,125049202639430.31,7105568.143119898,31430413259478.984,5427828.041448343,3205565927267613.5,8185327.224062705,4.452886059880257e-09,0,0,1,0.0,0.0,0
281,201371843.43557382,1,0.0,6334600.573942979,54810697,36.81814351127534,282.5926999759058,1,3004212466640567.0,7116422.036216474,31480439946869.566,5427828.041448343,4650150228007240.0,8185327.224062705,4.449248081073165e-09,0,0,1,0.0,0.0,0
282,201371843.43557382,1,0.0,6355889.491945226,98438853,36.88924188702442,283.4163829609189,1,9690207821061870.0,6707073.415892841,30880398753473.742,5427828.041448343,7933143785878309.0,8185327.224062705,5.3805706556886435e-09,0,0,1,0.0,0.0,0
283,201371843.43557382,1,0.0,6382585.650691275,142067010,36.980961568803096,284.3932167907372,1,2.018303526590334e+16,6697724.795569208,30927219343237.1,5427828.041448343,1.318423956727538e+16,8263958.097395089,5.366018740460277e-09,0,0,1,0.0,0.0,0
284,201371843.43557382,1,0.0,6404966.437112521,185695166,37.05627413472371,285.25640375395994,1,3.448269480116498e+16,6457253.784521714,30480256916353.0,5427828.041448343,2.028937309221779e+16,8263958.097395089,5.362380761653185e-09,0,0,1,0.0,0.0,0
285,201371843.43557382,1,0.0,6427347.105993918,229323323,37.14785481240453,286.2381415009549,1,5.258918642684678e+16,6457253.784521714,30521034608035.11,5427828.041448343,2.9346696674226904e+16,8263958.097395089,5.362380761653185e-09,0,0,1,0.0,0.0,0
286,201371843.43557382,1,0.0,6449727.661253466,272951479,37.22655136594786,287.1288959513277,1,7.450251014294875e+16,6277456.297941924,30149672452354.258,5427828.041448343,4.02662223167098e+16,8263958.097395089,5.362380761653185e-09,0,0,1,0.0,0.0,0
287,201371843.43557382,1,0.0,6472108.106678557,316579636,37.31760742185369,288.1141305636984,1,1.002226659494709e+17,6277456.297941924,30183185421765.273,5427828.041448343,5.3129651516911976e+16,8263958.097395089,5.362380761653185e-09,0,0,1,0.0,0.0,0
288,201371843.43557382,1,0.0,6494488.445930341,360207793,37.39897932713807,289.0248842162796,1,1.297496538464132e+17,6097658.811362134,29883742260716.332,5427828.041448343,6.786320114927823e+16,8263958.097395089,5.362380761653185e-09,0,0,1,0.0,0.0,0
289,201371843.43557382,1,0.0,6516868.682547926,403835949,37.48944559791722,290.0126996433736,1,1.6308347383377568e+17,6097658.811362134,29909990507856.25,5427828.041448343,8.453273596767347e+16,8263958.097395089,5.5952114053070545e-09,0,0,1,0.0,0.0,0
290,201371843.43557382,1,0.0,6539248.819952454,447464106,37.57301778839774,290.9384219557741,1,2.002241259115583e+17,5917861.3247823445,29682466341439.23,5427828.041448343,1.0308030958992307e+17,8263958.097395089,5.362380761653185e-09,0,0,1,0.0,0.0,0
291,201371843.43557382,1,0.0,6561860.616691989,491092262,37.6628461643669,291.92819626103545,1,2.4117161007976112e+17,5917861.3247823445,29701449866308.05,5427828.041448343,1.2355595002651136e+17,8272301.286069672,6.235495675355196e-09,0,0,1,0.0,0.0,0
292,201371843.43557382,1,0.0,6584472.320722433,534720419,37.7482808083996,292.86541314592125,1,2.859259263383841e+17,5738063.838202555,29545844694522.945,5427828.041448343,1.4591754763864435e+17,8272301.286069672,6.235495675355196e-09,0,0,1,0.0,0.0,0
293,201371843.43557382,1,0.0,6606738.275309827,578348575,37.83745192744306,293.85670928761937,1,3.3448707468742714e+17,5738063.838202555,29557563497120.668,5427828.041448343,1.7019929369342563e+17,8247413.778722776,4.045432433485985e-09,0,0,1,0.0,0.0,0
294,201371843.43557382,1,0.0,6629004.143265726,621976732,37.92451850587807,294.80294442738716,1,3.868550551268905e+17,5558266.351622765,29473877319967.48,5427828.041448343,1.96374915295442e+17,8247413.778722776,4.045432433485985e-09,0,0,1,0.0,0.0,0
295,201371843.43557382,1,0.0,6651269.927477848,665604889,38.013014355715455,295.7954463275548,1,4.4302986765677395e+17,5558266.351622765,29478331400294.11,5427828.041448343,2.244627669684164e+17,8247413.778722776,4.045432433485985e-09,0,0,1,0.0,0.0,0
296,201371843.43557382,1,0.0,6673535.63073765,709233045,38.10153782947459,296.7488869968516,1,5.0301151227707757e+17,5448030.554868553,29461725389081.44,5427828.041448343,2.544519286774469e+17,8247413.778722776,4.045432433485985e-09,0,0,1,0.0,0.0,0
297,201511488.66624612,1,0.0,6690260.852665275,752721556,38.18971459621099,297.7425107523861,1,5.665897415362476e+17,5448576.044050867,29461747727144.945,5427828.041448343,2.862410455408383e+17,8249595.735452031,4.765752237290144e-09,0,0,1,0.0,0.0,0
298,201511488.66624612,1,0.0,6712541.554503013,796210068,38.27920808097912,298.7017834693405,1,6.339504720314696e+17,5448576.044050867,29461747727144.945,5427828.041448343,3.199214107884493e+17,8249595.735452031,4.765752237290144e-09,0,0,1,0.0,0.0,0
299,201511488.66624612,1,0.0,6728928.598627682,839698579,38.36702045769718,299.6961811057726,1,7.050937037627437e+17,5448576.044050867,29461747727144.945,5427828.041448343,3.5549302665408634e+17,8225257.645034089,6.03176886215806e-09,0,0,1,0.0,0.0,0
300,201511488.66624612,1,0.0,6745387.518104731,883187090,38.457403299173215,300.6602547375992,1,7.800194367300698e+17,5448576.044050867,29461747727144.945,5427828.041448343,3.929558931377494e+17,8225257.645034089,6.03176886215806e-09,0,0,1,0.0,0.0,0
301,201511488.66624612,1,0.0,6761618.560941561,926675602,38.454275219590514,300.6552934627838,1,8.587276709334482e+17,5448576.044050867,29461747727144.945,5427828.041448343,4.323100102394386e+17,8214035.561513217,7.530616130679846e-09,0,0,1,0.0,0.0,0
302,201511488.66624612,1,0.0,6777849.537725817,970164113,38.45422100681287,300.62336641282957,1,9.412184063728785e+17,5448576.044050867,29461747727144.945,5427828.041448343,4.735553779591537e+17,8214035.561513217,7.530616130679846e-09,0,0,1,0.0,0.0,0
303,201511488.66624612,1,0.0,6794080.22244557,1013652624,38.451051988687674,300.61894216556186,1,1.027491643048361e+18,5448576.044050867,29461747727144.945,5427828.041448343,5.16691996296895e+17,8214019.130128135,7.952621672302485e-09,0,0,1,0.0,0.0,0
304,201511488.66624612,1,0.0,6810313.423416248,1057141136,38.45141313406279,300.59038187360346,1,1.1175473809598953e+18,5448576.044050867,29461747727144.945,5427828.041448343,5.6171986525266214e+17,8214204.744212109,7.92351784184575e-09,0,0,1,0.0,0.0,0
305,201511488.66624612,1,0.0,6826546.564721881,1100629647,38.44819056151932,300.58641195363145,1,1.2113856201074819e+18,5448576.044050867,29461747727144.945,5427828.041448343,6.086389848264554e+17,8214204.744212109,7.585185812786222e-09,0,0,1,0.0,0.0,0
306,201511488.66624612,1,0.0,6842779.648351301,1144118158,38.44879500814541,300.5900011895061,1,1.3090063604911204e+18,5469324.046653391,29463039165980.926,5427828.041448343,6.574494841621583e+17,8214204.744212109,7.92351784184575e-09,0,0,1,0.0,0.0,0
307,201511488.66624612,1,0.0,6864071.180370789,1187606670,38.446034347335164,300.53094198766405,1,1.4104096021108114e+18,5448576.044050867,29461747727144.945,5427828.041448343,7.081509758281202e+17,8214204.744212109,7.92351784184575e-09,0,0,1,0.0,0.0,0
308,201511488.66624612,1,0.0,6880336.990872214,1231095181,38.4458465812734,300.5603691779107,1,1.515595344966554e+18,5448576.044050867,29461747727144.945,5427828.041448343,7.607438472559916e+17,8216568.973716193,7.727066986262798e-09,0,0,1,0.0,0.0,0
309,201511488.66624612,1,0.0,6896602.74927493,1274583692,38.44407277113592,300.50682414934073,1,1.6245635890583488e+18,5448576.044050867,29461747727144.945,5427828.041448343,8.152279693018889e+17,8216568.973716193,7.727066986262798e-09,0,0,1,0.0,0.0,0
310,201511488.66624612,1,0.0,6912868.457315562,1318072204,38.44353900035417,300.53357128207807,1,1.7373143343861957e+18,5448576.044050867,29461747727144.945,5427828.041448343,8.716033419658124e+17,8216568.973716193,7.727066986262798e-09,0,0,1,0.0,0.0,0
311,201511488.66624612,1,0.0,6929134.116672847,1361560715,38.442323598571186,300.48480219365257,1,1.8538475809500946e+18,5448576.044050867,29461747727144.945,5427828.041448343,9.298699652477618e+17,8216568.973716193,7.727066986262798e-09,0,0,1,0.0,0.0,0
312,201511488.66624612,1,0.0,6944812.5897551915,1405049226,38.441469564697464,300.50921946080643,1,1.9741633287500462e+18,5448576.044050867,29461747727144.945,5427828.041448343,9.900278391477376e+17,8174294.9502814375,4.802132025361061e-09,0,0,1,0.0,0.0,0
313,201511488.66624612,1,0.0,6960560.418751777,1448537738,38.44076405049364,300.46461429338325,1,2.0982615777860493e+18,5448576.044050867,29461747727144.945,5427828.041448343,1.0520769636657391e+18,8179291.851522615,6.184563972055912e-09,0,0,1,0.0,0.0,0
314,201511488.66624612,1,0.0,6976308.2037728755,1492026249,38.43960970537293,300.48699342065294,1,2.2261423280581043e+18,5448576.044050867,29461747727144.945,5427828.041448343,1.1160173388017667e+18,8179291.851522615,6.184563972055912e-09,0,0,1,0.0,0.0,0
315,201511488.66624612,1,0.0,6991459.9505550405,1535514760,38.4393752537297,300.44604048939897,1,2.3578055795662116e+18,5448576.044050867,29461747727144.945,5427828.041448343,1.1818489645558203e+18,8136380.159013487,5.820766091346741e-09,0,0,1,0.0,0.0,0
316,201511488.66624612,1,0.0,7008664.097623557,1579003272,38.43793577613561,300.4666264492469,1,2.493251332310372e+18,5448576.044050867,29461747727144.945,5427828.041448343,1.2495718409279004e+18,8137007.128682578,5.704350769519806e-09,0,0,1,0.0,0.0,0
317,201511488.66624612,1,0.0,7023824.471502246,1622491783,38.437901670454586,300.4288946435798,1,2.632479586290583e+18,5448576.044050867,29461747727144.945,5427828.041448343,1.319185967918006e+18,8137007.128682578,5.704350769519806e-09,0,0,1,0.0,0.0,0
318,201511488.66624612,1,0.0,7041725.843528392,1665980294,38.43642808008525,300.4478946607631,1,2.775490341506846e+18,5448576.044050867,29461747727144.945,5427828.041448343,1.3906913455261376e+18,8137007.128682578,5.704350769519806e-09,0,0,1,0.0,0.0,0
319,201511488.66624612,1,0.0,7057164.862440165,1709468806,38.43647091176627,300.41301817902894,1,2.922283597959162e+18,5448576.044050867,29461747727144.945,5427828.041448343,1.4640879737522954e+18,8137007.128682578,5.704350769519806e-09,0,0,1,0.0,0.0,0
320,201511488.66624612,1,0.0,7075180.8261803575,1752957317,38.43504458133734,300.4306087317395,1,3.0728593556475295e+18,5448576.044050867,29461747727144.945,5427828.041448343,1.5393758525964792e+18,8137007.128682578,5.704350769519806e-09,0,0,1,0.0,0.0,0
321,201511488.66624612,1,0.0,7091349.644594637,1796445828,38.435136266951055,300.3982751609724,1,3.22721761457195e+18,5448576.044050867,29461747727144.945,5427828.041448343,1.6165549820586895e+18,8137007.128682578,5.704350769519806e-09,0,0,1,0.0,0.0,0
322,201511488.66624612,1,0.0,7109497.476146622,1839934340,38.433725956110784,300.41460747945763,1,3.3853583747324216e+18,5448576.044050867,29461747727144.945,5427828.041448343,1.6956253621389253e+18,8138791.880610587,8.585629984736443e-09,0,0,1,0.0,0.0,0
323,201511488.66624612,1,0.0,7125919.253010724,1883422851,38.43388733443415,300.3845483948943,1,3.547281636128945e+18,5448576.044050867,29461747727144.945,5427828.041448343,1.776586992837187e+18,8138791.880610587,8.585629984736443e-09,0,0,1,0.0,0.0,0
324,201511488.66624612,1,0.0,7144167.144491229,1926911362,38.4325025050503,300.39975282077535,1,3.712987398761521e+18,5448576.044050867,29461747727144.945,5427828.041448343,1.859439874153475e+18,8138791.880610587,8.585629984736443e-09,0,0,1,0.0,0.0,0
325,201511488.66624612,1,0.0,7160602.910207749,1970399874,38.432715145066325,300.37173630466884,1,3.88247566263015e+18,5448576.044050867,29461747727144.945,5427828.041448343,1.9441840060877896e+18,8124447.785004202,6.868503987789154e-09,0,0,1,0.0,0.0,0
326,201511488.66624612,1,0.0,7179335.377366299,2013888385,38.431363341329124,300.38592577717236,1,4.05574642773483e+18,5448576.044050867,29461747727144.945,5427828.041448343,2.0308193886401295e+18,8166949.297438856,6.05359673500061e-09,0,0,1,0.0,0.0,0
327,201511488.66624612,1,0.0,7196917.23304984,2057376896,38.431611930016906,300.35975041464246,1,4.232799694075562e+18,5448576.044050867,29461747727144.945,5427828.041448343,2.1193460218104955e+18,8192621.332189249,6.4319465309381485e-09,0,0,1,0.0,0.0,0
328,201511488.66624612,1,0.0,7216093.627217336,2100865408,38.43029908059129,300.3730232811659,1,4.4136354616523464e+18,5448576.044050867,29461747727144.945,5427828.041448343,2.2097639055988877e+18,8192621.332189249,6.4319465309381485e-09,0,0,1,0.0,0.0,0
329,201511488.66624612,1,0.0,7233861.579927483,2144353919,38.43057093186473,300.3485133036114,1,4.5982537304651827e+18,5448576.044050867,29461747727144.945,5427828.041448343,2.3020730400053059e+18,8192615.777548852,6.504706107079983e-09,0,0,1,0.0,0.0,0
330,201511488.66624612,1,0.0,7253119.540265418,2187842430,38.429301602212284,300.36095560262044,1,4.786654500514072e+18,5448576.044050867,29461747727144.945,5427828.041448343,2.3962734250297503e+18,8192615.777548852,6.504706107079983e-09,0,0,1,0.0,0.0,0
331,201511488.66624612,1,0.0,7271061.4623985225,2231330942,38.42958624978712,300.33795693064076,1,4.978837771799011e+18,5448576.044050867,29461747727144.945,5427828.041448343,2.49236506067222e+18,8192615.777548852,6.504706107079983e-09,0,0,1,0.0,0.0,0
332,201511488.66624612,1,0.0,7290395.7138816025,2274819453,38.42836385445958,300.34964425897095,1,5.174803544320005e+18,5448576.044050867,29461747727144.945,5427828.041448343,2.590347946932717e+18,8192615.777549584,6.428308552131057e-09,0,0,1,0.0,0.0,0
333,201511488.66624612,1,0.0,7308500.200775505,2318307964,38.4286527118819,300.32802125620054,1,5.374551818077051e+18,5448576.044050867,29461747727144.945,5427828.041448343,2.69022208381124e+18,8192615.777549584,6.428308552131057e-09,0,0,1,0.0,0.0,0
334,201511488.66624612,1,0.0,7327902.386455963,2361796476,38.42747969427851,300.33902030643395,1,5.578082593070146e+18,5448576.044050867,29461747727144.945,5427828.041448343,2.7919874713077873e+18,8192374.171516124,5.7734723668545485e-09,0,0,1,0.0,0.0,0
335,201511488.66624612,1,0.0,7342626.43641809,2405284987,38.42783632588042,300.3402168481021,1,5.785395869299295e+18,5469324.046653391,29463039165980.926,5427828.041448343,2.895644238566246e+18,8192374.171516124,5.7734723668545485e-09,0,0,1,0.0,0.0,0
336,201511488.66624612,1,0.0,7359930.242164139,2448773498,38.427807169380415,300.3414218658582,1,5.996491646764495e+18,5490072.049255914,29465191564040.9,5427828.041448343,3.0011923425386516e+18,8242154.360259278,3.54702933691442e-09,0,0,1,0.0,0.0,0
337,201511488.66624612,1,0.0,7378207.134223221,2492262010,38.42778005048527,300.34263545008696,1,6.21136992546575e+18,5510820.051858438,29468204921324.86,5427828.041448343,3.108631783225007e+18,8312218.026602629,1.8590071704238653e-09,0,0,1,0.0,0.0,0
338,201511488.66624612,1,0.0,7396250.889150428,2535750521,38.42771497538552,300.3252363447983,1,6.430030705403055e+18,5448576.044050867,29461747727144.945,5427828.041448343,3.217961527474242e+18,8295433.556518859,1.8044374883174896e-09,0,0,1,0.0,0.0,0
339,201511488.66624612,1,0.0,7413907.233320381,2579239032,38.42595728154535,300.33242693653204,1,6.652473986576412e+18,5448576.044050867,29461747727144.945,5427828.041448343,3.3291831680609203e+18,8295433.556518859,1.8044374883174896e-09,0,0,1,0.0,0.0,0
340,201511488.66624612,1,0.0,7431950.95119146,2622727544,38.425929534028235,300.33357731040144,1,6.878699768985821e+18,5469324.046653391,29463039165980.926,5427828.041448343,3.442296188409509e+18,8295433.556518859,1.8044374883174896e-09,0,0,1,0.0,0.0,0
341,201511488.66624612,1,0.0,7449994.651455645,2666216055,38.42590369120046,300.3347356737286,1,7.108708052631282e+18,5490072.049255914,29465191564040.9,5427828.041448343,3.557300545472045e+18,8295433.556518859,1.8044374883174896e-09,0,0,1,0.0,0.0,0
342,201511488.66624612,1,0.0,7468038.334699835,2709704566,38.4258797428142,300.33590211003474,1,7.342498837512796e+18,5510820.051858438,29468204921324.86,5427828.041448343,3.6741962392485304e+18,8295433.556518859,1.8044374883174896e-09,0,0,1,0.0,0.0,0
343,201511488.66624612,1,0.0,7486082.001491361,2753193078,38.425857679097966,300.3370767040095,1,7.580072123630363e+18,5531568.054460962,29472079237832.81,5427828.041448343,3.7929832697389645e+18,8295433.556518859,1.8044374883174896e-09,0,0,1,0.0,0.0,0
344,201511488.66624612,1,0.0,7504125.652378645,2796681589,38.42583749074879,300.33825954153133,1,7.821427910983978e+18,5552316.057063486,29476814513564.746,5427828.041448343,3.9136616369433457e+18,8295433.556518859,1.8044374883174896e-09,0,0,1,0.0,0.0,0
345,201511488.66624612,1,0.0,7522192.869558801,2840170100,38.425818349546944,300.33945070968815,1,8.066566199573649e+18,5573064.05966601,29482410748520.67,5427828.041448343,4.0362313408616765e+18,8296565.476533535,2.5756889954209328e-09,0,0,1,0.0,0.0,0
346,201511488.66624612,1,0.0,7540260.071877622,2883658612,38.42580107029148,300.3406502967991,1,8.315486989399372e+18,5593812.062268534,29488867942700.586,5427828.041448343,4.160692381493956e+18,8296565.4765546685,2.1391315385699272e-09,0,0,1,0.0,0.0,0
347,201511488.66624612,1,0.0,7556234.348012697,2927147123,38.42583159568076,300.34185839243594,1,8.568190280461144e+18,5614560.064871058,29496186096104.492,5427828.041448343,4.2870447588401823e+18,8215321.303800315,2.0372681319713593e-09,0,0,1,0.0,0.0,0
348,201511488.66624612,1,0.0,7572208.610260408,2970635634,38.42586341101748,300.343075087446,1,8.824676072758971e+18,5635308.067473582,29504365208732.383,5427828.041448343,4.415288472900359e+18,8215321.303800315,2.0372681319713593e-09,0,0,1,0.0,0.0,0
349,201511488.66624612,1,0.0,7588182.859083663,3014124146,38.425896519264555,300.34430047397416,1,9.084944366292848e+18,5656056.070076106,29513405280584.266,5427828.041448343,4.545423523674482e+18,8215321.303800315,2.0372681319713593e-09,0,0,1,0.0,0.0,0
350,201511488.66624612,1,0.0,7604157.094929944,3057612657,38.42593092358318,300.3455346454867,1,9.348995161062779e+18,5676804.072678629,29523306311660.133,5427828.041448343,4.677449911162555e+18,8215321.303800315,2.0372681319713593e-09,0,0,1,0.0,0.0,0
351,201511488.66624612,1,0.0,7620131.318231815,3101101168,38.42596662733352,300.34677769679485,1,9.616828457068761e+18,5697552.075281153,29534068301959.992,5427828.041448343,4.811367635364576e+18,8215321.303800315,2.0372681319713593e-09,0,0,1,0.0,0.0,0
352,201511488.66624612,1,0.0,7635459.345779455,3144589680,38.42602593757868,300.3480297240791,1,9.888444254310795e+18,5722587.048293144,29545709629599.133,5427828.041448343,4.947176698118358e+18,8184304.489657705,1.367880031466484e-09,0,0,1,0.0,0.0,0
353,206858201.2482195,1,0.0,7651805.825397743,3182731479,38.42624793338398,300.350569553137,1,1.0129779664570606e+19,5784133.513180531,29572197032467.25,5427828.041448343,5.06784705198855e+18,8288885.674436122,1.775333657860756e-09,0,0,1,0.0,0.0,0
354,206857937.077489,1,0.0,7667501.084029012,3220873541,38.42647407278013,300.35314666036834,1,1.0374026370175422e+19,5845677.914234086,29602943330515.113,5427828.041448343,5.189973479420763e+18,8241996.515392017,6.177288014441729e-09,0,0,1,0.0,0.0,0
355,206857937.077489,1,0.0,7683196.331706679,3259015604,38.42670443707524,300.3557619378632,1,1.0621182709708208e+19,5907222.31528764,29637949132078.457,5427828.041448343,5.313555149767312e+18,8241996.515392017,6.177288014441729e-09,0,0,1,0.0,0.0,0
356,206857937.077489,1,0.0,7698891.568795856,3297157667,38.42666485900869,300.3385388378916,1,1.0871248683168965e+19,5704743.210980972,29509831567205.957,5427828.041448343,5.438575324741203e+18,8241996.515392017,6.177288014441729e-09,0,0,1,0.0,0.0,0
357,206857937.077489,1,0.0,7714586.795649497,3335299730,38.42511364462529,300.3460145177322,1,1.1124224290557686e+19,5704743.210980972,29527764442977.68,5427828.041448343,5.565064921723141e+18,8241996.515392017,6.177288014441729e-09,0,0,1,0.0,0.0,0
358,206786338.60805565,1,0.0,7730274.243677641,3373513392,38.4253309191882,300.3485078647347,1,1.1380592603538948e+19,5765728.248992079,29551897408690.984,5427828.041448343,5.693251491510343e+18,8240877.789307121,6.068148650228977e-09,0,0,1,0.0,0.0,0
359,206786338.60805565,1,0.0,7745961.682141244,3411727053,38.425552195002965,300.3510374061834,1,1.1639881484354167e+19,5826713.287003186,29580221339479.95,5427828.041448343,5.822898764311032e+18,8240877.789307121,6.068148650228977e-09,0,0,1,0.0,0.0,0
360,206786338.60805565,1,0.0,7761648.976492428,3449940714,38.42577754614462,300.3536039359607,1,1.1902090933003342e+19,5887699.943414658,29612736490433.934,5427828.041448343,5.954006740150714e+18,8240871.315705659,5.700712790712714e-09,0,0,1,0.0,0.0,0
361,206786338.60805565,1,0.0,7777336.261906079,3488154376,38.42600703981544,300.3562082713368,1,1.2167220949486471e+19,5948686.599826131,29649442733559.547,5427828.041448343,6.086575419016591e+18,8240871.315705659,5.700712790712714e-09,0,0,1,0.0,0.0,0
362,206786338.60805565,1,0.0,7793023.538680118,3526368037,38.42624075002441,300.3588512538382,1,1.2435271533803559e+19,6009673.256237604,29690340068856.79,5427828.041448343,6.220604800908665e+18,8240871.315705659,5.700712790712714e-09,0,0,1,0.0,0.0,0
363,206786338.60805565,1,0.0,7808710.807102527,3564581699,38.42647875314956,300.3615337501534,1,1.2706242685954603e+19,6070659.912649076,29735428496325.664,5427828.041448343,6.356094885826934e+18,8240871.315705659,5.700712790712714e-09,0,0,1,0.0,0.0,0
364,206786338.60805565,1,0.0,7824398.067451701,3602795360,38.42672112802332,300.3642566530811,1,1.29801344059396e+19,6131646.569060549,29784708015966.168,5427828.041448343,6.493045673771396e+18,8240871.315705659,5.700712790712714e-09,0,0,1,0.0,0.0,0
365,206786338.60805565,1,0.0,7840085.319996741,3641009021,38.42696795602174,300.3670208825206,1,1.3256946693758556e+19,6192633.225472021,29838178627778.3,5427828.041448343,6.631457164742056e+18,8240871.315705659,5.700712790712714e-09,0,0,1,0.0,0.0,0
366,206786338.60805565,1,0.0,7855772.564997786,3679222683,38.427219321157935,300.36982738650795,1,1.353667954941147e+19,6253619.881883494,29895840331762.066,5427828.041448343,6.771329358738911e+18,8240871.315705659,5.700712790712714e-09,0,0,1,0.0,0.0,0
367,206786338.60805565,1,0.0,7871459.803091917,3717436344,38.42729798243754,300.3529584847524,1,1.3819332972898339e+19,5917993.995109974,29647607666597.098,5427828.041448343,6.912631247215829e+18,8240871.3342149155,4.933099262416363e-09,0,0,1,0.0,0.0,0
368,206786338.60805565,1,0.0,7889133.0794905,3755650006,38.42553772863809,300.35928732494773,1,1.4104906964219163e+19,5917993.995109974,29683103271388.062,5427828.041448343,7.05542179243672e+18,8312368.923625208,6.715708877891302e-09,0,0,1,0.0,0.0,0
369,206786338.60805565,1,0.0,7906806.348906742,3793863667,38.42574661286229,300.3619763691161,1,1.4393401523373945e+19,5978980.646894133,29724885513891.367,5427828.041448343,7.199673250238362e+18,8312368.917581453,6.715708877891302e-09,0,0,1,0.0,0.0,0
370,206786338.60805565,1,0.0,7923881.66477627,3832077328,38.425960355397194,300.3647059684915,1,1.468481665036268e+19,6039967.298678291,29770858848202.895,5427828.041448343,7.34538541106616e+18,8269316.7365048025,4.5183696784079075e-09,0,0,1,0.0,0.0,0
371,206786338.60805565,1,0.0,7940956.974278066,3870290990,38.426179028550074,300.36747704750354,1,1.4979152345185374e+19,6100953.950462449,29821023274322.65,5427828.041448343,7.492558274920119e+18,8269316.7365048025,4.5183696784079075e-09,0,0,1,0.0,0.0,0
372,206786338.60805565,1,0.0,7957993.791738055,3908504651,38.42640270749391,300.3702905588929,1,1.5276408607842025e+19,6161940.602246607,29875378792250.625,5427828.041448343,7.641191841800238e+18,8266545.752689161,4.5183696784079075e-09,0,0,1,0.0,0.0,0
373,206786338.60805565,1,0.0,7975030.603247751,3946718313,38.42663147036009,300.3731474848031,1,1.5576585438332633e+19,6222927.254030765,29933925401986.824,5427828.041448343,7.791286111706515e+18,8266545.752689161,4.5183696784079075e-09,0,0,1,0.0,0.0,0
374,206786338.60805565,1,0.0,7992064.831032101,3984931974,38.42686539833607,300.37604883792363,1,1.5879682836657197e+19,6283913.905814923,29996663103531.25,5427828.041448343,7.942841084638951e+18,8266360.138605188,2.61206878349185e-09,0,0,1,0.0,0.0,0
375,206786338.60805565,1,0.0,8009099.053256233,4023145635,38.42710457576792,300.37899566268703,1,1.6185700802815715e+19,6344900.557599082,30063591896883.9,5427828.041448343,8.095856760597546e+18,8266360.138605188,2.61206878349185e-09,0,0,1,0.0,0.0,0
376,201941215.5945027,1,0.0,8025607.540611829,4066204420,38.42716979362119,300.38061319129594,1,1.6534018382814603e+19,6368034.685839857,30098406181132.996,5427828.041448343,8.270019032025415e+18,8190655.091518423,1.811713445931673e-09,0,0,1,0.0,0.0,0
377,201941215.5945027,1,0.0,8042116.022771706,4109263204,38.42723708942379,300.3822445860966,1,1.6886044080642454e+19,6391168.814080633,30134227373383.934,5427828.041448343,8.446035463058565e+18,8190655.091518423,1.811713445931673e-09,0,0,1,0.0,0.0,0
378,201941215.5945027,1,0.0,8058624.499909056,4152321989,38.42730646756647,300.38389002615764,1,1.7241777896299258e+19,6414302.942321409,30171055473636.715,5427828.041448343,8.623906053696992e+18,8190655.091518423,1.6952981241047382e-09,0,0,1,0.0,0.0,0
379,203511254.87402952,1,0.0,8075303.332356178,4193810734,38.42743697175146,300.3860060614961,1,1.758804846959625e+19,6449703.002433487,30221349504001.44,5427828.041448343,8.797046369748525e+18,8215186.955261029,1.6952981241047382e-09,0,0,1,0.0,0.0,0
380,203511254.87402952,1,0.0,8091982.160110028,4235299479,38.4273552167798,300.36779382499805,1,1.79377616748375e+19,6119069.9445393905,29892308212719.16,5427828.041448343,8.971870068240022e+18,8215186.955261029,1.6952981241047382e-09,0,0,1,0.0,0.0,0
381,203511254.87402952,1,0.0,8108660.98332705,4276788224,38.425553263908526,300.3736427754774,1,1.8290917512023003e+19,6119069.9445393905,29929769360149.414,5427828.041448343,9.148451732947516e+18,8215186.955261029,1.6952981241047382e-09,0,0,1,0.0,0.0,0
382,203511254.87402952,1,0.0,8125266.634314882,4318276969,38.42567493823498,300.37564705616626,1,1.8647515981152764e+19,6154470.004651469,29969817834132.15,5427828.041448343,9.326754972359795e+18,8209918.87052306,1.4406396076083183e-09,0,0,1,0.0,0.0,0
383,203511254.87402952,1,0.0,8141872.281063303,4359765714,38.42579935805165,300.3776729553965,1,1.9007557082226774e+19,6189870.064763548,30011591192483.203,5427828.041448343,9.506779700232634e+18,8209918.87052306,1.4406396076083183e-09,0,0,1,0.0,0.0,0
384,203511254.87402952,1,0.0,8157852.104861185,4401254459,38.42592654481631,300.379720824837,1,1.9371040815245046e+19,6225270.124875627,30055089435202.582,5427828.041448343,9.688525916566043e+18,8164859.913147719,4.3655745685100555e-10,0,0,1,0.0,0.0,0
385,203511254.87402952,1,0.0,8173831.924697573,4442743204,38.42605652088295,300.3817910238258,1,1.9737967180207567e+19,6260670.184987706,30100312562290.277,5427828.041448343,9.871993621360013e+18,8164859.913147719,4.3655745685100555e-10,0,0,1,0.0,0.0,0
386,203511254.87402952,1,0.0,8189811.74070451,4484231950,38.42618930951625,300.3838839195801,1,2.010833617711435e+19,6296070.245099785,30147260573746.297,5427828.041448343,1.0057182814614548e+19,8164859.913147719,4.3655745685100555e-10,0,0,1,0.0,0.0,0
387,203511254.87402952,1,0.0,8205791.553009646,4525720695,38.42632493490681,300.3859998874136,1,2.048214780596539e+19,6331470.305211864,30195933469570.633,5427828.041448343,1.0244093496329652e+19,8164859.913147719,4.3655745685100555e-10,0,0,1,0.0,0.0,0
388,203511254.87402952,1,0.0,8221771.361736379,4567209440,38.42646342218714,300.3881393109607,1,2.0859402066760675e+19,6366870.365323943,30246331249763.293,5427828.041448343,1.0432725666505314e+19,8164859.913147719,4.3655745685100555e-10,0,0,1,0.0,0.0,0
389,203511254.87402952,1,0.0,8237751.167003983,4608698185,38.426604797448526,300.39030258240854,1,2.1240098959500227e+19,6402270.425436022,30298453914324.273,5427828.041448343,1.0623079325141545e+19,8164859.913147719,4.3655745685100555e-10,0,0,1,0.0,0.0,0
390,203511254.87402952,1,0.0,8253730.968927767,4650186930,38.42674908775862,300.3924901027365,1,2.162423848418403e+19,6437670.485548101,30352301463253.574,5427828.041448343,1.081515447223834e+19,8164859.913147719,4.3655745685100555e-10,0,0,1,0.0,0.0,0
391,203511254.87402952,1,0.0,8269710.767619189,4691675675,38.42689632117997,300.3947022819641,1,2.2011820640812085e+19,6473070.54566018,30407873896551.195,5427828.041448343,1.1008951107795698e+19,8164859.913147719,4.3655745685100555e-10,0,0,1,0.0,0.0,0
392,203511254.87402952,1,0.0,8285690.563185996,4733164420,38.42704652678934,300.3969395394072,1,2.24028454293844e+19,6508470.605772259,30465171214217.137,5427828.041448343,1.1204469231813622e+19,8164859.913147719,4.3655745685100555e-10,0,0,1,0.0,0.0,0
393,203511254.87402952,1,0.0,8301252.225846256,4774653165,38.427236846388816,300.39920230394296,1,2.2797312849900966e+19,6543870.665884338,30524193416251.402,5427828.041448343,1.1401708844292108e+19,8181020.067505983,7.566995918750763e-10,0,0,1,0.0,0.0,0
394,203511254.87402952,1,0.0,8316119.155912381,4816141911,38.42746387023114,300.4014910142838,1,2.3195222902361793e+19,6579270.725996417,30584940502653.984,5427828.041448343,1.1600669945231161e+19,8181020.067505983,7.566995918750763e-10,0,0,1,0.0,0.0,0
395,203511254.87402952,1,0.0,8331854.246169837,4857630656,38.427560998931966,300.3839309827843,1,2.3596575586766877e+19,6318904.19546288,30194361267393.277,5427828.041448343,1.1801307229510177e+19,8243527.952758486,4.3655745685100555e-10,0,0,1,0.0,0.0,0
396,203511254.87402952,1,0.0,8348116.196422807,4899119401,38.425668524842166,300.3881330684485,1,2.4001370903116206e+19,6318904.19546288,30243236783113.082,5427828.041448343,1.2003709775236413e+19,8269491.4241515165,4.220055416226387e-10,0,0,1,0.0,0.0,0
397,203511254.87402952,1,0.0,8364378.143487809,4940608146,38.425883201360875,300.3902962701184,1,2.44096088514098e+19,6354304.255574958,30294699625385.367,5427828.041448343,1.220783389566744e+19,8269491.4241515165,4.220055416226387e-10,0,0,1,0.0,0.0,0
398,203511254.87402952,1,0.0,8380561.8954170775,4982096891,38.42610011226475,300.39248371949196,1,2.482128943164765e+19,6389704.315687037,30347887352025.973,5427828.041448343,1.2413679504559028e+19,8263861.59626183,3.550667315721512e-09,0,0,1,0.0,0.0,0
399,203511703.92371058,1,0.0,8396745.693092374,5023585187,38.426319311952994,300.39469596319316,1,2.5236408132150895e+19,6425107.88399975,30402803461686.52,5427828.041448343,1.2621244346421617e+19,8263868.612663097,6.257323548197746e-09,0,0,1,0.0,0.0,0
400,203511703.92371058,1,0.0,8412929.487887992,5065073483,38.426540821840604,300.396933286986,1,2.565496939007677e+19,6460511.452312462,30459444704108.723,5427828.041448343,1.2830530639508795e+19,8263868.612663097,7.188646122813225e-09,0,0,1,0.0,0.0,0
401,203511703.92371058,1,0.0,8429104.57198784,5106561779,38.426764680985656,300.39919611979946,1,2.607697320542527e+19,6495915.020625174,30517811079292.582,5427828.041448343,1.3041538383820564e+19,8263241.642994006,5.791662260890007e-09,0,0,1,0.0,0.0,0
402,203511703.92371058,1,0.0,8445279.653396787,5148050075,38.42699092934105,300.4014849003994,1,2.6502419578196406e+19,6531318.588937887,30577902587238.094,5427828.041448343,1.3254267579356926e+19,8263241.642994006,5.791662260890007e-09,0,0,1,0.0,0.0,0
403,203511703.92371058,1,0.0,8461972.041627755,5189538371,38.42721960778032,300.4038000776724,1,2.6931308508390167e+19,6566722.157250599,30639719227945.26,5427828.041448343,1.3468718226117878e+19,8300487.913942976,6.868503987789154e-09,0,0,1,0.0,0.0,0
404,203511703.92371058,1,0.0,8478663.432580592,5231026667,38.427450758124294,300.4061421109191,1,2.7363639996006547e+19,6602125.725563311,30703261001414.082,5427828.041448343,1.3684890324103416e+19,8300416.290961377,6.111804395914078e-09,0,0,1,0.0,0.0,0
405,203511703.92371058,1,0.0,8495354.821102742,5272514964,38.42768442316868,300.40851147015826,1,2.779941404104556e+19,6637529.293876023,30768527907644.56,5427828.041448343,1.3902783873313544e+19,8300416.290961377,6.111804395914078e-09,0,0,1,0.0,0.0,0
406,203377977.32436535,1,0.0,8512031.69701055,5314136986,38.427915239397024,300.41086454119466,1,2.8240051908559655e+19,6671888.123131352,30834219682739.773,5427828.041448343,1.41231093762481e+19,8298326.812846608,5.959009286016226e-09,0,0,1,0.0,0.0,0
407,203377977.32436535,1,0.0,8528708.570647016,5355759009,38.428148560437755,300.41324487717645,1,2.8684154561616966e+19,6706246.952386679,30901563707095.168,5427828.041448343,1.4345167437179193e+19,8298326.812846608,5.959009286016226e-09,0,0,1,0.0,0.0,0
408,203377977.32436535,1,0.0,8547858.686500322,5397381032,38.42837318784679,300.415652954742,1,2.9131722000217494e+19,6740605.781642007,30970559980710.742,5427828.041448343,1.4568958056106818e+19,8470484.703384357,6.446498446166515e-09,0,0,1,0.0,0.0,0
409,203377977.32436535,1,0.0,8567008.80045048,5439003054,38.42860041743094,300.41808926170455,1,2.9582754224361247e+19,6774964.610897334,31041208503586.492,5427828.041448343,1.4794481233030982e+19,8470484.703384357,1.1132215149700642e-08,0,0,1,0.0,0.0,0
410,203377977.32436535,1,0.0,8586158.912560929,5480625077,38.428830294624476,300.4205542973819,1,3.003725123404823e+19,6809323.440152662,31113509275722.42,5427828.041448343,1.5021736967951688e+19,8470484.703384357,1.1132215149700642e-08,0,0,1,0.0,0.0,0
411,203377977.32436535,1,0.0,8605094.008620514,5522247100,38.428736342594945,300.4015072071778,1,3.049521302927843e+19,6543666.006441634,30631740493199.57,5427828.041448343,1.5250669688688536e+19,8455003.67576587,1.0368239600211382e-08,0,0,1,0.0,0.0,0
412,203377977.32436535,1,0.0,8624029.10296099,5563869122,38.42690822464312,300.4058779636084,1,3.0956639610051846e+19,6543666.006441634,30692387623770.676,5427828.041448343,1.54813890437883e+19,8455003.67576587,1.0368239600211382e-08,0,0,1,0.0,0.0,0
413,203377977.32436535,1,0.0,8641809.656402083,5605491145,38.427124361843724,300.40820070760907,1,3.1421530976368497e+19,6578024.835696962,30755513128232.05,5427828.041448343,1.571384103949707e+19,8371876.850659945,1.1968950275331736e-08,0,0,1,0.0,0.0,0
414,203377977.32436535,1,0.0,8659590.208236765,5647113168,38.427342963770805,300.41055018965915,1,3.188988712822836e+19,6612383.66495229,30820290881953.6,5427828.041448343,1.5948025593202375e+19,8371876.850659945,1.1968950275331736e-08,0,0,1,0.0,0.0,0
415,203377977.32436535,1,0.0,8677370.758518586,5688735190,38.42756407267642,300.4129268741201,1,3.2361708065631445e+19,6646742.494207618,30886720884935.332,5427828.041448343,1.6183942704904217e+19,8371876.850659945,1.1968950275331736e-08,0,0,1,0.0,0.0,0
416,203377977.32436535,1,0.0,8695151.307299307,5730357213,38.4277877317962,300.4153312361689,1,3.283699378857775e+19,6681101.323462945,30954803137177.24,5427828.041448343,1.6421592374602592e+19,8371876.850659945,1.1968950275331736e-08,0,0,1,0.0,0.0,0
417,203377977.32436535,1,0.0,8712931.854628963,5771979236,38.428013985378186,300.4177637621147,1,3.331574429706729e+19,6715460.152718273,31024537638679.33,5427828.041448343,1.6660974602297514e+19,8371876.850659945,1.1968950275331736e-08,0,0,1,0.0,0.0,0
418,203377977.32436535,1,0.0,8730712.400555927,5813601258,38.42824287871253,300.42022494972656,1,3.379795959110004e+19,6749818.9819736015,31095924389441.594,5427828.041448343,1.6902089387988963e+19,8371876.850659945,1.1968950275331736e-08,0,0,1,0.0,0.0,0
419,203377977.32436535,1,0.0,8748578.514349842,5855223281,38.428470594196106,300.42271530857323,1,3.4283639670676013e+19,6784177.811228929,31168963389464.035,5427828.041448343,1.7144936731676953e+19,8375984.173358896,1.2390955816954374e-08,0,0,1,0.0,0.0,0
420,203377977.32436535,1,0.0,8766444.626833024,5896845304,38.42870105097655,300.4252353603748,1,3.477278453579521e+19,6818536.640484257,31243654638746.66,5427828.041448343,1.738951663336148e+19,8375984.173358896,1.302032615058124e-08,0,0,1,0.0,0.0,0
421,203377977.32436535,1,0.0,8784310.738049151,5938467326,38.42893429764276,300.4277856393671,1,3.5265394186457637e+19,6852895.469739584,31319998137289.46,5427828.041448343,1.7635829093042547e+19,8375984.173358896,1.302032615058124e-08,0,0,1,0.0,0.0,0
422,203377977.32436535,1,0.0,8802186.428807836,5980089349,38.42917008541403,300.43036669267923,1,3.5761468622663274e+19,6887139.329786487,31397977913357.535,5427828.041448343,1.7883874109122974e+19,8376444.0501925945,1.293301465921104e-08,0,0,1,0.0,0.0,0
423,203377977.32436535,1,0.0,8820062.118382534,6021711372,38.42940876290722,300.43297908072486,1,3.6261007844412137e+19,6921383.1898333905,31477607058766.566,5427828.041448343,1.8133651682911945e+19,8376444.0501925945,1.416628947481513e-08,0,0,1,0.0,0.0,0
424,203377977.32436535,1,0.0,8837937.80681271,6063333394,38.42965038233371,300.435623377608,1,3.676401185170423e+19,6955627.049880293,31558885573516.55,5427828.041448343,1.8385161814409466e+19,8376444.0501925945,1.3322278391569853e-08,0,0,1,0.0,0.0,0
425,203377977.32436535,1,0.0,8855813.494136516,6104955417,38.42989499718806,300.4383001715435,1,3.727048064453954e+19,6989870.909927196,31641813457607.496,5427828.041448343,1.863840450361553e+19,8376444.0501925945,1.3322278391569853e-08,0,0,1,0.0,0.0,0
426,203377977.32436535,1,0.0,8873689.18039083,6146577440,38.42998775491004,300.4207699043513,1,3.778041422291807e+19,6736096.672159441,31085281048469.383,5427828.041448343,1.889331563956388e+19,8376444.0501925945,1.3322278391569853e-08,0,0,1,0.0,0.0,0
427,203377977.32436535,1,0.0,8891564.865611304,6188199462,38.42786993011264,300.422382568866,1,3.829381258683981e+19,6736096.672159441,31156725743113.973,5427828.041448343,1.9150021965994217e+19,8376444.0501925945,1.2390955816954374e-08,0,0,1,0.0,0.0,0
428,203377977.32436535,1,0.0,8909440.549832398,6229821485,38.42809920385727,300.4248986431121,1,3.8810675736304796e+19,6770340.532206344,31230644491769.996,5427828.041448343,1.9408460932601573e+19,8376444.0501925945,1.2390955816954374e-08,0,0,1,0.0,0.0,0
429,203377977.32436535,1,0.0,8927316.233087426,6271443508,38.42833125835664,300.427444872799,1,3.933100367131299e+19,6804584.392253247,31306212609766.98,5427828.041448343,1.966863245691747e+19,8376444.0501925945,1.2390955816954374e-08,0,0,1,0.0,0.0,0
430,203377977.32436535,1,0.0,8945191.915408589,6313065530,38.42856614320858,300.43002180331973,1,3.98547963918644e+19,6838828.25230015,31383430097104.918,5427828.041448343,1.993053653894191e+19,8376444.0501925945,1.2390955816954374e-08,0,0,1,0.0,0.0,0
431,203377977.32436535,1,0.0,8963067.596827013,6354687553,38.42880390921406,300.432629993299,1,4.038205389795904e+19,6873072.112347053,31462296953783.812,5427828.041448343,2.0194173178674897e+19,8376444.0501925945,1.2390955816954374e-08,0,0,1,0.0,0.0,0
432,203377977.32436535,1,0.0,8980943.277372794,6396309576,38.42904460841398,300.43527001499695,1,4.091277618959692e+19,6907315.972393956,31542813179803.664,5427828.041448343,2.045954237611644e+19,8376444.0501925945,1.2390955816954374e-08,0,0,1,0.0,0.0,0
433,203377977.32436535,1,0.0,8998818.547623828,6437931598,38.42928829412717,300.437942454728,1,4.1446963266778e+19,6941559.832440859,31624978775164.473,5427828.041448343,2.0726644131266515e+19,8376424.396535369,9.742507245391607e-09,0,0,1,0.0,0.0,0
434,203377977.32436535,1,0.0,9018010.128631646,6479553621,38.42947673069385,300.4406479132947,1,4.19846151295023e+19,6975803.692487761,31708793739866.24,5427828.041448343,2.099547844412514e+19,8439607.352002252,4.300090949982405e-09,0,0,1,0.0,0.0,0
435,203377977.32436535,1,0.0,9037201.70885121,6521175644,38.429668657680566,300.44338700643806,1,4.252573177776984e+19,7010047.552534665,31794258073908.965,5427828.041448343,2.1266045314692313e+19,8439607.352002252,4.300090949982405e-09,0,0,1,0.0,0.0,0
436,203377977.32436535,1,0.0,9056393.288308792,6562797667,38.4298641290681,300.4461603653048,1,4.307031321158059e+19,7044291.412581568,31881371777292.645,5427828.041448343,2.1538344742968025e+19,8439607.352002252,4.300090949982405e-09,0,0,1,0.0,0.0,0
437,203377977.32436535,1,0.0,9075584.867029792,6604419689,38.43006320032046,300.4489686369322,1,4.361835943093455e+19,7078535.27262847,31970134850017.28,5427828.041448343,2.181237672895228e+19,8439607.352002252,4.300090949982405e-09,0,0,1,0.0,0.0,0
438,203377977.32436535,1,0.0,9094775.376219412,6646041712,38.43026596788839,300.45181248475126,1,4.416987043583175e+19,7112785.344488412,32060548217167.68,5427828.041448343,2.208814127273759e+19,8439556.048673442,6.2791514210402966e-09,0,0,1,0.0,0.0,0
439,205346334.91583788,1,0.0,9114179.46518856,6685695377,38.430564244710666,300.455488802761,1,4.469852267334159e+19,7162413.210031733,32179166962490.023,5427828.041448343,2.2352479253367042e+19,8470311.6360402,5.144102033227682e-09,0,0,1,0.0,0.0,0
440,205346334.91583788,1,0.0,9133583.553492358,6725349042,38.43086851308185,300.45922543866124,1,4.523031973716063e+19,7212041.075575055,32300725089020.84,5427828.041448343,2.261838994108922e+19,8470311.6360402,5.144102033227682e-09,0,0,1,0.0,0.0,0
441,205346334.91583788,1,0.0,9152987.641152984,6765002707,38.431032213445675,300.44272629365946,1,4.576526162728889e+19,6959404.106265469,31658957403468.062,5427828.041448343,2.288579670938479e+19,8470311.6360402,5.144102033227682e-09,0,0,1,0.0,0.0,0
442,205225203.73332608,1,0.0,9172378.584617378,6804777503,38.428691171934396,300.44248720273686,1,4.630499687054503e+19,6958457.768902096,31763402171078.414,5427828.041448343,2.315567477548962e+19,8468418.961313453,5.078618414700031e-09,0,0,1,0.0,0.0,0
443,205225203.73332608,1,0.0,9192295.83007102,6844552300,38.42895513668946,300.4459656803028,1,4.684789618263728e+19,7000823.665998999,31871863668324.035,5427828.041448343,2.3427135277685473e+19,8493681.485645631,3.623426891863346e-09,0,0,1,0.0,0.0,0
444,205225203.73332608,1,0.0,9212213.074943684,6884327096,38.4292245210587,300.4494992811748,1,4.7393959563565646e+19,7043189.563095902,31982912091796.66,5427828.041448343,2.3700178072992002e+19,8493681.485645631,3.623426891863346e-09,0,0,1,0.0,0.0,0
445,205225203.73332608,1,0.0,9230861.900640735,6924101892,38.42953644466098,300.4530893261236,1,4.7943187013330125e+19,7100776.483560842,32097837299109.08,5427828.041448343,2.3974803290394972e+19,8432797.392173482,3.9508449845016e-09,0,0,1,0.0,0.0,0
446,205225203.73332608,1,0.0,9249487.144127922,6963876688,38.429854971343644,300.45673717845415,1,4.849557853193071e+19,7158646.384029451,32216286757128.35,5427828.041448343,2.4251010894641066e+19,8431665.472158806,4.358298610895872e-09,0,0,1,0.0,0.0,0
447,205225203.73332608,1,0.0,9268112.387090318,7003651485,38.43017954272511,300.46044424573216,1,4.90511341193674e+19,7216516.28449806,32338244897581.605,5427828.041448343,2.452880088417346e+19,8431665.472158806,4.358298610895872e-09,0,0,1,0.0,0.0,0
448,205225203.73332608,1,0.0,9286737.629545411,7043426281,38.4305102902398,300.46421198159476,1,4.9609853775640216e+19,7274386.184966669,32463711720468.836,5427828.041448343,2.4808173258992157e+19,8431665.472158806,4.358298610895872e-09,0,0,1,0.0,0.0,0
449,205225203.73332608,1,0.0,9305362.871510116,7083201077,38.43084734974016,300.468041887651,1,5.017173750074912e+19,7332256.085435279,32592687225790.043,5427828.041448343,2.5089128019097137e+19,8431665.472158806,4.358298610895872e-09,0,0,1,0.0,0.0,0
450,205225203.73332608,1,0.0,9323988.113000773,7122975874,38.431190861677926,300.4719355154774,1,5.073678529469415e+19,7390125.985903887,32725171413545.23,5427828.041448343,2.537166516448843e+19,8431665.472158806,4.358298610895872e-09,0,0,1,0.0,0.0,0
451,205225203.73332608,1,0.0,9342868.445712171,7162750670,38.431533279592216,300.47589446871365,1,5.130499715747529e+19,7444934.786224732,32860036929069.984,5427828.041448343,2.5655784582430552e+19,8443909.872749861,4.9112713895738125e-09,0,0,1,0.0,0.0,0
452,205225203.73332608,1,0.0,9361748.777980598,7202525466,38.4318823688696,300.4799204052648,1,5.1876373089092534e+19,7499743.586545578,32998152958148.47,5427828.041448343,2.5941486359842083e+19,8443909.872749861,4.9112713895738125e-09,0,0,1,0.0,0.0,0
453,205225203.73332608,1,0.0,9380629.109820824,7242300262,38.43223828408086,300.4840150396164,1,5.24509130895459e+19,7554552.386866423,33139519500780.684,5427828.041448343,2.6228770496723026e+19,8443909.872749861,4.9112713895738125e-09,0,0,1,0.0,0.0,0
454,205225203.73332608,1,0.0,9399509.44124712,7282075059,38.43241863848141,300.4670486563017,1,5.302861715883537e+19,7193660.5833415035,32370019502876.773,5427828.041448343,2.651754558136797e+19,8443909.872749861,4.9112713895738125e-09,0,0,1,0.0,0.0,0
455,205225203.73332608,1,0.0,9418389.772273285,7321849855,38.429934726083324,300.4654574373313,1,5.3609485296960954e+19,7193660.5833415035,32490473759857.543,5427828.041448343,2.6807991695856464e+19,8443909.872749861,4.9112713895738125e-09,0,0,1,0.0,0.0,0
456,205225203.73332608,1,0.0,9437270.102912657,7361624651,38.43026749924199,300.46930800705235,1,5.419351750392264e+19,7248469.383662349,32615803787168.906,5427828.041448343,2.710002033234004e+19,8443909.872749861,4.9112713895738125e-09,0,0,1,0.0,0.0,0
457,205225203.73332608,1,0.0,9456150.433178129,7401399447,38.430606669823526,300.4732228170966,1,5.478071377972044e+19,7303278.183983194,32744384328034.004,5427828.041448343,2.7393631328293024e+19,8443909.872749861,4.9112713895738125e-09,0,0,1,0.0,0.0,0
458,205225203.73332608,1,0.0,9475029.368478483,7441174244,38.4309524380322,300.4772034886007,1,5.5371074124354355e+19,7358086.984304039,32876215382452.832,5427828.041448343,2.7688824683715424e+19,8443842.931773309,5.085894372314215e-09,0,0,1,0.0,0.0,0
459,205225203.73332608,1,0.0,9493908.303429447,7480949040,38.43130490041007,300.48125169771106,1,5.596459853782438e+19,7412895.784624885,33011296950425.39,5427828.041448343,2.7985600398607233e+19,8443842.931773309,5.085894372314215e-09,0,0,1,0.0,0.0,0
460,205225203.73332608,1,0.0,9512787.238042671,7520723836,38.43166421339859,300.48536917793683,1,5.656128702013052e+19,7467704.58494573,33149629031951.684,5427828.041448343,2.8283958472968454e+19,8443842.931773309,5.085894372314215e-09,0,0,1,0.0,0.0,0
461,205225203.73332608,1,0.0,9531666.17232941,7560498632,38.43203053892037,300.48955772262536,1,5.716113957127276e+19,7522513.385266575,33291211627031.707,5427828.041448343,2.8583898906799084e+19,8443842.931773309,5.085894372314215e-09,0,0,1,0.0,0.0,0
462,205225203.73332608,1,0.0,9550545.106300546,7600273429,38.43240404461573,300.4938191875663,1,5.776415619125113e+19,7577322.18558742,33436044735665.465,5427828.041448343,2.888542170009913e+19,8443842.931773309,5.085894372314215e-09,0,0,1,0.0,0.0,0
463,205225203.73332608,1,0.0,9569424.0399666,7640048225,38.432784904091676,300.4981554937332,1,5.837033688006559e+19,7632130.985908265,33584128357852.953,5427828.041448343,2.9188526852868583e+19,8443842.931773309,5.085894372314215e-09,0,0,1,0.0,0.0,0
464,205225203.73332608,1,0.0,9588302.97333774,7679823021,38.43317329718431,300.5025686301709,1,5.897968163771617e+19,7686939.78622911,33735462493594.17,5427828.041448343,2.9493214365107446e+19,8443842.931773309,5.085894372314215e-09,0,0,1,0.0,0.0,0
465,205225203.73332608,1,0.0,9607181.9064238,7719597818,38.4335694102351,300.5070606570377,1,5.959219046420285e+19,7741748.586549956,33890047142889.125,5427828.041448343,2.9799484236815712e+19,8443842.931773309,5.085894372314215e-09,0,0,1,0.0,0.0,0
466,205225203.73332608,1,0.0,9626971.204921527,7759372614,38.433939631296894,300.5116337088121,1,6.020786335952566e+19,7796557.386870801,34047882305737.81,5427828.041448343,3.0107336467993403e+19,8487540.484761167,4.678440745919943e-09,0,0,1,0.0,0.0,0
467,205225203.73332608,1,0.0,9646760.503152858,7799147410,38.434093279438535,300.49419879985436,1,6.0826700323684565e+19,7435665.583345882,33180985299692.97,5427828.041448343,3.041666826037225e+19,8487540.484761167,4.678440745919943e-09,0,0,1,0.0,0.0,0
468,205225203.73332608,1,0.0,9666725.312484793,7838922206,38.43138240675989,300.49094309665173,1,6.144870135667959e+19,7435665.583345882,33317908176890.203,5427828.041448343,3.0727682469157487e+19,8500177.3025455,5.420588422566652e-09,0,0,1,0.0,0.0,0
469,205225203.73332608,1,0.0,9686690.1215678,7878697003,38.43172674464987,300.4952288198866,1,6.207386645851073e+19,7490474.383666727,33459706824418.035,5427828.041448343,3.1040279199937806e+19,8500177.3025455,4.954927135258913e-09,0,0,1,0.0,0.0,0
470,205225203.73332608,1,0.0,9707226.899530314,7918471799,38.43206171517074,300.4995900271258,1,6.270219562917797e+19,7539056.160126678,33603753229476.492,5427828.041448343,3.1354458189911933e+19,8527631.820312353,7.225025910884142e-09,0,0,1,0.0,0.0,0
471,205225203.73332608,1,0.0,9727763.67726022,7958246595,38.432404585194014,300.5040287303256,1,6.333368886868133e+19,7587637.93658663,33750640644395.793,5427828.041448343,3.16702194984051e+19,8527631.820312353,7.225025910884142e-09,0,0,1,0.0,0.0,0
472,205225203.73332608,1,0.0,9748300.454765266,7998021391,38.43275553564463,300.50854701358566,1,6.39683461770208e+19,7636219.713046581,33900369069175.94,5427828.041448343,3.1987563125417316e+19,8527631.820312353,7.225025910884142e-09,0,0,1,0.0,0.0,0
473,205225203.73332608,1,0.0,9768837.232052952,8037796188,38.43311475444868,300.5131470364119,1,6.460616755419636e+19,7684801.4895065315,34052938503816.938,5427828.041448343,3.230648907094856e+19,8527631.820312353,7.225025910884142e-09,0,0,1,0.0,0.0,0
474,205225203.73332608,1,0.0,9789374.009130519,8077570984,38.433482436843406,300.517831037158,1,6.524715300020805e+19,7733383.265966483,34208348948318.78,5427828.041448343,3.2626997334998856e+19,8527631.820312353,7.225025910884142e-09,0,0,1,0.0,0.0,0
475,205225203.73332608,1,0.0,9808630.280186715,8117345780,38.43385878570469,300.52260133665715,1,6.589130251505585e+19,7781965.042426434,34366600402681.47,5427828.041448343,3.2949087917568197e+19,8466167.541035866,9.320501703768969e-09,0,0,1,0.0,0.0,0
476,205225203.73332608,1,0.0,9827886.551046565,8157120576,38.434244011892936,300.5274603420566,1,6.653861609873976e+19,7830546.818886385,34527692866905.004,5427828.041448343,3.3272760818656567e+19,8466167.541035866,9.320501703768969e-09,0,0,1,0.0,0.0,0
477,205225203.73332608,1,0.0,9847142.821716622,8196895373,38.43463833461866,300.53241055086767,1,6.718909375125978e+19,7879128.595346336,34691626340989.383,5427828.041448343,3.3598016038263992e+19,8466167.541035866,9.320501703768969e-09,0,0,1,0.0,0.0,0
478,205225203.73332608,1,0.0,9866583.094802348,8236670169,38.435041981829066,300.53745455524637,1,6.7842735472615916e+19,7927710.371806288,34858400824934.613,5427828.041448343,3.392485357639045e+19,8479415.728174295,9.320501703768969e-09,0,0,1,0.0,0.0,0
479,205225203.73332608,1,0.0,9886023.367710723,8276444965,38.43545519061704,300.5425950465196,1,6.849954126280816e+19,7976292.148266239,35028016318740.688,5427828.041448343,3.4253273433035956e+19,8479415.728174295,9.320501703768969e-09,0,0,1,0.0,0.0,0
480,205225203.73332608,1,0.0,9905463.640447652,8316219762,38.435572779063534,300.5247003086587,1,6.9159511121836515e+19,7627527.292181079,34090044140585.1,5427828.041448343,3.4583164565332316e+19,8479415.728174295,9.320501703768969e-09,0,0,1,0.0,0.0,0
481,205225203.73332608,1,0.0,9924903.913018852,8355994558,38.43265839651627,300.5193813036739,1,6.982264504970097e+19,7627527.292181079,34241718151988.457,5427828.041448343,3.491474669666568e+19,8479415.728174295,9.320501703768969e-09,0,0,1,0.0,0.0,0
482,205225203.73332608,1,0.0,9944344.185429849,8395769354,38.43304108269584,300.52418034062913,1,7.048894304640154e+19,7676109.068641031,34397653678183.086,5427828.041448343,3.524791128856859e+19,8479415.728174295,9.320501703768969e-09,0,0,1,0.0,0.0,0
483,205225203.73332608,1,0.0,9963988.107261451,8435544150,38.43342605477698,300.52906889001883,1,7.115840511193823e+19,7724690.845100982,34556430214238.56,5427828.041448343,3.5582658198990537e+19,8489190.907796895,1.3249518815428019e-08,0,0,1,0.0,0.0,0
484,205225203.73332608,1,0.0,9982788.704438828,8475318947,38.433820243885066,300.5340494798202,1,7.183103124631102e+19,7773272.621560933,34718047760154.88,5427828.041448343,3.5918987427931525e+19,8428471.543471424,1.3729732017964125e-08,0,0,1,0.0,0.0,0
485,205225203.73332608,1,0.0,10001589.301471498,8515093743,38.434223879835365,300.53912473410753,1,7.250682144951993e+19,7821854.398020884,34882506315932.043,5427828.041448343,3.625689897539156e+19,8428471.543471424,1.3729732017964125e-08,0,0,1,0.0,0.0,0
486,205225203.73332608,1,0.0,10020389.167630935,8554868539,38.43463722486624,300.5442973776621,1,7.3185775721564955e+19,7870436.174480836,35049805881570.06,5427828.041448343,3.6596392841370636e+19,8428436.468271062,7.850758265703917e-09,0,0,1,0.0,0.0,0
487,205225203.73332608,1,0.0,10039189.03365515,8594643335,38.4350605043593,300.5495702408498,1,7.386789406244607e+19,7919017.950940787,35219946457068.914,5427828.041448343,3.693746902586874e+19,8428436.468271062,7.152266334742308e-09,0,0,1,0.0,0.0,0
488,205225203.73332608,1,0.0,10057988.899548642,8634418132,38.43549397740657,300.55494626478605,1,7.45531764721633e+19,7967599.727400738,35392928042428.625,5427828.041448343,3.7280127528885895e+19,8428436.468271062,7.152266334742308e-09,0,0,1,0.0,0.0,0
489,205225203.73332608,1,0.0,10076789.087533753,8674192928,38.43593790429282,300.56042850680575,1,7.524162295071665e+19,8016177.6372449985,35568749710111.98,5427828.041448343,3.762436835032934e+19,8428451.934733825,6.730260793119669e-09,0,0,1,0.0,0.0,0
490,205225203.73332608,1,0.0,10095754.178502625,8713967724,38.43639257550892,300.56602014626117,1,7.593323349810612e+19,8064755.547089258,35747412181563.38,5427828.041448343,3.7970191490271216e+19,8436367.283817615,7.195922080427408e-09,0,0,1,0.0,0.0,0
491,205225203.73332608,1,0.0,10115130.62627254,8753742520,38.436858283877726,300.5717244906706,1,7.66280081143317e+19,8113333.456933519,35928915456782.83,5427828.041448343,3.831759694871153e+19,8465984.981994338,4.838511813431978e-09,0,0,1,0.0,0.0,0
492,205225203.73332608,1,0.0,10134507.073928315,8793517317,38.4373353346019,300.57754498224216,1,7.732594679939337e+19,8161911.366777779,36113259535770.336,5427828.041448343,3.866658472565027e+19,8465984.981994338,4.838511813431978e-09,0,0,1,0.0,0.0,0
493,205085558.50265378,1,0.0,10153868.368996482,8833431758,38.437414607538514,300.5591292503894,1,7.80295166270214e+19,7849488.872200421,35099386951071.758,5427828.041448343,3.901826825220581e+19,8463803.025266161,8.11269273981452e-09,0,0,1,0.0,0.0,0
494,205085558.50265378,1,0.0,10174434.147649594,8873346200,38.434233837384475,300.5512338032532,1,7.873627277992949e+19,7836711.15362178,35264035095647.33,5427828.041448343,3.937166279347431e+19,8521618.2424631,8.716597221791744e-09,0,0,1,0.0,0.0,0
495,205085558.50265378,1,0.0,10194999.926199604,8913260641,38.43463077442073,300.55655808597135,1,7.944621525811769e+19,7871420.36652277,35432460698695.59,5427828.041448343,3.972665087512871e+19,8521618.2424631,8.716597221791744e-09,0,0,1,0.0,0.0,0
496,205085558.50265378,1,0.0,10215567.08208732,8953175083,38.43503780379928,300.5619862246781,1,8.015934406158598e+19,7906129.579423761,35603295760664.27,5427828.041448343,4.008323236036905e+19,8521717.41795413,7.07223080098629e-09,0,0,1,0.0,0.0,0
497,205085558.50265378,1,0.0,10236134.237878691,8993089524,38.43545519690985,300.56752128804015,1,8.087565919033432e+19,7940838.792324753,35776540281553.37,5427828.041448343,4.044140724919532e+19,8521717.41795413,7.07223080098629e-09,0,0,1,0.0,0.0,0
498,205085558.50265378,1,0.0,10256701.393576933,9033003966,38.4358832363594,300.5731664668213,1,8.15951606443628e+19,7975548.005225744,35952194261362.875,5427828.041448343,4.080117554160754e+19,8521717.41795413,7.07223080098629e-09,0,0,1,0.0,0.0,0
499,205085558.50265378,1,0.0,10277279.648337536,9072918407,38.43632221652743,300.578925080016,1,8.231784842367137e+19,8010257.218126735,36130257700092.79,5427828.041448343,4.1162537237605695e+19,8522250.177268784,5.6461431086063385e-09,0,0,1,0.0,0.0,0
500,1145000000.0,0,234709.2129009913,9991896.111284737,8172918407,27.591069142369175,300.8505987297298,0,6.679659529071504e+19,18623204.207320616,73328864927315.86,5193118.828547351,3.3405630531850252e+19,8522247.322798997,4.118192009627819e-09,0,0,1,0.0,0.0,0
501,797872949.6971416,1,0.0,9830418.112591589,7620045458,38.48007997787209,420.0,1,5.806509277437867e+19,25168256.075777873,137681456164143.25,6056534.95975446,2.9046314532805747e+19,8512782.288292665,3.5688572097569704e-09,0,0,1,0.0,0.0,0
502,585000000.0,1,0.0,9743790.249352215,7280045458,38.41293718662707,420.0,1,5.299906186327812e+19,28782318.479967613,153896963884867.88,7471157.321051486,2.6514920628027544e+19,8512782.288292665,2.928572939708829e-09,0,0,1,0.0,0.0,0
503,385342234.0106151,1,0.0,9727710.703956123,7139703223,38.44323427080596,300.6031651207294,1,5.097536211951623e+19,30056641.43896925,158112788624171.66,7236448.108150494,2.5503492338620535e+19,8512782.288292665,3.372406354174018e-09,0,0,1,0.0,0.0,0
504,1145000000.0,0,234709.2129009913,9355839.77964321,6239703223,0.3204129111083424,0.5967858692516154,0,3.893389631723389e+19,43834496.62940648,273627515274584.3,10907988.895249503,1.94943109101444e+19,8512781.902129166,2.8448994271457195e-09,0,0,1,0.0,0.0,0
505,349800000.0,1,0.0,9358951.041423995,6134903223,38.530351017326545,420.0,1,3.763703756159034e+19,44387348.41521391,290773566828717.75,11473279.682348512,1.884759613747804e+19,8512788.711388784,3.6670826375484467e-09,0,0,1,0.0,0.0,0
506,349800000.0,1,0.0,9362237.073117277,6030103223,38.516998201427604,420.0,1,3.63621448859468e+19,44940200.201021336,301841055380776.94,12038570.469447521,1.8211256548511476e+19,8521177.670072518,2.5538611225783825e-09,0,0,1,0.0,0.0,0
507,385342234.0106151,1,0.0,9349549.939594446,5889760989,38.50930246553815,300.6295237676144,1,3.4689284513195434e+19,45909562.541640654,308817677617794.2,11803861.25654653,1.7375524024359496e+19,8521177.670072518,9.487848728895187e-09,0,0,1,0.0,0.0,0
508,813415226.2398715,1,0.0,9123836.307006894,5321345763,12.37432812360769,120.0,1,2.831672073194915e+19,54506402.23744607,444724420355699.5,14180149.021145038,1.4202832808010146e+19,8521177.670072518,6.853952072560787e-09,0,0,1,0.0,0.0,0
509,265171117.00530756,1,0.0,9154670.803048186,5301174646,38.53206058592835,300.64358926252294,1,2.8102452629878383e+19,53867509.30065945,431908443430998.8,13945439.808244048,1.409441715928229e+19,8521177.670072518,6.81757228448987e-09,0,0,1,0.0,0.0,0
510,285171285.6022967,1,0.0,9178994.82748852,5261003361,38.883122084989765,304.4105720779559,1,2.767815636058225e+19,53462993.33961879,436686172790547.94,14258274.679727027,1.388274679757018e+19,8521177.670072518,6.83940015733242e-09,0,0,1,0.0,0.0,0
511,265171117.00530756,1,0.0,9210113.105647508,5240832244,38.55928338476761,300.75810596708436,1,2.7466322605838246e+19,52824100.40283216,424843881513464.75,14023565.466826037,1.377564569107047e+19,8534799.216674255,7.516064215451479e-09,0,0,1,0.0,0.0,0
512,265171117.00530756,1,0.0,9241231.383757468,5220661127,38.974622724468404,305.2078248948258,1,2.725530259901671e+19,52185207.46604553,426770327492727.06,14258274.679727027,1.3670328332257628e+19,8534799.216674255,7.516064215451479e-09,0,0,1,0.0,0.0,0
513,265171518.63335556,1,0.0,9272349.70539948,5200489608,38.59962657390435,300.9221971653617,1,2.704509216279253e+19,51546316.09811846,415933211179483.0,14023563.897966474,1.3564139402514213e+19,8534805.492112506,8.039933163672686e-09,0,0,1,0.0,0.0,0
514,265171920.26140356,1,0.0,9309023.451812942,5180317688,38.747038562723496,301.7674426584368,1,2.683569134577438e+19,50907429.43677008,415438124589786.8,14258274.679727027,1.3459389485346169e+19,8534805.492112506,8.098140824586153e-09,0,0,1,0.0,0.0,0
515,265171920.26140356,1,0.0,9345697.198182115,5160145767,38.5997104806226,300.952693045567,1,2.6627104341490282e+19,50268542.77542171,405165535472652.7,14023563.897966474,1.3354068724292407e+19,8534805.492112506,7.981725502759218e-09,0,0,1,0.0,0.0,0
516,265171920.26140356,1,0.0,9382370.94450849,5139973847,38.75453872870454,301.8829610304461,1,2.641933114994026e+19,49629656.11407333,405234940085386.5,14258274.679727027,1.325018906897867e+19,8534805.492112506,7.981725502759218e-09,0,0,1,0.0,0.0,0
517,265171920.26140356,1,0.0,9419044.690990044,5119801927,38.600172006364694,300.98527482320225,1,2.6212371771124294e+19,48990769.44800753,395526842102581.6,14023563.897966474,1.3145738569772405e+19,8534805.501547344,8.869392331689596e-09,0,0,1,0.0,0.0,0
518,265171920.26140356,1,0.0,9455146.118758649,5099630007,38.69420336531138,301.79434005276755,1,2.60062262050424e+19,48365618.43009245,398822446121098.75,14258274.679727027,1.304299534713331e+19,8507334.205245923,8.174538379535079e-09,0,0,1,0.0,0.0,0
519,265171920.26140356,1,0.0,9491247.54648859,5079458086,38.577629232878785,300.39157463069085,1,2.5800894451694563e+19,47882874.28513514,391660962680531.6,14023563.897966474,1.2939613322115334e+19,8507334.205245923,8.174538379535079e-09,0,0,1,0.0,0.0,0
520,265171920.26140356,1,0.0,9527348.974181155,5059286166,38.70283650050267,301.91351969665817,1,2.55963765110808e+19,47510623.29391233,395404918748579.4,14258274.679727027,1.2837728747415257e+19,8507334.205245923,8.174538379535079e-09,0,0,1,0.0,0.0,0
521,265171920.26140356,1,0.0,9563450.401837584,5039114246,38.57591420549755,300.39697019461505,1,2.5392672383201096e+19,47285472.275997244,388573705477155.56,14023563.897966474,1.2735193562148264e+19,8507334.205245923,8.174538379535079e-09,0,0,1,0.0,0.0,0
522,265171920.26140356,1,0.0,9595022.581573976,5018942326,38.67716573906083,301.1156136600157,1,2.518978206805546e+19,46860321.25808216,389689812562267.7,14258274.679727027,1.2633860015283958e+19,8507334.205245923,8.174538379535079e-09,0,0,1,0.0,0.0,0
523,265171920.26140356,1,0.0,9625568.453606164,4998770405,38.57033926574342,300.7245145837903,1,2.4987705565643882e+19,46235170.240167074,380896195237056.2,14023563.897966474,1.2531942402345646e+19,8507334.205245923,8.210918167605996e-09,0,0,1,0.0,0.0,0
524,265171920.26140356,1,0.0,9656114.325605711,4978598485,38.65697801248834,301.45372840710996,1,2.4786442875966382e+19,45740597.65873088,384980252193656.2,14258274.679727027,1.2431719463202556e+19,8507334.205245923,8.174538379535079e-09,0,0,1,0.0,0.0,0
525,265171920.26140356,1,0.0,9686660.197573712,4958426565,38.56960936072383,300.3725268829982,1,2.458599399902293e+19,45446025.077294685,378535270034045.94,14023563.897966474,1.233085052651487e+19,8507334.205245923,8.174538379535079e-09,0,0,1,0.0,0.0,0
526,265171920.26140356,1,0.0,9716069.536826856,4938254645,38.65708840295852,300.9419239167303,1,2.438635893481356e+19,45022210.090749465,380372036513449.8,14258274.679727027,1.2231216671058125e+19,8452780.636396712,1.3773387763649225e-08,0,0,1,0.0,0.0,0
527,265171920.26140356,1,0.0,9745478.876050515,4918082724,38.55988872982477,300.6470298772515,1,2.418753768333824e+19,44398395.104204245,372299071422482.75,14023563.897966474,1.2130998748811368e+19,8452780.636396712,1.3802491594105959e-08,0,0,1,0.0,0.0,0
528,265171920.26140356,1,0.0,9774888.21524568,4897910804,38.62799306948701,301.172091629274,1,2.3989530244597e+19,43905158.554137915,376793412160243.3,14258274.679727027,1.2032444463514524e+19,8452780.636396712,1.3773387763649225e-08,0,0,1,0.0,0.0,0
529,265171920.26140356,1,0.0,9804297.554413296,4877738884,38.56436890992257,300.350919149615,1,2.379233661858981e+19,43611922.00407159,370758706621746.25,14023563.897966474,1.193324417995708e+19,8452780.636396712,1.3773387763649225e-08,0,0,1,0.0,0.0,0
530,265171920.26140356,1,0.0,9833706.89355428,4857566964,38.64208493876062,300.8150317338101,1,2.3595956805316694e+19,43188107.01752637,373296856219292.56,14258274.679727027,1.1835308088280277e+19,8452780.636396712,1.3773387763649225e-08,0,0,1,0.0,0.0,0
531,265171920.26140356,1,0.0,9863116.232669523,4837395043,38.55128290216568,300.584517452658,1,2.3400390804777636e+19,42626502.8970104,365921404054615.9,14023563.897966474,1.1736787542794279e+19,8452780.636396712,1.3802491594105959e-08,0,0,1,0.0,0.0,0
532,265171920.26140356,1,0.0,9892525.571759881,4817223123,38.607731137616966,300.9818699326185,1,2.3205638616972653e+19,42400554.27254294,370737354606139.2,14258274.679727027,1.163989304394694e+19,8452780.636396712,1.3773387763649225e-08,0,0,1,0.0,0.0,0
533,265171920.26140356,1,0.0,9920703.706362523,4797051203,38.55967428647004,300.331680627778,1,2.3011700241901724e+19,42331055.20759242,365154793290993.4,14023563.897966474,1.1542365600279962e+19,8393682.82214103,7.981725502759218e-09,0,0,1,0.0,0.0,0
534,265171920.26140356,1,0.0,9949894.531269908,4776879282,38.60953105049209,301.016514235021,1,2.281857567956487e+19,42330977.706163,370055673328539.2,14258274.679727027,1.1446293407115289e+19,8442291.9578848,7.312337402254343e-09,0,0,1,0.0,0.0,0
535,265171920.26140356,1,0.0,9978728.800116617,4756707362,38.55864624754414,300.3355437068689,1,2.262626492996207e+19,42330900.20473359,364505796409334.44,14023563.897966474,1.134958304462197e+19,8416619.923134407,1.0644725989550352e-08,0,0,1,0.0,0.0,0
536,265171920.26140356,1,0.0,10007870.497431476,4736535442,38.620453895957546,300.6280478733723,1,2.2434767993093345e+19,42130822.70330417,367422848814048.4,14258274.679727027,1.1254126281428077e+19,8431376.490648808,1.0644725989550352e-08,0,0,1,0.0,0.0,0
537,265171920.26140356,1,0.0,10035264.527180023,4716363522,38.538758561883355,300.48908267085574,1,2.2244084868958675e+19,41791902.07483254,360326312560789.5,14023563.897966474,1.1158075065735416e+19,8431376.490648808,1.0673829820007086e-08,0,0,1,0.0,0.0,0
538,265171920.26140356,1,0.0,10064406.224453572,4696191601,38.59364852190445,300.8702892431126,1,2.205421555755808e+19,41722403.00988201,365080695997400.4,14258274.679727027,1.106361584837878e+19,8431376.490648808,1.0644725989550352e-08,0,0,1,0.0,0.0,0
539,265171920.26140356,1,0.0,10093547.921707498,4676019681,38.55442784571106,300.3179117619806,1,2.186516005889154e+19,41652903.94493149,359657276437925.4,14023563.897966474,1.0968545757089563e+19,8431376.490648808,1.0644725989550352e-08,0,0,1,0.0,0.0,0
540,265171920.26140356,1,0.0,10123087.134977818,4655847761,38.594894622340036,300.8973982256066,1,2.1676918372959072e+19,41652826.443502076,364472112895885.7,14258274.679727027,1.0874906397769124e+19,8450457.26034637,1.125590642914176e-08,0,0,1,0.0,0.0,0
541,265171920.26140356,1,0.0,10152540.685922895,4635675841,38.55348446609684,300.3214590516178,1,2.1489490499760665e+19,41652748.94207266,359081377732351.7,14023563.897966474,1.0780653387653566e+19,8527018.017904451,1.3467797543853521e-08,0,0,1,0.0,0.0,0
542,265171920.26140356,1,0.0,10177681.051036442,4615503920,38.60655400328315,300.5108492822755,1,2.1302876439296328e+19,41463190.84098578,362308844207567.7,14258274.679727027,1.0687669104068921e+19,8505979.217219368,1.350781531073153e-08,0,0,1,0.0,0.0,0
543,265171920.26140356,1,0.0,10202821.416132849,4595332000,38.533283002059434,300.45878270529806,1,2.1117076191566045e+19,41134789.61285669,355522790361367.2,14023563.897966474,1.059409037481916e+19,8505979.217219368,1.3547833077609539e-08,0,0,1,0.0,0.0,0
544,265171920.26140356,1,0.0,10233517.336768243,4575160080,38.58357718540292,300.78148095872257,1,2.093208975656984e+19,41075809.948248714,360342539206336.5,14258274.679727027,1.0502079132205554e+19,8505979.217219368,1.350781531073153e-08,0,0,1,0.0,0.0,0
545,265171920.26140356,1,0.0,10264212.93516965,4554988160,38.55215053382221,300.3052404902968,1,2.074791713430769e+19,41016838.01687211,355229850171436.9,14023563.897966474,1.0409481552170988e+19,8505963.750756603,1.2914824765175581e-08,0,0,1,0.0,0.0,0
546,265171920.26140356,1,0.0,10295746.685103174,4534816239,38.58552502511961,300.8032703208475,1,2.0564558324779614e+19,41027287.64901662,360110300286918.44,14258274.679727027,1.0318290192418499e+19,8578368.159898616,1.1103111319243908e-08,0,0,1,0.0,0.0,0
547,265171920.26140356,1,0.0,10317882.86050088,4514644319,38.552604323894066,300.30850918710473,1,2.03820133279856e+19,41037737.28116113,355030432584364.0,14023563.897966474,1.0226509707251235e+19,8578368.159898616,1.1103111319243908e-08,0,0,1,0.0,0.0,0
548,265171920.26140356,1,0.0,10338472.964539902,4494472399,38.604515873461814,300.46497721193094,1,2.0200282143925645e+19,40848186.91330563,358417562673930.25,14258274.679727027,1.0135982828230216e+19,8578368.159898616,1.1103111319243908e-08,0,0,1,0.0,0.0,0
549,265171920.26140356,1,0.0,10364281.954238035,4474300479,38.5313251874214,300.4460390913278,1,2.0019364772599763e+19,40519793.418407924,351791172573725.8,14023563.897966474,1.0044861503557253e+19,8562208.005540352,7.07223080098629e-09,0,0,1,0.0,0.0,0
550,265171920.26140356,1,0.0,10395646.499478199,4454128558,38.577052328482615,300.7091192006766,1,1.9839261214007935e+19,40460821.487031326,356525399961080.6,14258274.679727027,9.955283147000076e+18,8562208.005540352,6.941263563930988e-09,0,0,1,0.0,0.0,0
551,265171920.26140356,1,0.0,10427011.0447053,4433956638,38.551716086991625,300.2935406001404,1,1.965997146815018e+19,40401849.55565473,351572263491064.1,14023563.897966474,9.865142960424198e+18,8562208.005540352,6.941263563930988e-09,0,0,1,0.0,0.0,0
552,265171920.26140356,1,0.0,10448242.576098558,4413784718,38.57879411917791,300.7270139823194,1,1.9481495535026487e+19,40412299.18779923,356367080836172.5,14258274.679727027,9.776384475596861e+18,8562206.541434826,7.566995918750763e-09,0,0,1,0.0,0.0,0
553,265171920.26140356,1,0.0,10468496.762679245,4393612798,38.55230260191189,300.2965622802451,1,1.9303833414636863e+19,40422748.81994374,351446765698501.1,14023563.897966474,9.687061383888282e+18,8562262.91684016,6.184563972055912e-09,0,0,1,0.0,0.0,0
554,265171920.26140356,1,0.0,10488750.949248131,4373440877,38.58066533037709,300.74583530301743,1,1.91269851069813e+19,40433198.452088244,356269585022472.94,14258274.679727027,9.599119511992895e+18,8562262.91684016,6.184563972055912e-09,0,0,1,0.0,0.0,0
555,265171920.26140356,1,0.0,10509005.135805609,4353268957,38.552942823001565,300.2996468171899,1,1.8950950612059804e+19,40443648.084232755,351377271863665.0,14023563.897966474,9.510613033216268e+18,8562262.91684016,6.184563972055912e-09,0,0,1,0.0,0.0,0
556,265171920.26140356,1,0.0,10529004.230673071,4333097037,38.58302358847748,300.7656570354169,1,1.8775729929872368e+19,40460219.91667279,356316913071258.2,14258274.679727027,9.42349665624331e+18,8550018.516249103,6.068148650228977e-09,0,0,1,0.0,0.0,0
557,265171920.26140356,1,0.0,10549003.325529875,4312925116,38.55448011983298,300.3027961929062,1,1.8601323060419002e+19,40476791.74911282,351541563545259.25,14023563.897966474,9.335815686564026e+18,8550018.516249103,6.068148650228977e-09,0,0,1,0.0,0.0,0
558,265171920.26140356,1,0.0,10569002.420376372,4292753196,38.58589456160642,300.7865611196931,1,1.8427730003699696e+19,40493363.581552856,356509490230091.25,14258274.679727027,9.249515950872857e+18,8550018.516249103,6.068148650228977e-09,0,0,1,0.0,0.0,0
559,265171920.26140356,1,0.0,10589001.515212903,4272581276,38.5561032078078,300.3060124735331,1,1.8254950759714456e+19,40509935.41399289,351762426181331.2,14023563.897966474,9.162651622475361e+18,8550018.516249103,7.53789208829403e-09,0,0,1,0.0,0.0,0
560,265171920.26140356,1,0.0,10608826.793609083,4252409356,38.588940029628695,300.8086386957661,1,1.8082985328463282e+19,40526507.24643292,356758638343402.0,14258274.679727027,9.077168528065981e+18,8541675.327574521,9.225914254784584e-09,0,0,1,0.0,0.0,0
561,265171920.26140356,1,0.0,10628531.00016906,4232237435,38.557814979130825,300.3092978139377,1,1.7911833709946173e+19,40543079.07887296,352039859771880.75,14023563.897966474,8.991120840950275e+18,8535863.879883425,8.352799341082573e-09,0,0,1,0.0,0.0,0
562,265171920.26140356,1,0.0,10648235.20672003,4212065515,38.59217366601535,300.8319914317018,1,1.7741495904163131e+19,40559650.91131299,357064357411190.4,14258274.679727027,8.906454387822685e+18,8535863.879883425,8.352799341082573e-09,0,0,1,0.0,0.0,0
563,265171920.26140356,1,0.0,10667939.413262304,4191893595,38.5596162006007,300.3126544625296,1,1.7571971911114156e+19,40576222.74375303,352373864316907.9,14023563.897966474,8.821223341988769e+18,8535863.879883425,8.352799341082573e-09,0,0,1,0.0,0.0,0
564,265171920.26140356,1,0.0,10687643.61979617,4171721675,38.618426965187986,300.45127733519115,1,1.7403261730799241e+19,40392794.576193064,355824630975032.4,14258274.679727027,8.737213328497124e+18,8535863.879883425,8.352799341082573e-09,0,0,1,0.0,0.0,0
565,265171920.26140356,1,0.0,10708476.181015614,4151549754,38.53392623339823,300.44946820444153,1,1.7235365363218393e+19,39995826.15230854,349205366970717.1,14023563.897966474,8.652603218306268e+18,8590024.905181646,8.396455086767673e-09,0,0,1,0.0,0.0,0
566,265171920.26140356,1,0.0,10729308.742227204,4131377834,38.58535383752401,300.7314086847533,1,1.7068282808371608e+19,39729436.16490291,354092301111338.7,14258274.679727027,8.569550634296937e+18,8590024.905181646,8.352799341082573e-09,0,0,1,0.0,0.0,0
567,265171920.26140356,1,0.0,10750141.303431196,4111205914,38.561309466166115,300.2972909389925,1,1.6902014066258889e+19,39663046.17749728,349336035012247.94,14023563.897966474,8.485940636630669e+18,8590024.905181646,8.352799341082573e-09,0,0,1,0.0,0.0,0
568,265171920.26140356,1,0.0,10770973.864627844,4091033994,38.58830839115885,300.75046121951266,1,1.6736559136880234e+19,39666077.75361276,354331886345941.1,14258274.679727027,8.403712757074712e+18,8590024.905181646,8.352799341082573e-09,0,0,1,0.0,0.0,0
569,266209696.9994117,1,0.0,10791881.849468417,4069824297,38.5639265039303,300.300573739913,1,1.6563469805289476e+19,39673163.145111084,349573070710079.7,14019510.082583629,8.316692209715746e+18,8604455.414785016,1.1881638783961535e-08,0,0,1,0.0,0.0,0
570,267247473.73741987,1,0.0,10812452.016353557,4047576823,38.59277123245183,300.772947281514,1,1.6382878137067618e+19,39692409.98275794,354838943122618.94,14258274.679727027,8.226922962846071e+18,8604455.414785016,1.1859810911118984e-08,0,0,1,0.0,0.0,0
571,267247473.73741987,1,0.0,10833022.183232069,4025329349,38.56739525516073,300.3041171979202,1,1.6203276369021151e+19,39711656.8204048,350227304116036.5,14019510.082583629,8.13666091492218e+18,8604455.414785016,1.1859810911118984e-08,0,0,1,0.0,0.0,0
572,267247473.73741987,1,0.0,10853592.350104162,4003081875,38.59751195948645,300.796822465051,1,1.6024664501150083e+19,39730903.65805165,355532494765100.44,14258274.679727027,8.047885500051551e+18,8604455.414785016,1.178705133497715e-08,0,0,1,0.0,0.0,0
573,267247473.73741987,1,0.0,10873275.971528176,3980834402,38.571084194798445,300.30774520013335,1,1.5847042533454406e+19,39750150.495698504,350960173995042.6,14019510.082583629,7.958617284126707e+18,8561901.233574575,5.2241375669837e-09,0,0,1,0.0,0.0,0
574,267247473.73741987,1,0.0,10892959.592946198,3958586928,38.602579133028435,300.8222195965832,1,1.5670410465934127e+19,39769397.33334536,356304682880631.2,14258274.679727027,7.870835701255127e+18,8561901.233574575,5.1513779908418655e-09,0,0,1,0.0,0.0,0
575,267247473.73741987,1,0.0,10912643.214358428,3936339454,38.57500346028261,300.31146080882445,1,1.5494768298589237e+19,39788644.17099222,351771680347098.06,14019510.082583629,7.782561317329328e+18,8561901.233574575,5.2241375669837e-09,0,0,1,0.0,0.0,0
576,267247473.73741987,1,0.0,10932326.835765058,3914091980,38.60796243683831,300.84928899440496,1,1.5320116031419746e+19,39807891.008639075,357155507469211.3,14258274.679727027,7.695773566456794e+18,8561901.233574575,5.1513779908418655e-09,0,0,1,0.0,0.0,0
577,267247473.73741987,1,0.0,10952010.457166277,3891844507,38.57914961690421,300.3152672359644,1,1.5146453664425646e+19,39827137.84628593,352661823172202.8,14019510.082583629,7.608493014530043e+18,8561901.233574575,5.2241375669837e-09,0,0,1,0.0,0.0,0
578,267247473.73741987,1,0.0,10971695.466883043,3869597033,38.61368254705848,300.8782014460285,1,1.497378119760694e+19,39846351.36423413,358084471736202.25,14258274.679727027,7.52269904597709e+18,8561967.872971905,3.677996573969722e-09,0,0,1,0.0,0.0,0
579,267247473.73741987,1,0.0,10991380.476655083,3847349559,38.583529163872996,300.31916785248336,1,1.4802098630963632e+19,39865564.88145832,353629607364874.56,14019510.082583629,7.436412276218303e+18,8561967.87586789,4.7075445763766766e-09,0,0,1,0.0,0.0,0
580,267247473.73741987,1,0.0,11011421.511944525,3825102085,38.61975388513681,300.9091518151578,1,1.4631405964495716e+19,39880506.09241503,359082977112759.94,14258274.679727027,7.351611279959134e+18,8579057.100937843,3.852619556710124e-09,0,0,1,0.0,0.0,0
581,267247473.73741987,1,0.0,11033105.463218203,3802854612,38.58384241477875,300.3231661982274,1,1.4461703198203197e+19,39855426.26226056,354053875400613.6,14019510.082583629,7.26625698664166e+18,8657917.068408147,5.4569682106375694e-09,0,0,1,0.0,0.0,0
582,265677434.45789307,1,0.0,11054619.054322436,3782177177,38.61796952712196,300.9396480991978,1,1.4304864200523725e+19,39824213.466170445,358874169047949.06,14258274.679727027,7.188319517166658e+18,8633385.20466554,6.2791514210402966e-09,0,0,1,0.0,0.0,0
583,264107395.17836624,1,0.0,11076643.725916892,3763069782,38.57757576376829,300.3266104491878,1,1.4160694185151515e+19,39774601.77227337,353772962529108.94,14025643.04851928,7.115724388828668e+18,8633385.20466554,5.347828846424818e-09,0,0,1,0.0,0.0,0
584,264106946.12868518,1,0.0,11098668.348396461,3743962836,38.615359608229035,300.9693703774072,1,1.4017257717330743e+19,39724988.33353061,358334206372735.6,14258274.679727027,7.044462279302645e+18,8633378.169755016,5.216861609369516e-09,0,0,1,0.0,0.0,0
585,264106497.0790041,1,0.0,11122155.331385711,3724856339,38.571672062823176,300.3301287163616,1,1.3874554745581597e+19,39664123.55273634,353259087127943.4,14025644.802619597,6.972603281503592e+18,8716161.189901596,9.371433407068253e-09,0,0,1,0.0,0.0,0
586,264106497.0790041,1,0.0,11145642.314370982,3705749842,38.638095876788334,300.50420955195705,1,1.3732581890293715e+19,39403258.771942064,355944027704434.6,14258274.679727027,6.901885347917301e+18,8716161.189901596,9.502400644123554e-09,0,0,1,0.0,0.0,0
587,264106497.0790041,1,0.0,11169129.297352392,3686643345,38.537860972251984,300.50195219166227,1,1.359133915146709e+19,38942393.991147794,348724512999854.7,14025644.802619597,6.83054202703353e+18,8716161.189901596,9.38598532229662e-09,0,0,1,0.0,0.0,0
588,264106497.0790041,1,0.0,11192616.280330077,3667536848,38.5931396186069,300.83405092075066,1,1.3450826529101726e+19,38616269.45613866,353231933573476.9,14258274.679727027,6.760736457908211e+18,8716161.189901596,9.38598532229662e-09,0,0,1,0.0,0.0,0
589,264106497.0790041,1,0.0,11215752.711856734,3648430351,38.55863376996869,300.3128429887723,1,1.3311044023197624e+19,38490144.92112953,348186165152021.7,14025644.802619597,6.690340628114014e+18,8697669.086678162,1.0666553862392902e-08,0,0,1,0.0,0.0,0
590,264106497.0790041,1,0.0,11238889.143379904,3629323854,38.590672563487615,300.8573846253638,1,1.3171991633754778e+19,38429280.14033526,352811116029484.8,14258274.679727027,6.621276928480337e+18,8697669.086678162,1.0666553862392902e-08,0,0,1,0.0,0.0,0
591,264106497.0790041,1,0.0,11262025.574899709,3610217356,38.553656166634696,300.3160694344973,1,1.3033669360773194e+19,38375290.43947478,347816726743460.44,14025644.802619597,6.551616353060943e+18,8697669.086678162,1.0666553862392902e-08,0,0,1,0.0,0.0,0
592,264106497.0790041,1,0.0,11285162.00641626,3591110859,38.588550470333985,300.8820614907243,1,1.289607720425287e+19,38410380.72948689,352478318414381.1,14258274.679727027,6.483286433967873e+18,8697669.086678162,1.0666553862392902e-08,0,0,1,0.0,0.0,0
593,264106497.0790041,1,0.0,11308298.437929666,3572004362,38.54896029358351,300.31936312438125,1,1.2759215164193806e+19,38445471.019499004,347502202437311.56,14025644.802619597,6.414357802340635e+18,8697669.086678162,1.0666553862392902e-08,0,0,1,0.0,0.0,0
594,264106497.0790041,1,0.0,11331434.869440027,3552897865,38.586768135836856,300.90820092846207,1,1.2623083240596e+19,38480561.30951112,352174132172413.2,14258274.679727027,6.346759033515241e+18,8697669.086678162,1.0666553862392902e-08,0,0,1,0.0,0.0,0
595,264106497.0790041,1,0.0,11354571.30094745,3533791368,38.54452498698344,300.3227261827712,1,1.2487681433459458e+19,38515651.599523224,347208354259524.56,14025644.802619597,6.278561552155682e+18,8697669.086678162,1.0666553862392902e-08,0,0,1,0.0,0.0,0
596,264106497.0790041,1,0.0,11377684.360009898,3514684871,38.585355033587334,300.93593693729605,1,1.2353009742784174e+19,38551302.82814647,351898750802850.5,14258274.679727027,6.211694746472372e+18,8696547.209455894,1.1539668776094913e-08,0,0,1,0.0,0.0,0
597,264106497.0790041,1,0.0,11400298.640497388,3495578374,38.540404753883244,300.32616082444827,1,1.2219068168570149e+19,38586954.05676972,346951406166403.56,14025644.802619597,6.144229224901715e+18,8672605.837989742,6.752088665962219e-09,0,0,1,0.0,0.0,0
598,264106497.0790041,1,0.0,11422500.954976905,3476471877,38.597526297878275,300.5712090658587,1,1.2085856710817386e+19,38422605.28539297,349814253499541.25,14258274.679727027,6.077909780758648e+18,8672605.837989742,6.752088665962219e-09,0,0,1,0.0,0.0,0
599,264106497.0790041,1,0.0,11441720.095857622,3457365380,38.52571385756468,300.56831365206756,1,1.195337536952588e+19,38058256.51401621,342754197268598.3,14025644.802619597,6.010963104489801e+18,8659357.650851313,7.53789208829403e-09,0,0,1,0.0,0.0,0
