t,secure_bps,violations,k_min,k_mean,q_total,aos_mean,aos_max,rekey,q_sumsq,z_l1,z_sumsq,z_max,lyapunov,key_inflow,key_overflow,cg_iters,cg_columns,cg_converged,obj_lp,obj_greedy,key_blocked_edges
0,245000000.0,0,2109375.0,2435980.902777778,0,0.8751098228663845,0.9476988686844755,0,0.0,571875.0,109013671875.0,190625.0,10901367187500.0,7200000.0,0.0,0,0,1,0.0,0.0,0
1,245000000.0,0,2109375.0,2371961.8055555555,0,1.9150735485434955,1.9476988686844754,0,0.0,571875.0,109013671875.0,190625.0,10901367187500.0,7200000.0,0.0,0,0,1,0.0,0.0,0
2,245000000.0,0,1718750.0,2307942.7083333335,0,3.0002823041962015,3.1629597325192615,0,0.0,762500.0,218027343750.0,381250.0,21802734375000.0,7200000.0,0.0,0,0,1,0.0,0.0,0
3,245000000.0,0,1718750.0,2243923.611111111,0,4.054126679726725,4.162959732519262,0,0.0,753125.0,141865234375.0,190625.0,14186523437500.0,7200000.0,0.0,0,0,1,0.0,0.0,0
4,245000000.0,0,1328125.0,2179904.522708803,0,4.472578433978888,5.504749365183861,0,0.0,762500.0,218027343750.0,381250.0,21802734375000.0,7200000.317516905,1.7190818213386194e-10,0,0,1,0.0,0.0,0
5,245000000.0,0,1328125.0,2138107.656528717,0,5.3327499477528715,6.504749365183861,0,0.0,753125.0,141865234375.0,190625.0,14186523437500.0,7200000.317516905,1.7190818213386194e-10,0,0,1,0.0,0.0,0
6,245000000.0,0,1137500.0,2118533.012570853,0,6.190126149066301,7.756697408871322,0,0.0,943750.0,319980468750.0,381250.0,31998046875000.0,7200000.317516905,1.7190818213386194e-10,0,0,1,0.0,0.0,0
7,245000000.0,0,1337500.0,2098958.3686129893,0,6.987647984786232,8.494209936496077,0,0.0,925000.0,171406250000.0,190625.0,17140625000000.0,7200000.317516905,1.7190818213386194e-10,0,0,1,0.0,0.0,0
8,245000000.0,0,1328125.0,2087638.736282741,0,7.854668993473475,9.504749365183862,0,0.0,934375.0,313095703125.0,381250.0,31309570312500.0,7207269.7866245285,8.185452315956354e-12,0,0,1,0.0,0.0,0
9,245000000.0,0,1328125.0,2084932.6886889776,0,8.669552509987527,10.504749365183862,0,0.0,915625.0,168271484375.0,190625.0,16827148437500.0,7207269.7866245285,8.185452315956354e-12,0,0,1,0.0,0.0,0
10,245000000.0,0,1337500.0,2099700.7524009566,0,7.634696644205456,11.494209936496077,0,0.0,903884.9955889164,290732371297.8288,360134.99558891635,29073237129782.88,7254229.804268863,1.0277290130034089e-10,0,0,1,0.0,0.0,0
11,245000000.0,0,1337500.0,2114965.8164084246,0,8.240828323373812,12.494209936496077,0,0.0,861654.9867667491,150143961928.51566,190625.0,15014396192851.566,7254229.804268863,1.0277290130034089e-10,0,0,1,0.0,0.0,0
12,245000000.0,0,1346875.0,2130230.8804158936,0,8.846941563321652,13.483817119540017,0,0.0,861654.9867667491,261614142863.0434,343750.0,26161414286304.34,7254229.804268863,1.0277290130034089e-10,0,0,1,0.0,0.0,0
13,245000000.0,0,1346875.0,2145615.227879446,0,7.094392713525706,14.483817119540017,0,0.0,819424.9779445817,138689172919.59406,190625.0,13868917291959.406,7258524.008687897,4.019966581836343e-10,0,0,1,0.0,0.0,0
14,245000000.0,0,1356250.0,2160999.575342999,0,7.523008932132913,15.473567876220299,0,0.0,819424.9779445817,234830598887.6674,334375.0,23483059888766.74,7258524.008687897,4.019966581836343e-10,0,0,1,0.0,0.0,0
15,245000000.0,0,1356250.0,2176383.9228065517,0,7.956067539100119,16.473567876220297,0,0.0,777194.9691224142,129569068370.08188,190625.0,12956906837008.188,7258524.008687897,4.019966581836343e-10,0,0,1,0.0,0.0,0
16,245000000.0,0,1365625.0,2191768.270270104,0,8.388057146335438,17.46345925180646,0,0.0,777194.9691224142,210381739371.70078,325000.0,21038173937170.08,7258524.008687897,4.019966581836343e-10,0,0,1,0.0,0.0,0
17,245000000.0,0,1365625.0,2207152.617733657,0,8.824029326469432,18.46345925180646,0,0.0,734964.960300247,122783648279.97906,190625.0,12278364827997.906,7258524.008687897,4.019966581836343e-10,0,0,1,0.0,0.0,0
18,245000000.0,0,1375000.0,2222536.9651972097,0,9.258658986004603,19.453488372093023,0,0.0,734964.960300247,188267564315.14355,315625.0,18826756431514.355,7258524.008687897,4.019966581836343e-10,0,0,1,0.0,0.0,0
19,245000000.0,0,1375000.0,2237921.312660762,0,9.696929933565245,20.453488372093023,0,0.0,692734.9514780797,118332912649.28566,190625.0,11833291264928.566,7258524.008687897,4.019966581836343e-10,0,0,1,0.0,0.0,0
20,245000000.0,0,1384375.0,2253305.660124315,0,10.133675062031447,21.443652440674907,0,0.0,692734.9514780797,168488073717.9957,306250.0,16848807371799.57,7258524.008687897,4.019966581836343e-10,0,0,1,0.0,0.0,0
21,245000000.0,0,1384375.0,2268690.0075878673,0,10.573798482605966,22.443652440674907,0,0.0,666384.9955889164,115964685396.84662,190625.0,11596468539684.662,7258524.008687897,4.019966581836343e-10,0,0,1,0.0,0.0,0
22,245000000.0,0,1393750.0,2284074.35505142,0,11.012272227928657,23.433948736332677,0,0.0,666384.9955889164,156472497896.84662,296875.0,15647249789684.662,7258524.008687897,4.019966581836343e-10,0,0,1,0.0,0.0,0
23,245000000.0,0,1393750.0,2299241.1554466854,0,11.454062989214341,24.433948736332677,0,0.0,657009.9955889164,114060388521.84662,190625.0,11406038852184.662,7258524.008687897,4.019966581836343e-10,0,0,1,0.0,0.0,0
24,245000000.0,0,1403125.0,2313922.9508342147,0,11.894411396655526,25.424374610522566,0,0.0,657009.9955889164,150993982271.84662,287500.0,15099398227184.662,7258524.008687897,4.019966581836343e-10,0,0,1,0.0,0.0,0
25,245000000.0,0,1403125.0,2329230.969930103,0,12.337411017370119,26.424374610522566,0,0.0,646886.9367196602,112064799473.8642,190625.0,11206479947386.42,7284775.850380534,2.992237568832934e-10,0,0,1,0.0,0.0,0
26,245000000.0,0,1412500.0,2344459.5148127023,0,12.778645859578889,27.414927484966395,0,0.0,646886.9367196602,145424174473.8642,278125.0,14542417447386.42,7284775.850380534,2.992237568832934e-10,0,0,1,0.0,0.0,0
27,245000000.0,0,1412500.0,2359893.4866944742,0,8.3135496340063,28.414927484966395,0,0.0,637511.9367196602,110512065098.8642,190625.0,11051206509886.42,7294936.924973179,6.97582436259836e-10,0,0,1,0.0,0.0,0
28,245000000.0,0,1421875.0,2377230.555499393,0,8.572490087547186,29.40560484933673,0,0.0,637511.9367196602,140297221348.8642,268750.0,14029722134886.42,7366121.926741513,8.785718819126487e-10,0,0,1,0.0,0.0,0
29,245000000.0,0,1421875.0,2394495.8355417973,0,8.83425665055506,30.40560484933673,0,0.0,628136.9367196602,109135111973.8642,190625.0,10913511197386.42,7366121.926741513,8.785718819126487e-10,0,0,1,0.0,0.0,0
30,245000000.0,0,1431250.0,2411162.5551625085,0,9.094524487634196,31.39640425903299,0,0.0,628136.9367196602,135346049473.8642,259375.0,13534604947386.42,7366121.926741513,8.785718819126487e-10,0,0,1,0.0,0.0,0
31,245000000.0,0,1431250.0,2427323.307527252,0,9.357674985306376,32.39640425903299,0,0.0,618761.9367196602,107933940098.8642,190625.0,10793394009886.42,7366121.926741513,8.785718819126487e-10,0,0,1,0.0,0.0,0
32,245000000.0,0,1440625.0,2443354.3668454047,0,9.619036022933964,33.38732333304431,0,0.0,618761.9367196602,130570658848.8642,250000.0,13057065884886.42,7366121.926741513,8.785718819126487e-10,0,0,1,0.0,0.0,0
33,245000000.0,0,1440625.0,2459611.604727683,0,9.882733214620682,34.38732333304431,0,0.0,605168.3546096988,105423375320.14493,190625.0,10542337532014.492,7382996.255181358,1.2496457202360034e-09,0,0,1,0.0,0.0,0
34,245000000.0,0,1450000.0,2475747.6516630915,0,10.14464179486193,35.378359751895246,0,0.0,605168.3546096988,124485875320.14493,240625.0,12448587532014.492,7382996.255181358,1.0168150765821338e-09,0,0,1,0.0,0.0,0
35,245000000.0,0,1450000.0,2491766.5473498604,0,10.409048582571138,36.378359751895246,0,0.0,595793.3546096988,104573765945.14493,190625.0,10457376594514.492,7382996.255181358,1.0168150765821338e-09,0,0,1,0.0,0.0,0
36,245000000.0,0,1459375.0,2507672.1968296086,0,10.671666537703024,37.36951125567063,0,0.0,595793.3546096988,120062047195.14493,231250.0,12006204719514.492,7382996.255181358,1.0168150765821338e-09,0,0,1,0.0,0.0,0
37,245000000.0,0,1459375.0,2523751.9444550993,0,10.936617581175923,38.36951125567063,0,0.0,586418.3546096988,103899937820.14493,190625.0,10389993782014.492,7393204.756432304,2.6539055397734046e-09,0,0,1,0.0,0.0,0
38,245000000.0,0,1468750.0,2539725.8697915855,0,11.199791019309755,39.360775642116,0,0.0,586418.3546096988,115814000320.14493,221875.0,11581400032014.492,7393204.756432304,1.6752892406657338e-09,0,0,1,0.0,0.0,0
39,245000000.0,0,1468750.0,2555597.5002487022,0,11.465300698703691,40.360775642116,0,0.0,577043.3546096988,103401890945.14493,190625.0,10340189094514.492,7393204.756432304,1.6752892406657338e-09,0,0,1,0.0,0.0,0
40,245000000.0,0,1478125.0,2571370.245655761,0,11.729041759784934,41.352150764810276,0,0.0,577043.3546096988,111741734695.14493,212500.0,11174173469514.492,7393204.756432304,1.5756995708215982e-09,0,0,1,0.0,0.0,0
41,245000000.0,0,1478125.0,2587047.4021810973,0,11.995046827901763,42.352150764810276,0,0.0,567668.3546096988,103079625320.14493,190625.0,10307962532014.492,7393204.756432304,2.023170964093879e-09,0,0,1,0.0,0.0,0
42,245000000.0,0,1487500.0,2603279.718196007,0,8.440749441861211,43.34363453140746,0,0.0,567668.3546096988,107845250320.14493,203125.0,10784525032014.492,7416516.991140892,2.033175405813381e-09,0,0,1,0.0,0.0,0
43,245000000.0,0,1487500.0,2619422.7117114407,0,8.61592942571963,44.34363453140746,0,0.0,558293.3546096988,102933140945.14493,190625.0,10293314094514.492,7416516.991140892,2.033175405813381e-09,0,0,1,0.0,0.0,0
44,245000000.0,0,1496875.0,2635479.360144047,0,8.789374126360919,45.33522490194442,0,0.0,558293.3546096988,104124547195.14493,193750.0,10412454719514.492,7416516.991140892,2.033175405813381e-09,0,0,1,0.0,0.0,0
45,245000000.0,0,1496875.0,2651452.541663254,0,8.96496281035187,46.33522490194442,0,0.0,555168.3546096988,102923375320.14493,190625.0,10292337532014.492,7416516.991140892,2.033175405813381e-09,0,0,1,0.0,0.0,0
46,245000000.0,0,1506250.0,2667345.0384995085,0,9.138832474838026,47.32691988721181,0,0.0,555168.3546096988,102923375320.14493,190625.0,10292337532014.492,7416516.991140892,2.033175405813381e-09,0,0,1,0.0,0.0,0
47,245000000.0,0,1506250.0,2683159.5401422414,0,9.31479009389945,48.32691988721181,0,0.0,555168.3546096988,102923375320.14493,190625.0,10292337532014.492,7416516.991140892,2.033175405813381e-09,0,0,1,0.0,0.0,0
48,245000000.0,0,1515625.0,2698898.6464312384,0,9.4890462702353,49.318717547185365,0,0.0,555168.3546096988,102923375320.14493,190625.0,10292337532014.492,7416516.991140892,2.033175405813381e-09,0,0,1,0.0,0.0,0
49,245000000.0,0,1515625.0,2714564.870544955,0,9.665338362746606,50.318717547185365,0,0.0,555168.3546096988,102923375320.14493,190625.0,10292337532014.492,7416516.991140892,2.033175405813381e-09,0,0,1,0.0,0.0,0
50,245000000.0,0,1525000.0,2730160.641889236,0,9.83994752827846,51.31061598951507,0,0.0,555168.3546096988,102923375320.14493,190625.0,10292337532014.492,7416516.991140892,2.0149855117779225e-09,0,0,1,0.0,0.0,0
51,245000000.0,0,1525000.0,2745688.308889728,0,10.016544042455282,52.31061598951507,0,0.0,555168.3546096988,102923375320.14493,190625.0,10292337532014.492,7416516.991140892,2.0149855117779225e-09,0,0,1,0.0,0.0,0
52,245000000.0,0,1534375.0,2759945.3779211584,0,10.191716215944526,53.30261336806969,0,0.0,555168.3546096988,102923375320.14493,190625.0,10292337532014.492,7416516.991140892,2.0149855117779225e-09,0,0,1,0.0,0.0,0
53,245000000.0,0,1534375.0,2774437.951148918,0,5.550179768118712,54.30261336806969,0,0.0,547692.6608422715,100129153068.61766,190625.0,10012915306861.766,7446419.766210601,2.415163180558011e-09,0,0,1,0.0,0.0,0
54,245000000.0,0,1543750.0,2788832.0419867467,0,5.63428179332707,55.29470788153423,0,0.0,547692.6608422715,100129153068.61766,190625.0,10012915306861.766,7446419.766210601,2.415163180558011e-09,0,0,1,0.0,0.0,0
55,245000000.0,0,1543750.0,2803130.9331809753,0,5.720272978470869,56.29470788153423,0,0.0,547692.6608422715,100129153068.61766,190625.0,10012915306861.766,7446419.766210601,2.415163180558011e-09,0,0,1,0.0,0.0,0
56,245000000.0,0,1553125.0,2817337.798053058,0,5.804662682276578,57.28689777205823,0,0.0,547692.6608422715,100129153068.61766,190625.0,10012915306861.766,7446419.766210601,2.415163180558011e-09,0,0,1,0.0,0.0,0
57,245000000.0,0,1553125.0,2830355.105859564,0,5.891094114314666,58.28689777205823,0,0.0,547692.6608422715,100129153068.61766,190625.0,10012915306861.766,7446419.766210601,2.415163180558011e-09,0,0,1,0.0,0.0,0
58,245000000.0,0,1562500.0,2842760.450097559,0,5.9760436018173095,59.27918132395267,0,0.0,547692.6608422715,100129153068.61766,190625.0,10012915306861.766,7446419.766210601,2.415163180558011e-09,0,0,1,0.0,0.0,0
59,245000000.0,0,1562500.0,2855051.4667286407,0,6.062773329621274,60.27918132395267,0,0.0,547692.6608422715,100129153068.61766,190625.0,10012915306861.766,7446419.766210601,2.415163180558011e-09,0,0,1,0.0,0.0,0
60,245000000.0,0,1571875.0,2867231.966673042,0,6.147958756099002,61.27155686243344,0,0.0,547692.6608422715,100129153068.61766,190625.0,10012915306861.766,7446419.766210601,2.415163180558011e-09,0,0,1,0.0,0.0,0
61,245000000.0,0,1571875.0,2879305.6338203177,0,6.234877640634639,62.27155686243344,0,0.0,547692.6608422715,100129153068.61766,190625.0,10012915306861.766,7446419.766210601,2.415163180558011e-09,0,0,1,0.0,0.0,0
62,245000000.0,0,1581250.0,2891276.0292637055,0,6.320283126744834,63.264022752409545,0,0.0,547692.6608422715,100129153068.61766,190625.0,10012915306861.766,7446419.766210601,2.88082446786575e-09,0,0,1,0.0,0.0,0
63,245000000.0,0,1581250.0,2903146.5953933336,0,6.407377651599742,64.26402275240955,0,0.0,547692.6608422715,100129153068.61766,190625.0,10012915306861.766,7446419.766210601,2.88082446786575e-09,0,0,1,0.0,0.0,0
64,245000000.0,0,1590625.0,2914713.91743718,0,6.674831078476774,65.25657739731406,0,0.0,547692.6608422715,100129153068.61766,190625.0,10012915306861.766,7436496.130251478,2.4547262000851333e-09,0,0,1,0.0,0.0,0
65,245000000.0,0,1590625.0,2926188.236144847,0,6.580293885256122,66.25657739731406,0,0.0,547692.6608422715,100129153068.61766,190625.0,10012915306861.766,7436509.647601285,3.2984086573151217e-09,0,0,1,0.0,0.0,0
66,245000000.0,0,1600000.0,2937572.3794031334,0,6.666119802477083,67.24921923797626,0,0.0,547692.6608422715,100129153068.61766,190625.0,10012915306861.766,7436509.647601285,3.2984086573151217e-09,0,0,1,0.0,0.0,0
67,245000000.0,0,1600000.0,2948869.353060352,0,6.753551342039487,68.24921923797626,0,0.0,547692.6608422715,100129153068.61766,190625.0,10012915306861.766,7436509.647601285,3.2984086573151217e-09,0,0,1,0.0,0.0,0
68,245000000.0,0,1609375.0,2960082.0627698726,0,6.83955629433338,69.24194675153302,0,0.0,547692.6608422715,100129153068.61766,190625.0,10012915306861.766,7436509.647601285,3.2984086573151217e-09,0,0,1,0.0,0.0,0
69,245000000.0,0,1609375.0,2971732.7648432297,0,6.927075314376991,70.24194675153302,0,0.0,547692.6608422715,100129153068.61766,190625.0,10012915306861.766,7461443.128238685,2.723608005794631e-09,0,0,1,0.0,0.0,0
70,245000000.0,0,1618750.0,2984024.346969993,0,7.013120472806989,71.23475845037814,0,0.0,547692.6608422715,100129153068.61766,190625.0,10012915306861.766,7495984.889736234,2.0108927856199443e-09,0,0,1,0.0,0.0,0
71,245000000.0,0,1618750.0,2996239.8137848885,0,7.100701864989312,72.23475845037814,0,0.0,547692.6608422715,100129153068.61766,190625.0,10012915306861.766,7495984.889736234,2.0108927856199443e-09,0,0,1,0.0,0.0,0
72,245000000.0,0,1628125.0,3008381.702464978,0,7.1869164483236805,73.22765288114786,0,0.0,547692.6608422715,100129153068.61766,190625.0,10012915306861.766,7495984.889736234,2.0108927856199443e-09,0,0,1,0.0,0.0,0
73,245000000.0,0,1628125.0,3020452.4656147575,0,7.274631724724443,74.22765288114786,0,0.0,547692.6608422715,100129153068.61766,190625.0,10012915306861.766,7495984.889736234,2.0108927856199443e-09,0,0,1,0.0,0.0,0
74,245000000.0,0,1637500.0,3032454.474085236,0,7.361005765796247,75.22062862374122,0,0.0,547692.6608422715,100129153068.61766,190625.0,10012915306861.766,7495984.889736234,2.0108927856199443e-09,0,0,1,0.0,0.0,0
75,245000000.0,0,1637500.0,3044390.0196990552,0,7.448846495729921,76.22062862374122,0,0.0,547692.6608422715,100129153068.61766,190625.0,10012915306861.766,7495984.889736234,2.0108927856199443e-09,0,0,1,0.0,0.0,0
76,245000000.0,0,1646875.0,3057978.7347537694,0,7.53491658516725,77.21368429037396,0,0.0,547692.6608422715,100129153068.61766,190625.0,10012915306861.766,7578420.899448057,2.2655513021163642e-09,0,0,1,0.0,0.0,0
77,245000000.0,0,1646875.0,3073224.215714623,0,7.621732275317265,78.21368429037396,0,0.0,547692.6608422715,100129153068.61766,190625.0,10012915306861.766,7637748.1572543355,2.637534635141492e-09,0,0,1,0.0,0.0,0
78,245000000.0,0,1656250.0,3088409.661023217,0,7.707301830027106,79.20681852466436,0,0.0,547692.6608422715,100129153068.61766,190625.0,10012915306861.766,7637748.1572543355,2.637534635141492e-09,0,0,1,0.0,0.0,0
79,245000000.0,0,1656250.0,3103558.1231319057,0,7.794310689297628,80.20681852466436,0,0.0,547692.6608422715,100129153068.61766,190625.0,10012915306861.766,7638506.002756452,3.423338057473302e-09,0,0,1,0.0,0.0,0
80,245000000.0,0,1665625.0,3118650.485258872,0,7.880093015589824,81.20003000075002,0,0.0,547692.6608422715,100129153068.61766,190625.0,10012915306861.766,7638506.002756452,3.423338057473302e-09,0,0,1,0.0,0.0,0
81,245000000.0,0,1665625.0,3133688.6174035063,0,7.967288460751932,82.20003000075002,0,0.0,547692.6608422715,100129153068.61766,190625.0,10012915306861.766,7638506.002756452,3.423338057473302e-09,0,0,1,0.0,0.0,0
82,245000000.0,0,1675000.0,3148674.327231886,0,8.05327637373243,83.19331742243436,0,0.0,547692.6608422715,100129153068.61766,190625.0,10012915306861.766,7638506.002756452,3.623426891863346e-09,0,0,1,0.0,0.0,0
83,245000000.0,0,1675000.0,3163609.3621545527,0,8.140644988319675,84.19331742243436,0,0.0,547692.6608422715,100129153068.61766,190625.0,10012915306861.766,7638506.002756452,3.856257535517216e-09,0,0,1,0.0,0.0,0
84,245000000.0,0,1684375.0,3178495.411335029,0,8.226824853004844,85.18667952236149,0,0.0,547692.6608422715,100129153068.61766,190625.0,10012915306861.766,7638506.002756452,3.856257535517216e-09,0,0,1,0.0,0.0,0
85,245000000.0,0,1684375.0,3193334.10763139,0,8.314354497611781,86.18667952236149,0,0.0,547692.6608422715,100129153068.61766,190625.0,10012915306861.766,7638506.002756452,3.856257535517216e-09,0,0,1,0.0,0.0,0
86,245000000.0,0,1693750.0,3208127.0294731054,0,8.400713920764248,87.18011506121847,0,0.0,547692.6608422715,100129153068.61766,190625.0,10012915306861.766,7638506.002756452,3.856257535517216e-09,0,0,1,0.0,0.0,0
87,245000000.0,0,1693750.0,3224459.548155855,0,8.487987696800614,88.18011506121847,0,0.0,528686.5150759717,93879351447.21356,190625.0,9387935144721.355,7714530.585821652,2.9976945370435715e-09,0,0,1,0.0,0.0,0
88,245000000.0,0,1703125.0,3240749.293153764,0,8.574128918027375,89.17362282696398,0,0.0,528686.5150759717,93879351447.21356,190625.0,9387935144721.355,7714530.585821652,2.9976945370435715e-09,0,0,1,0.0,0.0,0
89,245000000.0,0,1703125.0,3256997.6902563265,0,8.661573161364958,90.17362282696398,0,0.0,528686.5150759717,93879351447.21356,190625.0,9387935144721.355,7714530.585821652,2.9976945370435715e-09,0,0,1,0.0,0.0,0
90,245000000.0,0,1712500.0,3273206.11772672,0,8.747905970000188,91.16720163408229,0,0.0,528686.5150759717,93879351447.21356,190625.0,9387935144721.355,7714530.585821652,2.9976945370435715e-09,0,0,1,0.0,0.0,0
91,245000000.0,0,1712500.0,3289375.907886019,0,8.835508807375716,92.16720163408229,0,0.0,528686.5150759717,93879351447.21356,190625.0,9387935144721.355,7714530.585821652,2.9976945370435715e-09,0,0,1,0.0,0.0,0
92,245000000.0,0,1718750.0,3305508.348644591,0,8.922020618331551,93.16085032286149,0,0.0,528686.5150759717,93879351447.21356,190625.0,9387935144721.355,7714530.585821652,2.9976945370435715e-09,0,0,1,0.0,0.0,0
93,245000000.0,0,1718750.0,3321604.684982462,0,9.009771261200028,94.16085032286149,0,0.0,528686.5150759717,93879351447.21356,190625.0,9387935144721.355,7714530.585821652,2.9976945370435715e-09,0,0,1,0.0,0.0,0
94,245000000.0,0,1718750.0,3337666.1203803206,0,9.096450609772232,95.15456775869534,0,0.0,528686.5150759717,93879351447.21356,190625.0,9387935144721.355,7714530.585821652,3.5070115700364113e-09,0,0,1,0.0,0.0,0
95,245000000.0,0,1718750.0,3353989.26143625,0,9.18427829262872,96.15456775869534,0,0.0,525141.1962749753,92793494399.58151,190625.0,9279349439958.15,7728711.861025637,4.292814992368221e-09,0,0,1,0.0,0.0,0
96,245000000.0,0,1718750.0,3370787.2675344264,0,9.270980059259214,97.14835283140745,0,0.0,525135.9824985099,92791916040.5071,190625.0,9279191604050.709,7753070.806549441,3.2669049687683582e-09,0,0,1,0.0,0.0,0
97,245000000.0,0,1718750.0,3387553.880348661,0,9.358869124003236,98.14835283140745,0,0.0,525135.9824985099,92791916040.5071,190625.0,9279191604050.709,7753077.171632994,3.2669049687683582e-09,0,0,1,0.0,0.0,0
98,245000000.0,0,1718750.0,3404290.0181360403,0,9.445731826979541,99.14220445459738,0,0.0,525135.9824985099,92791916040.5071,190625.0,9279191604050.709,7753077.171632994,3.234163159504533e-09,0,0,1,0.0,0.0,0
99,245000000.0,0,1718750.0,3420996.696730793,0,9.533753857256478,100.14220445459738,0,0.0,525135.9824985099,92791916040.5071,190625.0,9279191604050.709,7753077.171632994,3.234163159504533e-09,0,0,1,0.0,0.0,0
100,245000000.0,0,1718750.0,3437674.8981060064,0,9.620767273074712,101.13612156500746,0,0.0,525135.9824985099,92791916040.5071,190625.0,9279191604050.709,7753077.171632994,3.234163159504533e-09,0,0,1,0.0,0.0,0
101,245000000.0,0,1718750.0,3454325.5715023326,0,9.708913466516679,102.13612156500746,0,0.0,525135.9824985099,92791916040.5071,190625.0,9279191604050.709,7753077.171632994,3.234163159504533e-09,0,0,1,0.0,0.0,0
102,245000000.0,0,1718750.0,3470949.634519067,0,9.796068244426833,103.13010312190987,0,0.0,525135.9824985099,92791916040.5071,190625.0,9279191604050.709,7753077.171632994,3.234163159504533e-09,0,0,1,0.0,0.0,0
103,245000000.0,0,1718750.0,3487547.9741688645,0,9.884330569210826,104.13010312190987,0,0.0,525135.9824985099,92791916040.5071,190625.0,9279191604050.709,7753077.171632994,3.234163159504533e-09,0,0,1,0.0,0.0,0
104,245000000.0,0,1718750.0,3506361.532710596,0,9.970887674689202,105.12414810651303,0,0.0,506209.72072681866,86217455999.03503,190625.0,8621745599903.504,7835366.226976238,2.433807821944356e-09,0,0,1,0.0,0.0,0
105,245000000.0,0,1718750.0,3525151.0541950003,0,10.058550816887882,106.12414810651303,0,0.0,506209.72072681866,86217455999.03503,190625.0,8621745599903.504,7835366.226976238,2.433807821944356e-09,0,0,1,0.0,0.0,0
106,245000000.0,0,1718750.0,3543917.3398573208,0,10.145294403233502,107.11825552138664,0,0.0,506209.72072681866,86217455999.03503,190625.0,8621745599903.504,7835366.226976238,2.433807821944356e-09,0,0,1,0.0,0.0,0
107,245000000.0,0,1718750.0,3562661.164224962,0,10.233107372642642,108.11825552138664,0,0.0,506209.72072681866,86217455999.03503,190625.0,8621745599903.504,7835366.226976238,2.433807821944356e-09,0,0,1,0.0,0.0,0
108,245000000.0,0,1718750.0,3581383.2760077426,0,10.320024627862182,109.11242438990475,0,0.0,506209.72072681866,86217455999.03503,190625.0,8621745599903.504,7835366.226976238,2.433807821944356e-09,0,0,1,0.0,0.0,0
109,245000000.0,0,1718750.0,3600084.3989584954,0,10.407977167686944,110.11242438990475,0,0.0,506209.72072681866,86217455999.03503,190625.0,8621745599903.504,7835366.226976238,2.433807821944356e-09,0,0,1,0.0,0.0,0
110,245000000.0,0,1718750.0,3618765.2327049524,0,10.495056461178423,111.10665375570619,0,0.0,506209.72072681866,86217455999.03503,190625.0,8621745599903.504,7835366.226976238,2.433807821944356e-09,0,0,1,0.0,0.0,0
111,245000000.0,0,1718750.0,3637426.4535539243,0,10.583139239660825,112.10665375570619,0,0.0,506209.72072681866,86217455999.03503,190625.0,8621745599903.504,7835366.226976238,2.433807821944356e-09,0,0,1,0.0,0.0,0
112,245000000.0,0,1718750.0,3656068.715268659,0,10.67036998670225,113.1009426821716,0,0.0,506209.72072681866,86217455999.03503,190625.0,8621745599903.504,7835366.226976238,2.433807821944356e-09,0,0,1,0.0,0.0,0
113,245000000.0,0,1718750.0,3674692.649820301,0,10.7585744936662,114.1009426821716,0,0.0,506209.72072681866,86217455999.03503,190625.0,8621745599903.504,7835366.226976238,2.433807821944356e-09,0,0,1,0.0,0.0,0
114,245000000.0,0,1718750.0,3693298.868114284,0,10.845947038413822,115.09529025191677,0,0.0,506209.72072681866,86217455999.03503,190625.0,8621745599903.504,7835366.226976238,2.433807821944356e-09,0,0,1,0.0,0.0,0
115,245000000.0,0,1718750.0,3711887.9606925314,0,10.934265495601,116.09529025191677,0,0.0,506209.72072681866,86217455999.03503,190625.0,8621745599903.504,7835366.226976238,2.433807821944356e-09,0,0,1,0.0,0.0,0
116,245000000.0,0,1718750.0,3730460.4984122324,0,11.021771009678035,117.08969556630116,0,0.0,506209.72072681866,86217455999.03503,190625.0,8621745599903.504,7835366.226976238,2.433807821944356e-09,0,0,1,0.0,0.0,0
117,245000000.0,0,1718750.0,3749017.033102008,0,11.110196292748252,118.08969556630116,0,0.0,506209.72072681866,86217455999.03503,190625.0,8621745599903.504,7835366.226976238,2.433807821944356e-09,0,0,1,0.0,0.0,0
118,245000000.0,0,1718750.0,3767558.098196187,0,11.197826687024357,119.0841577449519,0,0.0,506209.72072681866,86217455999.03503,190625.0,8621745599903.504,7835366.226976238,2.433807821944356e-09,0,0,1,0.0,0.0,0
119,245000000.0,0,1718750.0,3786084.209347957,0,11.286352257464417,120.0841577449519,0,0.0,506209.72072681866,86217455999.03503,190625.0,8621745599903.504,7835366.226976238,2.433807821944356e-09,0,0,1,0.0,0.0,0
120,245000000.0,0,1718750.0,3804595.8650220633,0,11.374100105043063,121.0786759253017,0,0.0,506209.72072681866,86217455999.03503,190625.0,8621745599903.504,7835366.226976238,2.433807821944356e-09,0,0,1,0.0,0.0,0
121,245000000.0,0,1718750.0,3823093.5470677647,0,11.462719950527154,122.0786759253017,0,0.0,506209.72072681866,86217455999.03503,190625.0,8621745599903.504,7835366.226976238,2.433807821944356e-09,0,0,1,0.0,0.0,0
122,245000000.0,0,1718750.0,3841631.863266357,0,11.550566834164469,123.07324926214113,0,0.0,505722.4427836464,86057648904.17616,190625.0,8605764890417.616,7837315.338748927,3.2632669899612665e-09,0,0,1,0.0,0.0,0
123,245000000.0,0,1718750.0,3860157.1218855167,0,11.639264271157607,124.07324926214113,0,0.0,505722.4427836464,86057648904.17616,190625.0,8605764890417.616,7837315.338748927,3.2632669899612665e-09,0,0,1,0.0,0.0,0
124,245000000.0,0,1718750.0,3878669.7581778895,0,11.727216562458626,125.06787692718414,0,0.0,505722.4427836464,86057648904.17616,190625.0,8605764890417.616,7837315.338748927,3.2632669899612665e-09,0,0,1,0.0,0.0,0
125,245000000.0,0,1718750.0,3897170.192887703,0,11.815998515915565,126.06787692718414,0,0.0,505722.4427836464,86057648904.17616,190625.0,8605764890417.616,7837315.338748927,3.2632669899612665e-09,0,0,1,0.0,0.0,0
126,245000000.0,0,1718750.0,3916026.935086826,0,11.90403580901701,127.06255810864657,0,0.0,505722.4427836464,86057648904.17616,190625.0,8605764890417.616,7854984.251666544,2.7466739993542433e-09,0,0,1,0.0,0.0,0
127,245000000.0,0,1718750.0,3934873.037852457,0,11.992883329819286,128.06255810864656,0,0.0,505713.2955730895,86054879913.60152,190625.0,8605487991360.151,7855020.840508772,2.3101165425032377e-09,0,0,1,0.0,0.0,0
128,245000000.0,0,1718750.0,3953708.1189737553,0,12.081015393894278,129.05729201083724,0,0.0,505713.2955730895,86054879913.60152,190625.0,8605487991360.151,7855020.840508772,2.3101165425032377e-09,0,0,1,0.0,0.0,0
129,245000000.0,0,1718750.0,3972532.5458388617,0,12.169938983018328,130.05729201083724,0,0.0,505713.2955730895,86054879913.60152,190625.0,8605487991360.151,7855020.840508772,2.3101165425032377e-09,0,0,1,0.0,0.0,0
130,245000000.0,0,1718750.0,3991346.673589651,0,12.258160780838042,131.05207785376118,0,0.0,505713.2955730895,86054879913.60152,190625.0,8605487991360.151,7855020.840508772,3.2414391171187162e-09,0,0,1,0.0,0.0,0
131,245000000.0,0,1718750.0,4010150.845529934,0,12.347156266719049,132.05207785376118,0,0.0,505713.2955730895,86054879913.60152,190625.0,8605487991360.151,7855020.840508772,2.3101165425032377e-09,0,0,1,0.0,0.0,0
132,245000000.0,0,1718750.0,4028945.3935200595,0,12.435463054479113,133.04691487273442,0,0.0,505713.2955730895,86054879913.60152,190625.0,8605487991360.151,7855020.840508772,2.3101165425032377e-09,0,0,1,0.0,0.0,0
133,245000000.0,0,1718750.0,4048669.3666370194,0,12.524464479604712,134.04691487273442,0,0.0,505713.2955730895,86054879913.60152,190625.0,8605487991360.151,7900079.797884113,2.3101165425032377e-09,0,0,1,0.0,0.0,0
134,245000000.0,0,1718750.0,4068384.346707223,0,12.612792258842688,135.04180231801016,0,0.0,505713.2955730895,86054879913.60152,190625.0,8605487991360.151,7900079.797884113,2.3101165425032377e-09,0,0,1,0.0,0.0,0
135,245000000.0,0,1718750.0,4088090.633498893,0,12.701862985692015,136.04180231801016,0,0.0,505713.2955730895,86054879913.60152,190625.0,8605487991360.151,7900079.797884113,2.3101165425032377e-09,0,0,1,0.0,0.0,0
136,245000000.0,0,1718750.0,4107788.5167879816,0,12.790271910262677,137.03673945441585,0,0.0,505713.2955730895,86054879913.60152,190625.0,8605487991360.151,7900079.797884113,2.3101165425032377e-09,0,0,1,0.0,0.0,0
137,245000000.0,0,1718750.0,4128813.178496346,0,12.87932763726623,138.03673945441585,0,0.0,505713.2955730895,86054879913.60152,190625.0,8605487991360.151,7964155.084529037,2.3101165425032377e-09,0,0,1,0.0,0.0,0
138,245000000.0,0,1718750.0,4149833.2711805073,0,12.967736663866402,139.03172556100077,0,0.0,505713.2955730895,86054879913.60152,190625.0,8605487991360.151,7964312.6964698685,1.928128767758608e-09,0,0,1,0.0,0.0,0
139,245000000.0,0,1718750.0,4170845.773011913,0,13.056861722960178,140.03172556100077,0,0.0,505713.2955730895,86054879913.60152,190625.0,8605487991360.151,7964312.6964698685,1.928128767758608e-09,0,0,1,0.0,0.0,0
140,245000000.0,0,1718750.0,4191850.9370189873,0,13.145350773673602,141.02675993069371,0,0.0,505713.2955730895,86054879913.60152,190625.0,8605487991360.151,7964312.6964698685,1.928128767758608e-09,0,0,1,0.0,0.0,0
141,245000000.0,0,1718750.0,4212849.00779587,0,13.234541258195295,142.02675993069371,0,0.0,505713.2955730895,86054879913.60152,190625.0,8605487991360.151,7964312.6964698685,1.928128767758608e-09,0,0,1,0.0,0.0,0
142,245000000.0,0,1718750.0,4233840.221783575,0,13.323105982674964,143.02184186997061,0,0.0,505713.2955730895,86054879913.60152,190625.0,8605487991360.151,7964312.6964698685,2.8594513423740864e-09,0,0,1,0.0,0.0,0
143,245000000.0,0,1718750.0,4254824.8075417355,0,13.412358203081038,144.02184186997061,0,0.0,505713.2955730895,86054879913.60152,190625.0,8605487991360.151,7964312.6964698685,2.8594513423740864e-09,0,0,1,0.0,0.0,0
144,245000000.0,0,1718750.0,4275802.986011338,0,13.50099458162115,145.01697069853174,0,0.0,505713.2955730895,86054879913.60152,190625.0,8605487991360.151,7964312.6964698685,1.8717400962486863e-09,0,0,1,0.0,0.0,0
145,245000000.0,0,1718750.0,4296774.9707686715,0,13.590305131113281,146.01697069853174,0,0.0,505713.2955730895,86054879913.60152,190625.0,8605487991360.151,7964312.6964698685,1.8717400962486863e-09,0,0,1,0.0,0.0,0
146,245000000.0,0,1718750.0,4317614.150918018,0,13.679019344168188,147.01214574898785,0,0.0,505713.2955730895,86054879913.60152,190625.0,8605487991360.151,7964312.6964698685,1.8717400962486863e-09,0,0,1,0.0,0.0,0
147,245000000.0,0,1718750.0,4337060.348692536,0,13.76850246415695,148.01214574898785,0,0.0,505713.2955730895,86054879913.60152,190625.0,8605487991360.151,7964312.6964698685,1.8717400962486863e-09,0,0,1,0.0,0.0,0
148,245000000.0,0,1718750.0,4356498.912281904,0,13.857387317111176,149.00736636655543,0,0.0,505713.2955730895,86054879913.60152,190625.0,8605487991360.151,7964312.6964698685,1.8717400962486863e-09,0,0,1,0.0,0.0,0
149,245000000.0,0,1718750.0,4375930.096158955,0,13.946920049500438,150.00736636655543,0,0.0,505713.2955730895,86054879913.60152,190625.0,8605487991360.151,7964312.6964698685,1.8717400962486863e-09,0,0,1,0.0,0.0,0
150,245000000.0,0,1718750.0,4395364.089153696,0,14.035863141819494,151.0026319087605,0,0.0,505713.2955730895,86054879913.60152,190625.0,8605487991360.151,7964789.952770374,1.8717400962486863e-09,0,0,1,0.0,0.0,0
151,245000000.0,0,1718750.0,4414791.186217264,0,14.125442444963703,152.0026319087605,0,0.0,505713.2955730895,86054879913.60152,190625.0,8605487991360.151,7964789.952770374,1.8717400962486863e-09,0,0,1,0.0,0.0,0
152,245000000.0,0,1718750.0,4434211.617214027,0,14.214441348936573,152.99794174515063,0,0.0,505713.2955730895,86054879913.60152,190625.0,8605487991360.151,7964789.952770374,1.8717400962486863e-09,0,0,1,0.0,0.0,0
153,245000000.0,0,1718750.0,4453625.6043462185,0,14.304065234473843,153.99794174515063,0,0.0,505713.2955730895,86054879913.60152,190625.0,8605487991360.151,7964789.952770374,1.457010512240231e-09,0,0,1,0.0,0.0,0
154,245000000.0,0,1718750.0,4473033.36240932,0,14.393117245674244,154.99329525701515,0,0.0,505713.2955730895,86054879913.60152,190625.0,8605487991360.151,7964789.952770374,1.457010512240231e-09,0,0,1,0.0,0.0,0
155,245000000.0,0,1718750.0,4492435.099038965,0,14.482783440552076,155.99329525701515,0,0.0,505713.2955730895,86054879913.60152,190625.0,8605487991360.151,7964789.952770374,1.457010512240231e-09,0,0,1,0.0,0.0,0
156,245000000.0,0,1718750.0,4511831.0149496095,0,14.571886036996078,156.988691837113,0,0.0,505713.2955730895,86054879913.60152,190625.0,8605487991360.151,7964789.952770374,1.9226717995479703e-09,0,0,1,0.0,0.0,0
157,245000000.0,0,1718750.0,4530253.712541727,0,14.661667386424803,157.988691837113,0,0.0,505713.2955730895,86054879913.60152,190625.0,8605487991360.151,7964789.95277038,6.71207089908421e-10,0,0,1,0.0,0.0,0
158,245000000.0,0,1718750.0,4548102.754827644,0,14.750935976575771,158.98413088940828,0,0.0,505713.2955730895,86054879913.60152,190625.0,8605487991360.151,7964789.95277038,6.71207089908421e-10,0,0,1,0.0,0.0,0
159,245000000.0,0,1718750.0,4565945.134680145,0,14.840796978278314,159.98413088940828,0,0.0,505713.2955730895,86054879913.60152,190625.0,8605487991360.151,7964789.95277038,6.71207089908421e-10,0,0,1,0.0,0.0,0
160,245000000.0,0,1718750.0,4583781.074180339,0,14.930108889480694,160.97961182881284,0,0.0,505713.2955730895,86054879913.60152,190625.0,8605487991360.151,7964789.95277038,6.71207089908421e-10,0,0,1,0.0,0.0,0
161,245000000.0,0,1718750.0,4601610.788006641,0,15.020003601028685,161.97961182881284,0,0.0,505713.2955730895,86054879913.60152,190625.0,8605487991360.151,7964789.95277038,6.71207089908421e-10,0,0,1,0.0,0.0,0
162,245000000.0,0,1718750.0,4619462.681442165,0,15.109354563602789,162.97513408093613,0,0.0,505713.2955730895,86054879913.60152,190625.0,8605487991360.151,7965805.072153871,1.1368683772161603e-09,0,0,1,0.0,0.0,0
163,245000000.0,0,1718750.0,4637308.757331302,0,15.1992791067825,163.97513408093613,0,0.0,505713.2955730895,86054879913.60152,190625.0,8605487991360.151,7965805.072153871,4.638422979041934e-10,0,0,1,0.0,0.0,0
164,245000000.0,0,1718750.0,4656783.710218611,0,15.288579878000643,164.9706970818419,0,0.0,486099.288057016,80502329919.50418,190625.0,8050232991950.418,8044261.102218165,3.765308065339923e-10,0,0,1,0.0,0.0,0
165,245000000.0,0,1718750.0,4676253.226932023,0,15.378448028855026,165.9706970818419,0,0.0,486099.288057016,80502329919.50418,190625.0,8050232991950.418,8044261.102218165,3.765308065339923e-10,0,0,1,0.0,0.0,0
166,245000000.0,0,1718750.0,4695717.4886773275,0,15.467792872489076,166.96630027781134,0,0.0,486099.288057016,80502329919.50418,190625.0,8050232991950.418,8044261.102218165,3.765308065339923e-10,0,0,1,0.0,0.0,0
167,245000000.0,0,1718750.0,4715226.646773564,0,15.557695707695723,167.96630027781134,0,0.0,486099.288057016,80502329919.50418,190625.0,8050232991950.418,8047859.385264661,8.330971468240023e-10,0,0,1,0.0,0.0,0
168,245000000.0,0,1718750.0,4734730.894394049,0,15.647082527019855,168.96194312511273,0,0.0,486099.288057016,80502329919.50418,190625.0,8050232991950.418,8047859.385264661,6.257323548197746e-10,0,0,1,0.0,0.0,0
169,245000000.0,0,1718750.0,4754272.261977602,0,15.737018299483747,169.96194312511273,0,0.0,486099.288057016,80502329919.50418,190625.0,8050232991950.418,8050873.791717637,6.257323548197746e-10,0,0,1,0.0,0.0,0
170,245000000.0,0,1718750.0,4773809.040994372,0,15.826445136559546,170.95762508977737,0,0.0,486099.288057016,80502329919.50418,190625.0,8050232991950.418,8050873.791717637,6.257323548197746e-10,0,0,1,0.0,0.0,0
171,245000000.0,0,1718750.0,4793341.3843965875,0,15.916412216171302,171.95762508977737,0,0.0,486099.288057016,80502329919.50418,190625.0,8050232991950.418,8050873.791717637,6.257323548197746e-10,0,0,1,0.0,0.0,0
172,245000000.0,0,1718750.0,4812869.440038062,0,16.005877240266148,172.95334564738127,0,0.0,486099.288057016,80502329919.50418,190625.0,8050232991950.418,8050873.791717637,6.257323548197746e-10,0,0,1,0.0,0.0,0
173,245000000.0,0,1718750.0,4832393.350844159,0,16.095874104158064,173.95334564738127,0,0.0,486099.288057016,80502329919.50418,190625.0,8050232991950.418,8050873.791717637,6.257323548197746e-10,0,0,1,0.0,0.0,0
174,245000000.0,0,1718750.0,4851913.254976056,0,16.1853756013245,174.94910428283308,0,0.0,486099.288057016,80502329919.50418,190625.0,8050232991950.418,8050873.791717637,6.257323548197746e-10,0,0,1,0.0,0.0,0
175,245000000.0,0,1718750.0,4871429.285989556,0,16.27540082509778,175.94910428283308,0,0.0,486099.288057016,80502329919.50418,190625.0,8050232991950.418,8050873.791717637,6.257323548197746e-10,0,0,1,0.0,0.0,0
176,245000000.0,0,1718750.0,4891051.667914601,0,16.36493718877804,176.94490049016713,0,0.0,486099.288057016,80502329919.50418,190625.0,8050232991950.418,8058800.626388954,0.0,0,0,1,0.0,0.0,0
177,245000000.0,0,1718750.0,4910670.430625681,0,16.454989438588544,177.94490049016713,0,0.0,486099.288057016,80502329919.50418,190625.0,8050232991950.418,8058800.626388954,0.0,0,0,1,0.0,0.0,0
178,245000000.0,0,1718750.0,4930285.694763256,0,16.544559161126855,178.94073377234244,0,0.0,486099.288057016,80502329919.50418,190625.0,8050232991950.418,8058800.626388954,0.0,0,0,1,0.0,0.0,0
179,245000000.0,0,1718750.0,4951434.389179096,0,16.634610626686754,179.94073377234244,0,0.0,486099.288057016,80502329919.50418,190625.0,8050232991950.418,8143636.651228131,2.473825588822365e-09,0,0,1,0.0,0.0,0
180,245000000.0,0,1718750.0,4972579.815477957,0,16.72418669887983,180.93660364104664,0,0.0,486099.27478989644,80502326423.92293,190625.0,8050232642392.293,8143636.704296608,2.473825588822365e-09,0,0,1,0.0,0.0,0
181,245000000.0,0,1718750.0,4993777.438971722,0,16.814261067099626,181.93660364104664,0,0.0,486099.27478989644,80502326423.92293,190625.0,8050232642392.293,8145629.5722587025,3.5070115700364113e-09,0,0,1,0.0,0.0,0
182,245000000.0,0,1718750.0,5014972.007558619,0,16.903866054579524,182.93250961650543,0,0.0,486099.27478989644,80502326423.92293,190625.0,8050232642392.293,8145629.5722587025,3.5070115700364113e-09,0,0,1,0.0,0.0,0
183,245000000.0,0,1718750.0,5036163.623068878,0,16.993965827753506,183.93250961650543,0,0.0,486099.27478989644,80502326423.92293,190625.0,8050232642392.293,8145629.5722587025,3.5070115700364113e-09,0,0,1,0.0,0.0,0
184,245000000.0,0,1718750.0,5057352.383938381,0,17.083602002870045,184.92845122729648,0,0.0,486099.27478989644,80502326423.92293,190625.0,8050232642392.293,8145629.5722587025,3.5070115700364113e-09,0,0,1,0.0,0.0,0
185,245000000.0,0,1718750.0,5078538.385321828,0,17.17372600021029,185.92845122729648,0,0.0,486099.27478989644,80502326423.92293,190625.0,8050232642392.293,8145629.5722587025,3.5070115700364113e-09,0,0,1,0.0,0.0,0
186,245000000.0,0,1718750.0,5099721.719202082,0,17.263392043447677,186.9244280101687,0,0.0,486099.27478989644,80502326423.92293,190625.0,8050232642392.293,8145629.5722587025,3.5070115700364113e-09,0,0,1,0.0,0.0,0
187,245000000.0,0,1718750.0,5120902.474495913,0,17.35353915783641,187.9244280101687,0,0.0,486099.27478989644,80502326423.92293,190625.0,8050232642392.293,8145629.5722587025,3.5070115700364113e-09,0,0,1,0.0,0.0,0
188,245000000.0,0,1718750.0,5142080.7371562105,0,17.443233828743214,188.92043950986596,0,0.0,486099.27478989644,80502326423.92293,190625.0,8050232642392.293,8145629.5722587025,3.5070115700364113e-09,0,0,1,0.0,0.0,0
189,245000000.0,0,1718750.0,5163196.948542712,0,17.533403020973967,189.92043950986596,0,0.0,486099.27478989644,80502326423.92293,190625.0,8050232642392.293,8141335.367839669,3.77985998056829e-09,0,0,1,0.0,0.0,0
190,245000000.0,0,1718750.0,5184310.830701649,0,17.62312515212826,190.9164852789552,0,0.0,486099.27478989644,80502326423.92293,190625.0,8050232642392.293,8141335.367839669,3.77985998056829e-09,0,0,1,0.0,0.0,0
191,245000000.0,0,1718750.0,5205422.461273947,0,17.713315445688668,191.9164852789552,0,0.0,486099.27478989644,80502326423.92293,190625.0,8050232642392.293,8141335.367839669,3.77985998056829e-09,0,0,1,0.0,0.0,0
192,245000000.0,0,1718750.0,5226531.915312489,0,17.80306393722003,192.91256487765926,0,0.0,486099.27478989644,80502326423.92293,190625.0,8050232642392.293,8141335.367839669,4.711182555183768e-09,0,0,1,0.0,0.0,0
193,245000000.0,0,1718750.0,5247639.2653684,0,17.893274413556536,193.91256487765926,0,0.0,486099.27478989644,80502326423.92293,190625.0,8050232642392.293,8141335.367839669,3.77985998056829e-09,0,0,1,0.0,0.0,0
194,245000000.0,0,1718750.0,5268744.581574436,0,17.9830482281647,194.90867787369376,0,0.0,486099.27478989644,80502326423.92293,190625.0,8050232642392.293,8141335.367839669,4.398316377773881e-09,0,0,1,0.0,0.0,0
195,245000000.0,0,1718750.0,5289847.931725593,0,18.073278022377227,195.90867787369376,0,0.0,486099.27478989644,80502326423.92293,190625.0,8050232642392.293,8141335.367839669,5.948095349594951e-09,0,0,1,0.0,0.0,0
196,245000000.0,0,1718750.0,5310597.83284787,0,18.163087198545067,196.90482384210824,0,0.0,490317.85689985775,81631622287.3215,190625.0,8163162228732.15,8124461.039399823,4.740286385640502e-09,0,0,1,0.0,0.0,0
197,245000000.0,0,1718750.0,5331345.896801088,0,18.253346216357553,197.90482384210824,0,0.0,490317.85689985775,81631622287.3215,190625.0,8163162228732.15,8124461.039399823,3.794411895796657e-09,0,0,1,0.0,0.0,0
198,245000000.0,0,1718750.0,5352092.184824212,0,18.34317815497627,198.9010023651312,0,0.0,490317.85689985775,81631622287.3215,190625.0,8163162228732.15,8124461.039399823,3.794411895796657e-09,0,0,1,0.0,0.0,0
199,245000000.0,0,1718750.0,5372836.756114919,0,18.433454317425575,199.9010023651312,0,0.0,490317.85689985775,81631622287.3215,190625.0,8163162228732.15,8124461.039399823,3.794411895796657e-09,0,0,1,0.0,0.0,0
200,735000000.0,0,1446875.0,5265930.256058768,0,18.58403197992331,201.38133471466804,0,0.0,4293543.887901458,3049671785259.3345,971875.0,304967178525933.44,8143122.604468425,3.27054294757545e-09,0,0,1,0.0,0.0,0
201,735000000.0,0,1446875.0,5177848.592294001,0,18.680263710600226,202.38133471466804,0,0.0,7905530.632702774,5712675069887.603,971875.0,571267506988760.2,8143122.604468425,3.285094862803817e-09,0,0,1,0.0,0.0,0
202,735000000.0,0,675000.0,5089766.9285292365,0,18.931302314827022,204.95857988165682,0,0.0,11517517.37750409,13190291307812.197,1743750.0,1319029130781219.8,8143122.604468425,3.2996467780321836e-09,0,0,1,0.0,0.0,0
203,735000000.0,0,675000.0,5001685.264764471,0,19.028659265291203,205.95857988165682,0,0.0,15129504.122305406,20437573513565.035,1743750.0,2043757351356503.5,8143122.604468425,3.5070115700364113e-09,0,0,1,0.0,0.0,0
204,735000000.0,0,546875.0,4915570.639615396,0,19.205763550888317,207.65046771617614,0,0.0,18523787.51947609,29454448045219.914,2496953.361528594,2945444804521991.5,8213935.994633375,1.5643308870494366e-09,0,0,1,0.0,0.0,0
205,735000000.0,0,546875.0,4836060.238615031,0,19.302617152410367,208.65046771617614,0,0.0,21699194.881970063,37056806873713.27,2371740.8152501914,3705680687371327.5,8251688.063986794,1.9936123862862587e-09,0,0,1,0.0,0.0,0
206,735000000.0,0,303125.0,4762105.393170219,0,19.692671054158964,212.5762433210029,0,0.0,24874602.244464036,51050492936880.47,3080399.330947255,5105049293688047.0,8251688.063986794,1.9936123862862587e-09,0,0,1,0.0,0.0,0
207,735000000.0,0,303125.0,4688150.5477254065,0,19.793719734746837,213.5762433210029,0,0.0,28050009.60695801,64922099304836.57,3070961.3136089,6492209930483657.0,8251688.063986794,1.9936123862862587e-09,0,0,1,0.0,0.0,0
208,735000000.0,0,175000.0,4614195.702280596,0,20.37496686585029,219.36363636363637,0,0.0,31225416.969451986,80695286813716.5,3822031.723057188,8069528681371650.0,8251688.063986794,1.9936123862862587e-09,0,0,1,0.0,0.0,0
209,735000000.0,0,175000.0,4540240.856835786,0,20.47790592549604,220.36363636363637,0,0.0,34400824.331945956,95152638801051.66,3770181.811967609,9515263880105166.0,8251688.063986794,1.9936123862862587e-09,0,0,1,0.0,0.0,0
210,717400000.0,1,0.0,4472355.539064714,17600000,30.549138989000184,330.0,1,309760000000000.0,37363855.196312614,114452371047436.22,4410090.327664672,1.1600117104743622e+16,8263941.060241426,2.9976945370435715e-09,0,0,1,0.0,0.0,0
211,717400000.0,1,0.0,4404470.22129364,35200000,30.66586190318513,331.0,1,1239040000000000.0,40326886.06067927,133722068517559.27,4400652.310326317,1.3991726851755926e+16,8263941.060241426,2.3137545213103294e-09,0,0,1,0.0,0.0,0
212,684600000.0,1,0.0,4347261.9868559055,85600000,31.016823835184436,332.0,1,7327360000000000.0,42905541.92504593,151615191269117.22,4912435.826023381,1.882519912691172e+16,8263941.060241426,2.3137545213103294e-09,0,0,1,0.0,0.0,0
213,684600000.0,1,0.0,4290053.752418166,136000000,31.178469167630624,333.0,1,1.8496e+16,45484197.78941259,168664560398709.38,4902997.808685026,2.6114456039870936e+16,8263941.060241426,2.3283064365386963e-09,0,0,1,0.0,0.0,0
214,639800000.0,1,0.0,4247428.8513137605,231200000,32.43330275811944,334.0,1,5.345344e+16,47537853.653779246,185887180881469.56,5239781.324382091,4.531543808814696e+16,8263941.060241426,2.3137545213103294e-09,0,0,1,0.0,0.0,0
215,687902840.2944388,1,0.0,4145225.7877452383,278297160,26.151021307107996,216.04435233837015,1,7.744930910018261e+16,50701952.305630326,196324072561450.44,5650715.166014528,5.835706180623635e+16,8256671.591133803,1.2514647096395493e-09,0,0,1,0.0,0.0,0
216,594802616.5045238,1,0.0,4117046.542716667,418494543,32.75255926810491,227.31407113572362,1,1.7513768268904496e+17,51201193.490043186,207207684293690.22,5396047.256396676,1.082896097738915e+17,8256671.591133803,1.2514647096395493e-09,0,0,1,0.0,0.0,0
217,555999552.4201705,1,0.0,4085271.036374352,597494991,46.792993430829064,219.74594955897567,1,3.5700026400822816e+17,51644836.92448417,210960628899178.16,5418245.026943887,1.995961948940319e+17,8258420.27660051,1.2514647096395493e-09,0,0,1,0.0,0.0,0
218,555999552.4201705,1,0.0,4069771.571698702,776495438,33.365168911523064,224.0911448763493,1,6.029451657949701e+17,51878337.68415456,222192500249577.94,5436471.611808146,3.236918329224429e+17,8258420.27660051,1.2514647096395493e-09,0,0,1,0.0,0.0,0
219,555999552.4201705,1,0.0,4037996.065356387,955495886,47.19679109131955,222.05021726699405,1,9.129723880492704e+17,52616420.87987794,222406447491325.8,5418245.026943887,4.787268387737678e+17,8258420.27660051,1.4133547665551305e-09,0,0,1,0.0,0.0,0
220,555973169.5218315,2,0.0,4028057.8816916626,1134522717,42.50889448627965,223.96733669767028,2,1.287081931467187e+18,52954297.95920805,233118595769096.5,5538592.445401065,6.668528253105032e+17,8258420.27660051,2.2737367544323206e-09,0,0,1,0.0,0.0,0
221,556025935.3185096,1,0.0,4001927.4280879665,1313496781,47.470716461375275,222.7725067392117,1,1.725273793960547e+18,53876862.292931214,233511624624416.0,5633601.772749097,8.859880594427151e+17,8261951.349780752,2.0700099412351847e-09,0,0,1,0.0,0.0,0
222,555999552.4201705,1,0.0,3978513.273562591,1492497229,47.75179386258082,225.05021726699405,1,2.2275479776175232e+18,54599117.45206448,240860003417155.88,5888831.938121608,1.1378599891504772e+18,8261951.349780752,2.0845618564635515e-09,0,0,1,0.0,0.0,0
223,555999552.4201705,1,0.0,3979778.5609197267,1671497676,33.019956044966726,225.0345124621697,1,2.7939044817420575e+18,54744030.609556444,252998534392501.53,6144062.10349412,1.422252094310279e+18,8261951.349780752,1.9681465346366167e-09,0,0,1,0.0,0.0,0
224,555999552.4201705,1,0.0,3964767.806610196,1850498124,48.058151349264165,226.4054014945574,1,3.4243433063341507e+18,55680348.2686897,254715869980471.75,6399292.268866631,1.7376432401651226e+18,8261951.349780752,2.2009771782904863e-09,0,0,1,0.0,0.0,0
225,555999552.4201705,1,0.0,3965386.9937946755,2029498571,36.61775203669393,226.37391795683973,2,4.118864451393802e+18,56028295.73093076,267140682005286.62,6660337.335793045,2.0861462938974298e+18,8238691.74356514,1.3133103493601084e-09,0,0,1,0.0,0.0,0
226,555999552.4201705,1,0.0,3944839.8689309754,2208499019,48.39049002320251,228.0345124621697,1,4.877467916921013e+18,56963703.05046369,276752817020242.75,6921382.4027194595,2.466409240162531e+18,8238691.74356514,1.2987584341317415e-09,0,0,1,0.0,0.0,0
227,555999552.4201705,1,0.0,3929183.0144488034,2387499467,48.54073816948565,228.70763650685782,1,5.700153702915782e+18,57824933.51106305,280126023024778.78,7182427.469645874,2.8780894537603686e+18,8238691.743565703,1.4588295016437769e-09,0,0,1,0.0,0.0,0
228,555999552.4201705,1,0.0,3929802.201633299,2566499914,33.27807445685705,229.72591216225717,1,6.586921809378109e+18,58189885.49586874,293556283496145.9,7443472.536572288,3.3228165330386693e+18,8238691.743565703,1.342414179816842e-09,0,0,1,0.0,0.0,0
229,555999552.4201705,1,0.0,3914145.347151127,2745500362,48.898629071072286,230.44801593863545,1,7.537772236307995e+18,59218210.21939191,303639941608810.7,7704517.603498702,3.7992501123148785e+18,8238691.743565703,1.342414179816842e-09,0,0,1,0.0,0.0,0
230,555999552.4201705,1,0.0,3914764.534335623,2924500809,34.91335475835263,231.5262724991798,1,8.55270498370544e+18,59755801.90907378,319567244033044.44,7965562.670425116,4.3083092162560246e+18,8238691.743565703,1.342414179816842e-09,0,0,1,0.0,0.0,0
231,555999552.4201705,1,0.0,3899217.97820641,3103501257,49.33265184132903,232.4437598421263,1,9.631720051570442e+18,60829109.49931987,323874279441024.4,8226607.73735153,4.848247453729324e+18,8242662.484272232,1.3278622645884752e-09,0,0,1,0.0,0.0,0
232,548983654.6314132,2,0.0,3901470.0110070505,3289517602,43.768685700180065,233.34575643923097,2,1.0774866662724786e+19,61323201.91229763,338604375572319.44,8487652.804277943,5.421293768919625e+18,8242662.484272232,1.342414179816842e-09,0,0,1,0.0,0.0,0
233,563015450.2089279,1,0.0,3885473.8214601674,3461502152,49.972436979795496,234.27562660864766,1,1.1981997148703128e+19,62412805.94309159,350870010956629.25,8748697.871204358,6.026085575447226e+18,8308693.23344812,1.939042704179883e-09,0,0,1,0.0,0.0,0
234,555999552.4201705,1,0.0,3858740.6194747305,3640502600,63.92308246464332,235.42925089260473,1,1.3253259177970803e+19,63130558.577855244,340643919567626.8,8540992.938130772,6.660693980942164e+18,8308693.23344812,1.7207639757543802e-09,0,0,1,0.0,0.0,0
235,555999552.4201705,1,0.0,3848283.4591559595,3819503047,50.933619501503564,236.4567894469911,1,1.4588603527706042e+19,63316308.60156544,341954351823108.44,8333288.005057186,7.328497199035332e+18,8308693.23344812,1.7207639757543802e-09,0,0,1,0.0,0.0,0
236,555999552.4201705,1,0.0,3834571.0905038556,3998503495,50.40025940398587,237.49159780781065,1,1.5988030197908836e+19,64090321.184905596,353840717136620.25,8594333.0719836,8.02939917066808e+18,8308693.23344812,1.7207639757543802e-09,0,0,1,0.0,0.0,0
237,555999552.4201705,1,0.0,3824113.9301850847,4177503942,54.45138558683117,238.53358709859756,2,1.7451539188579193e+19,64787774.764963165,355727105722225.8,8386628.138910014,8.761342304861819e+18,8308693.23344812,1.7207639757543802e-09,0,0,1,0.0,0.0,0
238,555999552.4201705,1,0.0,3810682.135828601,4356504390,50.78832516597338,239.57705135702827,1,1.8979130499717104e+19,65229921.043007724,360491285855722.44,8647673.205836428,9.525614378444124e+18,8318793.908090466,2.0336301531642675e-09,0,0,1,0.0,0.0,0
239,555999552.4201705,1,0.0,3784229.508138784,4535504838,65.18063907009534,240.62938173913236,1,2.0570804131322573e+19,66267443.67014832,351764440357170.75,8439968.272762842,1.0320578509697004e+19,8318793.908090466,2.0481820683926344e-09,0,0,1,0.0,0.0,0
240,555999552.4201705,1,0.0,3791981.7489292836,4714505285,34.92679360484642,241.6728911934696,1,2.222656008339561e+19,66334589.41628451,367113911651649.9,8701013.339689257,1.114999143286297e+19,8295481.673381878,2.688466338440776e-09,0,0,1,0.0,0.0,0
241,555999552.4201705,1,0.0,3764881.5591642284,4893505733,65.6815723375273,242.71433666422223,1,2.3946398355936195e+19,67328337.4567267,365581492011304.06,8493308.40661567,1.2009757327169227e+19,8295481.673381878,2.735760062932968e-09,0,0,1,0.0,0.0,0
242,555999552.4201705,1,0.0,3778188.776201789,5072506180,37.311704625329945,243.78113341015367,1,2.573031894894434e+19,67506446.29276878,381654229027880.56,8754353.473542085,1.2903324897374958e+19,8295460.818276017,2.6520865503698587e-09,0,0,1,0.0,0.0,0
243,555999552.4201705,1,0.0,3762199.1182393474,5251506628,66.2473391384826,244.82168940920764,1,2.7578321862420054e+19,68297048.67695178,373567479723727.44,8546648.540468499,1.38265176791824e+19,8295460.818276017,2.699380274862051e-09,0,0,1,0.0,0.0,0
244,541523739.5246651,2,0.0,3778647.7877281886,5444982888,45.52948965438216,245.90435199233121,2,2.94906166455223e+19,68287075.17332423,388794294869305.56,8807693.607394913,1.478418775224808e+19,8295460.818276017,2.6520865503698587e-09,0,0,1,0.0,0.0,0
245,570475365.3156759,1,0.0,3748180.3260888257,5609507523,79.29068756405998,246.94338531185372,1,3.1466574650774135e+19,69249765.55844414,382758838268213.2,8599988.674321327,1.5771563209213889e+19,8295460.818276017,2.699380274862051e-09,0,0,1,0.0,0.0,0
246,555999552.4201705,1,0.0,3745211.5014597187,5788507971,52.703753088348435,248.04588613419574,1,3.3506824525652513e+19,69366829.32755981,389019492593501.75,8861033.741247742,1.6792314212085606e+19,8295460.818276017,2.6520865503698587e-09,0,0,1,0.0,0.0,0
247,555999552.4201705,1,0.0,3748277.8640760267,5967508418,53.53373162418668,249.0825046842527,1,3.561115672099846e+19,69738698.11217839,389991369559008.7,8653328.808174156,1.784457749745513e+19,8295460.818276017,2.815795596688986e-09,0,0,1,0.0,0.0,0
248,555999552.4201705,1,0.0,3736812.910272946,6146508866,67.95181772023014,250.2101474265801,1,3.777957123681196e+19,70089952.71683346,398632440744472.2,8902948.412666336,1.8929648862480425e+19,8341162.668012954,3.0631781555712223e-09,0,0,1,0.0,0.0,0
249,555999552.4201705,1,0.0,3738368.789803197,6325509313,62.454903122538326,251.24307787823471,2,4.001206807309301e+19,70288866.50637457,401440210176295.9,8683818.017158516,2.0046178057564135e+19,8341162.668012954,3.0886440072208643e-09,0,0,1,0.0,0.0,0
250,555999552.4201705,1,0.0,3736825.6341287387,6504509761,53.80626306435358,252.40308794510585,1,4.230864722984162e+19,70703472.33206466,407618829449802.94,8933437.621650696,2.119508549786579e+19,8346784.900643346,3.2741809263825417e-09,0,0,1,0.0,0.0,0
251,528963064.22728145,2,0.0,3740194.910787806,6710546696,77.06062734475816,253.43048215413208,2,4.467003967875161e+19,70856981.94962862,400965201670110.7,8714307.226142876,2.2375116359542817e+19,8346784.900643346,3.357854438945651e-09,0,0,1,0.0,0.0,0
252,583036040.6130595,1,0.0,3729850.8149463907,6862510656,54.269166272038404,254.63293696671116,1,4.7094052504741536e+19,71504427.01683694,408512932780381.4,8963926.830635056,2.3587877545648808e+19,8346784.900643346,3.1141098588705063e-09,0,0,1,0.0,0.0,0
253,526797767.9672096,2,0.0,3743434.564720302,7070712888,63.374665999016706,255.65205563138971,2,4.958373136710807e+19,71774085.3237858,405857281585018.5,8744796.435127236,2.4832451411712537e+19,8346027.055745939,2.1245796233415604e-09,0,0,1,0.0,0.0,0
254,585201336.8731314,1,0.0,3728154.4991443004,7220511551,69.97297921342383,256.91140519181187,1,5.213578706151168e+19,72394056.70297326,418216712307737.44,8994416.039619416,2.6109715201986617e+19,8346027.055745939,2.295564627274871e-09,0,0,1,0.0,0.0,0
255,526749265.85507417,2,0.0,3742327.563391545,7428762286,63.6156445732204,257.9180807479007,2,5.475363339986223e+19,72449673.87983187,415753231202545.6,8775285.644111596,2.741839202305137e+19,8346027.055745939,1.8480932340025902e-09,0,0,1,0.0,0.0,0
256,585249838.9852669,1,0.0,3733739.751845578,7578512446,56.167455127978435,259.2557435225719,1,5.743385090015205e+19,73207435.4235042,423464028389798.3,9024905.248603776,2.8759271852915003e+19,8346027.055745939,1.9826984498649836e-09,0,0,1,0.0,0.0,0
257,526749265.85507417,2,0.0,3737568.402251465,7786763181,78.55936570509279,260.2434256108889,2,6.017986187943771e+19,72798192.4930983,417752835683071.7,8805774.853095956,3.0131706223287165e+19,8346027.055745939,1.8480932340025902e-09,0,0,1,0.0,0.0,0
258,585249838.9852669,1,0.0,3737593.728783058,7936513342,66.06158858555183,261.69245878969423,2,6.298824402066267e+19,73446026.78976569,437162423509591.3,9055394.457588136,3.1537838252682297e+19,8346027.055745939,1.8226273823529482e-09,0,0,1,0.0,0.0,0
259,526749265.85507417,2,0.0,3742054.6182175893,8144764076,79.06219021570163,262.6504211198134,2,6.5862419640883446e+19,73397401.06291598,428796524424202.3,8836264.062080316,3.2974089472884142e+19,8346027.055745939,1.8480932340025902e-09,0,0,1,0.0,0.0,0
260,527964507.4660151,2,0.0,3745046.4286568323,8351799569,79.81810489446585,264.2644832536429,2,6.880224803225077e+19,73463210.48516466,427623767402415.06,8617133.666572496,3.444388639286563e+19,8299067.038101604,2.659362507984042e-09,0,0,1,0.0,0.0,0
261,526749265.85507417,2,0.0,3775912.6480170414,8560050302,47.453900258993194,261.6702779057307,2,7.180793951813252e+19,73144232.74220596,438044071057908.1,8866753.271064676,3.594777416617205e+19,8299067.038101604,2.7066562324762344e-09,0,0,1,0.0,0.0,0
262,526749265.85507417,2,0.0,3765334.671040999,8768301037,93.1164177896561,267.0462297967624,2,7.487942448301008e+19,73473145.36365779,426010406619968.6,8647622.875556856,3.748231328216704e+19,8299067.038101604,2.7284841053187847e-09,0,0,1,0.0,0.0,0
263,526749265.85507417,2,0.0,3801756.4459567633,8976551770,47.58178687282453,263.68700605919196,2,7.80167029268835e+19,73134501.43422106,436357737272769.2,8897242.480049036,3.905198723716903e+19,8299067.038101604,2.7284841053187847e-09,0,0,1,0.0,0.0,0
264,526749265.85507417,2,0.0,3797290.8725509737,9184802505,93.79244801514203,270.1789231432005,2,8.121977484975273e+19,73695007.33049646,432289333182734.6,8678112.084541216,4.0653116358194635e+19,8299067.038101604,2.7284841053187847e-09,0,0,1,0.0,0.0,0
265,526749265.85507417,2,0.0,3822601.5363556277,9393053239,47.797899293868426,265.70459055485907,2,8.448864025161782e+19,73517094.52058832,442763465027208.5,8927731.689033397,4.228859647231163e+19,8299067.038101604,2.7066562324762344e-09,0,0,1,0.0,0.0,0
266,526749265.85507417,2,0.0,3821789.184379584,9601303973,81.68593865753648,273.96728648701855,2,8.782329913247877e+19,74221593.91801937,435983199577517.4,8708601.293525577,4.395524788619714e+19,8299067.038101604,2.7066562324762344e-09,0,0,1,0.0,0.0,0
267,526749265.85507417,2,0.0,3844330.9316872805,9809554707,66.12367068891946,268.01090410233667,2,9.12237514923355e+19,73790133.17083189,441324827445112.8,8958220.898017757,4.565600822891226e+19,8350948.544211084,2.321030478924513e-09,0,0,1,0.0,0.0,0
268,526749265.85507417,2,0.0,3846263.5105073582,10017805441,82.36204266902966,279.21252257401704,2,9.468999733118812e+19,74180558.72548445,434249171716788.3,8739090.502509937,4.738842358276574e+19,8397884.54676198,2.684828359633684e-09,0,0,1,0.0,0.0,0
269,526755224.25879216,2,0.0,3879792.1895397305,10226050218,48.75917440796222,269.7426122072691,2,9.822191860691835e+19,74144087.5264206,444248201942643.5,8988710.107002117,4.915538412365344e+19,8394985.41134305,1.7680577002465725e-09,0,0,1,0.0,0.0,0
270,526761182.6625102,2,0.0,3858744.147882687,10434289034,106.94849580065474,274.94887816973215,2,1.018195089203976e+20,74710265.65707965,439086143467595.44,8769579.711494297,5.095366307454556e+19,8394985.41134305,1.9099388737231493e-09,0,0,1,0.0,0.0,0
271,526761182.6625102,2,0.0,3889642.4906990323,10642527852,49.09018571527269,271.7632146872551,2,1.0548288418070128e+20,74117561.25265405,449264590419781.44,9019199.315986477,5.278636854939262e+19,8384884.736700704,1.5570549294352531e-09,0,0,1,0.0,0.0,0
272,526761182.6625102,2,0.0,3881444.459514988,10850766669,96.15662349494652,277.9633493722095,2,1.0921204438782937e+20,74348331.32289687,437644001219621.8,8800068.920478657,5.4649786594036646e+19,8384884.736700704,3.2523530535399914e-09,0,0,1,0.0,0.0,0
273,524847405.05804884,2,0.0,3910791.8098712456,11060919264,49.62258183419956,273.7826963721829,2,1.1304764745348563e+20,73980895.53319623,447616901567412.7,9049688.524970837,5.656858541689956e+19,8396620.560489818,3.65253072232008e-09,0,0,1,0.0,0.0,0
274,522933627.4535875,2,0.0,3913931.347753692,11272985636,83.66798162648803,281.50097531145974,2,1.169917706183883e+20,74631741.42567088,440238581779673.6,8830558.129463017,5.853990916737212e+19,8396620.560489818,3.54702933691442e-09,0,0,1,0.0,0.0,0
275,522933627.4535875,2,0.0,3938983.8319723923,11485052009,69.02257784217487,275.80079450931873,2,1.2100444838440634e+20,74442394.58939391,445636758796805.5,9080177.733955197,6.054678786808285e+19,8396620.560489818,3.9981387089937925e-09,0,0,1,0.0,0.0,0
276,522934316.6894073,2,0.0,3942123.4446417117,11697117693,84.3289673721356,286.1070338199247,2,1.2508566535149142e+20,74985632.5849768,445811721431865.44,8861047.338447377,6.25874138478889e+19,8396631.329799503,3.830791683867574e-09,0,0,1,0.0,0.0,0
277,522935005.9252271,2,0.0,3953482.2028977764,11909182686,86.64234813189016,277.81975122607315,3,1.2923542076362618e+20,74561543.88187867,446687183503505.06,9110666.942939557,6.466237910016344e+19,8396631.329799503,3.874447429552674e-09,0,0,1,0.0,0.0,0
278,522935005.9252271,2,0.0,3956621.582386564,12121247681,84.44862046515017,284.0165960803455,2,1.3345372976885285e+20,74534538.23769777,445180007148903.25,8891536.547431737,6.6771382885141316e+19,8396631.012282597,4.703906597569585e-09,0,0,1,0.0,0.0,0
279,522935005.9252271,2,0.0,3978418.6998782703,12333312674,68.08985236365638,285.0765894531489,2,1.3774059236717152e+20,74513341.49413434,445073442503772.94,8672406.151923917,6.891480352783614e+19,8396631.012282597,4.86397766508162e-09,0,0,1,0.0,0.0,0
280,522935005.9252271,2,0.0,3990368.8432559464,12545377669,85.28663503912254,287.2817613350782,2,1.420960085585822e+20,74498313.41953054,454174660580130.9,8922025.756416097,7.109342174534912e+19,8396631.012282597,4.8858055379241705e-09,0,0,1,0.0,0.0,0
281,522935005.9252271,2,0.0,4006723.1639542896,12757442662,68.52187015367535,288.68102269138103,2,1.4651997834308482e+20,74655483.09078969,450715573762455.0,8702895.360908277,7.3305060728918655e+19,8396631.012282597,4.7839421313256025e-09,0,0,1,0.0,0.0,0
282,522935005.9252271,2,0.0,4004979.7309430754,12969507657,99.7884175441168,291.22067863652273,2,1.510125017206794e+20,74495742.72070841,447806979802640.5,8952514.965400457,7.555103155831996e+19,8396631.012282597,4.8858055379241705e-09,0,0,1,0.0,0.0,0
283,527272798.264082,2,0.0,4024464.9251491483,13177234858,68.94273887072778,293.4366706422647,2,1.5556726396729128e+20,74431730.72836283,443928703118965.94,8733384.569892637,7.782802485395754e+19,8547290.776647087,2.4556356947869062e-09,0,0,1,0.0,0.0,0
284,531610590.6029369,2,0.0,4037298.8790701902,13380624268,70.71140816990957,296.56686153590533,2,1.601836166915609e+20,74780636.18653671,457611345783585.6,8983004.174384817,8.01375694803588e+19,8547290.776647087,4.114554030820727e-09,0,0,1,0.0,0.0,0
285,531610590.6029369,2,0.0,4046077.0870916154,13584013678,86.15591730615917,301.27577763100504,2,1.6486765848710968e+20,75060508.86034529,450123159705773.7,8763873.778876998,8.247884155952543e+19,8547290.776647087,4.114554030820727e-09,0,0,1,0.0,0.0,0
286,531610590.6029369,2,0.0,4050882.79179241,13787403087,86.90839410202635,287.2734441874478,2,1.696193893539377e+20,75123255.66265622,450967905769733.94,9013493.383369178,8.485479146754582e+19,8547290.776647087,4.114554030820727e-09,0,0,1,0.0,0.0,0
287,531610590.6029369,2,0.0,4061288.6039805016,13990792497,88.35318041018462,323.94672730660886,2,1.744388092920449e+20,74899458.1127024,446878489259256.4,8794362.987861358,8.726409249494837e+19,8547290.776647087,4.05634636990726e-09,0,0,1,0.0,0.0,0
288,531610590.6029369,2,0.0,4065414.634233248,14194181906,87.54678099592147,291.9888815753807,2,1.793259183014313e+20,74820169.15309675,455797028306577.4,9043982.592353538,8.970853885354631e+19,8547290.776647087,4.136381903663278e-09,0,0,1,0.0,0.0,0
289,531610590.6029369,2,0.0,4070937.63392134,14397571316,86.291773949283,290.81522152267877,2,1.8428071638209692e+20,75060721.06648335,451888636187602.9,8824852.196845718,9.218554705466722e+19,8547290.776647087,4.092726157978177e-09,0,0,1,0.0,0.0,0
290,531610590.6029369,2,0.0,4084248.687199643,14600960724,88.62742804546603,294.50817370952234,2,1.8930320353404178e+20,74883526.09603304,452510642633728.9,9074471.801337898,9.469685283128426e+19,8547290.776647087,4.31100488640368e-09,0,0,1,0.0,0.0,0
291,531710773.9063447,2,0.0,4108369.816944899,14804249951,69.93944146503985,296.18965606611346,2,1.943932013805628e+20,74893673.9943398,449638570536900.0,8855341.405830078,9.72415645473351e+19,8548856.140762832,4.092726157978177e-09,0,0,1,0.0,0.0,0
292,531810957.2097525,2,0.0,4119080.3640021407,15007438993,90.50440810362537,297.18291035671,3,1.9955069761443047e+20,74904489.8015127,450662109836775.3,9104961.010322258,9.982041501819891e+19,8548856.140762832,4.2891770135611296e-09,0,0,1,0.0,0.0,0
293,531810957.2097525,2,0.0,4127367.592079087,15210628037,87.19829418805101,299.31648109309464,2,2.047758665099381e+20,75106788.98751567,443382549308737.25,8885830.614814438,1.0243227150989992e+20,8531180.862761663,4.4419721234589815e-09,0,0,1,0.0,0.0,0
294,531810957.2097525,2,0.0,4140859.834399475,15413817079,80.3872140337795,300.0951725120278,3,2.1006870806708575e+20,75186518.48127224,456735480281574.94,9135450.219306618,1.0508002758157102e+20,8531180.862761663,4.529283614829183e-09,0,0,1,0.0,0.0,0
295,531810957.2097525,2,0.0,4149147.062476424,15617006122,87.84184061173542,303.06835531813556,2,2.1542922228587328e+20,75245074.43120287,453063714739643.44,8916319.823798798,1.077599175144106e+20,8531180.862761663,4.35466063208878e-09,0,0,1,0.0,0.0,0
296,531810957.2097525,2,0.0,4158663.5094909677,15820195164,88.76885620348136,303.39717514737555,2,2.2085740916630074e+20,75130833.07729022,452434301223505.56,8770322.577356674,1.1047394801327273e+20,8531180.862761663,4.274625098332763e-09,0,0,1,0.0,0.0,0
297,533261146.2240033,2,0.0,4184067.7324733916,16021934019,72.2099708681446,297.86831583104623,2,2.2630973342061697e+20,74824671.11056824,457434160599370.75,9007411.193703149,1.1320061012636842e+20,8553840.066109333,2.7721398510038853e-09,0,0,1,0.0,0.0,0
298,534711335.2382542,2,0.0,4177974.964592446,16222222683,103.97830641960329,307.935971046357,2,2.3178461697182807e+20,75432790.59118018,454544009511472.56,8775749.810049623,1.1593776288686517e+20,8553840.066109333,2.8303475119173527e-09,0,0,1,0.0,0.0,0
299,534711335.2382542,2,0.0,4213613.437333513,16422511348,52.32636069471053,299.8951650977468,2,2.3732506908202074e+20,75036189.98582415,464068053931591.5,9012838.426396098,1.1870894134640353e+20,8529501.975691391,3.587047103792429e-09,0,0,1,0.0,0.0,0
300,534711335.2382542,2,0.0,4216610.236385404,16622800012,90.37647159755544,315.12811461012416,2,2.42931089751195e+20,75642047.91270585,457514442296402.1,8781177.042742573,1.2151129631982713e+20,8529501.975691391,3.5652192309498787e-09,0,0,1,0.0,0.0,0
301,534711335.2382542,2,0.0,4230629.698182983,16823088678,73.111424381678,300.9237277613973,2,2.486026789793509e+20,75538849.48117149,462972802276889.6,9018265.659089047,1.2434763676990313e+20,8458316.973923057,1.3969838619232178e-09,0,0,1,0.0,0.0,0
302,534711335.2382542,2,0.0,4204925.430506193,17023377342,117.32134859883884,308.27704962231905,2,2.5433983676648826e+20,76220680.77726309,455624387989024.3,8788657.055244058,1.2721548082204303e+20,8458316.973923057,1.2951204553246498e-09,0,0,1,0.0,0.0,0
303,534711335.2382542,2,0.0,4227861.423712097,17223666007,73.53040243340203,300.48000500790477,2,2.6014256311260722e+20,75572237.09923449,465331152432872.8,9038276.659736238,1.301178146715469e+20,8423775.21242551,1.6443664208054543e-09,0,0,1,0.0,0.0,0
304,534711335.2382542,2,0.0,4239333.797325994,17423954672,89.81024020735107,311.5685847916479,2,2.660108580177078e+20,75677102.57979807,458782475507629.6,8816434.402353901,1.3305130725640466e+20,8434622.659923578,1.433363649994135e-09,0,0,1,0.0,0.0,0
305,534711335.2382542,2,0.0,4272336.733517954,17624243336,54.23193682670773,300.9866940460148,2,2.7194472148178987e+20,75574914.73385596,468982149423989.2,9063342.144971564,1.3601925895583733e+20,8434622.659923578,1.433363649994135e-09,0,0,1,0.0,0.0,0
306,534711335.2382542,2,0.0,4246547.399791412,17824532001,118.0507958795671,319.20639309811713,2,2.7794415350485362e+20,76076219.90246725,454358688535958.6,8841499.887589227,1.3901751262128041e+20,8434622.659923578,1.433363649994135e-09,0,0,1,0.0,0.0,0
307,534711335.2382542,2,0.0,4268439.224872261,18024820665,55.63314953783448,301.0215098671488,2,2.840091540868989e+20,75623429.92033298,464220517541055.9,9088407.63020689,1.4205099909520355e+20,8434622.659923578,1.433363649994135e-09,0,0,1,0.0,0.0,0
308,534711335.2382542,2,0.0,4250247.240129087,18225109331,104.40429251784903,306.1547886987872,2,2.9013972322792568e+20,76807412.58430411,465649172286241.0,8866565.372824553,1.4511642653119146e+20,8435455.759069001,1.4842953532934189e-09,0,0,1,0.0,0.0,0
309,534711335.2382542,2,0.0,4254931.3040750865,18425397995,89.12414729933684,308.49682667231593,2,2.963358609279341e+20,76707869.88170741,463419286935157.1,8760070.261050226,1.4821427239266058e+20,8435455.759069001,1.4842953532934189e-09,0,0,1,0.0,0.0,0
310,534711335.2382542,2,0.0,4279447.652665244,18625686660,72.83257098951125,307.8166043583666,2,3.025975671869241e+20,76346407.05025062,469465459082480.75,8891630.85805988,1.513457301393703e+20,8435455.759069001,1.4879333321005106e-09,0,0,1,0.0,0.0,0
311,534711335.2382542,2,0.0,4281549.251333467,18825975325,104.23354726276327,312.0024969921646,2,3.089248420048956e+20,76449146.28544416,458649225928652.75,8669788.600677542,1.545082859250407e+20,8435455.759069001,1.4842953532934189e-09,0,0,1,0.0,0.0,0
312,534711335.2382542,2,0.0,4294947.8932949165,19026263990,73.073537378146,310.7077313279957,2,3.1531768538184876e+20,76476269.1568621,473067309866193.94,8916696.343295205,1.57706149421911e+20,8435218.32043548,2.622982719913125e-09,0,0,1,0.0,0.0,0
313,534711335.2382542,2,0.0,4311352.843554763,19226552654,72.84333434379728,320.43276735400264,2,3.217760973177834e+20,76855304.31203236,470598671971525.94,8949280.451548269,1.6093510852608885e+20,8475172.95417863,1.469743438065052e-09,0,0,1,0.0,0.0,0
314,534711335.2382542,2,0.0,4297510.026718406,19426841319,104.76721632435388,301.3496349639648,2,3.283000778126997e+20,77183711.16400266,466417880137658.6,8921784.511658955,1.6419668069436362e+20,8475172.95417863,2.4665496312081814e-09,0,0,1,0.0,0.0,0
315,534711335.2382542,2,0.0,4310457.81579871,19627129984,93.76107201350432,368.6530430701133,3,3.348896268665975e+20,76724963.16769081,464167743574875.8,8790973.99011921,1.6749123020765623e+20,8474356.11390394,1.382431946694851e-09,0,0,1,0.0,0.0,0
316,534711335.2382542,2,0.0,4329784.625480477,19827418649,72.76436715703994,303.8632690337924,2,3.4154474447947694e+20,76621566.02609517,469791815824440.6,8943616.596450372,1.7081935142132092e+20,8474365.415369745,2.1973391994833946e-09,0,0,1,0.0,0.0,0
317,534711335.2382542,2,0.0,4322528.679879275,20027707313,103.73911214301279,301.23982400648185,2,3.4826543065133783e+20,77007477.05263731,467251742953091.0,8720382.378384877,1.741794404999642e+20,8474365.415369745,1.2732925824820995e-09,0,0,1,0.0,0.0,0
318,534711335.2382542,2,0.0,4342570.296700008,20227995979,72.95486792847157,304.4581992014954,2,3.550516853821804e+20,76977468.41416201,481412920273479.0,8965898.160319382,1.7757398398311753e+20,8474365.415369745,1.2660166248679161e-09,0,0,1,0.0,0.0,0
319,534711335.2382542,2,0.0,4364645.059391989,20428284643,71.70879366080759,305.5496668436117,2,3.619035086720045e+20,77149988.0378084,478678080458739.3,8981110.438742897,1.809996221440481e+20,8474365.415369745,1.2660166248679161e-09,0,0,1,0.0,0.0,0
320,534711335.2382542,2,0.0,4366783.030379391,20628573308,105.16405674571851,305.2697176233208,2,3.688209005208103e+20,77053742.19635692,476224021212085.5,8988179.724188393,1.8445807266252636e+20,8474365.415369745,1.2732925824820995e-09,0,0,1,0.0,0.0,0
321,534711335.2382542,2,0.0,4387869.098667079,20828861972,71.65338678260915,306.8579581288186,2,3.758038609285976e+20,77049308.34777837,473293617989993.25,8823003.536649605,1.8794925982609778e+20,8474365.415369745,1.2660166248679161e-09,0,0,1,0.0,0.0,0
322,534711335.2382542,2,0.0,4400169.977351652,21029150638,73.55691872319481,306.44242046942225,2,3.828523898953664e+20,77482638.67948505,487624494585236.2,9010461.288057404,1.9147495739714172e+20,8477934.569277277,1.2660166248679161e-09,0,0,1,0.0,0.0,0
323,534711335.2382542,2,0.0,4403779.207956968,21229439302,89.24905979779857,308.973358364119,2,3.899664874211168e+20,77742249.05466832,480694910833153.8,9169462.310412819,1.9503131320164172e+20,8477934.569277277,1.2732925824820995e-09,0,0,1,0.0,0.0,0
324,534711335.2382542,2,0.0,4410226.391552912,21429727967,91.08290772899196,308.2864569767549,2,3.971461535058488e+20,77472526.89044754,482404165769356.75,9032742.851926414,1.9862131716950134e+20,8477934.569277277,1.2660166248679161e-09,0,0,1,0.0,0.0,0
325,534711335.2382542,2,0.0,4420236.753982962,21630016632,72.26751978786842,312.97589134760375,2,4.043913881495623e+20,77775916.24039423,479909235668825.8,9009570.831365762,2.02243684998348e+20,8453817.928914567,1.3606040738523006e-09,0,0,1,0.0,0.0,0
326,534711335.2382542,2,0.0,4401427.247034004,21830305297,105.89255054547183,301.05480671636053,2,4.1170219135225745e+20,78020259.6771305,480437285129756.6,9055024.415795425,2.058991394046417e+20,8496372.110125005,1.2878444977104664e-09,0,0,1,0.0,0.0,0
327,534711335.2382542,2,0.0,4424061.365004402,22030593961,73.14386976533403,323.42414272075325,2,4.1907856311393406e+20,77727753.2137352,477508546420667.5,8831790.19772993,2.095870324116091e+20,8522044.144875398,2.190063241869211e-09,0,0,1,0.0,0.0,0
328,534711335.2382542,2,0.0,4431390.350464816,22230882626,91.86915810453397,303.4948353495453,2,4.265205034345923e+20,77912010.25493382,486947283936734.56,9077305.979664436,2.1330894644568985e+20,8522044.144875398,1.7389538697898388e-09,0,0,1,0.0,0.0,0
329,534711335.2382542,2,0.0,4427086.4181832,22431171291,103.79256630523103,301.6681138586542,2,4.3402801231423216e+20,78126997.17373988,485134992775548.3,9153583.944871617,2.1706251965639364e+20,8522044.144874835,1.6952981241047382e-09,0,0,1,0.0,0.0,0
330,534711335.2382542,2,0.0,4451852.430836686,22631459955,76.49534367782336,309.24653059779456,3,4.416010897528536e+20,77750575.3826693,484819004195341.44,9099587.543533446,2.2084902677684634e+20,8522044.144874835,1.5934347175061703e-09,0,0,1,0.0,0.0,0
331,534711335.2382542,2,0.0,4445920.894388403,22831748620,103.83688519166485,301.7695843259012,2,4.4923973575045664e+20,78133757.54163812,482801047175753.8,8972415.375219623,2.246681479799459e+20,8522044.144874835,1.5934347175061703e-09,0,0,1,0.0,0.0,0
332,534711335.2382542,2,0.0,4462251.831208073,23032037284,79.03827381533844,302.2143774817251,3,4.569439503070412e+20,77933628.36811608,488164834205260.8,9117184.909788318,2.2852079163694114e+20,8540780.93533139,1.1423253454267979e-09,0,0,1,0.0,0.0,0
333,534711335.2382542,2,0.0,4486163.662761946,23232325950,71.81280836400931,305.7546116822673,2,4.647137334226073e+20,78036526.34399144,485073756807410.2,8889266.494108684,2.324053740869844e+20,8540780.93533139,1.1423253454267979e-09,0,0,1,0.0,0.0,0
334,534711335.2382542,2,0.0,4471569.744933009,23432614614,117.70690461753878,305.474147009035,2,4.7254908509715504e+20,78627330.6653076,484055278672307.56,8981613.726702457,2.3632294807644475e+20,8540767.417981582,1.2223608791828156e-09,0,0,1,0.0,0.0,0
335,534711335.2382542,2,0.0,4494500.313293247,23632903279,71.76972139387108,307.17366951452755,2,4.804500053306843e+20,78575348.32456097,481290997598124.25,9116428.488725903,2.4027313176510195e+20,8540767.417981582,1.2223608791828156e-09,0,0,1,0.0,0.0,0
336,534711335.2819478,2,0.0,4516234.343431968,23833191944,72.90086363017825,306.7506202066587,2,4.8841649412303716e+20,78693504.16840099,486218210923319.3,8985924.197872369,2.442568688826109e+20,8597924.884204658,1.1641532182693481e-09,0,0,1,0.0,0.0,0
337,534711335.3256414,2,0.0,4517463.28245816,24033480609,89.40975825607588,309.52166293424256,2,4.9644855147420844e+20,78907631.03692496,478657898607944.5,8917744.002829427,2.4827214152696503e+20,8667988.550548008,1.280568540096283e-09,0,0,1,0.0,0.0,0
338,534711335.3256414,2,0.0,4518279.378722289,24233769273,90.26094835213452,308.8034204356123,2,5.045461773843541e+20,78809072.66183808,487707166881944.3,9062818.928164084,2.5232185940886523e+20,8660061.715876691,1.1932570487260818e-09,0,0,1,0.0,0.0,0
339,534711335.3256414,2,0.0,4530184.591887941,24434057938,72.4110417815446,314.15454783473945,2,5.1270937185347423e+20,79043733.8822523,489559368250525.3,9207893.85349874,2.5640364186356217e+20,8660061.715876691,1.1932570487260818e-09,0,0,1,0.0,0.0,0
340,534711335.3256414,2,0.0,4521477.573959197,24634346602,104.75123268912527,301.8977666935455,2,5.209381348815688e+20,79081062.2187145,483668832916569.6,8994545.140212191,2.6051743432407607e+20,8660061.715876691,1.1932570487260818e-09,0,0,1,0.0,0.0,0
341,534711335.3256414,2,0.0,4545348.399186978,24834635268,72.18196927287231,301.5643370995127,2,5.2923246646863784e+20,78590662.80007061,490734420637068.56,8991693.451016426,2.6466530667638263e+20,8660061.715876691,1.1932570487260818e-09,0,0,1,0.0,0.0,0
342,534711335.3256414,2,0.0,4542471.916768155,25034923932,104.61843957720077,307.3381746385808,2,5.375923666146815e+20,78973890.10331377,489187971482391.2,9136768.376351083,2.6884510210448897e+20,8660061.715876691,1.1932570487260818e-09,0,0,1,0.0,0.0,0
343,534711335.3256414,2,0.0,4566415.868384293,25235212597,72.0101249982284,301.6880690278876,2,5.4601783531969944e+20,78394355.20112972,492245872756336.0,9281843.30168574,2.7305814224712535e+20,8660061.715876691,1.2369127944111824e-09,0,0,1,0.0,0.0,0
344,534711335.3256414,2,0.0,4573039.326857331,25435501261,89.96145417226556,309.81367063400717,2,5.545088725836918e+20,78687755.38000351,486054736883770.8,8920567.973868769,2.773030417655343e+20,8660061.715876691,1.1932570487260818e-09,0,0,1,0.0,0.0,0
345,534711335.3256414,2,0.0,4603808.297092805,25635789926,51.80288340101388,301.7925949325436,2,5.6306547840665865e+20,78543773.87507334,493397264330885.3,9065642.899203425,2.8158207892976242e+20,8672172.192977443,1.0986695997416973e-09,0,0,1,0.0,0.0,0
346,534711335.3256414,2,0.0,4584929.704745758,25836078590,105.26859050521873,314.8096212484114,2,5.716876527885999e+20,79286675.43846637,491221288900202.44,9205373.276194,2.8589294852319e+20,8693550.386353765,1.6807462088763714e-09,0,0,1,0.0,0.0,0
347,530261046.7459791,2,0.0,4604516.247077022,26040817544,72.30251779803605,301.9109198485228,2,5.8039349406948596e+20,78631838.59594135,494768182580806.0,9327719.71342027,2.9024622385300105e+20,8609833.352092555,2.0954757928848267e-09,0,0,1,0.0,0.0,0
348,525810758.1663167,2,0.0,4604056.207972522,26250006786,92.37203812631566,330.3201692350947,2,5.8918366510975484e+20,78968165.47458993,487218485028400.4,9011787.024891837,2.9464055440338026e+20,8609833.352092555,2.0954757928848267e-09,0,0,1,0.0,0.0,0
349,525810758.1663167,2,0.0,4591383.698346246,26459196028,103.87730433849153,302.0452692272114,2,5.980402885229155e+20,79291662.6616477,483856117620882.3,9066062.334721183,2.990685298732199e+20,8609833.352092555,2.0954757928848267e-09,0,0,1,0.0,0.0,0
350,525810758.1663167,2,0.0,4612530.081119329,26668385269,73.28448097160856,307.0897895102606,2,6.06963364308968e+20,78788575.00244759,488345199836533.2,9016097.496061748,3.0353051667446766e+20,8609833.352092555,2.0954757928848267e-09,0,0,1,0.0,0.0,0
351,525810758.1663167,2,0.0,4628208.470601636,26877574512,72.28112866879421,310.1413350965428,2,6.159528924679122e+20,78986144.80345625,484333788237426.06,8804404.956022097,3.080248796127799e+20,8609833.352092555,2.0954757928848267e-09,0,0,1,0.0,0.0,0
352,525810758.1663167,2,0.0,4601753.395338431,27086763753,117.83536781622212,301.07333366530315,2,6.250088729997485e+20,79073101.58328542,487541074860580.25,9020407.96723166,3.125531906073603e+20,8609796.763250327,2.4010660126805305e-09,0,0,1,0.0,0.0,0
353,525810761.986397,2,0.0,4633689.503510259,27295952991,72.5382916377162,315.56872241252916,2,6.341313057128254e+20,78524150.1908682,483487117339945.1,9014329.950946024,3.171140015681467e+20,8630835.623624165,1.2660166248679161e-09,0,0,1,0.0,0.0,0
354,525686022.65302515,2,0.0,4653722.493604979,27505266969,73.12970705579203,303.25999209754275,2,6.433264937911314e+20,78477628.87269315,488085790202686.94,9024718.43840157,3.21712055474586e+20,8546450.502139654,3.892637323588133e-09,0,0,1,0.0,0.0,0
355,525561279.4995731,2,0.0,4657946.948650175,27714705689,91.29715930866118,333.49371659604594,2,6.525945721767872e+20,78777277.75947466,485244043024525.6,8793890.57710285,3.263458104926961e+20,8546450.502139654,3.8708094507455826e-09,0,0,1,0.0,0.0,0
356,525561279.4995731,2,0.0,4666627.866822275,27924144409,90.4272337483247,303.6671120693337,2,6.619292825989622e+20,78619515.56023504,494182415455192.75,9029028.909571482,3.3101405954102664e+20,8546450.502139654,3.8708094507455826e-09,0,0,1,0.0,0.0,0
357,525561279.4995731,2,0.0,4673390.554880984,28133583130,89.09915476080756,302.8456102806959,2,6.713306250576564e+20,78971580.54084058,490610698384821.2,9045033.576882688,3.357143735986667e+20,8546450.502139654,3.8708094507455826e-09,0,0,1,0.0,0.0,0
358,525560590.2637533,2,0.0,4683091.813649781,28343022540,90.86540576878821,310.4381267805602,2,6.80798635372984e+20,78713883.32449478,484882954132699.56,9033339.380741393,3.4044780598190526e+20,8546439.73282997,4.001776687800884e-09,0,0,1,0.0,0.0,0
359,525559901.0279335,2,0.0,4691573.394795969,28552462638,89.17935086847018,303.15414164580466,2,6.903333142900001e+20,78829421.06010689,486585542250758.0,8824594.203039514,3.4521531569922513e+20,8546439.73282997,4.001776687800884e-09,0,0,1,0.0,0.0,0
360,525559901.0279335,2,0.0,4697030.178478351,28761902738,90.52596278304257,302.2797646068837,2,6.999346262369419e+20,78656713.06626081,495594376384284.44,9037649.851911305,3.5001687255610937e+20,8470415.149764769,4.030880518257618e-09,0,0,1,0.0,0.0,0
361,525559901.0279335,2,0.0,4710254.100234371,28971342836,89.16818343756765,306.1947263843537,2,7.096025712138095e+20,78548774.43679526,488081985976194.44,9075737.202819353,3.548500938055024e+20,8470415.149764769,4.292814992368221e-09,0,0,1,0.0,0.0,0
362,525559901.0279335,2,0.0,4733919.76326351,29180782936,73.3501926724684,302.4716415718591,2,7.193371492206032e+20,78382479.02594279,492834437375021.56,9041960.323081216,3.597178580540391e+20,8470415.149764769,4.292814992368221e-09,0,0,1,0.0,0.0,0
363,525559901.0279335,2,0.0,4746534.874016177,29390223035,72.11298931344955,307.8707540204374,2,7.291383602573224e+20,78806338.32562916,494713679150440.3,8855297.828976179,3.6461865149657625e+20,8470415.149764769,4.292814992368221e-09,0,0,1,0.0,0.0,0
364,525559901.0279335,2,0.0,4743013.452060446,29599663133,90.9713321747886,302.69878553966464,2,7.390062043239677e+20,79066840.98187962,503219955810356.75,9046270.794251127,3.6955342415756486e+20,8470415.149764769,4.496541805565357e-09,0,0,1,0.0,0.0,0
365,525559901.0279335,2,0.0,4746753.86687202,29809103233,89.4628742418149,310.79009031390467,2,7.489406814205386e+20,78851553.07231532,496333534971979.25,9106440.828756018,3.745199740637665e+20,8470415.149764769,4.001776687800884e-09,0,0,1,0.0,0.0,0
366,525559901.0279335,2,0.0,4765939.690572622,30018543332,73.85490444858826,302.9719036105544,2,7.589417915470355e+20,78845306.61591257,501438186083561.4,9050581.265421038,3.795210395921261e+20,8470415.149764769,4.292814992368221e-09,0,0,1,0.0,0.0,0
367,525559901.0279335,2,0.0,4755548.601414178,30227983430,89.99243915905721,317.1518848544042,2,7.690095347034579e+20,79133809.1325872,493645344799959.75,8886001.454912843,3.84554131886209e+20,8470415.151283955,4.445610102266073e-09,0,0,1,0.0,0.0,0
368,527588036.897475,2,0.0,4761929.1378141865,30435395394,74.06154329999147,303.30652514934053,2,7.791331643100728e+20,79195290.17929114,506511626641300.2,9055645.338204194,3.896172333177005e+20,8499090.367792565,4.591129254549742e-09,0,0,1,0.0,0.0,0
369,529616172.76701605,2,0.0,4761917.843179291,30640779220,91.95920185634594,341.79268867815654,3,7.89312348805892e+20,79342669.48614739,500198600645024.4,9160911.671913868,3.947061942630105e+20,8499090.36779256,4.6202330850064754e-09,0,0,1,0.0,0.0,0
370,529616172.76701564,2,0.0,4763245.220538252,30846163048,91.28622514026766,303.7260610591894,2,7.99557724250319e+20,79276382.1426623,500891126522666.1,9061463.012600593,3.9982895123781177e+20,8492506.35953608,4.0745362639427185e-09,0,0,1,0.0,0.0,0
371,529616172.76701564,2,0.0,4748005.734771418,31051546876,61.203271338974375,302.88634452774255,2,8.098692906433544e+20,79580080.45585565,495965837946665.9,8959609.113679722,4.0498424190547185e+20,8492506.35953608,4.94765117764473e-09,0,0,1,0.0,0.0,0
372,529616172.76701564,2,0.0,4755554.019839487,31256930702,74.85746353557208,311.1265324452479,2,8.202470479849977e+20,79451998.94092327,495015206636905.1,9067280.686996993,4.1017302551316254e+20,8490757.674069373,5.180481821298599e-09,0,0,1,0.0,0.0,0
373,529616172.76701564,2,0.0,4733219.688855033,31462314530,104.16710762115896,303.2042656560539,2,8.306909962752493e+20,79610628.81785262,493078523279505.0,8835814.524195192,4.153948059899526e+20,8490757.674069373,5.165929906070232e-09,0,0,1,0.0,0.0,0
374,529616172.76701564,2,0.0,4739286.464576817,31667698356,91.71799791481388,302.3024097379144,2,8.412011355141087e+20,79083681.07788144,502647354911678.7,9075810.22326791,4.206508324925455e+20,8479910.226571305,5.114998202770948e-09,0,0,1,0.0,0.0,0
375,529616172.76701564,2,0.0,4748560.792486748,31873082184,89.23975105790556,306.43085740131886,2,8.517774657015763e+20,79013521.0841525,495461395011936.6,9044431.182315232,4.259382789902894e+20,8479910.226571305,5.0131347961723804e-09,0,0,1,0.0,0.0,0
376,524771049.7534627,2,0.0,4764333.728325252,32083311135,75.12171642344573,302.44058208018737,2,8.627032402854709e+20,78855678.6678331,500393712260908.06,9087051.621413343,4.314016595139615e+20,8404205.17948454,3.8344296626746655e-09,0,0,1,0.0,0.0,0
377,519925926.7399097,2,0.0,4773473.099921622,32298385207,72.23806075628777,308.25591620888974,2,8.739838376520457e+20,79173590.56099725,497373869841327.2,8858297.32048606,4.37041656213007e+20,8404205.17948454,3.8708094507455826e-09,0,0,1,0.0,0.0,0
378,519925926.7399097,2,0.0,4756252.911741101,32513459281,107.43087198622872,302.5341334385615,2,8.853377971489002e+20,79242471.53788236,502178987306029.75,9098293.019558776,4.427191164731807e+20,8404205.17948454,3.892637323588133e-09,0,0,1,0.0,0.0,0
379,521495966.01943654,2,0.0,4774292.206922786,32726963315,72.35187538348407,311.5273429299918,2,8.966715382061923e+20,79111165.30462421,499158672222319.06,9129253.250950743,4.483856849703184e+20,8428737.043227147,3.80168785341084e-09,0,0,1,0.0,0.0,0
380,523066005.2989633,2,0.0,4784224.31774404,32938897309,76.95542113294668,302.67842934781487,3,9.079832871311416e+20,79234363.85174383,503697952200937.3,9109534.41770421,4.540420133607909e+20,8428737.043227147,3.82351572625339e-09,0,0,1,0.0,0.0,0
381,523066005.2989633,2,0.0,4775709.464623947,33150831305,90.38088525059071,319.0929838600962,2,9.193660332626641e+20,79485220.55106124,496581743776568.0,8927950.692716597,4.5973267480570973e+20,8428737.043227147,3.881723387166858e-09,0,0,1,0.0,0.0,0
382,523066005.2989633,2,0.0,4773469.73665929,33362765299,95.45128841436433,302.84015013149747,3,9.308197766007592e+20,79376386.19027144,505843523389999.8,9120775.815939037,4.654604726527186e+20,8428737.042869566,4.361936589702964e-09,0,0,1,0.0,0.0,0
383,523066005.2989633,2,0.0,4787903.756474051,33574699294,76.08530502374315,355.55475210361124,3,9.423445171454274e+20,79588643.4477955,507865090569434.44,9214075.319586253,4.712230450817707e+20,8428737.042869566,4.143657861277461e-09,0,0,1,0.0,0.0,0
384,523066005.2989633,2,0.0,4781365.114806877,33786633289,98.96922049158283,303.02265489648613,3,9.539402548966683e+20,79646838.07257116,508447242640901.75,9132017.214263259,4.7702097217259825e+20,8383678.085494225,3.3869582694023848e-09,0,0,1,0.0,0.0,0
385,523066005.2989633,2,0.0,4761085.39827956,33998567283,61.2393438068522,302.5701731585232,2,9.656069898544824e+20,79883052.6580562,503722464295628.3,9035302.240039777,4.8285386717367075e+20,8383678.085494225,3.459717845544219e-09,0,0,1,0.0,0.0,0
386,523066005.2989633,2,0.0,4759167.234671201,34210501278,102.11918042047976,310.3368589791935,4,9.77344722018869e+20,79442016.26885265,507528358094697.06,9189629.29281844,4.88723113845244e+20,8383678.085494225,3.4669938031584024e-09,0,0,1,0.0,0.0,0
387,523066005.2989633,2,0.0,4747101.797754556,34422435272,104.06002027943008,302.81925335304095,2,9.89153451389829e+20,79587840.20357347,505839800817138.9,9343956.345597103,4.9462730967499624e+20,8383678.085494225,3.3505784813314676e-09,0,0,1,0.0,0.0,0
388,522367239.76834106,3,0.0,4769993.66377126,34635068033,88.5035561833882,313.24817192441157,4,1.0010331784556347e+21,78995733.4480008,504530185720774.56,9151770.458057709,5.0056704224638947e+20,8383678.085494225,3.3869582694023848e-09,0,0,1,0.0,0.0,0
389,523764770.82958555,2,0.0,4771183.873415755,34846303262,89.37229022627159,303.1351493894417,2,1.0129839017514672e+21,79429110.15593554,507477355007574.0,9165183.266050627,5.065426986112344e+20,8383678.085494225,3.4378899727016687e-09,0,0,1,0.0,0.0,0
390,520188207.3279623,3,0.0,4759536.408995469,35061115054,112.64043688202386,302.0797733925696,3,1.0250056310238666e+21,79677655.17438543,501191850419004.75,9151770.458057709,5.125529346969752e+20,8383678.085494225,3.4669938031584024e-09,0,0,1,0.0,0.0,0
391,525943803.26996434,2,0.0,4766738.181940694,35270171251,89.38271853848177,307.38081389402225,2,1.037098340939397e+21,79311094.83123836,495939221278381.44,8986410.186504152,5.185987643918263e+20,8383678.085494225,3.5397533793002367e-09,0,0,1,0.0,0.0,0
392,520188207.3279623,3,0.0,4786016.237040911,35484983045,81.71221432405254,302.1759824015336,3,1.0492620646249422e+21,79534174.5202595,507748208693415.75,9151770.458057709,5.2468180713334047e+20,8383678.085494225,3.3651303965598345e-09,0,0,1,0.0,0.0,0
393,526978053.14889324,2,0.0,4785512.211225511,35693004991,89.66661925717878,310.47222247200864,2,1.0614899877731988e+21,79761817.72834198,501402306812349.75,9299104.330651045,5.307951341172806e+20,8399838.239852488,4.776666173711419e-09,0,0,1,0.0,0.0,0
394,522256707.0858201,3,0.0,4801670.053041241,35905748284,81.74427832808979,302.2815242796318,3,1.0737819934348318e+21,79613521.81869848,505149288221633.56,9151770.458057709,5.369415116462381e+20,8399838.239852488,4.762114258483052e-09,0,0,1,0.0,0.0,0
395,527884759.4782481,2,0.0,4805740.9674104415,36112863525,72.59647340090815,303.9186972998006,2,1.0861456275871454e+21,79722124.65273039,506903799543866.56,9127913.111293178,5.431235041735271e+20,8502951.848503102,3.976310836151242e-09,0,0,1,0.0,0.0,0
396,526411665.7315067,2,0.0,4782354.275534078,36321451859,117.51350849025056,306.2067192316444,2,1.098570676456321e+21,79987031.42435804,501172612390764.75,9295291.005068295,5.493354554893996e+20,8526965.80024193,1.6552803572267294e-09,0,0,1,0.0,0.0,0
397,527943913.50534046,2,0.0,4814872.2449547155,36528507945,51.819876379337,304.2748237903328,2,1.1110560886603488e+21,79303130.37566191,508286953286978.44,9468654.24170995,5.555788730255031e+20,8526965.80024193,1.6261765267699957e-09,0,0,1,0.0,0.0,0
398,527943913.50534046,2,0.0,4810556.527632568,36735564032,90.05328456290896,307.8901244060193,2,1.1236120536020699e+21,79869253.49650459,501654309170715.75,9135655.278391767,5.61856192231952e+20,8526488.543941425,2.790329745039344e-09,0,0,1,0.0,0.0,0
399,529259074.56011724,2,0.0,4817575.067970946,36941304957,72.33592564207221,304.7596377497136,2,1.1361503638290331e+21,79550794.0680815,504442597010683.06,9309137.82910855,5.6812562617421765e+20,8547037.93542231,2.954038791358471e-09,0,0,1,0.0,0.0,0
400,340574235.6148939,2,0.0,4862835.376632343,36845730721,89.8144843463215,309.96568893177357,2,1.1345467550958656e+21,78081011.37076952,485267969593372.44,8976138.865790367,5.673219043448921e+20,8547037.93542231,3.0704541131854057e-09,0,0,1,0.0,0.0,0
401,340574235.6148939,2,0.0,4923291.53838527,36750156486,50.75021583726462,300.42630866269013,2,1.1329563441329397e+21,76439229.35900123,481492192924313.6,9149623.7418736,5.6652632128576225e+20,8547028.633956505,2.0736479200422764e-09,0,0,1,0.0,0.0,0
402,340574235.6148939,2,0.0,4960317.365902676,36654582250,71.53485812085525,301.75626888174867,2,1.1313791309402548e+21,75351348.13339674,478106629598146.1,9323108.617956832,5.657373761330872e+20,8547028.633956505,1.9063008949160576e-09,0,0,1,0.0,0.0,0
403,345846205.9584869,2,0.0,5018224.572719355,36553736044,50.434291550408645,302.6061783041797,2,1.1297825785895268e+21,73827762.6778316,470892000229612.4,9514693.977516804,5.6493837849478634e+20,8639375.773286829,4.321918822824955e-09,0,0,1,0.0,0.0,0
404,351118176.3020799,2,0.0,5057994.797944408,36447617868,71.22682954529242,303.65032953078077,2,1.1281693736105611e+21,72735892.45741363,454368149560059.3,9195223.010548383,5.641301236202366e+20,8575300.486641904,2.1391315385699272e-09,0,0,1,0.0,0.0,0
405,351118176.3020799,2,0.0,5108186.975222174,36341499692,50.20240842979129,300.4711918777043,2,1.1265729484415782e+21,71165463.91157867,453682500929587.1,9423420.825924248,5.6333184247088205e+20,8575300.486641904,3.848981577903032e-09,0,0,1,0.0,0.0,0
406,351112217.89836186,2,0.0,5147956.553919045,36235387473,71.12059279513363,304.039374438029,2,1.1249937013755148e+21,70305962.21351856,438289720847198.2,9103949.858955827,5.625406796598421e+20,8575207.38658381,2.1391315385699272e-09,0,0,1,0.0,0.0,0
407,351106259.4946438,2,0.0,5208496.649487803,36129281214,50.019880963092625,301.79426764276184,2,1.1234316318436174e+21,69236105.34354338,433606922623621.5,9332147.674331691,5.6175917661407104e+20,8575207.38658381,2.015440259128809e-09,0,0,1,0.0,0.0,0
408,351106259.4946438,2,0.0,5247575.501978328,36023174955,70.8995225261571,301.26086448839834,2,1.1218863413633643e+21,68606263.49173214,423751876152401.8,8994518.26735305,5.609855458692974e+20,8628099.010386186,2.015440259128809e-09,0,0,1,0.0,0.0,0
409,351106259.4946438,2,0.0,5304029.253763818,35917068696,49.93227733177977,301.88339059764144,2,1.1203578299347547e+21,67556342.8891896,419340959563585.25,9204557.642718695,5.602208490633337e+20,8628099.010386186,2.597516868263483e-09,0,0,1,0.0,0.0,0
410,351106259.4946438,2,0.0,5345269.9838175215,35810962435,70.81771198199418,302.3742257542061,2,1.1188460975577891e+21,67211384.15055032,414104718909589.1,9414597.01808434,5.594644592507855e+20,8628099.010386186,2.3646862246096134e-09,0,0,1,0.0,0.0,0
411,351106259.4946438,2,0.0,5401623.783296164,35704856176,49.86060945356071,300.4732124738752,2,1.1173511442324673e+21,66173302.06489669,414729505938031.4,9624636.393449984,5.587170450668274e+20,8624500.72733969,2.029992174357176e-09,0,0,1,0.0,0.0,0
412,351106259.4946438,2,0.0,5442764.56104302,35598749917,70.76581036553932,302.53282033754186,2,1.1158729699587897e+21,65570474.341035925,400687457804327.4,9287006.986471344,5.5797655372517533e+20,8624500.72733969,1.5643308870494366e-09,0,0,1,0.0,0.0,0
413,351106259.4946438,2,0.0,5504669.537967752,35492643657,49.78575804976147,301.4192768677578,2,1.1144115747367559e+21,64914066.71725139,397488487840031.2,9497046.361836988,5.572455362171619e+20,8624343.115398858,1.4479155652225018e-09,0,0,1,0.0,0.0,0
414,351106259.4946438,2,0.0,5541301.301255562,35386537398,70.65947925398879,301.1828190433682,2,1.112966958566366e+21,64530484.138004825,388323207109123.56,9159416.954858348,5.565223116038939e+20,8624343.115398858,1.4479155652225018e-09,0,0,1,0.0,0.0,0
415,351106259.4946438,2,0.0,5597650.722624736,35280431138,49.741960308845435,301.47446735655035,2,1.1115391214476199e+21,63726822.80802696,385330333779893.7,9369456.330223992,5.5580809375718795e+20,8624343.115398858,1.8408172763884068e-09,0,0,1,0.0,0.0,0
416,351106259.4946438,2,0.0,5638787.122262125,35174324879,70.64173720153966,301.7591893389789,2,1.1101280633805181e+21,63490493.93497372,372325225247961.44,9031826.923245352,5.5510126421278386e+20,8624343.115398858,1.8480932340025902e-09,0,0,1,0.0,0.0,0
417,351106259.4946438,2,0.0,5695136.5436312985,35068218619,49.68028210656709,300.47488814361543,2,1.1087337843650599e+21,62686832.60499586,373159537830695.7,9241866.298610996,5.5440420813631304e+20,8624343.115398858,1.8408172763884068e-09,0,0,1,0.0,0.0,0
418,351106259.4946438,2,0.0,5741828.498824243,34962112360,70.5920853334092,300.6710195906651,2,1.1073562844012456e+21,62240879.432727925,373734648792917.0,9451905.673976641,5.537155156655021e+20,8624343.115398858,1.8408172763884068e-09,0,0,1,0.0,0.0,0
419,351106259.4946438,2,0.0,5803733.475748975,34856006101,49.66883708797289,301.1739323167227,2,1.1059955634890755e+21,61394511.18430904,371252041398328.5,9661945.049342286,5.530349069486776e+20,8624343.115398858,2.393790055066347e-09,0,0,1,0.0,0.0,0
420,351106259.4946438,2,0.0,5840441.48518715,34749899840,70.53853480970501,301.34758086008964,2,1.1046516216285491e+21,61010513.528911516,358196364134262.75,9324315.642363645,5.52361630450688e+20,8624343.115398858,1.928128767758608e-09,0,0,1,0.0,0.0,0
421,351106259.4946438,2,0.0,5894070.967261714,34643793581,49.64025222101616,301.2114388130168,2,1.1033244588196667e+21,60406852.19893366,356325861279108.3,9534355.01772929,5.5169786199596125e+20,8624343.115398858,1.6807462088763714e-09,0,0,1,0.0,0.0,0
422,351106259.4946438,2,0.0,5924108.684908204,34537687322,70.51735422223621,301.2136884357679,2,1.1020140750624281e+21,60023045.89552328,347889853468602.56,9196725.61075065,5.510418265165609e+20,8624790.563726472,7.421476766467094e-10,0,0,1,0.0,0.0,0
423,351106259.4946438,2,0.0,5974914.979842034,34431581063,49.61570702267512,301.25142103141957,2,1.1007204703568336e+21,59219160.84138161,346221031552975.2,9406764.986116294,5.503948572815721e+20,8624790.563726472,5.093170329928398e-10,0,0,1,0.0,0.0,0
424,351106259.4946438,2,0.0,6004952.697488523,34325474802,70.49745410449313,301.333155055589,2,1.0994436447028828e+21,58982608.24416456,334136272379635.9,9069135.579137653,5.4975523597867935e+20,8624790.563726472,7.421476766467094e-10,0,0,1,0.0,0.0,0
425,351106259.4946438,2,0.0,6050203.436866798,34219368543,49.5708190841272,300.4762642140133,2,1.0981835981005761e+21,58178723.1900229,335693663376524.4,9279174.954503298,5.491253684166257e+20,8624790.563726472,6.548361852765083e-10,0,0,1,0.0,0.0,0
426,351106259.4946438,2,0.0,6085796.710068844,34113262284,70.48372481358635,301.1244493236959,2,1.0969403305499132e+21,57932546.293591164,332875476554727.5,9489214.329868942,5.485034528226121e+20,8624790.563726472,8.87666828930378e-10,0,0,1,0.0,0.0,0
427,351106259.4946438,2,0.0,6135088.933592417,34007156024,49.58003418272236,301.0280467333276,2,1.0957138420508945e+21,57285954.32100847,332006940838707.06,9699253.705234587,5.478901217195311e+20,8624790.563726472,9.89530235528946e-10,0,0,1,0.0,0.0,0
428,351106259.4946438,2,0.0,6155899.692202693,33901049765,70.4415014487716,301.1412061065492,2,1.0945041326035194e+21,56754479.23525381,323761988722146.2,9361624.298255946,5.4728444250063195e+20,8624790.563726472,9.89530235528946e-10,0,0,1,0.0,0.0,0
429,351106259.4946438,2,0.0,6195594.876025412,33794943505,49.56064855833044,301.0566967706118,2,1.0933112022077883e+21,55950594.18111214,323154531540852.9,9571663.673621591,5.466879165570482e+20,8624790.563726472,5.093170329928398e-10,0,0,1,0.0,0.0,0
430,351106259.4946438,2,0.0,6214521.482560788,33688837246,70.43728653587645,301.24621227441236,2,1.092135050863701e+21,55714041.583895095,311835876678046.9,9234034.26664295,5.460987090195183e+20,8624790.563726472,5.093170329928398e-10,0,0,1,0.0,0.0,0
431,351106259.4946438,2,0.0,6254216.6663835095,33582730986,49.52765920502415,300.48874698333407,2,1.090975678571258e+21,54910156.52975343,313901389861960.06,9444073.642008595,5.455192294246152e+20,8624790.563726472,7.421476766467094e-10,0,0,1,0.0,0.0,0
432,351106259.4946438,2,0.0,6283172.567915058,33476624727,70.43469062066886,301.372500619349,2,1.0898330853304587e+21,54432502.34100915,306642244721465.0,9106444.235029954,5.449472068897015e+20,8624790.563726472,7.421476766467094e-10,0,0,1,0.0,0.0,0
433,351041291.8541004,2,0.0,6328409.208413007,33370583435,49.509440191732374,300.892879359685,2,1.0887073201453046e+21,53775870.99306081,306065969392976.4,9316229.830549726,5.443842666695916e+20,8623775.44434298,3.7834979593753815e-09,0,0,1,0.0,0.0,0
434,350976324.213557,2,0.0,6353098.269591678,33264607110,70.41773198648477,300.8086833765715,2,1.087598347879383e+21,53674197.48157222,304333970391033.94,9524026.444356928,5.438296073367306e+20,8630716.251809768,1.8044374883174896e-09,0,0,1,0.0,0.0,0
435,350976324.213557,2,0.0,6392986.253621808,33158630786,49.52790430329478,300.91441196792886,2,1.0865061078165547e+21,53078109.04123776,304626613407650.56,9731823.058164129,5.432835165696181e+20,8630716.251809768,1.6880221664905548e-09,0,0,1,0.0,0.0,0
436,350976324.213557,2,0.0,6416141.189571752,33052654462,70.38915907899114,301.16956805925935,2,1.0854305999568196e+21,52689909.698251285,296937601029832.25,9392458.449318793,5.427449937385128e+20,8630716.251809768,1.6880221664905548e-09,0,0,1,0.0,0.0,0
437,350976324.213557,2,0.0,6456029.173601883,32946678138,49.51211492831501,300.93700879823365,2,1.084371824300178e+21,52086024.644109614,297389495127059.75,9600255.063125994,5.422156510996017e+20,8630716.251809768,1.8044374883174896e-09,0,0,1,0.0,0.0,0
438,277784054.65194273,1,0.0,6495374.817198292,32913894083,60.95006306401791,301.0817950073573,1,1.0833244237383065e+21,51200741.201117046,284480046744117.2,9273797.682236232,5.4169065987382765e+20,8500631.309923176,1.178705133497715e-09,0,0,1,0.0,0.0,0
439,263009740.55074382,1,0.0,6545869.516746149,32895884343,39.076519337187214,300.49613986816235,1,1.0821392067031448e+21,50093974.21009138,277424570559086.38,9142652.80134647,5.410973458086283e+20,8533548.330801876,1.1059455573558807e-09,0,0,1,0.0,0.0,0
440,265116429.8869806,1,0.0,6601234.000581253,32875767913,38.96674790710172,300.7269542624075,1,1.080816115871987e+21,49011894.984724745,268275144457071.66,9011507.920456707,5.404348854504392e+20,8533548.330801876,1.178705133497715e-09,0,0,1,0.0,0.0,0
441,265116429.8869806,1,0.0,6655356.791144054,32855651483,38.902369830639465,300.81127777617587,1,1.0794938343823317e+21,48068840.21033177,260248275097070.06,8880363.039566945,5.397729420186756e+20,8533548.330801876,1.178705133497715e-09,0,0,1,0.0,0.0,0
442,262700297.44836178,1,0.0,6704903.552275316,32837951186,38.832625664864366,300.36299044202116,1,1.0783310380746386e+21,47055371.869574085,254223401505394.12,8749218.158677183,5.391909413774698e+20,8495796.261448456,2.2118911147117615e-09,0,0,1,0.0,0.0,0
443,260808556.15391904,1,0.0,6755995.451719195,32822142630,38.806300264038136,300.82888852242473,1,1.0772930467944885e+21,46124957.71559488,246717110835990.2,8618073.27778742,5.386711951083279e+20,8529252.397408385,3.688910510390997e-09,0,0,1,0.0,0.0,0
444,261332947.29809517,1,0.0,6806916.650920829,32805809682,38.75528349208633,300.6458323002026,1,1.0762211489080979e+21,45274448.758579716,239140122157958.84,8486928.396897659,5.3813448846626475e+20,8529252.397408385,4.321918822824955e-09,0,0,1,0.0,0.0,0
445,261332947.29809517,1,0.0,6857837.8486483395,32789476735,38.736497550683836,300.5086476734315,1,1.0751497845520423e+21,44350179.83985557,233622373244898.34,8355783.5160078965,5.375982545133456e+20,8529252.344339907,3.3760443329811096e-09,0,0,1,0.0,0.0,0
446,261332947.29809517,1,0.0,6913978.199789717,32773143788,38.69917454128122,300.3415673042945,1,1.0740789537263215e+21,43377540.5842986,228660698564078.2,8224638.635118134,5.3706234293301713e+20,8517141.867239157,3.026798367500305e-09,0,0,1,0.0,0.0,0
447,261332947.29809517,1,0.0,6970118.550931095,32756810840,38.68728813563739,300.72504640660776,1,1.0730086564309356e+21,42617508.247138426,222139544932783.6,8093493.754228372,5.365265421699611e+20,8517141.867239157,3.67435859516263e-09,0,0,1,0.0,0.0,0
448,261332947.29809517,1,0.0,7020703.346516917,32740477893,38.65623132132575,300.5809978429422,1,1.0719388926658845e+21,41972023.41366726,215748961565778.8,7962348.87333861,5.3599102122909886e+20,8517141.867239157,2.8958311304450035e-09,0,0,1,0.0,0.0,0
449,261332947.29809517,1,0.0,7071288.14210274,32724144946,38.654888311295515,300.739639896685,1,1.0708696624311686e+21,41380964.155579284,210130256737557.03,7831203.992448848,5.3545584424125805e+20,8517141.867239157,2.8958311304450035e-09,0,0,1,0.0,0.0,0
450,261332947.29809517,1,0.0,7117529.46769514,32707811998,38.623036617284164,300.3252615333716,1,1.0698009657267873e+21,40735479.32210812,205710436920633.03,7700059.111559086,5.3492105390708575e+20,8517141.867239157,2.8958311304450035e-09,0,0,1,0.0,0.0,0
451,261332947.29809517,1,0.0,7163438.453757957,32691479051,38.6296907134674,300.7548329196733,1,1.0687328025527408e+21,40138297.86372461,200522879244191.44,7568914.230669323,5.343864535642948e+20,8529386.267830212,3.856257535517216e-09,0,0,1,0.0,0.0,0
452,261332947.29809517,1,0.0,7209391.80940134,32675146104,38.598415539171285,300.5279931407791,1,1.0676651729090295e+21,39486690.829957925,195350920692589.03,7437769.349779561,5.3385212154658397e+20,8529386.267830212,3.856257535517216e-09,0,0,1,0.0,0.0,0
453,261332947.29809517,1,0.0,7255388.055639271,32658813157,38.6045393259446,300.5157870540042,1,1.0665980767956528e+21,38689509.37157442,191374827059759.47,7306624.468889799,5.333181758805324e+20,8529386.267830212,3.856257535517216e-09,0,0,1,0.0,0.0,0
454,261332947.29809517,1,0.0,7301425.762785268,32642480209,38.57969534585264,300.53569002355636,1,1.065531514212611e+21,37899916.28798465,186777446416004.03,7175479.588000037,5.327844348509471e+20,8529386.267830212,3.725290298461914e-09,0,0,1,0.0,0.0,0
455,261332947.29809517,1,0.0,7347503.548809058,32626147262,38.58379483761609,300.66774231095565,1,1.0644654851599042e+21,37521889.86554422,182614815337335.88,7044334.707110275,5.322510040614858e+20,8529386.267830212,3.725290298461914e-09,0,0,1,0.0,0.0,0
456,261332947.29809517,1,0.0,7386436.802804329,32609814315,38.55932721940214,300.31773909825836,1,1.0633999896375325e+21,37089437.86772062,178955864692283.6,6913189.826220512,5.317178904052355e+20,8529386.267830212,3.725290298461914e-09,0,0,1,0.0,0.0,0
457,261332947.29809517,1,0.0,7428137.401970813,32593481367,38.57053024754412,300.6801005054774,1,1.0623350276454954e+21,36765837.02066338,174992024161626.34,6782044.94533075,5.3118501302516384e+20,8529386.267830212,3.725290298461914e-09,0,0,1,0.0,0.0,0
458,261332947.29809517,1,0.0,7467606.20239455,32577148420,38.54690500592616,300.3238365671672,1,1.0612705991837933e+21,36446901.56487329,171559289902080.12,6655565.455708139,5.3065245552088685e+20,8510724.70276161,4.190951585769653e-09,0,0,1,0.0,0.0,0
459,261332947.29809517,1,0.0,7509080.3444347875,32560815473,38.55974108148584,300.6929247624746,1,1.0602067042524259e+21,36127966.109083205,167807413346929.0,6529085.966085527,5.301201328675476e+20,8510724.70276161,4.190951585769653e-09,0,0,1,0.0,0.0,0
460,261332947.29809517,1,0.0,7545787.099749327,32544482525,38.53248839645376,300.44652058198886,1,1.0591433428513935e+21,35700179.50252675,164147069398091.0,6402606.476462916,5.295880861326365e+20,8510724.70276161,4.190951585769653e-09,0,0,1,0.0,0.0,0
461,261332947.29809517,1,0.0,7582586.999969642,32528149578,38.547042439196495,300.52312970441585,1,1.0580805149806959e+21,35181244.046736665,160713369844779.8,6276126.986840304,5.2905632882733246e+20,8510724.70276161,4.190951585769653e-09,0,0,1,0.0,0.0,0
462,261332947.29809517,1,0.0,7619476.940265541,32511816631,38.52309681381059,300.45201302379036,1,1.0570182206403333e+21,34819478.85781651,157307652246672.03,6149647.497217692,5.2852484108539134e+20,8510724.70276161,4.321918822824955e-09,0,0,1,0.0,0.0,0
463,261332947.29809517,1,0.0,7648728.6604869915,32495483684,38.5344075758503,300.6188328143203,1,1.0559564598303058e+21,34446117.826643236,154153061050877.97,6023168.007595081,5.2799364522125794e+20,8510724.70276161,4.321918822824955e-09,0,0,1,0.0,0.0,0
464,261332947.29809517,1,0.0,7674678.665859918,32479150736,38.51322586563675,300.3163791434501,1,1.0548952325506129e+21,34018331.22008678,150746037879414.8,5896688.517972469,5.274626908790944e+20,8510724.70276161,4.321918822824955e-09,0,0,1,0.0,0.0,0
465,261332947.29809517,1,0.0,7706265.559655194,32462817789,38.52713957540138,300.62943256316515,1,1.0538345388012549e+21,33699395.764296696,147785429557678.1,5770209.028349858,5.269320479435832e+20,8510724.70276161,4.321918822824955e-09,0,0,1,0.0,0.0,0
466,261332947.29809517,1,0.0,7737186.026924272,32446484842,38.504860916724176,300.419267373878,1,1.0527743785822317e+21,33315110.34487646,144902047387602.62,5632805.150480282,5.264016794958546e+20,8554422.255749468,4.030880518257618e-09,0,0,1,0.0,0.0,0
467,261332947.29809517,1,0.0,7764585.808897078,32430151894,38.52092368377408,300.54260827422746,1,1.0517147518935435e+21,32876399.35007304,141407870185037.4,5495401.272610705,5.258715167337902e+20,8554422.255749468,3.7834979593753815e-09,0,0,1,0.0,0.0,0
468,261332947.29809517,1,0.0,7799238.50554404,32413818947,38.49810831805702,300.42410618542283,1,1.0506556587351901e+21,32527052.80874093,138621704017419.42,5391355.793461596,5.2534169153799684e+20,8632369.044929713,4.343746695667505e-09,0,0,1,0.0,0.0,0
469,261332947.29809517,1,0.0,7833962.220945764,32397486000,38.508511136796315,300.56769161630586,1,1.0495970991071717e+21,32123280.69202563,136098221340014.23,5418245.026943887,5.2481215937571986e+20,8632369.044929713,4.343746695667505e-09,0,0,1,0.0,0.0,0
470,261332947.29809517,1,0.0,7866134.9019198315,32381153053,38.4894463711914,300.3227584562734,1,1.0485390730094884e+21,31638188.28807363,132278859621177.48,5391355.793461596,5.242827643907063e+20,8715039.796900226,3.3542164601385593e-09,0,0,1,0.0,0.0,0
471,261332947.29809517,1,0.0,7903117.068757268,32364820105,38.50286945549539,300.5765991924564,1,1.0474815804421396e+21,31261947.034887996,129753984549884.88,5418245.026943887,5.237537656195248e+20,8715039.796900226,3.3542164601385593e-09,0,0,1,0.0,0.0,0
472,261332947.29809517,1,0.0,7934607.831017294,32348487158,38.484130317545834,300.39514957497653,1,1.0464246214051259e+21,30831280.206319176,127451586256847.12,5391355.793461596,5.232250558611886e+20,8715039.796900226,3.3542164601385593e-09,0,0,1,0.0,0.0,0
473,261332947.29809517,1,0.0,7966160.605889527,32332154211,38.49939803393732,300.5857907599423,1,1.045368195898447e+21,30455038.953133542,125553089660464.19,5418245.026943887,5.226966532581895e+20,8715039.796900226,3.3542164601385593e-09,0,0,1,0.0,0.0,0
474,261332947.29809517,1,0.0,7997773.326286893,32315821263,38.476704137652796,300.33657801394895,1,1.0443123039221029e+21,30024372.124564722,121657426206203.83,5391355.793461596,5.221683177036721e+20,8715039.796900226,3.3542164601385593e-09,0,0,1,0.0,0.0,0
475,261332947.29809517,1,0.0,8033032.51097502,32299488316,38.49450661250183,300.54634026687404,1,1.0432569454760937e+21,29502557.492681377,118189581472182.66,5418245.026943887,5.216402916961941e+20,8644226.407092858,4.882167559117079e-09,0,0,1,0.0,0.0,0
476,261332947.29809517,1,0.0,8073903.26698163,32283155369,38.471707196447184,300.3698943732364,1,1.0422021205604195e+21,29089594.0115644,116359590414346.58,5391355.793461596,5.211126962392512e+20,8644226.407092858,4.882167559117079e-09,0,0,1,0.0,0.0,0
477,261332947.29809517,1,0.0,8109272.616003517,32266822421,38.485092699618534,300.53194845236675,1,1.0411478291750803e+21,28676630.530447423,114848464033171.67,5418245.026943887,5.2058539943394345e+20,8644226.407092858,4.882167559117079e-09,0,0,1,0.0,0.0,0
478,261332947.29809517,1,0.0,8139233.012869567,32250489474,38.468212824464075,300.3396893050759,1,1.0400940713200758e+21,28262535.931955524,111430328384013.78,5391355.793461596,5.2005817869287634e+20,8648750.876592545,4.001776687800884e-09,0,0,1,0.0,0.0,0
479,261332947.29809517,1,0.0,8174799.564122357,32234156527,38.48172051153441,300.5397619383949,1,1.0390408469954062e+21,27902866.90884681,110119225397616.03,5418245.026943887,5.195314354202429e+20,8648750.876592545,4.001776687800884e-09,0,0,1,0.0,0.0,0
480,261332947.29809517,1,0.0,8210415.027578633,32217823580,38.463157729086575,300.3476735100683,1,1.0379881562010715e+21,27488772.31035491,109026021220207.12,5391355.793461596,5.190049807026578e+20,8648750.876592545,5.8353180065751076e-09,0,0,1,0.0,0.0,0
481,261332947.29809517,1,0.0,8240522.2172760535,32201490632,38.48036638761957,300.54780838183996,1,1.0369359989370716e+21,27129103.287246197,108332140770187.02,5418245.026943887,5.184788326826128e+20,8648750.876592545,4.001776687800884e-09,0,0,1,0.0,0.0,0
482,261332947.29809517,1,0.0,8270675.112710287,32185157685,38.45898240424421,300.3428586537649,1,1.0358843752034067e+21,26715008.688754298,104810505078774.12,5391355.793461596,5.179526686522112e+20,8648750.876592545,4.001776687800884e-09,0,0,1,0.0,0.0,0
483,261332947.29809517,1,0.0,8308733.12517288,32168824738,38.47728034517159,300.5545855349773,1,1.0348332850000766e+21,26171314.526151016,101499922387544.66,5418245.026943887,5.1742679249227704e+20,8731744.529972611,4.001776687800884e-09,0,0,1,0.0,0.0,0
484,261332947.29809517,1,0.0,8352315.8386382805,32152491790,38.454048189796886,300.3279711247052,1,1.0337827283270816e+21,25737354.28260916,100668855202937.45,5391355.793461596,5.169014310490611e+20,8728213.45679237,4.583853296935558e-09,0,0,1,0.0,0.0,0
485,261332947.29809517,1,0.0,8392149.005366875,32136158843,38.46888949335096,300.5004396276146,1,1.0327327051844214e+21,25303394.039067306,100170075156161.52,5418245.026943887,5.163763695997263e+20,8728213.45679237,4.583853296935558e-09,0,0,1,0.0,0.0,0
486,261332947.29809517,1,0.0,8424361.442165561,32119825896,38.45193363738151,300.34232436411276,1,1.031683215572096e+21,24872497.04458911,96974186521365.86,5391355.793461596,5.1585130520470015e+20,8715960.460537737,8.207280188798904e-09,0,0,1,0.0,0.0,0
487,261332947.29809517,1,0.0,8462168.013827534,32103492948,38.46623836781927,300.50734888604006,1,1.0306342594901055e+21,24496025.6254941,96722329766915.16,5418245.026943887,5.1532680197802944e+20,8715960.460537737,8.207280188798904e-09,0,0,1,0.0,0.0,0
488,261332947.29809517,1,0.0,8500011.878820313,32087160001,38.447702853899685,300.31038201892204,1,1.0295858369384498e+21,24065128.6310159,96699360624788.78,5391355.793461596,5.1480258840528735e+20,8715960.460537737,8.207280188798904e-09,0,0,1,0.0,0.0,0
489,261332947.29809517,1,0.0,8535323.574045422,32070827054,38.46572818350871,300.5144515990328,1,1.028537947917129e+21,23687160.338536065,97077128971416.97,5418245.026943887,5.1427868167146163e+20,8718954.207307383,7.676135282963514e-09,0,0,1,0.0,0.0,0
490,261332947.29809517,1,0.0,8567812.158632398,32054494107,38.443889581913346,300.3393692833192,1,1.0274905924261431e+21,23254163.41073468,93810396661015.38,5391355.793461596,5.1375467725273766e+20,8721366.447060851,5.216861609369516e-09,0,0,1,0.0,0.0,0
491,261332947.29809517,1,0.0,8606507.021081205,32038161159,38.46352980488075,300.56308348874484,1,1.0264437704654923e+21,22704910.907622743,90889490347726.38,5418245.026943887,5.132309741817809e+20,8750984.145237574,4.73664840683341e-09,0,0,1,0.0,0.0,0
492,261332947.29809517,1,0.0,8650659.913231168,32021828212,38.440356280967244,300.2947868378212,1,1.0253974820351763e+21,22264509.555277176,91273260414137.95,5391355.793461596,5.127078683436296e+20,8750984.145237574,4.73664840683341e-09,0,0,1,0.0,0.0,0
493,259882758.2838443,1,0.0,8692052.08879017,32006945454,38.4560143834581,300.47182339751885,1,1.0244445572735001e+21,21816148.27262572,91978175665115.48,5418245.026943887,5.122314764543166e+20,8737505.459765797,4.285539034754038e-09,0,0,1,0.0,0.0,0
494,258432569.26959345,1,0.0,8727523.408419857,31993512884,38.4378661132653,300.33618888478685,1,1.0235848666835884e+21,21357164.01152614,88858909991531.12,5391355.793461596,5.1180131923279335e+20,8820620.767948074,5.2241375669837e-09,0,0,1,0.0,0.0,0
495,258432569.26959345,1,0.0,8768579.698572794,31980080315,38.453517896096464,300.4766696233946,1,1.0227255369615113e+21,21018776.523285955,89404683603346.78,5418245.026943887,5.1137170894911596e+20,8820620.767948074,5.2241375669837e-09,0,0,1,0.0,0.0,0
496,258432569.26959345,1,0.0,8802456.461027669,31966647746,38.435390465262806,300.33864207355253,1,1.0218665681072685e+21,20680092.021889925,86460182347850.6,5391355.793461596,5.10941930071869e+20,8776106.970834535,8.11269273981452e-09,0,0,1,0.0,0.0,0
497,258432569.26959345,1,0.0,8834074.757334203,31953215177,38.45148885929172,300.4816164362226,1,1.0210079601208598e+21,20341407.52049389,87173471842063.62,5418245.026943887,5.105126974076141e+20,8776106.970834535,8.11269273981452e-09,0,0,1,0.0,0.0,0
498,258432569.26959345,1,0.0,8865724.921088627,31939782607,38.43345132439114,300.3411313275949,1,1.0201497130022859e+21,20002723.019097857,84397559250900.19,5391355.793461596,5.1008329625706804e+20,8776106.970834535,8.11269273981452e-09,0,0,1,0.0,0.0,0
499,258432569.26959345,1,0.0,8898466.79305742,31926350038,38.449665634923264,300.48666700047676,1,1.0192918267515462e+21,19654490.390569076,85261822335776.06,5418245.026943887,5.096544395580067e+20,8814299.479365526,9.596988093107939e-09,0,0,1,0.0,0.0,0
500,258432569.26959345,1,0.0,8931238.443373254,31912917469,38.43145669236699,300.3436574481179,1,1.0184343013686406e+21,19306257.76234265,82639401823124.05,5391355.793461596,5.092254146245026e+20,8814299.478760816,8.636561688035727e-09,0,0,1,0.0,0.0,0
501,258432569.26959345,1,0.0,8962204.848155044,31899484900,38.44791739840794,300.49182461477693,1,1.0175771368535696e+21,18974530.94706516,83678098462161.12,5418245.026943887,5.0879693623663106e+20,8748276.226965072,6.6211214289069176e-09,0,0,1,0.0,0.0,0
502,258432569.26959345,1,0.0,8993199.079159562,31886052330,38.429281493111255,300.2881235145352,1,1.0167203332063332e+21,18590574.264352176,84813383743944.5,5391355.793461596,5.08368647941541e+20,8748276.226965072,6.6211214289069176e-09,0,0,1,0.0,0.0,0
503,258432569.26959345,1,0.0,9024220.20884605,31872619761,38.44844315673894,300.5708569037013,1,1.0158638904269309e+21,18211869.46806338,82135311940450.64,5418245.026943887,5.079401587446595e+20,8748276.226965072,7.552444003522396e-09,0,0,1,0.0,0.0,0
504,258432569.26959345,1,0.0,9057993.242396016,31859187192,38.42565554342237,300.3237999732722,1,1.0150078085153628e+21,17969916.71385821,79705416607021.39,5391355.793461596,5.075118747993421e+20,8744305.486258542,6.00994098931551e-09,0,0,1,0.0,0.0,0
505,258432569.26959345,1,0.0,9089001.43057749,31845754622,38.440248727088594,300.4521414722997,1,1.0141520874716294e+21,17748884.890518196,80852091484146.84,5418245.026943887,5.070841289449631e+20,8745200.440332558,6.05359673500061e-09,0,0,1,0.0,0.0,0
506,258432569.26959345,1,0.0,9120545.18792713,31832322053,38.42396929761304,300.32607507654615,1,1.0132967272957303e+21,17566347.595692217,78495564869788.81,5391355.793461596,5.066562132043521e+20,8763606.221113808,4.94765117764473e-09,0,0,1,0.0,0.0,0
507,258432569.26959345,1,0.0,9152112.432840576,31818889484,38.438694431824075,300.45658990837944,1,1.0124417279876652e+21,17383810.30086624,79699761884977.02,5418245.026943887,5.062288339700211e+20,8763606.221113808,4.94765117764473e-09,0,0,1,0.0,0.0,0
508,258432569.26959345,1,0.0,9183702.38239903,31805456915,38.422339434632335,300.32838237698667,1,1.0115870895474349e+21,17201273.006040264,77404112506131.36,5391355.793461596,5.0580128518496807e+20,8763606.221113808,6.810296326875687e-09,0,0,1,0.0,0.0,0
509,258432569.26959345,1,0.0,9211381.50772455,31792024345,38.43740190158831,300.46112674692233,1,1.0107328119750389e+21,17018735.711214285,78669186756831.95,5418245.026943887,5.053742729061951e+20,8763606.221113808,4.933099262416363e-09,0,0,1,0.0,0.0,0
510,258432569.26959345,1,0.0,9238027.020815052,31778591776,38.421169609114244,300.33072256294406,1,1.0098788952704769e+21,16836198.41638831,76434414613498.69,5391355.793461596,5.049470910766998e+20,8763606.221113808,4.933099262416363e-09,0,0,1,0.0,0.0,0
511,258432569.26959345,1,0.0,9264869.048991494,31765159207,38.436440883635846,300.4657546495696,1,1.0090253394337497e+21,16653661.121562332,77760366099711.67,5418245.026943887,5.0452044575348484e+20,8770875.329983482,4.001776687800884e-09,0,0,1,0.0,0.0,0
512,258432569.26959345,1,0.0,9291754.649975164,31751726638,38.4201007906338,300.3330963425312,1,1.0081721444648567e+21,16504979.302443588,75585324998655.42,5391355.793461596,5.040936307649282e+20,8770875.329983482,4.583853296935558e-09,0,0,1,0.0,0.0,0
513,258462035.33042413,1,0.0,9318685.568611385,31738264602,38.435542643480304,300.4704891250187,1,1.0073174399596589e+21,16397874.505558586,76961327584052.48,5418245.026943887,5.036664161125879e+20,8771335.737183962,5.631591193377972e-09,0,0,1,0.0,0.0,0
514,258491501.3912548,1,0.0,9345647.611798566,31724773101,38.41908675653576,300.33551740106884,1,1.0064612282981954e+21,16291115.014073942,74826524638640.83,5391355.793461596,5.032380968015616e+20,8771335.737183962,4.700268618762493e-09,0,0,1,0.0,0.0,0
515,258491501.3912548,1,0.0,9372649.014141144,31711281599,38.43470483758187,300.4753338452749,1,1.0056053806779514e+21,16184355.5225893,76242920207232.12,5418245.026943887,5.028103146309964e+20,8771335.737183962,4.700268618762493e-09,0,0,1,0.0,0.0,0
516,258491501.3912548,1,0.0,9399688.463667262,31697790098,38.4181222046732,300.3379739114515,1,1.004749897098927e+21,16077596.031104656,74146276057245.06,5391355.793461596,5.0238236317706925e+20,8771335.737183962,4.700268618762493e-09,0,0,1,0.0,0.0,0
517,258491501.3912548,1,0.0,9426771.399407763,31684298597,38.43392242960595,300.4802793777137,1,1.0038947775611222e+21,15970675.565132994,75600097920896.83,5418245.026943887,5.019549487903532e+20,8771657.686158,6.300979293882847e-09,0,0,1,0.0,0.0,0
518,258491501.3912548,1,0.0,9453022.417317994,31670807095,38.417226009927404,300.3404666581106,1,1.003040022064537e+21,15912745.947939059,73538503513055.4,5391355.793461596,5.015273648826198e+20,8730019.087299177,6.737536750733852e-09,0,0,1,0.0,0.0,0
519,258491501.3912548,1,0.0,9479307.803108204,31657315594,38.433236781926425,300.4853289020691,1,1.0021856306091712e+21,15882842.316060534,75017053439951.56,5418245.026943887,5.011003170099296e+20,8730019.087299177,6.271875463426113e-09,0,0,1,0.0,0.0,0
520,258491501.3912548,1,0.0,9505187.117598724,31643824092,38.416426936267754,300.3429964487922,1,1.001331603195025e+21,15852938.684182007,72970724013151.02,5391355.793461596,5.006730986699138e+20,8730019.087299177,6.737536750733852e-09,0,0,1,0.0,0.0,0
521,258491501.3912548,1,0.0,9529615.974854061,31630332591,38.43277609296525,300.49048573321943,1,1.0004779398220986e+21,15823035.05230348,74463753465235.14,5418245.026943887,5.0024641628639586e+20,8730019.087299177,6.271875463426113e-09,0,0,1,0.0,0.0,0
522,258491501.3912548,1,0.0,9554078.265359003,31616841090,38.415919074267784,300.3455641154294,1,9.996246404903917e+20,15793131.420424953,72431903563622.56,5391355.793461596,4.998195634355522e+20,8730019.087299177,6.737536750733852e-09,0,0,1,0.0,0.0,0
523,258491501.3912548,1,0.0,9578572.874671899,31603349588,38.432465546167826,300.49575332844427,1,9.987717051999044e+20,15807740.632222489,73937431147642.53,5418245.026943887,4.9939324634306694e+20,8730019.087299177,6.271875463426113e-09,0,0,1,0.0,0.0,0
524,258491501.3912548,1,0.0,9603098.725499151,31589858087,38.415439180620155,300.3481705150545,1,9.979191339506366e+20,15777837.000343964,71936534812997.22,5391355.793461596,4.989667606287996e+20,8730019.087299177,6.737536750733852e-09,0,0,1,0.0,0.0,0
525,258491501.3912548,1,0.0,9627654.77645694,31576366586,38.432190663091724,300.5011352951539,1,9.970669267425885e+20,15821163.177653551,73430167334626.66,5418245.026943887,4.985408063880277e+20,8730019.087299177,6.271875463426113e-09,0,0,1,0.0,0.0,0
526,258491501.3912548,1,0.0,9651042.026317181,31562875084,38.414997294134686,300.350816530753,1,9.962150835757599e+20,15794070.662090221,71482126346833.61,5391355.793461596,4.9811469000051465e+20,8672515.348559305,5.180481821298599e-09,0,0,1,0.0,0.0,0
527,258491501.3912548,1,0.0,9674457.496521624,31549383583,38.43197540762002,300.5066353991282,1,9.953636044501508e+20,15837396.83939981,72963684832570.36,5418245.026943887,4.9768909859355866e+20,8672515.348559305,5.6461431086063385e-09,0,0,1,0.0,0.0,0
528,258491501.3912548,1,0.0,9697900.246392135,31535892081,38.414262022009886,300.30778031957783,1,9.945124893657614e+20,15867176.758927735,74126717108292.69,5391355.793461596,4.9726365735459154e+20,8672515.348559305,5.180481821298599e-09,0,0,1,0.0,0.0,0
529,258491501.3912548,1,0.0,9721369.366606511,31522400580,38.433250619672734,300.51225757330354,1,9.936617383225914e+20,15896956.678455658,75905854899246.06,5418245.026943887,4.968384597467856e+20,8672515.348559305,5.6461431086063385e-09,0,0,1,0.0,0.0,0
530,258491501.3912548,1,0.0,9744863.978153287,31508909079,38.41085770130879,300.3301605209362,1,9.928113513206411e+20,15826537.985582737,73592297591368.19,5391355.793461596,4.964130348900797e+20,8672515.348559305,5.180481821298599e-09,0,0,1,0.0,0.0,0
531,258491501.3912548,1,0.0,9768383.231321389,31495417577,38.4330728415434,300.51800592715193,1,9.919613283599105e+20,15869864.162892327,75371495512922.14,5418245.026943887,4.959882013295066e+20,8672515.348559305,5.6461431086063385e-09,0,0,1,0.0,0.0,0
532,258491501.3912548,1,0.0,9791926.304723434,31481926076,38.410477364719966,300.3325389380641,1,9.911116694403994e+20,15842771.647328995,73099746920193.47,5391355.793461596,4.9556314469489174e+20,8672515.348559305,5.180481821298599e-09,0,0,1,0.0,0.0,0
533,258491501.3912548,1,0.0,9814514.570965149,31468434574,38.43293425623562,300.52388475669835,1,9.902623745621079e+20,15886097.824638585,74856439499411.39,5418245.026943887,4.951386729250039e+20,8625579.346008409,6.461050361394882e-09,0,0,1,0.0,0.0,0
534,258491501.3912548,1,0.0,9838137.786220135,31454943073,38.410124277386664,300.3349518712193,1,9.89413443725036e+20,15859005.309075255,72624622464191.66,5391355.793461596,4.947139843247644e+20,8674188.48175218,5.0640664994716644e-09,0,0,1,0.0,0.0,0
535,258491501.3912548,1,0.0,9861425.962166019,31441451572,38.43281902578513,300.529898555228,1,9.885648769291835e+20,15902331.486384843,74358809701073.55,5418245.026943887,4.942898743455619e+20,8648516.447001787,2.7794158086180687e-09,0,0,1,0.0,0.0,0
536,258491501.3912548,1,0.0,9884596.98707835,31427960070,38.409783972074855,300.33740007724805,1,9.877166741745508e+20,15875238.970821513,72166924223362.77,5391355.793461596,4.938655537796977e+20,8641894.821160998,2.7212081477046013e-09,0,0,1,0.0,0.0,0
537,258491501.3912548,1,0.0,9907788.118178654,31414468569,38.43273649620239,300.53605202474006,1,9.868688354611376e+20,15918565.148131102,73878606117908.62,5418245.026943887,4.9344180559118054e+20,8641894.821160998,2.7212081477046013e-09,0,0,1,0.0,0.0,0
538,258491501.3912548,1,0.0,9930998.685260655,31400977067,38.40946322178326,300.33988433528697,1,9.86021360788944e+20,15891472.63256777,71726652197706.78,5391355.793461596,4.930178530596918e+20,8641894.821160998,2.7212081477046013e-09,0,0,1,0.0,0.0,0
539,258491501.3912548,1,0.0,9954228.04045831,31387485566,38.43268414854421,300.54235008820854,1,9.851742501579698e+20,15934798.80987736,73415828749916.61,5418245.026943887,4.9259446666185985e+20,8641894.821160998,2.7212081477046013e-09,0,0,1,0.0,0.0,0
540,258491501.3912548,1,0.0,9979037.319114929,31373994065,38.40911705619839,300.34240544758984,1,9.843275035682152e+20,15907706.29431403,71303806387223.7,5391355.793461596,4.9217088216474635e+20,8698118.239259249,5.631591193377972e-09,0,0,1,0.0,0.0,0
541,258491501.3912548,1,0.0,10004601.989020105,31360502563,38.432571582476015,300.5487979027175,1,9.834811210196804e+20,15951032.471623618,72970477597097.5,5418245.026943887,4.917478575575999e+20,8733534.309576424,9.320501703768969e-09,0,0,1,0.0,0.0,0
542,258491501.3912548,1,0.0,10029745.321812961,31347011062,38.408749557672934,300.34496424039145,1,9.826351025123652e+20,15934459.35640283,70939381464368.03,5391355.793461596,4.91324645194329e+20,8712495.50889134,7.799826562404633e-09,0,0,1,0.0,0.0,0
543,258491501.3912548,1,0.0,10054905.060133247,31333519560,38.43252239939965,300.555400873545,1,9.817894480462694e+20,15977785.533712419,72624542004360.28,5418245.026943887,4.909019864773352e+20,8712495.50889134,7.799826562404633e-09,0,0,1,0.0,0.0,0
544,258491501.3912548,1,0.0,10080080.657130057,31320028059,38.40841512050966,300.34756156481023,1,9.809441576213933e+20,15961212.41849163,70627343036538.03,5391355.793461596,4.904791415450003e+20,8712495.50889134,7.799826562404633e-09,0,0,1,0.0,0.0,0
545,258491501.3912548,1,0.0,10105209.21445647,31306536558,38.432510195491425,300.56216466927583,1,9.800992312377368e+20,16005287.03249363,72299043060874.14,5418245.026943887,4.900568455231745e+20,8709501.762121694,9.502400644123554e-09,0,0,1,0.0,0.0,0
546,258491501.3912548,1,0.0,10131358.207628692,31293045056,38.408105162312545,300.3501982977923,1,9.792546688952997e+20,15990210.790657666,70341028812567.34,5391355.793461596,4.896343685505311e+20,8781906.171263708,1.1117663234472275e-08,0,0,1,0.0,0.0,0
547,258491501.3912548,1,0.0,10157521.525884682,31279553555,38.432534233437465,300.56909523803216,1,9.784104705940824e+20,16033536.967967253,71993715142613.69,5418245.026943887,4.892124346685555e+20,8781906.171263708,1.1117663234472275e-08,0,0,1,0.0,0.0,0
548,258491501.3912548,1,0.0,10183698.691721646,31266062054,38.40781579340729,300.3528753430985,1,9.775666363340845e+20,16018460.726131288,70068757373374.9,5391355.793461596,4.887903250427796e+20,8781906.171263708,1.1117663234472275e-08,0,0,1,0.0,0.0,0
549,258491501.3912548,1,0.0,10209440.35037693,31252570552,38.43260188916714,300.5761988249199,1,9.767231661153061e+20,16061786.903440878,71702717540038.39,5418245.026943887,4.8836875332940707e+20,8765746.016905444,9.371433407068253e-09,0,0,1,0.0,0.0,0
550,258491501.3912548,1,0.0,10235194.948827328,31239079051,38.407566042226364,300.35559363233745,1,9.758800599377475e+20,16046710.661604911,69810816249867.61,5391355.793461596,4.8794701105049875e+20,8765746.016905444,9.371433407068253e-09,0,0,1,0.0,0.0,0
551,258491501.3912548,1,0.0,10260962.055746324,31225587549,38.43292490143126,300.6326532629785,1,9.750373178014083e+20,15831634.419768946,67675920670852.305,5418245.026943887,4.875254264927713e+20,8765746.016905444,9.371433407068253e-09,0,0,1,0.0,0.0,0
552,258491501.3912548,1,0.0,10284858.531815685,31212096048,38.40821805528031,300.35835412604604,1,9.741949397062889e+20,15616558.177932981,66307671580062.02,5391355.793461596,4.871041006203025e+20,8697968.011610836,8.309143595397472e-09,0,0,1,0.0,0.0,0
553,258491501.3912548,1,0.0,10308766.696355443,31198604547,38.425514173329546,300.5225072739195,1,9.73352925652389e+20,15558155.758787425,67326193341641.19,5418245.026943887,4.866831954455286e+20,8697968.011711538,9.378709364682436e-09,0,0,1,0.0,0.0,0
554,258491501.3912548,1,0.0,10332686.159748562,31185113045,38.4080687614954,300.3611578148216,1,9.725112756397087e+20,15543079.51695146,66025850722179.37,5391355.793461596,4.8626224040492656e+20,8697968.011711538,9.378709364682436e-09,0,0,1,0.0,0.0,0
555,258491501.3912548,1,0.0,10356616.5453666,31171621544,38.42562421545379,300.52848930856044,1,9.71669989668248e+20,15528003.275115496,67056825641803.42,5418245.026943887,4.8584170051668817e+20,8697968.011711538,9.844370651990175e-09,0,0,1,0.0,0.0,0
556,258491501.3912548,1,0.0,10380302.397456415,31158130042,38.407936602894544,300.3640057205066,1,9.708290677380067e+20,15519049.233575057,65787388415086.31,5391355.793461596,4.8542111260784486e+20,8685723.611120483,7.807102520018816e-09,0,0,1,0.0,0.0,0
557,258491501.3912548,1,0.0,10403998.455758624,31144638541,38.42576977949546,300.5346099026976,1,9.699885098489851e+20,15510095.192034619,66848591106176.04,5418245.026943887,4.8500093978360316e+20,8685723.611120483,7.807102520018816e-09,0,0,1,0.0,0.0,0
558,258491501.3912548,1,0.0,10427704.38006615,31131147040,38.40755770878378,300.33031561920336,1,9.691483160011832e+20,15333105.647551091,67502069527041.445,5391355.793461596,4.8458090820754434e+20,8685723.611120483,7.807102520018816e-09,0,0,1,0.0,0.0,0
559,258491501.3912548,1,0.0,10451419.84151215,31117655538,38.42708474476804,300.54087392683556,1,9.683084861946005e+20,15371954.80409046,69008320940783.56,5418245.026943887,4.841611439293943e+20,8685723.611120483,7.807102520018816e-09,0,0,1,0.0,0.0,0
560,258491501.3912548,1,0.0,10475101.039855456,31104164037,38.40436237719632,300.34181647953756,1,9.674690204292376e+20,15319674.585240435,67256028171582.13,5391355.793461596,4.8374123581743596e+20,8684158.247004736,1.0688381735235453e-08,0,0,1,0.0,0.0,0
561,258491501.3912548,1,0.0,10498581.487676198,31090672535,38.42725971146055,300.54728648245646,1,9.666299187050944e+20,15363000.762550024,68764691167833.04,5418245.026943887,4.83321835821664e+20,8674094.449470615,1.0571966413408518e-08,0,0,1,0.0,0.0,0
562,258491501.3912548,1,0.0,10522070.550358796,31077181034,38.40424154246822,300.34436644442627,1,9.657911810221707e+20,15354046.721009586,67043940282407.09,5391355.793461596,4.829022949051136e+20,8674094.449470615,1.0571966413408518e-08,0,0,1,0.0,0.0,0
563,258491501.3912548,1,0.0,10545567.940741196,31063689533,38.42745698607305,300.5538529158758,1,9.649528073804667e+20,15397372.898319175,68535913625649.836,5418245.026943887,4.824832572815959e+20,8674094.449470615,1.0571966413408518e-08,0,0,1,0.0,0.0,0
564,258491501.3912548,1,0.0,10569073.3812334,31050198031,38.404130110097746,300.34695474095486,1,9.641147977799821e+20,15388418.856778737,66844827466359.11,5391355.793461596,4.820640833727377e+20,8674094.449470615,1.0571966413408518e-08,0,0,1,0.0,0.0,0
565,258491501.3912548,1,0.0,10593526.431299053,31036706530,38.42767545354067,300.5605788331091,1,9.632771522207171e+20,15431745.034088327,68320111156593.695,5418245.026943887,4.8164540812147425e+20,8741762.051116927,1.0812073014676571e-08,0,0,1,0.0,0.0,0
566,258491501.3912548,1,0.0,10617987.003745094,31023215028,38.40402801069404,300.3495822399835,1,9.624398707026718e+20,15422790.992547888,66658689723438.19,5391355.793461596,4.812266012203082e+20,8741762.051116927,1.0812073014676571e-08,0,0,1,0.0,0.0,0
567,258491501.3912548,1,0.0,10642454.847825505,31009723527,38.427915483863494,300.56747011583434,1,9.61602953225846e+20,15466117.169857478,68117283760664.61,5418245.026943887,4.8080828834129904e+20,8741762.051116927,1.0812073014676571e-08,0,0,1,0.0,0.0,0
568,258491501.3912548,1,0.0,10666929.721152477,30996232026,38.40393518348764,300.35224983895364,1,9.607663997902398e+20,15457163.12831704,66485527053644.33,5391355.793461596,4.803898484478253e+20,8741762.051116927,1.0812073014676571e-08,0,0,1,0.0,0.0,0
569,259062741.15602213,1,0.0,10691399.015526133,30982169285,38.42821721024191,300.5749014549387,1,9.598948135753499e+20,15502720.710957753,67923880136188.64,5418245.026943887,4.7995419917568855e+20,8747118.518533884,6.719346856698394e-09,0,0,1,0.0,0.0,0
570,259633980.92078942,1,0.0,10715688.927895924,30967535304,38.403885551637885,300.3552398328249,1,9.589882427803587e+20,15502692.290741803,66328463861611.37,5391355.793461596,4.795007542365655e+20,8747118.518533884,6.719346856698394e-09,0,0,1,0.0,0.0,0
571,259633980.92078942,1,0.0,10739985.189758096,30952901323,38.42858354345387,300.5829088619425,1,9.580821002921623e+20,15550481.278713636,67791216877470.09,5418245.026943887,4.790478292677689e+20,8747118.518533884,6.719346856698394e-09,0,0,1,0.0,0.0,0
572,259633980.92078942,1,0.0,10764287.589462908,30938267342,38.4038457811602,300.35828102103454,1,9.571763861107613e+20,15550452.858497689,66224066790981.195,5391355.793461596,4.7859481546205974e+20,8747118.518533884,6.719346856698394e-09,0,0,1,0.0,0.0,0
573,259633980.92078942,1,0.0,10787709.376973713,30923633361,38.42898215172343,300.59114247900146,1,9.562711002361556e+20,15598241.846469522,67672261777288.62,5418245.026943887,4.781423173442555e+20,8704564.337323442,9.542418411001563e-09,0,0,1,0.0,0.0,0
574,259633980.92078942,1,0.0,10811136.899957474,30908999380,38.40382767047717,300.3613747297514,1,9.553662426683448e+20,15598213.426253574,66133377878888.11,5391355.793461596,4.7768973467196024e+20,8704564.337323442,9.542418411001563e-09,0,0,1,0.0,0.0,0
575,259633980.92078942,1,0.0,10834569.967231754,30894365399,38.42941371058999,300.5996120291391,1,9.544618134073294e+20,15646002.414225407,67567014835644.234,5418245.026943887,4.772376634051483e+20,8704564.337323442,8.931237971410155e-09,0,0,1,0.0,0.0,0
576,259633980.92078942,1,0.0,10858008.393986873,30879731418,38.403819325701235,300.36452233134844,1,9.535578124531089e+20,15645973.994009458,66056397125332.11,5391355.793461596,4.7678551186626694e+20,8704564.337323442,8.931237971410155e-09,0,0,1,0.0,0.0,0
577,259633980.92078942,1,0.0,10881452.001573462,30865097437,38.42987308853987,300.6083278007021,1,9.526542398056838e+20,15693762.981981292,67475476052536.93,5418245.026943887,4.763338674504472e+20,8704564.337323442,8.931237971410155e-09,0,0,1,0.0,0.0,0
578,259633980.92078942,1,0.0,10904900.99532592,30850463456,38.40382075459855,300.3677252464325,1,9.517510954650538e+20,15693725.489074744,65993097781034.88,5391355.793461596,4.75882147042305e+20,8704582.482704641,9.447830962017179e-09,0,0,1,0.0,0.0,0
579,259633980.92078942,1,0.0,10928363.367549704,30835829475,38.430361129246144,300.61730068905325,1,9.508483794312191e+20,15741514.477046577,67397591929410.09,5418245.026943887,4.754309294748025e+20,8705197.16629827,1.0983058018609881e-08,0,0,1,0.0,0.0,0
580,259633980.92078942,1,0.0,10951909.620650066,30821195494,38.40383198074518,300.3709849459825,1,9.499460917041796e+20,15741476.98414003,65943484776394.79,5391355.793461596,4.7497964020056746e+20,8710899.641948488,9.564246283844113e-09,0,0,1,0.0,0.0,0
581,259633980.92078942,1,0.0,10977140.997530954,30806561513,38.43083014307602,300.6265422420093,1,9.49044232283935e+20,15768959.922868267,67216034719486.42,5418245.026943887,4.745288377454394e+20,8791290.73977745,8.931237971410155e-09,0,0,1,0.0,0.0,0
582,258063941.64126262,1,0.0,11002206.387284257,30793497572,38.40374091232834,300.3738738236077,1,9.482394927069461e+20,15722177.365538873,65734477470680.04,5391355.793461596,4.7412631980122014e+20,8766758.876034843,1.0710209608078003e-08,0,0,1,0.0,0.0,0
583,256493902.36173582,1,0.0,11027787.084801586,30782003669,38.43102999986105,300.6335930861124,1,9.475317499078034e+20,15751567.455703752,66886286170721.55,5418245.026943887,4.7377256358251876e+20,8766758.876034843,1.0710209608078003e-08,0,0,1,0.0,0.0,0
584,255178741.3069591,1,0.0,11053229.164540172,30771824928,38.40357049439097,300.37600963748343,1,9.46905209410055e+20,15681248.653456775,65425968495897.91,5391355.793461596,4.734591473018771e+20,8746209.483034771,1.2067175703123212e-08,0,0,1,0.0,0.0,0
585,253863580.25218236,1,0.0,11081230.105512049,30762961348,38.431032554115674,300.63870180205413,1,9.463597908935961e+20,15701359.665946642,66465553102230.875,5418245.026943887,4.731865420021083e+20,8875887.328514727,9.62245394475758e-09,0,0,1,0.0,0.0,0
586,253863580.25218236,1,0.0,11109234.864960713,30754097768,38.403355285299625,300.377802997821,1,9.458145295032468e+20,15615628.820089001,65002227116699.1,5391355.793461596,4.729137649743351e+20,8875887.328514727,9.62245394475758e-09,0,0,1,0.0,0.0,0
587,253863580.25218236,1,0.0,11137243.315603595,30745234187,38.431046248277454,300.6438935717036,1,9.452694252390072e+20,15640877.180449087,66009850243481.23,5418245.026943887,4.726413136045279e+20,8875887.328514727,9.62245394475758e-09,0,0,1,0.0,0.0,0
588,253863580.25218236,1,0.0,11165255.334400896,30736370607,38.403148676376574,300.37961354683523,1,9.447244781008775e+20,15555146.334591446,64607309327042.07,5391355.793461596,4.7236869978137146e+20,8875887.328514727,9.62245394475758e-09,0,0,1,0.0,0.0,0
589,253863580.25218236,1,0.0,11192737.118498644,30727507027,38.431077105242665,300.649170436997,1,9.441796880888576e+20,15580394.694951534,65581330071960.51,5418245.026943887,4.72096402177436e+20,8836697.390685746,5.067704478278756e-09,0,0,1,0.0,0.0,0
590,253863580.25218236,1,0.0,11220222.236838464,30718643447,38.4029499617192,300.3814415328365,1,9.436350552029474e+20,15494663.849093894,64239574224613.96,5391355.793461596,4.718239515588962e+20,8836697.390685746,5.067704478278756e-09,0,0,1,0.0,0.0,0
591,253863580.25218236,1,0.0,11247710.57827895,30709779866,38.43112503299728,300.65453450736055,1,9.430905794431471e+20,15519912.209453981,65179992587668.71,5418245.026943887,4.715518077208323e+20,8836697.390685746,5.067704478278756e-09,0,0,1,0.0,0.0,0
592,253863580.25218236,1,0.0,11275202.035383414,30700916286,38.40275955239559,300.3832872089412,1,9.425462608094565e+20,15434181.36359634,63899021809414.78,5391355.793461596,4.712795203069092e+20,8836697.390685746,5.067704478278756e-09,0,0,1,0.0,0.0,0
593,253863580.25218236,1,0.0,11302696.50429639,30692052706,38.43119021889831,300.6599879625216,1,9.420020993018757e+20,15459429.723956428,64805837790605.836,5418245.026943887,4.7100753023471695e+20,8836697.390685746,5.067704478278756e-09,0,0,1,0.0,0.0,0
594,253863580.25218236,1,0.0,11328789.173324032,30683189126,38.402645978791924,300.3851508331885,1,9.414580949204047e+20,15373698.878098788,63585652081444.52,5391355.793461596,4.707354060254105e+20,8836697.390685746,5.067704478278756e-09,0,0,1,0.0,0.0,0
595,253863580.25218236,1,0.0,11354376.228775583,30674325545,38.43143387219313,300.6655330554623,1,9.409142476650434e+20,15398947.238458876,64458865680771.89,5418245.026943887,4.7046356971908976e+20,8836697.390685746,4.776666173711419e-09,0,0,1,0.0,0.0,0
596,253863580.25218236,1,0.0,11378775.85801819,30665461965,38.402675250108366,300.3870326686607,1,9.403705575357919e+20,15341795.125371415,63357106130156.875,5391355.793461596,4.7019161447850895e+20,8779539.925145384,4.194589564576745e-09,0,0,1,0.0,0.0,0
597,253863580.25218236,1,0.0,11402679.951200956,30656598385,38.431771852425804,300.67117211552255,1,9.398270245326502e+20,15367043.485731503,64254358437074.234,5418245.026943887,4.699199377021688e+20,8755598.553679233,5.271431291475892e-09,0,0,1,0.0,0.0,0
598,253863580.25218236,1,0.0,11426587.178812355,30647734805,38.40272653119343,300.38893298360694,1,9.39283648655618e+20,15309891.372644043,63195704350111.81,5391355.793461596,4.6964814389824396e+20,8755598.553679233,4.281901055946946e-09,0,0,1,0.0,0.0,0
599,253863580.25218236,1,0.0,11450434.596517261,30638871224,38.432120440898764,300.6769075516632,1,9.387404299046958e+20,15335139.73300413,64065980788228.836,5418245.026943887,4.693766215504267e+20,8751074.084179545,3.961758920922875e-09,0,0,1,0.0,0.0,0
