t,secure_bps,violations,k_min,k_mean,q_total,aos_mean,aos_max,rekey,q_sumsq,z_l1,z_sumsq,z_max,lyapunov,key_inflow,key_overflow,cg_iters,cg_columns,cg_converged,obj_lp,obj_greedy,key_blocked_edges
0,245000000.0,0,2109375.0,2435980.902777778,0,0.8751098228663845,0.9476988686844755,0,0.0,571875.0,109013671875.0,190625.0,10901367187500.0,7200000.0,0.0,0,0,1,0.0,0.0,0
1,245000000.0,0,2109375.0,2371961.8055555555,0,1.9150735485434955,1.9476988686844754,0,0.0,571875.0,109013671875.0,190625.0,10901367187500.0,7200000.0,0.0,0,0,1,0.0,0.0,0
2,245000000.0,0,1718750.0,2307942.7083333335,0,3.0002823041962015,3.1629597325192615,0,0.0,762500.0,218027343750.0,381250.0,21802734375000.0,7200000.0,0.0,0,0,1,0.0,0.0,0
3,245000000.0,0,1718750.0,2243923.611111111,0,4.054126679726725,4.162959732519262,0,0.0,753125.0,141865234375.0,190625.0,14186523437500.0,7200000.0,0.0,0,0,1,0.0,0.0,0
4,245000000.0,0,1328125.0,2181946.290293238,0,4.470255517258303,5.504749365183861,0,0.0,762500.0,218027343750.0,381250.0,21802734375000.0,7273503.950556569,2.0372681319713593e-10,0,0,1,0.0,0.0,0
5,245000000.0,0,1328125.0,2142191.1916975873,0,5.327933375874362,6.504749365183861,0,0.0,753125.0,141865234375.0,190625.0,14186523437500.0,7273503.950556569,2.0372681319713593e-10,0,0,1,0.0,0.0,0
6,245000000.0,0,1137500.0,2124658.3153241584,0,6.182577733096291,7.756697408871322,0,0.0,943750.0,319980468750.0,381250.0,31998046875000.0,7273503.950556569,2.0372681319713593e-10,0,0,1,0.0,0.0,0
7,245000000.0,0,1337500.0,2107125.43895073,0,6.977037766761172,8.494209936496077,0,0.0,925000.0,171406250000.0,190625.0,17140625000000.0,7273503.950556569,2.0372681319713593e-10,0,0,1,0.0,0.0,0
8,245000000.0,0,1328125.0,2095143.9175826337,0,7.848186917593461,9.504749365183862,0,0.0,934375.0,313095703125.0,381250.0,31309570312500.0,7273503.956860727,0.0,0,0,1,0.0,0.0,0
9,245000000.0,0,1328125.0,2094277.708050987,0,8.66095683224244,10.504749365183862,0,0.0,915625.0,168271484375.0,190625.0,16827148437500.0,7273503.956860727,0.0,0,0,1,0.0,0.0,0
10,245000000.0,0,1337500.0,2110885.6098250826,0,7.624241394456126,11.494209936496077,0,0.0,903884.9955889164,290732371297.8288,360134.99558891635,29073237129782.88,7320463.974505061,9.458744898438454e-11,0,0,1,0.0,0.0,0
11,245000000.0,0,1337500.0,2127990.5118946675,0,8.228718801386247,12.494209936496077,0,0.0,861654.9867667491,150143961928.51566,190625.0,15014396192851.566,7320463.974505061,9.458744898438454e-11,0,0,1,0.0,0.0,0
12,245000000.0,0,1346875.0,2145095.413964253,0,8.833346051527032,13.483817119540017,0,0.0,861654.9867667491,261614142863.0434,343750.0,26161414286304.34,7320463.974505061,9.458744898438454e-11,0,0,1,0.0,0.0,0
13,245000000.0,0,1346875.0,2162729.8435690254,0,7.0791018790027955,14.483817119540017,0,0.0,819424.9779445817,138689172919.59406,190625.0,13868917291959.406,7339526.9657718185,9.458744898438454e-11,0,0,1,0.0,0.0,0
14,245000000.0,0,1356250.0,2180364.273173798,0,7.506184086279868,15.473567876220299,0,0.0,819424.9779445817,234830598887.6674,334375.0,23483059888766.74,7339526.9657718185,9.458744898438454e-11,0,0,1,0.0,0.0,0
15,245000000.0,0,1356250.0,2197998.7027785713,0,7.937845978426929,16.473567876220297,0,0.0,777194.9691224142,129569068370.08188,190625.0,12956906837008.188,7339526.9657718185,9.458744898438454e-11,0,0,1,0.0,0.0,0
16,245000000.0,0,1365625.0,2215633.1323833438,0,8.368556809467774,17.46345925180646,0,0.0,777194.9691224142,210381739371.70078,325000.0,21038173937170.08,7339526.9657718185,9.458744898438454e-11,0,0,1,0.0,0.0,0
17,245000000.0,0,1365625.0,2233267.5619881167,0,8.803352389907895,18.46345925180646,0,0.0,734964.960300247,122783648279.97906,190625.0,12278364827997.906,7339526.9657718185,9.458744898438454e-11,0,0,1,0.0,0.0,0
18,245000000.0,0,1375000.0,2250901.991592889,0,9.236894671020941,19.453488372093023,0,0.0,734964.960300247,188267564315.14355,315625.0,18826756431514.355,7339526.9657718185,9.458744898438454e-11,0,0,1,0.0,0.0,0
19,245000000.0,0,1375000.0,2268536.421197662,0,9.674156719615807,20.453488372093023,0,0.0,692734.9514780797,118332912649.28566,190625.0,11833291264928.566,7339526.9657718185,9.458744898438454e-11,0,0,1,0.0,0.0,0
20,245000000.0,0,1384375.0,2286170.8508024346,0,10.109962448691482,21.443652440674907,0,0.0,692734.9514780797,168488073717.9957,306250.0,16848807371799.57,7339526.9657718185,9.458744898438454e-11,0,0,1,0.0,0.0,0
21,245000000.0,0,1384375.0,2303805.280407207,0,10.549208404495841,22.443652440674907,0,0.0,666384.9955889164,115964685396.84662,190625.0,11596468539684.662,7339526.9657718185,9.458744898438454e-11,0,0,1,0.0,0.0,0
22,245000000.0,0,1393750.0,2321439.7100119796,0,10.986860200361257,23.433948736332677,0,0.0,666384.9955889164,156472497896.84662,296875.0,15647249789684.662,7339526.9657718185,9.458744898438454e-11,0,0,1,0.0,0.0,0
23,245000000.0,0,1393750.0,2338856.5925484654,0,11.427879043004754,24.433948736332677,0,0.0,657009.9955889164,114060388521.84662,190625.0,11406038852184.662,7339526.9657718185,9.458744898438454e-11,0,0,1,0.0,0.0,0
24,245000000.0,0,1403125.0,2355788.4700772148,0,11.867500846463308,25.424374610522566,0,0.0,657009.9955889164,150993982271.84662,287500.0,15099398227184.662,7339526.9657718185,9.458744898438454e-11,0,0,1,0.0,0.0,0
25,245000000.0,0,1403125.0,2373458.113116465,0,12.30973172936982,26.424374610522566,0,0.0,645548.4350939561,111589717901.67178,190625.0,11158971790167.178,7371132.813967272,2.255546860396862e-10,0,0,1,0.0,0.0,0
26,245000000.0,0,1412500.0,2391048.281942426,0,12.750240755913241,27.414927484966395,0,0.0,645548.4350939561,144949092901.67178,278125.0,14494909290167.178,7371132.813967272,2.255546860396862e-10,0,0,1,0.0,0.0,0
27,245000000.0,0,1412500.0,2408562.887531672,0,8.284567681242326,28.414927484966395,0,0.0,636173.4350939561,110036983526.67178,190625.0,11003698352667.178,7371178.240067953,1.0557812402112177e-09,0,0,1,0.0,0.0,0
28,245000000.0,0,1421875.0,2426007.4561763043,0,8.544397172981054,29.40560484933673,0,0.0,636173.4350939561,139822139776.67178,268750.0,13982213977667.178,7371330.422596876,1.0557812402112177e-09,0,0,1,0.0,0.0,0
29,245000000.0,0,1421875.0,2443380.2360584205,0,8.806999523632454,30.40560484933673,0,0.0,626798.4350939561,108660030401.67178,190625.0,10866003040167.178,7371330.422596876,1.0557812402112177e-09,0,0,1,0.0,0.0,0
30,245000000.0,0,1431250.0,2460435.445754733,0,9.067926636043582,31.39640425903299,0,0.0,626798.4350939561,134870967901.67178,259375.0,13487096790167.178,7371330.422596876,1.0557812402112177e-09,0,0,1,0.0,0.0,0
31,245000000.0,0,1431250.0,2476773.9455181607,0,9.331800766504053,32.39640425903299,0,0.0,617423.4350939561,107458858526.67178,190625.0,10745885852667.178,7371330.422596876,1.0557812402112177e-09,0,0,1,0.0,0.0,0
32,245000000.0,0,1440625.0,2492982.7522349977,0,9.59385636623744,33.38732333304431,0,0.0,617423.4350939561,130095577276.67178,250000.0,13009557727667.178,7371330.422596876,1.0557812402112177e-09,0,0,1,0.0,0.0,0
33,245000000.0,0,1440625.0,2509066.218521031,0,9.858458629286655,34.38732333304431,0,0.0,608048.0809231502,106433342668.10876,190625.0,10643334266810.877,7371331.839280099,1.1721965620381525e-09,0,0,1,0.0,0.0,0
34,245000000.0,0,1450000.0,2525028.4938601954,0,10.121236034329119,35.378359751895246,0,0.0,608048.0809231502,125495842668.10876,240625.0,12549584266810.877,7371331.839280099,1.1721965620381525e-09,0,0,1,0.0,0.0,0
35,245000000.0,0,1450000.0,2540873.6179507193,0,10.386470068350272,36.378359751895246,0,0.0,598673.0809231502,105583733293.10876,190625.0,10558373329310.877,7371331.839280099,1.1721965620381525e-09,0,0,1,0.0,0.0,0
36,245000000.0,0,1459375.0,2556605.495834223,0,10.649880351716476,37.36951125567063,0,0.0,598673.0809231502,121072014543.10876,231250.0,12107201454310.877,7371331.839280099,1.1721965620381525e-09,0,0,1,0.0,0.0,0
37,245000000.0,0,1459375.0,2572511.471863468,0,10.915594234242816,38.36951125567063,0,0.0,589298.0809231502,104909905168.10876,190625.0,10490990516810.877,7381540.340531045,1.7906529592437437e-09,0,0,1,0.0,0.0,0
38,245000000.0,0,1468750.0,2588311.62560371,0,11.179496425026114,39.360775642116,0,0.0,589298.0809231502,116823967668.10876,221875.0,11682396766810.877,7381540.340531045,1.2867928944615414e-09,0,0,1,0.0,0.0,0
39,245000000.0,0,1468750.0,2604009.4844645816,0,11.445708077656572,40.360775642116,0,0.0,579923.0809231502,104411858293.10876,190625.0,10441185829310.877,7381540.340531045,1.2867928944615414e-09,0,0,1,0.0,0.0,0
40,245000000.0,0,1478125.0,2619608.458275395,0,11.710117739900454,41.352150764810276,0,0.0,579923.0809231502,112751702043.10876,212500.0,11275170204310.877,7381540.340531045,1.0792362559186586e-09,0,0,1,0.0,0.0,0
41,245000000.0,0,1478125.0,2635111.8432044866,0,11.976770562822624,42.352150764810276,0,0.0,570548.0809231502,104089592668.10876,190625.0,10408959266810.877,7381540.340531045,1.0792362559186586e-09,0,0,1,0.0,0.0,0
42,245000000.0,0,1487500.0,2650561.6981122694,0,8.42343047846371,43.34363453140746,0,0.0,570548.0809231502,108855217668.10876,203125.0,10885521766810.877,7382939.752847878,1.5428511801474087e-09,0,0,1,0.0,0.0,0
43,245000000.0,0,1487500.0,2665922.2305205762,0,8.599545858510204,44.34363453140746,0,0.0,561173.0809231502,103943108293.10876,190625.0,10394310829310.877,7382939.752847878,1.5428511801474087e-09,0,0,1,0.0,0.0,0
44,245000000.0,0,1496875.0,2681196.4178460557,0,8.773887502644657,45.33522490194442,0,0.0,561173.0809231502,105134514543.10876,193750.0,10513451454310.877,7382939.752847878,1.5428511801474087e-09,0,0,1,0.0,0.0,0
45,245000000.0,0,1496875.0,2696387.138258136,0,8.95035594720399,46.33522490194442,0,0.0,558048.0809231502,103933342668.10876,190625.0,10393334266810.877,7382939.752847878,1.5428511801474087e-09,0,0,1,0.0,0.0,0
46,245000000.0,0,1506250.0,2711497.173987263,0,9.125067532339484,47.32691988721181,0,0.0,558048.0809231502,103933342668.10876,190625.0,10393334266810.877,7382939.752847878,1.5428511801474087e-09,0,0,1,0.0,0.0,0
47,245000000.0,0,1506250.0,2725332.319363675,0,9.302111349783928,48.32691988721181,0,0.0,558048.0809231502,103933342668.10876,190625.0,10393334266810.877,7382939.752847878,1.5428511801474087e-09,0,0,1,0.0,0.0,0
48,245000000.0,0,1515625.0,2738790.8773524356,0,9.477465937476236,49.318717547185365,0,0.0,558048.0809231502,103933342668.10876,190625.0,10393334266810.877,7382939.752847878,1.5428511801474087e-09,0,0,1,0.0,0.0,0
49,245000000.0,0,1515625.0,2752132.76113268,0,9.654840208161202,50.318717547185365,0,0.0,558048.0809231502,103933342668.10876,190625.0,10393334266810.877,7382939.752847878,1.5428511801474087e-09,0,0,1,0.0,0.0,0
50,245000000.0,0,1525000.0,2765361.859844692,0,9.830488164515774,51.31061598951507,0,0.0,558048.0809231502,103933342668.10876,190625.0,10393334266810.877,7382939.752847878,1.5428511801474087e-09,0,0,1,0.0,0.0,0
51,245000000.0,0,1525000.0,2778481.9329907475,0,10.008110858356819,52.31061598951507,0,0.0,558048.0809231502,103933342668.10876,190625.0,10393334266810.877,7382939.752847878,1.5428511801474087e-09,0,0,1,0.0,0.0,0
52,245000000.0,0,1534375.0,2791496.6147563774,0,10.184027296824365,53.30261336806969,0,0.0,558048.0809231502,103933342668.10876,190625.0,10393334266810.877,7382939.752847878,1.5428511801474087e-09,0,0,1,0.0,0.0,0
53,245000000.0,0,1534375.0,2805240.0508284215,0,5.543134295415325,54.30261336806969,0,0.0,550572.3871557231,101139120416.5815,190625.0,10113912041658.15,7412842.527917586,2.4086901362352364e-09,0,0,1,0.0,0.0,0
54,245000000.0,0,1543750.0,2818158.3994846162,0,5.62798775430609,55.29470788153423,0,0.0,550572.3871557231,101139120416.5815,190625.0,10113912041658.15,7412842.527917586,2.4086901362352364e-09,0,0,1,0.0,0.0,0
55,245000000.0,0,1543750.0,2830079.2308129957,0,5.7148969132881335,56.29470788153423,0,0.0,550572.3871557231,101139120416.5815,190625.0,10113912041658.15,7412842.527917586,2.4086901362352364e-09,0,0,1,0.0,0.0,0
56,245000000.0,0,1553125.0,2841873.4950256012,0,5.8001646774382625,57.28689777205823,0,0.0,550572.3871557231,101139120416.5815,190625.0,10113912041658.15,7412842.527917586,1.904830071453034e-09,0,0,1,0.0,0.0,0
57,245000000.0,0,1553125.0,2853545.4110262897,0,5.887265771174994,58.28689777205823,0,0.0,550572.3871557231,101139120416.5815,190625.0,10113912041658.15,7412842.527917586,1.904830071453034e-09,0,0,1,0.0,0.0,0
58,245000000.0,0,1562500.0,2865099.0570887933,0,5.972758153998874,59.27918132395267,0,0.0,550572.3871557231,101139120416.5815,190625.0,10113912041658.15,7412842.527917586,1.904830071453034e-09,0,0,1,0.0,0.0,0
59,245000000.0,0,1562500.0,2876538.375544384,0,6.060036178942394,60.27918132395267,0,0.0,550572.3871557231,101139120416.5815,190625.0,10113912041658.15,7412842.527917586,1.904830071453034e-09,0,0,1,0.0,0.0,0
60,245000000.0,0,1571875.0,2887867.177313294,0,6.145737406975229,61.27155686243344,0,0.0,550572.3871557231,101139120416.5815,190625.0,10113912041658.15,7412842.527917586,1.904830071453034e-09,0,0,1,0.0,0.0,0
61,245000000.0,0,1571875.0,2899089.1462850776,0,6.233178988065288,62.27155686243344,0,0.0,550572.3871557231,101139120416.5815,190625.0,10113912041658.15,7412842.527917586,1.904830071453034e-09,0,0,1,0.0,0.0,0
62,245000000.0,0,1581250.0,2910207.843552973,0,6.319074889395028,63.264022752409545,0,0.0,550572.3871557231,101139120416.5815,190625.0,10113912041658.15,7412842.527917586,1.904830071453034e-09,0,0,1,0.0,0.0,0
63,245000000.0,0,1581250.0,2921226.71150711,0,6.406668052957425,64.26402275240955,0,0.0,550572.3871557231,101139120416.5815,190625.0,10113912041658.15,7412842.527917586,2.3704913587607734e-09,0,0,1,0.0,0.0,0
64,245000000.0,0,1590625.0,2932151.3813158767,0,6.674563318653886,65.25657739731406,0,0.0,550572.3871557231,101139120416.5815,190625.0,10113912041658.15,7412953.097098227,1.5659225027775392e-09,0,0,1,0.0,0.0,0
65,245000000.0,0,1590625.0,2943143.92698422,0,6.5804584062055405,66.25657739731406,0,0.0,550572.3871557231,101139120416.5815,190625.0,10113912041658.15,7420688.815844368,1.912439984153025e-09,0,0,1,0.0,0.0,0
66,245000000.0,0,1600000.0,2954046.2972031836,0,6.666686658070412,67.24921923797626,0,0.0,550572.3871557231,101139120416.5815,190625.0,10113912041658.15,7420688.815844368,1.912439984153025e-09,0,0,1,0.0,0.0,0
67,245000000.0,0,1600000.0,2964861.4978210796,0,6.754532726350377,68.24921923797626,0,0.0,550572.3871557231,101139120416.5815,190625.0,10113912041658.15,7420688.815844368,1.912439984153025e-09,0,0,1,0.0,0.0,0
68,245000000.0,0,1609375.0,2975592.4344912777,0,6.840922383846216,69.24194675153302,0,0.0,550572.3871557231,101139120416.5815,190625.0,10113912041658.15,7420688.815844368,1.912439984153025e-09,0,0,1,0.0,0.0,0
69,245000000.0,0,1609375.0,2986457.2073201113,0,6.928841657433952,70.24194675153302,0,0.0,550572.3871557231,101139120416.5815,190625.0,10113912041658.15,7431022.798632175,1.5959358279360458e-09,0,0,1,0.0,0.0,0
70,245000000.0,0,1618750.0,2998223.197649351,0,7.015231340255699,71.23475845037814,0,0.0,550572.3871557231,101139120416.5815,190625.0,10113912041658.15,7478060.757585701,1.7441834643250331e-09,0,0,1,0.0,0.0,0
71,245000000.0,0,1618750.0,3009913.0726667237,0,7.103171507681481,72.23475845037814,0,0.0,550572.3871557231,101139120416.5815,190625.0,10113912041658.15,7478060.757585701,1.7441834643250331e-09,0,0,1,0.0,0.0,0
72,245000000.0,0,1628125.0,3021529.3695492903,0,7.189715971206109,73.22765288114786,0,0.0,550572.3871557231,101139120416.5815,190625.0,10113912041658.15,7478060.757585701,1.7441834643250331e-09,0,0,1,0.0,0.0,0
73,245000000.0,0,1628125.0,3033074.540901546,0,7.277775948797421,74.22765288114786,0,0.0,550572.3871557231,101139120416.5815,190625.0,10113912041658.15,7478060.757585701,1.7441834643250331e-09,0,0,1,0.0,0.0,0
74,245000000.0,0,1637500.0,3044550.9575745,0,7.364465978606213,75.22062862374122,0,0.0,550572.3871557231,101139120416.5815,190625.0,10113912041658.15,7478060.757585701,1.7441834643250331e-09,0,0,1,0.0,0.0,0
75,245000000.0,0,1637500.0,3055960.9113907972,0,7.452638016502082,76.22062862374122,0,0.0,550572.3871557231,101139120416.5815,190625.0,10113912041658.15,7478060.757585701,1.7441834643250331e-09,0,0,1,0.0,0.0,0
76,245000000.0,0,1646875.0,3067401.6257216325,0,7.539445268200401,77.21368429037396,0,0.0,550572.3871557231,101139120416.5815,190625.0,10113912041658.15,7482621.138832479,1.7005277186399326e-09,0,0,1,0.0,0.0,0
77,245000000.0,0,1646875.0,3080499.105958608,0,7.626831784681997,78.21368429037396,0,0.0,550572.3871557231,101139120416.5815,190625.0,10113912041658.15,7541948.396638758,1.9208528101444244e-09,0,0,1,0.0,0.0,0
78,245000000.0,0,1656250.0,3093536.550543323,0,7.712923180256722,79.20681852466436,0,0.0,550572.3871557231,101139120416.5815,190625.0,10113912041658.15,7541948.396638758,1.9208528101444244e-09,0,0,1,0.0,0.0,0
79,245000000.0,0,1656250.0,3106579.3708146494,0,7.800430523644504,80.20681852466436,0,0.0,550572.3871557231,101139120416.5815,190625.0,10113912041658.15,7544231.162055434,1.255102688446641e-09,0,0,1,0.0,0.0,0
80,245000000.0,0,1665625.0,3119566.091104253,0,7.886665967281135,81.20003000075002,0,0.0,550572.3871557231,101139120416.5815,190625.0,10113912041658.15,7544231.162055434,1.255102688446641e-09,0,0,1,0.0,0.0,0
81,245000000.0,0,1665625.0,3132498.581411524,0,7.974314724663659,82.20003000075002,0,0.0,550572.3871557231,101139120416.5815,190625.0,10113912041658.15,7544231.162055434,1.255102688446641e-09,0,0,1,0.0,0.0,0
82,245000000.0,0,1675000.0,3145378.6494025406,0,8.06071292531952,83.19331742243436,0,0.0,550572.3871557231,101139120416.5815,190625.0,10113912041658.15,7544231.162055434,1.4551915228366852e-09,0,0,1,0.0,0.0,0
83,245000000.0,0,1675000.0,3158208.042487845,0,8.148494240950017,84.19331742243436,0,0.0,550572.3871557231,101139120416.5815,190625.0,10113912041658.15,7544231.162055434,1.6880221664905548e-09,0,0,1,0.0,0.0,0
84,245000000.0,0,1684375.0,3170988.4498309586,0,8.235045870075362,85.18667952236149,0,0.0,550572.3871557231,101139120416.5815,190625.0,10113912041658.15,7544231.162055434,1.6880221664905548e-09,0,0,1,0.0,0.0,0
85,245000000.0,0,1684375.0,3183721.5042899568,0,8.322951621069244,86.18667952236149,0,0.0,550572.3871557231,101139120416.5815,190625.0,10113912041658.15,7544231.162055434,1.6880221664905548e-09,0,0,1,0.0,0.0,0
86,245000000.0,0,1693750.0,3196408.7842943096,0,8.409648084053252,87.18011506121847,0,0.0,550572.3871557231,101139120416.5815,190625.0,10113912041658.15,7544231.162055434,1.6880221664905548e-09,0,0,1,0.0,0.0,0
87,245000000.0,0,1693750.0,3210635.661139697,0,8.497220491036156,88.18011506121847,0,0.0,531566.2413894231,94779853799.01639,190625.0,9477985379901.639,7620255.745120633,1.3460521586239338e-09,0,0,1,0.0,0.0,0
88,245000000.0,0,1703125.0,3224819.764300243,0,8.58362440504578,89.17362282696398,0,0.0,531566.2413894231,94779853799.01639,190625.0,9477985379901.639,7620255.745120633,1.3460521586239338e-09,0,0,1,0.0,0.0,0
89,245000000.0,0,1703125.0,3238962.5195654426,0,8.6713389648406,90.17362282696398,0,0.0,531566.2413894231,94779853799.01639,190625.0,9477985379901.639,7620255.745120633,1.3460521586239338e-09,0,0,1,0.0,0.0,0
90,245000000.0,0,1712500.0,3253065.3051984734,0,8.757908461164835,91.16720163408229,0,0.0,531566.2413894231,94779853799.01639,190625.0,9477985379901.639,7620255.745120633,1.3460521586239338e-09,0,0,1,0.0,0.0,0
91,245000000.0,0,1712500.0,3267129.4535204084,0,8.8457560622006,92.16720163408229,0,0.0,531566.2413894231,94779853799.01639,190625.0,9477985379901.639,7620255.745120633,1.979060471057892e-09,0,0,1,0.0,0.0,0
92,245000000.0,0,1718750.0,3281156.252441618,0,8.932481105475677,93.16085032286149,0,0.0,531566.2413894231,94779853799.01639,190625.0,9477985379901.639,7620255.745120633,1.3460521586239338e-09,0,0,1,0.0,0.0,0
93,245000000.0,0,1718750.0,3295146.946942126,0,9.020453409138,94.16085032286149,0,0.0,531566.2413894231,94779853799.01639,190625.0,9477985379901.639,7620255.745120633,1.3460521586239338e-09,0,0,1,0.0,0.0,0
94,245000000.0,0,1718750.0,3309102.7405026224,0,9.107324797163832,95.15456775869534,0,0.0,531566.2413894231,94779853799.01639,190625.0,9477985379901.639,7620255.745120633,1.3460521586239338e-09,0,0,1,0.0,0.0,0
95,245000000.0,0,1718750.0,3324038.1861933805,0,9.195181978398072,96.15456775869534,0,0.0,519405.56492213183,91090022505.978,190625.0,9109002250597.799,7668898.450989799,1.4624674804508686e-09,0,0,1,0.0,0.0,0
96,245000000.0,0,1718750.0,3338984.3852673974,0,9.281963748116649,97.14835283140745,0,0.0,518891.26435671863,90940490533.67783,190625.0,9094049053367.783,7670980.036882191,2.2519088815897703e-09,0,0,1,0.0,0.0,0
97,245000000.0,0,1718750.0,3353899.058453858,0,9.369945513800728,98.14835283140745,0,0.0,518891.26435671863,90940490533.67783,190625.0,9094049053367.783,7670980.036992253,1.520675141364336e-09,0,0,1,0.0,0.0,0
98,245000000.0,0,1718750.0,3368783.2566134636,0,9.456883076537226,99.14220445459738,0,0.0,518891.26435671863,90940490533.67783,190625.0,9094049053367.783,7670980.036992253,1.4879333321005106e-09,0,0,1,0.0,0.0,0
99,245000000.0,0,1718750.0,3383637.995580443,0,9.544990225298674,100.14220445459738,0,0.0,518891.26435671863,90940490533.67783,190625.0,9094049053367.783,7670980.036992253,1.4879333321005106e-09,0,0,1,0.0,0.0,0
100,245000000.0,0,1718750.0,3398464.2573278826,0,9.632073323695876,101.13612156500746,0,0.0,518891.26435671863,90940490533.67783,190625.0,9094049053367.783,7670980.036992253,1.4879333321005106e-09,0,0,1,0.0,0.0,0
101,245000000.0,0,1718750.0,3413262.991096435,0,9.720297397944915,102.13612156500746,0,0.0,518891.26435671863,90940490533.67783,190625.0,9094049053367.783,7670980.036992253,1.4879333321005106e-09,0,0,1,0.0,0.0,0
102,245000000.0,0,1718750.0,3428035.114485396,0,9.80751674162189,103.13010312190987,0,0.0,518891.26435671863,90940490533.67783,190625.0,9094049053367.783,7670980.036992253,1.4879333321005106e-09,0,0,1,0.0,0.0,0
103,245000000.0,0,1718750.0,3442781.5145074194,0,9.895850070555541,104.13010312190987,0,0.0,518891.26435671863,90940490533.67783,190625.0,9094049053367.783,7670980.036992253,1.4879333321005106e-09,0,0,1,0.0,0.0,0
104,245000000.0,0,1718750.0,3459779.4828148736,0,9.982676094139878,105.12414810651303,0,0.0,509663.65398805053,87645578452.38167,190625.0,8764557845238.167,7767945.398427318,2.1136656869202852e-09,0,0,1,0.0,0.0,0
105,245000000.0,0,1718750.0,3476753.414064999,0,10.070604057236338,106.12414810651303,0,0.0,509663.65398805053,87645578452.38167,190625.0,8764557845238.167,7767945.398427318,2.1136656869202852e-09,0,0,1,0.0,0.0,0
106,245000000.0,0,1718750.0,3493704.1094930423,0,10.157585356822928,107.11825552138664,0,0.0,509663.65398805053,87645578452.38167,190625.0,8764557845238.167,7767945.398427318,2.1136656869202852e-09,0,0,1,0.0,0.0,0
107,245000000.0,0,1718750.0,3510632.343626404,0,10.245637637252775,108.11825552138664,0,0.0,509663.65398805053,87645578452.38167,190625.0,8764557845238.167,7767945.398427318,2.1136656869202852e-09,0,0,1,0.0,0.0,0
108,245000000.0,0,1718750.0,3527538.8651749073,0,10.332764659443235,109.11242438990475,0,0.0,509663.65398805053,87645578452.38167,190625.0,8764557845238.167,7767945.398427318,2.1136656869202852e-09,0,0,1,0.0,0.0,0
109,245000000.0,0,1718750.0,3544424.3978913818,0,10.42093350600402,110.11242438990475,0,0.0,509663.65398805053,87645578452.38167,190625.0,8764557845238.167,7767945.398427318,2.1136656869202852e-09,0,0,1,0.0,0.0,0
110,245000000.0,0,1718750.0,3561289.6414035615,0,10.508197497248746,111.10665375570619,0,0.0,509663.65398805053,87645578452.38167,190625.0,8764557845238.167,7767945.398427318,2.1136656869202852e-09,0,0,1,0.0,0.0,0
111,245000000.0,0,1718750.0,3578135.272018254,0,10.596475801392797,112.10665375570619,0,0.0,509663.65398805053,87645578452.38167,190625.0,8764557845238.167,7767945.398427318,2.1136656869202852e-09,0,0,1,0.0,0.0,0
112,245000000.0,0,1718750.0,3594961.943498712,0,10.683868723353433,113.1009426821716,0,0.0,509663.65398805053,87645578452.38167,190625.0,8764557845238.167,7767945.398427318,2.1136656869202852e-09,0,0,1,0.0,0.0,0
113,245000000.0,0,1718750.0,3611770.2878160756,0,10.772249952272546,114.1009426821716,0,0.0,509663.65398805053,87645578452.38167,190625.0,8764557845238.167,7767945.398427318,2.1136656869202852e-09,0,0,1,0.0,0.0,0
114,245000000.0,0,1718750.0,3628560.915875781,0,10.859764408038096,115.09529025191677,0,0.0,509663.65398805053,87645578452.38167,190625.0,8764557845238.167,7767945.398427318,2.1136656869202852e-09,0,0,1,0.0,0.0,0
115,245000000.0,0,1718750.0,3645334.4182197484,0,10.948242546182371,116.09529025191677,0,0.0,509663.65398805053,87645578452.38167,190625.0,8764557845238.167,7767945.398427318,2.1136656869202852e-09,0,0,1,0.0,0.0,0
116,245000000.0,0,1718750.0,3662091.365705173,0,11.035871715704296,117.08969556630116,0,0.0,509663.65398805053,87645578452.38167,190625.0,8764557845238.167,7767945.398427318,2.1136656869202852e-09,0,0,1,0.0,0.0,0
117,245000000.0,0,1718750.0,3678832.3101606695,0,11.124441213486,118.08969556630116,0,0.0,509663.65398805053,87645578452.38167,190625.0,8764557845238.167,7767945.398427318,2.1136656869202852e-09,0,0,1,0.0,0.0,0
118,245000000.0,0,1718750.0,3695557.7850205703,0,11.212178796879625,119.0841577449519,0,0.0,509663.65398805053,87645578452.38167,190625.0,8764557845238.167,7767945.398427318,2.1136656869202852e-09,0,0,1,0.0,0.0,0
119,245000000.0,0,1718750.0,3712268.3059380623,0,11.300834525524955,120.0841577449519,0,0.0,509663.65398805053,87645578452.38167,190625.0,8764557845238.167,7767945.398427318,2.1136656869202852e-09,0,0,1,0.0,0.0,0
120,245000000.0,0,1718750.0,3728964.371377892,0,11.388674693111703,121.0786759253017,0,0.0,509663.65398805053,87645578452.38167,190625.0,8764557845238.167,7767945.398427318,2.1136656869202852e-09,0,0,1,0.0,0.0,0
121,245000000.0,0,1718750.0,3745646.463189313,0,11.477411904794932,122.0786759253017,0,0.0,509663.65398805053,87645578452.38167,190625.0,8764557845238.167,7767945.398427318,2.1136656869202852e-09,0,0,1,0.0,0.0,0
122,245000000.0,0,1718750.0,3762336.903238917,0,11.565343884040333,123.07324926214113,0,0.0,509466.9492772798,87577194711.36157,190625.0,8757719471136.157,7768732.2172704,1.7644197214394808e-09,0,0,1,0.0,0.0,0
123,245000000.0,0,1718750.0,3779014.2857090863,0,11.65415294611933,124.07324926214113,0,0.0,509466.9492772798,87577194711.36157,190625.0,8757719471136.157,7768732.2172704,1.7644197214394808e-09,0,0,1,0.0,0.0,0
124,245000000.0,0,1718750.0,3795679.0458524697,0,11.742177474058355,125.06787692718414,0,0.0,509466.9492772798,87577194711.36157,190625.0,8757719471136.157,7768732.2172704,1.7644197214394808e-09,0,0,1,0.0,0.0,0
125,245000000.0,0,1718750.0,3812331.6044132933,0,11.831059828618884,126.06787692718414,0,0.0,509466.9492772798,87577194711.36157,190625.0,8757719471136.157,7768732.2172704,1.7644197214394808e-09,0,0,1,0.0,0.0,0
126,245000000.0,0,1718750.0,3828972.368110977,0,11.919172212131743,127.06255810864657,0,0.0,509466.9492772798,87577194711.36157,190625.0,8757719471136.157,7768732.2172704,1.7644197214394808e-09,0,0,1,0.0,0.0,0
127,245000000.0,0,1718750.0,3846247.913735595,0,12.008060272475369,128.06255810864656,0,0.0,501712.7457416273,85386789524.29512,190625.0,8538678952429.512,7799749.03141301,2.521119313314557e-09,0,0,1,0.0,0.0,0
128,245000000.0,0,1718750.0,3863512.4377158764,0,12.096195505555562,129.05729201083724,0,0.0,501712.7457416273,85386789524.29512,190625.0,8538678952429.512,7799749.03141301,2.521119313314557e-09,0,0,1,0.0,0.0,0
129,245000000.0,0,1718750.0,3880766.307439969,0,12.185154852803429,130.05729201083724,0,0.0,501712.7457416273,85386789524.29512,190625.0,8538678952429.512,7799749.03141301,2.064552973024547e-09,0,0,1,0.0,0.0,0
130,245000000.0,0,1718750.0,3898009.878049743,0,12.273375049913462,131.05207785376118,0,0.0,501712.7457416273,85386789524.29512,190625.0,8538678952429.512,7799749.03141301,2.064552973024547e-09,0,0,1,0.0,0.0,0
131,245000000.0,0,1718750.0,3915243.4928490096,0,12.36240185048062,132.05207785376118,0,0.0,501712.7457416273,85386789524.29512,190625.0,8538678952429.512,7799749.03141301,2.064552973024547e-09,0,0,1,0.0,0.0,0
132,245000000.0,0,1718750.0,3932467.4836981203,0,12.450702664950295,133.04691487273442,0,0.0,501712.7457416273,85386789524.29512,190625.0,8538678952429.512,7799749.03141301,2.064552973024547e-09,0,0,1,0.0,0.0,0
133,245000000.0,0,1718750.0,3950620.8996740654,0,12.539718056545157,134.04691487273442,0,0.0,501712.7457416273,85386789524.29512,190625.0,8538678952429.512,7844807.988788351,1.191438059322536e-09,0,0,1,0.0,0.0,0
134,245000000.0,0,1718750.0,3968765.3226032546,0,12.62802285101161,135.04180231801016,0,0.0,501712.7457416273,85386789524.29512,190625.0,8538678952429.512,7844807.988788351,1.191438059322536e-09,0,0,1,0.0,0.0,0
135,245000000.0,0,1718750.0,3986901.0522539085,0,12.717104142754794,136.04180231801016,0,0.0,501712.7457416273,85386789524.29512,190625.0,8538678952429.512,7844807.988788351,1.191438059322536e-09,0,0,1,0.0,0.0,0
136,245000000.0,0,1718750.0,4005028.378401984,0,12.805486852948421,137.03673945441585,0,0.0,501712.7457416273,85386789524.29512,190625.0,8538678952429.512,7844807.988788351,1.191438059322536e-09,0,0,1,0.0,0.0,0
137,245000000.0,0,1718750.0,4023563.741917175,0,12.894599827240215,138.03673945441585,0,0.0,501712.7457416273,85386789524.29512,190625.0,8538678952429.512,7864783.704929775,1.191438059322536e-09,0,0,1,0.0,0.0,0
138,245000000.0,0,1718750.0,4042091.2528260667,0,12.983027066898716,139.03172556100077,0,0.0,501712.7457416273,85386789524.29512,190625.0,8538678952429.512,7864783.704929775,1.191438059322536e-09,0,0,1,0.0,0.0,0
139,245000000.0,0,1718750.0,4060611.1728821993,0,13.072201634679333,140.03172556100077,0,0.0,501712.7457416273,85386789524.29512,190625.0,8538678952429.512,7864783.704929775,1.191438059322536e-09,0,0,1,0.0,0.0,0
140,245000000.0,0,1718750.0,4079123.755114,0,13.160701581341964,141.02675993069371,0,0.0,501712.7457416273,85386789524.29512,190625.0,8538678952429.512,7864783.704929775,1.191438059322536e-09,0,0,1,0.0,0.0,0
141,245000000.0,0,1718750.0,4097629.2441156125,0,13.24993451612704,142.02675993069371,0,0.0,501712.7457416273,85386789524.29512,190625.0,8538678952429.512,7864783.704929775,1.191438059322536e-09,0,0,1,0.0,0.0,0
142,245000000.0,0,1718750.0,4114766.157001915,0,13.33860961828879,143.02184186997061,0,0.0,501712.7457416273,85386789524.29512,190625.0,8538678952429.512,7864783.704929775,2.1227606339380145e-09,0,0,1,0.0,0.0,0
143,245000000.0,0,1718750.0,4131732.2649466414,0,13.428015275488683,144.02184186997061,0,0.0,501712.7457416273,85386789524.29512,190625.0,8538678952429.512,7864783.704929775,2.1227606339380145e-09,0,0,1,0.0,0.0,0
144,245000000.0,0,1718750.0,4148689.6299872356,0,13.516766162683728,145.01697069853174,0,0.0,501712.7457416273,85386789524.29512,190625.0,8538678952429.512,7864783.704929775,9.440555004402995e-10,0,0,1,0.0,0.0,0
145,245000000.0,0,1718750.0,4165638.543553844,0,13.606221755458366,146.01697069853174,0,0.0,501712.7457416273,85386789524.29512,190625.0,8538678952429.512,7864783.704929775,9.440555004402995e-10,0,0,1,0.0,0.0,0
146,245000000.0,0,1718750.0,4182579.2873622603,0,13.695032723483903,147.01214574898785,0,0.0,501712.7457416273,85386789524.29512,190625.0,8538678952429.512,7864783.704929775,9.440555004402995e-10,0,0,1,0.0,0.0,0
147,245000000.0,0,1718750.0,4199512.13373776,0,13.784535733164857,148.01214574898785,0,0.0,501712.7457416273,85386789524.29512,190625.0,8538678952429.512,7864783.704929775,9.258656064048409e-10,0,0,1,0.0,0.0,0
148,245000000.0,0,1718750.0,4216437.3459281055,0,13.87340395702567,149.00736636655543,0,0.0,501712.7457416273,85386789524.29512,190625.0,8538678952429.512,7864783.704929775,9.258656064048409e-10,0,0,1,0.0,0.0,0
149,245000000.0,0,1718750.0,4233355.178406136,0,13.962952034486522,150.00736636655543,0,0.0,501712.7457416273,85386789524.29512,190625.0,8538678952429.512,7864783.704929775,9.258656064048409e-10,0,0,1,0.0,0.0,0
150,245000000.0,0,1718750.0,4250342.113696937,0,14.05187053867744,151.0026319087605,0,0.0,501712.7457416273,85386789524.29512,190625.0,8538678952429.512,7868443.058594103,1.6825651982799172e-09,0,0,1,0.0,0.0,0
151,245000000.0,0,1718750.0,4267322.153056562,0,14.141457317169325,152.0026319087605,0,0.0,501712.7457416273,85386789524.29512,190625.0,8538678952429.512,7868443.058594103,1.6825651982799172e-09,0,0,1,0.0,0.0,0
152,245000000.0,0,1718750.0,4284295.526349388,0,14.230428281086585,152.99794174515063,0,0.0,501712.7457416273,85386789524.29512,190625.0,8538678952429.512,7868443.058594103,1.6825651982799172e-09,0,0,1,0.0,0.0,0
153,245000000.0,0,1718750.0,4301262.455777635,0,14.320056185729806,153.99794174515063,0,0.0,501712.7457416273,85386789524.29512,190625.0,8538678952429.512,7868443.058594103,1.6825651982799172e-09,0,0,1,0.0,0.0,0
154,245000000.0,0,1718750.0,4318223.156136798,0,14.40907726708806,154.99329525701515,0,0.0,501712.7457416273,85386789524.29512,190625.0,8538678952429.512,7868443.058594103,1.6825651982799172e-09,0,0,1,0.0,0.0,0
155,245000000.0,0,1718750.0,4335177.835062504,0,14.49874435305859,155.99329525701515,0,0.0,501712.7457416273,85386789524.29512,190625.0,8538678952429.512,7868443.058594103,1.6825651982799172e-09,0,0,1,0.0,0.0,0
156,245000000.0,0,1718750.0,4352126.693269206,0,14.587813354914994,156.988691837113,0,0.0,501712.7457416273,85386789524.29512,190625.0,8538678952429.512,7868443.058594103,1.6825651982799172e-09,0,0,1,0.0,0.0,0
157,245000000.0,0,1718750.0,4369069.924780872,0,14.677517800163129,157.988691837113,0,0.0,501712.7457416273,85386789524.29512,190625.0,8538678952429.512,7868443.058594103,1.6825651982799172e-09,0,0,1,0.0,0.0,0
158,245000000.0,0,1718750.0,4385111.721831224,0,14.766702071997729,158.98413088940828,0,0.0,501712.7457416273,85386789524.29512,190625.0,8538678952429.512,7868443.058594103,1.6825651982799172e-09,0,0,1,0.0,0.0,0
159,245000000.0,0,1718750.0,4400576.118365348,0,14.856554800619033,159.98413088940828,0,0.0,501712.7457416273,85386789524.29512,190625.0,8538678952429.512,7868443.058594103,1.6825651982799172e-09,0,0,1,0.0,0.0,0
160,245000000.0,0,1718750.0,4416034.074547166,0,14.945824967271705,160.97961182881284,0,0.0,501712.7457416273,85386789524.29512,190625.0,8538678952429.512,7868443.058594103,1.6825651982799172e-09,0,0,1,0.0,0.0,0
161,245000000.0,0,1718750.0,4431485.805055092,0,15.035709273896703,161.97961182881284,0,0.0,501712.7457416273,85386789524.29512,190625.0,8538678952429.512,7868443.058594103,1.6825651982799172e-09,0,0,1,0.0,0.0,0
162,245000000.0,0,1718750.0,4446931.532859309,0,15.125019103315196,162.97513408093613,0,0.0,501712.7457416273,85386789524.29512,190625.0,8538678952429.512,7868443.614712162,2.0609149942174554e-09,0,0,1,0.0,0.0,0
163,245000000.0,0,1718750.0,4462371.443117144,0,15.214933555903578,163.97513408093613,0,0.0,501712.7457416273,85386789524.29512,190625.0,8538678952429.512,7868443.614712162,2.0609149942174554e-09,0,0,1,0.0,0.0,0
164,245000000.0,0,1718750.0,4478664.152059892,0,15.304241607818415,164.9706970818419,0,0.0,491411.67798460275,82662935436.61473,190625.0,8266293543661.473,7909647.88574026,2.0609149942174554e-09,0,0,1,0.0,0.0,0
165,245000000.0,0,1718750.0,4494951.424828742,0,15.394146403239416,165.9706970818419,0,0.0,491411.67798460275,82662935436.61473,190625.0,8266293543661.473,7909647.88574026,2.0609149942174554e-09,0,0,1,0.0,0.0,0
166,245000000.0,0,1718750.0,4511233.442629492,0,15.483493863846064,166.96630027781134,0,0.0,491411.67798460275,82662935436.61473,190625.0,8266293543661.473,7909647.88574026,2.0609149942174554e-09,0,0,1,0.0,0.0,0
167,245000000.0,0,1718750.0,4527510.691598533,0,15.573428818615556,167.96630027781134,0,0.0,491411.67798460275,82662935436.61473,190625.0,8266293543661.473,7909670.275637298,2.6175257517024875e-09,0,0,1,0.0,0.0,0
168,245000000.0,0,1718750.0,4543783.03009183,0,15.662813993064704,168.96194312511273,0,0.0,491411.67798460275,82662935436.61473,190625.0,8266293543661.473,7909670.275637298,2.333763404749334e-09,0,0,1,0.0,0.0,0
169,245000000.0,0,1718750.0,4560050.621792486,0,15.752777713517833,169.96194312511273,0,0.0,491411.67798460275,82662935436.61473,190625.0,8266293543661.473,7909670.275679591,1.8590071704238653e-09,0,0,1,0.0,0.0,0
170,245000000.0,0,1718750.0,4576313.624926364,0,15.842199010315744,170.95762508977737,0,0.0,491411.67798460275,82662935436.61473,190625.0,8266293543661.473,7909670.275679591,2.3246684577316046e-09,0,0,1,0.0,0.0,0
171,245000000.0,0,1718750.0,4592572.192445683,0,15.932190189603137,171.95762508977737,0,0.0,491411.67798460275,82662935436.61473,190625.0,8266293543661.473,7909670.275679591,2.3246684577316046e-09,0,0,1,0.0,0.0,0
172,245000000.0,0,1718750.0,4608826.472204264,0,16.021646112538445,172.95334564738127,0,0.0,491411.67798460275,82662935436.61473,190625.0,8266293543661.473,7909670.275679591,2.3246684577316046e-09,0,0,1,0.0,0.0,0
173,245000000.0,0,1718750.0,4625076.607127466,0,16.111663523828636,173.95334564738127,0,0.0,491411.67798460275,82662935436.61473,190625.0,8266293543661.473,7909670.275679591,2.3246684577316046e-09,0,0,1,0.0,0.0,0
174,245000000.0,0,1718750.0,4641322.735376467,0,16.20115266466655,174.94910428283308,0,0.0,491411.67798460275,82662935436.61473,190625.0,8266293543661.473,7909670.275679591,2.3246684577316046e-09,0,0,1,0.0,0.0,0
175,245000000.0,0,1718750.0,4657564.990507075,0,16.291195154991215,175.94910428283308,0,0.0,491411.67798460275,82662935436.61473,190625.0,8266293543661.473,7909670.275679591,2.3246684577316046e-09,0,0,1,0.0,0.0,0
176,245000000.0,0,1718750.0,4674036.619263285,0,16.380716186848993,176.94490049016713,0,0.0,491411.67798460275,82662935436.61473,190625.0,8266293543661.473,7926454.745763361,1.9717845134437084e-09,0,0,1,0.0,0.0,0
177,245000000.0,0,1718750.0,4690504.628805532,0,16.470782671519604,177.94490049016713,0,0.0,491411.67798460275,82662935436.61473,190625.0,8266293543661.473,7926454.745763361,1.9717845134437084e-09,0,0,1,0.0,0.0,0
178,245000000.0,0,1718750.0,4706969.139774277,0,16.56033434284853,178.94073377234244,0,0.0,491411.67798460275,82662935436.61473,190625.0,8266293543661.473,7926454.745763361,1.4115357771515846e-09,0,0,1,0.0,0.0,0
179,245000000.0,0,1718750.0,4723438.1800801195,0,16.650423800264374,179.94073377234244,0,0.0,491411.67798460275,82662935436.61473,190625.0,8266293543661.473,7927024.277796748,2.824890543706715e-09,0,0,1,0.0,0.0,0
180,245000000.0,0,1718750.0,4741172.369777394,0,16.739961304499307,180.93660364104664,0,0.0,476190.6546165657,79026597180.09706,190625.0,7902659718009.706,7987908.371268896,2.359229256398976e-09,0,0,1,0.0,0.0,0
181,245000000.0,0,1718750.0,4759663.85724755,0,16.829963090605506,181.93660364104664,0,0.0,476190.6546165657,79026597180.09706,190625.0,7902659718009.706,8015284.860038107,4.672983777709305e-09,0,0,1,0.0,0.0,0
182,245000000.0,0,1718750.0,4778152.28981084,0,16.919466297683382,182.93250961650543,0,0.0,476190.6546165657,79026597180.09706,190625.0,7902659718009.706,8015284.860038107,4.774847184307873e-09,0,0,1,0.0,0.0,0
183,245000000.0,0,1718750.0,4796637.769297485,0,17.009495422804058,183.93250961650543,0,0.0,476190.6546165657,79026597180.09706,190625.0,7902659718009.706,8015284.860038107,5.706169758923352e-09,0,0,1,0.0,0.0,0
184,245000000.0,0,1718750.0,4815120.394143382,0,17.09903211334798,184.92845122729648,0,0.0,476190.6546165657,79026597180.09706,190625.0,7902659718009.706,8015284.860038107,5.415131454356015e-09,0,0,1,0.0,0.0,0
185,245000000.0,0,1718750.0,4833600.259503216,0,17.18908730521149,185.92845122729648,0,0.0,476190.6546165657,79026597180.09706,190625.0,7902659718009.706,8015284.860038107,5.516994860954583e-09,0,0,1,0.0,0.0,0
186,245000000.0,0,1718750.0,4852077.45735986,0,17.278656062865362,186.9244280101687,0,0.0,476190.6546165657,79026597180.09706,190625.0,7902659718009.706,8015284.860038107,5.225956556387246e-09,0,0,1,0.0,0.0,0
187,245000000.0,0,1718750.0,4870552.076630084,0,17.368736129788733,187.9244280101687,0,0.0,476190.6546165657,79026597180.09706,190625.0,7902659718009.706,8015284.860038107,5.225956556387246e-09,0,0,1,0.0,0.0,0
188,245000000.0,0,1718750.0,4889024.203266771,0,17.458335624415586,188.92043950986596,0,0.0,476190.6546165657,79026597180.09706,190625.0,7902659718009.706,8015284.860038107,4.81122697237879e-09,0,0,1,0.0,0.0,0
189,245000000.0,0,1718750.0,4907229.156590109,0,17.548439448814534,189.92043950986596,0,0.0,476190.6546165657,79026597180.09706,190625.0,7902659718009.706,7996221.86877135,4.81122697237879e-09,0,0,1,0.0,0.0,0
190,245000000.0,0,1718750.0,4925431.780685887,0,17.638068429687678,190.9164852789552,0,0.0,476190.6546165657,79026597180.09706,190625.0,7902659718009.706,7996221.86877135,4.81122697237879e-09,0,0,1,0.0,0.0,0
191,245000000.0,0,1718750.0,4943632.153195024,0,17.72819496222396,191.9164852789552,0,0.0,476190.6546165657,79026597180.09706,190625.0,7902659718009.706,7996221.86877135,4.81122697237879e-09,0,0,1,0.0,0.0,0
192,245000000.0,0,1718750.0,4961830.349170402,0,17.81785225187876,192.91256487765926,0,0.0,476190.6546165657,79026597180.09706,190625.0,7902659718009.706,7996221.86877135,4.81122697237879e-09,0,0,1,0.0,0.0,0
193,245000000.0,0,1718750.0,4980026.441163153,0,17.908000506170858,193.91256487765926,0,0.0,476190.6546165657,79026597180.09706,190625.0,7902659718009.706,7996221.86877135,4.81122697237879e-09,0,0,1,0.0,0.0,0
194,245000000.0,0,1718750.0,4998220.499306027,0,17.997684994841094,194.90867787369376,0,0.0,476190.6546165657,79026597180.09706,190625.0,7902659718009.706,7996221.86877135,4.81122697237879e-09,0,0,1,0.0,0.0,0
195,245000000.0,0,1718750.0,5016412.591394023,0,18.08785404267407,195.90867787369376,0,0.0,476190.6546165657,79026597180.09706,190625.0,7902659718009.706,7996221.86877135,4.81122697237879e-09,0,0,1,0.0,0.0,0
196,245000000.0,0,1718750.0,5034602.753448067,0,18.177564683990173,196.90482384210824,0,0.0,476191.0087873715,79026676401.61832,190625.0,7902667640161.832,7996220.452088127,2.890374162234366e-09,0,0,1,0.0,0.0,0
197,245000000.0,0,1718750.0,5052791.078333054,0,18.267753651687457,197.90482384210824,0,0.0,476191.0087873715,79026676401.61832,190625.0,7902667640161.832,7996220.452088127,2.890374162234366e-09,0,0,1,0.0,0.0,0
198,245000000.0,0,1718750.0,5070977.627287949,0,18.357489455809993,198.9010023651312,0,0.0,476191.0087873715,79026676401.61832,190625.0,7902667640161.832,7996220.452088127,2.890374162234366e-09,0,0,1,0.0,0.0,0
199,245000000.0,0,1718750.0,5089162.45951042,0,18.447697518078193,199.9010023651312,0,0.0,476191.0087873715,79026676401.61832,190625.0,7902667640161.832,7996220.452088127,2.890374162234366e-09,0,0,1,0.0,0.0,0
200,245000000.0,0,1718750.0,5107399.3787952205,0,18.53745614869617,200.8972130320193,0,0.0,476191.0087873715,79026676401.61832,190625.0,7902667640161.832,7998800.287464119,4.418325261212885e-09,0,0,1,0.0,0.0,0
201,245000000.0,0,1718750.0,5125634.693888944,0,18.62768116213995,201.8972130320193,0,0.0,476191.0087873715,79026676401.61832,190625.0,7902667640161.832,7998800.287464119,4.418325261212885e-09,0,0,1,0.0,0.0,0
202,245000000.0,0,1718750.0,5143868.458264633,0,18.717463206393077,202.89345543891,0,0.0,476191.0087873715,79026676401.61832,190625.0,7902667640161.832,7998800.287464119,4.418325261212885e-09,0,0,1,0.0,0.0,0
203,245000000.0,0,1718750.0,5162100.723612883,0,18.807705869869174,203.89345543891,0,0.0,476191.0087873715,79026676401.61832,190625.0,7902667640161.832,7998800.287464119,4.418325261212885e-09,0,0,1,0.0,0.0,0
204,245000000.0,0,1718750.0,5181099.796669134,0,18.897470761401863,204.8897291886782,0,0.0,476191.0087873715,79026676401.61832,190625.0,7902667640161.832,8032415.0074444935,2.6429916033521295e-09,0,0,1,0.0,0.0,0
205,245000000.0,0,1718750.0,5201146.137560674,0,18.987601939493707,205.8897291886782,0,0.0,466752.9914490167,75836513615.67976,190625.0,7583651361567.977,8070167.076797913,2.4392647901549935e-09,0,0,1,0.0,0.0,0
206,245000000.0,0,1718750.0,5221191.124386284,0,19.07730340594567,206.8860338907963,0,0.0,466752.9914490167,75836513615.67976,190625.0,7583651361567.977,8070167.076797913,2.4392647901549935e-09,0,0,1,0.0,0.0,0
207,245000000.0,0,1718750.0,5241234.802281494,0,19.167456684479074,207.8860338907963,0,0.0,466752.9914490167,75836513615.67976,190625.0,7583651361567.977,8070167.076797913,2.4392647901549935e-09,0,0,1,0.0,0.0,0
208,245000000.0,0,1718750.0,5261277.214877314,0,19.257185534915585,208.88236916119783,0,0.0,466752.9914490167,75836513615.67976,190625.0,7583651361567.977,8070167.076797913,2.4392647901549935e-09,0,0,1,0.0,0.0,0
209,245000000.0,0,1718750.0,5281318.404350393,0,19.347359979182038,209.88236916119783,0,0.0,466752.9914490167,75836513615.67976,190625.0,7583651361567.977,8070167.076797913,2.4392647901549935e-09,0,0,1,0.0,0.0,0
210,245000000.0,0,1718750.0,5303029.0430525215,0,19.437076846607088,210.87873462214412,0,0.0,466752.9914490167,75836513615.67976,190625.0,7583651361567.977,8150357.392687402,4.965841071680188e-10,0,0,1,0.0,0.0,0
211,245000000.0,0,1718750.0,5324738.538814402,0,19.52723435808004,211.87873462214412,0,0.0,466752.9914490167,75836513615.67976,190625.0,7583651361567.977,8150357.392687402,4.965841071680188e-10,0,0,1,0.0,0.0,0
212,245000000.0,0,1718750.0,5346446.92973404,0,19.616978663007345,212.87512990209484,0,0.0,466752.9914490167,75836513615.67976,190625.0,7583651361567.977,8150357.392687402,4.965841071680188e-10,0,0,1,0.0,0.0,0
213,245000000.0,0,1718750.0,5368154.252639509,0,19.70715768765521,213.87512990209484,0,0.0,466752.9914490167,75836513615.67976,190625.0,7583651361567.977,8150357.392687402,4.965841071680188e-10,0,0,1,0.0,0.0,0
214,245000000.0,0,1718750.0,5389860.5431312835,0,19.796928341162964,214.87155463558122,0,0.0,466752.9914490167,75836513615.67976,190625.0,7583651361567.977,8150357.392687402,4.965841071680188e-10,0,0,1,0.0,0.0,0
215,245000000.0,0,1718750.0,5411565.835491817,0,19.887127962476743,215.87155463558122,0,0.0,466752.9914490167,75836513615.67976,190625.0,7583651361567.977,8150357.386383244,9.040377335622907e-10,0,0,1,0.0,0.0,0
216,245000000.0,0,1718750.0,5433270.163119111,0,19.97692393563261,216.8680084630825,0,0.0,466752.9914490167,75836513615.67976,190625.0,7583651361567.977,8150357.386383244,9.040377335622907e-10,0,0,1,0.0,0.0,0
217,245000000.0,0,1718750.0,5454986.445333486,0,20.067143288583353,217.8680084630825,0,0.0,466752.9914490167,75836513615.67976,190625.0,7583651361567.977,8151285.262086909,4.0745362639427185e-10,0,0,1,0.0,0.0,0
218,245000000.0,0,1718750.0,5476121.952488248,0,20.156994226527615,218.86449103090555,0,0.0,466752.9914490167,75836513615.67976,190625.0,7583651361567.977,8151285.262086909,4.0745362639427185e-10,0,0,1,0.0,0.0,0
219,245000000.0,0,1718750.0,5495066.964315476,0,20.247347083615164,219.86449103090555,0,0.0,466752.9914490167,75836513615.67976,190625.0,7583651361567.977,8151285.262086909,4.0745362639427185e-10,0,0,1,0.0,0.0,0
220,245000000.0,0,1718750.0,5512156.176838754,0,20.33731635069138,220.8610019910671,0,0.0,466752.9914490167,75836513615.67976,190625.0,7583651361567.977,8151285.262086909,4.0745362639427185e-10,0,0,1,0.0,0.0,0
221,245000000.0,0,1718750.0,5530087.97690548,0,20.42768400158384,221.8610019910671,0,0.0,466752.9914490167,75836513615.67976,190625.0,7583651361567.977,8212004.62641238,4.0745362639427185e-10,0,0,1,0.0,0.0,0
222,245000000.0,0,1718750.0,5548018.070050137,0,20.517672210190497,222.85754100117913,0,0.0,466752.9914490167,75836513615.67976,190625.0,7583651361567.977,8212004.62641238,4.0745362639427185e-10,0,0,1,0.0,0.0,0
223,245000000.0,0,1718750.0,5565947.474545616,0,20.6080540686685,223.85754100117913,0,0.0,466752.9914490167,75836513615.67976,190625.0,7583651361567.977,8212004.62641238,4.0745362639427185e-10,0,0,1,0.0,0.0,0
224,245000000.0,0,1718750.0,5583875.28401725,0,20.698060545287863,224.85410772433673,0,0.0,466752.9914490167,75836513615.67976,190625.0,7583651361567.977,8212004.62641238,4.0745362639427185e-10,0,0,1,0.0,0.0,0
225,245000000.0,0,1718750.0,5601479.39989816,0,20.78845605577772,225.85410772433673,0,0.0,466752.9914490167,75836513615.67976,190625.0,7583651361567.977,8188745.0201967675,1.1496013030409813e-09,0,0,1,0.0,0.0,0
226,245000000.0,0,1718750.0,5619082.025317899,0,20.87848016062853,226.85070182900893,0,0.0,466752.9914490167,75836513615.67976,190625.0,7583651361567.977,8188745.0201967675,1.1496013030409813e-09,0,0,1,0.0,0.0,0
227,245000000.0,0,1718750.0,5636936.470218816,0,20.96888434474157,227.85070182900893,0,0.0,466752.9914490167,75836513615.67976,190625.0,7583651361567.977,8200861.218610693,2.8812792152166367e-09,0,0,1,0.0,0.0,0
228,245000000.0,0,1718750.0,5654789.522366573,0,21.058921146843932,228.84732298893184,0,0.0,466752.9914490167,75836513615.67976,190625.0,7583651361567.977,8200861.218610693,2.8812792152166367e-09,0,0,1,0.0,0.0,0
229,245000000.0,0,1718750.0,5672642.012615029,0,21.14933820920141,229.84732298893184,0,0.0,466752.9914490167,75836513615.67976,190625.0,7583651361567.977,8200861.218610693,2.8812792152166367e-09,0,0,1,0.0,0.0,0
230,245000000.0,0,1718750.0,5690493.201413034,0,21.23939169787086,230.84397088300454,0,0.0,466752.9914490167,75836513615.67976,190625.0,7583651361567.977,8200861.218610693,2.8812792152166367e-09,0,0,1,0.0,0.0,0
231,245000000.0,0,1718750.0,5709422.266045649,0,21.329821147567486,231.84397088300454,0,0.0,466752.9914490167,75836513615.67976,190625.0,7583651361567.977,8278506.083287738,3.725290298461914e-09,0,0,1,0.0,0.0,0
232,245000000.0,0,1718750.0,5727839.308488005,0,21.419915910356796,232.8406451951873,0,0.0,466752.9914490167,75836513615.67976,190625.0,7583651361567.977,8278506.083287738,3.725290298461914e-09,0,0,1,0.0,0.0,0
233,245000000.0,0,1718750.0,5744472.032510645,0,21.51046932143095,233.8406451951873,0,0.0,466752.9914490167,75836513615.67976,190625.0,7583651361567.977,8278551.93497414,2.1100277081131935e-09,0,0,1,0.0,0.0,0
234,245000000.0,0,1718750.0,5761103.4818685055,0,21.600664971368335,234.83734561440235,0,0.0,466752.9914490167,75836513615.67976,190625.0,7583651361567.977,8278551.93497414,2.1100277081131935e-09,0,0,1,0.0,0.0,0
235,245000000.0,0,1718750.0,5777734.339100496,0,21.691226732089135,235.83734561440235,0,0.0,466752.9914490167,75836513615.67976,190625.0,7583651361567.977,8278551.93497414,2.1100277081131935e-09,0,0,1,0.0,0.0,0
236,245000000.0,0,1718750.0,5794364.005229061,0,21.78143438721214,236.83407183443674,0,0.0,466752.9914490167,75836513615.67976,190625.0,7583651361567.977,8278551.93497414,2.1100277081131935e-09,0,0,1,0.0,0.0,0
237,245000000.0,0,1718750.0,5810993.118048899,0,21.872004205694715,237.83407183443674,0,0.0,466752.9914490167,75836513615.67976,190625.0,7583651361567.977,8278551.93497414,2.1100277081131935e-09,0,0,1,0.0,0.0,0
238,245000000.0,0,1718750.0,5827621.117848762,0,21.962223502435236,238.83082355384775,0,0.0,466752.9914490167,75836513615.67976,190625.0,7583651361567.977,8278551.934974334,1.9208528101444244e-09,0,0,1,0.0,0.0,0
239,245000000.0,0,1718750.0,5844248.600612361,0,22.052801100230646,239.83082355384775,0,0.0,466752.9914490167,75836513615.67976,190625.0,7583651361567.977,8278551.934974334,1.9208528101444244e-09,0,0,1,0.0,0.0,0
240,245000000.0,0,1718750.0,5860836.1707562655,0,22.14303331669271,240.82760047587027,0,0.0,466752.9914490167,75836513615.67976,190625.0,7583651361567.977,8277152.5226575015,1.9208528101444244e-09,0,0,1,0.0,0.0,0
241,245000000.0,0,1718750.0,5877423.257758503,0,22.233620017692946,241.82760047587027,0,0.0,466752.9914490167,75836513615.67976,190625.0,7583651361567.977,8277152.5226575015,1.9208528101444244e-09,0,0,1,0.0,0.0,0
242,245000000.0,0,1718750.0,5893980.800633177,0,22.32386312380832,242.82440230832646,0,0.0,467267.2920144299,75951817917.9627,190625.0,7595181791796.2705,8275095.320395849,3.754394128918648e-09,0,0,1,0.0,0.0,0
243,245000000.0,0,1718750.0,5910552.178165623,0,22.414457014868177,243.82440230832646,0,0.0,467267.2920144299,75951817917.9627,190625.0,7595181791796.2705,8275095.320395849,3.754394128918648e-09,0,0,1,0.0,0.0,0
244,245000000.0,0,1718750.0,5927122.6475358745,0,22.504710695494524,244.82122876353745,0,0.0,467267.2920144299,75951817917.9627,190625.0,7595181791796.2705,8275095.320395849,3.754394128918648e-09,0,0,1,0.0,0.0,0
245,245000000.0,0,1718750.0,5943692.695033383,0,22.59531153750851,245.82122876353745,0,0.0,467267.2920144299,75951817917.9627,190625.0,7595181791796.2705,8275095.320395849,3.754394128918648e-09,0,0,1,0.0,0.0,0
246,245000000.0,0,1718750.0,5960261.893903774,0,22.685575490677365,246.81807955823703,0,0.0,467267.2920144299,75951817917.9627,190625.0,7595181791796.2705,8275095.320395849,3.754394128918648e-09,0,0,1,0.0,0.0,0
247,245000000.0,0,1718750.0,5976830.698557526,0,22.776183055031677,247.81807955823703,0,0.0,467267.2920144299,75951817917.9627,190625.0,7595181791796.2705,8275095.320395849,3.754394128918648e-09,0,0,1,0.0,0.0,0
248,245000000.0,0,1718750.0,5994033.458129396,0,22.866456991246555,248.8149544134875,0,0.0,467267.2920144299,75951817917.9627,190625.0,7595181791796.2705,8320797.170132786,3.0122464522719383e-09,0,0,1,0.0,0.0,0
249,245000000.0,0,1718750.0,6011235.849327716,0,22.957071059252613,249.8149544134875,0,0.0,467267.2920144299,75951817917.9627,190625.0,7595181791796.2705,8320797.170132786,3.0122464522719383e-09,0,0,1,0.0,0.0,0
250,245000000.0,0,1718750.0,6028521.897118557,0,23.05516874392342,250.88358736470067,0,0.0,933015.4271893313,303126838108.9523,381250.0,30312683810895.227,8326873.7974909,1.3533281162381172e-09,0,0,1,0.0,0.0,0
251,245000000.0,0,1718750.0,6044898.300852561,0,23.154475500407777,251.9648435144425,0,0.0,1398763.5623642327,681527368410.4718,571875.0,68152736841047.18,8326873.7974909,1.3533281162381172e-09,0,0,1,0.0,0.0,0
252,245000000.0,0,1718750.0,6061274.344793663,0,23.255345377247018,253.06255810864656,0,0.0,1864511.697539134,1211153408822.5212,762500.0,121115340882252.12,8326873.7974909,1.3533281162381172e-09,0,0,1,0.0,0.0,0
253,245000000.0,0,1690625.0,6077589.760022723,0,23.35829251813112,254.18229513042192,0,0.0,2330222.281855301,1891963226733.5007,953125.0,189196322673350.06,8324741.235509162,2.7939677238464355e-09,0,0,1,0.0,0.0,0
254,245000000.0,0,1500000.0,6093904.8442056095,0,23.46408428334871,255.33244503664224,0,0.0,2795932.8661714676,2723981909602.9927,1143750.0,272398190960299.28,8324741.607051246,4.2782630771398544e-09,0,0,1,0.0,0.0,0
255,245000000.0,0,1328125.0,6110219.603388899,0,23.570373540838283,256.50474936518384,0,0.0,2781817.060989022,2411284903751.144,1150008.8167034541,241128490375114.4,8324741.607051246,4.2782630771398544e-09,0,0,1,0.0,0.0,0
256,245000000.0,0,1328125.0,6126534.048405913,0,23.647249232544638,257.3241744599851,0,0.0,2946104.0348038008,3261619898119.413,1314295.7905182333,326161989811941.3,8324741.607051246,4.2782630771398544e-09,0,0,1,0.0,0.0,0
257,245000000.0,0,1318750.0,6142848.18972886,0,23.75705611640145,258.51543853002465,0,0.0,3411814.6191199673,4311777980160.2324,1478582.7643330125,431177798016023.25,8324741.607051246,4.2782630771398544e-09,0,0,1,0.0,0.0,0
258,245000000.0,0,1128125.0,6159162.037480874,0,23.87285220579002,259.7712830731761,0,0.0,3877525.2034361344,5513144927159.564,1642869.7381477917,551314492715956.44,8324741.607051246,4.2782630771398544e-09,0,0,1,0.0,0.0,0
259,245000000.0,0,937500.0,6175475.601447652,0,23.996634919216422,261.1310602024507,0,0.0,3863409.3982536886,5238198965120.72,1807156.711962571,523819896512072.0,8324741.607051246,4.2782630771398544e-09,0,0,1,0.0,0.0,0
260,245000000.0,0,1137500.0,6190810.557387781,0,24.056386732545683,261.75669740887133,0,0.0,4039436.3764795517,6470934119248.732,1971443.68577735,647093411924873.2,8277781.589406911,2.663000486791134e-09,0,0,1,0.0,0.0,0
261,245000000.0,0,946875.0,6206145.248146376,0,24.180500941251186,263.1099828563893,0,0.0,4048800.580119273,6405222141418.757,2135730.6595921293,640522214141875.6,8277781.589406911,2.663000486791134e-09,0,0,1,0.0,0.0,0
262,245000000.0,0,1146875.0,6221479.68256282,0,24.240622305935062,263.7423499945552,0,0.0,4213087.553934053,7703934091480.311,2300017.6334069083,770393409148031.0,8277781.589406911,2.663000486791134e-09,0,0,1,0.0,0.0,0
263,245000000.0,0,956250.0,6236813.869181849,0,24.365163942625443,265.0893183598851,0,0.0,4222451.757573773,7827971703838.769,2464304.607221687,782797170383876.9,8277781.589406911,2.663000486791134e-09,0,0,1,0.0,0.0,0
264,245000000.0,0,1156250.0,6252147.81626338,0,24.425733735610876,265.72823503996545,0,0.0,4386738.731388552,9195399829889.494,2628591.581036466,919539982988949.4,8277781.589406911,2.663000486791134e-09,0,0,1,0.0,0.0,0
265,245000000.0,0,965625.0,6267481.531791995,0,24.550614963278505,267.06905470063367,0,0.0,4864189.320115803,10770869183779.654,2792878.554851245,1077086918377965.4,8277781.589406911,2.663000486791134e-09,0,0,1,0.0,0.0,0
266,245000000.0,0,1165625.0,6282815.023486126,0,24.612541065821905,267.7143469409622,0,0.0,4873553.523755524,10996684937245.95,2957165.528666024,1099668493724594.9,8277781.589406911,2.663000486791134e-09,0,0,1,0.0,0.0,0
267,245000000.0,0,975000.0,6298868.875280665,0,24.7370460000653,269.04918032786884,0,0.0,5037840.497570303,12589516864355.615,3121452.502480803,1258951686435561.5,8329663.09551639,1.382431946694851e-09,0,0,1,0.0,0.0,0
268,245000000.0,0,1175000.0,6310282.48643882,0,24.801009212304464,269.70068027210885,0,0.0,5067653.091208053,13004664071356.832,3285739.476295582,1300466407135683.2,8388760.909772072,3.4779077395796776e-09,0,0,1,0.0,0.0,0
269,245000000.0,0,984375.0,6321427.2945085075,0,24.925366987052804,271.0296841304072,0,0.0,5234026.623304413,14671739316158.996,3450026.447896981,1467173931615899.5,8380414.676645751,4.351022653281689e-09,0,0,1,0.0,0.0,0
270,245000000.0,0,1184375.0,6332571.907128963,0,24.991743733269836,271.6872297796056,0,0.0,5388938.594905812,15244906209961.408,3614313.4194983803,1524490620996140.8,8380414.676645751,4.816683940589428e-09,0,0,1,0.0,0.0,0
271,245000000.0,0,993750.0,6343716.330815156,0,25.11642944502067,273.01055541593365,0,0.0,5553225.566507211,17015852349964.74,3778600.3910997794,1701585234996474.0,8380414.676645556,5.005858838558197e-09,0,0,1,0.0,0.0,0
272,245000000.0,0,1193750.0,6354860.571864901,0,25.185850520766632,273.67399037455533,0,0.0,5708137.53810861,17700730079918.99,3942887.3627011785,1770073007991898.8,8380414.676645556,5.005858838558197e-09,0,0,1,0.0,0.0,0
273,245000000.0,0,1003125.0,6368338.803249437,0,25.312126358844672,274.99178389144777,0,0.0,5879900.203477437,19637526678466.824,4114650.0280700047,1963752667846682.5,8350511.901575863,4.081812221556902e-09,0,0,1,0.0,0.0,0
274,245000000.0,0,1203125.0,6378652.064446174,0,25.386144687928756,275.6609571265442,0,0.0,6042287.868846262,20500603494068.863,4286412.693438831,2050060349406886.2,8350511.901575863,4.547473508864641e-09,0,0,1,0.0,0.0,0
275,245000000.0,0,1012500.0,6394520.716223636,0,25.515900079835856,276.97335964479527,0,0.0,6214050.534215089,22551835526725.113,4458175.358807657,2255183552672511.5,8350511.901575863,4.547473508864641e-09,0,0,1,0.0,0.0,0
276,245000000.0,0,1212500.0,6404834.728202692,0,25.59686042172998,277.64812525751955,0,0.0,6376428.522488553,23536582386575.664,4629928.347081122,2353658238657566.5,8350550.6099573085,4.9112713895738125e-09,0,0,1,0.0,0.0,0
277,245000000.0,0,1021875.0,6420704.141577493,0,25.734661591182828,278.955273127215,0,0.0,6548181.510762019,25702153596262.94,4801681.335354587,2570215359626294.0,8350550.6099573085,4.445610102266073e-09,0,0,1,0.0,0.0,0
278,245000000.0,0,932559.4194000482,6429996.962173413,0,25.82980700683663,279.63549013595014,0,0.0,6710559.499035483,26808646812036.953,4973434.323628052,2680864681203695.5,8277046.65940074,4.794856067746878e-09,0,0,1,0.0,0.0,0
279,245000000.0,0,760806.4311265834,6444845.194271107,0,25.988633197908428,280.937515136837,0,0.0,6882312.487308949,29088640158897.69,5145187.311901517,2908864015889769.0,8277046.65940074,4.794856067746878e-09,0,0,1,0.0,0.0,0
280,245000000.0,0,589053.4428531185,6456421.944397495,0,26.123612182151348,281.6230472712518,0,0.0,7044690.475582413,30316879730595.164,5316940.300174982,3031687973059516.5,8277046.65940074,5.260517355054617e-09,0,0,1,0.0,0.0,0
281,245000000.0,0,417300.4545796537,6471269.902632948,0,26.36446200966084,282.9200768030721,0,0.0,7216443.463855879,32711295214629.363,5488693.288448447,3271129521462936.5,8277046.65940074,5.260517355054617e-09,0,0,1,0.0,0.0,0
282,245000000.0,0,245547.46630618884,6484703.542961381,0,26.7332503248229,283.6107923084667,0,0.0,7378821.4521293435,34061281142250.293,5660446.276721912,3406128114225029.5,8277046.65940074,4.813045961782336e-09,0,0,1,0.0,0.0,0
283,245000000.0,0,73794.47803272394,6502585.103199717,0,28.5405282329819,284.90294957183636,0,0.0,7550574.4404028095,36570118763457.95,5832199.2649953775,3657011876345795.5,8427706.423765229,6.151822162792087e-09,0,0,1,0.0,0.0,0
284,219922621.3783703,1,0.0,6527050.829623088,25077379,37.07440349486136,285.4826252881885,1,628874918532569.6,7419076.897954051,36832599344542.5,5905993.7430281015,3997697393720535.0,8427706.423765229,4.274625098332763e-09,0,0,1,0.0,0.0,0
285,201031235.001993,1,0.0,6559244.899751422,69046144,37.16698770217213,286.50366160564306,1,4767369948743496.0,7211282.244513895,36318241992500.78,5905993.7430281015,6015509173621826.0,8427706.423765229,3.805325832217932e-09,0,0,1,0.0,0.0,0
286,201031235.001993,1,0.0,6585883.300702349,113014909,37.244492028809226,287.3965232272369,1,1.2772369569854352e+16,7118615.754754636,36351214236010.8,5905993.7430281015,1.0021306208528256e+16,8427706.423765229,3.805325832217932e-09,0,0,1,0.0,0.0,0
287,201031235.001993,1,0.0,6606966.036263264,156983674,37.331922575008704,288.3234388748161,1,2.4643873781865148e+16,6937487.766481171,35906521584146.79,5905993.7430281015,1.5912589049347252e+16,8427706.423765229,3.805325832217932e-09,0,0,1,0.0,0.0,0
288,201031235.001993,1,0.0,6631766.126248778,200952439,37.41186288129187,289.2397288645295,1,4.038188258477587e+16,6937487.766481172,35944742013106.49,5905993.7430281015,2.3785415493698584e+16,8427706.423765229,4.270987119525671e-09,0,0,1,0.0,0.0,0
289,201031235.001993,1,0.0,6652848.6530021895,244921204,37.50049076342286,290.1817938918822,1,5.998639597858652e+16,6756359.778207707,35572500556551.87,5905993.7430281015,3.355044804494845e+16,8427706.423765229,4.270987119525671e-09,0,0,1,0.0,0.0,0
290,201031235.001993,1,0.0,6673931.080542543,288889969,37.58212030318693,291.1145886494813,1,8.34574139632971e+16,6756359.778207707,35603884486474.17,5905993.7430281015,4.528909543029597e+16,8427706.423765229,3.805325832217932e-09,0,0,1,0.0,0.0,0
291,201031235.001993,1,0.0,6696893.195209304,332858734,37.67174427238179,292.06753751347657,1,1.1079493653890762e+17,6575231.789934242,35304094225228.93,5905993.7430281015,5.89278776919767e+16,8495378.612930333,4.270987119525671e-09,0,0,1,0.0,0.0,0
292,201031235.001993,1,0.0,6719855.217166974,376827499,37.75438177075445,293.0123957978932,1,1.4199896370541806e+17,6575231.789934242,35328641656113.83,5905993.7430281015,7.453234601832042e+16,8495378.612930333,4.503817763179541e-09,0,0,1,0.0,0.0,0
293,201031235.001993,1,0.0,6742817.14950433,420796264,37.84479676230673,293.97342621787465,1,1.7706949546282845e+17,6394103.801660777,35101302590177.98,5905993.7430281015,9.204487799043202e+16,8495378.612820271,3.281456883996725e-09,0,0,1,0.0,0.0,0
294,201031235.001993,1,0.0,6765778.995210191,464765029,37.92821733065267,294.9273685243592,1,2.1600653181113875e+17,6394103.801660777,35119013522025.48,5905993.7430281015,1.1151516725777192e+17,8495378.612820271,5.900801625102758e-09,0,0,1,0.0,0.0,0
295,201031235.001993,1,0.0,6788740.757172274,508733794,38.0192500092487,295.894563826917,1,2.5881007275034906e+17,6212975.813387312,34964125651399.016,5905993.7430281015,1.3290144894031443e+17,8495378.612820271,7.086782716214657e-09,0,0,1,0.0,0.0,0
296,201031235.001993,1,0.0,6811702.438182037,552702559,38.10326371427614,296.8555169119406,1,3.0548011828045914e+17,6212975.813387312,34975000084209.113,5905993.7430281015,1.5623755914865046e+17,8495378.612820271,6.6211214289069176e-09,0,0,1,0.0,0.0,0
297,201031388.59689236,1,0.0,6834664.057604007,596671170,38.194829410722875,297.8624796404271,1,3.5601648511014906e+17,6231848.425093923,34986943366511.305,5905993.7430281015,1.8150693689172566e+17,8495381.012740575,6.300979293882847e-09,0,0,1,0.0,0.0,0
298,201031388.59689236,1,0.0,6857625.601380533,640639781,38.27966240827157,298.76427654401886,1,4.104193295172739e+17,6050721.036800534,34896957669157.6,5905993.7430281015,2.086993605255527e+17,8495381.012740575,6.766640581190586e-09,0,0,1,0.0,0.0,0
299,201031388.59689236,1,0.0,6880586.733371591,684608393,38.370747775554634,299.79999273407316,1,4.686886515018338e+17,6050721.036800534,34901708082249.777,5905993.7430281015,2.378344965591419e+17,8495356.629109835,6.4319465309381485e-09,0,0,1,0.0,0.0,0
300,201031388.59689236,1,0.0,6903547.794676184,728577004,38.45681774326155,300.71480108166145,1,5.308244510638286e+17,5924866.354734712,34881118268159.715,5905993.7430281015,2.6890033735873027e+17,8495356.629109835,5.966285243630409e-09,0,0,1,0.0,0.0,0
301,201031388.59689236,1,0.0,6926506.67400429,772545616,38.45653643641067,300.74594854054874,1,5.968267282032584e+17,5924866.354734712,34881118268159.715,5905993.7430281015,3.019014759284452e+17,8495204.446580913,5.4060365073382854e-09,0,0,1,0.0,0.0,0
302,201031388.59689236,1,0.0,6949465.487279821,816514227,38.452714653143794,300.67134175531675,1,6.666954829201231e+17,5924866.354734712,34881118268159.715,5905993.7430281015,3.368358532868776e+17,8495204.446580913,4.940375220030546e-09,0,0,1,0.0,0.0,0
303,201031388.59689236,1,0.0,6971944.490017067,860482838,38.452049257651694,300.6987442734006,1,7.404307152144229e+17,5924866.354734712,34881118268159.715,5905993.7430281015,3.7370346943402746e+17,8460662.685083367,4.474713932722807e-09,0,0,1,0.0,0.0,0
304,201031388.59689236,1,0.0,6994423.451926816,904451450,38.44907690640392,300.6328641292597,1,8.180324250861577e+17,5924866.354734712,34881118268159.715,5905993.7430281015,4.1250432436989485e+17,8460664.189520916,6.075424607843161e-09,0,0,1,0.0,0.0,0
305,201031388.59689236,1,0.0,7016902.354171518,948420061,38.4480839104795,300.65715870372253,1,8.995006125353274e+17,5924866.354734712,34881118268159.715,5905993.7430281015,4.532384180944797e+17,8460664.189520916,6.075424607843161e-09,0,0,1,0.0,0.0,0
306,201031388.59689236,1,0.0,7039381.19874001,992388673,38.44583050987775,300.59855806499945,1,9.84835277561932e+17,5924866.354734712,34881118268159.715,5905993.7430281015,4.95905750607782e+17,8460664.189520916,5.609763320535421e-09,0,0,1,0.0,0.0,0
307,201031388.59689236,1,0.0,7061859.98755483,1036357284,38.44455394697072,300.62024499651665,1,1.0740364201659717e+18,5924866.354734712,34881118268159.715,5905993.7430281015,5.4050632190980186e+17,8460664.189520916,6.075424607843161e-09,0,0,1,0.0,0.0,0
308,201031388.59689236,1,0.0,7085387.930984409,1080325895,38.44291664628196,300.5677800541698,1,1.1671040403474463e+18,5924866.354734712,34881118268159.715,5905993.7430281015,5.870401320005391e+17,8536207.202238917,6.475602276623249e-09,0,0,1,0.0,0.0,0
309,201031388.59689236,1,0.0,7108915.8223152775,1124294507,38.44139125578926,300.5872577435487,1,1.264038138106356e+18,5924866.354734712,34881118268159.715,5905993.7430281015,6.35507180879994e+17,8536207.202238917,6.00994098931551e-09,0,0,1,0.0,0.0,0
310,201031388.59689236,1,0.0,7132443.663284061,1168263118,38.44028796841453,300.5400124728611,1,1.3648387134427005e+18,5924866.354734712,34881118268159.715,5905993.7430281015,6.859074685481663e+17,8536207.202238917,6.475602276623249e-09,0,0,1,0.0,0.0,0
311,201031388.59689236,1,0.0,7155971.455569498,1212231730,38.43854143700506,300.55760210459476,1,1.46950576635648e+18,5924866.354734712,34881118268159.715,5905993.7430281015,7.38240995005056e+17,8536207.202238917,6.475602276623249e-09,0,0,1,0.0,0.0,0
312,201031388.59689236,1,0.0,7179497.034193235,1256200341,38.437905929757285,300.5148342346236,1,1.5780392968476946e+18,5924866.354734712,34881118268159.715,5905993.7430281015,7.925077602506633e+17,8536051.206957597,6.446498446166515e-09,0,0,1,0.0,0.0,0
313,201031388.59689236,1,0.0,7203173.566083591,1300168952,38.43596051060286,300.53079761767185,1,1.690439304916344e+18,5924866.354734712,34881118268159.715,5905993.7430281015,8.48707764284988e+17,8546923.117569778,5.311449058353901e-09,0,0,1,0.0,0.0,0
314,201031388.59689236,1,0.0,7226850.053998459,1344137564,38.43573882832643,300.491899287609,1,1.8067057905624284e+18,5924866.354734712,34881118268159.715,5905993.7430281015,9.068410071080302e+17,8546923.117569778,5.311449058353901e-09,0,0,1,0.0,0.0,0
315,201031388.59689236,1,0.0,7250382.973168018,1388106175,38.433612530515596,300.50645196858426,1,1.926838753785948e+18,5924866.354734712,34881118268159.715,5905993.7430281015,9.6690748871979e+17,8536589.228601584,7.4214767664670944e-09,0,0,1,0.0,0.0,0
316,201031388.59689236,1,0.0,7273958.354380576,1432074787,38.433933025055936,300.50888394310306,1,2.0508381945869023e+18,5943738.966441323,34882186794577.6,5905993.7430281015,1.0289073159729089e+18,8539649.454368286,7.494236342608929e-09,0,0,1,0.0,0.0,0
317,201031388.59689236,1,0.0,7297533.695870237,1476043398,38.431567094173104,300.4497413660483,1,2.1787041129652918e+18,5924866.354734712,34881118268159.715,5905993.7430281015,1.0928401683094619e+18,8539649.454368286,7.494236342608929e-09,0,0,1,0.0,0.0,0
318,201031388.59689236,1,0.0,7321108.998961097,1520012009,38.431776397930065,300.4864645390149,1,2.310436508921116e+18,5924866.354734712,34881118268159.715,5905993.7430281015,1.158706366287374e+18,8539649.454368286,7.494236342608929e-09,0,0,1,0.0,0.0,0
319,201031388.59689236,1,0.0,7344684.264933121,1563980621,38.42990692982747,300.4321401925015,1,2.446035382454375e+18,5924866.354734712,34881118268159.715,5905993.7430281015,1.2265058030540035e+18,8539649.454368286,7.494236342608929e-09,0,0,1,0.0,0.0,0
320,201031388.59689236,1,0.0,7368259.4950236,1607949232,38.42980063368113,300.4659371978408,1,2.585500733565069e+18,5924866.354734712,34881118268159.715,5905993.7430281015,1.2962384786093504e+18,8539649.454368286,7.0285750553011894e-09,0,0,1,0.0,0.0,0
321,201031388.59689236,1,0.0,7391834.690428587,1651917844,38.428377479275476,300.41586481870104,1,2.7288325622531983e+18,5924866.354734712,34881118268159.715,5905993.7430281015,1.3679043929534152e+18,8539649.454368286,7.494236342608929e-09,0,0,1,0.0,0.0,0
322,201031388.59689236,1,0.0,7416021.788346857,1695886455,38.42798433447613,300.447072099208,1,2.8760308685187625e+18,5924866.354734712,34881118268159.715,5905993.7430281015,1.4415035460861972e+18,8583557.090492968,4.845787771046162e-09,0,0,1,0.0,0.0,0
323,201031388.59689236,1,0.0,7440208.857901297,1739855066,38.42696488441023,300.4007708837812,1,3.027095652361762e+18,5924866.354734712,34881118268159.715,5905993.7430281015,1.517035938007697e+18,8583557.090492968,4.845787771046162e-09,0,0,1,0.0,0.0,0
324,201031388.59689236,1,0.0,7464395.900037365,1783823678,38.42630965710137,300.4296751947196,1,3.182026913782196e+18,5924866.354734712,34881118268159.715,5905993.7430281015,1.594501568717914e+18,8583557.090492968,4.845787771046162e-09,0,0,1,0.0,0.0,0
325,201031388.59689236,1,0.0,7488582.9143659575,1827792289,38.42565829642896,300.38673425130366,1,3.3408246527800653e+18,5924866.354734712,34881118268159.715,5905993.7430281015,1.6739004382168486e+18,8583556.996673355,6.00994098931551e-09,0,0,1,0.0,0.0,0
326,201031388.59689236,1,0.0,7513482.89021749,1871760901,38.42472132039316,300.4135815086736,1,3.5034888693553695e+18,5924866.354734712,34881118268159.715,5905993.7430281015,1.7552325465045007e+18,8613614.980427817,7.137714419513941e-09,0,0,1,0.0,0.0,0
327,201031388.59689236,1,0.0,7538382.855687953,1915729512,38.424367190358424,300.37364758739506,1,3.6700195635081083e+18,5924866.354734712,34881118268159.715,5905993.7430281015,1.8384978935808701e+18,8613616.016208295,6.548361852765083e-09,0,0,1,0.0,0.0,0
328,201031388.59689236,1,0.0,7563282.797217065,1959698123,38.423206697403195,300.3986498899756,1,3.840416735238283e+18,5924866.354734712,34881118268159.715,5905993.7430281015,1.9236964794459574e+18,8613616.016208295,6.548361852765083e-09,0,0,1,0.0,0.0,0
329,201031388.59689236,1,0.0,7587930.294802581,2003666735,38.42317550656913,300.361417610897,1,4.014680384545892e+18,5924866.354734712,34881118268159.715,5905993.7430281015,2.010828304099762e+18,8601499.81779437,5.617039278149605e-09,0,0,1,0.0,0.0,0
330,201031388.59689236,1,0.0,7612577.770016236,2047635346,38.421817793882276,300.3847588612745,1,4.1928105114309356e+18,5924866.354734712,34881118268159.715,5905993.7430281015,2.0998933675422838e+18,8601499.81779437,6.577465683221817e-09,0,0,1,0.0,0.0,0
331,201031388.59689236,1,0.0,7637225.223603764,2091603958,38.42207364297066,300.3861608965277,1,4.374807115893415e+18,5943738.966441323,34882186794577.6,5905993.7430281015,2.1908917766261652e+18,8601499.81779437,6.577465683221817e-09,0,0,1,0.0,0.0,0
332,201031388.59689236,1,0.0,7662026.794315623,2135572569,38.420707403310594,300.33812958650486,1,4.560670197933329e+18,5924866.354734712,34881118268159.715,5905993.7430281015,2.2838232107934804e+18,8612597.755925281,7.428752724081278e-09,0,0,1,0.0,0.0,0
333,201031388.59689236,1,0.0,7686828.344819065,2179541181,38.42077655071271,300.3731123526317,1,4.750399757550678e+18,5924866.354734712,34881118268159.715,5905993.7430281015,2.378687990602155e+18,8612597.755925281,7.894414011389017e-09,0,0,1,0.0,0.0,0
334,201031388.59689236,1,0.0,7707822.250902522,2223509792,38.42041091825792,300.33541217367394,1,4.943995794745462e+18,5924866.354734712,34881118268159.715,5905993.7430281015,2.475486009199547e+18,8604862.03717914,7.654307410120964e-09,0,0,1,0.0,0.0,0
335,201031388.59689236,1,0.0,7732516.322449375,2267478403,38.41956492134031,300.3609168171096,1,5.141458309517681e+18,5924866.354734712,34881118268159.715,5905993.7430281015,2.5742172665856563e+18,8604862.03717914,7.188646122813225e-09,0,0,1,0.0,0.0,0
336,201031388.59689236,1,0.0,7754030.003882002,2311447015,38.41981204071196,300.36215019982194,1,5.342787301867335e+18,5943738.966441323,34882186794577.6,5905993.7430281015,2.674881869613125e+18,8653520.667690942,4.525645636022091e-09,0,0,1,0.0,0.0,0
337,201031388.59689236,1,0.0,7775641.024323162,2355415626,38.41990531125591,300.3344040816462,1,5.547982771794424e+18,5924866.354734712,34881118268159.715,5905993.7430281015,2.777479497724028e+18,8707324.536794519,5.4424162954092026e-09,0,0,1,0.0,0.0,0
338,201031388.59689236,1,0.0,7802574.4656222975,2399384238,38.418546514055635,300.350649709882,1,5.757044719298947e+18,5924866.354734712,34881118268159.715,5905993.7430281015,2.8820104714762895e+18,8690540.06671075,6.322807166725397e-09,0,0,1,0.0,0.0,0
339,201031388.59689236,1,0.0,7823952.334876936,2443352849,38.418757525584894,300.3518138047363,1,5.969973144380905e+18,5943738.966441323,34882186794577.6,5905993.7430281015,2.9884747908699105e+18,8690540.06671075,6.322807166725397e-09,0,0,1,0.0,0.0,0
340,201031388.59689236,1,0.0,7843639.793410997,2487321460,38.419063560995475,300.35298565451257,1,6.1867680470403e+18,5962611.578147934,34883967671940.742,5905993.7430281015,3.096872420287344e+18,8690540.06671075,6.322807166725397e-09,0,0,1,0.0,0.0,0
341,201031388.59689236,1,0.0,7862785.299866308,2531290072,38.41933247105509,300.3354626471771,1,6.407429427277129e+18,5924866.354734712,34881118268159.715,5905993.7430281015,3.2072028254653804e+18,8690540.06671075,6.322807166725397e-09,0,0,1,0.0,0.0,0
342,201031388.59689236,1,0.0,7881930.787874411,2575258683,38.41809405810429,300.3420510735883,1,6.631957285091393e+18,5924866.354734712,34881118268159.715,5905993.7430281015,3.3194667543725123e+18,8690540.06671075,6.322807166725397e-09,0,0,1,0.0,0.0,0
343,201031388.59689236,1,0.0,7901076.25805021,2619227295,38.418438120577065,300.343158686382,1,6.860351620483091e+18,5943738.966441323,34882186794577.6,5905993.7430281015,3.4336640289210035e+18,8690540.06671075,6.322807166725397e-09,0,0,1,0.0,0.0,0
344,201031388.59689236,1,0.0,7920221.7109881155,2663195906,38.41879397774751,300.3442734957126,1,7.092612433452225e+18,5962611.578147934,34883967671940.742,5905993.7430281015,3.5497946134933064e+18,8690540.06671075,6.322807166725397e-09,0,0,1,0.0,0.0,0
345,201031388.59689236,1,0.0,7939367.147262722,2707164517,38.41916217967184,300.3453955719463,1,7.328739723998794e+18,5981484.189854545,34886460900249.14,5905993.7430281015,3.667858508089422e+18,8690540.06671075,6.322807166725397e-09,0,0,1,0.0,0.0,0
346,201031388.59689236,1,0.0,7958957.946458151,2751133129,38.419524688879825,300.3465249863695,1,7.568733492122797e+18,6000356.801561155,34889666479502.797,5905993.7430281015,3.787855712709349e+18,8711918.260087071,4.547473508864641e-09,0,0,1,0.0,0.0,0
347,201031388.59689236,1,0.0,7979408.869122942,2795101740,38.4196144964298,300.3482474348697,1,7.812593737824236e+18,5924866.354734712,34881118268159.715,5905993.7430281015,3.909784980738934e+18,8593739.795160681,4.503817763179541e-09,0,0,1,0.0,0.0,0
348,201031388.59689236,1,0.0,7996537.586342918,2839070352,38.41836324464235,300.33598103373237,1,8.060320461103109e+18,5924866.354734712,34881118268159.715,5905993.7430281015,4.0336483423783706e+18,8593739.795160681,4.503817763179541e-09,0,0,1,0.0,0.0,0
349,201031388.59689236,1,0.0,8013666.28901273,2883038963,38.41876351364493,300.33704962252756,1,8.311913661959418e+18,5943738.966441323,34882186794577.6,5905993.7430281015,4.1594450496591667e+18,8593739.795160681,4.503817763179541e-09,0,0,1,0.0,0.0,0
350,201031388.59689236,1,0.0,8036350.533172937,2927007574,38.41868665584158,300.33812503031106,1,8.567373340393162e+18,5962611.578147934,34883967671940.742,5905993.7430281015,4.287175066963775e+18,8593739.795160681,4.503817763179541e-09,0,0,1,0.0,0.0,0
351,201031388.59689236,1,0.0,8059034.7637368245,2970976186,38.418611751713755,300.33920732256274,1,8.82669949640434e+18,5981484.189854545,34886460900249.14,5905993.7430281015,4.416838394292195e+18,8593739.795160681,4.503817763179541e-09,0,0,1,0.0,0.0,0
352,201031388.59689236,1,0.0,8081072.797529631,3014944797,38.41855721201507,300.3402965656037,1,9.089892129992954e+18,6000356.801561155,34889666479502.797,5905993.7430281015,4.5484350316444273e+18,8562722.981018072,4.038156475871801e-09,0,0,1,0.0,0.0,0
353,206378101.17886573,1,0.0,8104129.282410128,3053566696,38.418652376310156,300.3426142795203,1,9.324269566876846e+18,6040115.009291099,34898750606751.074,5905993.7430281015,4.665624658499099e+18,8667304.165796489,3.3905962482094765e-09,0,0,1,0.0,0.0,0
354,206327744.7729084,1,0.0,8127085.283046735,3092238951,38.41875334967048,300.3449520776774,1,9.561941731441963e+18,6079676.512310273,34910927797032.61,5905993.7430281015,4.784461958500685e+18,8661956.965706628,6.199115887284279e-09,0,0,1,0.0,0.0,0
355,206327744.7729084,1,0.0,8150041.271811221,3130911206,38.41885788734583,300.34732199853784,1,9.802604982655777e+18,6119238.015329447,34926235212356.418,5905993.7430281015,4.904795114849124e+18,8661956.965706628,6.199115887284279e-09,0,0,1,0.0,0.0,0
356,206327744.7729084,1,0.0,8172997.249099323,3169583462,38.418966043833535,300.3497247087586,1,1.0046259320518291e+19,6158799.51834862,34944672852722.496,5905993.7430281015,5.026624127544418e+18,8661956.965706628,6.199115887284279e-09,0,0,1,0.0,0.0,0
357,206327744.7729084,1,0.0,8195953.215293582,3208255717,38.419077875400326,300.3521608935723,1,1.02929047450295e+19,6198361.021367794,34966240718130.844,5905993.7430281015,5.149948996586564e+18,8661956.965706628,6.199115887284279e-09,0,0,1,0.0,0.0,0
358,206325267.43649593,1,0.0,8218908.901955596,3246930449,38.419193362179634,300.3546306489283,1,1.0542557343661337e+19,6237912.847291606,34990932384462.17,5905993.7430281015,5.274777765069114e+18,8661918.257325182,6.00994098931551e-09,0,0,1,0.0,0.0,0
359,206325267.43649593,1,0.0,8241864.57825103,3285605182,38.419101940232856,300.36340568732385,1,1.0795201412170891e+19,6077464.673215418,34899729089690.68,5905993.7430281015,5.401090678994415e+18,8661918.257325182,6.00994098931551e-09,0,0,1,0.0,0.0,0
360,206325267.43649593,1,0.0,8263236.399044921,3324279915,38.41758455145667,300.3448205323527,1,1.1050836950558163e+19,6084677.920396905,34910216403521.29,5905993.7430281015,5.528909496919433e+18,8585893.674259983,6.2173057813197374e-09,0,0,1,0.0,0.0,0
361,206325267.43649593,1,0.0,8284608.210151818,3362954647,38.41773598822644,300.347188056607,1,1.1309463958823148e+19,6131442.993502205,34925500820023.43,5905993.7430281015,5.658224529493576e+18,8585893.674259983,6.2173057813197374e-09,0,0,1,0.0,0.0,0
362,206325267.43649593,1,0.0,8305980.011894627,3401629380,38.417890956590455,300.3495883162788,1,1.1571082436965853e+19,6178208.066607505,34944017992263.184,5905993.7430281015,5.789035620282153e+18,8585893.674259983,6.2173057813197374e-09,0,0,1,0.0,0.0,0
363,206325267.43649593,1,0.0,8327351.804585483,3440304112,38.41804951348113,300.35202199503647,1,1.1835692384986274e+19,6224973.139712805,34965767920240.555,5905993.7430281015,5.921342769285161e+18,8585893.674259983,6.2173057813197374e-09,0,0,1,0.0,0.0,0
364,206325267.43649593,1,0.0,8348723.588526117,3478978845,38.418211717644105,300.3544897957194,1,1.2103293802884411e+19,6271738.212818105,34990750603955.543,5905993.7430281015,6.055145976502602e+18,8585893.674259983,6.2173057813197374e-09,0,0,1,0.0,0.0,0
365,206325267.43649593,1,0.0,8370095.364008205,3517653577,38.41837762969863,300.3569924410147,1,1.2373886690660268e+19,6318503.285923405,35018966043408.152,5905993.7430281015,6.190445241934475e+18,8585893.674259983,6.2173057813197374e-09,0,0,1,0.0,0.0,0
366,206325267.43649593,1,0.0,8391467.131313695,3556328310,38.41854731220051,300.359530674163,1,1.2647471048313842e+19,6365268.359028704,35050414238598.375,5905993.7430281015,6.327240565580781e+18,8585893.674259983,7.3814589995890856e-09,0,0,1,0.0,0.0,0
367,206325267.43649593,1,0.0,8413436.02829471,3595003043,38.418704790012434,300.36210525969403,1,1.2924046875845128e+19,6404867.781179171,35084319534294.97,5905993.7430281015,6.465531869875994e+18,8614556.278079314,9.858922567218542e-09,0,0,1,0.0,0.0,0
368,206325267.43649593,1,0.0,8436894.452552699,3633677775,38.41886614358399,300.3647169841946,1,1.3203614173254136e+19,6444467.203329638,35121353528390.18,5905993.7430281015,6.605319221979907e+18,8686053.954107447,8.782080840319395e-09,0,0,1,0.0,0.0,0
369,206325267.43649593,1,0.0,8460352.869424798,3672352508,38.41903144162498,300.36736665710987,1,1.3486172940540862e+19,6484066.625480105,35161516220884.008,5905993.7430281015,6.74660262189252e+18,8686053.954107447,8.782080840319395e-09,0,0,1,0.0,0.0,0
370,206325267.43649593,1,0.0,8482560.134991368,3711027240,38.419245229535925,300.37005511157946,1,1.37717231777053e+19,6523666.047630572,35204807611776.45,5905993.7430281015,6.889382069613828e+18,8625999.034147054,9.45146894082427e-09,0,0,1,0.0,0.0,0
371,206325267.43649593,1,0.0,8504767.39365623,3749701973,38.41937397284715,300.37994358600844,1,1.406026488474746e+19,6312582.354604007,35017007507041.535,5905993.7430281015,7.033634143124435e+18,8625999.034147054,9.45146894082427e-09,0,0,1,0.0,0.0,0
372,206325267.43649593,1,0.0,8526961.758486895,3788376705,38.417692361663555,300.35938590244547,1,1.4351798061667336e+19,6312582.354604007,35046037692113.688,5905993.7430281015,7.179403634602879e+18,8625071.15844339,8.200004231184721e-09,0,0,1,0.0,0.0,0
373,206325267.43649593,1,0.0,8549156.116868302,3827051438,38.417895847107374,300.36195840756653,1,1.4646322708464927e+19,6352181.776754474,35079760924783.76,5905993.7430281015,7.326669330324942e+18,8625071.15844339,8.200004231184721e-09,0,0,1,0.0,0.0,0
374,206325267.43649593,1,0.0,8571350.448120462,3865726170,38.41810278531167,300.36456800648875,1,1.4943838825140236e+19,6391781.198904941,35116612855852.457,5905993.7430281015,7.475431073855703e+18,8625069.654005839,7.83620635047555e-09,0,0,1,0.0,0.0,0
375,206325267.43649593,1,0.0,8593544.77334615,3904400903,38.4183132494079,300.36721550734006,1,1.5244346411693265e+19,6431380.621055407,35156593485319.766,5905993.7430281015,7.625688865195165e+18,8625069.654005839,7.83620635047555e-09,0,0,1,0.0,0.0,0
376,203962999.18211693,1,0.0,8615482.770236006,3945437904,38.41845045544837,300.3692715229609,1,1.5566480253232538e+19,6461514.451703933,35189365350454.78,5905993.7430281015,7.786759063151314e+18,8588159.212531168,6.0899765230715275e-09,0,0,1,0.0,0.0,0
377,203962999.18211693,1,0.0,8637420.761494454,3986474905,38.41858988440929,300.3713506912059,1,1.5891982165644065e+19,6491838.667259078,35223976367934.28,5905993.7430281015,7.949513480458826e+18,8588159.212531168,6.0899765230715275e-09,0,0,1,0.0,0.0,0
378,203962999.18211693,1,0.0,8659358.747309214,4027511905,38.41873157160248,300.3734534053692,1,1.6220852148927844e+19,6522162.882814222,35260426501511.85,5905993.7430281015,8.113952117114073e+18,8588159.212531168,6.0899765230715275e-09,0,0,1,0.0,0.0,0
379,205533038.46164373,1,0.0,8681467.088026619,4066978867,38.41892784534051,300.37601312573565,1,1.6540317104920035e+19,6558620.064305018,35306683207910.52,5905993.7430281015,8.273689220780809e+18,8612691.076273773,6.417394615709782e-09,0,0,1,0.0,0.0,0
380,205533038.46164373,1,0.0,8703575.423657198,4106445829,38.41912741389726,300.37860817788925,1,1.6862897343018365e+19,6595077.245795813,35355598166473.7,5905993.7430281015,8.43498423132583e+18,8612691.076273773,6.417394615709782e-09,0,0,1,0.0,0.0,0
381,205533038.46164373,1,0.0,8725683.754370507,4145912790,38.41933034391179,300.3812392984399,1,1.7188592863222837e+19,6631534.427286609,35407171377201.39,5905993.7430281015,8.597837148749139e+18,8612691.076273773,6.417394615709782e-09,0,0,1,0.0,0.0,0
382,205533038.46164373,1,0.0,8747626.59487664,4185379752,38.419536703899865,300.3839072446171,1,1.7517403665533448e+19,6667991.608777405,35461402840093.58,5905993.7430281015,8.762247973050734e+18,8600776.123598557,6.8503140937536955e-09,0,0,1,0.0,0.0,0
383,205533038.46164373,1,0.0,8769569.430787863,4224846713,38.419746564319865,300.3866127949963,1,1.78493297499502e+19,6704448.7902682,35518292555150.27,5905993.7430281015,8.928216704230615e+18,8600776.123598557,6.8503140937536955e-09,0,0,1,0.0,0.0,0
384,205533038.46164373,1,0.0,8790573.53397868,4264313675,38.41999227402972,300.3893567502565,1,1.818437111647309e+19,6740905.971758997,35577840522371.48,5905993.7430281015,9.095743342288782e+18,8555717.166223217,3.5324774216860533e-09,0,0,1,0.0,0.0,0
385,205533038.46164373,1,0.0,8811577.632875808,4303780636,38.42000672324491,300.3978134433527,1,1.852252776510212e+19,6577363.153249793,35285204756961.375,5905993.7430281015,9.264792403026758e+18,8555717.166223217,3.5324774216860533e-09,0,0,1,0.0,0.0,0
386,205533038.46164373,1,0.0,8832581.727622373,4343247598,38.41840862421227,300.3773428153026,1,1.886379969583729e+19,6577363.153249793,35331498977668.51,5905993.7430281015,9.435432997816412e+18,8555717.166223217,3.5324774216860533e-09,0,0,1,0.0,0.0,0
387,205533038.46164373,1,0.0,8853585.818356723,4382714559,38.418642803036626,300.37995631738016,1,1.9208186908678607e+19,6613820.334740588,35381780576622.4,5905993.7430281015,9.607631632396966e+18,8555717.166223217,3.5324774216860533e-09,0,0,1,0.0,0.0,0
388,205533038.46164373,1,0.0,8874589.905212598,4422181521,38.41888030084115,300.3826062745354,1,1.9555689403626054e+19,6650277.516231384,35434720427740.805,5905993.7430281015,9.781388173855801e+18,8555717.166223217,3.5324774216860533e-09,0,0,1,0.0,0.0,0
389,205533038.46164373,1,0.0,8895593.988319281,4461648482,38.41912118743818,300.3852934548794,1,1.990630718067965e+19,6686734.69772218,35490318531023.7,5905993.7430281015,9.956702622192929e+18,8555717.166223217,3.5324774216860533e-09,0,0,1,0.0,0.0,0
390,205533038.46164373,1,0.0,8916598.067801747,4501115444,38.41936553461607,300.3880186482546,1,2.026004023983938e+19,6723191.8792129755,35548574886471.12,5905993.7430281015,1.0133574977408336e+19,8555717.166223217,3.5324774216860533e-09,0,0,1,0.0,0.0,0
391,205533038.46164373,1,0.0,8937602.1437808,4540582405,38.419613416209536,300.39078266700915,1,2.061688858110526e+19,6759649.060703771,35609489494083.03,5905993.7430281015,1.0312005239502037e+19,8555717.166223217,3.5324774216860533e-09,0,0,1,0.0,0.0,0
392,205533038.46164373,1,0.0,8958606.21637322,4580049367,38.41986490817302,300.3935863468039,1,2.097685220447727e+19,6796106.242194567,35673062353859.46,5905993.7430281015,1.049199340847402e+19,8555717.166223217,3.5324774216860533e-09,0,0,1,0.0,0.0,0
393,205533038.46164373,1,0.0,8979610.285709597,4619516329,38.42012008865729,300.39643054745494,1,2.1339931109955424e+19,6832563.423685363,35739293465800.38,5905993.7430281015,1.0673539484324293e+19,8555717.16707267,5.744368536397815e-09,0,0,1,0.0,0.0,0
394,205533038.46164373,1,0.0,9000614.351881355,4658983290,38.420379038089315,300.3993161538126,1,2.170612529753971e+19,6869020.605176159,35808182829905.82,5905993.7430281015,1.0856643467052845e+19,8555717.16707267,5.744368536397815e-09,0,0,1,0.0,0.0,0
395,205533038.46164373,1,0.0,9021640.299483832,4698450252,38.42064183925571,300.4022440766795,1,2.2075434767230153e+19,6905477.786666955,35879730446175.76,5905993.7430281015,1.1041305356659694e+19,8570981.09472662,8.276401786133647e-09,0,0,1,0.0,0.0,0
396,205533038.46164373,1,0.0,9042755.777346695,4737917213,38.42090567009271,300.4052152537686,1,2.244785951902672e+19,6941934.968157751,35953936314610.2,5905993.7430281015,1.1227525153144822e+19,8575278.689168736,7.98536348156631e-09,0,0,1,0.0,0.0,0
397,205533038.46164373,1,0.0,9063871.252350973,4777384175,38.42117352504229,300.40823065070475,1,2.282339955292944e+19,6978392.149648546,36030800435209.16,5905993.7430281015,1.141530285650824e+19,8575278.689168736,7.98536348156631e-09,0,0,1,0.0,0.0,0
398,205533038.46164373,1,0.0,9084910.48805727,4816851136,38.42129711501324,300.41744720553845,1,2.320205486893829e+19,6814849.331139342,35643170198643.23,5905993.7430281015,1.160459175148901e+19,8571619.335504409,5.598849384114146e-09,0,0,1,0.0,0.0,0
399,206848199.51642045,1,0.0,9106092.425199885,4855002937,38.41955674407695,300.39544474211505,1,2.3571053515838206e+19,6822076.978673424,35716149549063.78,5905993.7430281015,1.1789098372874009e+19,8592168.726985294,6.297341315075755e-09,0,0,1,0.0,0.0,0
400,206848199.51642045,1,0.0,9127274.359760344,4893154737,38.419861200590134,300.3987239149634,1,2.39429632824984e+19,6865761.8076983,35793926974017.49,5905993.7430281015,1.1975061033946601e+19,8592168.726985294,6.297341315075755e-09,0,0,1,0.0,0.0,0
401,206848199.51642045,1,0.0,9148392.537121253,4931306538,38.420172847735095,300.40205792676454,1,2.4317784168918876e+19,6909446.6367231775,35875173347422.09,5905993.7430281015,1.2162479601794181e+19,8589108.50121859,6.297341315075755e-09,0,0,1,0.0,0.0,0
402,206848199.51642045,1,0.0,9169510.712069284,4969458338,38.420489610128904,300.40544816475966,1,2.4695516175099625e+19,6953131.465748055,35959888669277.59,5905993.7430281015,1.2351354076416741e+19,8589108.50121859,6.297341315075755e-09,0,0,1,0.0,0.0,0
403,206848199.51642045,1,0.0,9192345.021258222,5007610139,38.42081161815505,300.4088960633778,1,2.5076159301040656e+19,6996816.294772932,36048072939584.0,5905993.7430281015,1.2541684457814286e+19,8671483.056739647,6.96672941558063e-09,0,0,1,0.0,0.0,0
404,206848199.51642045,1,0.0,9214763.167439513,5045761939,38.42115341368078,300.41240310625966,1,2.5459713546741953e+19,7040501.12379781,36139726158341.3,5905993.7430281015,1.273347074598681e+19,8651507.340598226,8.203642209991813e-09,0,0,1,0.0,0.0,0
405,206848199.51642045,1,0.0,9237181.311441263,5083913740,38.42150075905341,300.4159708283862,1,2.584617891220354e+19,7084185.952822687,36234848325549.5,5905993.7430281015,1.2926712940934324e+19,8651507.340598226,8.203642209991813e-09,0,0,1,0.0,0.0,0
406,206848198.94979513,1,0.0,9259599.453274634,5122065541,38.42185379873885,300.4196008181238,1,2.6235555403229987e+19,7127870.777420804,36333439435799.63,5905993.7430281015,1.3121411045558573e+19,8651507.331744704,7.17773218639195e-09,0,0,1,0.0,0.0,0
407,206848198.94979513,1,0.0,9282017.593071345,5160217342,38.42221268233203,300.4232947201604,1,2.6627843014103183e+19,7171555.602018921,36435499494113.914,5905993.7430281015,1.3317565057001003e+19,8651507.331744704,7.17773218639195e-09,0,0,1,0.0,0.0,0
408,206848198.94979513,1,0.0,9304684.676137857,5198369143,38.42257577144338,300.42705423741876,1,2.702304174482312e+19,7215240.426617037,36541028500492.32,5905993.7430281015,1.351517497526161e+19,8668197.107478384,4.427420208230615e-09,0,0,1,0.0,0.0,0
409,206848198.94979513,1,0.0,9327351.757301219,5236520944,38.42294501407376,300.43088113386204,1,2.7421151595389817e+19,7258925.251215153,36650026454934.86,5905993.7430281015,1.3714240800340402e+19,8668197.107478384,4.427420208230615e-09,0,0,1,0.0,0.0,0
410,206848198.94979513,1,0.0,9350018.836624878,5274672745,38.423042546910025,300.4396154660982,1,2.782217256580326e+19,7079616.788364334,36159256949403.97,5905993.7430281015,1.3914702208596572e+19,8668197.107478384,4.427420208230615e-09,0,0,1,0.0,0.0,0
411,206848198.94979513,1,0.0,9372685.603199352,5312824546,38.42124779841541,300.416661733517,1,2.8226104656063443e+19,7079616.788364334,36253255441399.26,5905993.7430281015,1.4116677653575862e+19,8668174.717581347,3.132299752905965e-09,0,0,1,0.0,0.0,0
412,206848198.94979513,1,0.0,9395352.368054722,5350976347,38.42160013832878,300.42030384449345,1,2.8632947866170384e+19,7123301.612962451,36352457355490.75,5905993.7430281015,1.4320109178820741e+19,8668174.717581347,3.132299752905965e-09,0,0,1,0.0,0.0,0
413,206848198.94979513,1,0.0,9418019.131248288,5389128148,38.42195834594584,300.4240101895723,1,2.904270219612408e+19,7166986.437560568,36455128217646.375,5905993.7430281015,1.4524996610883803e+19,8668174.717581347,3.132299752905965e-09,0,0,1,0.0,0.0,0
414,206848198.94979513,1,0.0,9440685.892835448,5427279949,38.42232257717859,300.4277824831691,1,2.9455367645924508e+19,7210671.262158684,36561268027866.13,5905993.7430281015,1.473133994976504e+19,8668174.717581347,3.132299752905965e-09,0,0,1,0.0,0.0,0
415,206848198.94979513,1,0.0,9463352.652869744,5465431750,38.4226929935356,300.4316225012578,1,2.9870944215571694e+19,7254356.086756801,36670876786150.02,5905993.7430281015,1.4939139195464462e+19,8668174.717581347,3.132299752905965e-09,0,0,1,0.0,0.0,0
416,206848198.94979513,1,0.0,9486019.411402939,5503583551,38.42306976237543,300.43553208415835,1,3.0289431905065624e+19,7298040.911354918,36783954492498.05,5905993.7430281015,1.5148394347982062e+19,8668174.717581347,3.132299752905965e-09,0,0,1,0.0,0.0,0
417,206848198.94979513,1,0.0,9508686.16848507,5541735352,38.42345305717401,300.4395131394779,1,3.071083071440631e+19,7341725.735953035,36900501146910.21,5905993.7430281015,1.5359105407317846e+19,8668174.717581347,3.132299752905965e-09,0,0,1,0.0,0.0,0
418,206848198.94979513,1,0.0,9531352.92416451,5579887153,38.423843057806785,300.4435676452143,1,3.1135140643593744e+19,7385410.560551152,37020516749386.51,5905993.7430281015,1.5571272373471812e+19,8668174.717581347,3.132299752905965e-09,0,0,1,0.0,0.0,0
419,206848198.94979513,1,0.0,9554579.187865717,5618038954,38.42422013109689,300.4476976530327,1,3.156236169262792e+19,7429095.3851492675,37144001299926.93,5905993.7430281015,1.5784895246443952e+19,8695031.167711398,9.884388418868184e-09,0,0,1,0.0,0.0,0
420,206848198.94979513,1,0.0,9577805.450256184,5656190755,38.424604263853105,300.45190529172817,1,3.199249386150885e+19,7472780.209747384,37270954798531.49,5905993.7430281015,1.5999974026234278e+19,8695031.167711398,9.884388418868184e-09,0,0,1,0.0,0.0,0
421,206848198.94979513,1,0.0,9601031.7113796,5694342556,38.4249956569433,300.45619277088366,1,3.2425537150236533e+19,7516465.034345501,37401377245200.19,5905993.7430281015,1.6216508712842787e+19,8695031.167711398,9.884388418868184e-09,0,0,1,0.0,0.0,0
422,206848198.94979513,1,0.0,9625669.348679008,5732494358,38.42498879611045,300.46427023287066,1,3.286149155881095e+19,7335066.289537864,36807587451588.766,5905993.7430281015,1.6434426538150636e+19,8762777.282949844,7.1995600592345e-09,0,0,1,0.0,0.0,0
423,206848198.94979513,1,0.0,9650306.984794429,5770646159,38.42306586288056,300.44028453519064,1,3.330035708723213e+19,7335066.289537864,36923010435874.984,5905993.7430281015,1.6653870844659653e+19,8762777.282949844,7.1995600592345e-09,0,0,1,0.0,0.0,0
424,206848198.94979513,1,0.0,9674944.619765328,5808797960,38.42340808874837,300.44435335153486,1,3.374213373550006e+19,7376660.8166855015,37043623734227.1,5905993.7430281015,1.6874771230123452e+19,8762777.282949844,7.1995600592345e-09,0,0,1,0.0,0.0,0
425,206848198.94979513,1,0.0,9699582.253629854,5846949761,38.42375728892014,300.44849807191343,1,3.4186821503614726e+19,7418255.343833138,37167697241956.5,5905993.7430281015,1.7097127521531558e+19,8762777.282949844,7.1995600592345e-09,0,0,1,0.0,0.0,0
426,206848198.94979513,1,0.0,9724219.88642489,5885101562,38.424113657983725,300.4527208403165,1,3.4634420391576154e+19,7459849.870980775,37295230959063.164,5905993.7430281015,1.7320939718883983e+19,8762777.282949844,7.1995600592345e-09,0,0,1,0.0,0.0,0
427,206848198.94979513,1,0.0,9748857.518186087,5923253363,38.424477397939185,300.4570238822474,1,3.5084930399384318e+19,7501444.398128413,37426224885547.1,5905993.7430281015,1.7546207822180714e+19,8762777.282949844,7.1995600592345e-09,0,0,1,0.0,0.0,0
428,206848198.94979513,1,0.0,9773495.148947902,5961405164,38.42484871855434,300.4614095086339,1,3.553835152703924e+19,7543038.92527605,37560679021408.305,5905993.7430281015,1.777293183142176e+19,8762777.282949844,7.1995600592345e-09,0,0,1,0.0,0.0,0
429,206848198.94979513,1,0.0,9798132.778743649,5999556965,38.425227837740955,300.4658801199661,1,3.599468377454091e+19,7584633.452423687,37698593366646.78,5905993.7430281015,1.800111174660712e+19,8762777.282949844,7.1995600592345e-09,0,0,1,0.0,0.0,0
430,206848198.94979513,1,0.0,9822770.407605536,6037708766,38.42561498195307,300.47043821067814,1,3.6453927141889323e+19,7626227.979571324,37839967921262.53,5905993.7430281015,1.8230747567736787e+19,8762777.282949844,4.6093191485852e-09,0,0,1,0.0,0.0,0
431,206848198.94979513,1,0.0,9847408.035564683,6075860567,38.42601038660884,300.47508637378917,1,3.691608162908449e+19,7667822.5067189615,37984802685255.55,5905993.7430281015,1.846183929481077e+19,8762777.282949844,4.6093191485852e-09,0,0,1,0.0,0.0,0
432,206848198.94979513,1,0.0,9872045.662651189,6114012368,38.42641429653772,300.4798273058222,1,3.738114723612641e+19,7709417.033866599,38133097658625.84,5905993.7430281015,1.8694386927829066e+19,8762777.282949844,4.6093191485852e-09,0,0,1,0.0,0.0,0
433,206848198.94979513,1,0.0,9896683.277308341,6152164169,38.42686157219128,300.4918547109416,1,3.784912396301507e+19,7551011.561014236,37453458446979.08,5905993.7430281015,1.8928307327352234e+19,8762776.726831786,3.838067641481757e-09,0,0,1,0.0,0.0,0
434,206848198.94979513,1,0.0,9921320.891150054,6190315970,38.424369750932904,300.46225975454274,1,3.832001180975048e+19,7551011.561014236,37586845714178.945,5905993.7430281015,1.916376458944666e+19,8762776.726831786,3.372406354174018e-09,0,0,1,0.0,0.0,0
435,206848198.94979513,1,0.0,9945958.504203511,6228467771,38.42475190989649,300.46674693728903,1,3.879381077633265e+19,7592606.088161873,37725423295444.73,5905993.7430281015,1.940067793049587e+19,8762776.726831786,3.372406354174018e-09,0,0,1,0.0,0.0,0
436,206848198.94979513,1,0.0,9970596.116494989,6266619572,38.425142131886254,300.47132208864787,1,3.927052086276155e+19,7634200.61530951,37867461086087.77,5905993.7430281015,1.9639047177489383e+19,8762776.726831786,3.372406354174018e-09,0,0,1,0.0,0.0,0
437,206848198.94979513,1,0.0,9995233.728049882,6304771373,38.42554065412529,300.47598782108753,1,3.975014206903722e+19,7675795.142457148,38012959086108.09,5905993.7430281015,1.987887233042722e+19,8762776.726831786,3.372406354174018e-09,0,0,1,0.0,0.0,0
438,206848198.94979513,1,0.0,10019012.913206609,6342923174,38.42596395866636,300.48074685155655,1,4.0232674395159626e+19,7717389.669604785,38161917295505.69,5905993.7430281015,2.0120153389309362e+19,8721572.29389718,4.8858055379241705e-09,0,0,1,0.0,0.0,0
439,210790543.77985892,1,0.0,10043219.869466497,6377132631,38.42658600080707,300.4874245275858,1,4.066782058733284e+19,7785238.602135188,38371761997745.43,5905993.7430281015,2.0337747469866193e+19,8783171.431866927,5.35146682523191e-09,0,0,1,0.0,0.0,0
440,210790543.77985892,1,0.0,10067426.82506103,6411342087,38.42722518012404,300.4942903253469,1,4.110530735329582e+19,7853087.534665591,38588339048693.17,5905993.7430281015,2.055651251055278e+19,8783171.431866927,5.35146682523191e-09,0,0,1,0.0,0.0,0
441,210790543.77985892,1,0.0,10091633.780012393,6445551543,38.42788222973436,300.5013523079902,1,4.154513469304854e+19,7920936.467195994,38811648448348.91,5905993.7430281015,2.0776448511369105e+19,8783171.431866927,5.35146682523191e-09,0,0,1,0.0,0.0,0
442,208374411.34124008,1,0.0,10115578.567193734,6482177132,38.42843221417211,300.50740115331024,1,4.201862036577626e+19,7969909.365049688,39002553501519.0,5905993.7430281015,2.101321043823828e+19,8745419.362513509,6.741174729540944e-09,0,0,1,0.0,0.0,0
443,211416431.05543804,1,0.0,10140092.548539272,6515760701,38.42915286998917,300.5151697875981,1,4.245513750710097e+19,8039778.667907584,39248219523787.41,5905993.7430281015,2.123149357550286e+19,8804428.416599724,4.827597877010703e-09,0,0,1,0.0,0.0,0
444,211416431.05543804,1,0.0,10164606.529303834,6549344270,38.42943860149838,300.52537533447907,1,4.289391036063179e+19,7865237.385494927,38454139291815.15,5905993.7430281015,2.1450800594245075e+19,8804428.416599724,4.827597877010703e-09,0,0,1,0.0,0.0,0
445,211416431.05543804,1,0.0,10187852.09089278,6582927838,38.427164100430666,300.49716911223595,1,4.333493892636871e+19,7880458.408862964,38679294222856.0,5905993.7430281015,2.1671337392606642e+19,8743544.323127575,5.016772774979472e-09,0,0,1,0.0,0.0,0
446,211416431.05543804,1,0.0,10211097.651938837,6616511407,38.4278790198421,300.5046252854575,1,4.3778223204311745e+19,7965548.735088898,38916472953210.766,5905993.7430281015,2.1893003249451192e+19,8743544.323127575,5.016772774979472e-09,0,0,1,0.0,0.0,0
447,211416431.05543804,1,0.0,10234343.212460103,6650094976,38.42861476589141,300.5123085080979,1,4.422376319446089e+19,8050639.0613148315,39162033678924.055,5905993.7430281015,2.2115797800598335e+19,8743544.323127575,5.016772774979472e-09,0,0,1,0.0,0.0,0
448,211416431.05543804,1,0.0,10257588.772474065,6683678545,38.42937229727777,300.52022931139226,1,4.467155889681614e+19,8135729.387540765,39415976399995.87,5905993.7430281015,2.2339721046048068e+19,8743544.323127575,5.016772774979472e-09,0,0,1,0.0,0.0,0
449,211416431.05543804,1,0.0,10280834.331997639,6717262114,38.43015263285123,300.5283988880974,1,4.512161031137749e+19,8220819.713766699,39678301116426.2,5905993.7430281015,2.256477298580039e+19,8743544.323127575,5.016772774979472e-09,0,0,1,0.0,0.0,0
450,211416431.05543804,1,0.0,10304079.891047165,6750845683,38.4309568564102,300.53682914526235,1,4.557391743814496e+19,8305910.039992632,39949007828215.06,5905993.7430281015,2.2790953619855303e+19,8743544.323127575,5.016772774979472e-09,0,0,1,0.0,0.0,0
451,211416431.05543804,1,0.0,10327580.541317428,6784429252,38.43178131664237,300.5455327621326,1,4.602848027711854e+19,8387939.266070802,40227006615674.81,5905993.7430281015,2.301826283922084e+19,8755788.72371863,4.652974894270301e-09,0,0,1,0.0,0.0,0
452,211416431.05543804,1,0.0,10351081.191144727,6818012821,38.43263200565336,300.55452325377996,1,4.648529882829822e+19,8469968.492148971,40513092056297.97,5905993.7430281015,2.3246700723354743e+19,8755788.72371863,4.652974894270301e-09,0,0,1,0.0,0.0,0
453,211416431.05543804,1,0.0,10374581.840543823,6851596390,38.43283333047387,300.5637990722872,1,4.694437309168402e+19,8152910.779197639,39571544649550.984,5905993.7430281015,2.3476143700306964e+19,8755788.72371863,4.652974894270301e-09,0,0,1,0.0,0.0,0
454,211416431.05543804,1,0.0,10398082.48952899,6885179959,38.430405698894084,300.53372293904647,1,4.740570306727592e+19,8152910.779197639,39828902978496.4,5905993.7430281015,2.3706834423935807e+19,8755788.72371863,4.652974894270301e-09,0,0,1,0.0,0.0,0
455,211416431.05543804,1,0.0,10421583.138114022,6918763528,38.43121987279596,300.54232531839887,1,4.786928875507394e+19,8234940.005275809,40098391287186.914,5905993.7430281015,2.393865421666569e+19,8755788.72371863,4.652974894270301e-09,0,0,1,0.0,0.0,0
456,211416431.05543804,1,0.0,10445083.78631226,6952347097,38.43205981129168,300.55120954133616,1,4.833513015507806e+19,8316969.231353979,40375966249040.83,5905993.7430281015,2.4171602674163933e+19,8755788.72371863,4.652974894270301e-09,0,0,1,0.0,0.0,0
457,211416431.05543804,1,0.0,10468584.434136603,6985930666,38.432926795439904,300.56038968979504,1,4.8803227267288285e+19,8398998.457432149,40661627864058.14,5905993.7430281015,2.440567979643055e+19,8755788.72371863,4.652974894270301e-09,0,0,1,0.0,0.0,0
458,211416431.05543804,1,0.0,10492031.335029172,7019514235,38.43382408164196,300.56988079971404,1,4.9273580091704615e+19,8481027.683510318,40955376132238.85,5905993.7430281015,2.464088558346553e+19,8753208.88834264,5.191395757719874e-09,0,0,1,0.0,0.0,0
459,211416431.05543804,1,0.0,10515478.235572353,7053097804,38.43475124289428,300.57969894321343,1,4.974618862832706e+19,8563056.909588488,41257211053582.96,5905993.7430281015,2.487722003526889e+19,8753208.88834264,5.191395757719874e-09,0,0,1,0.0,0.0,0
460,211416431.05543804,1,0.0,10538925.135777788,7086681373,38.43570984365883,300.58986131941856,1,5.0221052877155615e+19,8645086.13566666,41567132628090.47,5905993.7430281015,2.5114683151840616e+19,8753208.88834264,5.191395757719874e-09,0,0,1,0.0,0.0,0
461,211416431.05543804,1,0.0,10562372.03565674,7120264942,38.43670156000088,300.6003863550072,1,5.069817283819027e+19,8727115.361744829,41885140855761.375,5905993.7430281015,2.535327493318071e+19,8753208.88834264,5.191395757719874e-09,0,0,1,0.0,0.0,0
462,211416431.05543804,1,0.0,10585818.93522009,7153848511,38.43676304626433,300.6082865898929,1,5.117754851143104e+19,8428424.249680078,40840363829495.06,5905993.7430281015,2.559285829209847e+19,8753208.88834264,5.191395757719874e-09,0,0,1,0.0,0.0,0
463,211416431.05543804,1,0.0,10609265.834478358,7187432079,38.43416356663646,300.57607849366224,1,5.165917989687792e+19,8428424.249680078,41130474750068.92,5905993.7430281015,2.5833702995913966e+19,8753208.88834264,5.191395757719874e-09,0,0,1,0.0,0.0,0
464,211416431.05543804,1,0.0,10632712.733441716,7221015648,38.435109496013645,300.58611323147153,1,5.214306699453089e+19,8510453.475758247,41432715650387.875,5905993.7430281015,2.6075676768830484e+19,8753208.88834264,5.191395757719874e-09,0,0,1,0.0,0.0,0
465,211416431.05543804,1,0.0,10656159.632119989,7254599217,38.43608790969024,300.5965037578991,1,5.262920980438999e+19,8592482.701836418,41743043203870.234,5905993.7430281015,2.631877920651538e+19,8753208.88834264,5.191395757719874e-09,0,0,1,0.0,0.0,0
466,211416431.05543804,1,0.0,10679652.794687215,7288182786,38.437098934362695,300.60726933654706,1,5.311760832645519e+19,8674511.927914588,42061457410515.984,5905993.7430281015,2.6563010308968645e+19,8755429.568240222,5.496985977515578e-09,0,0,1,0.0,0.0,0
467,211416431.05543804,1,0.0,10703145.956988046,7321766355,38.43814607659549,300.6184306472397,1,5.36082625607265e+19,8756541.153992757,42387958270325.14,5905993.7430281015,2.680837007619028e+19,8755429.568240222,5.496985977515578e-09,0,0,1,0.0,0.0,0
468,211416431.05543804,1,0.0,10727721.713325538,7355349924,38.439231358052666,300.6300099186071,1,5.410117250720391e+19,8838570.380070927,42722545783297.69,5905993.7430281015,2.7054858508180287e+19,8833376.357420465,5.3551048040390015e-09,0,0,1,0.0,0.0,0
469,211416431.05543804,1,0.0,10752297.469414098,7388933493,38.44035695463919,300.64203107584876,1,5.459633816588744e+19,8920599.606149098,43065219949433.64,5905993.7430281015,2.7302475604938666e+19,8833376.357420465,5.3551048040390015e-09,0,0,1,0.0,0.0,0
470,211416431.05543804,1,0.0,10778130.895233417,7422517062,38.441396193027124,300.6603962726705,1,5.509375953677708e+19,8643847.160827225,41941638853732.22,5905993.7430281015,2.755107393227391e+19,8893744.516047351,3.296008799225092e-09,0,0,1,0.0,0.0,0
471,211416431.05543804,1,0.0,10803964.320820129,7456100631,38.437424180793215,300.6143119648118,1,5.559343661987281e+19,8643847.160827225,42257436332790.445,5905993.7430281015,2.7800944053569688e+19,8893744.516047351,3.296008799225092e-09,0,0,1,0.0,0.0,0
472,211416431.05543804,1,0.0,10829797.746181978,7489684200,38.438451503295,300.625736091774,1,5.609536941517467e+19,8725225.011380408,42585276776860.15,5905993.7430281015,2.805194323526502e+19,8893744.516047351,3.296008799225092e-09,0,0,1,0.0,0.0,0
473,211416431.05543804,1,0.0,10855631.17132647,7523267769,38.43951848018123,300.63759317050153,1,5.659955792268263e+19,8806602.86193359,42921145864270.836,5905993.7430281015,2.830407107592774e+19,8893744.516047351,3.296008799225092e-09,0,0,1,0.0,0.0,0
474,211416431.05543804,1,0.0,10881464.596260842,7556851338,38.44062739194992,300.6499082883963,1,5.710600214239669e+19,8887980.712486774,43265043595022.49,5905993.7430281015,2.8557327575557845e+19,8893744.516047351,3.296008799225092e-09,0,0,1,0.0,0.0,0
475,211416431.05543804,1,0.0,10906845.942506582,7590434907,38.44178069878765,300.66270850928845,1,5.7614702074316866e+19,8969358.563039957,43616969969115.14,5905993.7430281015,2.8811712734155346e+19,8872044.748742191,1.0986695997416973e-09,0,0,1,0.0,0.0,0
476,211416431.05543804,1,0.0,10932227.288555972,7624018476,38.442981058619075,300.67602307197984,1,5.812565771844315e+19,9050736.41359314,43976924986548.76,5905993.7430281015,2.9067226551720227e+19,8872044.748742191,1.0986695997416973e-09,0,0,1,0.0,0.0,0
477,211416431.05543804,1,0.0,10957608.634415569,7657602045,38.444231347376615,300.689883613212,1,5.863886907477554e+19,9132114.26414632,44344908647323.37,5905993.7430281015,2.9323869028252504e+19,8872044.748742191,1.0986695997416973e-09,0,0,1,0.0,0.0,0
478,211416431.05543804,1,0.0,10983031.622795306,7691185614,38.44553468181606,300.7043244186371,1,5.915433614331404e+19,9213492.114699503,44720920951438.95,5905993.7430281015,2.9581640163752165e+19,8875043.023402333,8.803908713161945e-10,0,0,1,0.0,0.0,0
479,211416431.05543804,1,0.0,11008454.610997688,7724769183,38.44652108981485,300.72227054295405,1,5.967205892405865e+19,8919360.631309664,43481336131716.97,5905993.7430281015,2.9840377595642495e+19,8875043.023402333,8.803908713161945e-10,0,0,1,0.0,0.0,0
480,211416431.05543804,1,0.0,11033877.59902863,7758352752,38.44210842874237,300.67110460155686,1,6.0192037417009365e+19,8919360.631309664,43829886202403.63,5905993.7430281015,3.010040169712492e+19,8875043.023402333,8.803908713161945e-10,0,0,1,0.0,0.0,0
481,211416431.05543804,1,0.0,11059300.586893838,7791936320,38.443339890677734,300.6847621517803,1,6.071427162216619e+19,9000738.481862847,44190479238101.78,5905993.7430281015,3.0361554859006906e+19,8875043.023402333,8.803908713161945e-10,0,0,1,0.0,0.0,0
482,211416431.05543804,1,0.0,11084723.574598843,7825519889,38.44462322219479,300.6989871353134,1,6.123876153952912e+19,9082116.33241603,44559100917140.9,5905993.7430281015,3.0623836679856275e+19,8875043.023402333,8.803908713161945e-10,0,0,1,0.0,0.0,0
483,211416431.05543804,1,0.0,11111120.643087126,7859103458,38.44592931132303,300.7138156652749,1,6.176550716909816e+19,9163494.182969213,44935751239521.01,5905993.7430281015,3.0887247159673033e+19,8921798.908433158,3.2669049687683582e-09,0,0,1,0.0,0.0,0
484,211416431.05543804,1,0.0,11136674.38692119,7892687027,38.44729445387825,300.7292869856628,1,6.229450851087331e+19,9244872.033522395,45320430205242.09,5905993.7430281015,3.1151786298457182e+19,8861079.544107687,3.6452547647058964e-09,0,0,1,0.0,0.0,0
485,211416431.05543804,1,0.0,11162228.130610539,7926270596,38.44872252959603,300.745443818166,1,6.2825765564854575e+19,9326249.884075578,45713137814304.16,5905993.7430281015,3.141745409620872e+19,8861079.544107687,3.6452547647058964e-09,0,0,1,0.0,0.0,0
486,211416431.05543804,1,0.0,11186111.242578968,7959854165,38.45027230015275,300.76233275612117,1,6.335927833104194e+19,9407627.73462876,46113874066707.2,5905993.7430281015,3.168425055292764e+19,8780889.228218198,1.025910023599863e-09,0,0,1,0.0,0.0,0
487,211416431.05543804,1,0.0,11209994.354412172,7993437734,38.45189341522245,300.780004713264,1,6.3895046809435415e+19,9489005.585181942,46522638962451.23,5905993.7430281015,3.195217566861395e+19,8780889.228218198,1.025910023599863e-09,0,0,1,0.0,0.0,0
488,211416431.05543804,1,0.0,11233877.466114655,8027021303,38.4527962436973,300.7969377441837,1,6.443307100003499e+19,9194874.101792103,45172848754536.266,5905993.7430281015,3.222105278489295e+19,8780889.228218198,1.025910023599863e-09,0,0,1,0.0,0.0,0
489,211416431.05543804,1,0.0,11257760.577712769,8060604872,38.44785398321276,300.7394677917377,1,6.497335090284069e+19,9194874.101528242,45554151416839.805,5905993.7430281015,3.2491230866562028e+19,8780889.229273638,7.421476766467094e-10,0,0,1,0.0,0.0,0
490,211416431.05543804,1,0.0,11282162.054959727,8094188441,38.44937808486691,300.7560840088065,1,6.551588651785249e+19,9276251.951817565,45947497044131.66,5905993.7430281015,3.2762538008630657e+19,8805770.786281213,3.1141098588705063e-09,0,0,1,0.0,0.0,0
491,211416431.05543804,1,0.0,11306974.889007725,8127772010,38.450971788090726,300.77346414112253,1,6.606067784507039e+19,9357629.802106887,46348871314741.33,5905993.7430281015,3.303497380966667e+19,8835388.484457936,2.9176590032875538e-09,0,0,1,0.0,0.0,0
492,211416431.05543804,1,0.0,11331787.722941585,8161355579,38.45263999535661,300.7916621085926,1,6.660772488449441e+19,9439007.65239621,46758274228668.836,5905993.7430281015,3.3308538269670072e+19,8835388.484457936,2.9176590032875538e-09,0,0,1,0.0,0.0,0
493,211416277.46053866,1,0.0,11357715.289465198,8194939301,38.45438806276843,300.81073683069366,1,6.715703015352626e+19,9520384.302725382,47175701448788.8,5905993.7430281015,3.358323264690801e+19,8915648.038904306,3.2669049687683582e-09,0,0,1,0.0,0.0,0
494,211416277.46053866,1,0.0,11384043.865884595,8228523024,38.4562148222505,300.83075343983455,1,6.7708591155397345e+19,9596948.833025247,47599913427018.99,5905993.7430281015,3.3859055569041375e+19,8934896.519021526,4.212779458612204e-09,0,0,1,0.0,0.0,0
495,211416277.46053866,1,0.0,11410372.44220089,8262106746,38.458133817950404,300.8517834659353,1,6.826240789010763e+19,9673513.363325113,48031777891829.64,5905993.7430281015,3.4136007122842997e+19,8934896.519021526,5.260517355054617e-09,0,0,1,0.0,0.0,0
496,211416277.46053866,1,0.0,11436066.272819007,8295690469,38.46015222842693,300.87390586997714,1,6.8818480357657125e+19,9750077.893624978,48471294843220.734,5905993.7430281015,3.4414087308312883e+19,8889194.835929079,6.13727024756372e-09,0,0,1,0.0,0.0,0
497,211416277.46053866,1,0.0,11461760.103340782,8329274192,38.46085173081314,300.88882262741487,1,6.937680855804584e+19,9465571.852100922,47015971925894.086,5905993.7430281015,3.469310587621551e+19,8889194.835929079,6.13727024756372e-09,0,0,1,0.0,0.0,0
498,211416277.46053866,1,0.0,11487453.933769427,8362857914,38.455191999521006,300.82333753000506,1,6.9937392491273765e+19,9465571.852100922,47430022715061.53,5905993.7430281015,3.497343924790839e+19,8889194.835929079,6.13727024756372e-09,0,0,1,0.0,0.0,0
499,211416277.46053866,1,0.0,11513165.408231264,8396441637,38.45707586148743,300.8439891065416,1,7.050023215734092e+19,9542136.382400787,47855552234099.65,5905993.7430281015,3.5254901633893868e+19,8890041.753843727,8.02901922725141e-09,0,0,1,0.0,0.0,0
500,1145000000.0,0,259438.58383022912,11234972.802020364,7496441637,27.569692079298658,300.8505987297298,0,5.619663721140616e+19,20065482.235299196,83916680550883.28,5646555.1591978725,2.810671027375817e+19,8889891.550408788,8.414644980803132e-09,0,0,1,0.0,0.0,0
501,797872949.6971416,1,0.0,11081474.158783633,6943568687,38.41459996516853,420.0,1,4.821314611016033e+19,26555184.86040026,146875127416621.62,6056534.95975446,2.412126056782183e+19,8932089.574975848,1.605440047569573e-08,0,0,1,0.0,0.0,0
502,585000000.0,1,0.0,11002825.651000671,6603568687,38.40147995936273,420.0,1,4.36071194030457e+19,30108007.51973609,161634737823063.8,7396969.208263773,2.1819723175305155e+19,8932089.574975848,1.605440047569573e-08,0,0,1,0.0,0.0,0
503,1145000000.0,0,200000.0,10638934.087583542,5703568687,0.2660268785491468,0.3763997624691048,0,3.2530695766565798e+19,43712240.6540198,271143495800121.4,11043780.624433544,1.629246223286291e+19,8932089.574975848,1.656371750868857e-08,0,0,1,0.0,0.0,0
504,477081387.30269325,1,0.0,10602979.533655822,5471487300,38.49829492277099,300.96501534089333,1,2.993717327001879e+19,45621874.97809548,287970773308321.3,10784342.040603314,1.4997383712340226e+19,8854444.710298803,1.5108525985851884e-08,0,0,1,0.0,0.0,0
505,349800000.0,1,0.0,10608470.476291765,5366687300,38.44377214017939,420.0,1,2.880133257201622e+19,46039624.27822948,302598930344692.6,11324903.456773084,1.4430926179042578e+19,8855056.871733196,8.531060302630067e-09,0,0,1,0.0,0.0,0
506,349800000.0,1,0.0,10613961.745024413,5261887300,38.449099479436256,420.0,1,2.7687457954013647e+19,46457373.57836348,311753424297489.0,11865464.872942854,1.3874904319436573e+19,8855072.527259057,7.788912625983357e-09,0,0,1,0.0,0.0,0
507,1145000000.0,0,200000.0,10252091.902587876,4361887300,0.5354033766789967,1.7446319909822199,0,1.9026060814678594e+19,60100122.87849748,537404146264871.56,15512276.289112624,9.566770821965783e+18,8855072.527259057,7.788912625983357e-09,0,0,1,0.0,0.0,0
508,410665109.8421546,1,0.0,10243325.865485119,4196222190,38.62125310120336,301.6496023530103,1,1.7608280666072805e+19,61031135.18459423,533963716589186.06,15252837.705282394,8.857536704695322e+18,8855072.527259057,7.3450792115181684e-09,0,0,1,0.0,0.0,0
509,349800000.0,1,0.0,10259928.24516039,4091422190,38.68048046209932,420.0,1,1.673973553509315e+19,61248884.48472823,550317995317583.8,15793399.121452164,8.424899567078333e+18,8855072.527259057,7.3450792115181684e-09,0,0,1,0.0,0.0,0
510,349800000.0,1,0.0,10276530.624783197,3986622190,39.107011735132,420.0,1,1.5893156484113494e+19,61466633.78486223,565868204025893.2,16333960.537621934,8.003165062459337e+18,8855072.527259057,7.3450792115181684e-09,0,0,1,0.0,0.0,0
511,344248832.381616,1,0.0,10294942.258763382,3887373357,38.640181851206485,301.93405332649826,1,1.5111671619876325e+19,61619330.33946829,558046718205377.9,16074521.953791704,7.611640481758701e+18,8855179.744810041,1.3660610420629382e-08,0,0,1,0.0,0.0,0
512,298600000.0,1,0.0,10328213.538652102,3833773357,39.21074925968443,420.0,1,1.4697818155962315e+19,61237079.63960229,564998255023252.0,16415083.369961474,7.405408903483482e+18,8855179.744810041,1.3777025742456317e-08,0,0,1,0.0,0.0,0
513,277848307.56018686,1,0.0,10368246.763792465,3800925050,38.57580538640906,300.59637987667907,1,1.4447031234551585e+19,60611521.97646419,555882815447214.1,16155583.252384724,7.279103898820514e+18,8855425.879796129,1.4933903003111482e-08,0,0,1,0.0,0.0,0
514,339961080.85874486,1,0.0,10388060.987162227,3705963969,43.174453530290215,350.71858356027815,2,1.3734168939436417e+19,60713848.37541856,570541651090920.6,16657649.856912445,6.924138634827301e+18,8855425.879796129,1.535590854473412e-08,0,0,1,0.0,0.0,0
515,277864060.1992964,1,0.0,10425222.094355881,3673099909,38.59112569381852,301.5207998870258,1,1.3491662939942715e+19,60088475.31352002,556624664782777.5,16398149.739335695,6.801493936449635e+18,8855425.879796129,1.533408067189157e-08,0,0,1,0.0,0.0,0
516,277864060.1992964,1,0.0,10459694.635995584,3640235849,39.097930965049315,307.0922044955912,1,1.3251317033354582e+19,59463102.251621485,559650776642893.06,16657649.856912445,6.681623594341581e+18,8855425.879796129,1.533408067189157e-08,0,0,1,0.0,0.0,0
517,277864060.1992964,1,0.0,10494777.401151681,3607371788,38.58316378095128,300.5502718791655,1,1.3013131219672015e+19,58823083.82433628,551026995820854.2,16398149.739335695,6.561668309418093e+18,8884716.610569457,1.6199919627979398e-08,0,0,1,0.0,0.0,0
518,277864060.1992964,1,0.0,10529860.166267784,3574507728,39.56421719181416,312.26997405309646,1,1.2777105498895012e+19,58183065.39705109,554482646983416.25,16657649.856912445,6.444001014145847e+18,8884716.61056944,1.6301783034577966e-08,0,0,1,0.0,0.0,0
519,277864060.1992964,1,0.0,10564942.931345217,3541643668,38.563885271442864,301.2530565340164,1,1.254323987102358e+19,57543046.969765894,541680943522402.6,16398149.739335695,6.32578802986403e+18,8884716.61056944,1.6301783034577966e-08,0,0,1,0.0,0.0,0
520,277864060.1992964,1,0.0,10600025.696385276,3508779608,38.761528829537205,302.776108092416,1,1.2311534336057709e+19,56903028.5424807,543194026372267.25,16657649.856912445,6.210086570666081e+18,8884716.61056944,1.6767444321885705e-08,0,0,1,0.0,0.0,0
521,277864060.1992964,1,0.0,10635108.4613892,3475915548,38.56956567002496,301.35400726900707,1,1.2081988893997406e+19,56263010.115195505,531077271875168.5,16398149.739335695,6.09410217418622e+18,8884716.61056944,1.6301783034577966e-08,0,0,1,0.0,0.0,0
522,277864060.1992964,1,0.0,10670191.226358201,3443051487,38.85811404658381,304.50451166161054,1,1.1854603544842668e+19,55622991.68791031,535902820965560.2,16657649.856912445,5.98089205451789e+18,8884716.61056944,1.6534613678231835e-08,0,0,1,0.0,0.0,0
523,277864060.1992964,1,0.0,10705273.991293436,3410187427,38.5327667802758,300.463438551635,1,1.1629378288593494e+19,54982973.260625124,527717719570729.56,16398149.739335695,5.86746091625382e+18,8884716.61056944,1.6301783034577966e-08,0,0,1,0.0,0.0,0
524,277864060.1992964,1,0.0,10740356.756196033,3377323367,38.68678701934263,301.9971384848236,1,1.1406313125249888e+19,54369884.04106782,530061252678016.3,16657649.856912445,5.756162687892746e+18,8884716.61056944,1.6534613678231835e-08,0,0,1,0.0,0.0,0
525,277864060.1992964,1,0.0,10775439.521067083,3344459307,38.54419605628775,301.1375938475214,1,1.1185408054811849e+19,53729865.61378262,518792854467763.75,16398149.739335695,5.644583312852701e+18,8884716.61056944,1.6301783034577966e-08,0,0,1,0.0,0.0,0
526,277864060.1992964,1,0.0,10809314.824793728,3311595247,38.694207056392,302.75862426869054,1,1.0966663077279373e+19,53092885.50017649,524492483127971.0,16657649.856912445,5.535780786952484e+18,8826758.477101848,1.4344550436362624e-08,0,0,1,0.0,0.0,0
527,277864060.1992964,1,0.0,10843190.128490888,3278731186,38.526959927403986,300.4351073779512,1,1.0750078192652466e+19,52618587.95900537,517168357837107.3,16398149.739335695,5.426755932109944e+18,8826758.477101848,1.4344550436362624e-08,0,0,1,0.0,0.0,0
528,277864060.1992964,1,0.0,10877065.432159552,3245867126,38.645041629840094,301.559536183803,1,1.0535653400931123e+19,52181607.84539924,520366668614381.7,16657649.856912445,5.319863367327e+18,8826758.477101848,1.5275873010978103e-08,0,0,1,0.0,0.0,0
529,277864060.1992964,1,0.0,10910940.735800665,3213003066,38.52575197107207,300.9808265696234,1,1.0323388702115346e+19,51544627.7317931,510130115247465.2,16398149.739335695,5.212707362582419e+18,8826758.477101848,1.4708348317071795e-08,0,0,1,0.0,0.0,0
530,277864060.1992964,1,0.0,10944816.039415153,3180139006,38.62032559963553,301.9880738941478,1,1.011328409620514e+19,50988647.38303346,516509803664892.8,16657649.856912445,5.10829302846906e+18,8826758.477101848,1.4475517673417926e-08,0,0,1,0.0,0.0,0
531,277864060.1992964,1,0.0,10978691.343003895,3147274946,38.52286889359904,300.410040558948,1,9.905339583200496e+18,50632667.034273826,509806571268271.75,16398149.739335695,5.003650448727075e+18,8826758.477101848,1.3034878065809608e-08,0,0,1,0.0,0.0,0
532,277864060.1992964,1,0.0,11012566.646567754,3114410885,38.61892320168423,301.27923668476603,1,9.699555163101415e+18,50428392.25837604,513849302095637.4,16657649.856912445,4.901162511760271e+18,8826758.477101848,1.2569216778501868e-08,0,0,1,0.0,0.0,0
533,277864060.1992964,1,0.0,11045210.745643897,3081546825,38.51173049348739,300.8620332063261,1,9.495930835907903e+18,50058948.82437081,504315230251326.44,16398149.739335695,4.798396940979084e+18,8767660.662846165,1.3675162335857749e-08,0,0,1,0.0,0.0,0
534,277864060.1992964,1,0.0,11078867.53502478,3048682765,38.57794669900305,301.5540032576347,1,9.294466601619958e+18,49770505.15521208,510962570553429.06,16657649.856912445,4.698329557865321e+18,8816269.798589936,7.767084753140807e-09,0,0,1,0.0,0.0,0
535,277864060.1992964,1,0.0,11112524.309997348,3015818705,38.51999604548225,300.3877046423687,1,9.095162460237576e+18,49682061.486053355,504383838291619.2,16398149.739335695,4.59801961394795e+18,8816268.762809457,4.845787771046162e-09,0,0,1,0.0,0.0,0
536,277864060.1992964,1,0.0,11145743.519020172,2982954645,38.59114237545946,301.7123311803294,1,8.898018411760762e+18,49712618.052048124,511211844362161.44,16657649.856912445,4.500130390316597e+18,8795265.59826476,4.351022653281689e-09,0,0,1,0.0,0.0,0
537,277864060.1992964,1,0.0,11178962.72802199,2950090584,38.50962579087733,300.76890664433165,1,8.703034456189513e+18,49543174.6180429,502422459830863.56,16398149.739335695,4.401759474077843e+18,8795265.59826476,4.816683940589428e-09,0,0,1,0.0,0.0,0
538,277864060.1992964,1,0.0,11212181.937003504,2917226524,38.551721066947245,300.8910940090831,1,8.51021059352383e+18,49173731.18403767,506329028535618.3,16657649.856912445,4.3057381996154767e+18,8795265.59826476,4.816683940589428e-09,0,0,1,0.0,0.0,0
539,277864060.1992964,1,0.0,11245401.145965394,2884362464,38.51809854562503,300.3676764053126,1,8.319546823763713e+18,48885287.51487894,499696983116514.44,16398149.739335695,4.209743110193508e+18,8795265.59826476,5.0495145842432976e-09,0,0,1,0.0,0.0,0
540,277864060.1992964,1,0.0,11279791.67611869,2851498404,38.55900043856368,301.380264041816,1,8.131043146909166e+18,48796843.84572022,506545115067857.56,16657649.856912445,4.1161760849613686e+18,8851489.016363008,4.656612873077393e-10,0,0,1,0.0,0.0,0
541,277864060.1992964,1,0.0,11315777.222036103,2818634344,38.501071796791244,300.6939394664247,1,7.94469956296018e+18,48627400.411714986,498081695361393.8,16398149.739335695,4.0221579510162294e+18,8928049.77392109,1.1641532182693481e-09,0,0,1,0.0,0.0,0
542,277864060.1992964,1,0.0,11351324.459588181,2785770283,38.54253572825998,300.7919437566914,1,7.760516071916761e+18,48336452.60013975,502499363213447.06,16657649.856912445,3.930507972279725e+18,8907010.973236006,1.964508555829525e-10,0,0,1,0.0,0.0,0
543,277864060.1992964,1,0.0,11386871.697123118,2752906223,38.50323339334508,300.72382585966756,1,7.578492673778908e+18,48177528.56647707,494518003973120.9,16398149.739335695,3.838698137286766e+18,8907010.973236006,4.2928149923682213e-10,0,0,1,0.0,0.0,0
544,277864060.1992964,1,0.0,11422418.934641495,2720042163,38.54655646659674,300.831106096493,1,7.398629368546621e+18,48018604.532814376,499193189216174.75,16657649.856912445,3.749234003194928e+18,8907010.973236006,1.964508555829525e-10,0,0,1,0.0,0.0,0
545,277864060.1992964,1,0.0,11457966.17212186,2687178103,38.505745362693965,300.7564023887961,1,7.2209261562199e+18,47859680.49967942,491451917098489.8,16398149.739335695,3.659608269819799e+18,8907010.972180564,1.673470251262188e-09,0,0,1,0.0,0.0,0
546,277864060.1992964,1,0.0,11494519.02638039,2654314043,38.528390083309404,300.9389680691149,1,7.045383036798746e+18,47700756.46654445,498697131072173.6,16657649.856912445,3.57256123150659e+18,8979415.381322578,3.812601789832115e-09,0,0,1,0.0,0.0,0
547,277864060.1992964,1,0.0,11531071.880623953,2621449982,38.48764585045267,300.30672186023554,1,6.872000010283156e+18,47503831.963102475,492007812049831.1,16398149.739335695,3.4852007863465615e+18,8979415.381322578,3.812601789832115e-09,0,0,1,0.0,0.0,0
548,277864060.1992964,1,0.0,11567624.734853048,2588585922,38.53328836137705,300.9945312474764,1,6.700777076673133e+18,47387907.224507004,499506464385443.6,16657649.856912445,3.4003391847751107e+18,8979415.381322578,3.812601789832115e-09,0,0,1,0.0,0.0,0
549,277864060.1992964,1,0.0,11604177.589050464,2555721862,38.48855089022485,300.31242358654964,1,6.531714235968676e+18,47428983.19137204,493001476794165.56,16398149.739335695,3.315157265663754e+18,8979415.380473124,5.034962669014931e-09,0,0,1,0.0,0.0,0
550,277864060.1992964,1,0.0,11640730.443234358,2522857802,38.53212025975795,300.6477876730018,1,6.364811488169784e+18,47270059.15823707,497820834656252.4,16657649.856912445,3.232187827550517e+18,8979415.380473124,4.940375220030546e-09,0,0,1,0.0,0.0,0
551,277864060.1992964,1,0.0,11677283.29740519,2489993742,38.49086536194666,300.60148656260645,1,6.200068833276461e+18,46911135.1251021,490140212848004.7,16398149.739335695,3.149048437923031e+18,8979415.380473124,4.802132025361061e-09,0,0,1,0.0,0.0,0
552,277864060.1992964,1,0.0,11712424.109786414,2457129681,38.52216725766472,300.87260133383415,1,6.037486271288702e+18,46795210.38650663,497572161333701.0,16657649.856912445,3.068500351777721e+18,8911637.375178516,3.812601789832115e-09,0,0,1,0.0,0.0,0
553,277864060.1992964,1,0.0,11747761.657767963,2424265621,38.48845838500662,300.299286272793,1,5.877063802206509e+18,46717286.11821817,491193020388807.5,16398149.739335695,2.9876512031421353e+18,8925802.33928073,2.4010660126805305e-09,0,0,1,0.0,0.0,0
554,277864060.1992964,1,0.0,11783099.205737704,2391401561,38.52936138955432,300.59374821811736,1,5.718801426029881e+18,46558362.0850832,496275908253301.4,16657649.856912445,2.909028303840271e+18,8925802.33928073,2.6338966563344e-09,0,0,1,0.0,0.0,0
555,277864060.1992964,1,0.0,11818436.75369604,2358537501,38.486469851793466,300.55461658533113,1,5.56269914275882e+18,46280437.81679473,488852255485555.56,16398149.739335695,2.8302347969279657e+18,8925802.33928073,2.4010660126805305e-09,0,0,1,0.0,0.0,0
556,277864060.1992964,1,0.0,11853519.209964361,2325673441,38.51388471365867,300.7773036119036,1,5.408756952393325e+18,46208635.74880179,496323246313740.8,16657649.856912445,2.754010800828036e+18,8913557.938689675,8.076312951743603e-10,0,0,1,0.0,0.0,0
557,277864060.1992964,1,0.0,11888601.666222021,2292809380,38.48917710600489,300.2872092154282,1,5.256974854933395e+18,46136833.68080886,490273827547724.75,16398149.739335695,2.67751481022147e+18,8913557.938689675,7.275957614183426e-10,0,0,1,0.0,0.0,0
558,277864060.1992964,1,0.0,11923684.122469377,2259945320,38.517760774628634,300.8149969402779,1,5.107352850379032e+18,46184031.84796941,497887558607205.2,16657649.856912445,2.6034651810502364e+18,8913557.938689675,8.076312951743603e-10,0,0,1,0.0,0.0,0
559,277864060.1992964,1,0.0,11958766.578706766,2227081260,38.49086295255734,300.292202661476,1,4.959890938730234e+18,46231230.015129976,491933279978422.94,16398149.739335695,2.5291387973629594e+18,8913557.938689675,7.275957614183426e-10,0,0,1,0.0,0.0,0
560,277864060.1992964,1,0.0,11992439.197660252,2194217200,38.52555592981975,300.49389655889195,1,4.814589119987002e+18,46078428.18229054,497303792787070.75,16657649.856912445,2.4570249392722084e+18,8845885.749524571,1.2005330063402653e-09,0,0,1,0.0,0.0,0
561,277864060.1992964,1,0.0,12025058.30846844,2161353140,38.47928163065609,300.4665164149261,1,4.671447394149337e+18,45725626.3494511,490174771909449.4,16398149.739335695,2.3847411742656133e+18,8795317.358997282,8.010829333215952e-09,0,0,1,0.0,0.0,0
562,277864060.1992964,1,0.0,12057677.419267634,2128489079,38.511359210636044,300.7312623061881,1,4.530465761217238e+18,45615823.81115116,497698933833759.56,16657649.856912445,2.315002773991995e+18,8795317.358997282,8.010829333215952e-09,0,0,1,0.0,0.0,0
563,277864060.1992964,1,0.0,12090296.530058125,2095625019,38.49275400731164,300.2806795210379,1,4.391644221190704e+18,45544021.74315823,491872285787622.9,16398149.739335695,2.2450093391741143e+18,8795317.358997282,8.010829333215952e-09,0,0,1,0.0,0.0,0
564,277864060.1992964,1,0.0,12122915.640840208,2062760959,38.51514216884895,300.7645270247393,1,4.2549827740697375e+18,45591219.910318784,499540631978971.75,16657649.856912445,2.177445450232766e+18,8795317.358997282,8.010829333215952e-09,0,0,1,0.0,0.0,0
565,277864060.1992964,1,0.0,12156531.24057168,2029896899,38.49483514474168,300.28544661204995,1,4.1204814198543355e+18,45626460.20998914,493790556962422.4,16398149.739335695,2.10961976562341e+18,8843148.828958118,8.301867637783289e-09,0,0,1,0.0,0.0,0
566,277864060.1992964,1,0.0,12190146.840295287,1997032839,38.52626974588423,300.42279448332636,1,3.9881401585444997e+18,45461700.50965949,499370882369965.25,16657649.856912445,2.0440071675092465e+18,8843148.828958118,8.15634848549962e-09,0,0,1,0.0,0.0,0
567,277864060.1992964,1,0.0,12223762.440011304,1964168778,38.47498669880353,300.40256884348827,1,3.85795899014023e+18,45096940.809329845,492457283077901.06,16398149.739335695,1.9782252233779052e+18,8843148.828958118,8.15634848549962e-09,0,0,1,0.0,0.0,0
568,277864060.1992964,1,0.0,12257378.039719975,1931304718,38.510041766951936,300.6903702442139,1,3.7299379146415263e+18,44975180.403539695,500034319986419.9,16657649.856912445,1.914972389319405e+18,8843148.828958118,8.15634848549962e-09,0,0,1,0.0,0.0,0
569,277864104.92698866,1,0.0,12290078.901855547,1898440613,38.49751903113475,300.27444013803466,1,3.6040767622226514e+18,44891420.6427741,494434309402193.1,16398149.564618146,1.851481812051545e+18,8799241.891703628,4.212779458612204e-09,0,0,1,0.0,0.0,0
570,277864149.6546809,1,0.0,12322779.749424463,1865576464,38.51373792039137,300.7199435311831,1,3.480375541703219e+18,44926661.64131464,502166760897983.1,16657649.856912445,1.790404446941408e+18,8799241.891703628,4.220055416226387e-09,0,0,1,0.0,0.0,0
571,277864149.6546809,1,0.0,12355480.596986748,1832712314,38.49497925392811,300.38101815025084,1,3.358834425848837e+18,44842902.229984134,495953076060211.8,16398149.564618146,1.7290125205304397e+18,8799241.891703628,4.220055416226387e-09,0,0,1,0.0,0.0,0
572,277864149.6546809,1,0.0,12382625.888987062,1799848164,38.495386955063644,300.38377181677254,1,3.239453414659506e+18,44770478.69019107,501290188242194.7,16657649.856912445,1.6698557261539725e+18,8799241.891703628,4.220055416226387e-09,0,0,1,0.0,0.0,0
573,277864149.6546809,1,0.0,12414440.191094853,1766984015,38.50099495477012,300.2642509493177,1,3.1222325081352253e+18,44609963.651234135,495804783708755.6,16398149.564618146,1.6106967324384883e+18,8756687.710493186,4.6566128730773926e-09,0,0,1,0.0,0.0,0
574,277864149.6546809,1,0.0,12446254.49319665,1734119865,38.51005976322899,300.65380948818193,1,3.0071717062759946e+18,44649448.6122772,503403218696181.3,16657649.856912445,1.5539261750076155e+18,8756687.710493186,4.6566128730773926e-09,0,0,1,0.0,0.0,0
575,277864149.6546809,1,0.0,12478068.795292653,1701255715,38.496626565287336,300.3616575583353,1,2.894271009081815e+18,44688933.57332026,497330977802441.94,16398149.564618146,1.4968686023211517e+18,8756687.710493186,4.6566128730773926e-09,0,0,1,0.0,0.0,0
576,277864149.6546809,1,0.0,12506525.387954902,1668391566,38.49784534246399,300.37233187102584,1,2.7835304165526866e+18,44647419.11895193,502787681370745.44,16657649.856912445,1.4420439764134177e+18,8756687.710493186,4.73664840683341e-09,0,0,1,0.0,0.0,0
577,277864149.6546809,1,0.0,12533292.191979352,1635527416,38.49924826539583,300.36961112039967,1,2.6749499286886077e+18,44605904.66458359,496881042018700.56,16398149.564618146,1.387163068546174e+18,8756687.710493186,4.6566128730773926e-09,0,0,1,0.0,0.0,0
578,277864149.6546809,1,0.0,12559558.017381342,1602663266,38.50053753600835,300.3807673354231,1,2.568529545489579e+18,44564220.317148454,502525892507178.94,16657649.856912445,1.3345173619955075e+18,8757027.496626783,5.857145879417658e-09,0,0,1,0.0,0.0,0
579,277864149.6546809,1,0.0,12586278.112951616,1569799117,38.5020088822879,300.3779223778826,1,2.4642692669556014e+18,44522535.969713315,496807386687730.4,16398149.564618146,1.2818153721465738e+18,8778832.464947138,6.250047590583563e-09,0,0,1,0.0,0.0,0
580,277864149.6546809,1,0.0,12613008.718432749,1536934967,38.50336716010909,300.38959388397683,1,2.362169093086675e+18,44480851.62227818,502643650803613.56,16657649.856912445,1.231348911623699e+18,8779336.940903254,5.711626727133989e-09,0,0,1,0.0,0.0,0
581,277864149.6546809,1,0.0,12639857.681914505,1504070817,38.50369828129448,300.3866160158093,1,2.262229023882798e+18,44398555.17635585,496325306032901.0,16398149.564618146,1.1807470425446892e+18,8785018.125159638,6.570189725607634e-09,0,0,1,0.0,0.0,0
582,276294110.3751541,1,0.0,12666536.285226807,1472776707,38.50350488317084,300.3983521609324,1,2.1690712288807695e+18,44310125.76449787,501498188552049.25,16657649.856912445,1.1346854332955896e+18,8760486.261417031,5.77711034566164e-09,0,0,1,0.0,0.0,0
583,274724071.0956273,1,0.0,12689907.984348264,1443052636,38.50833218379554,300.26041264596665,1,2.0824009101855473e+18,44003297.45483294,495415307301688.56,16404282.5305538,1.0907419858229425e+18,8760486.261417031,6.00994098931551e-09,0,0,1,0.0,0.0,0
584,273408910.0408505,1,0.0,12712238.177405229,1414643726,38.49423156302504,300.4388469262019,1,2.0012168713161784e+18,43705663.099207446,500919872596995.25,16657649.856912445,1.0507004229177888e+18,8711274.266116813,4.452886059880257e-09,0,0,1,0.0,0.0,0
585,272093748.98607385,1,0.0,12736196.20705968,1387549977,38.5003744337388,300.36518798243804,1,1.925294938520097e+18,43485882.047253996,494713361098567.0,16409419.87842402,1.0121188053699052e+18,8794747.149244606,8.541974239051342e-09,0,0,1,0.0,0.0,0
586,272093748.98607385,1,0.0,12760188.58131256,1360456228,38.50107162536621,300.3756416496208,1,1.8508411481922557e+18,43372835.64801784,499584326172516.5,16657649.856912445,9.753790067133796e+17,8794747.149244606,8.541974239051342e-09,0,0,1,0.0,0.0,0
587,272093748.98607385,1,0.0,12784214.15534391,1333362479,38.500702220212226,300.3717353605164,1,1.7778555003326559e+18,43259789.24878169,493567996748395.8,16409419.87842402,9.382845498411675e+17,8794747.149244606,8.541974239051342e-09,0,0,1,0.0,0.0,0
588,272093748.98607385,1,0.0,12808271.822494457,1306268730,38.50143663294665,300.3825727930974,1,1.7063379949412966e+18,43146742.84954553,498617751610562.2,16657649.856912445,9.030307726317046e+17,8794747.149244606,8.541974239051342e-09,0,0,1,0.0,0.0,0
589,272093748.98607385,1,0.0,12831928.364193758,1279174981,38.50105389950051,300.3785217977486,1,1.6362886320181778e+18,43033696.45030937,492780211974658.3,16409419.87842402,8.674223372065548e+17,8770380.03665017,8.716597221791744e-09,0,0,1,0.0,0.0,0
590,272093748.98607385,1,0.0,12855614.89512999,1252081232,38.50182757806794,300.38976452448287,1,1.5677074115633e+18,42920650.051073216,498008756625041.56,16657649.856912445,8.336545814441542e+17,8770380.03665017,7.450580596923828e-09,0,0,1,0.0,0.0,0
591,272093748.98607385,1,0.0,12879330.415661931,1224987483,38.501430901381156,300.3855606304661,1,1.5005943335766633e+18,42807603.65183706,492350006777354.5,16409419.87842402,7.995321674660671e+17,8770380.03665017,7.450580596923828e-09,0,0,1,0.0,0.0,0
592,272093748.98607385,1,0.0,12903073.959469717,1197893734,38.502246042365286,300.3972318211837,1,1.4349493980582666e+18,42794420.056366146,497747368636378.75,16657649.856912445,7.672494358927712e+17,8770380.03665017,7.450580596923828e-09,0,0,1,0.0,0.0,0
593,272093748.98607385,1,0.0,12923234.894923002,1170799985,38.50183475159112,300.3928662057839,1,1.3707726050081114e+18,42881373.65712999,492187463455402.5,16409419.87842402,7.346050488495959e+17,8770380.03665017,7.450580596923828e-09,0,0,1,0.0,0.0,0
594,272093748.98607385,1,0.0,12941476.158536311,1143706236,38.50269371714689,300.404990830803,1,1.3080639544261962e+18,42968327.25789383,497613642560713.3,16657649.856912445,7.037933414691694e+17,8770380.03665017,7.450580596923828e-09,0,0,1,0.0,0.0,0
595,272093748.98607385,1,0.0,12959742.73547091,1116612487,38.502267079215585,300.4004539792111,1,1.2468234463125222e+18,43055280.85865768,492072527167953.9,16409419.87842402,6.726189758730565e+17,8770380.03665017,7.450580596923828e-09,0,0,1,0.0,0.0,0
596,272093748.98607385,1,0.0,12978033.77530377,1089518738,38.503172417057506,300.41305898770287,1,1.1870510806670892e+18,43142234.61891698,497517499143480.8,16657649.856912445,6.432772902478926e+17,8770379.717659254,7.232301868498325e-09,0,0,1,0.0,0.0,0
597,272093748.98607385,1,0.0,12996343.145594288,1062424989,38.50679079972415,300.2784096664056,1,1.1287468574898962e+18,43029188.37917628,491986656777259.56,16409419.87842402,6.13572094422674e+17,8770124.192789814,7.989001460373402e-09,0,0,1,0.0,0.0,0
598,272093748.98607385,1,0.0,13014675.381314171,1035331240,38.48511384291851,300.3489799240875,1,1.0719107767809446e+18,42716142.13943558,496364775302897.75,16657649.856912445,5.855918659207621e+17,8770124.192789814,7.989001460373402e-09,0,0,1,0.0,0.0,0
599,272093748.98607385,1,0.0,13038543.633134382,1008237491,38.49967571877741,300.3775100832217,1,1.0165428385402335e+18,42506635.94271804,490677577041201.94,16409419.87842402,5.573391769742369e+17,8767125.918129673,8.556526154279709e-09,0,0,1,0.0,0.0,0
