t,secure_bps,violations,k_min,k_mean,q_total,aos_mean,aos_max,rekey,q_sumsq,z_l1,z_sumsq,z_max,lyapunov,key_inflow,key_overflow,cg_iters,cg_columns,cg_converged,obj_lp,obj_greedy,key_blocked_edges
0,245000000.0,0,2109375.0,2435980.902777778,0,0.8751098228663845,0.9476988686844755,0,0.0,571875.0,109013671875.0,190625.0,10901367187500.0,7200000.0,0.0,0,0,1,0.0,0.0,0
1,245000000.0,0,2109375.0,2371961.8055555555,0,1.9150735485434955,1.9476988686844754,0,0.0,571875.0,109013671875.0,190625.0,10901367187500.0,7200000.0,0.0,0,0,1,0.0,0.0,0
2,245000000.0,0,1718750.0,2307942.7083333335,0,3.0002823041962015,3.1629597325192615,0,0.0,762500.0,218027343750.0,381250.0,21802734375000.0,7200000.0,0.0,0,0,1,0.0,0.0,0
3,245000000.0,0,1718750.0,2243923.611111111,0,4.054126679726725,4.162959732519262,0,0.0,753125.0,141865234375.0,190625.0,14186523437500.0,7200000.0,0.0,0,0,1,0.0,0.0,0
4,245000000.0,0,1328125.0,2181946.290293238,0,4.470255517258303,5.504749365183861,0,0.0,762500.0,218027343750.0,381250.0,21802734375000.0,7273503.950556569,2.0372681319713593e-10,0,0,1,0.0,0.0,0
5,245000000.0,0,1328125.0,2142191.1916975873,0,5.327933375874362,6.504749365183861,0,0.0,753125.0,141865234375.0,190625.0,14186523437500.0,7273503.950556569,2.0372681319713593e-10,0,0,1,0.0,0.0,0
6,245000000.0,0,1137500.0,2124658.3153241584,0,6.182577733096291,7.756697408871322,0,0.0,943750.0,319980468750.0,381250.0,31998046875000.0,7273503.950556569,2.0372681319713593e-10,0,0,1,0.0,0.0,0
7,245000000.0,0,1337500.0,2107125.43895073,0,6.977037766761172,8.494209936496077,0,0.0,925000.0,171406250000.0,190625.0,17140625000000.0,7273503.950556569,2.0372681319713593e-10,0,0,1,0.0,0.0,0
8,245000000.0,0,1328125.0,2095148.2550256525,0,7.848183377887608,9.504749365183862,0,0.0,934375.0,313095703125.0,381250.0,31309570312500.0,7273712.15412563,2.6921043172478676e-10,0,0,1,0.0,0.0,0
9,245000000.0,0,1328125.0,2094287.8287513645,0,8.660946648433649,10.504749365183862,0,0.0,915625.0,168271484375.0,190625.0,16827148437500.0,7273712.15412563,2.6921043172478676e-10,0,0,1,0.0,0.0,0
10,245000000.0,0,1337500.0,2109923.220199971,0,7.62537422899997,11.494209936496077,0,0.0,915624.5185830828,299325813821.39966,371874.5185830828,29932581382139.965,7273714.079793299,3.2688329820729223e-10,0,0,1,0.0,0.0,0
11,245000000.0,0,1337500.0,2125729.514083118,0,8.231687447824674,12.494209936496077,0,0.0,896873.5557492485,162001438611.82855,190625.0,16200143861182.855,7273714.079793299,3.2688329820729223e-10,0,0,1,0.0,0.0,0
12,245000000.0,0,1346875.0,2141535.8079662654,0,8.837923882205432,13.483817119540017,0,0.0,896873.5557492485,285907156045.29095,362498.5557492484,28590715604529.094,7273714.079793299,3.2688329820729223e-10,0,0,1,0.0,0.0,0
13,245000000.0,0,1346875.0,2157871.6293846006,0,7.085179116908594,14.483817119540017,0,0.0,878122.592915414,156083174996.74792,190625.0,15608317499674.793,7292777.071060056,5.597139418611619e-10,0,0,1,0.0,0.0,0
14,245000000.0,0,1356250.0,2174207.4508029353,0,7.513576237493857,15.473567876220299,0,0.0,878122.592915414,272840096877.3052,353122.592915414,27284009687730.52,7292777.071060056,4.614885140696856e-10,0,0,1,0.0,0.0,0
15,245000000.0,0,1356250.0,2190543.2722212696,0,7.946522357851691,16.473567876220297,0,0.0,859371.6300815796,150516509989.79016,190625.0,15051650998979.016,7292777.071060056,4.614885140696856e-10,0,0,1,0.0,0.0,0
16,245000000.0,0,1365625.0,2206879.0936396047,0,8.37834629043116,17.46345925180646,0,0.0,859371.6300815796,260124636317.44232,343746.6300815796,26012463631744.23,7292777.071060056,4.422642252421838e-10,0,0,1,0.0,0.0,0
17,245000000.0,0,1365625.0,2223214.91505794,0,8.814278889633357,18.46345925180646,0,0.0,840620.6672477452,145301443590.95532,190625.0,14530144359095.531,7292777.071060056,4.422642252421838e-10,0,0,1,0.0,0.0,0
18,245000000.0,0,1375000.0,2239550.7364762747,0,9.248786762867132,19.453488372093023,0,0.0,840620.6672477452,247760774365.70233,334370.6672477452,24776077436570.234,7292777.071060056,4.422642252421838e-10,0,0,1,0.0,0.0,0
19,245000000.0,0,1375000.0,2255886.55789461,0,9.68707911175756,20.453488372093023,0,0.0,821869.7044139109,140437975800.24335,190625.0,14043797580024.334,7292777.071060056,4.422642252421838e-10,0,0,1,0.0,0.0,0
20,245000000.0,0,1384375.0,2272222.3793129446,0,10.123736806401801,21.443652440674907,0,0.0,821869.7044139109,235748511022.08527,324994.7044139108,23574851102208.527,7292777.071060056,4.422642252421838e-10,0,0,1,0.0,0.0,0
21,245000000.0,0,1384375.0,2288558.2007312793,0,10.56393175115764,22.443652440674907,0,0.0,803118.7415800764,135926106617.65425,190625.0,13592610661765.426,7292777.071060056,4.422642252421838e-10,0,0,1,0.0,0.0,0
22,245000000.0,0,1393750.0,2304894.022149614,0,11.002344188254018,23.433948736332677,0,0.0,803118.7415800764,224087846286.59106,315618.7415800764,22408784628659.105,7292777.071060056,4.422642252421838e-10,0,0,1,0.0,0.0,0
23,245000000.0,0,1393750.0,2321229.843567949,0,11.444099499477687,24.433948736332677,0,0.0,784367.7787462419,131765836043.18805,190625.0,13176583604318.805,7292777.071060056,4.422642252421838e-10,0,0,1,0.0,0.0,0
24,245000000.0,0,1403125.0,2337565.664986284,0,11.883967354801904,25.424374610522566,0,0.0,784367.7787462419,212778780159.21973,306242.778746242,21277878015921.973,7292777.071060056,4.422642252421838e-10,0,0,1,0.0,0.0,0
25,245000000.0,0,1403125.0,2355710.13350097,0,12.325617082541056,26.424374610522566,0,0.0,744690.971285893,121963920698.9601,190625.0,12196392069896.01,7357888.366528697,4.0381564758718014e-10,0,0,1,0.0,0.0,0
26,245000000.0,0,1412500.0,2373854.602015656,0,12.765393098808085,27.414927484966395,0,0.0,744690.971285893,189834825884.20203,278125.0,18983482588420.203,7357888.366528697,4.0381564758718014e-10,0,0,1,0.0,0.0,0
27,245000000.0,0,1412500.0,2392281.3226023596,0,8.29906661373886,28.414927484966395,0,0.0,705014.1638255441,115524809498.50528,190625.0,11552480949850.527,7368049.441121342,8.021743269637227e-10,0,0,1,0.0,0.0,0
28,245000000.0,0,1421875.0,2411159.8141690325,0,8.557882060068899,29.40560484933673,0,0.0,705014.1638255441,168903051929.91245,268750.0,16890305192991.244,7384313.196400229,1.2860255083069205e-09,0,0,1,0.0,0.0,0
29,245000000.0,0,1421875.0,2429168.3590893075,0,8.820117107620232,30.40560484933673,0,0.0,665337.356365195,111097878618.7786,190625.0,11109787861877.86,7384313.196400229,1.2714735930785537e-09,0,0,1,0.0,0.0,0
30,245000000.0,0,1431250.0,2446396.632299155,0,9.080765392200618,31.39640425903299,0,0.0,665337.356365195,149983458296.35098,259375.0,14998345829635.098,7384313.196400229,1.2714735930785537e-09,0,0,1,0.0,0.0,0
31,245000000.0,0,1431250.0,2463118.9382530334,0,9.344429194412744,32.39640425903299,0,0.0,625660.548904846,108683128059.78003,190625.0,10868312805978.004,7384313.196400229,1.2714735930785537e-09,0,0,1,0.0,0.0,0
32,245000000.0,0,1440625.0,2479711.5511603216,0,9.606128886086182,33.38732333304431,0,0.0,625660.548904846,133076044983.51767,250000.0,13307604498351.768,7384313.196400229,1.2714735930785537e-09,0,0,1,0.0,0.0,0
33,245000000.0,0,1440625.0,2496530.342631736,0,9.870228716065169,34.38732333304431,0,0.0,607193.0141598642,106131725481.65816,190625.0,10613172548165.816,7401187.524840075,1.722582965157926e-09,0,0,1,0.0,0.0,0
34,245000000.0,0,1450000.0,2513227.94315628,0,10.132378093392713,35.378359751895246,0,0.0,607193.0141598642,125194225481.65816,240625.0,12519422548165.816,7401187.524840075,1.722582965157926e-09,0,0,1,0.0,0.0,0
35,245000000.0,0,1450000.0,2529808.392432184,0,10.397153797818918,36.378359751895246,0,0.0,597818.0141598642,105282116106.65816,190625.0,10528211610665.816,7401187.524840075,1.722582965157926e-09,0,0,1,0.0,0.0,0
36,245000000.0,0,1459375.0,2546275.5955010685,0,10.659988441799808,37.36951125567063,0,0.0,597818.0141598642,120770397356.65816,231250.0,12077039735665.816,7401187.524840075,1.722582965157926e-09,0,0,1,0.0,0.0,0
37,245000000.0,0,1459375.0,2562633.3272365015,0,10.92535602629526,38.36951125567063,0,0.0,588443.0141598642,104608287981.65816,190625.0,10460828798165.816,7401187.524840075,2.1882442524656653e-09,0,0,1,0.0,0.0,0
38,245000000.0,0,1468750.0,2578885.236682931,0,11.188796799645138,39.360775642116,0,0.0,588443.0141598642,116522350481.65816,221875.0,11652235048165.816,7401187.524840075,2.000888343900442e-09,0,0,1,0.0,0.0,0
39,245000000.0,0,1468750.0,2595034.8512499896,0,11.454686477321555,40.360775642116,0,0.0,579068.0141598642,104110241106.65816,190625.0,10411024110665.816,7401187.524840075,2.000888343900442e-09,0,0,1,0.0,0.0,0
40,245000000.0,0,1478125.0,2611085.5807669912,0,11.718667054028272,41.352150764810276,0,0.0,579068.0141598642,112450084856.65816,212500.0,11245008485665.816,7401187.524840075,1.7885213310364634e-09,0,0,1,0.0,0.0,0
41,245000000.0,0,1478125.0,2627040.7214022703,0,11.985020239752489,42.352150764810276,0,0.0,569693.0141598642,103787975481.65816,190625.0,10378797548165.816,7401187.524840075,1.7885213310364634e-09,0,0,1,0.0,0.0,0
42,245000000.0,0,1487500.0,2642927.520021748,0,8.43128908582234,43.34363453140746,0,0.0,569693.0141598642,108553600481.65816,203125.0,10855360048165.816,7402053.705355172,2.0371544451336376e-09,0,0,1,0.0,0.0,0
43,245000000.0,0,1487500.0,2658724.996141749,0,8.60713362392154,44.34363453140746,0,0.0,560318.0141598642,103641491106.65816,190625.0,10364149110665.816,7402053.705355172,1.804323801479768e-09,0,0,1,0.0,0.0,0
44,245000000.0,0,1496875.0,2674436.127178924,0,8.781111241714656,45.33522490194442,0,0.0,560318.0141598642,104832897356.65816,193750.0,10483289735665.816,7402053.705355172,1.804323801479768e-09,0,0,1,0.0,0.0,0
45,245000000.0,0,1496875.0,2689658.1603538725,0,8.957418465011413,46.33522490194442,0,0.0,557193.0141598642,103631725481.65816,190625.0,10363172548165.816,7402053.705355172,1.804323801479768e-09,0,0,1,0.0,0.0,0
46,245000000.0,0,1506250.0,2703685.887213563,0,9.132119233460296,47.32691988721181,0,0.0,557193.0141598642,103631725481.65816,190625.0,10363172548165.816,7402053.705355172,1.804323801479768e-09,0,0,1,0.0,0.0,0
47,245000000.0,0,1506250.0,2717588.754634889,0,9.308991046826305,48.32691988721181,0,0.0,557193.0141598642,103631725481.65816,190625.0,10363172548165.816,7402053.705355172,1.804323801479768e-09,0,0,1,0.0,0.0,0
48,245000000.0,0,1515625.0,2731370.9245991292,0,9.484034936853046,49.318717547185365,0,0.0,557193.0141598642,103631725481.65816,190625.0,10363172548165.816,7402053.705355172,1.804323801479768e-09,0,0,1,0.0,0.0,0
49,245000000.0,0,1515625.0,2745036.4203548543,0,9.66119505024112,50.318717547185365,0,0.0,557193.0141598642,103631725481.65816,190625.0,10363172548165.816,7402053.705355172,1.804323801479768e-09,0,0,1,0.0,0.0,0
50,245000000.0,0,1525000.0,2758589.1310423473,0,9.83655203536268,51.31061598951507,0,0.0,557193.0141598642,103631725481.65816,190625.0,10363172548165.816,7402053.705355172,1.804323801479768e-09,0,0,1,0.0,0.0,0
51,245000000.0,0,1525000.0,2772032.816163883,0,10.013973982262549,52.31061598951507,0,0.0,557193.0141598642,103631725481.65816,190625.0,10363172548165.816,7402053.705355172,1.804323801479768e-09,0,0,1,0.0,0.0,0
52,245000000.0,0,1534375.0,2785371.109904994,0,10.189617767469358,53.30261336806969,0,0.0,557193.0141598642,103631725481.65816,190625.0,10363172548165.816,7402053.705355172,1.804323801479768e-09,0,0,1,0.0,0.0,0
53,245000000.0,0,1534375.0,2799438.1579525177,0,5.548536514234838,54.30261336806969,0,0.0,549717.3203924369,100837503230.13089,190625.0,10083750323013.09,7431956.480424881,2.2045014702598564e-09,0,0,1,0.0,0.0,0
54,245000000.0,0,1543750.0,2813406.7236101115,0,5.632993395465221,55.29470788153423,0,0.0,549717.3203924369,100837503230.13089,190625.0,10083750323013.09,7431956.480424881,2.2045014702598564e-09,0,0,1,0.0,0.0,0
55,245000000.0,0,1543750.0,2826271.5169142205,0,5.719613073830765,56.29470788153423,0,0.0,549717.3203924369,100837503230.13089,190625.0,10083750323013.09,7431956.480424881,2.2045014702598564e-09,0,0,1,0.0,0.0,0
56,245000000.0,0,1553125.0,2838460.2854721043,0,5.804636035156251,57.28689777205823,0,0.0,549717.3203924369,100837503230.13089,190625.0,10083750323013.09,7431956.480424881,2.6701627575675957e-09,0,0,1,0.0,0.0,0
57,245000000.0,0,1553125.0,2850526.705818072,0,5.891566818225013,58.28689777205823,0,0.0,549717.3203924369,100837503230.13089,190625.0,10083750323013.09,7431956.480424881,2.4828068490023725e-09,0,0,1,0.0,0.0,0
58,245000000.0,0,1562500.0,2862474.856225854,0,5.976829929961122,59.27918132395267,0,0.0,549717.3203924369,100837503230.13089,190625.0,10083750323013.09,7431956.480424881,2.4828068490023725e-09,0,0,1,0.0,0.0,0
59,245000000.0,0,1562500.0,2874308.679026724,0,6.063948520996528,60.27918132395267,0,0.0,549717.3203924369,100837503230.13089,190625.0,10083750323013.09,7431956.480424881,2.4828068490023725e-09,0,0,1,0.0,0.0,0
60,245000000.0,0,1571875.0,2886031.9851409122,0,6.149434867156634,61.27155686243344,0,0.0,549717.3203924369,100837503230.13089,190625.0,10083750323013.09,7431956.480424881,2.4828068490023725e-09,0,0,1,0.0,0.0,0
61,245000000.0,0,1571875.0,2897648.4584579747,0,6.2367270981056375,62.27155686243344,0,0.0,549717.3203924369,100837503230.13089,190625.0,10083750323013.09,7431956.480424881,2.4828068490023725e-09,0,0,1,0.0,0.0,0
62,245000000.0,0,1581250.0,2909161.660071149,0,6.322421462217955,63.264022752409545,0,0.0,549717.3203924369,100837503230.13089,190625.0,10083750323013.09,7431956.480424881,2.9484681363101117e-09,0,0,1,0.0,0.0,0
63,245000000.0,0,1581250.0,2920575.032370565,0,6.409874633213689,64.26402275240955,0,0.0,549717.3203924369,100837503230.13089,190625.0,10083750323013.09,7431956.480424881,2.9484681363101117e-09,0,0,1,0.0,0.0,0
64,245000000.0,0,1590625.0,2931828.75277756,0,6.67757300555347,65.25657739731406,0,0.0,549717.3203924369,100837503230.13089,190625.0,10083750323013.09,7428925.269747119,1.3109229257679544e-09,0,0,1,0.0,0.0,0
65,245000000.0,0,1590625.0,2943678.5027781404,0,6.583267362677581,66.25657739731406,0,0.0,549717.3203924369,100837503230.13089,190625.0,10083750323013.09,7462012.367725644,1.3109229257679544e-09,0,0,1,0.0,0.0,0
66,245000000.0,0,1600000.0,2955438.077329341,0,6.669251437540738,67.24921923797626,0,0.0,549717.3203924369,100837503230.13089,190625.0,10083750323013.09,7462012.367725644,1.3109229257679544e-09,0,0,1,0.0,0.0,0
67,245000000.0,0,1600000.0,2967110.482279474,0,6.75691049863768,68.24921923797626,0,0.0,549717.3203924369,100837503230.13089,190625.0,10083750323013.09,7462012.367725644,1.3109229257679544e-09,0,0,1,0.0,0.0,0
68,245000000.0,0,1609375.0,2978698.6232819078,0,6.843072065690052,69.24194675153302,0,0.0,549717.3203924369,100837503230.13089,190625.0,10083750323013.09,7462012.367725644,1.3109229257679544e-09,0,0,1,0.0,0.0,0
69,245000000.0,0,1609375.0,2991371.6989976545,0,6.930750692662147,70.24194675153302,0,0.0,549717.3203924369,100837503230.13089,190625.0,10083750323013.09,7517999.0811378695,1.5619434634572826e-09,0,0,1,0.0,0.0,0
70,245000000.0,0,1618750.0,3004685.6547668115,0,7.016891632962236,71.23475845037814,0,0.0,549717.3203924369,100837503230.13089,190625.0,10083750323013.09,7552540.842635648,1.6929107005125843e-09,0,0,1,0.0,0.0,0
71,245000000.0,0,1618750.0,3017923.4952241015,0,7.104636297975324,72.23475845037814,0,0.0,549717.3203924369,100837503230.13089,190625.0,10083750323013.09,7552540.842635648,1.6929107005125843e-09,0,0,1,0.0,0.0,0
72,245000000.0,0,1628125.0,3031087.757546585,0,7.190950981150134,73.22765288114786,0,0.0,549717.3203924369,100837503230.13089,190625.0,10083750323013.09,7552540.842635648,1.6929107005125843e-09,0,0,1,0.0,0.0,0
73,245000000.0,0,1628125.0,3044180.8943387587,0,7.278831103007477,74.22765288114786,0,0.0,549717.3203924369,100837503230.13089,190625.0,10083750323013.09,7552540.842635648,1.6929107005125843e-09,0,0,1,0.0,0.0,0
74,245000000.0,0,1637500.0,3057205.2764516305,0,7.365308619822641,75.22062862374122,0,0.0,549717.3203924369,100837503230.13089,190625.0,10083750323013.09,7552540.842635648,1.6929107005125843e-09,0,0,1,0.0,0.0,0
75,245000000.0,0,1637500.0,3070163.1957078446,0,7.453315011039871,76.22062862374122,0,0.0,549717.3203924369,100837503230.13089,190625.0,10083750323013.09,7552540.842635648,1.6929107005125843e-09,0,0,1,0.0,0.0,0
76,245000000.0,0,1646875.0,3083058.107384729,0,7.5399451829942485,77.21368429037396,0,0.0,549717.3203924369,100837503230.13089,190625.0,10083750323013.09,7552600.355376759,2.053070602414664e-09,0,0,1,0.0,0.0,0
77,245000000.0,0,1646875.0,3097822.4620771483,0,7.627177934676305,78.21368429037396,0,0.0,549717.3203924369,100837503230.13089,190625.0,10083750323013.09,7622136.114433983,2.473825588822365e-09,0,0,1,0.0,0.0,0
78,245000000.0,0,1656250.0,3112526.7811173075,0,7.713085925830419,79.20681852466436,0,0.0,549717.3203924369,100837503230.13089,190625.0,10083750323013.09,7622136.114433983,2.473825588822365e-09,0,0,1,0.0,0.0,0
79,245000000.0,0,1656250.0,3127686.3004577043,0,7.80025535240803,80.20681852466436,0,0.0,549717.3203924369,100837503230.13089,190625.0,10083750323013.09,7640612.565941215,2.6047928258776665e-09,0,0,1,0.0,0.0,0
80,245000000.0,0,1665625.0,3142789.7198163783,0,7.886134500035284,81.20003000075002,0,0.0,549717.3203924369,100837503230.13089,190625.0,10083750323013.09,7640612.565941215,2.837623469531536e-09,0,0,1,0.0,0.0,0
81,245000000.0,0,1665625.0,3157838.9091927204,0,7.973475255981459,82.20003000075002,0,0.0,549717.3203924369,100837503230.13089,190625.0,10083750323013.09,7640612.565941215,2.837623469531536e-09,0,0,1,0.0,0.0,0
82,245000000.0,0,1675000.0,3172835.676252807,0,8.059547339898042,83.19331742243436,0,0.0,549717.3203924369,100837503230.13089,190625.0,10083750323013.09,7640612.565941215,2.7976057026535273e-09,0,0,1,0.0,0.0,0
83,245000000.0,0,1675000.0,3187781.768407182,0,8.147047578273904,84.19331742243436,0,0.0,549717.3203924369,100837503230.13089,190625.0,10083750323013.09,7640612.565941215,3.030436346307397e-09,0,0,1,0.0,0.0,0
84,245000000.0,0,1684375.0,3202678.8748193663,0,8.233300348941363,85.18667952236149,0,0.0,549717.3203924369,100837503230.13089,190625.0,10083750323013.09,7640612.565941215,3.030436346307397e-09,0,0,1,0.0,0.0,0
85,245000000.0,0,1684375.0,3217528.628347435,0,8.320949309032407,86.18667952236149,0,0.0,549717.3203924369,100837503230.13089,190625.0,10083750323013.09,7640612.565941215,3.030436346307397e-09,0,0,1,0.0,0.0,0
86,245000000.0,0,1693750.0,3232332.607420858,0,8.407371587300462,87.18011506121847,0,0.0,549717.3203924369,100837503230.13089,190625.0,10083750323013.09,7640612.565941215,2.9867806006222963e-09,0,0,1,0.0,0.0,0
87,245000000.0,0,1693750.0,3248676.183335316,0,8.494653820030514,88.18011506121847,0,0.0,530711.1746261371,94510739659.65166,190625.0,9451073965965.166,7716637.149006414,2.954038791358471e-09,0,0,1,0.0,0.0,0
88,245000000.0,0,1703125.0,3264976.985564932,0,8.580755163949426,89.17362282696398,0,0.0,530711.1746261371,94510739659.65166,190625.0,9451073965965.166,7716637.149006414,2.954038791358471e-09,0,0,1,0.0,0.0,0
89,245000000.0,0,1703125.0,3281236.4398992024,0,8.668206653465198,90.17362282696398,0,0.0,530711.1746261371,94510739659.65166,190625.0,9451073965965.166,7716637.149006414,2.954038791358471e-09,0,0,1,0.0,0.0,0
90,245000000.0,0,1712500.0,3297455.9246013034,0,8.754501616869485,91.16720163408229,0,0.0,530711.1746261371,94510739659.65166,190625.0,9451073965965.166,7716637.149006414,2.954038791358471e-09,0,0,1,0.0,0.0,0
91,245000000.0,0,1712500.0,3313636.7719923095,0,8.842110500275943,92.16720163408229,0,0.0,530711.1746261371,94510739659.65166,190625.0,9451073965965.166,7716637.149006414,2.954038791358471e-09,0,0,1,0.0,0.0,0
92,245000000.0,0,1718750.0,3329780.2699825903,0,8.928586209767934,93.16085032286149,0,0.0,530711.1746261371,94510739659.65166,190625.0,9451073965965.166,7716637.149006414,2.954038791358471e-09,0,0,1,0.0,0.0,0
93,245000000.0,0,1718750.0,3345887.6635521683,0,9.016341723735728,94.16085032286149,0,0.0,530711.1746261371,94510739659.65166,190625.0,9451073965965.166,7716637.149006414,2.954038791358471e-09,0,0,1,0.0,0.0,0
94,245000000.0,0,1718750.0,3361960.156181735,0,9.102986475446018,95.15456775869534,0,0.0,530711.1746261371,94510739659.65166,190625.0,9451073965965.166,7716637.149006414,2.954038791358471e-09,0,0,1,0.0,0.0,0
95,245000000.0,0,1718750.0,3379012.300941563,0,9.190622473511576,96.15456775869534,0,0.0,518550.4981588458,90841704747.14577,190625.0,9084170474714.576,7765279.8548755795,2.8230715543031693e-09,0,0,1,0.0,0.0,0
96,245000000.0,0,1718750.0,3396054.3313193354,0,9.27718051461539,97.14835283140745,0,0.0,518280.51486953767,90763603333.10275,190625.0,9076360333310.275,7766359.788032811,2.648448571562767e-09,0,0,1,0.0,0.0,0
97,245000000.0,0,1718750.0,3413172.1506930296,0,9.364952945731206,98.14835283140745,0,0.0,518280.51486953767,90763603333.10275,190625.0,9076360333310.275,7771510.902549867,3.117747837677598e-09,0,0,1,0.0,0.0,0
98,245000000.0,0,1718750.0,3430259.4950398686,0,9.451675349759116,99.14220445459738,0,0.0,518280.51486953767,90763603333.10275,190625.0,9076360333310.275,7771510.902549867,3.0850060284137726e-09,0,0,1,0.0,0.0,0
99,245000000.0,0,1718750.0,3447317.3801940815,0,9.539593326241269,100.14220445459738,0,0.0,518280.51486953767,90763603333.10275,190625.0,9076360333310.275,7771510.902549867,3.0850060284137726e-09,0,0,1,0.0,0.0,0
100,245000000.0,0,1718750.0,3464346.788128755,0,9.62648193517519,101.13612156500746,0,0.0,518280.51486953767,90763603333.10275,190625.0,9076360333310.275,7771510.902549867,3.0850060284137726e-09,0,0,1,0.0,0.0,0
101,245000000.0,0,1718750.0,3481348.6680845413,0,9.714534909406405,102.13612156500746,0,0.0,518280.51486953767,90763603333.10275,190625.0,9076360333310.275,7771510.902549867,3.0850060284137726e-09,0,0,1,0.0,0.0,0
102,245000000.0,0,1718750.0,3498323.9376607365,0,9.801578285097968,103.13010312190987,0,0.0,518280.51486953767,90763603333.10275,190625.0,9076360333310.275,7771510.902549867,2.495653461664915e-09,0,0,1,0.0,0.0,0
103,245000000.0,0,1718750.0,3515273.4838699936,0,9.889756756474206,104.13010312190987,0,0.0,518280.51486953767,90763603333.10275,190625.0,9076360333310.275,7771510.902549867,2.495653461664915e-09,0,0,1,0.0,0.0,0
104,245000000.0,0,1718750.0,3534523.1026297444,0,9.976204754487796,105.12414810651303,0,0.0,499354.2530978464,84189143291.6307,190625.0,8418914329163.07,7857872.933503939,1.6952981241047382e-09,0,0,1,0.0,0.0,0
105,245000000.0,0,1718750.0,3553748.6843321677,0,10.063782792035319,106.12414810651303,0,0.0,499354.2530978464,84189143291.6307,190625.0,8418914329163.07,7857872.933503939,1.6952981241047382e-09,0,0,1,0.0,0.0,0
106,245000000.0,0,1718750.0,3572951.0302125076,0,10.15042736224055,107.11825552138664,0,0.0,499354.2530978464,84189143291.6307,190625.0,8418914329163.07,7857872.933503939,1.9426806829869747e-09,0,0,1,0.0,0.0,0
107,245000000.0,0,1718750.0,3592130.914798166,0,10.238162286008633,108.11825552138664,0,0.0,499354.2530978464,84189143291.6307,190625.0,8418914329163.07,7857872.933503939,1.6952981241047382e-09,0,0,1,0.0,0.0,0
108,245000000.0,0,1718750.0,3611289.086798967,0,10.32498940126145,109.11242438990475,0,0.0,499354.2530978464,84189143291.6307,190625.0,8418914329163.07,7857872.933503939,1.6952981241047382e-09,0,0,1,0.0,0.0,0
109,245000000.0,0,1718750.0,3630426.269967738,0,10.412870115805337,110.11242438990475,0,0.0,499354.2530978464,84189143291.6307,190625.0,8418914329163.07,7857872.933503939,1.6952981241047382e-09,0,0,1,0.0,0.0,0
110,245000000.0,0,1718750.0,3649543.1639322136,0,10.499867102362737,111.10665375570619,0,0.0,499354.2530978464,84189143291.6307,190625.0,8418914329163.07,7857872.933503939,1.6952981241047382e-09,0,0,1,0.0,0.0,0
111,245000000.0,0,1718750.0,3668640.444999205,0,10.58788355640953,112.10665375570619,0,0.0,499354.2530978464,84189143291.6307,190625.0,8418914329163.07,7857872.933503939,1.6952981241047382e-09,0,0,1,0.0,0.0,0
112,245000000.0,0,1718750.0,3687718.7669319594,0,10.675038930744998,113.1009426821716,0,0.0,499354.2530978464,84189143291.6307,190625.0,8418914329163.07,7857872.933503939,2.1609594114124775e-09,0,0,1,0.0,0.0,0
113,245000000.0,0,1718750.0,3706778.7617016197,0,10.763181994494238,114.1009426821716,0,0.0,499354.2530978464,84189143291.6307,190625.0,8418914329163.07,7857872.933503939,1.6952981241047382e-09,0,0,1,0.0,0.0,0
114,245000000.0,0,1718750.0,3725821.0402136217,0,10.850485323587831,115.09529025191677,0,0.0,499354.2530978464,84189143291.6307,190625.0,8418914329163.07,7857872.933503939,1.6952981241047382e-09,0,0,1,0.0,0.0,0
115,245000000.0,0,1718750.0,3744846.1930098883,0,10.93874668326181,116.09529025191677,0,0.0,499354.2530978464,84189143291.6307,190625.0,8418914329163.07,7857872.933503939,1.6952981241047382e-09,0,0,1,0.0,0.0,0
116,245000000.0,0,1718750.0,3763854.7909476086,0,11.026188464465825,117.08969556630116,0,0.0,499354.2530978464,84189143291.6307,190625.0,8418914329163.07,7857872.933503939,1.6952981241047382e-09,0,0,1,0.0,0.0,0
117,245000000.0,0,1718750.0,3782847.3858554023,0,11.114560531300906,118.08969556630116,0,0.0,499354.2530978464,84189143291.6307,190625.0,8418914329163.07,7857872.933503939,1.6952981241047382e-09,0,0,1,0.0,0.0,0
118,245000000.0,0,1718750.0,3801824.5111676008,0,11.20213208861195,119.0841577449519,0,0.0,499354.2530978464,84189143291.6307,190625.0,8418914329163.07,7857872.933503939,1.6952981241047382e-09,0,0,1,0.0,0.0,0
119,245000000.0,0,1718750.0,3820786.68253739,0,11.290607919998948,120.0841577449519,0,0.0,499354.2530978464,84189143291.6307,190625.0,8418914329163.07,7857872.933503939,2.3283064365386963e-09,0,0,1,0.0,0.0,0
120,245000000.0,0,1718750.0,3839734.3984295153,0,11.378301314145789,121.0786759253017,0,0.0,499354.2530978464,84189143291.6307,190625.0,8418914329163.07,7857872.933503939,1.3969838619232178e-09,0,0,1,0.0,0.0,0
121,245000000.0,0,1718750.0,3858668.1406932347,0,11.466874545038657,122.0786759253017,0,0.0,499354.2530978464,84189143291.6307,190625.0,8418914329163.07,7857872.933503939,1.3969838619232178e-09,0,0,1,0.0,0.0,0
122,245000000.0,0,1718750.0,3878560.9116962873,0,11.554475015085146,123.07324926214113,0,0.0,490601.4238767055,81390922786.3213,190625.0,8139092278632.131,7892884.250388503,1.3969838619232178e-09,0,0,1,0.0,0.0,0
123,245000000.0,0,1718750.0,3898440.6251199064,0,11.642941386605644,124.07324926214113,0,0.0,490601.4238767055,81390922786.3213,190625.0,8139092278632.131,7892884.250388503,1.3969838619232178e-09,0,0,1,0.0,0.0,0
124,245000000.0,0,1718750.0,3918307.7162167397,0,11.730671341317105,125.06787692718414,0,0.0,490601.4238767055,81390922786.3213,190625.0,8139092278632.131,7892884.250388503,1.3969838619232178e-09,0,0,1,0.0,0.0,0
125,245000000.0,0,1718750.0,3938162.6057310123,0,11.81924185616598,126.06787692718414,0,0.0,490601.4238767055,81390922786.3213,190625.0,8139092278632.131,7892884.250388503,1.3969838619232178e-09,0,0,1,0.0,0.0,0
126,245000000.0,0,1718750.0,3958007.18985446,0,11.907092701255571,127.06255810864657,0,0.0,490601.4238767055,81390922786.3213,190625.0,8139092278632.131,7892955.745059634,1.2223608791828156e-09,0,0,1,0.0,0.0,0
127,245000000.0,0,1718750.0,3978486.555904842,0,11.995693040211586,128.06255810864656,0,0.0,482847.22034105303,79209989350.92065,190625.0,7920998935092.065,7923972.559202244,7.566995918750763e-10,0,0,1,0.0,0.0,0
128,245000000.0,0,1718750.0,3998954.90031089,0,12.083593071793542,129.05729201083724,0,0.0,482847.22034105303,79209989350.92065,190625.0,7920998935092.065,7923972.559202244,7.566995918750763e-10,0,0,1,0.0,0.0,0
129,245000000.0,0,1718750.0,4019412.590460745,0,12.172290391590689,130.05729201083724,0,0.0,482847.22034105303,79209989350.92065,190625.0,7920998935092.065,7923972.559202244,7.566995918750763e-10,0,0,1,0.0,0.0,0
130,245000000.0,0,1718750.0,4039859.981496284,0,12.260302611367713,131.05207785376118,0,0.0,482847.22034105303,79209989350.92065,190625.0,7920998935092.065,7923972.559202244,7.566995918750763e-10,0,0,1,0.0,0.0,0
131,245000000.0,0,1718750.0,4060297.4167213165,0,12.349090634462282,132.05207785376118,0,0.0,482847.22034105303,79209989350.92065,190625.0,7920998935092.065,7923972.559202244,7.566995918750763e-10,0,0,1,0.0,0.0,0
132,245000000.0,0,1718750.0,4079888.0752881947,0,12.437273720760635,133.04691487273442,0,0.0,482847.22034105303,79209989350.92065,190625.0,7920998935092.065,7923972.559202244,7.566995918750763e-10,0,0,1,0.0,0.0,0
133,245000000.0,0,1718750.0,4098560.5284641813,0,12.52628230254502,134.04691487273442,0,0.0,482847.22034105303,79209989350.92065,190625.0,7920998935092.065,7925049.385266024,1.6880221664905548e-09,0,0,1,0.0,0.0,0
134,245000000.0,0,1718750.0,4117220.710404853,0,12.614632072714308,135.04180231801016,0,0.0,482847.22034105303,79209989350.92065,190625.0,7920998935092.065,7925049.385266024,1.6880221664905548e-09,0,0,1,0.0,0.0,0
135,245000000.0,0,1718750.0,4135869.0301513877,0,12.703716839407486,136.04180231801016,0,0.0,482847.22034105303,79209989350.92065,190625.0,7920998935092.065,7925049.385266024,1.6880221664905548e-09,0,0,1,0.0,0.0,0
136,245000000.0,0,1718750.0,4154505.8831102583,0,12.792155865224395,137.03673945441585,0,0.0,482847.22034105303,79209989350.92065,190625.0,7920998935092.065,7925049.385266024,1.6880221664905548e-09,0,0,1,0.0,0.0,0
137,245000000.0,0,1718750.0,4173269.4830223853,0,12.881301912903858,138.03673945441585,0,0.0,482847.22034105303,79209989350.92065,190625.0,7920998935092.065,7931665.297970022,1.7025740817189217e-09,0,0,1,0.0,0.0,0
138,245000000.0,0,1718750.0,4192671.088939829,0,12.969814931366711,139.03172556100077,0,0.0,482847.22034105303,79209989350.92065,190625.0,7920998935092.065,7978373.215827121,2.3792381398379803e-09,0,0,1,0.0,0.0,0
139,245000000.0,0,1718750.0,4212062.336950443,0,13.059028731687238,140.03172556100077,0,0.0,482847.22034105303,79209989350.92065,190625.0,7920998935092.065,7978373.215827121,2.3792381398379803e-09,0,0,1,0.0,0.0,0
140,245000000.0,0,1718750.0,4231443.572317791,0,13.147621363108293,141.02675993069371,0,0.0,482847.22034105303,79209989350.92065,190625.0,7920998935092.065,7978373.215827121,2.3792381398379803e-09,0,0,1,0.0,0.0,0
141,245000000.0,0,1718750.0,4250815.128796647,0,13.23689894739263,142.02675993069371,0,0.0,482847.22034105303,79209989350.92065,190625.0,7920998935092.065,7978373.215827121,2.3792381398379803e-09,0,0,1,0.0,0.0,0
142,245000000.0,0,1718750.0,4270177.329016625,0,13.325566694171867,143.02184186997061,0,0.0,482847.22034105303,79209989350.92065,190625.0,7920998935092.065,7978373.215827121,2.3792381398379803e-09,0,0,1,0.0,0.0,0
143,245000000.0,0,1718750.0,4289530.484853023,0,13.414904405104801,144.02184186997061,0,0.0,482847.22034105303,79209989350.92065,190625.0,7920998935092.065,7978373.215827121,2.3792381398379803e-09,0,0,1,0.0,0.0,0
144,245000000.0,0,1718750.0,4308874.897785295,0,13.50364312020536,145.01697069853174,0,0.0,482847.22034105303,79209989350.92065,190625.0,7920998935092.065,7978373.215827121,2.3792381398379803e-09,0,0,1,0.0,0.0,0
145,245000000.0,0,1718750.0,4328210.859243576,0,13.593037581240493,146.01697069853174,0,0.0,482847.22034105303,79209989350.92065,190625.0,7920998935092.065,7978373.215827121,2.9322109185159206e-09,0,0,1,0.0,0.0,0
146,245000000.0,0,1718750.0,4347089.840803939,0,13.681878431989448,147.01214574898785,0,0.0,482847.22034105303,79209989350.92065,190625.0,7920998935092.065,7978373.215827121,2.9322109185159206e-09,0,0,1,0.0,0.0,0
147,245000000.0,0,1718750.0,4364785.498779014,0,13.771452077041733,148.01214574898785,0,0.0,482847.22034105303,79209989350.92065,190625.0,7920998935092.065,7978373.215827121,2.9322109185159206e-09,0,0,1,0.0,0.0,0
148,245000000.0,0,1718750.0,4382471.483141137,0,13.860445537794226,149.00736636655543,0,0.0,482847.22034105303,79209989350.92065,190625.0,7920998935092.065,7978373.215827121,3.39787220582366e-09,0,0,1,0.0,0.0,0
149,245000000.0,0,1718750.0,4400148.1163440775,0,13.95006686331247,150.00736636655543,0,0.0,482847.22034105303,79209989350.92065,190625.0,7920998935092.065,7978373.215827121,2.9322109185159206e-09,0,0,1,0.0,0.0,0
150,245000000.0,0,1718750.0,4417819.732803741,0,14.039117377679554,151.0026319087605,0,0.0,482847.22034105303,79209989350.92065,190625.0,7920998935092.065,7978566.305936134,2.7430360205471516e-09,0,0,1,0.0,0.0,0
151,245000000.0,0,1718750.0,4435482.611124654,0,14.128783560376847,152.0026319087605,0,0.0,482847.22034105303,79209989350.92065,190625.0,7920998935092.065,7978566.305936134,2.7430360205471516e-09,0,0,1,0.0,0.0,0
152,245000000.0,0,1718750.0,4453137.042578108,0,14.217888447776408,152.99794174515063,0,0.0,482847.22034105303,79209989350.92065,190625.0,7920998935092.065,7978566.305936134,2.7430360205471516e-09,0,0,1,0.0,0.0,0
153,245000000.0,0,1718750.0,4470783.308726354,0,14.307597354964315,153.99794174515063,0,0.0,482847.22034105303,79209989350.92065,190625.0,7920998935092.065,7978566.305936134,2.6411726139485836e-09,0,0,1,0.0,0.0,0
154,245000000.0,0,1718750.0,4488421.681746228,0,14.396753877971248,154.99329525701515,0,0.0,482847.22034105303,79209989350.92065,190625.0,7920998935092.065,7978566.305936134,3.485183697193861e-09,0,0,1,0.0,0.0,0
155,245000000.0,0,1718750.0,4506052.424742013,0,14.486503285948267,155.99329525701515,0,0.0,482847.22034105303,79209989350.92065,190625.0,7920998935092.065,7978566.305936134,3.485183697193861e-09,0,0,1,0.0,0.0,0
156,245000000.0,0,1718750.0,4523675.792047842,0,14.575708897580903,156.988691837113,0,0.0,482847.22034105303,79209989350.92065,190625.0,7920998935092.065,7978566.305936134,3.485183697193861e-09,0,0,1,0.0,0.0,0
157,245000000.0,0,1718750.0,4541333.659083257,0,14.66549256251662,157.988691837113,0,0.0,482847.22034105303,79209989350.92065,190625.0,7920998935092.065,7980064.970211528,3.841705620288849e-09,0,0,1,0.0,0.0,0
158,245000000.0,0,1718750.0,4558984.633946168,0,14.754740826656091,158.98413088940828,0,0.0,482847.22034105303,79209989350.92065,190625.0,7920998935092.065,7980064.970211528,4.118192009627819e-09,0,0,1,0.0,0.0,0
159,245000000.0,0,1718750.0,4576628.9463756615,0,14.844561211213811,159.98413088940828,0,0.0,482847.22034105303,79209989350.92065,190625.0,7920998935092.065,7980064.970211528,4.118192009627819e-09,0,0,1,0.0,0.0,0
160,245000000.0,0,1718750.0,4594266.81845285,0,14.933854188505093,160.97961182881284,0,0.0,482847.22034105303,79209989350.92065,190625.0,7920998935092.065,7980064.970211528,4.118192009627819e-09,0,0,1,0.0,0.0,0
161,245000000.0,0,1718750.0,4611898.464856145,0,15.023709479065662,161.97961182881284,0,0.0,482847.22034105303,79209989350.92065,190625.0,7920998935092.065,7980064.970211528,4.118192009627819e-09,0,0,1,0.0,0.0,0
162,245000000.0,0,1718750.0,4630565.841110956,0,15.112947581489482,162.97513408093613,0,0.0,482847.22034105303,79209989350.92065,190625.0,7920998935092.065,8017567.898317674,2.713932190090418e-09,0,0,1,0.0,0.0,0
163,245000000.0,0,1718750.0,4649227.399819385,0,15.202741523822711,163.97513408093613,0,0.0,482847.22034105303,79209989350.92065,190625.0,7920998935092.065,8017567.898317674,2.713932190090418e-09,0,0,1,0.0,0.0,0
164,245000000.0,0,1718750.0,4669517.835525982,0,15.291948014436821,164.9706970818419,0,0.0,463233.21282497945,74230188929.9707,190625.0,7423018892997.07,8096023.928381968,2.9467628337442875e-09,0,0,1,0.0,0.0,0
165,245000000.0,0,1718750.0,4689802.835058683,0,15.381703990274877,165.9706970818419,0,0.0,463233.21282497945,74230188929.9707,190625.0,7423018892997.07,8096023.928381968,2.9467628337442875e-09,0,0,1,0.0,0.0,0
166,245000000.0,0,1718750.0,4710082.579623278,0,15.470961049020177,166.96630027781134,0,0.0,463233.21282497945,74230188929.9707,190625.0,7423018892997.07,8096023.928381968,2.9467628337442875e-09,0,0,1,0.0,0.0,0
167,245000000.0,0,1718750.0,4730357.909266934,0,15.56075802287157,167.96630027781134,0,0.0,463233.21282497945,74230188929.9707,190625.0,7423018892997.07,8096071.799853916,3.841705620288849e-09,0,0,1,0.0,0.0,0
168,245000000.0,0,1718750.0,4750628.328434839,0,15.650063034034297,168.96194312511273,0,0.0,463233.21282497945,74230188929.9707,190625.0,7423018892997.07,8096071.799853916,3.841705620288849e-09,0,0,1,0.0,0.0,0
169,245000000.0,0,1718750.0,4770895.520775255,0,15.739898794536385,169.96194312511273,0,0.0,463233.21282497945,74230188929.9707,190625.0,7423018892997.07,8096181.237386706,3.943569026887417e-09,0,0,1,0.0,0.0,0
170,245000000.0,0,1718750.0,4791158.124548887,0,15.829249330638582,170.95762508977737,0,0.0,463233.21282497945,74230188929.9707,190625.0,7423018892997.07,8096181.237386706,3.943569026887417e-09,0,0,1,0.0,0.0,0
171,245000000.0,0,1718750.0,4811416.292707965,0,15.91912182567151,171.95762508977737,0,0.0,463233.21282497945,74230188929.9707,190625.0,7423018892997.07,8096181.237386706,3.943569026887417e-09,0,0,1,0.0,0.0,0
172,245000000.0,0,1718750.0,4831670.1731063025,0,16.00851563035594,172.95334564738127,0,0.0,463233.21282497945,74230188929.9707,190625.0,7423018892997.07,8096181.237386706,3.943569026887417e-09,0,0,1,0.0,0.0,0
173,245000000.0,0,1718750.0,4851919.908669261,0,16.098422952706727,173.95334564738127,0,0.0,463233.21282497945,74230188929.9707,190625.0,7423018892997.07,8096181.237386706,3.943569026887417e-09,0,0,1,0.0,0.0,0
174,245000000.0,0,1718750.0,4872165.637558019,0,16.18785792549629,174.94910428283308,0,0.0,463233.21282497945,74230188929.9707,190625.0,7423018892997.07,8096181.237386706,3.943569026887417e-09,0,0,1,0.0,0.0,0
175,245000000.0,0,1718750.0,4892407.493328384,0,16.27779830007412,175.94910428283308,0,0.0,463233.21282497945,74230188929.9707,190625.0,7423018892997.07,8096181.237386706,3.943569026887417e-09,0,0,1,0.0,0.0,0
176,245000000.0,0,1718750.0,4912878.722724352,0,16.36727248276588,176.94490049016713,0,0.0,463233.21282497945,74230188929.9707,190625.0,7423018892997.07,8112965.707470476,4.445610102266073e-09,0,0,1,0.0,0.0,0
177,245000000.0,0,1718750.0,4933346.332906354,0,16.457244255172537,177.94490049016713,0,0.0,463233.21282497945,74230188929.9707,190625.0,7423018892997.07,8112965.707470476,4.445610102266073e-09,0,0,1,0.0,0.0,0
178,245000000.0,0,1718750.0,4953810.444514857,0,16.546755819661573,178.94073377234244,0,0.0,463233.21282497945,74230188929.9707,190625.0,7423018892997.07,8112965.707470476,4.445610102266073e-09,0,0,1,0.0,0.0,0
179,245000000.0,0,1718750.0,4974732.384072557,0,16.6367574459491,179.94073377234244,0,0.0,463233.21282497945,74230188929.9707,190625.0,7423018892997.07,8146172.820514657,4.685716703534126e-09,0,0,1,0.0,0.0,0
180,245000000.0,0,1718750.0,4996919.473021688,0,16.726261720289344,180.93660364104664,0,0.0,448012.1894569424,70895948085.28104,190625.0,7089594808528.104,8207056.913986805,4.452886059880257e-09,0,0,1,0.0,0.0,0
181,245000000.0,0,1718750.0,5019224.132133054,0,16.81624221927154,181.93660364104664,0,0.0,448012.1894569424,70895948085.28104,190625.0,7089594808528.104,8211403.208772681,5.209585651755333e-09,0,0,1,0.0,0.0,0
182,245000000.0,0,1718750.0,5041525.736337549,0,16.90577615840597,182.93250961650543,0,0.0,448012.1894569424,70895948085.28104,190625.0,7089594808528.104,8211403.208772681,5.966285243630409e-09,0,0,1,0.0,0.0,0
183,245000000.0,0,1718750.0,5063824.387465406,0,16.995787489522975,183.93250961650543,0,0.0,448012.1894569424,70895948085.28104,190625.0,7089594808528.104,8211403.208772681,5.791662260890007e-09,0,0,1,0.0,0.0,0
184,245000000.0,0,1718750.0,5086120.1839525085,0,17.08535777203785,184.92845122729648,0,0.0,448012.1894569424,70895948085.28104,190625.0,7089594808528.104,8211403.208772681,6.548361852765083e-09,0,0,1,0.0,0.0,0
185,245000000.0,0,1718750.0,5108413.220953553,0,17.17539834572508,185.92845122729648,0,0.0,448012.1894569424,70895948085.28104,190625.0,7089594808528.104,8211403.208772681,6.548361852765083e-09,0,0,1,0.0,0.0,0
186,245000000.0,0,1718750.0,5130703.590451404,0,17.265003236605352,186.9244280101687,0,0.0,448012.1894569424,70895948085.28104,190625.0,7089594808528.104,8211403.208772681,6.548361852765083e-09,0,0,1,0.0,0.0,0
187,245000000.0,0,1718750.0,5152991.381362839,0,17.355071575154987,187.9244280101687,0,0.0,448012.1894569424,70895948085.28104,190625.0,7089594808528.104,8211403.208772681,6.548361852765083e-09,0,0,1,0.0,0.0,0
188,245000000.0,0,1718750.0,5175276.679640734,0,17.444709458147223,188.92043950986596,0,0.0,448012.1894569424,70895948085.28104,190625.0,7089594808528.104,8211403.208772681,6.548361852765083e-09,0,0,1,0.0,0.0,0
189,245000000.0,0,1718750.0,5197294.804605282,0,17.534804185686195,189.92043950986596,0,0.0,448012.1894569424,70895948085.28104,190625.0,7089594808528.104,8192340.2175059235,6.617483450099826e-09,0,0,1,0.0,0.0,0
190,245000000.0,0,1718750.0,5219310.600342267,0,17.62447355281266,190.9164852789552,0,0.0,448012.1894569424,70895948085.28104,190625.0,7089594808528.104,8192340.2175059235,6.617483450099826e-09,0,0,1,0.0,0.0,0
191,245000000.0,0,1718750.0,5241324.144492612,0,17.714593386374823,191.9164852789552,0,0.0,448012.1894569424,70895948085.28104,190625.0,7089594808528.104,8192340.2175059235,6.617483450099826e-09,0,0,1,0.0,0.0,0
192,245000000.0,0,1718750.0,5263335.5121092,0,17.80429282857907,192.91256487765926,0,0.0,448012.1894569424,70895948085.28104,190625.0,7089594808528.104,8192340.2175059235,6.617483450099826e-09,0,0,1,0.0,0.0,0
193,245000000.0,0,1718750.0,5285344.775743159,0,17.89443657013066,193.91256487765926,0,0.0,448012.1894569424,70895948085.28104,190625.0,7089594808528.104,8192340.2175059235,6.617483450099826e-09,0,0,1,0.0,0.0,0
194,245000000.0,0,1718750.0,5307352.005527241,0,17.984164768910464,194.90867787369376,0,0.0,448012.1894569424,70895948085.28104,190625.0,7089594808528.104,8192340.2175059235,6.617483450099826e-09,0,0,1,0.0,0.0,0
195,245000000.0,0,1718750.0,5329357.269256447,0,18.074331298208836,195.90867787369376,0,0.0,448012.1894569424,70895948085.28104,190625.0,7089594808528.104,8192340.2175059235,6.617483450099826e-09,0,0,1,0.0,0.0,0
196,245000000.0,0,1718750.0,5351009.08395677,0,18.164095471056406,196.90482384210824,0,0.0,452230.77156690374,71773634768.56769,190625.0,7177363476856.769,8175465.889066078,4.4929038267582655e-09,0,0,1,0.0,0.0,0
197,245000000.0,0,1718750.0,5372659.061488036,0,18.254291888941832,197.90482384210824,0,0.0,452230.77156690374,71773634768.56769,190625.0,7177363476856.769,8175465.889066078,4.4929038267582655e-09,0,0,1,0.0,0.0,0
198,245000000.0,0,1718750.0,5394307.263089208,0,18.34408178220229,198.9010023651312,0,0.0,452230.77156690374,71773634768.56769,190625.0,7177363476856.769,8175465.889066078,4.4929038267582655e-09,0,0,1,0.0,0.0,0
199,245000000.0,0,1718750.0,5415953.747957962,0,18.43429837098192,199.9010023651312,0,0.0,452230.77156690374,71773634768.56769,190625.0,7177363476856.769,8175465.889066078,4.4929038267582655e-09,0,0,1,0.0,0.0,0
200,245000000.0,0,1718750.0,5438652.180455163,0,18.52407413742227,200.8972130320193,0,0.0,452230.77156690374,71773634768.56769,190625.0,7177363476856.769,8226039.03161606,3.255991032347083e-09,0,0,1,0.0,0.0,0
201,245000000.0,0,1718750.0,5461349.008761293,0,18.614272057097043,201.8972130320193,0,0.0,452230.77156690374,71773634768.56769,190625.0,7177363476856.769,8226039.03161606,3.255991032347083e-09,0,0,1,0.0,0.0,0
202,245000000.0,0,1718750.0,5484044.286349384,0,18.70407320498221,202.89345543891,0,0.0,452230.77156690374,71773634768.56769,190625.0,7177363476856.769,8226039.03161606,3.255991032347083e-09,0,0,1,0.0,0.0,0
203,245000000.0,0,1718750.0,5506738.064910039,0,18.79429122752377,203.89345543891,0,0.0,452230.77156690374,71773634768.56769,190625.0,7177363476856.769,8226039.03161606,3.255991032347083e-09,0,0,1,0.0,0.0,0
204,245000000.0,0,1718750.0,5531666.049644566,0,18.884019753123553,204.8897291886782,0,0.0,452230.77156690374,71773634768.56769,190625.0,7177363476856.769,8316192.818637131,3.194145392626524e-09,0,0,1,0.0,0.0,0
205,245000000.0,0,1718750.0,5556992.341328729,0,18.974145415064772,205.8897291886782,0,0.0,448633.402199443,70668008255.2217,190625.0,7066800825522.17,8330582.296106974,3.2232492230832577e-09,0,0,1,0.0,0.0,0
206,245000000.0,0,1718750.0,5582317.278946963,0,19.063886289538218,206.8860338907963,0,0.0,448633.402199443,70668008255.2217,190625.0,7066800825522.17,8330582.296106974,3.2232492230832577e-09,0,0,1,0.0,0.0,0
207,245000000.0,0,1718750.0,5607640.907634794,0,19.154037152831133,207.8860338907963,0,0.0,448633.402199443,70668008255.2217,190625.0,7066800825522.17,8330582.296106974,3.2232492230832577e-09,0,0,1,0.0,0.0,0
208,245000000.0,0,1718750.0,5632963.271023238,0,19.24380719232198,208.88236916119783,0,0.0,448633.402199443,70668008255.2217,190625.0,7066800825522.17,8330582.296106974,3.2232492230832577e-09,0,0,1,0.0,0.0,0
209,245000000.0,0,1718750.0,5658284.411288941,0,19.3339820330483,209.88236916119783,0,0.0,448633.402199443,70668008255.2217,190625.0,7066800825522.17,8330582.296106974,3.2232492230832577e-09,0,0,1,0.0,0.0,0
210,245000000.0,0,1718750.0,5683606.011464795,0,19.42377988745707,210.87873462214412,0,0.0,448633.402199443,70668008255.2217,190625.0,7066800825522.17,8330661.124689311,3.4560798667371273e-09,0,0,1,0.0,0.0,0
211,245000000.0,0,1718750.0,5708926.468700397,0,19.513977508806978,211.87873462214412,0,0.0,448633.402199443,70668008255.2217,190625.0,7066800825522.17,8330661.124689311,3.4560798667371273e-09,0,0,1,0.0,0.0,0
212,245000000.0,0,1718750.0,5734245.821093757,0,19.603802018499554,212.87512990209484,0,0.0,448633.402199443,70668008255.2217,190625.0,7066800825522.17,8330661.124689311,3.4560798667371273e-09,0,0,1,0.0,0.0,0
213,245000000.0,0,1718750.0,5759564.10547295,0,19.69402140330286,213.87512990209484,0,0.0,448633.402199443,70668008255.2217,190625.0,7066800825522.17,8330661.124689311,4.387402441352606e-09,0,0,1,0.0,0.0,0
214,245000000.0,0,1718750.0,5784704.1843715925,0,19.783880796224743,214.87155463558122,0,0.0,448633.402199443,70668008255.2217,190625.0,7066800825522.17,8330661.124689311,4.387402441352606e-09,0,0,1,0.0,0.0,0
215,245000000.0,0,1718750.0,5807490.6474094605,0,19.87424424440048,215.87155463558122,0,0.0,448633.402199443,70668008255.2217,190625.0,7066800825522.17,8330452.921120249,4.009052645415068e-09,0,0,1,0.0,0.0,0
216,245000000.0,0,1718750.0,5827862.040871299,0,19.96425259274264,216.8680084630825,0,0.0,448633.402199443,70668008255.2217,190625.0,7066800825522.17,8330452.921120249,3.485183697193861e-09,0,0,1,0.0,0.0,0
217,245000000.0,0,1718750.0,5848232.5903427,0,20.054632007292295,217.8680084630825,0,0.0,448633.402199443,70668008255.2217,190625.0,7066800825522.17,8330452.921127075,2.3283064365386963e-09,0,0,1,0.0,0.0,0
218,245000000.0,0,1718750.0,5868601.184994339,0,20.144659674451084,218.86449103090555,0,0.0,448633.402199443,70668008255.2217,190625.0,7066800825522.17,8330452.921127075,2.3283064365386963e-09,0,0,1,0.0,0.0,0
219,245000000.0,0,1718750.0,5888968.990983713,0,20.23505434696477,219.86449103090555,0,0.0,448633.402199443,70668008255.2217,190625.0,7066800825522.17,8330452.921127075,2.3283064365386963e-09,0,0,1,0.0,0.0,0
220,245000000.0,0,1718750.0,5909334.970302625,0,20.325100570288882,220.8610019910671,0,0.0,448633.402199443,70668008255.2217,190625.0,7066800825522.17,8330452.921127075,2.3283064365386963e-09,0,0,1,0.0,0.0,0
221,245000000.0,0,1718750.0,5930292.248952538,0,20.415509834430917,221.8610019910671,0,0.0,448633.402199443,70668008255.2217,190625.0,7066800825522.17,8373079.534156346,1.6880221664905548e-09,0,0,1,0.0,0.0,0
222,245000000.0,0,1718750.0,5951247.820680382,0,20.505573894550444,222.85754100117913,0,0.0,448633.402199443,70668008255.2217,190625.0,7066800825522.17,8373079.534156346,1.6880221664905548e-09,0,0,1,0.0,0.0,0
223,245000000.0,0,1718750.0,5972202.703759046,0,20.595997122935383,223.85754100117913,0,0.0,448633.402199443,70668008255.2217,190625.0,7066800825522.17,8373079.534156346,1.6880221664905548e-09,0,0,1,0.0,0.0,0
224,245000000.0,0,1718750.0,5993155.991813867,0,20.68607834062557,224.85410772433673,0,0.0,448633.402199443,70668008255.2217,190625.0,7066800825522.17,8373079.534156346,1.6880221664905548e-09,0,0,1,0.0,0.0,0
225,245000000.0,0,1718750.0,6013785.586277962,0,20.77651494197226,225.85410772433673,0,0.0,448633.402199443,70668008255.2217,190625.0,7066800825522.17,8349819.927940734,1.5425030142068863e-09,0,0,1,0.0,0.0,0
226,245000000.0,0,1718750.0,6034413.690280886,0,20.86661267529139,226.85070182900893,0,0.0,448633.402199443,70668008255.2217,190625.0,7066800825522.17,8349819.927940734,1.5425030142068863e-09,0,0,1,0.0,0.0,0
227,245000000.0,0,1718750.0,6055041.237551897,0,20.957062090629556,227.85070182900893,0,0.0,448633.402199443,70668008255.2217,190625.0,7066800825522.17,8349822.068126142,1.6152625903487206e-09,0,0,1,0.0,0.0,0
228,245000000.0,0,1718750.0,6075667.392069748,0,21.04717573113177,228.84732298893184,0,0.0,448633.402199443,70668008255.2217,190625.0,7066800825522.17,8349822.068126142,1.6152625903487206e-09,0,0,1,0.0,0.0,0
229,245000000.0,0,1718750.0,6096292.984688295,0,21.13763743506993,229.84732298893184,0,0.0,448633.402199443,70668008255.2217,190625.0,7066800825522.17,8349822.068126142,1.6152625903487206e-09,0,0,1,0.0,0.0,0
230,245000000.0,0,1718750.0,6116917.2758563915,0,21.227766408973324,230.84397088300454,0,0.0,448633.402199443,70668008255.2217,190625.0,7066800825522.17,8349822.068126142,1.6152625903487206e-09,0,0,1,0.0,0.0,0
231,245000000.0,0,1718750.0,6138334.390377464,0,21.31823990383347,231.84397088300454,0,0.0,448633.402199443,70668008255.2217,190625.0,7066800825522.17,8406943.154125465,2.5320332497358322e-09,0,0,1,0.0,0.0,0
232,245000000.0,0,1718750.0,6159750.28876539,0,21.40838366621051,232.8406451951873,0,0.0,448633.402199443,70668008255.2217,190625.0,7066800825522.17,8406943.154125465,2.5320332497358322e-09,0,0,1,0.0,0.0,0
233,245000000.0,0,1718750.0,6181226.076236701,0,21.498866960836377,233.8406451951873,0,0.0,448633.402199443,70668008255.2217,190625.0,7066800825522.17,8409841.380984249,2.954038791358471e-09,0,0,1,0.0,0.0,0
234,245000000.0,0,1718750.0,6202700.72729915,0,21.58902350613315,234.83734561440235,0,0.0,448633.402199443,70668008255.2217,190625.0,7066800825522.17,8409841.380984249,2.954038791358471e-09,0,0,1,0.0,0.0,0
235,245000000.0,0,1718750.0,6224174.919883124,0,21.679517738201174,235.83734561440235,0,0.0,448633.402199443,70668008255.2217,190625.0,7066800825522.17,8409841.380984249,2.954038791358471e-09,0,0,1,0.0,0.0,0
236,245000000.0,0,1718750.0,6245648.05055615,0,21.769688125769544,236.83407183443674,0,0.0,448633.402199443,70668008255.2217,190625.0,7066800825522.17,8409841.380984249,2.954038791358471e-09,0,0,1,0.0,0.0,0
237,245000000.0,0,1718750.0,6267120.752806513,0,21.860192870301347,237.83407183443674,0,0.0,448633.402199443,70668008255.2217,190625.0,7066800825522.17,8409841.380984249,2.954038791358471e-09,0,0,1,0.0,0.0,0
238,245000000.0,0,1718750.0,6288732.749907901,0,21.95037663118198,238.83082355384775,0,0.0,448633.402199443,70668008255.2217,190625.0,7066800825522.17,8419942.055626594,2.408341970294714e-09,0,0,1,0.0,0.0,0
239,245000000.0,0,1718750.0,6310344.346672109,0,22.04089148527978,239.83082355384775,0,0.0,448633.402199443,70668008255.2217,190625.0,7066800825522.17,8419942.055626594,2.408341970294714e-09,0,0,1,0.0,0.0,0
240,245000000.0,0,1718750.0,6331930.955620236,0,22.13108882653185,240.82760047587027,0,0.0,448633.402199443,70668008255.2217,190625.0,7066800825522.17,8419075.875111496,3.2232492230832577e-09,0,0,1,0.0,0.0,0
241,245000000.0,0,1718750.0,6353517.19047551,0,22.221614042463646,241.82760047587027,0,0.0,448633.402199443,70668008255.2217,190625.0,7066800825522.17,8419075.875111496,3.2232492230832577e-09,0,0,1,0.0,0.0,0
242,245000000.0,0,1718750.0,6375087.55979908,0,22.311823850657465,242.82440230832646,0,0.0,448903.3854887511,70725390799.41771,190625.0,7072539079941.7705,8417995.941954264,4.329194780439138e-09,0,0,1,0.0,0.0,0
243,245000000.0,0,1718750.0,6396665.079089474,0,22.40235839587219,243.82440230832646,0,0.0,448903.3854887511,70725390799.41771,190625.0,7072539079941.7705,8417995.941954264,3.077730070799589e-09,0,0,1,0.0,0.0,0
244,245000000.0,0,1718750.0,6418241.788721064,0,22.492580269276463,244.82122876353745,0,0.0,448903.3854887511,70725390799.41771,190625.0,7072539079941.7705,8417995.941954264,3.077730070799589e-09,0,0,1,0.0,0.0,0
245,245000000.0,0,1718750.0,6439818.171699854,0,22.583123801112656,245.82122876353745,0,0.0,448903.3854887511,70725390799.41771,190625.0,7072539079941.7705,8417995.941954264,3.077730070799589e-09,0,0,1,0.0,0.0,0
246,245000000.0,0,1718750.0,6461393.798097473,0,22.673357356868188,246.81807955823703,0,0.0,448903.3854887511,70725390799.41771,190625.0,7072539079941.7705,8417995.941954264,3.077730070799589e-09,0,0,1,0.0,0.0,0
247,245000000.0,0,1718750.0,6482969.1192561975,0,22.76390954948956,247.81807955823703,0,0.0,448903.3854887511,70725390799.41771,190625.0,7072539079941.7705,8417995.941954264,3.077730070799589e-09,0,0,1,0.0,0.0,0
248,245000000.0,0,1718750.0,6504546.911964219,0,22.854154422468984,248.8149544134875,0,0.0,448903.3854887511,70725390799.41771,190625.0,7072539079941.7705,8418224.796284836,4.009052645415068e-09,0,0,1,0.0,0.0,0
249,245000000.0,0,1718750.0,6526124.419443454,0,22.944714965833473,249.8149544134875,0,0.0,448903.3854887511,70725390799.41771,190625.0,7072539079941.7705,8418224.796284836,3.077730070799589e-09,0,0,1,0.0,0.0,0
250,245000000.0,0,1718750.0,6549067.301359635,0,23.034930291026765,250.81185305459712,0,0.0,428018.10971229937,66716967465.611824,190625.0,6671696746561.183,8501765.899390642,3.9508449845016e-09,0,0,1,0.0,0.0,0
251,245000000.0,0,1718750.0,6571969.14659663,0,23.125430013028694,251.81185305459712,0,0.0,428018.10971229937,66716967465.611824,190625.0,6671696746561.183,8501765.899390642,4.882167559117079e-09,0,0,1,0.0,0.0,0
252,245000000.0,0,1718750.0,6594870.744536346,0,23.215656152334954,252.80877521103977,0,0.0,428018.10971229937,66716967465.611824,190625.0,6671696746561.183,8501765.899390642,3.9508449845016e-09,0,0,1,0.0,0.0,0
253,245000000.0,0,1718750.0,6617612.839596869,0,23.306153716364882,253.80877521103977,0,0.0,424832.3712619135,66182226009.48151,190625.0,6618222600948.15,8496032.401684955,4.722096491605043e-09,0,0,1,0.0,0.0,0
254,245000000.0,0,1718750.0,6641302.149566691,0,23.396360652306097,254.80572061637628,0,0.0,424832.3712619135,66182226009.48151,190625.0,6618222600948.15,8541509.809438718,4.896719474345446e-09,0,0,1,0.0,0.0,0
255,245000000.0,0,1718750.0,6664991.236153794,0,23.48684682844042,255.80572061637628,0,0.0,424832.3712619135,66182226009.48151,190625.0,6618222600948.15,8541509.809438718,3.6816345527768135e-09,0,0,1,0.0,0.0,0
256,245000000.0,0,1718750.0,6688680.106804273,0,23.577064442736443,256.80268900817737,0,0.0,424832.3712619135,66182226009.48151,190625.0,6618222600948.15,8541509.809438718,3.6816345527768135e-09,0,0,1,0.0,0.0,0
257,245000000.0,0,1718750.0,6712368.768716012,0,23.667558673641132,257.80268900817737,0,0.0,424832.3712619135,66182226009.48151,190625.0,6618222600948.15,8541509.809438718,5.471520125865936e-09,0,0,1,0.0,0.0,0
258,245000000.0,0,1718750.0,6736057.228846971,0,23.757786664938166,258.7996801279488,0,0.0,424832.3712619135,66182226009.48151,190625.0,6618222600948.15,8541509.809438718,5.471520125865936e-09,0,0,1,0.0,0.0,0
259,245000000.0,0,1718750.0,6759745.493923176,0,23.848288694156437,259.7996801279488,0,0.0,424832.3712619135,66182226009.48151,190625.0,6618222600948.15,8541509.809438718,5.187757778912783e-09,0,0,1,0.0,0.0,0
260,245000000.0,0,1718750.0,6783433.516955681,0,23.938526776855472,260.79669372105764,0,0.0,424832.8526788307,66182305284.180046,190625.0,6618230528418.005,8541507.883771049,2.7575879357755184e-09,0,0,1,0.0,0.0,0
261,245000000.0,0,1718750.0,6807121.357720355,0,24.029036362324653,261.79669372105764,0,0.0,424832.8526788307,66182305284.180046,190625.0,6618230528418.005,8541507.883771049,2.7575879357755184e-09,0,0,1,0.0,0.0,0
262,245000000.0,0,1718750.0,6830809.022292791,0,24.119284256172094,262.7937295366604,0,0.0,424832.8526788307,66182305284.180046,190625.0,6618230528418.005,8541507.883771049,2.7575879357755184e-09,0,0,1,0.0,0.0,0
263,245000000.0,0,1718750.0,6854496.516546064,0,24.20980115994299,263.7937295366604,0,0.0,424832.8526788307,66182305284.180046,190625.0,6618230528418.005,8541507.883771049,2.7575879357755184e-09,0,0,1,0.0,0.0,0
264,245000000.0,0,1718750.0,6878183.846157478,0,24.300058599182798,264.7907873276331,0,0.0,424832.8526788307,66182305284.180046,190625.0,6618230528418.005,8541507.883771049,2.7575879357755184e-09,0,0,1,0.0,0.0,0
265,245000000.0,0,1718750.0,6901871.016615097,0,24.390582596566617,265.7907873276331,0,0.0,424832.8526788307,66182305284.180046,190625.0,6618230528418.005,8541507.883771049,2.7575879357755184e-09,0,0,1,0.0,0.0,0
266,245000000.0,0,1718750.0,6925558.033224049,0,24.480849326078783,266.78786685050227,0,0.0,424832.8526788307,66182305284.180046,190625.0,6618230528418.005,8541507.883771049,2.7575879357755184e-09,0,0,1,0.0,0.0,0
267,245000000.0,0,1718750.0,6950325.765823234,0,24.57136124156652,267.78786685050227,0,0.0,424832.8526788307,66182305284.180046,190625.0,6618230528418.005,8593389.389880529,4.940375220030546e-09,0,0,1,0.0,0.0,0
268,245000000.0,0,1718750.0,6975093.354659384,0,24.661618508968363,268.784967865378,0,0.0,424832.8526788307,66182305284.180046,190625.0,6618230528418.005,8593389.389880598,2.9176590032875538e-09,0,0,1,0.0,0.0,0
269,245000000.0,0,1718750.0,6998758.90068407,0,24.752205000920426,269.784967865378,0,0.0,434749.98724361253,67849224794.3302,190625.0,6784922479433.02,8553720.85162147,5.449692253023386e-09,0,0,1,0.0,0.0,0
270,245000000.0,0,1718750.0,7022424.312370189,0,24.842538801849287,270.78209013588815,0,0.0,434749.98724361253,67849224794.3302,190625.0,6784922479433.02,8553720.85162147,5.449692253023386e-09,0,0,1,0.0,0.0,0
271,245000000.0,0,1718750.0,7045949.307047882,0,24.933132145317998,271.78209013588815,0,0.0,434749.98724361253,67849224794.3302,190625.0,6784922479433.02,8543620.176979125,5.995389074087143e-09,0,0,1,0.0,0.0,0
272,245000000.0,0,1718750.0,7069357.3541434305,0,25.02348074609456,272.77923342911413,0,0.0,434749.98724361253,67849224794.3302,190625.0,6784922479433.02,8543620.176979125,5.995389074087143e-09,0,0,1,0.0,0.0,0
273,245000000.0,0,1718750.0,7090583.647701114,0,25.114197516330407,273.77923342911413,0,0.0,442225.6810110397,70167660282.15298,190625.0,7016766028215.299,8555356.000768239,4.7075445763766766e-09,0,0,1,0.0,0.0,0
274,245000000.0,0,1718750.0,7111809.788331298,0,25.204664359232744,274.77639751552795,0,0.0,442225.6810110397,70167660282.15298,190625.0,7016766028215.299,8555356.000768239,4.212779458612204e-09,0,0,1,0.0,0.0,0
275,245000000.0,0,1718750.0,7133035.781131569,0,25.295384477260736,275.77639751552795,0,0.0,442225.6810110397,70167660282.15298,190625.0,7016766028215.299,8555356.000768239,4.212779458612204e-09,0,0,1,0.0,0.0,0
276,245000000.0,0,1718750.0,7154574.600020517,0,25.38585067247236,276.773582168931,0,0.0,439408.9600926707,69280988132.59177,190625.0,6928098813259.177,8566622.884441715,4.4165062718093395e-09,0,0,1,0.0,0.0,0
277,245000000.0,0,1718750.0,7176113.280770623,0,25.476568005726975,277.773582168931,0,0.0,439408.9600926707,69280988132.59177,190625.0,6928098813259.177,8566622.884441715,4.4165062718093395e-09,0,0,1,0.0,0.0,0
278,245000000.0,0,1718750.0,7196630.939784337,0,25.567039767140706,278.7707871663937,0,0.0,439408.9600926707,69280988132.59177,190625.0,6928098813259.177,8493118.933885146,4.540197551250458e-09,0,0,1,0.0,0.0,0
279,245000000.0,0,1718750.0,7217148.469714978,0,25.65776044303934,279.7707871663937,0,0.0,439408.9600926707,69280988132.59177,190625.0,6928098813259.177,8493118.933885146,4.540197551250458e-09,0,0,1,0.0,0.0,0
280,245000000.0,0,1718750.0,7237665.874865313,0,25.748237644038667,280.7680122881966,0,0.0,439408.9600926707,69280988132.59177,190625.0,6928098813259.177,8493118.933885146,4.540197551250458e-09,0,0,1,0.0,0.0,0
281,245000000.0,0,1718750.0,7258183.159394686,0,25.838961566646905,281.7680122881966,0,0.0,439408.9600926707,69280988132.59177,190625.0,6928098813259.177,8493118.933885146,4.540197551250458e-09,0,0,1,0.0,0.0,0
282,245000000.0,0,1718750.0,7278700.327323795,0,25.929444084982062,282.7652573177731,0,0.0,439408.9600926707,69280988132.59177,190625.0,6928098813259.177,8493118.933885146,5.893525667488575e-09,0,0,1,0.0,0.0,0
283,245000000.0,0,1718750.0,7301106.193842363,0,26.020140387135168,283.7652573177731,0,0.0,439408.9600926707,69280988132.59177,190625.0,6928098813259.177,8561335.342409642,3.2232492230832577e-09,0,0,1,0.0,0.0,0
284,245000000.0,0,1718750.0,7323511.95140446,0,26.110598050212527,284.76252204165274,0,0.0,439408.9600926707,69280988132.59177,190625.0,6928098813259.177,8561335.342409642,3.2232492230832577e-09,0,0,1,0.0,0.0,0
285,245000000.0,0,1718750.0,7345917.603641972,0,26.201298839943988,285.76252204165274,0,0.0,439408.9600926707,69280988132.59177,190625.0,6928098813259.177,8561335.342409642,3.2232492230832577e-09,0,0,1,0.0,0.0,0
286,245000000.0,0,1718750.0,7368323.154065717,0,26.2917629726292,286.7598062494064,0,0.0,439408.9600926707,69280988132.59177,190625.0,6928098813259.177,8561335.342409642,3.2232492230832577e-09,0,0,1,0.0,0.0,0
287,245000000.0,0,1718750.0,7390728.6060694875,0,26.382468090968345,287.7598062494064,0,0.0,439408.9600926707,69280988132.59177,190625.0,6928098813259.177,8561335.342409642,3.2232492230832577e-09,0,0,1,0.0,0.0,0
288,245000000.0,0,1718750.0,7413133.962933951,0,26.47293851165233,288.757109733592,0,0.0,439408.9600926707,69280988132.59177,190625.0,6928098813259.177,8561335.342409642,3.2232492230832577e-09,0,0,1,0.0,0.0,0
289,245000000.0,0,1718750.0,7435539.2278304165,0,26.563647807310307,289.757109733592,0,0.0,439408.9600926707,69280988132.59177,190625.0,6928098813259.177,8561335.342409642,3.2232492230832577e-09,0,0,1,0.0,0.0,0
290,245000000.0,0,1718750.0,7457944.403824483,0,26.654124342343774,290.754432289702,0,0.0,439408.9600926707,69280988132.59177,190625.0,6928098813259.177,8561335.342409642,3.2232492230832577e-09,0,0,1,0.0,0.0,0
291,245000000.0,0,1718750.0,7480521.077232088,0,26.744835151073197,291.754432289702,0,0.0,439408.9600926707,69280988132.59177,190625.0,6928098813259.177,8567512.343100471,3.4560798667371273e-09,0,0,1,0.0,0.0,0
292,245000000.0,0,1718750.0,7503097.667565339,0,26.83531517875805,292.7517737161115,0,0.0,439408.9600926707,69280988132.59177,190625.0,6928098813259.177,8567512.343100471,3.4560798667371273e-09,0,0,1,0.0,0.0,0
293,245000000.0,0,1718750.0,7525601.641354663,0,26.92603001084094,293.7517737161115,0,0.0,439408.9600926707,69280988132.59177,190625.0,6928098813259.177,8562289.733912285,1.979060471057892e-09,0,0,1,0.0,0.0,0
294,245000000.0,0,1718750.0,7548105.537515617,0,27.016515951390215,294.7491338140275,0,0.0,439408.9600926707,69280988132.59177,190625.0,6928098813259.177,8562289.733912285,1.979060471057892e-09,0,0,1,0.0,0.0,0
295,245000000.0,0,1718750.0,7570609.358635817,0,27.10723466874524,295.7491338140275,0,0.0,439408.9600926707,69280988132.59177,190625.0,6928098813259.177,8562289.733912285,1.979060471057892e-09,0,0,1,0.0,0.0,0
296,245000000.0,0,1718750.0,7593113.107216622,0,27.19772636280476,296.7465123874399,0,0.0,439408.9600926707,69280988132.59177,190625.0,6928098813259.177,8562289.733912285,1.979060471057892e-09,0,0,1,0.0,0.0,0
297,245000000.0,0,1718750.0,7615618.278261844,0,27.28844880923995,297.7465123874399,0,0.0,439395.52682016377,69276797507.32191,190625.0,6927679750732.191,8562343.467002312,1.775333657860756e-09,0,0,1,0.0,0.0,0
298,245000000.0,0,1718750.0,7638123.38152303,0,27.37894608004206,298.7439092430723,0,0.0,439395.52682016377,69276797507.32191,190625.0,6927679750732.191,8562343.467002312,1.775333657860756e-09,0,0,1,0.0,0.0,0
299,245000000.0,0,1718750.0,7660628.419259648,0,27.469672155347784,299.7439092430723,0,0.0,439395.52682016377,69276797507.32191,190625.0,6927679750732.191,8562343.467002312,1.775333657860756e-09,0,0,1,0.0,0.0,0
300,245000000.0,0,1718750.0,7683133.39365585,0,27.56017488158707,300.741324190335,0,0.0,439395.52682016377,69276797507.32191,190625.0,6927679750732.191,8562343.467002312,1.775333657860756e-09,0,0,1,0.0,0.0,0
301,245000000.0,0,1718750.0,7705412.421333,0,27.559995375050907,300.741324190335,0,0.0,439395.52682016377,69276797507.32191,190625.0,6927679750732.191,8546079.711723424,2.1318555809557438e-09,0,0,1,0.0,0.0,0
302,245000000.0,0,1718750.0,7727691.389822053,0,27.559594325538946,300.73875704127806,0,0.0,439395.52682016377,69276797507.32191,190625.0,6927679750732.191,8546079.711723424,2.1318555809557438e-09,0,0,1,0.0,0.0,0
303,245000000.0,0,1718750.0,7749490.554408474,0,27.55941821367221,300.73875704127806,0,0.0,439395.52682016377,69276797507.32191,190625.0,6927679750732.191,8511537.950225879,4.285539034754038e-09,0,0,1,0.0,0.0,0
304,245000000.0,0,1718750.0,7771289.663686906,0,27.55902234471229,300.73620761054616,0,0.0,439395.52682016377,69276797507.32191,190625.0,6927679750732.191,8511537.950225879,4.780304152518511e-09,0,0,1,0.0,0.0,0
305,245000000.0,0,1718750.0,7793088.719500948,0,27.55884951821465,300.73620761054616,0,0.0,439395.52682016377,69276797507.32191,190625.0,6927679750732.191,8511537.950225879,4.780304152518511e-09,0,0,1,0.0,0.0,0
306,245000000.0,0,1718750.0,7812990.296065326,0,27.55855166704727,300.73367571533385,0,0.0,439395.52682016377,69276797507.32191,190625.0,6927679750732.191,8511537.950225879,4.780304152518511e-09,0,0,1,0.0,0.0,0
307,245000000.0,0,1718750.0,7832870.129120436,0,27.55847494256225,300.73367571533385,0,0.0,439395.52682016377,69276797507.32191,190625.0,6927679750732.191,8511537.950225879,4.780304152518511e-09,0,0,1,0.0,0.0,0
308,245000000.0,0,1718750.0,7853799.111141069,0,27.558180878824967,300.7311611753416,0,0.0,439395.52682016377,69276797507.32191,190625.0,6927679750732.191,8587080.96294388,2.5247572921216488e-09,0,0,1,0.0,0.0,0
309,245000000.0,0,1718750.0,7874728.035602065,0,27.558105065750997,300.7311611753416,0,0.0,439395.52682016377,69276797507.32191,190625.0,6927679750732.191,8587080.96294388,2.5247572921216488e-09,0,0,1,0.0,0.0,0
310,245000000.0,0,1718750.0,7895656.904422079,0,27.557813678272158,300.7286638127334,0,0.0,439395.52682016377,69276797507.32191,190625.0,6927679750732.191,8587080.96294388,2.5247572921216488e-09,0,0,1,0.0,0.0,0
311,245000000.0,0,1718750.0,7916585.719455813,0,27.557738756049456,300.7286638127334,0,0.0,439395.52682016377,69276797507.32191,190625.0,6927679750732.191,8587080.96294388,2.5247572921216488e-09,0,0,1,0.0,0.0,0
312,245000000.0,0,1718750.0,7937415.456608433,0,27.557450003386222,300.7261834520946,0,0.0,439395.52682016377,69276797507.32191,190625.0,6927679750732.191,8579951.099028997,2.168235369026661e-09,0,0,1,0.0,0.0,0
313,245000000.0,0,1718750.0,7958817.328876715,0,27.55737595208901,300.7261834520946,0,0.0,439395.52682016377,69276797507.32191,190625.0,6927679750732.191,8621148.446097724,3.332388587296009e-09,0,0,1,0.0,0.0,0
314,245000000.0,0,1718750.0,7980219.152560049,0,27.557089793792542,300.7237199203908,0,0.0,439395.52682016377,69276797507.32191,190625.0,6927679750732.191,8621148.446097724,3.332388587296009e-09,0,0,1,0.0,0.0,0
315,245000000.0,0,1718750.0,8001558.635586809,0,27.557016594104446,300.7237199203908,0,0.0,439395.52682016377,69276797507.32191,190625.0,6927679750732.191,8616663.300337043,5.515175871551037e-09,0,0,1,0.0,0.0,0
316,245000000.0,0,1718750.0,8022898.073297281,0,27.556732990686484,300.7212730469278,0,0.0,439395.52682016377,69276797507.32191,190625.0,6927679750732.191,8616663.30635955,3.39787220582366e-09,0,0,1,0.0,0.0,0
317,245000000.0,0,1718750.0,8044237.467121148,0,27.556660623876997,300.7212730469278,0,0.0,439395.52682016377,69276797507.32191,190625.0,6927679750732.191,8616663.30635955,3.39787220582366e-09,0,0,1,0.0,0.0,0
318,245000000.0,0,1718750.0,8065576.818521298,0,27.556379536777865,300.71884266331205,0,0.0,439395.52682016377,69276797507.32191,190625.0,6927679750732.191,8616663.30635955,3.39787220582366e-09,0,0,1,0.0,0.0,0
319,245000000.0,0,1718750.0,8086916.128911853,0,27.55630798467996,300.71884266331205,0,0.0,439395.52682016377,69276797507.32191,190625.0,6927679750732.191,8616663.30635955,3.39787220582366e-09,0,0,1,0.0,0.0,0
320,245000000.0,0,1718750.0,8108255.399659801,0,27.55602937623793,300.716428603412,0,0.0,439395.52682016377,69276797507.32191,190625.0,6927679750732.191,8616663.30635955,3.39787220582366e-09,0,0,1,0.0,0.0,0
321,245000000.0,0,1718750.0,8129594.63208656,0,27.555958621226672,300.716428603412,0,0.0,439395.52682016377,69276797507.32191,190625.0,6927679750732.191,8616663.30635955,3.39787220582366e-09,0,0,1,0.0,0.0,0
322,245000000.0,0,1718750.0,8150937.848652054,0,27.555682454648615,300.71403070332025,0,0.0,439395.52682016377,69276797507.32191,190625.0,6927679750732.191,8616952.831503054,5.951733328402042e-09,0,0,1,0.0,0.0,0
323,245000000.0,0,1718750.0,8172281.029408526,0,27.55561247962073,300.71403070332025,0,0.0,439395.52682016377,69276797507.32191,190625.0,6927679750732.191,8616952.831503054,5.951733328402042e-09,0,0,1,0.0,0.0,0
324,245000000.0,0,1718750.0,8193624.175549615,0,27.555338718954,300.7116488013165,0,0.0,439395.52682016377,69276797507.32191,190625.0,6927679750732.191,8616952.831503054,5.951733328402042e-09,0,0,1,0.0,0.0,0
325,245000000.0,0,1718750.0,8214251.988678444,0,27.555269507308427,300.7116488013165,0,0.0,439395.52682016377,69276797507.32191,190625.0,6927679750732.191,8565451.263851508,4.576577339321375e-09,0,0,1,0.0,0.0,0
326,245000000.0,0,1718750.0,8235006.249408303,0,27.554998117413927,300.70928273783136,0,0.0,439395.52682016377,69276797507.32191,190625.0,6927679750732.191,8574557.820048714,2.0445440895855427e-09,0,0,1,0.0,0.0,0
327,245000000.0,0,1718750.0,8255290.554360539,0,27.55495450963898,300.70928273783136,0,0.0,439395.52682016377,69276797507.32191,190625.0,6927679750732.191,8574647.574141758,2.240994945168495e-09,0,0,1,0.0,0.0,0
328,245000000.0,0,1718750.0,8274352.202600245,0,27.554749604123685,300.70693235541023,0,0.0,439395.52682016377,69276797507.32191,190625.0,6927679750732.191,8574647.574141758,2.240994945168495e-09,0,0,1,0.0,0.0,0
329,245000000.0,0,1718750.0,8292922.3714333875,0,27.55473202212098,300.70693235541023,0,0.0,439395.52682016377,69276797507.32191,190625.0,6927679750732.191,8574645.43395635,2.168235369026661e-09,0,0,1,0.0,0.0,0
330,245000000.0,0,1718750.0,8311492.488624849,0,27.554528526114392,300.7045974986789,0,0.0,439395.52682016377,69276797507.32191,190625.0,6927679750732.191,8574645.43395635,2.168235369026661e-09,0,0,1,0.0,0.0,0
331,245000000.0,0,1718750.0,8330062.580141131,0,27.554510963723466,300.7045974986789,0,0.0,439395.52682016377,69276797507.32191,190625.0,6927679750732.191,8574645.43395635,2.168235369026661e-09,0,0,1,0.0,0.0,0
332,245000000.0,0,1718750.0,8349674.779667642,0,27.554308862872514,300.7022780143089,0,0.0,439395.52682016377,69276797507.32191,190625.0,6927679750732.191,8649680.685145246,1.7171259969472885e-09,0,0,1,0.0,0.0,0
333,245000000.0,0,1718750.0,8369286.955202128,0,27.554291319747254,300.7022780143089,0,0.0,439395.52682016377,69276797507.32191,190625.0,6927679750732.191,8649680.685145246,1.7171259969472885e-09,0,0,1,0.0,0.0,0
334,245000000.0,0,1718750.0,8388439.542616316,0,27.55409059990966,300.6999737509843,0,0.0,439395.52682016377,69276797507.32191,190625.0,6927679750732.191,8616593.587166721,1.7171259969472885e-09,0,0,1,0.0,0.0,0
335,245000000.0,0,1718750.0,8407592.10761129,0,27.55407307572543,300.6999737509843,0,0.0,439395.52682016377,69276797507.32191,190625.0,6927679750732.191,8616593.587166721,1.7171259969472885e-09,0,0,1,0.0,0.0,0
336,245000000.0,0,1718750.0,8429346.052669005,0,27.553781362225855,300.6976845593686,0,0.0,425106.16043507296,66828936281.06803,190625.0,6682893628106.803,8722409.364227971,1.0186340659856796e-09,0,0,1,0.0,0.0,0
337,245000000.0,0,1718750.0,8451177.137085522,0,27.553671981626348,300.6976845593686,0,0.0,425106.16043507296,66828936281.06803,190625.0,6682893628106.803,8727964.906426555,9.094947017729282e-10,0,0,1,0.0,0.0,0
338,245000000.0,0,1718750.0,8472775.064487552,0,27.55338239544022,300.6954102920723,0,0.0,425106.16043507296,66828936281.06803,190625.0,6682893628106.803,8711180.436342785,2.61206878349185e-09,0,0,1,0.0,0.0,0
339,245000000.0,0,1718750.0,8494372.972313426,0,27.553273930524643,300.6954102920723,0,0.0,425106.16043507296,66828936281.06803,190625.0,6682893628106.803,8711180.436342785,2.61206878349185e-09,0,0,1,0.0,0.0,0
340,245000000.0,0,1718750.0,8515970.84334608,0,27.552986447437945,300.69315080362173,0,0.0,425106.16043507296,66828936281.06803,190625.0,6682893628106.803,8711180.436342785,2.61206878349185e-09,0,0,1,0.0,0.0,0
341,245000000.0,0,1718750.0,8537521.65276851,0,27.55287888607868,300.69315080362173,0,0.0,425106.16043507296,66828936281.06803,190625.0,6682893628106.803,8711180.436342785,2.61206878349185e-09,0,0,1,0.0,0.0,0
342,245000000.0,0,1718750.0,8558338.70114136,0,27.55259575468026,300.6909059504275,0,0.0,425106.16043507296,66828936281.06803,190625.0,6682893628106.803,8711180.436342785,2.61206878349185e-09,0,0,1,0.0,0.0,0
343,245000000.0,0,1718750.0,8579003.148922438,0,27.552524442011237,300.6909059504275,0,0.0,425106.16043507296,66828936281.06803,190625.0,6682893628106.803,8711180.436342785,2.61206878349185e-09,0,0,1,0.0,0.0,0
344,245000000.0,0,1718750.0,8599667.565771557,0,27.55225068596642,300.68867559075454,0,0.0,425106.16043507296,66828936281.06803,190625.0,6682893628106.803,8711180.436342785,2.61206878349185e-09,0,0,1,0.0,0.0,0
345,245000000.0,0,1718750.0,8620584.25404007,0,27.552161250134983,300.68867559075454,0,0.0,422078.54115988524,66362714683.93769,190625.0,6636271468393.77,8723290.913443536,2.0881998352706432e-09,0,0,1,0.0,0.0,0
346,245000000.0,0,1718750.0,8641453.44606934,0,27.551874887895497,300.68645958469193,0,0.0,422078.54115988524,66362714683.93769,190625.0,6636271468393.77,8725928.503870804,1.9717845134437084e-09,0,0,1,0.0,0.0,0
347,245000000.0,0,1718750.0,8659860.558538022,0,27.551865426438074,300.68645958469193,0,0.0,434239.21762717655,68346395401.79432,190625.0,6834639540179.432,8607750.038944414,3.587047103792429e-09,0,0,1,0.0,0.0,0
348,245000000.0,0,1718750.0,8678605.440565871,0,27.551639500011117,300.68425779412394,0,0.0,434239.21762717655,68346395401.79432,190625.0,6834639540179.432,8607750.038944414,3.587047103792429e-09,0,0,1,0.0,0.0,0
349,245000000.0,0,1718750.0,8697350.29623495,0,27.551613802392538,300.68425779412394,0,0.0,434239.21762717655,68346395401.79432,190625.0,6834639540179.432,8607750.038944414,3.587047103792429e-09,0,0,1,0.0,0.0,0
350,245000000.0,0,1718750.0,8716095.126665281,0,27.55138924877608,300.682070082701,0,0.0,434239.21762717655,68346395401.79432,190625.0,6834639540179.432,8607750.038944414,3.587047103792429e-09,0,0,1,0.0,0.0,0
351,245000000.0,0,1718750.0,8734839.932464806,0,27.551363642406855,300.682070082701,0,0.0,434239.21762717655,68346395401.79432,190625.0,6834639540179.432,8607750.038944414,3.587047103792429e-09,0,0,1,0.0,0.0,0
352,245000000.0,0,1718750.0,8752938.531052146,0,27.55118804948951,300.67989631581185,0,0.0,441993.42116282904,69765704992.48038,190625.0,6976570499248.038,8576733.224801805,3.67435859516263e-09,0,0,1,0.0,0.0,0
353,245000000.0,0,1718750.0,8772988.197527455,0,27.551199670332338,300.67989631581185,0,0.0,421107.81978867983,63686750760.280266,190625.0,6368675076028.026,8660275.6302984,3.4124241210520267e-09,0,0,1,0.0,0.0,0
354,245000000.0,0,1718750.0,8791727.456666918,0,27.551015156589088,300.67773636055574,0,0.0,429860.6490098207,66128149691.00462,190625.0,6612814969100.462,8625204.800672727,7.1668182499706745e-09,0,0,1,0.0,0.0,0
355,245000000.0,0,1718750.0,8810709.83857107,0,27.55102679805127,300.67773636055574,0,0.0,429860.6490098207,66128149691.00462,190625.0,6612814969100.462,8625204.800672727,7.1668182499706745e-09,0,0,1,0.0,0.0,0
356,245000000.0,0,1718750.0,8829692.199085966,0,27.550843549104908,300.6755900857155,0,0.0,429860.6490098207,66128149691.00462,190625.0,6612814969100.462,8625204.800672727,7.1668182499706745e-09,0,0,1,0.0,0.0,0
357,245000000.0,0,1718750.0,8848674.548966564,0,27.55085521108513,300.6755900857155,0,0.0,429860.6490098207,66128149691.00462,190625.0,6612814969100.462,8625204.800672727,7.1668182499706745e-09,0,0,1,0.0,0.0,0
358,245000000.0,0,1718750.0,8867422.152116893,0,27.550673215025032,300.6734573617308,0,0.0,432677.3699281897,66946396928.90763,190625.0,6694639692890.763,8613937.91699925,5.362380761653185e-09,0,0,1,0.0,0.0,0
359,245000000.0,0,1718750.0,8886247.987577794,0,27.55068489743162,300.6734573617308,0,0.0,432677.3699281897,66946396928.90763,190625.0,6694639692890.763,8613937.91699925,5.362380761653185e-09,0,0,1,0.0,0.0,0
360,245000000.0,0,1718750.0,8902962.010387849,0,27.550621856085865,300.67133806067216,0,0.0,451683.5156944896,70933844154.84865,190625.0,7093384415484.865,8537913.333934052,3.9217411540448666e-09,0,0,1,0.0,0.0,0
361,245000000.0,0,1718750.0,8919676.023912188,0,27.550752077325853,300.67133806067216,0,0.0,451683.5156944896,70933844154.84865,190625.0,7093384415484.865,8537913.333934052,3.9217411540448666e-09,0,0,1,0.0,0.0,0
362,245000000.0,0,1718750.0,8936390.019984081,0,27.550691885681793,300.6692320562155,0,0.0,451683.5156944896,70933844154.84865,190625.0,7093384415484.865,8537913.333934052,3.9217411540448666e-09,0,0,1,0.0,0.0,0
363,245000000.0,0,1718750.0,8953104.007378986,0,27.550823762266962,300.6692320562155,0,0.0,451683.5156944896,70933844154.84865,190625.0,7093384415484.865,8537913.333934052,3.9217411540448666e-09,0,0,1,0.0,0.0,0
364,245000000.0,0,1718750.0,8969817.978465552,0,27.550766441897277,300.66713922361674,0,0.0,451683.5156944896,70933844154.84865,190625.0,7093384415484.865,8537913.333934052,3.9217411540448666e-09,0,0,1,0.0,0.0,0
365,245000000.0,0,1718750.0,8986531.94144395,0,27.55090000721614,300.66713922361674,0,0.0,451683.5156944896,70933844154.84865,190625.0,7093384415484.865,8537913.333934052,3.9217411540448666e-09,0,0,1,0.0,0.0,0
366,245000000.0,0,1718750.0,9003245.889183115,0,27.550845580766516,300.6650594396874,0,0.0,451683.5156944896,70933844154.84865,190625.0,7093384415484.865,8537913.333934052,3.9217411540448666e-09,0,0,1,0.0,0.0,0
367,245000000.0,0,1718750.0,9020002.524682757,0,27.550978375517857,300.6650594396874,0,0.0,451299.25766048447,70846072061.63321,190625.0,7084607206163.321,8539450.366070071,4.052708391100168e-09,0,0,1,0.0,0.0,0
368,245000000.0,0,1718750.0,9036757.62597669,0,27.550924341480258,300.66299258277047,0,0.0,451299.25766048447,70846072061.63321,190625.0,7084607206163.321,8539340.92854873,6.890331860631704e-09,0,0,1,0.0,0.0,0
369,245000000.0,0,1718750.0,9053481.498018276,0,27.551058830934632,300.66299258277047,0,0.0,451299.25766048447,70846072061.63321,190625.0,7084607206163.321,8537842.264273338,6.133632268756628e-09,0,0,1,0.0,0.0,0
370,245000000.0,0,1718750.0,9070057.343088347,0,27.551007674771288,300.66093853271644,0,0.0,451299.25766048447,70846072061.63321,190625.0,7084607206163.321,8527185.280406032,5.427864380180836e-09,0,0,1,0.0,0.0,0
371,245000000.0,0,1718750.0,9086633.181542605,0,27.551143893297446,300.66093853271644,0,0.0,451299.25766048447,70846072061.63321,190625.0,7084607206163.321,8527185.280406032,5.427864380180836e-09,0,0,1,0.0,0.0,0
372,245000000.0,0,1718750.0,9103209.007562403,0,27.551095639065224,300.65889717086026,0,0.0,451299.25766048447,70846072061.63321,190625.0,7084607206163.321,8527185.280399205,4.423782229423523e-09,0,0,1,0.0,0.0,0
373,245000000.0,0,1718750.0,9119784.82740009,0,27.551233622007103,300.65889717086026,0,0.0,451299.25766048447,70846072061.63321,190625.0,7084607206163.321,8527185.280399205,4.423782229423523e-09,0,0,1,0.0,0.0,0
374,245000000.0,0,1718750.0,9136360.635618556,0,27.55118829488961,300.65686837999834,0,0.0,451299.25766048447,70846072061.63321,190625.0,7084607206163.321,8527185.280399205,4.300090949982405e-09,0,0,1,0.0,0.0,0
375,245000000.0,0,1718750.0,9152936.438060187,0,27.551328078600758,300.65686837999834,0,0.0,451299.25766048447,70846072061.63321,190625.0,7084607206163.321,8527185.280399205,4.300090949982405e-09,0,0,1,0.0,0.0,0
376,245000000.0,0,1718750.0,9167935.041163322,0,27.551285704941403,300.65485204436624,0,0.0,470225.51943217573,76755596026.71037,190625.0,7675559602671.037,8451480.23331244,3.077730070799589e-09,0,0,1,0.0,0.0,0
377,245000000.0,0,1718750.0,9183640.973880053,0,27.551391491652122,300.65485204436624,0,0.0,470225.51943217573,76755596026.71037,190625.0,7675559602671.037,8451480.23331244,3.077730070799589e-09,0,0,1,0.0,0.0,0
378,245000000.0,0,1718750.0,9199749.999287784,0,27.551236166900257,300.65284804961647,0,0.0,470225.51943217573,76755596026.71037,190625.0,7675559602671.037,8451480.23331244,3.077730070799589e-09,0,0,1,0.0,0.0,0
379,245000000.0,0,1718750.0,9216370.099641334,0,27.55126287934337,300.65284804961647,0,0.0,464092.5534965241,74762181787.34639,190625.0,7476218178734.639,8476012.097055046,3.077730070799589e-09,0,0,1,0.0,0.0,0
380,245000000.0,0,1718750.0,9232819.829861622,0,27.55110884688215,300.65085628279706,0,0.0,464092.5534965241,74762181787.34639,190625.0,7476218178734.639,8476012.097055046,3.077730070799589e-09,0,0,1,0.0,0.0,0
381,245000000.0,0,1718750.0,9249269.554896843,0,27.551135739012203,300.65085628279706,0,0.0,464092.5534965241,74762181787.34639,190625.0,7476218178734.639,8476012.097055046,3.077730070799589e-09,0,0,1,0.0,0.0,0
382,245000000.0,0,1718750.0,9265450.653989198,0,27.550982990406954,300.64887663233026,0,0.0,464092.5534965241,74762181787.34639,190625.0,7476218178734.639,8456671.699841343,3.0340743251144886e-09,0,0,1,0.0,0.0,0
383,245000000.0,0,1718750.0,9281631.748236395,0,27.551010063947203,300.64887663233026,0,0.0,464092.5534965241,74762181787.34639,190625.0,7476218178734.639,8456671.699841343,3.0340743251144886e-09,0,0,1,0.0,0.0,0
384,245000000.0,0,1718750.0,9297797.877861785,0,27.550858590916416,300.64690898799176,0,0.0,464092.5534965241,74762181787.34639,190625.0,7476218178734.639,8455594.873777563,3.0122464522719383e-09,0,0,1,0.0,0.0,0
385,245000000.0,0,1718750.0,9313964.002959646,0,27.550885847619018,300.64690898799176,0,0.0,464092.5534965241,74762181787.34639,190625.0,7476218178734.639,8455594.873777563,3.0122464522719383e-09,0,0,1,0.0,0.0,0
386,245000000.0,0,1718750.0,9330571.581884928,0,27.550712284552425,300.64495324089006,0,0.0,464092.5534965241,74762181787.34639,190625.0,7476218178734.639,8455594.873777563,3.0122464522719383e-09,0,0,1,0.0,0.0,0
387,245000000.0,0,1718750.0,9347696.440115754,0,27.55071227191058,300.64495324089006,0,0.0,464092.5534965241,74762181787.34639,190625.0,7476218178734.639,8455594.873777563,3.0122464522719383e-09,0,0,1,0.0,0.0,0
388,245000000.0,0,1718750.0,9364901.766543213,0,27.550535530948117,300.64300928344653,0,0.0,464092.5534965241,74762181787.34639,190625.0,7476218178734.639,8455594.873777563,3.0122464522719383e-09,0,0,1,0.0,0.0,0
389,245000000.0,0,1718750.0,9382107.08927729,0,27.55053551913501,300.64300928344653,0,0.0,464092.5534965241,74762181787.34639,190625.0,7476218178734.639,8455594.873777563,3.0122464522719383e-09,0,0,1,0.0,0.0,0
390,245000000.0,0,1718750.0,9399312.401817717,0,27.550359841448415,300.64107700937575,0,0.0,464092.5534965241,74762181787.34639,190625.0,7476218178734.639,8455594.873777563,3.0122464522719383e-09,0,0,1,0.0,0.0,0
391,245000000.0,0,1718750.0,9416517.710906876,0,27.55035983040972,300.64107700937575,0,0.0,464092.5534965241,74762181787.34639,190625.0,7476218178734.639,8455594.873777563,5.9371814131736755e-09,0,0,1,0.0,0.0,0
392,245000000.0,0,1718750.0,9433723.010470636,0,27.550185206377,300.639156313666,0,0.0,464092.5534965241,74762181787.34639,190625.0,7476218178734.639,8455594.873777563,5.9371814131736755e-09,0,0,1,0.0,0.0,0
393,245000000.0,0,1718750.0,9450928.30906277,0,27.550185196061967,300.639156313666,0,0.0,464092.5534965241,74762181787.34639,190625.0,7476218178734.639,8455594.98194,3.754394128918648e-09,0,0,1,0.0,0.0,0
394,245000000.0,0,1718750.0,9468133.598753944,0,27.550011616180143,300.63724709256013,0,0.0,464092.5534965241,74762181787.34639,190625.0,7476218178734.639,8455594.98194,3.754394128918648e-09,0,0,1,0.0,0.0,0
395,245000000.0,0,1718750.0,9485937.592325324,0,27.550011606541315,300.63724709256013,0,0.0,464092.5534965241,74762181787.34639,190625.0,7476218178734.639,8500875.025687153,6.199115887284279e-09,0,0,1,0.0,0.0,0
396,245000000.0,0,1718750.0,9503752.013479592,0,27.549839061424418,300.6353492435373,0,0.0,464092.5534965241,74762181787.34639,190625.0,7476218178734.639,8501407.536400953,7.83620635047555e-09,0,0,1,0.0,0.0,0
397,245000000.0,0,1718750.0,9521566.431817822,0,27.54983905241747,300.6353492435373,0,0.0,464092.5534965241,74762181787.34639,190625.0,7476218178734.639,8501407.536400953,7.83620635047555e-09,0,0,1,0.0,0.0,0
398,245000000.0,0,1718750.0,9539378.160576783,0,27.549667532794547,300.6334626652942,0,0.0,464092.5534965241,74762181787.34639,190625.0,7476218178734.639,8501214.44629194,6.701156962662935e-09,0,0,1,0.0,0.0,0
399,245000000.0,0,1718750.0,9557199.021144692,0,27.54966752437806,300.6334626652942,0,0.0,463982.94021202286,74727238159.38968,190625.0,7472723815938.968,8501652.899429945,8.607457857578993e-09,0,0,1,0.0,0.0,0
400,245000000.0,0,1718750.0,9575016.829636455,0,27.549497021091227,300.63158725772706,0,0.0,463982.94021202286,74727238159.38968,190625.0,7472723815938.968,8501652.899429945,8.607457857578993e-09,0,0,1,0.0,0.0,0
401,245000000.0,0,1718750.0,9592834.635585643,0,27.549497013226485,300.63158725772706,0,0.0,463982.94021202286,74727238159.38968,190625.0,7472723815938.968,8501652.893407438,9.458744898438454e-09,0,0,1,0.0,0.0,0
402,245000000.0,0,1718750.0,9610652.434748258,0,27.54932751722912,300.6297229219144,0,0.0,463982.94021202286,74727238159.38968,190625.0,7472723815938.968,8501652.893407438,9.458744898438454e-09,0,0,1,0.0,0.0,0
403,245000000.0,0,1718750.0,9630703.67690245,0,27.549327509879962,300.6297229219144,0,0.0,463982.94021202286,74727238159.38968,190625.0,7472723815938.968,8621273.685927963,5.187757778912783e-09,0,0,1,0.0,0.0,0
404,245000000.0,0,1718750.0,9650663.025038516,0,27.549159012234796,300.6278695600989,0,0.0,463982.94021202286,74727238159.38968,190625.0,7472723815938.968,8614657.773223964,7.734342943876982e-09,0,0,1,0.0,0.0,0
405,245000000.0,0,1718750.0,9670622.371027477,0,27.549159005367414,300.6278695600989,0,0.0,463982.94021202286,74727238159.38968,190625.0,7472723815938.968,8614657.773223964,7.734342943876982e-09,0,0,1,0.0,0.0,0
406,245000000.0,0,1718750.0,9690536.228778124,0,27.54899149724483,300.626027075671,0,0.0,464528.7279604984,74901467939.1707,190625.0,7490146793917.07,8612474.622230064,5.828042048960924e-09,0,0,1,0.0,0.0,0
407,245000000.0,0,1718750.0,9710465.245293213,0,27.548991490827643,300.626027075671,0,0.0,464528.7279604984,74901467939.1707,190625.0,7490146793917.07,8612474.622230064,5.828042048960924e-09,0,0,1,0.0,0.0,0
408,245000000.0,0,1718750.0,9731667.916517876,0,27.54882496350386,300.6241953731518,0,0.0,464528.7279604984,74901467939.1707,190625.0,7490146793917.07,8704178.160016842,6.402842700481415e-09,0,0,1,0.0,0.0,0
409,245000000.0,0,1718750.0,9752870.58586772,0,27.548824957507353,300.6241953731518,0,0.0,464528.7279604984,74901467939.1707,190625.0,7490146793917.07,8704178.160016842,6.402842700481415e-09,0,0,1,0.0,0.0,0
410,245000000.0,0,1718750.0,9774073.250043107,0,27.54865940236276,300.62237435817644,0,0.0,464528.7279604984,74901467939.1707,190625.0,7490146793917.07,8704178.160016842,6.402842700481415e-09,0,0,1,0.0,0.0,0
411,245000000.0,0,1718750.0,9795275.247585023,0,27.548659396759362,300.62237435817644,0,0.0,464528.7279604984,74901467939.1707,190625.0,7490146793917.07,8704130.288544895,7.916241884231567e-09,0,0,1,0.0,0.0,0
412,245000000.0,0,1718750.0,9816477.2402917,0,27.548494805276857,300.6205639374782,0,0.0,464528.7279604984,74901467939.1707,190625.0,7490146793917.07,8704130.288544895,7.916241884231567e-09,0,0,1,0.0,0.0,0
413,245000000.0,0,1718750.0,9837030.51027996,0,27.548494800040796,300.6205639374782,0,0.0,464528.7279604984,74901467939.1707,190625.0,7490146793917.07,8657422.370687796,6.69024302624166e-09,0,0,1,0.0,0.0,0
414,245000000.0,0,1718750.0,9857583.775749959,0,27.548331163804153,300.6187640188723,0,0.0,464528.7279604984,74901467939.1707,190625.0,7490146793917.07,8657422.370687796,6.69024302624166e-09,0,0,1,0.0,0.0,0
415,245000000.0,0,1718750.0,9878137.039690206,0,27.548331158911342,300.6187640188723,0,0.0,464528.7279604984,74901467939.1707,190625.0,7490146793917.07,8657422.370687796,6.69024302624166e-09,0,0,1,0.0,0.0,0
416,245000000.0,0,1718750.0,9898690.299408387,0,27.54816846960365,300.6169745112405,0,0.0,464528.7279604984,74901467939.1707,190625.0,7490146793917.07,8657422.370687796,6.69024302624166e-09,0,0,1,0.0,0.0,0
417,245000000.0,0,1718750.0,9919243.5576971,0,27.548168465031587,300.6169745112405,0,0.0,464528.7279604984,74901467939.1707,190625.0,7490146793917.07,8657422.370687796,6.69024302624166e-09,0,0,1,0.0,0.0,0
418,245000000.0,0,1718750.0,9939796.81204053,0,27.548006714433644,300.6151953245155,0,0.0,464528.7279604984,74901467939.1707,190625.0,7490146793917.07,8657422.370687796,6.69024302624166e-09,0,0,1,0.0,0.0,0
419,245000000.0,0,1718750.0,9960350.065594444,0,27.548006710161307,300.6151953245155,0,0.0,464528.7279604984,74901467939.1707,190625.0,7490146793917.07,8657422.410017045,3.445165930315852e-09,0,0,1,0.0,0.0,0
420,245000000.0,0,1718750.0,9980903.315461706,0,27.547845890150157,300.61342636966606,0,0.0,464528.7279604984,74901467939.1707,190625.0,7490146793917.07,8657422.410017045,3.445165930315852e-09,0,0,1,0.0,0.0,0
421,245000000.0,0,1718750.0,10001456.564080779,0,27.5478458861579,300.61342636966606,0,0.0,464528.7279604984,74901467939.1707,190625.0,7490146793917.07,8657422.410017045,3.445165930315852e-09,0,0,1,0.0,0.0,0
422,245000000.0,0,1718750.0,10022009.992237467,0,27.54768598870532,300.61166755868186,0,0.0,464525.4342739334,74900716872.84726,190625.0,7490071687284.726,8657435.584763305,3.357854438945651e-09,0,0,1,0.0,0.0,0
423,245000000.0,0,1718750.0,10042563.327736503,0,27.54768598497478,300.61166755868186,0,0.0,464525.4342739334,74900716872.84726,190625.0,7490071687284.726,8657435.584763305,3.357854438945651e-09,0,0,1,0.0,0.0,0
424,245000000.0,0,1718750.0,10063116.660016399,0,27.547527002145838,300.60991880455913,0,0.0,464525.4342739334,74900716872.84726,190625.0,7490071687284.726,8657435.584763305,3.357854438945651e-09,0,0,1,0.0,0.0,0
425,245000000.0,0,1718750.0,10083669.991206396,0,27.547526998659848,300.60991880455913,0,0.0,464525.4342739334,74900716872.84726,190625.0,7490071687284.726,8657435.584763305,3.357854438945651e-09,0,0,1,0.0,0.0,0
426,245000000.0,0,1718750.0,10104223.31938829,0,27.547368922611476,300.6081800212863,0,0.0,464525.4342739334,74900716872.84726,190625.0,7490071687284.726,8657435.584763305,3.357854438945651e-09,0,0,1,0.0,0.0,0
427,245000000.0,0,1718750.0,10124776.646551736,0,27.547368919354017,300.6081800212863,0,0.0,464525.4342739334,74900716872.84726,190625.0,7490071687284.726,8657435.584763305,3.357854438945651e-09,0,0,1,0.0,0.0,0
428,245000000.0,0,1718750.0,10145329.970904272,0,27.547211742333626,300.60645112382974,0,0.0,464525.4342739334,74900716872.84726,190625.0,7490071687284.726,8657435.584763305,3.357854438945651e-09,0,0,1,0.0,0.0,0
429,245000000.0,0,1718750.0,10165883.294305123,0,27.547211739289708,300.60645112382974,0,0.0,464525.4342739334,74900716872.84726,190625.0,7490071687284.726,8657435.584763305,3.357854438945651e-09,0,0,1,0.0,0.0,0
430,245000000.0,0,1718750.0,10186436.61507934,0,27.547055453633803,300.60473202812005,0,0.0,464525.4342739334,74900716872.84726,190625.0,7490071687284.726,8657435.584763305,3.357854438945651e-09,0,0,1,0.0,0.0,0
431,245000000.0,0,1718750.0,10206989.93496426,0,27.547055450789433,300.60473202812005,0,0.0,464525.4342739334,74900716872.84726,190625.0,7490071687284.726,8657435.584763305,3.357854438945651e-09,0,0,1,0.0,0.0,0
432,245000000.0,0,1718750.0,10227543.252394732,0,27.546900048922314,300.6030226510383,0,0.0,464525.4342739334,74900716872.84726,190625.0,7490071687284.726,8657435.584763305,3.357854438945651e-09,0,0,1,0.0,0.0,0
433,245000000.0,0,1718750.0,10247315.257991992,0,27.54690004626441,300.6030226510383,0,0.0,464525.4342739334,74900716872.84726,190625.0,7490071687284.726,8619932.65665716,2.7466739993542433e-09,0,0,1,0.0,0.0,0
434,245000000.0,0,1718750.0,10267137.324246708,0,27.54674552069685,300.60132291040287,0,0.0,464525.4342739334,74900716872.84726,190625.0,7490071687284.726,8623537.189128717,3.983586793765426e-09,0,0,1,0.0,0.0,0
435,245000000.0,0,1718750.0,10286959.389724903,0,27.546745518213182,300.60132291040287,0,0.0,464525.4342739334,74900716872.84726,190625.0,7490071687284.726,8623537.189128717,3.983586793765426e-09,0,0,1,0.0,0.0,0
436,245000000.0,0,1718750.0,10306781.453059906,0,27.546591861541128,300.59963272495594,0,0.0,464525.4342739334,74900716872.84726,190625.0,7490071687284.726,8623537.189128717,3.983586793765426e-09,0,0,1,0.0,0.0,0
437,245000000.0,0,1718750.0,10326603.515669294,0,27.546591859220282,300.59963272495594,0,0.0,464525.4342739334,74900716872.84726,190625.0,7490071687284.726,8623537.189128717,3.983586793765426e-09,0,0,1,0.0,0.0,0
438,245000000.0,0,1718750.0,10345335.909191385,0,27.546439064123618,300.5979520143508,0,0.0,484139.44179000705,79757985237.67926,190625.0,7975798523767.926,8545081.159037119,4.2891770135611296e-09,0,0,1,0.0,0.0,0
439,245000000.0,0,1718750.0,10365896.450951912,0,27.546439061954917,300.5979520143508,0,0.0,468739.65729757026,75070718032.19719,190625.0,7507071803219.719,8606680.297006866,4.2891770135611296e-09,0,0,1,0.0,0.0,0
440,245000000.0,0,1718750.0,10386029.219049579,0,27.546287121196254,300.59628069913913,0,0.0,468739.65729757026,75070718032.19719,190625.0,7507071803219.719,8606680.297006866,4.2891770135611296e-09,0,0,1,0.0,0.0,0
441,245000000.0,0,1718750.0,10406161.986513648,0,27.54628711916972,300.59628069913913,0,0.0,468739.65729757026,75070718032.19719,190625.0,7507071803219.719,8606680.297006866,4.2891770135611296e-09,0,0,1,0.0,0.0,0
442,245000000.0,0,1718750.0,10425994.97144837,0,27.546136025593125,300.59461870075813,0,0.0,472337.026665031,76123199829.06036,190625.0,7612319982906.036,8592290.819537023,6.093614501878619e-09,0,0,1,0.0,0.0,0
443,245000000.0,0,1718750.0,10445941.504872337,0,27.546136023699443,300.59461870075813,0,0.0,472092.15179623116,76057796264.08516,190625.0,7605779626408.516,8593270.319012223,3.6561687011271715e-09,0,0,1,0.0,0.0,0
444,245000000.0,0,1718750.0,10465881.234582534,0,27.545985770229326,300.59296594151874,0,0.0,472092.15179623116,76057796264.08516,190625.0,7605779626408.516,8593270.319012223,3.6561687011271715e-09,0,0,1,0.0,0.0,0
445,245000000.0,0,1718750.0,10484975.351330139,0,27.54598576845979,300.59296594151874,0,0.0,487313.17516426824,80349963642.24738,190625.0,8034996364224.737,8532386.225540074,6.079062586650252e-09,0,0,1,0.0,0.0,0
446,245000000.0,0,1718750.0,10504324.071684614,0,27.545836348099716,300.5913223445931,0,0.0,490340.79443945596,81258970153.40034,190625.0,8125897015340.034,8520275.748439323,3.874447429552674e-09,0,0,1,0.0,0.0,0
447,245000000.0,0,1718750.0,10523756.892057523,0,27.545836346446176,300.5913223445931,0,0.0,490340.79443945596,81258970153.40034,190625.0,8125897015340.034,8520275.748439323,3.874447429552674e-09,0,0,1,0.0,0.0,0
448,245000000.0,0,1718750.0,10543189.71100358,0,27.545687752277708,300.58968783400286,0,0.0,490340.79443945596,81258970153.40034,190625.0,8125897015340.034,8520275.748439323,3.874447429552674e-09,0,0,1,0.0,0.0,0
449,245000000.0,0,1718750.0,10562622.529466543,0,27.54568775073257,300.58968783400286,0,0.0,490340.79443945596,81258970153.40034,190625.0,8125897015340.034,8520275.748439323,3.874447429552674e-09,0,0,1,0.0,0.0,0
450,245000000.0,0,1718750.0,10582055.346596185,0,27.54553997591419,300.58806233460746,0,0.0,490340.79443945596,81258970153.40034,190625.0,8125897015340.034,8520275.748439323,3.874447429552674e-09,0,0,1,0.0,0.0,0
451,245000000.0,0,1718750.0,10601488.163639005,0,27.545539974470344,300.58806233460746,0,0.0,490340.78787667304,81258968163.13364,190625.0,8125896816313.363,8520275.774690455,5.271431291475892e-09,0,0,1,0.0,0.0,0
452,245000000.0,0,1718750.0,10620920.97925361,0,27.545393012236335,300.58644577209253,0,0.0,490340.78787667304,81258968163.13364,190625.0,8125896816313.363,8520275.774690455,5.271431291475892e-09,0,0,1,0.0,0.0,0
453,245000000.0,0,1718750.0,10640353.79444639,0,27.54539301088714,300.58644577209253,0,0.0,490340.78787667304,81258968163.13364,190625.0,8125896816313.363,8520275.774690455,5.271431291475892e-09,0,0,1,0.0,0.0,0
454,245000000.0,0,1718750.0,10659786.608474933,0,27.545246854546495,300.5848380729586,0,0.0,490340.78787667304,81258968163.13364,190625.0,8125896816313.363,8520275.774690455,5.271431291475892e-09,0,0,1,0.0,0.0,0
455,245000000.0,0,1718750.0,10679219.422109298,0,27.545246853285754,300.5848380729586,0,0.0,490340.78787667304,81258968163.13364,190625.0,8125896816313.363,8520275.774690455,5.271431291475892e-09,0,0,1,0.0,0.0,0
456,245000000.0,0,1718750.0,10698652.234655747,0,27.545101496221164,300.5832391645099,0,0.0,490340.78787667304,81258968163.13364,190625.0,8125896816313.363,8520275.774690455,5.271431291475892e-09,0,0,1,0.0,0.0,0
457,245000000.0,0,1718750.0,10718085.046833865,0,27.545101495043067,300.5832391645099,0,0.0,490340.78787667304,81258968163.13364,190625.0,8125896816313.363,8520275.774690455,5.271431291475892e-09,0,0,1,0.0,0.0,0
458,245000000.0,0,1718750.0,10736815.453237746,0,27.54495693070986,300.5816489748437,0,0.0,490340.78787667304,81258968163.13364,190625.0,8125896816313.363,8469702.632140473,8.480128599330783e-09,0,0,1,0.0,0.0,0
459,245000000.0,0,1718750.0,10755545.859297441,0,27.54495692960899,300.5816489748437,0,0.0,490340.78787667304,81258968163.13364,190625.0,8125896816313.363,8469702.632140473,8.480128599330783e-09,0,0,1,0.0,0.0,0
460,245000000.0,0,1718750.0,10774276.264407178,0,27.544813151534104,300.5800674328391,0,0.0,490340.78787667304,81258968163.13364,190625.0,8125896816313.363,8469702.632140473,8.480128599330783e-09,0,0,1,0.0,0.0,0
461,245000000.0,0,1718750.0,10793006.669195294,0,27.54481315050541,300.5800674328391,0,0.0,490340.78787667304,81258968163.13364,190625.0,8125896816313.363,8469702.632140473,8.480128599330783e-09,0,0,1,0.0,0.0,0
462,245000000.0,0,1718750.0,10811737.07309573,0,27.544670152286404,300.57849446814663,0,0.0,490340.78787667304,81258968163.13364,190625.0,8125896816313.363,8469702.632140473,8.480128599330783e-09,0,0,1,0.0,0.0,0
463,245000000.0,0,1718750.0,10830467.476695625,0,27.54467015132514,300.57849446814663,0,0.0,490340.78787667304,81258968163.13364,190625.0,8125896816313.363,8469702.632140473,8.480128599330783e-09,0,0,1,0.0,0.0,0
464,245000000.0,0,1718750.0,10849197.87946604,0,27.544527926629247,300.57693001117804,0,0.0,490340.78787667304,81258968163.13364,190625.0,8125896816313.363,8469702.632140473,8.480128599330783e-09,0,0,1,0.0,0.0,0
465,245000000.0,0,1718750.0,10867928.281955613,0,27.544527925731003,300.57693001117804,0,0.0,490340.78787667304,81258968163.13364,190625.0,8125896816313.363,8469702.632140473,8.480128599330783e-09,0,0,1,0.0,0.0,0
466,245000000.0,0,1718750.0,10887155.300838334,0,27.544386468294093,300.5753739930955,0,0.0,490340.78787667304,81258968163.13364,190625.0,8125896816313.363,8505459.068255173,5.526089807972312e-09,0,0,1,0.0,0.0,0
467,245000000.0,0,1718750.0,10906382.31945863,0,27.544386467454732,300.5753739930955,0,0.0,490340.78787667304,81258968163.13364,190625.0,8125896816313.363,8505459.068255173,5.526089807972312e-09,0,0,1,0.0,0.0,0
468,245000000.0,0,1718750.0,10925613.697823355,0,27.54424577108044,300.5738263458021,0,0.0,490340.78787667304,81258968163.13364,190625.0,8125896816313.363,8505773.022003287,5.216861609369516e-09,0,0,1,0.0,0.0,0
469,245000000.0,0,1718750.0,10944845.075942853,0,27.544245770296104,300.5738263458021,0,0.0,490340.78787667304,81258968163.13364,190625.0,8125896816313.363,8505773.022003287,5.216861609369516e-09,0,0,1,0.0,0.0,0
470,245000000.0,0,1718750.0,10964199.76424874,0,27.544105828854846,300.57228700193144,0,0.0,488849.0107324045,80808788785.80994,190625.0,8080878878580.994,8514651.404153792,3.899913281202316e-09,0,0,1,0.0,0.0,0
471,245000000.0,0,1718750.0,10983513.014071472,0,27.54410582812193,300.57228700193144,0,0.0,488849.0107324045,80808788785.80994,190625.0,8080878878580.994,8514651.404153792,3.899913281202316e-09,0,0,1,0.0,0.0,0
472,245000000.0,0,1718750.0,11002826.263261758,0,27.54396663555003,300.5707558948382,0,0.0,488849.0107324045,80808788785.80994,190625.0,8080878878580.994,8514651.404153792,3.899913281202316e-09,0,0,1,0.0,0.0,0
473,245000000.0,0,1718750.0,11022139.51223792,0,27.543966634865168,300.5707558948382,0,0.0,488849.0107324045,80808788785.80994,190625.0,8080878878580.994,8514651.404153792,3.899913281202316e-09,0,0,1,0.0,0.0,0
474,245000000.0,0,1718750.0,11041452.76062309,0,27.543828185163935,300.5692329585883,0,0.0,488849.0107324045,80808788785.80994,190625.0,8080878878580.994,8514651.404153792,3.899913281202316e-09,0,0,1,0.0,0.0,0
475,245000000.0,0,1718750.0,11059290.729853857,0,27.543828184523967,300.5692329585883,0,0.0,488849.0107324045,80808788785.80994,190625.0,8080878878580.994,8443838.014346424,3.623426891863346e-09,0,0,1,0.0,0.0,0
476,245000000.0,0,1718750.0,11077128.69853238,0,27.543690471758836,300.5677181279495,0,0.0,488849.0107324045,80808788785.80994,190625.0,8080878878580.994,8443838.014346424,3.623426891863346e-09,0,0,1,0.0,0.0,0
477,245000000.0,0,1718750.0,11094966.667023929,0,27.543690471160815,300.5677181279495,0,0.0,488849.0107324045,80808788785.80994,190625.0,8080878878580.994,8443838.014346424,3.623426891863346e-09,0,0,1,0.0,0.0,0
478,245000000.0,0,1718750.0,11112807.159508737,0,27.54355348946045,300.56621133838206,0,0.0,488849.0107324045,80808788785.80994,190625.0,8080878878580.994,8444019.77901577,4.089088179171085e-09,0,0,1,0.0,0.0,0
479,245000000.0,0,1718750.0,11130647.651818823,0,27.543553488901637,300.56621133838206,0,0.0,488849.0107324045,80808788785.80994,190625.0,8080878878580.994,8444019.77901577,4.089088179171085e-09,0,0,1,0.0,0.0,0
480,245000000.0,0,1718750.0,11148488.143646706,0,27.543417232457088,300.5647125260297,0,0.0,488849.0107324045,80808788785.80994,190625.0,8080878878580.994,8444019.77901577,4.089088179171085e-09,0,0,1,0.0,0.0,0
481,245000000.0,0,1718750.0,11166328.635311328,0,27.543417231934903,300.5647125260297,0,0.0,488849.0107324045,80808788785.80994,190625.0,8080878878580.994,8444019.77901577,4.089088179171085e-09,0,0,1,0.0,0.0,0
482,245000000.0,0,1718750.0,11184169.126525344,0,27.543281694998793,300.5632216277105,0,0.0,488849.0107324045,80808788785.80994,190625.0,8080878878580.994,8444019.77901577,4.089088179171085e-09,0,0,1,0.0,0.0,0
483,245000000.0,0,1718750.0,11202009.627049739,0,27.54328169451085,300.5632216277105,0,0.0,488849.0107324045,80808788785.80994,190625.0,8080878878580.994,8444020.460347034,3.943569026887417e-09,0,0,1,0.0,0.0,0
484,245000000.0,0,1718750.0,11219258.090861,0,27.54314687139652,300.5617385809079,0,0.0,488849.0107324045,80808788785.80994,190625.0,8080878878580.994,8401393.847317763,4.107278073206544e-09,0,0,1,0.0,0.0,0
485,245000000.0,0,1718750.0,11236506.554529704,0,27.54314687094056,300.5617385809079,0,0.0,488849.0107324045,80808788785.80994,190625.0,8080878878580.994,8401393.847317763,4.107278073206544e-09,0,0,1,0.0,0.0,0
486,245000000.0,0,1718750.0,11253753.92296353,0,27.543012756021287,300.5602633237622,0,0.0,488849.0107324045,80808788785.80994,190625.0,8080878878580.994,8401315.018735427,4.8348738346248865e-09,0,0,1,0.0,0.0,0
487,245000000.0,0,1718750.0,11271001.291264143,0,27.543012755595214,300.5602633237622,0,0.0,488849.0107324045,80808788785.80994,190625.0,8080878878580.994,8401315.018735427,4.8348738346248865e-09,0,0,1,0.0,0.0,0
488,245000000.0,0,1718750.0,11288248.65919709,0,27.54287934330339,300.55879579506166,0,0.0,488849.0107324045,80808788785.80994,190625.0,8080878878580.994,8401315.018735427,4.4419721234589815e-09,0,0,1,0.0,0.0,0
489,245000000.0,0,1718750.0,11305499.330821028,0,27.54287934290525,300.55879579506166,0,0.0,488789.54205397534,80790934942.50485,190625.0,8079093494250.485,8401552.893449143,5.3296389523893595e-09,0,0,1,0.0,0.0,0
490,245000000.0,0,1718750.0,11322832.093848137,0,27.542746627731596,300.55733593423435,0,0.0,488789.54205397534,80790934942.50485,190625.0,8079093494250.485,8405572.58886352,5.999027052894235e-09,0,0,1,0.0,0.0,0
491,245000000.0,0,1718750.0,11340576.213678045,0,27.542746627359563,300.55733593423435,0,0.0,488789.54205397534,80790934942.50485,190625.0,8079093494250.485,8435190.287040243,6.8757799454033375e-09,0,0,1,0.0,0.0,0
492,245000000.0,0,1718750.0,11358320.333186917,0,27.542614603852403,300.5558836813397,0,0.0,488789.54205397534,80790934942.50485,190625.0,8079093494250.485,8435190.287040243,6.8757799454033375e-09,0,0,1,0.0,0.0,0
493,245000000.0,0,1718750.0,11376093.248468135,0,27.54261460350475,300.5558836813397,0,0.0,488802.97532648226,80794913600.44597,190625.0,8079491360044.597,8437290.457020279,8.141796570271254e-09,0,0,1,0.0,0.0,0
494,245000000.0,0,1718750.0,11393967.805521285,0,27.542483266269198,300.5544389770601,0,0.0,486980.1346681928,80251086725.82751,190625.0,8025108672582.752,8444581.819653438,7.450580596923828e-09,0,0,1,0.0,0.0,0
495,245000000.0,0,1718750.0,11411791.72801013,0,27.542483265944337,300.5544389770601,0,0.0,486980.1346681928,80251086725.82751,190625.0,8025108672582.752,8444581.819653438,7.974449545145035e-09,0,0,1,0.0,0.0,0
496,245000000.0,0,1718750.0,11429612.47168628,0,27.542352609641583,300.5530017626931,0,0.0,486980.1346681928,80251086725.82751,190625.0,8025108672582.752,8444352.965322867,6.9267116487026215e-09,0,0,1,0.0,0.0,0
497,245000000.0,0,1718750.0,11447433.215267517,0,27.542352609338025,300.5530017626931,0,0.0,486980.1346681928,80251086725.82751,190625.0,8025108672582.752,8444352.965322867,6.9267116487026215e-09,0,0,1,0.0,0.0,0
498,245000000.0,0,1718750.0,11465253.95858681,0,27.54222262868461,300.5515719801434,0,0.0,486980.1346681928,80251086725.82751,190625.0,8025108672582.752,8444352.965322867,6.9267116487026215e-09,0,0,1,0.0,0.0,0
499,245000000.0,0,1718750.0,11483074.701817416,0,27.542222628400943,300.5515719801434,0,0.0,486980.1346681928,80251086725.82751,190625.0,8025108672582.752,8444352.965322867,6.941263563930988e-09,0,0,1,0.0,0.0,0
500,245000000.0,0,1718750.0,11500718.459333772,0,27.542093318168,300.55014957191486,0,0.0,490165.8731185787,81205862806.73242,190625.0,8120586280673.242,8431610.011521325,6.853952072560787e-09,0,0,1,0.0,0.0,0
501,245000000.0,0,1718750.0,11519166.166548122,0,27.54206004528445,300.55014957191486,0,0.0,490165.8731185787,81205862806.73242,190625.0,8120586280673.242,8470955.660916002,5.660695023834705e-09,0,0,1,0.0,0.0,0
502,245000000.0,0,1718750.0,11537613.873541536,0,27.541898197780156,300.54873448110294,0,0.0,490165.8731185787,81205862806.73242,190625.0,8120586280673.242,8470955.660916002,5.660695023834705e-09,0,0,1,0.0,0.0,0
503,245000000.0,0,1718750.0,11556061.580465047,0,27.541865064895934,300.54873448110294,0,0.0,490165.8731185787,81205862806.73242,190625.0,8120586280673.242,8470955.660916002,5.660695023834705e-09,0,0,1,0.0,0.0,0
504,245000000.0,0,1718750.0,11573319.264557129,0,27.54178173688688,300.54732665138715,0,0.0,490165.8731185787,81205862806.73242,190625.0,8120586280673.242,8413834.57491668,5.427864380180836e-09,0,0,1,0.0,0.0,0
505,245000000.0,0,1718750.0,11590087.111412885,0,27.541817213456035,300.54732665138715,0,0.0,490165.8731185787,81205862806.73242,190625.0,8120586280673.242,8375163.2547909105,8.789356797933578e-09,0,0,1,0.0,0.0,0
506,245000000.0,0,1718750.0,11606936.513785565,0,27.541709357763626,300.5459260270233,0,0.0,490165.8731185787,81205862806.73242,190625.0,8120586280673.242,8375163.271694063,8.629285730421543e-09,0,0,1,0.0,0.0,0
507,245000000.0,0,1718750.0,11623884.780713946,0,27.541709357547347,300.5459260270233,0,0.0,490165.8731185787,81205862806.73242,190625.0,8120586280673.242,8375163.271694063,8.629285730421543e-09,0,0,1,0.0,0.0,0
508,245000000.0,0,1718750.0,11640833.047455695,0,27.54158267777544,300.5445325528367,0,0.0,490165.8731185787,81205862806.73242,190625.0,8120586280673.242,8375163.271694063,8.629285730421543e-09,0,0,1,0.0,0.0,0
509,245000000.0,0,1718750.0,11657781.314134257,0,27.541582677573334,300.5445325528367,0,0.0,490165.8731185787,81205862806.73242,190625.0,8120586280673.242,8375163.271694063,8.629285730421543e-09,0,0,1,0.0,0.0,0
510,245000000.0,0,1718750.0,11674729.58063842,0,27.5414566428724,300.54314617421414,0,0.0,490165.8731185787,81205862806.73242,190625.0,8120586280673.242,8375163.271694063,8.629285730421543e-09,0,0,1,0.0,0.0,0
511,245000000.0,0,1718750.0,11691678.668208836,0,27.541456642683546,300.54314617421414,0,0.0,490165.8731185787,81205862806.73242,190625.0,8120586280673.242,8375222.392715443,5.231413524597883e-09,0,0,1,0.0,0.0,0
512,245000000.0,0,1718750.0,11708627.755616285,0,27.54133124813792,300.5417668370975,0,0.0,490165.8731185787,81205862806.73242,190625.0,8120586280673.242,8375222.392715443,5.231413524597883e-09,0,0,1,0.0,0.0,0
513,245000000.0,0,1718750.0,11725578.155187227,0,27.541331247961445,300.5417668370975,0,0.0,490150.12649458717,81201199018.27602,190625.0,8120119901827.602,8375285.379211409,7.705239113420248e-09,0,0,1,0.0,0.0,0
514,245000000.0,0,1718750.0,11742528.117199665,0,27.541206488705313,300.54039448797624,0,0.0,490150.12649458717,81201199018.27602,190625.0,8120119901827.602,8375285.379211409,7.705239113420248e-09,0,0,1,0.0,0.0,0
515,245000000.0,0,1718750.0,11759478.079160547,0,27.541206488540407,300.54039448797624,0,0.0,490150.12649458717,81201199018.27602,190625.0,8120119901827.602,8375285.379211409,7.705239113420248e-09,0,0,1,0.0,0.0,0
516,245000000.0,0,1718750.0,11776428.040979134,0,27.541082359757226,300.53902907388067,0,0.0,490150.12649458717,81201199018.27602,190625.0,8120119901827.602,8375285.379211409,7.705239113420248e-09,0,0,1,0.0,0.0,0
517,245000000.0,0,1718750.0,11793378.002904316,0,27.541082359603134,300.53902907388067,0,0.0,490150.1237085551,81201198174.4177,190625.0,8120119817441.77,8375285.390355537,6.4828782342374325e-09,0,0,1,0.0,0.0,0
518,245000000.0,0,1718750.0,11809749.650746102,0,27.54095885652497,300.53767054237517,0,0.0,490150.1237085551,81201198174.4177,190625.0,8120119817441.77,8333646.791496713,3.7325662560760975e-09,0,0,1,0.0,0.0,0
519,245000000.0,0,1718750.0,11826121.298542866,0,27.540958856380982,300.53767054237517,0,0.0,490150.1237085551,81201198174.4177,190625.0,8120119817441.77,8333646.791496713,3.7325662560760975e-09,0,0,1,0.0,0.0,0
520,245000000.0,0,1718750.0,11842492.94621538,0,27.540835974287905,300.5363188415513,0,0.0,490150.1237085551,81201198174.4177,190625.0,8120119817441.77,8333646.791496713,3.7325662560760975e-09,0,0,1,0.0,0.0,0
521,245000000.0,0,1718750.0,11858864.593845824,0,27.540835974153357,300.5363188415513,0,0.0,490150.1237085551,81201198174.4177,190625.0,8120119817441.77,8333646.791496713,3.7325662560760975e-09,0,0,1,0.0,0.0,0
522,245000000.0,0,1718750.0,11875236.241360163,0,27.540713708372845,300.5349739200214,0,0.0,490150.1237085551,81201198174.4177,190625.0,8120119817441.77,8333646.791496713,3.7325662560760975e-09,0,0,1,0.0,0.0,0
523,245000000.0,0,1718750.0,11891607.88883519,0,27.54071370824711,300.5349739200214,0,0.0,490150.1237085551,81201198174.4177,190625.0,8120119817441.77,8333646.791496713,3.7325662560760975e-09,0,0,1,0.0,0.0,0
524,245000000.0,0,1718750.0,11907979.536201723,0,27.540592054153436,300.53363572691194,0,0.0,490150.1237085551,81201198174.4177,190625.0,8120119817441.77,8333646.791496713,3.7325662560760975e-09,0,0,1,0.0,0.0,0
525,245000000.0,0,1718750.0,11924351.183531523,0,27.54059205403595,300.53363572691194,0,0.0,490150.1237085551,81201198174.4177,190625.0,8120119817441.77,8333646.791496713,3.7325662560760975e-09,0,0,1,0.0,0.0,0
526,245000000.0,0,1718750.0,11938841.961187502,0,27.540471007049597,300.5323042118571,0,0.0,511035.3994850068,87963312289.79918,190625.0,8796331228979.918,8198224.182281427,4.212779458612204e-09,0,0,1,0.0,0.0,0
527,245000000.0,0,1718750.0,11953912.885358503,0,27.54047100693981,300.5323042118571,0,0.0,511035.3994850068,87963312289.79918,190625.0,8796331228979.918,8198224.182281427,4.212779458612204e-09,0,0,1,0.0,0.0,0
528,245000000.0,0,1718750.0,11968983.809434764,0,27.54035056252691,300.53097932499253,0,0.0,511035.3994850068,87963312289.79918,190625.0,8796331228979.918,8198224.182281427,4.212779458612204e-09,0,0,1,0.0,0.0,0
529,245000000.0,0,1718750.0,11984054.733478952,0,27.54035056242432,300.53097932499253,0,0.0,511035.3994850068,87963312289.79918,190625.0,8796331228979.918,8198224.182281427,4.212779458612204e-09,0,0,1,0.0,0.0,0
530,245000000.0,0,1718750.0,11999125.657434614,0,27.540230716096065,300.52966101694915,0,0.0,511035.3994850068,87963312289.79918,190625.0,8796331228979.918,8198224.182281427,4.212779458612204e-09,0,0,1,0.0,0.0,0
531,245000000.0,0,1718750.0,12014196.581360303,0,27.540230716000202,300.52966101694915,0,0.0,511035.3994850068,87963312289.79918,190625.0,8796331228979.918,8198224.182281427,4.212779458612204e-09,0,0,1,0.0,0.0,0
532,245000000.0,0,1718750.0,12029267.505203271,0,27.540111463312304,300.5283492388469,0,0.0,511035.3994850068,87963312289.79918,190625.0,8796331228979.918,8198224.182281427,4.212779458612204e-09,0,0,1,0.0,0.0,0
533,245000000.0,0,1718750.0,12044338.42901823,0,27.540111463222726,300.5283492388469,0,0.0,511035.3994850068,87963312289.79918,190625.0,8796331228979.918,8198224.182281358,3.863533493131399e-09,0,0,1,0.0,0.0,0
534,245000000.0,0,1718750.0,12059409.352755884,0,27.539992799774826,300.5270439422887,0,0.0,511035.3994850068,87963312289.79918,190625.0,8796331228979.918,8198224.182281361,5.50062395632267e-09,0,0,1,0.0,0.0,0
535,245000000.0,0,1718750.0,12074479.029882746,0,27.53999279969112,300.5270439422887,0,0.0,511035.3994850068,87963312289.79918,190625.0,8796331228979.918,8198134.4281883165,8.745701052248478e-09,0,0,1,0.0,0.0,0
536,245000000.0,0,1718750.0,12089717.026063874,0,27.539874721126306,300.52574507935464,0,0.0,511035.3994850068,87963312289.79918,190625.0,8796331228979.918,8210253.405296583,7.501512300223112e-09,0,0,1,0.0,0.0,0
537,245000000.0,0,1718750.0,12104955.02222055,0,27.539874721048083,300.52574507935464,0,0.0,511035.3994850068,87963312289.79918,190625.0,8796331228979.918,8210253.405296583,7.501512300223112e-09,0,0,1,0.0,0.0,0
538,245000000.0,0,1718750.0,12120193.01830973,0,27.539757223052302,300.52445260259606,0,0.0,511035.3994850068,87963312289.79918,190625.0,8796331228979.918,8210253.405296583,7.501512300223112e-09,0,0,1,0.0,0.0,0
539,245000000.0,0,1718750.0,12135431.014376052,0,27.53975722297921,300.52445260259606,0,0.0,511035.3994850068,87963312289.79918,190625.0,8796331228979.918,8210253.405296583,7.501512300223112e-09,0,0,1,0.0,0.0,0
540,245000000.0,0,1718750.0,12151840.33158969,0,27.539640301280738,300.5231664650296,0,0.0,511035.3994850068,87963312289.79918,190625.0,8796331228979.918,8266476.823394832,7.428752724081278e-09,0,0,1,0.0,0.0,0
541,245000000.0,0,1718750.0,12168249.648833185,0,27.53964030121244,300.5231664650296,0,0.0,511035.3994850068,87963312289.79918,190625.0,8796331228979.918,8266476.8270826405,1.0528310667723417e-08,0,0,1,0.0,0.0,0
542,245000000.0,0,1718750.0,12184658.965720478,0,27.53952395158141,300.5218866201318,0,0.0,511035.40483582264,87963314134.00874,190625.0,8796331413400.875,8266476.805679377,1.1328666005283594e-08,0,0,1,0.0,0.0,0
543,245000000.0,0,1718750.0,12201068.282736447,0,27.53952395151759,300.5218866201318,0,0.0,511035.40483582264,87963314134.00874,190625.0,8796331413400.875,8266476.805679377,1.1328666005283594e-08,0,0,1,0.0,0.0,0
544,245000000.0,0,1718750.0,12217477.599697344,0,27.53940816976543,300.5206130218332,0,0.0,511035.40483582264,87963314134.00874,190625.0,8796331413400.875,8266476.805679377,1.1328666005283594e-08,0,0,1,0.0,0.0,0
545,245000000.0,0,1718750.0,12233883.612824125,0,27.53940816970579,300.5206130218332,0,0.0,511094.8735142518,87983814116.57803,190625.0,8798381411657.803,8266238.930965661,1.047010300680995e-08,0,0,1,0.0,0.0,0
546,245000000.0,0,1718750.0,12251296.894600816,0,27.539292951684764,300.5193456245131,0,0.0,511094.8735142518,87983814116.57803,190625.0,8798381411657.803,8338643.340107675,9.342329576611519e-09,0,0,1,0.0,0.0,0
547,245000000.0,0,1718750.0,12268710.176360087,0,27.539292951629037,300.5193456245131,0,0.0,511094.8735142518,87983814116.57803,190625.0,8798381411657.803,8338643.340107675,9.342329576611519e-09,0,0,1,0.0,0.0,0
548,245000000.0,0,1718750.0,12286123.458071267,0,27.539178293231704,300.5180843829939,0,0.0,511094.8735142518,87983814116.57803,190625.0,8798381411657.803,8338643.340107675,9.342329576611519e-09,0,0,1,0.0,0.0,0
549,245000000.0,0,1718750.0,12303536.737512778,0,27.539178293179624,300.5180843829939,0,0.0,511094.8735142518,87983814116.57803,190625.0,8798381411657.803,8338643.231945239,1.3955286704003811e-08,0,0,1,0.0,0.0,0
550,245000000.0,0,1718750.0,12320950.016909352,0,27.539064190338365,300.5168292525357,0,0.0,511094.8735142518,87983814116.57803,190625.0,8798381411657.803,8338643.231945239,1.3955286704003811e-08,0,0,1,0.0,0.0,0
551,245000000.0,0,1718750.0,12338363.296290709,0,27.539064190289704,300.5168292525357,0,0.0,511094.8735142518,87983814116.57803,190625.0,8798381411657.803,8338643.231945239,1.3955286704003811e-08,0,0,1,0.0,0.0,0
552,245000000.0,0,1718750.0,12354364.533853106,0,27.538950638976257,300.5155801888312,0,0.0,511094.8735142518,87983814116.57803,190625.0,8798381411657.803,8270865.226650631,1.236185198649764e-08,0,0,1,0.0,0.0,0
553,245000000.0,0,1718750.0,12370365.771401292,0,27.538950638930785,300.5155801888312,0,0.0,511094.8735142518,87983814116.57803,190625.0,8798381411657.803,8270865.226650982,1.0353687684983015e-08,0,0,1,0.0,0.0,0
554,245000000.0,0,1718750.0,12386367.008910239,0,27.538837635155744,300.5143371480005,0,0.0,511094.8735142518,87983814116.57803,190625.0,8798381411657.803,8270865.226650982,1.0353687684983015e-08,0,0,1,0.0,0.0,0
555,245000000.0,0,1718750.0,12402368.246405898,0,27.53883763511325,300.5143371480005,0,0.0,511094.8735142518,87983814116.57803,190625.0,8798381411657.803,8270865.226650982,1.0353687684983015e-08,0,0,1,0.0,0.0,0
556,245000000.0,0,1718750.0,12418369.483500296,0,27.538725174925617,300.51310008658567,0,0.0,511094.8800770347,87983816379.28424,190625.0,8798381637928.424,8270865.2003998505,1.1445081327110529e-08,0,0,1,0.0,0.0,0
557,245000000.0,0,1718750.0,12434370.720764577,0,27.538725174885908,300.51310008658567,0,0.0,511094.8800770347,87983816379.28424,190625.0,8798381637928.424,8270865.2003998505,1.1445081327110529e-08,0,0,1,0.0,0.0,0
558,245000000.0,0,1718750.0,12450371.957994593,0,27.538613254372596,300.5118689615459,0,0.0,511094.8800770347,87983816379.28424,190625.0,8798381637928.424,8270865.2003998505,1.1445081327110529e-08,0,0,1,0.0,0.0,0
559,245000000.0,0,1718750.0,12466373.195213012,0,27.538613254335495,300.5118689615459,0,0.0,511094.8800770347,87983816379.28424,190625.0,8798381637928.424,8270865.2003998505,1.1445081327110529e-08,0,0,1,0.0,0.0,0
560,245000000.0,0,1718750.0,12482245.74488502,0,27.538501869620926,300.51064373025247,0,0.0,511094.8800770347,87983816379.28424,190625.0,8798381637928.424,8264688.199709022,8.330971468240023e-09,0,0,1,0.0,0.0,0
561,245000000.0,0,1718750.0,12499123.566189326,0,27.538501869586256,300.51064373025247,0,0.0,511094.8800770347,87983816379.28424,190625.0,8798381637928.424,8337067.758014896,7.865310180932283e-09,0,0,1,0.0,0.0,0
562,245000000.0,0,1718750.0,12516001.387463713,0,27.53839101683187,300.5094243504839,0,0.0,511094.8800770347,87983816379.28424,190625.0,8798381637928.424,8337067.758014896,7.865310180932283e-09,0,0,1,0.0,0.0,0
563,245000000.0,0,1718750.0,12532879.208727973,0,27.538391016799473,300.5094243504839,0,0.0,511094.8800770347,87983816379.28424,190625.0,8798381637928.424,8337067.758014896,7.865310180932283e-09,0,0,1,0.0,0.0,0
564,245000000.0,0,1718750.0,12549757.029964278,0,27.538280692203315,300.50821078042117,0,0.0,511094.8800770347,87983816379.28424,190625.0,8798381637928.424,8337067.758014896,7.865310180932283e-09,0,0,1,0.0,0.0,0
565,245000000.0,0,1718750.0,12567575.016145283,0,27.53828062572047,300.50821078042117,0,0.0,511094.8800770347,87983816379.28424,190625.0,8798381637928.424,8404735.359661207,1.0339135769754648e-08,0,0,1,0.0,0.0,0
566,245000000.0,0,1718750.0,12585393.00230106,0,27.53817075906426,300.5070029786425,0,0.0,511094.8800770347,87983816379.28424,190625.0,8798381637928.424,8404735.359661207,1.0339135769754648e-08,0,0,1,0.0,0.0,0
567,245000000.0,0,1718750.0,12603210.988448849,0,27.538170692583627,300.5070029786425,0,0.0,511094.8800770347,87983816379.28424,190625.0,8798381637928.424,8404735.359661207,1.0339135769754648e-08,0,0,1,0.0,0.0,0
568,245000000.0,0,1718750.0,12621028.974573057,0,27.53806134658997,300.5058009041191,0,0.0,511094.8800770347,87983816379.28424,190625.0,8798381637928.424,8404735.359661207,1.0339135769754648e-08,0,0,1,0.0,0.0,0
569,245000000.0,0,1718750.0,12638842.963987555,0,27.53806128011142,300.5058009041191,0,0.0,511094.5863134925,87983729377.98045,190625.0,8798372937798.045,8404447.00957187,8.316419553011656e-09,0,0,1,0.0,0.0,0
570,245000000.0,0,1718750.0,12656656.945219921,0,27.537952451085562,300.5046045162104,0,0.0,511094.5863134925,87983729377.98045,190625.0,8798372937798.045,8404447.00957187,8.316419553011656e-09,0,0,1,0.0,0.0,0
571,245000000.0,0,1718750.0,12674470.926445317,0,27.537952384609003,300.5046045162104,0,0.0,511094.5863134925,87983729377.98045,190625.0,8798372937798.045,8404447.00957187,8.316419553011656e-09,0,0,1,0.0,0.0,0
572,245000000.0,0,1718750.0,12692284.907650119,0,27.53784406889107,300.5034137746594,0,0.0,511094.5863134925,87983729377.98045,190625.0,8798372937798.045,8404447.00957187,8.316419553011656e-09,0,0,1,0.0,0.0,0
573,245000000.0,0,1718750.0,12709972.408901224,0,27.53784400241641,300.5034137746594,0,0.0,511094.5863134925,87983729377.98045,190625.0,8798372937798.045,8395340.453374434,7.938069757074118e-09,0,0,1,0.0,0.0,0
574,245000000.0,0,1718750.0,12727659.910133086,0,27.53773619638099,300.50222863958817,0,0.0,511094.5863134925,87983729377.98045,190625.0,8798372937798.045,8395340.453374434,7.938069757074118e-09,0,0,1,0.0,0.0,0
575,245000000.0,0,1718750.0,12745347.411358865,0,27.537736129908136,300.50222863958817,0,0.0,511094.5863134925,87983729377.98045,190625.0,8798372937798.045,8395340.453374434,7.938069757074118e-09,0,0,1,0.0,0.0,0
576,245000000.0,0,1718750.0,12763034.912566667,0,27.53762882996389,300.5010490714934,0,0.0,511094.5863134925,87983729377.98045,190625.0,8798372937798.045,8395340.453374434,7.938069757074118e-09,0,0,1,0.0,0.0,0
577,245000000.0,0,1718750.0,12780722.413768776,0,27.537628763492773,300.5010490714934,0,0.0,511094.5863134925,87983729377.98045,190625.0,8798372937798.045,8395340.453374434,7.938069757074118e-09,0,0,1,0.0,0.0,0
578,245000000.0,0,1718750.0,12798414.162002344,0,27.537521966082043,300.4998750312422,0,0.0,511018.13944490964,87957377987.83119,190625.0,8795737798783.119,8395646.240848767,6.679329089820385e-09,0,0,1,0.0,0.0,0
579,245000000.0,0,1718750.0,12816103.786706466,0,27.53752189961257,300.4998750312422,0,0.0,511018.13944490964,87957377987.83119,190625.0,8795737798783.119,8395646.240848772,4.685716703534126e-09,0,0,1,0.0,0.0,0
580,245000000.0,0,1718750.0,12833810.76303989,0,27.53741446133025,300.4987064800673,0,0.0,511018.13944490964,87957377987.83119,190625.0,8795737798783.119,8396479.119808646,6.3300831243395805e-09,0,0,1,0.0,0.0,0
581,245000000.0,0,1718750.0,12850480.148808267,0,27.537416664418945,300.4987064800673,0,0.0,510497.62577203265,87778266598.61845,190625.0,8777826659861.846,8323018.161782152,6.464688340201974e-09,0,0,1,0.0,0.0,0
582,245000000.0,0,1718750.0,12866635.173783688,0,27.53731092798505,300.4975433795634,0,0.0,516630.5917076842,89632223379.56693,190625.0,8963222337956.693,8298486.298039545,5.664333002641797e-09,0,0,1,0.0,0.0,0
583,245000000.0,0,1718750.0,12882960.55891884,0,27.53731092796861,300.4975433795634,0,0.0,516630.5917076842,89632223379.56693,190625.0,8963222337956.693,8298486.298039545,5.664333002641797e-09,0,0,1,0.0,0.0,0
584,245000000.0,0,1718750.0,12899255.461930875,0,27.537205683592955,300.49638569168246,0,0.0,517124.46302619064,89798215828.18512,190625.0,8979821582818.512,8296510.81276552,8.141796570271254e-09,0,0,1,0.0,0.0,0
585,245000000.0,0,1718750.0,12915617.626162603,0,27.53720568357758,300.49638569168246,0,0.0,517124.46302619064,89798215828.18512,190625.0,8979821582818.512,8300365.878292595,1.0288204066455364e-08,0,0,1,0.0,0.0,0
586,245000000.0,0,1718750.0,12931979.790381072,0,27.53710092783326,300.4952333787297,0,0.0,517124.46302619064,89798215828.18512,190625.0,8979821582818.512,8300365.878292595,7.494236342608929e-09,0,0,1,0.0,0.0,0
587,245000000.0,0,1718750.0,12948341.95459505,0,27.5371009278189,300.4952333787297,0,0.0,517124.46302619064,89798215828.18512,190625.0,8979821582818.512,8300365.878292595,7.494236342608929e-09,0,0,1,0.0,0.0,0
588,245000000.0,0,1718750.0,12964704.118796637,0,27.536996657310784,300.4940864033598,0,0.0,517124.46302619064,89798215828.18512,190625.0,8979821582818.512,8300365.878292595,7.494236342608929e-09,0,0,1,0.0,0.0,0
589,245000000.0,0,1718750.0,12979552.568649586,0,27.536996657297365,300.4940864033598,0,0.0,517124.46302619064,89798215828.18512,190625.0,8979821582818.512,8213975.14073648,7.705239113420248e-09,0,0,1,0.0,0.0,0
590,245000000.0,0,1718750.0,12994401.018490959,0,27.536892868661685,300.4929447285723,0,0.0,517124.46302619064,89798215828.18512,190625.0,8979821582818.512,8213975.14073648,6.7739165388047695e-09,0,0,1,0.0,0.0,0
591,245000000.0,0,1718750.0,13009249.468328409,0,27.536892868649144,300.4929447285723,0,0.0,517124.46302619064,89798215828.18512,190625.0,8979821582818.512,8213975.14073648,6.7739165388047695e-09,0,0,1,0.0,0.0,0
592,245000000.0,0,1718750.0,13024097.918155039,0,27.536789558553167,300.49180831770815,0,0.0,517124.46302619064,89798215828.18512,190625.0,8979821582818.512,8213975.14073648,6.7739165388047695e-09,0,0,1,0.0,0.0,0
593,245000000.0,0,1718750.0,13038946.367978007,0,27.536789558541447,300.49180831770815,0,0.0,517124.46302619064,89798215828.18512,190625.0,8979821582818.512,8213975.14073648,7.705239113420248e-09,0,0,1,0.0,0.0,0
594,245000000.0,0,1718750.0,13053794.817790864,0,27.536686723683122,300.49067713444555,0,0.0,517124.46302619064,89798215828.18512,190625.0,8979821582818.512,8213975.14073648,7.705239113420248e-09,0,0,1,0.0,0.0,0
595,245000000.0,0,1718750.0,13068643.267600298,0,27.536686723672176,300.49067713444555,0,0.0,517124.46302619064,89798215828.18512,190625.0,8979821582818.512,8213975.14073648,6.075424607843161e-09,0,0,1,0.0,0.0,0
596,245000000.0,0,1718750.0,13082697.863712221,0,27.53658436077973,300.48955114279596,0,0.0,531413.8294112814,94922988910.09283,190625.0,9492298891009.283,8156817.675196117,3.4542608773335814e-09,0,0,1,0.0,0.0,0
597,245000000.0,0,1718750.0,13097140.266910387,0,27.5365843607695,300.48955114279596,0,0.0,531413.8294112814,94922988910.09283,190625.0,9492298891009.283,8156379.926975833,7.2814145823940635e-09,0,0,1,0.0,0.0,0
598,245000000.0,0,1718750.0,13111582.670099722,0,27.53648246660116,300.48843030710054,0,0.0,531413.8294112814,94922988910.09283,190625.0,9492298891009.283,8156379.926975833,8.212737157009542e-09,0,0,1,0.0,0.0,0
599,245000000.0,0,1718750.0,13126022.548776774,0,27.536482466591597,300.48843030710054,0,0.0,531413.8294112814,94922988910.09283,190625.0,9492298891009.283,8156198.162306488,8.794813766144216e-09,0,0,1,0.0,0.0,0
