t,secure_bps,violations,k_min,k_mean,q_total,aos_mean,aos_max,rekey,q_sumsq,z_l1,z_sumsq,z_max,lyapunov,key_inflow,key_overflow,cg_iters,cg_columns,cg_converged,obj_lp,obj_greedy,key_blocked_edges
0,245000000.0,0,2109375.0,2435980.902777778,0,0.8751098228663845,0.9476988686844755,0,0.0,571875.0,109013671875.0,190625.0,10901367187500.0,7200000.0,0.0,0,0,1,0.0,0.0,0
1,245000000.0,0,2109375.0,2371961.8055555555,0,1.9150735485434955,1.9476988686844754,0,0.0,571875.0,109013671875.0,190625.0,10901367187500.0,7200000.0,0.0,0,0,1,0.0,0.0,0
2,245000000.0,0,1718750.0,2307942.7083333335,0,3.0002823041962015,3.1629597325192615,0,0.0,762500.0,218027343750.0,381250.0,21802734375000.0,7200000.0,0.0,0,0,1,0.0,0.0,0
3,245000000.0,0,1718750.0,2243923.611111111,0,4.054126679726725,4.162959732519262,0,0.0,753125.0,141865234375.0,190625.0,14186523437500.0,7200000.0,0.0,0,0,1,0.0,0.0,0
4,245000000.0,0,1328125.0,2180928.399647592,0,4.47140716088658,5.504749365183861,0,0.0,762500.0,218027343750.0,381250.0,21802734375000.0,7236859.887313323,3.2014213502407074e-10,0,0,1,0.0,0.0,0
5,245000000.0,0,1328125.0,2140155.4104062957,0,5.330307784464831,6.504749365183861,0,0.0,753125.0,141865234375.0,190625.0,14186523437500.0,7236859.887313323,3.2014213502407074e-10,0,0,1,0.0,0.0,0
6,245000000.0,0,1137500.0,2121604.6433872217,0,6.18627685837886,7.756697408871322,0,0.0,943750.0,319980468750.0,381250.0,31998046875000.0,7236859.887313323,3.2014213502407074e-10,0,0,1,0.0,0.0,0
7,245000000.0,0,1337500.0,2103053.876368147,0,6.982204510432768,8.494209936496077,0,0.0,925000.0,171406250000.0,190625.0,17140625000000.0,7236859.887313323,3.2014213502407074e-10,0,0,1,0.0,0.0,0
8,245000000.0,0,1328125.0,2091546.1124474609,0,7.851202744685904,9.504749365183862,0,0.0,934375.0,313095703125.0,381250.0,31309570312500.0,7247385.563345414,4.511093720793724e-10,0,0,1,0.0,0.0,0
9,245000000.0,0,1328125.0,2089954.3919848336,0,8.664760911789704,10.504749365183862,0,0.0,915625.0,168271484375.0,190625.0,16827148437500.0,7247385.563345414,4.511093720793724e-10,0,0,1,0.0,0.0,0
10,245000000.0,0,1337500.0,2105836.7828279478,0,7.628726633228428,11.494209936496077,0,0.0,903884.9955889164,290732371297.8288,360134.99558891635,29073237129782.88,7294345.580989749,5.456968210637569e-10,0,0,1,0.0,0.0,0
11,245000000.0,0,1337500.0,2122216.1739665517,0,8.233799257993834,12.494209936496077,0,0.0,861654.9867667491,150143961928.51566,190625.0,15014396192851.566,7294345.580989749,5.456968210637569e-10,0,0,1,0.0,0.0,0
12,245000000.0,0,1346875.0,2138595.5651051565,0,8.838951699706879,13.483817119540017,0,0.0,861654.9867667491,261614142863.0434,343750.0,26161414286304.34,7294345.580989749,5.456968210637569e-10,0,0,1,0.0,0.0,0
13,245000000.0,0,1346875.0,2155504.483778948,0,7.085174860623508,14.483817119540017,0,0.0,819424.9779445817,138689172919.59406,190625.0,13868917291959.406,7313408.5722565055,5.456968210637569e-10,0,0,1,0.0,0.0,0
14,245000000.0,0,1356250.0,2172413.4024527394,0,7.512675984130419,15.473567876220299,0,0.0,819424.9779445817,234830598887.6674,334375.0,23483059888766.74,7313408.5722565055,5.456968210637569e-10,0,0,1,0.0,0.0,0
15,245000000.0,0,1356250.0,2189322.3211265313,0,7.944715800202667,16.473567876220297,0,0.0,777194.9691224142,129569068370.08188,190625.0,12956906837008.188,7313408.5722565055,5.456968210637569e-10,0,0,1,0.0,0.0,0
16,245000000.0,0,1365625.0,2206231.2398003237,0,8.375769476172,17.46345925180646,0,0.0,777194.9691224142,210381739371.70078,325000.0,21038173937170.08,7313408.5722565055,5.456968210637569e-10,0,0,1,0.0,0.0,0
17,245000000.0,0,1365625.0,2223140.158474115,0,8.810877587541986,18.46345925180646,0,0.0,734964.960300247,122783648279.97906,190625.0,12278364827997.906,7313408.5722565055,5.456968210637569e-10,0,0,1,0.0,0.0,0
18,245000000.0,0,1375000.0,2240049.0771479066,0,9.244705967624196,19.453488372093023,0,0.0,734964.960300247,188267564315.14355,315625.0,18826756431514.355,7313408.5722565055,5.456968210637569e-10,0,0,1,0.0,0.0,0
19,245000000.0,0,1375000.0,2256957.9958216986,0,9.682230878642745,20.453488372093023,0,0.0,692734.9514780797,118332912649.28566,190625.0,11833291264928.566,7313408.5722565055,5.456968210637569e-10,0,0,1,0.0,0.0,0
20,245000000.0,0,1384375.0,2273866.914495491,0,10.118278889411028,21.443652440674907,0,0.0,692734.9514780797,168488073717.9957,306250.0,16848807371799.57,7313408.5722565055,5.456968210637569e-10,0,0,1,0.0,0.0,0
21,245000000.0,0,1384375.0,2290775.8331692824,0,10.557748773713472,22.443652440674907,0,0.0,666384.9955889164,115964685396.84662,190625.0,11596468539684.662,7313408.5722565055,5.456968210637569e-10,0,0,1,0.0,0.0,0
22,245000000.0,0,1393750.0,2307684.7518430743,0,10.995608029311034,23.433948736332677,0,0.0,666384.9955889164,156472497896.84662,296875.0,15647249789684.662,7313408.5722565055,5.456968210637569e-10,0,0,1,0.0,0.0,0
23,245000000.0,0,1393750.0,2324376.1234485786,0,11.436819470037209,24.433948736332677,0,0.0,657009.9955889164,114060388521.84662,190625.0,11406038852184.662,7313408.5722565055,5.456968210637569e-10,0,0,1,0.0,0.0,0
24,245000000.0,0,1403125.0,2340582.490046347,0,11.876620391027592,25.424374610522566,0,0.0,657009.9955889164,150993982271.84662,287500.0,15099398227184.662,7313408.5722565055,5.456968210637569e-10,0,0,1,0.0,0.0,0
25,245000000.0,0,1403125.0,2357598.1801718045,0,12.318708324873505,26.424374610522566,0,0.0,637172.073275659,108698026016.47147,190625.0,10869802601647.146,7355966.870889019,1.291482476517558e-09,0,0,1,0.0,0.0,0
26,245000000.0,0,1412500.0,2374534.3960839724,0,12.759076216335275,27.414927484966395,0,0.0,637172.073275659,142057401016.47147,278125.0,14205740101647.146,7355966.870889019,1.291482476517558e-09,0,0,1,0.0,0.0,0
27,245000000.0,0,1412500.0,2391676.0389953135,0,8.293133490522175,28.414927484966395,0,0.0,627797.073275659,107145291641.47147,190625.0,10714529164147.146,7366127.945481664,1.6898411558941007e-09,0,0,1,0.0,0.0,0
28,245000000.0,0,1421875.0,2409207.0340417507,0,8.55245467604455,29.40560484933673,0,0.0,627797.073275659,136930447891.47147,268750.0,13693044789147.146,7382818.134880177,1.4788383850827813e-09,0,0,1,0.0,0.0,0
29,245000000.0,0,1421875.0,2426666.240325673,0,8.81454742917807,30.40560484933673,0,0.0,618422.073275659,105768338516.47147,190625.0,10576833851647.146,7382818.134880177,1.711669028736651e-09,0,0,1,0.0,0.0,0
30,245000000.0,0,1431250.0,2443526.886187903,0,9.075150818887893,31.39640425903299,0,0.0,618422.073275659,131979276016.47147,259375.0,13197927601647.146,7382818.134880177,1.4788383850827813e-09,0,0,1,0.0,0.0,0
31,245000000.0,0,1431250.0,2459881.5647941646,0,9.338577327277735,32.39640425903299,0,0.0,609047.073275659,104567166641.47147,190625.0,10456716664147.146,7382818.134880177,1.4788383850827813e-09,0,0,1,0.0,0.0,0
32,245000000.0,0,1440625.0,2476106.5503538353,0,9.600238653016946,33.38732333304431,0,0.0,609047.073275659,127203885391.47147,250000.0,12720388539147.146,7382818.134880177,1.4788383850827813e-09,0,0,1,0.0,0.0,0
33,245000000.0,0,1440625.0,2492399.1817324692,0,9.864297225134543,34.38732333304431,0,0.0,597355.8841076586,102766945985.1869,190625.0,10276694598518.691,7392082.891552178,1.3114913599565625e-09,0,0,1,0.0,0.0,0
34,245000000.0,0,1450000.0,2508570.6221642327,0,10.126598842427297,35.378359751895246,0,0.0,597355.8841076586,121829445985.1869,240625.0,12182944598518.691,7392082.891552178,1.3114913599565625e-09,0,0,1,0.0,0.0,0
35,245000000.0,0,1450000.0,2524624.911347356,0,10.391329251231673,36.378359751895246,0,0.0,587980.8841076586,101917336610.1869,190625.0,10191733661018.691,7392082.891552178,1.7771526472643018e-09,0,0,1,0.0,0.0,0
36,245000000.0,0,1459375.0,2540565.9543234603,0,10.654309873469137,37.36951125567063,0,0.0,587980.8841076586,117405617860.1869,231250.0,11740561786018.691,7392082.891552178,1.5515979612246156e-09,0,0,1,0.0,0.0,0
37,245000000.0,0,1459375.0,2556410.8130038357,0,10.919626162723935,38.36951125567063,0,0.0,578605.8841076586,101243508485.1869,190625.0,10124350848518.691,7392561.22491022,1.5952537069097161e-09,0,0,1,0.0,0.0,0
38,245000000.0,0,1468750.0,2572149.849395208,0,11.183204375912029,39.360775642116,0,0.0,578605.8841076586,113157570985.1869,221875.0,11315757098518.691,7392561.22491022,2.0609149942174554e-09,0,0,1,0.0,0.0,0
39,245000000.0,0,1468750.0,2587786.59090721,0,11.44904195428384,40.360775642116,0,0.0,569230.8841076586,100745461610.1869,190625.0,10074546161018.691,7392561.22491022,1.4179022400639951e-09,0,0,1,0.0,0.0,0
40,245000000.0,0,1478125.0,2603324.447369154,0,11.713155938699371,41.352150764810276,0,0.0,569230.8841076586,109085305360.1869,212500.0,10908530536018.691,7392561.22491022,1.3183125702198595e-09,0,0,1,0.0,0.0,0
41,245000000.0,0,1478125.0,2618766.7149493755,0,11.979456975654836,42.352150764810276,0,0.0,559855.8841076586,100423195985.1869,190625.0,10042319598518.691,7392561.22491022,1.3183125702198595e-09,0,0,1,0.0,0.0,0
42,245000000.0,0,1487500.0,2634406.0418296303,0,8.425706097478267,43.34363453140746,0,0.0,559855.8841076586,105188820985.1869,203125.0,10518882098518.691,7402981.852795347,1.7153070075437427e-09,0,0,1,0.0,0.0,0
43,245000000.0,0,1487500.0,2649956.0462104087,0,8.601351521957035,44.34363453140746,0,0.0,550480.8841076586,100276711610.1869,190625.0,10027671161018.691,7402981.852795347,1.7153070075437427e-09,0,0,1,0.0,0.0,0
44,245000000.0,0,1496875.0,2665419.70550836,0,8.775310421510087,45.33522490194442,0,0.0,550480.8841076586,101468117860.1869,193750.0,10146811786018.691,7402981.852795347,1.7153070075437427e-09,0,0,1,0.0,0.0,0
45,245000000.0,0,1496875.0,2680799.8978929124,0,8.951332616956693,46.33522490194442,0,0.0,547355.8841076586,100266945985.1869,190625.0,10026694598518.691,7402981.852795347,1.7153070075437427e-09,0,0,1,0.0,0.0,0
46,245000000.0,0,1506250.0,2696099.405594511,0,9.12568742829677,47.32691988721181,0,0.0,547355.8841076586,100266945985.1869,190625.0,10026694598518.691,7402981.852795347,1.7153070075437427e-09,0,0,1,0.0,0.0,0
47,245000000.0,0,1506250.0,2711320.9181025894,0,9.302050009234195,48.32691988721181,0,0.0,547355.8841076586,100266945985.1869,190625.0,10026694598518.691,7402981.852795347,1.7153070075437427e-09,0,0,1,0.0,0.0,0
48,245000000.0,0,1515625.0,2726467.0352569306,0,9.476765034199891,49.318717547185365,0,0.0,547355.8841076586,100266945985.1869,190625.0,10026694598518.691,7402981.852795347,1.7153070075437427e-09,0,0,1,0.0,0.0,0
49,245000000.0,0,1515625.0,2741540.270235992,0,9.65343640753075,50.318717547185365,0,0.0,547355.8841076586,100266945985.1869,190625.0,10026694598518.691,7402981.852795347,1.7153070075437427e-09,0,0,1,0.0,0.0,0
50,245000000.0,0,1525000.0,2755698.3569087903,0,9.828653759252619,51.31061598951507,0,0.0,547355.8841076586,100266945985.1869,190625.0,10026694598518.691,7402981.852795347,1.7153070075437427e-09,0,0,1,0.0,0.0,0
51,245000000.0,0,1525000.0,2769074.4324901346,0,10.0059139639073,52.31061598951507,0,0.0,547355.8841076586,100266945985.1869,190625.0,10026694598518.691,7402981.852795347,1.7153070075437427e-09,0,0,1,0.0,0.0,0
52,245000000.0,0,1534375.0,2782345.116691054,0,10.18156031754944,53.30261336806969,0,0.0,547355.8841076586,100266945985.1869,190625.0,10026694598518.691,7402981.852795347,1.7153070075437427e-09,0,0,1,0.0,0.0,0
53,245000000.0,0,1534375.0,2796344.5551983872,0,5.540321811541434,54.30261336806969,0,0.0,539880.1903402314,97472723733.65964,190625.0,9747272373365.963,7432884.627865056,2.115484676323831e-09,0,0,1,0.0,0.0,0
54,245000000.0,0,1543750.0,2810245.5113157895,0,5.6247818063827575,55.29470788153423,0,0.0,539880.1903402314,97472723733.65964,190625.0,9747272373365.963,7432884.627865056,2.115484676323831e-09,0,0,1,0.0,0.0,0
55,245000000.0,0,1543750.0,2824051.2677895916,0,5.711055821392138,56.29470788153423,0,0.0,539880.1903402314,97472723733.65964,190625.0,9747272373365.963,7432884.627865056,2.115484676323831e-09,0,0,1,0.0,0.0,0
56,245000000.0,0,1553125.0,2837764.997941247,0,5.795788743662268,57.28689777205823,0,0.0,539880.1903402314,97472723733.65964,190625.0,9747272373365.963,7432884.627865056,2.115484676323831e-09,0,0,1,0.0,0.0,0
57,245000000.0,0,1553125.0,2851389.769314828,0,5.882283668276376,58.28689777205823,0,0.0,539880.1903402314,97472723733.65964,190625.0,9747272373365.963,7432884.627865056,2.115484676323831e-09,0,0,1,0.0,0.0,0
58,245000000.0,0,1562500.0,2864295.1402051523,0,5.967386846518858,59.27918132395267,0,0.0,539880.1903402314,97472723733.65964,190625.0,9747272373365.963,7432884.627865056,2.115484676323831e-09,0,0,1,0.0,0.0,0
59,245000000.0,0,1562500.0,2876214.649739984,0,6.05436194587748,60.27918132395267,0,0.0,539880.1903402314,97472723733.65964,190625.0,9747272373365.963,7432884.627865056,2.115484676323831e-09,0,0,1,0.0,0.0,0
60,245000000.0,0,1571875.0,2888023.642588135,0,6.139854032736945,61.27155686243344,0,0.0,539880.1903402314,97472723733.65964,190625.0,9747272373365.963,7432884.627865056,2.115484676323831e-09,0,0,1,0.0,0.0,0
61,245000000.0,0,1571875.0,2899725.8026391594,0,6.227007500190268,62.27155686243344,0,0.0,539880.1903402314,97472723733.65964,190625.0,9747272373365.963,7432884.627865056,1.93813320947811e-09,0,0,1,0.0,0.0,0
62,245000000.0,0,1581250.0,2911324.690986296,0,6.312708599397624,63.264022752409545,0,0.0,539880.1903402314,97472723733.65964,190625.0,9747272373365.963,7432884.627865056,2.4037944967858493e-09,0,0,1,0.0,0.0,0
63,245000000.0,0,1581250.0,2922823.7500196737,0,6.400027503329744,64.26402275240955,0,0.0,539880.1903402314,97472723733.65964,190625.0,9747272373365.963,7432884.627865056,2.4037944967858493e-09,0,0,1,0.0,0.0,0
64,245000000.0,0,1590625.0,2934014.6183290714,0,6.667767611386967,65.25657739731406,0,0.0,539880.1903402314,97472723733.65964,190625.0,9747272373365.963,7422723.553272411,1.6393641999457031e-09,0,0,1,0.0,0.0,0
65,245000000.0,0,1590625.0,2945150.10962336,0,6.573442236811179,66.25657739731406,0,0.0,539880.1903402314,97472723733.65964,190625.0,9747272373365.963,7424543.134033642,1.6393641999457031e-09,0,0,1,0.0,0.0,0
66,245000000.0,0,1600000.0,2956195.425468269,0,6.659540306269542,67.24921923797626,0,0.0,539880.1903402314,97472723733.65964,190625.0,9747272373365.963,7424543.134033642,1.6393641999457031e-09,0,0,1,0.0,0.0,0
67,245000000.0,0,1600000.0,2967153.5717121107,0,6.747174749297829,68.24921923797626,0,0.0,539880.1903402314,97472723733.65964,190625.0,9747272373365.963,7424543.134033642,1.6393641999457031e-09,0,0,1,0.0,0.0,0
68,245000000.0,0,1609375.0,2978027.4540082533,0,6.833442399037522,69.24194675153302,0,0.0,539880.1903402314,97472723733.65964,190625.0,9747272373365.963,7424543.134033642,1.6393641999457031e-09,0,0,1,0.0,0.0,0
69,245000000.0,0,1609375.0,2989892.8306578053,0,6.92110099185582,70.24194675153302,0,0.0,539880.1903402314,97472723733.65964,190625.0,9747272373365.963,7476044.71017054,1.6048034012783319e-09,0,0,1,0.0,0.0,0
70,245000000.0,0,1618750.0,3001754.983379359,0,7.0074167729023085,71.23475845037814,0,0.0,539880.1903402314,97472723733.65964,190625.0,9747272373365.963,7479669.48056067,2.6243469619657844e-09,0,0,1,0.0,0.0,0
71,245000000.0,0,1618750.0,3013541.0207890454,0,7.0952011111663555,72.23475845037814,0,0.0,539880.1903402314,97472723733.65964,190625.0,9747272373365.963,7479669.48056067,2.6243469619657844e-09,0,0,1,0.0,0.0,0
72,245000000.0,0,1628125.0,3025253.480063926,0,7.181676751858919,73.22765288114786,0,0.0,539880.1903402314,97472723733.65964,190625.0,9747272373365.963,7479669.48056067,2.6243469619657844e-09,0,0,1,0.0,0.0,0
73,245000000.0,0,1628125.0,3036894.813808495,0,7.26958646766227,74.22765288114786,0,0.0,539880.1903402314,97472723733.65964,190625.0,9747272373365.963,7479669.48056067,2.6243469619657844e-09,0,0,1,0.0,0.0,0
74,245000000.0,0,1637500.0,3048467.392873764,0,7.35621238330073,75.22062862374122,0,0.0,539880.1903402314,97472723733.65964,190625.0,9747272373365.963,7479669.48056067,2.6243469619657844e-09,0,0,1,0.0,0.0,0
75,245000000.0,0,1637500.0,3059973.509082374,0,7.444239446307908,76.22062862374122,0,0.0,539880.1903402314,97472723733.65964,190625.0,9747272373365.963,7479669.48056067,2.6243469619657844e-09,0,0,1,0.0,0.0,0
76,245000000.0,0,1646875.0,3071418.7170507056,0,7.53100600861443,77.21368429037396,0,0.0,539880.1903402314,97472723733.65964,190625.0,9747272373365.963,7479829.7615761915,2.0640982256736606e-09,0,0,1,0.0,0.0,0
77,245000000.0,0,1646875.0,3084723.4027562793,0,7.618327889501768,78.21368429037396,0,0.0,539880.1903402314,97472723733.65964,190625.0,9747272373365.963,7548887.187275373,1.6707417671568692e-09,0,0,1,0.0,0.0,0
78,245000000.0,0,1656250.0,3097968.052809593,0,7.704439600104849,79.20681852466436,0,0.0,539880.1903402314,97472723733.65964,190625.0,9747272373365.963,7548887.187275373,1.6707417671568692e-09,0,0,1,0.0,0.0,0
79,245000000.0,0,1656250.0,3111154.869611072,0,7.791915780824473,80.20681852466436,0,0.0,539880.1903402314,97472723733.65964,190625.0,9747272373365.963,7548894.430908026,1.7944330465979874e-09,0,0,1,0.0,0.0,0
80,245000000.0,0,1665625.0,3124285.5864308286,0,7.878202548077724,81.20003000075002,0,0.0,539880.1903402314,97472723733.65964,190625.0,9747272373365.963,7548894.430908026,1.7944330465979874e-09,0,0,1,0.0,0.0,0
81,245000000.0,0,1665625.0,3137362.073268253,0,7.9658230963177346,82.20003000075002,0,0.0,539880.1903402314,97472723733.65964,190625.0,9747272373365.963,7548894.430908026,1.7944330465979874e-09,0,0,1,0.0,0.0,0
82,245000000.0,0,1675000.0,3150386.1377894226,0,8.0522744969234,83.19331742243436,0,0.0,539880.1903402314,97472723733.65964,190625.0,9747272373365.963,7548894.430908026,1.9945218809880316e-09,0,0,1,0.0,0.0,0
83,245000000.0,0,1675000.0,3163359.5274048797,0,8.140030252954643,84.19331742243436,0,0.0,539880.1903402314,97472723733.65964,190625.0,9747272373365.963,7548894.430908026,2.3474058252759278e-09,0,0,1,0.0,0.0,0
84,245000000.0,0,1684375.0,3176283.9312781463,0,8.226636642669273,85.18667952236149,0,0.0,539880.1903402314,97472723733.65964,190625.0,9747272373365.963,7548894.430908026,2.3474058252759278e-09,0,0,1,0.0,0.0,0
85,245000000.0,0,1684375.0,3189160.982267298,0,8.314519215738414,86.18667952236149,0,0.0,539880.1903402314,97472723733.65964,190625.0,9747272373365.963,7548894.430908026,2.3474058252759278e-09,0,0,1,0.0,0.0,0
86,245000000.0,0,1693750.0,3201992.258801804,0,8.401271724057663,87.18011506121847,0,0.0,539880.1903402314,97472723733.65964,190625.0,9747272373365.963,7548894.430908026,2.3474058252759278e-09,0,0,1,0.0,0.0,0
87,245000000.0,0,1693750.0,3214779.2867000764,0,8.489273412086815,88.18011506121847,0,0.0,539880.1903011387,97472723720.67258,190625.0,9747272372067.258,7548894.431064397,2.1582309273071587e-09,0,0,1,0.0,0.0,0
88,245000000.0,0,1703125.0,3227523.5409135083,0,8.57616386392101,89.17362282696398,0,0.0,539880.1903011387,97472723720.67258,190625.0,9747272372067.258,7548894.431064397,2.1582309273071587e-09,0,0,1,0.0,0.0,0
89,245000000.0,0,1703125.0,3240226.4472315935,0,8.664277583232305,90.17362282696398,0,0.0,539880.1903011387,97472723720.67258,190625.0,9747272372067.258,7548894.431064397,2.1582309273071587e-09,0,0,1,0.0,0.0,0
90,245000000.0,0,1712500.0,3252889.3839175105,0,8.751298430129975,91.16720163408229,0,0.0,539880.1903011387,97472723720.67258,190625.0,9747272372067.258,7548894.431064397,2.1582309273071587e-09,0,0,1,0.0,0.0,0
91,245000000.0,0,1712500.0,3265513.6832923316,0,8.839517653740465,92.16720163408229,0,0.0,539880.1903011387,97472723720.67258,190625.0,9747272372067.258,7548894.431064397,2.1582309273071587e-09,0,0,1,0.0,0.0,0
92,245000000.0,0,1718750.0,3278100.6332664276,0,8.926661913300757,93.16085032286149,0,0.0,539880.1903011387,97472723720.67258,190625.0,9747272372067.258,7548894.431064397,2.1582309273071587e-09,0,0,1,0.0,0.0,0
93,245000000.0,0,1718750.0,3290651.478819821,0,9.014980616581974,94.16085032286149,0,0.0,539880.1903011387,97472723720.67258,190625.0,9747272372067.258,7548894.431064397,2.1582309273071587e-09,0,0,1,0.0,0.0,0
94,245000000.0,0,1718750.0,3303167.423433203,0,9.102241818926386,95.15456775869534,0,0.0,539880.1903011387,97472723720.67258,190625.0,9747272372067.258,7548894.431064397,2.1582309273071587e-09,0,0,1,0.0,0.0,0
95,245000000.0,0,1718750.0,3315704.4988923925,0,9.190645444640394,96.15456775869534,0,0.0,539221.7692472958,97254422016.48085,190625.0,9725442201648.086,7551528.1152797695,2.1000232663936913e-09,0,0,1,0.0,0.0,0
96,245000000.0,0,1718750.0,3328209.5399337728,0,9.278008821381615,97.14835283140745,0,0.0,539220.2693563626,97253925712.43115,190625.0,9725392571243.115,7551555.886720852,3.1259332899935544e-09,0,0,1,0.0,0.0,0
97,245000000.0,0,1718750.0,3341154.161409821,0,9.366410522742711,98.14835283140745,0,0.0,539220.2693563626,97253925712.43115,190625.0,9725392571243.115,7574168.990297705,3.118657332379371e-09,0,0,1,0.0,0.0,0
98,245000000.0,0,1718750.0,3354068.3078590143,0,9.453791288372715,99.14220445459738,0,0.0,539220.2693563626,97253925712.43115,190625.0,9725392571243.115,7574168.990297705,3.0859155231155455e-09,0,0,1,0.0,0.0,0
99,245000000.0,0,1718750.0,3366952.9951155805,0,9.54228242803549,100.14220445459738,0,0.0,539220.2693563626,97253925712.43115,190625.0,9725392571243.115,7574168.990297705,3.0859155231155455e-09,0,0,1,0.0,0.0,0
100,245000000.0,0,1718750.0,3379809.2051526085,0,9.629768729541114,101.13612156500746,0,0.0,539220.2693563626,97253925712.43115,190625.0,9725392571243.115,7574168.990297705,3.0859155231155455e-09,0,0,1,0.0,0.0,0
101,245000000.0,0,1718750.0,3392637.8872107477,0,9.718344526949405,102.13612156500746,0,0.0,539220.2693563626,97253925712.43115,190625.0,9725392571243.115,7574168.990297705,3.0859155231155455e-09,0,0,1,0.0,0.0,0
102,245000000.0,0,1718750.0,3405439.9588892967,0,9.805931188457746,103.13010312190987,0,0.0,539220.2693563626,97253925712.43115,190625.0,9725392571243.115,7574168.990297705,3.0859155231155455e-09,0,0,1,0.0,0.0,0
103,245000000.0,0,1718750.0,3418216.3072009077,0,9.894587197892559,104.13010312190987,0,0.0,539220.2693563626,97253925712.43115,190625.0,9725392571243.115,7574168.990297705,3.0859155231155455e-09,0,0,1,0.0,0.0,0
104,245000000.0,0,1718750.0,3433071.7092588916,0,9.981555679148144,105.12414810651303,0,0.0,520294.0075846714,90679465670.9591,190625.0,9067946567095.91,7649922.118653968,2.1982486941851676e-09,0,0,1,0.0,0.0,0
105,245000000.0,0,1718750.0,3447903.0742595475,0,10.069595741598542,106.12414810651303,0,0.0,520294.0075846714,90679465670.9591,190625.0,9067946567095.91,7649922.118653968,2.1982486941851676e-09,0,0,1,0.0,0.0,0
106,245000000.0,0,1718750.0,3462711.20343812,0,10.156715164441032,107.11825552138664,0,0.0,520294.0075846714,90679465670.9591,190625.0,9067946567095.91,7649922.118653968,2.1982486941851676e-09,0,0,1,0.0,0.0,0
107,245000000.0,0,1718750.0,3477496.8713220125,0,10.244873703249798,108.11825552138664,0,0.0,520294.0075846714,90679465670.9591,190625.0,9067946567095.91,7649922.118653968,2.1982486941851676e-09,0,0,1,0.0,0.0,0
108,245000000.0,0,1718750.0,3492260.826621046,0,10.332134408878506,109.11242438990475,0,0.0,520294.0075846714,90679465670.9591,190625.0,9067946567095.91,7649922.118653968,2.1982486941851676e-09,0,0,1,0.0,0.0,0
109,245000000.0,0,1718750.0,3507003.79308805,0,10.420403901390149,110.11242438990475,0,0.0,520294.0075846714,90679465670.9591,190625.0,9067946567095.91,7649922.118653968,2.1982486941851676e-09,0,0,1,0.0,0.0,0
110,245000000.0,0,1718750.0,3521726.4703507586,0,10.507797088374007,111.10665375570619,0,0.0,520294.0075846714,90679465670.9591,190625.0,9067946567095.91,7649922.118653968,2.1982486941851676e-09,0,0,1,0.0,0.0,0
111,245000000.0,0,1718750.0,3536429.534715982,0,10.59617065956711,112.10665375570619,0,0.0,520294.0075846714,90679465670.9591,190625.0,9067946567095.91,7649922.118653968,2.1982486941851676e-09,0,0,1,0.0,0.0,0
112,245000000.0,0,1718750.0,3551113.6399469697,0,10.683688286888605,113.1009426821716,0,0.0,520294.0075846714,90679465670.9591,190625.0,9067946567095.91,7649922.118653968,2.1982486941851676e-09,0,0,1,0.0,0.0,0
113,245000000.0,0,1718750.0,3565779.4180148635,0,10.772159638567844,114.1009426821716,0,0.0,520294.0075846714,90679465670.9591,190625.0,9067946567095.91,7649922.118653968,2.1982486941851676e-09,0,0,1,0.0,0.0,0
114,245000000.0,0,1718750.0,3580427.4798250976,0,10.859794341941079,115.09529025191677,0,0.0,520294.0075846714,90679465670.9591,190625.0,9067946567095.91,7649922.118653968,2.1982486941851676e-09,0,0,1,0.0,0.0,0
115,245000000.0,0,1718750.0,3595058.415919597,0,10.948357691331486,116.09529025191677,0,0.0,520294.0075846714,90679465670.9591,190625.0,9067946567095.91,7649922.118653968,2.1982486941851676e-09,0,0,1,0.0,0.0,0
116,245000000.0,0,1718750.0,3609672.7971555497,0,11.036102710674244,117.08969556630116,0,0.0,520294.0075846714,90679465670.9591,190625.0,9067946567095.91,7649922.118653968,2.1982486941851676e-09,0,0,1,0.0,0.0,0
117,245000000.0,0,1718750.0,3624271.1753615774,0,11.124752736954724,118.08969556630116,0,0.0,520294.0075846714,90679465670.9591,190625.0,9067946567095.91,7649922.118653968,2.1982486941851676e-09,0,0,1,0.0,0.0,0
118,245000000.0,0,1718750.0,3638854.083972008,0,11.212601853278718,119.0841577449519,0,0.0,520294.0075846714,90679465670.9591,190625.0,9067946567095.91,7649922.118653968,2.1982486941851676e-09,0,0,1,0.0,0.0,0
119,245000000.0,0,1718750.0,3653422.0386400297,0,11.30133365085109,120.0841577449519,0,0.0,520294.0075846714,90679465670.9591,190625.0,9067946567095.91,7649922.118653968,2.1982486941851676e-09,0,0,1,0.0,0.0,0
120,245000000.0,0,1718750.0,3667975.537830388,0,11.389281131141178,121.0786759253017,0,0.0,520294.0075846714,90679465670.9591,190625.0,9067946567095.91,7649922.118653968,2.1982486941851676e-09,0,0,1,0.0,0.0,0
121,245000000.0,0,1718750.0,3682515.063392341,0,11.478090168639106,122.0786759253017,0,0.0,520294.0075846714,90679465670.9591,190625.0,9067946567095.91,7649922.118653968,2.1982486941851676e-09,0,0,1,0.0,0.0,0
122,245000000.0,0,1718750.0,3697056.3774997643,0,11.56612744405338,123.07324926214113,0,0.0,520156.3401082916,90634268279.10449,190625.0,9063426827910.45,7650472.788559487,2.663909981492907e-09,0,0,1,0.0,0.0,0
123,245000000.0,0,1718750.0,3711584.634027753,0,11.655006378346144,124.07324926214113,0,0.0,520156.3401082916,90634268279.10449,190625.0,9063426827910.45,7650472.788559487,2.1982486941851676e-09,0,0,1,0.0,0.0,0
124,245000000.0,0,1718750.0,3726100.2682289574,0,11.743132126712782,125.06787692718414,0,0.0,520156.3401082916,90634268279.10449,190625.0,9063426827910.45,7650472.788559487,2.1982486941851676e-09,0,0,1,0.0,0.0,0
125,245000000.0,0,1718750.0,3740603.700847601,0,11.83208047115711,126.06787692718414,0,0.0,520156.3401082916,90634268279.10449,190625.0,9063426827910.45,7650472.788559487,2.1982486941851676e-09,0,0,1,0.0,0.0,0
126,245000000.0,0,1718750.0,3755095.3386031035,0,11.920290120215885,127.06255810864657,0,0.0,520156.3401082916,90634268279.10449,190625.0,9063426827910.45,7650472.788559487,2.1982486941851676e-09,0,0,1,0.0,0.0,0
127,245000000.0,0,1718750.0,3769651.155650802,0,12.00929647093774,128.06255810864656,0,0.0,519249.36818950344,90334981191.90569,190625.0,9033498119190.568,7654100.67623464,1.6161720850504935e-09,0,0,1,0.0,0.0,0
128,245000000.0,0,1718750.0,3784195.9510541665,0,12.097578237865804,129.05729201083724,0,0.0,519249.36818950344,90334981191.90569,190625.0,9033498119190.568,7654100.67623464,1.6161720850504935e-09,0,0,1,0.0,0.0,0
129,245000000.0,0,1718750.0,3798730.092201339,0,12.186647358867416,130.05729201083724,0,0.0,519249.36818950344,90334981191.90569,190625.0,9033498119190.568,7654100.67623464,1.6161720850504935e-09,0,0,1,0.0,0.0,0
130,245000000.0,0,1718750.0,3813253.9342341945,0,12.275005251939474,131.05207785376118,0,0.0,519249.36818950344,90334981191.90569,190625.0,9033498119190.568,7654100.67623464,1.6161720850504935e-09,0,0,1,0.0,0.0,0
131,245000000.0,0,1718750.0,3827767.820456544,0,12.364133979261993,132.05207785376118,0,0.0,519249.36818950344,90334981191.90569,190625.0,9033498119190.568,7654100.67623464,1.6161720850504935e-09,0,0,1,0.0,0.0,0
132,245000000.0,0,1718750.0,3842272.0827287342,0,12.45256429916242,133.04691487273442,0,0.0,519249.36818950344,90334981191.90569,190625.0,9033498119190.568,7654100.67623464,1.6161720850504935e-09,0,0,1,0.0,0.0,0
133,245000000.0,0,1718750.0,3856767.0418491084,0,12.5417496828505,134.04691487273442,0,0.0,519249.36818950344,90334981191.90569,190625.0,9033498119190.568,7654100.676234642,1.266926119569689e-09,0,0,1,0.0,0.0,0
134,245000000.0,0,1718750.0,3871253.007922724,0,12.630248979573464,135.04180231801016,0,0.0,519249.36818950344,90334981191.90569,190625.0,9033498119190.568,7654100.676234642,1.266926119569689e-09,0,0,1,0.0,0.0,0
135,245000000.0,0,1718750.0,3885730.2807178083,0,12.719488265486142,136.04180231801016,0,0.0,519249.36818950344,90334981191.90569,190625.0,9033498119190.568,7654100.676234642,1.266926119569689e-09,0,0,1,0.0,0.0,0
136,245000000.0,0,1718750.0,3900199.15001031,0,12.808053317015547,137.03673945441585,0,0.0,519249.36818950344,90334981191.90569,190625.0,9033498119190.568,7654100.676234642,1.266926119569689e-09,0,0,1,0.0,0.0,0
137,245000000.0,0,1718750.0,3915024.419008124,0,12.897303236141948,138.03673945441585,0,0.0,519249.36818950344,90334981191.90569,190625.0,9033498119190.568,7671597.784609399,1.266926119569689e-09,0,0,1,0.0,0.0,0
138,245000000.0,0,1718750.0,3929847.7928318433,0,12.985891214246521,139.03172556100077,0,0.0,519249.36818950344,90334981191.90569,190625.0,9033498119190.568,7671883.741355232,1.266926119569689e-09,0,0,1,0.0,0.0,0
139,245000000.0,0,1718750.0,3944663.575802804,0,13.075191947977565,140.03172556100077,0,0.0,519249.36818950344,90334981191.90569,190625.0,9033498119190.568,7671883.741355232,1.266926119569689e-09,0,0,1,0.0,0.0,0
140,245000000.0,0,1718750.0,3959472.020949433,0,13.163841852410417,141.02675993069371,0,0.0,519249.36818950344,90334981191.90569,190625.0,9033498119190.568,7671883.741355232,1.266926119569689e-09,0,0,1,0.0,0.0,0
141,245000000.0,0,1718750.0,3974273.372865873,0,13.253191194611599,142.02675993069371,0,0.0,519249.36818950344,90334981191.90569,190625.0,9033498119190.568,7671883.741355232,1.266926119569689e-09,0,0,1,0.0,0.0,0
142,245000000.0,0,1718750.0,3988746.2971936082,0,13.34192540908014,143.02184186997061,0,0.0,519249.36818950344,90334981191.90569,190625.0,9033498119190.568,7671883.741355232,1.266926119569689e-09,0,0,1,0.0,0.0,0
143,245000000.0,0,1718750.0,4001891.995814728,0,13.43144845292262,144.02184186997061,0,0.0,519249.36818950344,90334981191.90569,190625.0,9033498119190.568,7671883.741355232,1.266926119569689e-09,0,0,1,0.0,0.0,0
144,245000000.0,0,1718750.0,4015028.9515317213,0,13.520339848551854,145.01697069853174,0,0.0,519249.36818950344,90334981191.90569,190625.0,9033498119190.568,7671883.741355232,1.266926119569689e-09,0,0,1,0.0,0.0,0
145,245000000.0,0,1718750.0,4028157.4557747226,0,13.609904053388389,146.01697069853174,0,0.0,519249.36818950344,90334981191.90569,190625.0,9033498119190.568,7671883.741355232,1.266926119569689e-09,0,0,1,0.0,0.0,0
146,245000000.0,0,1718750.0,4041277.790259537,0,13.698846525853577,147.01214574898785,0,0.0,519249.36818950344,90334981191.90569,190625.0,9033498119190.568,7671883.741355232,1.266926119569689e-09,0,0,1,0.0,0.0,0
147,245000000.0,0,1718750.0,4054390.2273114314,0,13.78845003749097,148.01214574898785,0,0.0,519249.36818950344,90334981191.90569,190625.0,9033498119190.568,7671883.741355232,1.266926119569689e-09,0,0,1,0.0,0.0,0
148,245000000.0,0,1718750.0,4067495.0301781725,0,13.877441408710531,149.00736636655543,0,0.0,519249.36818950344,90334981191.90569,190625.0,9033498119190.568,7671883.741355232,1.266926119569689e-09,0,0,1,0.0,0.0,0
149,245000000.0,0,1718750.0,4080592.453332599,0,13.967082483884683,150.00736636655543,0,0.0,519249.36818950344,90334981191.90569,190625.0,9033498119190.568,7671883.741355232,1.266926119569689e-09,0,0,1,0.0,0.0,0
150,245000000.0,0,1718750.0,4093684.7330981367,0,14.056120517700936,151.0026319087605,0,0.0,519249.36818950344,90334981191.90569,190625.0,9033498119190.568,7671979.277339955,2.9986040317453444e-09,0,0,1,0.0,0.0,0
151,245000000.0,0,1718750.0,4106770.1169325016,0,14.14579733390787,152.0026319087605,0,0.0,519249.36818950344,90334981191.90569,190625.0,9033498119190.568,7671979.277339955,2.9986040317453444e-09,0,0,1,0.0,0.0,0
152,245000000.0,0,1718750.0,4119848.834700063,0,14.234880295819329,152.99794174515063,0,0.0,519249.36818950344,90334981191.90569,190625.0,9033498119190.568,7671979.277339955,2.9986040317453444e-09,0,0,1,0.0,0.0,0
153,245000000.0,0,1718750.0,4132921.1086030486,0,14.324591498673952,153.99794174515063,0,0.0,519249.36818950344,90334981191.90569,190625.0,9033498119190.568,7671979.277339955,3.798959369305521e-09,0,0,1,0.0,0.0,0
154,245000000.0,0,1718750.0,4145987.1534369458,0,14.413717568009508,154.99329525701515,0,0.0,519249.36818950344,90334981191.90569,190625.0,9033498119190.568,7671979.277339955,3.798959369305521e-09,0,0,1,0.0,0.0,0
155,245000000.0,0,1718750.0,4159047.176837389,0,14.50346169999031,155.99329525701515,0,0.0,519249.36818950344,90334981191.90569,190625.0,9033498119190.568,7671979.277339955,3.798959369305521e-09,0,0,1,0.0,0.0,0
156,245000000.0,0,1718750.0,4172101.37951883,0,14.592629158491867,156.988691837113,0,0.0,519249.36818950344,90334981191.90569,190625.0,9033498119190.568,7671979.277339955,3.798959369305521e-09,0,0,1,0.0,0.0,0
157,245000000.0,0,1718750.0,4185155.9652034617,0,14.682404214581755,157.988691837113,0,0.0,519249.36818950344,90334981191.90569,190625.0,9033498119190.568,7672195.626476244,4.617504600901157e-09,0,0,1,0.0,0.0,0
158,245000000.0,0,1718750.0,4198205.111749559,0,14.77161082512575,158.98413088940828,0,0.0,519249.36818950344,90334981191.90569,190625.0,9033498119190.568,7672195.626476244,4.617504600901157e-09,0,0,1,0.0,0.0,0
159,245000000.0,0,1718750.0,4211249.000461736,0,14.861416166702405,159.98413088940828,0,0.0,519249.36818950344,90334981191.90569,190625.0,9033498119190.568,7672195.626476244,5.083165888208896e-09,0,0,1,0.0,0.0,0
160,245000000.0,0,1718750.0,4224287.806601126,0,14.950661038641062,160.97961182881284,0,0.0,519249.36818950344,90334981191.90569,190625.0,9033498119190.568,7672195.626476244,4.617504600901157e-09,0,0,1,0.0,0.0,0
161,245000000.0,0,1718750.0,4237321.69958682,0,15.040495436167026,161.97961182881284,0,0.0,519249.36818950344,90334981191.90569,190625.0,9033498119190.568,7672195.626476244,4.617504600901157e-09,0,0,1,0.0,0.0,0
162,245000000.0,0,1718750.0,4251364.206426648,0,15.129677517336326,162.97513408093613,0,0.0,519249.36818950344,90334981191.90569,190625.0,9033498119190.568,7708676.702973637,3.318746166769415e-09,0,0,1,0.0,0.0,0
163,245000000.0,0,1718750.0,4265402.122197301,0,15.219443038122996,163.97513408093613,0,0.0,519249.36818950344,90334981191.90569,190625.0,9033498119190.568,7708676.702973637,4.184585122857243e-09,0,0,1,0.0,0.0,0
164,245000000.0,0,1718750.0,4279520.461099629,0,15.308660518323256,164.9706970818419,0,0.0,518231.0342069849,90000906903.6189,190625.0,9000090690361.89,7712750.03890371,4.926732799503952e-09,0,0,1,0.0,0.0,0
165,245000000.0,0,1718750.0,4293634.509902872,0,15.398452724429596,165.9706970818419,0,0.0,518231.0342069849,90000906903.6189,190625.0,9000090690361.89,7712750.03890371,4.926732799503952e-09,0,0,1,0.0,0.0,0
166,245000000.0,0,1718750.0,4307744.411610331,0,15.487709806226436,166.96630027781134,0,0.0,518231.0342069849,90000906903.6189,190625.0,9000090690361.89,7712750.03890371,4.926732799503952e-09,0,0,1,0.0,0.0,0
167,245000000.0,0,1718750.0,4321969.42081292,0,15.577529736734006,167.96630027781134,0,0.0,518231.0342069849,90000906903.6189,190625.0,9000090690361.89,7718467.623914085,4.762114258483052e-09,0,0,1,0.0,0.0,0
168,245000000.0,0,1718750.0,4336190.554784896,0,15.666821619766456,168.96194312511273,0,0.0,518231.0342069849,90000906903.6189,190625.0,9000090690361.89,7718467.623914085,4.762114258483052e-09,0,0,1,0.0,0.0,0
169,245000000.0,0,1718750.0,4350435.9804175515,0,15.756671393344432,169.96194312511273,0,0.0,518231.0342069849,90000906903.6189,190625.0,9000090690361.89,7720486.3395339055,6.151822162792087e-09,0,0,1,0.0,0.0,0
170,245000000.0,0,1718750.0,4364677.78486249,0,15.845999949348043,170.95762508977737,0,0.0,518231.0342069849,90000906903.6189,190625.0,9000090690361.89,7720486.3395339055,6.151822162792087e-09,0,0,1,0.0,0.0,0
171,245000000.0,0,1718750.0,4378916.088825967,0,15.935878323954158,171.95762508977737,0,0.0,518231.0342069849,90000906903.6189,190625.0,9000090690361.89,7720486.3395339055,6.151822162792087e-09,0,0,1,0.0,0.0,0
172,245000000.0,0,1718750.0,4393151.0089906985,0,16.025242141874983,172.95334564738127,0,0.0,518231.0342069849,90000906903.6189,190625.0,9000090690361.89,7720486.3395339055,6.151822162792087e-09,0,0,1,0.0,0.0,0
173,245000000.0,0,1718750.0,4407382.658149974,0,16.115147944281496,173.95334564738127,0,0.0,518231.0342069849,90000906903.6189,190625.0,9000090690361.89,7720486.3395339055,6.151822162792087e-09,0,0,1,0.0,0.0,0
174,245000000.0,0,1718750.0,4421234.5439321855,0,16.204574806329628,174.94910428283308,0,0.0,518231.0342069849,90000906903.6189,190625.0,9000090690361.89,7720486.3395339055,6.151822162792087e-09,0,0,1,0.0,0.0,0
175,245000000.0,0,1718750.0,4434190.897629827,0,16.29460439684275,175.94910428283308,0,0.0,518231.0342069849,90000906903.6189,190625.0,9000090690361.89,7720486.3395339055,6.151822162792087e-09,0,0,1,0.0,0.0,0
176,245000000.0,0,1718750.0,4447376.624953074,0,16.38413133991797,176.94490049016713,0,0.0,518231.0342069849,90000906903.6189,190625.0,9000090690361.89,7737270.809617675,6.042682798579335e-09,0,0,1,0.0,0.0,0
177,245000000.0,0,1718750.0,4460558.733062358,0,16.47418434779968,177.94490049016713,0,0.0,518231.0342069849,90000906903.6189,190625.0,9000090690361.89,7737270.809617675,6.042682798579335e-09,0,0,1,0.0,0.0,0
178,245000000.0,0,1718750.0,4473737.342598137,0,16.563740926768773,178.94073377234244,0,0.0,518231.0342069849,90000906903.6189,190625.0,9000090690361.89,7737270.809617675,6.042682798579335e-09,0,0,1,0.0,0.0,0
179,245000000.0,0,1718750.0,4488176.410956191,0,16.653744768459216,179.94073377234244,0,0.0,518231.0342069849,90000906903.6189,190625.0,9000090690361.89,7802452.889625724,4.6966306399554014e-09,0,0,1,0.0,0.0,0
180,245000000.0,0,1718750.0,4502612.210091677,0,16.743260102303637,180.93660364104664,0,0.0,518231.0342069354,90000906903.60269,190625.0,9000090690360.27,7802452.889625922,5.35146682523191e-09,0,0,1,0.0,0.0,0
181,245000000.0,0,1718750.0,4517056.71217234,0,16.833288297555143,181.93660364104664,0,0.0,518231.0342069354,90000906903.60269,190625.0,9000090690360.27,7802879.964597734,7.054040906950831e-09,0,0,1,0.0,0.0,0
182,245000000.0,0,1718750.0,4531498.159346132,0,16.922833838259244,182.93250961650543,0,0.0,518231.0342069354,90000906903.60269,190625.0,9000090690360.27,7802879.964597734,7.054040906950831e-09,0,0,1,0.0,0.0,0
183,245000000.0,0,1718750.0,4545936.653443287,0,17.01288625025724,183.93250961650543,0,0.0,518231.0342069354,90000906903.60269,190625.0,9000090690360.27,7802879.964597734,7.054040906950831e-09,0,0,1,0.0,0.0,0
184,245000000.0,0,1718750.0,4560372.292899687,0,17.10246170777936,184.92845122729648,0,0.0,518231.0342069354,90000906903.60269,190625.0,9000090690360.27,7802879.964597734,7.054040906950831e-09,0,0,1,0.0,0.0,0
185,245000000.0,0,1718750.0,4574805.172870028,0,17.192537337821715,185.92845122729648,0,0.0,518231.0342069354,90000906903.60269,190625.0,9000090690360.27,7802879.964597734,7.054040906950831e-09,0,0,1,0.0,0.0,0
186,245000000.0,0,1718750.0,4589235.385337175,0,17.282141590869582,186.9244280101687,0,0.0,518231.0342069354,90000906903.60269,190625.0,9000090690360.27,7802879.964597734,7.054040906950831e-09,0,0,1,0.0,0.0,0
187,245000000.0,0,1718750.0,4603663.0192179065,0,17.372239494535577,187.9244280101687,0,0.0,518231.0342069354,90000906903.60269,190625.0,9000090690360.27,7802879.964597734,7.054040906950831e-09,0,0,1,0.0,0.0,0
188,245000000.0,0,1718750.0,4618088.160465099,0,17.46187148023677,188.92043950986596,0,0.0,518231.0342069354,90000906903.60269,190625.0,9000090690360.27,7802879.964597734,7.054040906950831e-09,0,0,1,0.0,0.0,0
189,245000000.0,0,1718750.0,4632246.128398944,0,17.551990763762692,189.92043950986596,0,0.0,518231.0342069354,90000906903.60269,190625.0,9000090690360.27,7783816.973330977,7.301423465833068e-09,0,0,1,0.0,0.0,0
190,245000000.0,0,1718750.0,4646401.767105227,0,17.641649473850862,190.9164852789552,0,0.0,518231.0342069354,90000906903.60269,190625.0,9000090690360.27,7783816.973330977,7.301423465833068e-09,0,0,1,0.0,0.0,0
191,245000000.0,0,1718750.0,4660555.154224868,0,17.73178929079127,191.9164852789552,0,0.0,518231.0342069354,90000906903.60269,190625.0,9000090690360.27,7783816.973330977,7.301423465833068e-09,0,0,1,0.0,0.0,0
192,245000000.0,0,1718750.0,4674706.364810754,0,17.821473768088445,192.91256487765926,0,0.0,518231.0342069354,90000906903.60269,190625.0,9000090690360.27,7783816.973330977,7.301423465833068e-09,0,0,1,0.0,0.0,0
193,245000000.0,0,1718750.0,4688855.47141401,0,17.911633316237147,193.91256487765926,0,0.0,518231.0342069354,90000906903.60269,190625.0,9000090690360.27,7783816.973330977,7.301423465833068e-09,0,0,1,0.0,0.0,0
194,245000000.0,0,1718750.0,4703002.54416739,0,18.0013426514055,194.90867787369376,0,0.0,518231.0342069354,90000906903.60269,190625.0,9000090690360.27,7783816.973330977,7.301423465833068e-09,0,0,1,0.0,0.0,0
195,245000000.0,0,1718750.0,4717147.650865892,0,18.091521169953026,195.90867787369376,0,0.0,518231.0342069354,90000906903.60269,190625.0,9000090690360.27,7783816.973330977,7.301423465833068e-09,0,0,1,0.0,0.0,0
196,245000000.0,0,1718750.0,4731097.841280676,0,18.18126369429441,196.90482384210824,0,0.0,520547.2233749358,90763761185.87048,190625.0,9076376118587.049,7774552.216658976,5.90443960390985e-09,0,0,1,0.0,0.0,0
197,245000000.0,0,1718750.0,4745046.1945264,0,18.271469516781057,197.90482384210824,0,0.0,520547.2233749358,90763761185.87048,190625.0,9076376118587.049,7774552.216658976,5.90443960390985e-09,0,0,1,0.0,0.0,0
198,245000000.0,0,1718750.0,4758992.7718420345,0,18.36123485945492,198.9010023651312,0,0.0,520547.2233749358,90763761185.87048,190625.0,9076376118587.049,7774552.216658976,5.90443960390985e-09,0,0,1,0.0,0.0,0
199,245000000.0,0,1718750.0,4772937.632425246,0,18.451457947576152,199.9010023651312,0,0.0,520547.2233749358,90763761185.87048,190625.0,9076376118587.049,7774552.216658976,5.90443960390985e-09,0,0,1,0.0,0.0,0
200,245000000.0,0,1718750.0,4787934.440636911,0,18.541193426398465,200.8972130320193,0,0.0,520547.2233749358,90763761185.87048,190625.0,9076376118587.049,7825125.359208957,7.359631126746535e-09,0,0,1,0.0,0.0,0
201,245000000.0,0,1718750.0,4802929.644657501,0,18.63138277035154,201.8972130320193,0,0.0,520547.2233749358,90763761185.87048,190625.0,9076376118587.049,7825125.359208957,7.359631126746535e-09,0,0,1,0.0,0.0,0
202,245000000.0,0,1718750.0,4817923.297960053,0,18.721142603084843,202.89345543891,0,0.0,520547.2233749358,90763761185.87048,190625.0,9076376118587.049,7825125.359208957,7.359631126746535e-09,0,0,1,0.0,0.0,0
203,245000000.0,0,1718750.0,4832915.452235168,0,18.81135089913512,203.89345543891,0,0.0,520547.2233749358,90763761185.87048,190625.0,9076376118587.049,7825125.359208957,7.359631126746535e-09,0,0,1,0.0,0.0,0
204,245000000.0,0,1718750.0,4847906.507478297,0,18.901134189740198,204.8897291886782,0,0.0,520547.2233749358,90763761185.87048,190625.0,9076376118587.049,7825150.561215594,6.763002602383494e-09,0,0,1,0.0,0.0,0
205,245000000.0,0,1718750.0,4863944.830556718,0,18.991300875765575,205.8897291886782,0,0.0,511109.206036581,87755556091.24915,190625.0,8775555609124.914,7862902.630569014,5.744368536397815e-09,0,0,1,0.0,0.0,0
206,245000000.0,0,1718750.0,4879981.799569206,0,19.08104877632032,206.8860338907963,0,0.0,511109.206036581,87755556091.24915,190625.0,8775555609124.914,7862902.630569014,5.744368536397815e-09,0,0,1,0.0,0.0,0
207,245000000.0,0,1718750.0,4896017.459651295,0,19.17123584260221,207.8860338907963,0,0.0,511109.206036581,87755556091.24915,190625.0,8775555609124.914,7862902.630569014,5.744368536397815e-09,0,0,1,0.0,0.0,0
208,245000000.0,0,1718750.0,4912051.854433995,0,19.261008773286928,208.88236916119783,0,0.0,511109.206036581,87755556091.24915,190625.0,8775555609124.914,7862902.630569014,5.744368536397815e-09,0,0,1,0.0,0.0,0
209,245000000.0,0,1718750.0,4928085.026093956,0,19.35121536488464,209.88236916119783,0,0.0,511109.206036581,87755556091.24915,190625.0,8775555609124.914,7862902.630569014,5.744368536397815e-09,0,0,1,0.0,0.0,0
210,245000000.0,0,1718750.0,4945426.37581336,0,19.44095775330231,210.87873462214412,0,0.0,511109.206036581,87755556091.24915,190625.0,8775555609124.914,7925751.930317453,5.39512257091701e-09,0,0,1,0.0,0.0,0
211,245000000.0,0,1718750.0,4962766.582592513,0,19.53113035964756,211.87873462214412,0,0.0,511109.206036581,87755556091.24915,190625.0,8775555609124.914,7925751.930317453,5.39512257091701e-09,0,0,1,0.0,0.0,0
212,245000000.0,0,1718750.0,4980105.684529424,0,19.620899673706518,212.87512990209484,0,0.0,511109.206036581,87755556091.24915,190625.0,8775555609124.914,7925751.930317453,5.39512257091701e-09,0,0,1,0.0,0.0,0
213,245000000.0,0,1718750.0,4997443.718452169,0,19.71109384246176,213.87512990209484,0,0.0,511109.206036581,87755556091.24915,190625.0,8775555609124.914,7925751.930317453,5.39512257091701e-09,0,0,1,0.0,0.0,0
214,245000000.0,0,1718750.0,5014780.719961218,0,19.800888940465537,214.87155463558122,0,0.0,511109.206036581,87755556091.24915,190625.0,8775555609124.914,7925751.930317453,5.39512257091701e-09,0,0,1,0.0,0.0,0
215,245000000.0,0,1718750.0,5031897.438553027,0,19.89111196236044,215.87155463558122,0,0.0,511109.206036581,87755556091.24915,190625.0,8775555609124.914,7915226.254285363,4.2891770135611296e-09,0,0,1,0.0,0.0,0
216,245000000.0,0,1718750.0,5049013.192411597,0,19.98093975388879,216.8680084630825,0,0.0,511109.206036581,87755556091.24915,190625.0,8775555609124.914,7915226.254285363,4.2891770135611296e-09,0,0,1,0.0,0.0,0
217,245000000.0,0,1718750.0,5066129.950901957,0,20.071181816368142,217.8680084630825,0,0.0,511109.206036581,87755556091.24915,190625.0,8775555609124.914,7915365.7332081795,3.7325662560760975e-09,0,0,1,0.0,0.0,0
218,245000000.0,0,1718750.0,5083245.807902703,0,20.161032742543394,218.86449103090555,0,0.0,511109.206036581,87755556091.24915,190625.0,8775555609124.914,7915365.7332081795,3.7325662560760975e-09,0,0,1,0.0,0.0,0
219,245000000.0,0,1718750.0,5100360.793463483,0,20.251293019800922,219.86449103090555,0,0.0,511109.206036581,87755556091.24915,190625.0,8775555609124.914,7915365.7332081795,3.7325662560760975e-09,0,0,1,0.0,0.0,0
220,245000000.0,0,1718750.0,5117474.936632299,0,20.341166179374188,220.8610019910671,0,0.0,511109.206036581,87755556091.24915,190625.0,8775555609124.914,7915365.7332081795,3.7325662560760975e-09,0,0,1,0.0,0.0,0
221,245000000.0,0,1718750.0,5134589.784794062,0,20.43144389457398,221.8610019910671,0,0.0,511109.206036581,87755556091.24915,190625.0,8775555609124.914,7915475.123181113,3.3123797038570046e-09,0,0,1,0.0,0.0,0
222,245000000.0,0,1718750.0,5151703.845787331,0,20.52133843730743,222.85754100117913,0,0.0,511109.206036581,87755556091.24915,190625.0,8775555609124.914,7915475.123181113,3.3123797038570046e-09,0,0,1,0.0,0.0,0
223,245000000.0,0,1718750.0,5168817.14585106,0,20.61163285890102,223.85754100117913,0,0.0,511109.206036581,87755556091.24915,190625.0,8775555609124.914,7915475.123181113,3.3123797038570046e-09,0,0,1,0.0,0.0,0
224,245000000.0,0,1718750.0,5185929.7103495635,0,20.70154798183157,224.85410772433673,0,0.0,511109.206036581,87755556091.24915,190625.0,8775555609124.914,7915475.123181113,4.243702278472483e-09,0,0,1,0.0,0.0,0
225,245000000.0,0,1718750.0,5203031.749782526,0,20.79185842021029,225.85410772433673,0,0.0,511109.206036581,87755556091.24915,190625.0,8775555609124.914,7914768.51380163,2.773958840407431e-09,0,0,1,0.0,0.0,0
226,245000000.0,0,1718750.0,5220133.101870651,0,20.881793364246718,226.85070182900893,0,0.0,511109.206036581,87755556091.24915,190625.0,8775555609124.914,7914768.51380163,2.773958840407431e-09,0,0,1,0.0,0.0,0
227,245000000.0,0,1718750.0,5237233.7895254325,0,20.972119168693464,227.85070182900893,0,0.0,511109.206036581,87755556091.24915,190625.0,8775555609124.914,7914768.5138016315,3.763489075936377e-09,0,0,1,0.0,0.0,0
228,245000000.0,0,1718750.0,5254333.834894649,0,21.06207321551194,228.84732298893184,0,0.0,511109.206036581,87755556091.24915,190625.0,8775555609124.914,7914768.5138016315,3.763489075936377e-09,0,0,1,0.0,0.0,0
229,245000000.0,0,1718750.0,5271433.259387821,0,21.152413771421045,229.84732298893184,0,0.0,511109.206036581,87755556091.24915,190625.0,8775555609124.914,7914768.5138016315,3.763489075936377e-09,0,0,1,0.0,0.0,0
230,245000000.0,0,1718750.0,5288532.083700814,0,21.242386240628363,230.84397088300454,0,0.0,511109.206036581,87755556091.24915,190625.0,8775555609124.914,7914768.5138016315,3.763489075936377e-09,0,0,1,0.0,0.0,0
231,245000000.0,0,1718750.0,5305711.179664976,0,21.33274096696586,231.84397088300454,0,0.0,511109.206036581,87755556091.24915,190625.0,8775555609124.914,7920589.84522604,3.421519068069756e-09,0,0,1,0.0,0.0,0
232,245000000.0,0,1718750.0,5322889.714794106,0,21.42273121350321,232.8406451951873,0,0.0,511109.206036581,87755556091.24915,190625.0,8775555609124.914,7920589.84522604,3.421519068069756e-09,0,0,1,0.0,0.0,0
233,245000000.0,0,1718750.0,5340067.7077827025,0,21.513099560483173,233.8406451951873,0,0.0,511109.206036581,87755556091.24915,190625.0,8775555609124.914,7920589.84522604,3.4797267289832234e-09,0,0,1,0.0,0.0,0
234,245000000.0,0,1718750.0,5357245.17670212,0,21.603106972246504,234.83734561440235,0,0.0,511109.206036581,87755556091.24915,190625.0,8775555609124.914,7920589.84522604,3.4797267289832234e-09,0,0,1,0.0,0.0,0
235,245000000.0,0,1718750.0,5374422.139021329,0,21.693488419201902,235.83734561440235,0,0.0,511109.206036581,87755556091.24915,190625.0,8775555609124.914,7920589.84522604,3.4797267289832234e-09,0,0,1,0.0,0.0,0
236,245000000.0,0,1718750.0,5391598.611627005,0,21.783512414857622,236.83407183443674,0,0.0,511109.206036581,87755556091.24915,190625.0,8775555609124.914,7920589.84522604,3.4797267289832234e-09,0,0,1,0.0,0.0,0
237,245000000.0,0,1718750.0,5408774.610842932,0,21.873906468286606,237.83407183443674,0,0.0,511109.206036581,87755556091.24915,190625.0,8775555609124.914,7920589.84522604,3.4797267289832234e-09,0,0,1,0.0,0.0,0
238,245000000.0,0,1718750.0,5425950.152448765,0,21.963946495263784,238.83082355384775,0,0.0,511109.206036581,87755556091.24915,190625.0,8775555609124.914,7920589.84522604,4.411049303598702e-09,0,0,1,0.0,0.0,0
239,245000000.0,0,1718750.0,5443125.251698177,0,22.05435268703445,239.83082355384775,0,0.0,511109.206036581,87755556091.24915,190625.0,8775555609124.914,7920589.84522604,4.411049303598702e-09,0,0,1,0.0,0.0,0
240,245000000.0,0,1718750.0,5460010.461450685,0,22.144418675874988,240.82760047587027,0,0.0,511109.206036581,87755556091.24915,190625.0,8775555609124.914,7910169.217340914,2.9558577807620168e-09,0,0,1,0.0,0.0,0
241,245000000.0,0,1718750.0,5476895.257845691,0,22.234846816304852,241.82760047587027,0,0.0,511109.206036581,87755556091.24915,190625.0,8775555609124.914,7910169.217340914,2.9558577807620168e-09,0,0,1,0.0,0.0,0
242,245000000.0,0,1718750.0,5493779.52967087,0,22.324927415913866,242.82440230832646,0,0.0,511110.7059275141,87756053567.86337,190625.0,8775605356786.337,7910163.217777181,4.585672286339104e-09,0,0,1,0.0,0.0,0
243,245000000.0,0,1718750.0,5510663.415236428,0,22.415366442138314,243.82440230832646,0,0.0,511110.7059275141,87756053567.86337,190625.0,8775605356786.337,7910163.217777181,3.6543497117236257e-09,0,0,1,0.0,0.0,0
244,245000000.0,0,1718750.0,5527546.927417687,0,22.50546118840189,244.82122876353745,0,0.0,511110.7059275141,87756053567.86337,190625.0,8775605356786.337,7910163.217777181,3.6543497117236257e-09,0,0,1,0.0,0.0,0
245,245000000.0,0,1718750.0,5544430.07866079,0,22.595910711328397,245.82122876353745,0,0.0,511110.7059275141,87756053567.86337,190625.0,8775605356786.337,7910163.217777181,3.6543497117236257e-09,0,0,1,0.0,0.0,0
246,245000000.0,0,1718750.0,5561312.880997009,0,22.686019165738724,246.81807955823703,0,0.0,511110.7059275141,87756053567.86337,190625.0,8775605356786.337,7910163.217777181,4.411049303598702e-09,0,0,1,0.0,0.0,0
247,245000000.0,0,1718750.0,5578195.346056572,0,22.776478819143215,247.81807955823703,0,0.0,511110.7059275141,87756053567.86337,190625.0,8775605356786.337,7910163.217777181,3.4797267289832234e-09,0,0,1,0.0,0.0,0
248,245000000.0,0,1718750.0,5595284.775934752,0,22.86660056323807,248.8149544134875,0,0.0,511110.7059275141,87756053567.86337,190625.0,8775605356786.337,7925088.159172664,3.4306140150874853e-09,0,0,1,0.0,0.0,0
249,245000000.0,0,1718750.0,5612373.890646634,0,22.957069998418902,249.8149544134875,0,0.0,511110.7059275141,87756053567.86337,190625.0,8775605356786.337,7925088.159172664,3.4306140150874853e-09,0,0,1,0.0,0.0,0
250,245000000.0,0,1718750.0,5631203.140345802,0,23.04715040557674,250.81185305459712,0,0.0,490225.43015106244,81265089119.32773,190625.0,8126508911932.772,8008629.262278471,5.147740012034774e-09,0,0,1,0.0,0.0,0
251,245000000.0,0,1718750.0,5650032.0955395745,0,23.13757597021446,251.81185305459712,0,0.0,490225.43015106244,81265089119.32773,190625.0,8126508911932.772,8008629.262278471,3.343302523717284e-09,0,0,1,0.0,0.0,0
252,245000000.0,0,1718750.0,5668860.7660448,0,23.22767103682149,252.80877521103977,0,0.0,490225.43015106244,81265089119.32773,190625.0,8126508911932.772,8008629.262278471,3.343302523717284e-09,0,0,1,0.0,0.0,0
253,245000000.0,0,1718750.0,5687869.009988074,0,23.318102211006988,253.80877521103977,0,0.0,488064.83196309675,80643386620.9116,190625.0,8064338662091.16,8017264.411397681,3.9981387089937925e-09,0,0,1,0.0,0.0,0
254,245000000.0,0,1718750.0,5707824.433900585,0,23.408186782038275,254.80572061637628,0,0.0,488064.83196309675,80643386620.9116,190625.0,8064338662091.16,8062741.819151445,2.950400812551379e-09,0,0,1,0.0,0.0,0
255,245000000.0,0,1718750.0,5727779.600654988,0,23.498609946639977,255.80572061637628,0,0.0,488064.83196309675,80643386620.9116,190625.0,8064338662091.16,8062741.819151445,2.950400812551379e-09,0,0,1,0.0,0.0,0
256,245000000.0,0,1718750.0,5747734.518823214,0,23.588709642059936,256.80268900817737,0,0.0,488064.83196309675,80643386620.9116,190625.0,8064338662091.16,8062741.819151445,2.950400812551379e-09,0,0,1,0.0,0.0,0
257,245000000.0,0,1718750.0,5767689.196691472,0,23.6791443684069,257.80268900817737,0,0.0,488064.83196309675,80643386620.9116,190625.0,8064338662091.16,8062741.819151445,2.950400812551379e-09,0,0,1,0.0,0.0,0
258,245000000.0,0,1718750.0,5787643.642269762,0,23.769258686268245,258.7996801279488,0,0.0,488064.83196309675,80643386620.9116,190625.0,8064338662091.16,8062741.819151445,2.950400812551379e-09,0,0,1,0.0,0.0,0
259,245000000.0,0,1718750.0,5807597.863301082,0,23.85970454951706,259.7996801279488,0,0.0,488064.83196309675,80643386620.9116,190625.0,8064338662091.16,8062741.819151445,2.950400812551379e-09,0,0,1,0.0,0.0,0
260,245000000.0,0,1718750.0,5826573.533569405,0,23.949859998663655,260.79669372105764,0,0.0,499804.83637418045,84133982834.22493,190625.0,8413398283422.493,8015781.801507111,6.803020369261503e-10,0,0,1,0.0,0.0,0
261,245000000.0,0,1718750.0,5845548.99401106,0,24.0403430761245,261.79669372105764,0,0.0,499804.83637418045,84133982834.22493,190625.0,8413398283422.493,8015781.801507111,6.803020369261503e-10,0,0,1,0.0,0.0,0
262,245000000.0,0,1718750.0,5864524.2516202675,0,24.13051104875175,262.7937295366604,0,0.0,499804.83637418045,84133982834.22493,190625.0,8413398283422.493,8015781.801507111,6.803020369261503e-10,0,0,1,0.0,0.0,0
263,245000000.0,0,1718750.0,5883499.313158112,0,24.22100344422516,263.7937295366604,0,0.0,499804.83637418045,84133982834.22493,190625.0,8413398283422.493,8015781.801507111,6.803020369261503e-10,0,0,1,0.0,0.0,0
264,245000000.0,0,1718750.0,5902474.185160303,0,24.31118356132571,264.7907873276331,0,0.0,499804.83637418045,84133982834.22493,190625.0,8413398283422.493,8015781.801507111,6.803020369261503e-10,0,0,1,0.0,0.0,0
265,245000000.0,0,1718750.0,5921448.873944693,0,24.401684956411206,265.7907873276331,0,0.0,499804.83637418045,84133982834.22493,190625.0,8413398283422.493,8015781.801507111,6.803020369261503e-10,0,0,1,0.0,0.0,0
266,245000000.0,0,1718750.0,5940423.385618549,0,24.491876856021864,266.78786685050227,0,0.0,499804.83637418045,84133982834.22493,190625.0,8413398283422.493,8015781.801507111,6.803020369261503e-10,0,0,1,0.0,0.0,0
267,245000000.0,0,1718750.0,5960166.532100071,0,24.582373978676557,267.78786685050227,0,0.0,499804.83637418045,84133982834.22493,190625.0,8413398283422.493,8052684.490204206,2.9940565582364798e-09,0,0,1,0.0,0.0,0
268,245000000.0,0,1718750.0,5981140.717545298,0,24.672544330525287,268.784967865378,0,0.0,499804.83637418045,84133982834.22493,190625.0,8413398283422.493,8111782.304459888,6.803020369261503e-10,0,0,1,0.0,0.0,0
269,245000000.0,0,1718750.0,5999865.64079889,0,24.76312994778008,269.784967865378,0,0.0,506675.2436867099,86378938420.64648,190625.0,8637893842064.648,8084300.67520977,1.9972503650933504e-09,0,0,1,0.0,0.0,0
270,245000000.0,0,1718750.0,6017456.388801751,0,24.853465915544632,270.78209013588815,0,0.0,506675.2436867099,86378938420.64648,190625.0,8637893842064.648,8084300.67520977,2.928572939708829e-09,0,0,1,0.0,0.0,0
271,245000000.0,0,1718750.0,6035046.947870354,0,24.944112474908685,271.78209013588815,0,0.0,506675.2436867099,86378938420.64648,190625.0,8637893842064.648,8084300.67520977,2.928572939708829e-09,0,0,1,0.0,0.0,0
272,245000000.0,0,1718750.0,6052637.3243025085,0,25.03445596864827,272.77923342911413,0,0.0,506675.2436867099,86378938420.64648,190625.0,8637893842064.648,8084300.67520977,1.9972503650933504e-09,0,0,1,0.0,0.0,0
273,245000000.0,0,1718750.0,6069424.986231174,0,25.125127742718437,273.77923342911413,0,0.0,514150.937454137,88693303939.2617,190625.0,8869330393926.17,8056420.7175253695,3.0886440072208643e-09,0,0,1,0.0,0.0,0
274,245000000.0,0,1718750.0,6086212.477496228,0,25.215498639248654,274.77639751552795,0,0.0,514150.937454137,88693303939.2617,190625.0,8869330393926.17,8056420.7175253695,3.0886440072208643e-09,0,0,1,0.0,0.0,0
275,245000000.0,0,1718750.0,6102999.80378645,0,25.306174235336076,275.77639751552795,0,0.0,514150.937454137,88693303939.2617,190625.0,8869330393926.17,8056420.7175253695,3.0886440072208643e-09,0,0,1,0.0,0.0,0
276,245000000.0,0,1718750.0,6119788.978102648,0,25.39655143199927,276.773582168931,0,0.0,514132.86993937707,88687575760.01144,190625.0,8868757576001.145,8056492.987584409,1.735315890982747e-09,0,0,1,0.0,0.0,0
277,245000000.0,0,1718750.0,6136577.99825903,0,25.487230708903606,277.773582168931,0,0.0,514132.86993937707,88687575760.01144,190625.0,8868757576001.145,8056492.987584409,1.735315890982747e-09,0,0,1,0.0,0.0,0
278,245000000.0,0,1718750.0,6152854.926514912,0,25.577614126531568,278.7707871663937,0,0.0,514132.86993937707,88687575760.01144,190625.0,8868757576001.145,8019633.100271086,2.0845618564635515e-09,0,0,1,0.0,0.0,0
279,245000000.0,0,1718750.0,6169131.710717012,0,25.668297042689233,279.7707871663937,0,0.0,514132.86993937707,88687575760.01144,190625.0,8868757576001.145,8019633.100271086,2.0845618564635515e-09,0,0,1,0.0,0.0,0
280,245000000.0,0,1718750.0,6185408.3556671245,0,25.758686555881912,280.7680122881966,0,0.0,514132.86993937707,88687575760.01144,190625.0,8868757576001.145,8019633.100271086,2.0845618564635515e-09,0,0,1,0.0,0.0,0
281,245000000.0,0,1718750.0,6201684.8660069825,0,25.84937302360338,281.7680122881966,0,0.0,514132.86993937707,88687575760.01144,190625.0,8868757576001.145,8019633.100271086,2.0845618564635515e-09,0,0,1,0.0,0.0,0
282,245000000.0,0,1718750.0,6217961.246223597,0,25.939768510684157,282.7652573177731,0,0.0,514132.86993937707,88687575760.01144,190625.0,8868757576001.145,8019633.100271086,2.0845618564635515e-09,0,0,1,0.0,0.0,0
283,245000000.0,0,1718750.0,6235530.809863928,0,26.030435519310196,283.7652573177731,0,0.0,514132.86993937707,88687575760.01144,190625.0,8868757576001.145,8079810.612911647,3.52520146407187e-09,0,0,1,0.0,0.0,0
284,245000000.0,0,1718750.0,6253100.251911316,0,26.120814336174384,284.76252204165274,0,0.0,514132.86993937707,88687575760.01144,190625.0,8868757576001.145,8079810.612911647,3.52520146407187e-09,0,0,1,0.0,0.0,0
285,245000000.0,0,1718750.0,6270669.576418857,0,26.21148552123324,285.76252204165274,0,0.0,514132.86993937707,88687575760.01144,190625.0,8868757576001.145,8079810.612911647,3.52520146407187e-09,0,0,1,0.0,0.0,0
286,245000000.0,0,1718750.0,6288238.787304546,0,26.301870855515027,286.7598062494064,0,0.0,514132.86993937707,88687575760.01144,190625.0,8868757576001.145,8079810.612911647,3.52520146407187e-09,0,0,1,0.0,0.0,0
287,245000000.0,0,1718750.0,6305807.88835578,0,26.392546106886865,287.7598062494064,0,0.0,514132.86993937707,88687575760.01144,190625.0,8868757576001.145,8079810.612911647,3.52520146407187e-09,0,0,1,0.0,0.0,0
288,245000000.0,0,1718750.0,6323376.8832337065,0,26.482937817286913,288.757109733592,0,0.0,514132.86993937707,88687575760.01144,190625.0,8868757576001.145,8079810.612911647,3.52520146407187e-09,0,0,1,0.0,0.0,0
289,245000000.0,0,1718750.0,6340945.775477435,0,26.573617028773697,289.757109733592,0,0.0,514132.86993937707,88687575760.01144,190625.0,8868757576001.145,8079810.612911647,3.52520146407187e-09,0,0,1,0.0,0.0,0
290,245000000.0,0,1718750.0,6358514.568508107,0,26.664014978534166,290.754432289702,0,0.0,514132.86993937707,88687575760.01144,190625.0,8868757576001.145,8079810.612911647,3.52520146407187e-09,0,0,1,0.0,0.0,0
291,245000000.0,0,1718750.0,6376407.710058531,0,26.754690530262067,291.754432289702,0,0.0,514132.86993937707,88687575760.01144,190625.0,8868757576001.145,8091490.612237163,3.52520146407187e-09,0,0,1,0.0,0.0,0
292,245000000.0,0,1718750.0,6394300.758899867,0,26.845087215354592,292.7517737161115,0,0.0,514132.86993937707,88687575760.01144,190625.0,8868757576001.145,8091490.612237163,3.52520146407187e-09,0,0,1,0.0,0.0,0
293,245000000.0,0,1718750.0,6411879.647239402,0,26.93576681431256,293.7517737161115,0,0.0,514132.86993937707,88687575760.01144,190625.0,8868757576001.145,8068877.508660311,3.597961040213704e-09,0,0,1,0.0,0.0,0
294,245000000.0,0,1718750.0,6429458.448947443,0,27.02616976029848,294.7491338140275,0,0.0,514132.86993937707,88687575760.01144,190625.0,8868757576001.145,8068877.508660311,1.735315890982747e-09,0,0,1,0.0,0.0,0
295,245000000.0,0,1718750.0,6447037.166911706,0,27.116853298691034,295.7491338140275,0,0.0,514132.86993937707,88687575760.01144,190625.0,8868757576001.145,8068877.508660311,1.735315890982747e-09,0,0,1,0.0,0.0,0
296,245000000.0,0,1718750.0,6464615.80392365,0,27.207262369288642,296.7465123874399,0,0.0,514132.86993937707,88687575760.01144,190625.0,8868757576001.145,8068877.508660311,2.6666384655982256e-09,0,0,1,0.0,0.0,0
297,245000000.0,0,1718750.0,6482823.7849969,0,27.297937094037284,297.7465123874399,0,0.0,508468.0691024597,86923782572.92273,190625.0,8692378257292.273,8091536.71200798,2.812157617881894e-09,0,0,1,0.0,0.0,0
298,245000000.0,0,1718750.0,6501031.690424704,0,27.388339754900446,298.7439092430723,0,0.0,508468.0691024597,86923782572.92273,190625.0,8692378257292.273,8091536.71200798,2.812157617881894e-09,0,0,1,0.0,0.0,0
299,245000000.0,0,1718750.0,6519239.220341393,0,27.47901862628112,299.7439092430723,0,0.0,508468.0691024597,86923782572.92273,190625.0,8692378257292.273,8091514.94013063,4.209141479805112e-09,0,0,1,0.0,0.0,0
300,245000000.0,0,1718750.0,6537446.679571618,0,27.569427605534393,300.741324190335,0,0.0,508468.0691024597,86923782572.92273,190625.0,8692378257292.273,8091514.94013063,4.209141479805112e-09,0,0,1,0.0,0.0,0
301,245000000.0,0,1718750.0,6555422.262285504,0,27.5692014204466,300.741324190335,0,0.0,508468.0691024597,86923782572.92273,190625.0,8692378257292.273,8074824.750732117,6.7484506871551275e-09,0,0,1,0.0,0.0,0
302,245000000.0,0,1718750.0,6573397.778946813,0,27.56870748585677,300.73875704127806,0,0.0,508468.0691024597,86923782572.92273,190625.0,8692378257292.273,8074824.750732117,4.1509338188916445e-09,0,0,1,0.0,0.0,0
303,245000000.0,0,1718750.0,6591322.956697,0,27.568485227109022,300.73875704127806,0,0.0,508468.0691024597,86923782572.92273,190625.0,8692378257292.273,8071204.946390515,4.514731699600816e-09,0,0,1,0.0,0.0,0
304,245000000.0,0,1718750.0,6609398.731717754,0,27.567997332960783,300.73620761054616,0,0.0,508468.0691024597,86923782572.92273,190625.0,8692378257292.273,8082052.393888583,5.908077582716942e-09,0,0,1,0.0,0.0,0
305,245000000.0,0,1718750.0,6627474.447073462,0,27.567778896356366,300.73620761054616,0,0.0,508468.0691024597,86923782572.92273,190625.0,8692378257292.273,8082052.393888583,5.908077582716942e-09,0,0,1,0.0,0.0,0
306,245000000.0,0,1718750.0,6645550.10475296,0,27.56729691051947,300.73367571533385,0,0.0,508468.0691024597,86923782572.92273,190625.0,8692378257292.273,8082052.393888583,5.908077582716942e-09,0,0,1,0.0,0.0,0
307,245000000.0,0,1718750.0,6663625.706678786,0,27.567082195588785,300.73367571533385,0,0.0,508468.0691024597,86923782572.92273,190625.0,8692378257292.273,8082052.393888583,5.908077582716942e-09,0,0,1,0.0,0.0,0
308,245000000.0,0,1718750.0,6681701.254709397,0,27.566605990232517,300.7311611753416,0,0.0,508468.0691024597,86923782572.92273,190625.0,8692378257292.273,8082052.393888583,6.2027538660913706e-09,0,0,1,0.0,0.0,0
309,245000000.0,0,1718750.0,6699776.750641299,0,27.56639490006592,300.7311611753416,0,0.0,508468.0691024597,86923782572.92273,190625.0,8692378257292.273,8082052.393888583,6.2027538660913706e-09,0,0,1,0.0,0.0,0
310,245000000.0,0,1718750.0,6717852.196211118,0,27.565924351474816,300.7286638127334,0,0.0,508468.0691024597,86923782572.92273,190625.0,8692378257292.273,8082052.393888583,6.2027538660913706e-09,0,0,1,0.0,0.0,0
311,245000000.0,0,1718750.0,6735927.593097587,0,27.565716792564398,300.7286638127334,0,0.0,508468.0691024597,86923782572.92273,190625.0,8692378257292.273,8082052.393888583,6.2027538660913706e-09,0,0,1,0.0,0.0,0
312,245000000.0,0,1718750.0,6754002.942923487,0,27.565251780963592,300.7261834520946,0,0.0,508468.0691024597,86923782572.92273,190625.0,8692378257292.273,8082052.393888583,6.2027538660913706e-09,0,0,1,0.0,0.0,0
313,245000000.0,0,1718750.0,6772078.247257503,0,27.565047663053384,300.7261834520946,0,0.0,508468.0691024597,86923782572.92273,190625.0,8692378257292.273,8082052.393888583,6.2027538660913706e-09,0,0,1,0.0,0.0,0
314,245000000.0,0,1718750.0,6790153.50761603,0,27.564588072443044,300.7237199203908,0,0.0,508468.0691024597,86923782572.92273,190625.0,8692378257292.273,8082052.393888583,6.2027538660913706e-09,0,0,1,0.0,0.0,0
315,245000000.0,0,1718750.0,6808228.725347066,0,27.564387308387122,300.7237199203908,0,0.0,508468.0691024597,86923782572.92273,190625.0,8692378257292.273,8082052.385403229,6.6102074924856424e-09,0,0,1,0.0,0.0,0
316,245000000.0,0,1718750.0,6826461.7609118875,0,27.563933026385385,300.7212730469278,0,0.0,508468.0691024597,86923782572.92273,190625.0,8692378257292.273,8093418.22810651,4.86397766508162e-09,0,0,1,0.0,0.0,0
317,245000000.0,0,1718750.0,6844694.7567538135,0,27.563735532013368,300.7212730469278,0,0.0,508468.0691024597,86923782572.92273,190625.0,8692378257292.273,8093418.22810651,4.86397766508162e-09,0,0,1,0.0,0.0,0
318,245000000.0,0,1718750.0,6862927.714196939,0,27.56328644970729,300.71884266331205,0,0.0,508468.0691024597,86923782572.92273,190625.0,8692378257292.273,8093418.22810651,4.86397766508162e-09,0,0,1,0.0,0.0,0
319,245000000.0,0,1718750.0,6881160.634521225,0,27.563092143696824,300.71884266331205,0,0.0,508468.0691024597,86923782572.92273,190625.0,8692378257292.273,8093418.22810651,4.86397766508162e-09,0,0,1,0.0,0.0,0
320,245000000.0,0,1718750.0,6899393.5189639665,0,27.562648155500877,300.716428603412,0,0.0,508468.0691024597,86923782572.92273,190625.0,8692378257292.273,8093418.22810651,4.86397766508162e-09,0,0,1,0.0,0.0,0
321,245000000.0,0,1718750.0,6917626.368721215,0,27.562456959256636,300.716428603412,0,0.0,508468.0691024597,86923782572.92273,190625.0,8692378257292.273,8093418.22810651,4.86397766508162e-09,0,0,1,0.0,0.0,0
322,245000000.0,0,1718750.0,6935869.301919007,0,27.562017962778228,300.71403070332025,0,0.0,508468.0691024597,86923782572.92273,190625.0,8692378257292.273,8094146.649935819,7.483322406187654e-09,0,0,1,0.0,0.0,0
323,245000000.0,0,1718750.0,6954112.202705132,0,27.561829800317128,300.71403070332025,0,0.0,508468.0691024597,86923782572.92273,190625.0,8692378257292.273,8094146.649935819,7.483322406187654e-09,0,0,1,0.0,0.0,0
324,245000000.0,0,1718750.0,6972355.0721599795,0,27.56139569622885,300.7116488013165,0,0.0,508468.0691024597,86923782572.92273,190625.0,8692378257292.273,8094146.649935819,7.483322406187654e-09,0,0,1,0.0,0.0,0
325,245000000.0,0,1718750.0,6989882.611777208,0,27.561210494070963,300.7116488013165,0,0.0,508468.0691024597,86923782572.92273,190625.0,8692378257292.273,8042645.082284275,6.719346856698394e-09,0,0,1,0.0,0.0,0
326,245000000.0,0,1718750.0,7008001.083438794,0,27.560781185989093,300.70928273783136,0,0.0,508468.0691024597,86923782572.92273,190625.0,8692378257292.273,8085194.2974461885,5.499714461620897e-09,0,0,1,0.0,0.0,0
327,245000000.0,0,1718750.0,7026119.530928007,0,27.560598873054122,300.70928273783136,0,0.0,508468.0691024597,86923782572.92273,190625.0,8692378257292.273,8085194.594738286,6.388290785253048e-09,0,0,1,0.0,0.0,0
328,245000000.0,0,1718750.0,7044237.951059177,0,27.56017426742303,300.70693235541023,0,0.0,508468.0691024597,86923782572.92273,190625.0,8692378257292.273,8085194.594738286,5.980837158858776e-09,0,0,1,0.0,0.0,0
329,245000000.0,0,1718750.0,7062356.344744234,0,27.55999477493184,300.70693235541023,0,0.0,508468.0691024597,86923782572.92273,190625.0,8692378257292.273,8085194.594738284,8.774804882705212e-09,0,0,1,0.0,0.0,0
330,245000000.0,0,1718750.0,7080474.7128647175,0,27.55957478091401,300.7045974986789,0,0.0,508468.0691024597,86923782572.92273,190625.0,8692378257292.273,8085194.594738284,8.774804882705212e-09,0,0,1,0.0,0.0,0
331,245000000.0,0,1718750.0,7098593.05627278,0,27.559398042295015,300.7045974986789,0,0.0,508468.0691024597,86923782572.92273,190625.0,8692378257292.273,8085194.594738284,8.774804882705212e-09,0,0,1,0.0,0.0,0
332,245000000.0,0,1718750.0,7116191.105493744,0,27.55901764240451,300.7022780143089,0,0.0,508468.0691024597,86923782572.92273,190625.0,8692378257292.273,8095629.998880846,7.86712917033583e-09,0,0,1,0.0,0.0,0
333,245000000.0,0,1718750.0,7133077.173521998,0,27.558880962321464,300.7022780143089,0,0.0,508468.0691024597,86923782572.92273,190625.0,8692378257292.273,8095629.998880846,7.86712917033583e-09,0,0,1,0.0,0.0,0
334,245000000.0,0,1718750.0,7149631.097891382,0,27.558520674401787,300.6999737509843,0,0.0,508468.0691024597,86923782572.92273,190625.0,8692378257292.273,8093810.418119615,7.97626853454858e-09,0,0,1,0.0,0.0,0
335,245000000.0,0,1718750.0,7166185.002304084,0,27.55838621872096,300.6999737509843,0,0.0,508468.0691024597,86923782572.92273,190625.0,8692378257292.273,8093810.418119615,7.97626853454858e-09,0,0,1,0.0,0.0,0
336,245000000.0,0,1718750.0,7184189.597438875,0,27.558008990685845,300.6976845593686,0,0.0,506684.0692680773,86338261699.20477,190625.0,8633826169920.478,8149604.728978031,6.441041477955878e-09,0,0,1,0.0,0.0,0
337,245000000.0,0,1718750.0,7202669.99325407,0,27.557856343055267,300.6976845593686,0,0.0,506684.0692680773,86338261699.20477,190625.0,8633826169920.478,8187431.720321577,3.734385245479643e-09,0,0,1,0.0,0.0,0
338,245000000.0,0,1718750.0,7220917.233916606,0,27.557483620379102,300.6954102920723,0,0.0,506684.0692680773,86338261699.20477,190625.0,8633826169920.478,8170647.250237808,3.1468516681343317e-09,0,0,1,0.0,0.0,0
339,245000000.0,0,1718750.0,7239164.457153235,0,27.557333842341333,300.6954102920723,0,0.0,506684.0692680773,86338261699.20477,190625.0,8633826169920.478,8170647.250237808,3.1468516681343317e-09,0,0,1,0.0,0.0,0
340,245000000.0,0,1718750.0,7257411.645336414,0,27.55696552296553,300.69315080362173,0,0.0,506684.0692680773,86338261699.20477,190625.0,8633826169920.478,8170647.250237808,3.1468516681343317e-09,0,0,1,0.0,0.0,0
341,245000000.0,0,1718750.0,7275658.817236055,0,27.55681853289801,300.69315080362173,0,0.0,506684.0692680773,86338261699.20477,190625.0,8633826169920.478,8170647.250237808,3.1468516681343317e-09,0,0,1,0.0,0.0,0
342,245000000.0,0,1718750.0,7293905.956380193,0,27.55645451830367,300.6909059504275,0,0.0,506684.0692680773,86338261699.20477,190625.0,8633826169920.478,8170647.250237808,3.1468516681343317e-09,0,0,1,0.0,0.0,0
343,245000000.0,0,1718750.0,7312153.080308269,0,27.556310237698536,300.6909059504275,0,0.0,506684.0692680773,86338261699.20477,190625.0,8633826169920.478,8170647.250237808,3.1468516681343317e-09,0,0,1,0.0,0.0,0
344,245000000.0,0,1718750.0,7330400.173628148,0,27.555950432743273,300.68867559075454,0,0.0,506684.0692680773,86338261699.20477,190625.0,8633826169920.478,8170647.250237808,3.1468516681343317e-09,0,0,1,0.0,0.0,0
345,245000000.0,0,1718750.0,7348647.252767817,0,27.555808786058343,300.68867559075454,0,0.0,506684.0685777034,86338261473.85098,190625.0,8633826147385.099,8170647.252999303,3.423338057473302e-09,0,0,1,0.0,0.0,0
346,245000000.0,0,1718750.0,7366895.877223334,0,27.55545309882232,300.68645958469193,0,0.0,506684.0685777034,86338261473.85098,190625.0,8633826147385.099,8170760.576440632,3.030436346307397e-09,0,0,1,0.0,0.0,0
347,245000000.0,0,1718750.0,7382641.230825599,0,27.555368729135964,300.68645958469193,0,0.0,507342.4896315463,86553618634.15598,190625.0,8655361863415.598,8098591.133168036,3.117747837677598e-09,0,0,1,0.0,0.0,0
348,245000000.0,0,1718750.0,7397095.241405403,0,27.555111781956654,300.68425779412394,0,0.0,507342.4896315463,86553618634.15598,190625.0,8655361863415.598,8098591.133168036,3.117747837677598e-09,0,0,1,0.0,0.0,0
349,245000000.0,0,1718750.0,7411034.986447579,0,27.55505540465318,300.68425779412394,0,0.0,507342.4896315463,86553618634.15598,190625.0,8655361863415.598,8098591.133168036,3.117747837677598e-09,0,0,1,0.0,0.0,0
350,245000000.0,0,1718750.0,7424974.694638263,0,27.554800507561517,300.682070082701,0,0.0,507342.4896315463,86553618634.15598,190625.0,8655361863415.598,8098591.133168036,3.117747837677598e-09,0,0,1,0.0,0.0,0
351,245000000.0,0,1718750.0,7438914.3920535715,0,27.55474489121264,300.682070082701,0,0.0,507342.4896315463,86553618634.15598,190625.0,8655361863415.598,8098591.133168036,3.117747837677598e-09,0,0,1,0.0,0.0,0
352,245000000.0,0,1718750.0,7452803.667704387,0,27.55449201628445,300.67989631581185,0,0.0,508249.46155033447,86851691881.5919,190625.0,8685169188159.19,8094963.245492883,2.6520865503698587e-09,0,0,1,0.0,0.0,0
353,245000000.0,0,1718750.0,7468750.79885097,0,27.554437145505702,300.67989631581185,0,0.0,482104.1653557302,79197582031.88873,190625.0,7919758203188.873,8199544.4302713005,1.7025740817189217e-09,0,0,1,0.0,0.0,0
354,245000000.0,0,1718750.0,7483957.941176791,0,27.554186265401043,300.67773636055574,0,0.0,482241.83283210994,79233934755.64404,190625.0,7923393475564.404,8198833.4793502595,4.423782229423523e-09,0,0,1,0.0,0.0,0
355,245000000.0,0,1718750.0,7499168.898190265,0,27.5541321252236,300.67773636055574,0,0.0,482241.83283210994,79233934755.64404,190625.0,7923393475564.404,8198833.4793502595,4.423782229423523e-09,0,0,1,0.0,0.0,0
356,245000000.0,0,1718750.0,7514379.825134976,0,27.55388321316955,300.6755900857155,0,0.0,482241.83283210994,79233934755.64404,190625.0,7923393475564.404,8198833.4793502595,4.423782229423523e-09,0,0,1,0.0,0.0,0
357,245000000.0,0,1718750.0,7529590.743287585,0,27.553829789026086,300.6755900857155,0,0.0,482241.83283210994,79233934755.64404,190625.0,7923393475564.404,8198833.4793502595,4.423782229423523e-09,0,0,1,0.0,0.0,0
358,245000000.0,0,1718750.0,7544800.1277163755,0,27.553582818800145,300.6734573617308,0,0.0,482259.9003468699,79238708510.13832,190625.0,7923870851013.832,8198761.20929122,6.28642737865448e-09,0,0,1,0.0,0.0,0
359,245000000.0,0,1718750.0,7560010.005804841,0,27.55353009651138,300.6734573617308,0,0.0,482259.9003468699,79238708510.13832,190625.0,7923870851013.832,8198761.20929122,6.28642737865448e-09,0,0,1,0.0,0.0,0
360,245000000.0,0,1718750.0,7575219.857635505,0,27.553285042425536,300.67133806067216,0,0.0,482259.90038596257,79238708522.61023,190625.0,7923870852261.023,8198761.209134849,6.15909812040627e-09,0,0,1,0.0,0.0,0
361,245000000.0,0,1718750.0,7590429.701790105,0,27.553233008187227,300.67133806067216,0,0.0,482259.90038596257,79238708522.61023,190625.0,7923870852261.023,8198761.209134849,6.15909812040627e-09,0,0,1,0.0,0.0,0
362,245000000.0,0,1718750.0,7605639.521410273,0,27.552989845072613,300.6692320562155,0,0.0,482259.90038596257,79238708522.61023,190625.0,7923870852261.023,8198761.209134849,6.15909812040627e-09,0,0,1,0.0,0.0,0
363,245000000.0,0,1718750.0,7620849.333856574,0,27.55293848544311,300.6692320562155,0,0.0,482259.90038596257,79238708522.61023,190625.0,7923870852261.023,8198761.209134849,6.15909812040627e-09,0,0,1,0.0,0.0,0
364,245000000.0,0,1718750.0,7635398.03162506,0,27.552729702603212,300.66713922361674,0,0.0,482259.90038596257,79238708522.61023,190625.0,7923870852261.023,8198761.209134849,6.15909812040627e-09,0,0,1,0.0,0.0,0
365,245000000.0,0,1718750.0,7649572.073060176,0,27.55272967595155,300.66713922361674,0,0.0,482259.90038596257,79238708522.61023,190625.0,7923870852261.023,8198761.209134849,6.15909812040627e-09,0,0,1,0.0,0.0,0
366,245000000.0,0,1718750.0,7663746.091497402,0,27.55254056766827,300.6650594396874,0,0.0,482259.90038596257,79238708522.61023,190625.0,7923870852261.023,8198761.209134849,6.15909812040627e-09,0,0,1,0.0,0.0,0
367,245000000.0,0,1718750.0,7677920.173082825,0,27.55254054276378,300.6650594396874,0,0.0,482258.623563383,79238301174.19235,190625.0,7923830117419.235,8198766.316425167,6.333721103146672e-09,0,0,1,0.0,0.0,0
368,245000000.0,0,1718750.0,7693555.694911897,0,27.552352612090125,300.66299258277047,0,0.0,482258.623563383,79238301174.19235,190625.0,7923830117419.235,8268245.276875774,5.9371814131736755e-09,0,0,1,0.0,0.0,0
369,245000000.0,0,1718750.0,7709186.702191348,0,27.552352588818284,300.66299258277047,0,0.0,482258.623563383,79238301174.19235,190625.0,7923830117419.235,8268028.927739485,4.8603396862745285e-09,0,0,1,0.0,0.0,0
370,245000000.0,0,1718750.0,7724817.021593943,0,27.5521658246725,300.66093853271644,0,0.0,482258.623563383,79238301174.19235,190625.0,7923830117419.235,8267980.846469987,2.764863893389702e-09,0,0,1,0.0,0.0,0
371,245000000.0,0,1718750.0,7740447.33419757,0,27.552165802926265,300.66093853271644,0,0.0,482258.623563383,79238301174.19235,190625.0,7923830117419.235,8267980.846469987,2.764863893389702e-09,0,0,1,0.0,0.0,0
372,245000000.0,0,1718750.0,7756075.690828938,0,27.551980194371957,300.65889717086026,0,0.0,482258.623563383,79238301174.19235,190625.0,7923830117419.235,8267841.36754717,3.5652192309498787e-09,0,0,1,0.0,0.0,0
373,245000000.0,0,1718750.0,7771704.041107047,0,27.55198017405132,300.65889717086026,0,0.0,482258.623563383,79238301174.19235,190625.0,7923830117419.235,8267841.36754717,3.5652192309498787e-09,0,0,1,0.0,0.0,0
374,245000000.0,0,1718750.0,7787181.714857282,0,27.55179571029471,300.65686837999834,0,0.0,482258.623563383,79238301174.19235,190625.0,7923830117419.235,8256993.920049103,3.7034624256193638e-09,0,0,1,0.0,0.0,0
375,245000000.0,0,1718750.0,7802659.382670752,0,27.551795691306207,300.65686837999834,0,0.0,482258.623563383,79238301174.19235,190625.0,7923830117419.235,8256993.920049103,3.7034624256193638e-09,0,0,1,0.0,0.0,0
376,245000000.0,0,1718750.0,7816559.845617903,0,27.551612361693447,300.65485204436624,0,0.0,501184.8853350743,84597497035.61234,190625.0,8459749703561.233,8181288.872962337,1.6661942936480045e-09,0,0,1,0.0,0.0,0
377,245000000.0,0,1718750.0,7830986.0325111365,0,27.551612343949753,300.65485204436624,0,0.0,501184.8853350743,84597497035.61234,190625.0,8459749703561.233,8181288.872962337,1.6661942936480045e-09,0,0,1,0.0,0.0,0
378,245000000.0,0,1718750.0,7845412.2040931815,0,27.551430137964328,300.65284804961647,0,0.0,501184.8853350743,84597497035.61234,190625.0,8459749703561.233,8181288.872962337,1.6661942936480045e-09,0,0,1,0.0,0.0,0
379,245000000.0,0,1718750.0,7859933.670194775,0,27.55143012138384,300.65284804961647,0,0.0,500041.28889361327,84253337924.69041,190625.0,8425333792469.041,8185863.258728182,1.6661942936480045e-09,0,0,1,0.0,0.0,0
380,245000000.0,0,1718750.0,7874423.355421096,0,27.551249028644044,300.65085628279706,0,0.0,500041.28889361327,84253337924.69041,190625.0,8425333792469.041,8185863.258728182,1.6661942936480045e-09,0,0,1,0.0,0.0,0
381,245000000.0,0,1718750.0,7888913.035803343,0,27.551249013150503,300.65085628279706,0,0.0,500041.28889361327,84253337924.69041,190625.0,8425333792469.041,8185863.258728182,1.6661942936480045e-09,0,0,1,0.0,0.0,0
382,245000000.0,0,1718750.0,7903402.3527882,0,27.55106902340699,300.64887663233026,0,0.0,500041.28889361327,84253337924.69041,190625.0,8425333792469.041,8185838.056721544,2.2610038286074996e-09,0,0,1,0.0,0.0,0
383,245000000.0,0,1718750.0,7917891.66524654,0,27.55106900892914,300.64887663233026,0,0.0,500041.28889361327,84253337924.69041,190625.0,8425333792469.041,8185838.056721544,2.2610038286074996e-09,0,0,1,0.0,0.0,0
384,245000000.0,0,1718750.0,7932380.965211805,0,27.55089011206255,300.64690898799176,0,0.0,500041.28889361327,84253337924.69041,190625.0,8425333792469.041,8185838.056721541,4.793037078343332e-09,0,0,1,0.0,0.0,0
385,245000000.0,0,1718750.0,7946870.260947292,0,27.550890098533806,300.64690898799176,0,0.0,500041.28889361327,84253337924.69041,190625.0,8425333792469.041,8185838.056721541,4.793037078343332e-09,0,0,1,0.0,0.0,0
386,245000000.0,0,1718750.0,7961359.545008696,0,27.550712284552425,300.64495324089006,0,0.0,500041.28889361327,84253337924.69041,190625.0,8425333792469.041,8185838.056721541,4.793037078343332e-09,0,0,1,0.0,0.0,0
387,245000000.0,0,1718750.0,7975848.825117605,0,27.55071227191058,300.64495324089006,0,0.0,500041.28889361327,84253337924.69041,190625.0,8425333792469.041,8185838.056721541,4.793037078343332e-09,0,0,1,0.0,0.0,0
388,245000000.0,0,1718750.0,7990338.0943177305,0,27.550535530948117,300.64300928344653,0,0.0,500041.28889361327,84253337924.69041,190625.0,8425333792469.041,8185838.056721541,4.793037078343332e-09,0,0,1,0.0,0.0,0
389,245000000.0,0,1718750.0,8004827.359824472,0,27.55053551913501,300.64300928344653,0,0.0,500041.28889361327,84253337924.69041,190625.0,8425333792469.041,8185838.056721541,4.793037078343332e-09,0,0,1,0.0,0.0,0
390,245000000.0,0,1718750.0,8019316.615137562,0,27.550359841448415,300.64107700937575,0,0.0,500041.28889361327,84253337924.69041,190625.0,8425333792469.041,8185838.056721541,4.793037078343332e-09,0,0,1,0.0,0.0,0
391,245000000.0,0,1718750.0,8033805.866999388,0,27.55035983040972,300.64107700937575,0,0.0,500041.28889361327,84253337924.69041,190625.0,8425333792469.041,8185838.056721541,4.793037078343332e-09,0,0,1,0.0,0.0,0
392,245000000.0,0,1718750.0,8048295.109335814,0,27.550185206377,300.639156313666,0,0.0,500041.28889361327,84253337924.69041,190625.0,8425333792469.041,8185838.056721541,4.793037078343332e-09,0,0,1,0.0,0.0,0
393,245000000.0,0,1718750.0,8063121.01832969,0,27.550185196061967,300.639156313666,0,0.0,500041.28889361327,84253337924.69041,190625.0,8425333792469.041,8201998.211079805,6.277332431636751e-09,0,0,1,0.0,0.0,0
394,245000000.0,0,1718750.0,8077946.918422605,0,27.550011616180143,300.63724709256013,0,0.0,500041.28889361327,84253337924.69041,190625.0,8425333792469.041,8201998.211079805,6.277332431636751e-09,0,0,1,0.0,0.0,0
395,245000000.0,0,1718750.0,8093355.81348403,0,27.550011606541315,300.63724709256013,0,0.0,500041.28889361327,84253337924.69041,190625.0,8425333792469.041,8244187.603277168,4.915818863082677e-09,0,0,1,0.0,0.0,0
396,245000000.0,0,1718750.0,8108765.430859085,0,27.549839061424418,300.6353492435373,0,0.0,500041.28889361327,84253337924.69041,190625.0,8425333792469.041,8244239.24583619,1.8308128346689045e-09,0,0,1,0.0,0.0,0
397,245000000.0,0,1718750.0,8124175.045418102,0,27.54983905241747,300.6353492435373,0,0.0,500041.28889361327,84253337924.69041,190625.0,8425333792469.041,8244239.24583619,1.8308128346689045e-09,0,0,1,0.0,0.0,0
398,245000000.0,0,1718750.0,8139583.325316247,0,27.549667532794547,300.6334626652942,0,0.0,500041.28889361327,84253337924.69041,190625.0,8425333792469.041,8244143.709851467,2.5293047656305134e-09,0,0,1,0.0,0.0,0
399,245000000.0,0,1718750.0,8154999.046542521,0,27.54966752437806,300.6334626652942,0,0.0,499951.96137886157,84226565430.42607,190625.0,8422656543042.607,8244501.019910474,4.304638423491269e-09,0,0,1,0.0,0.0,0
400,245000000.0,0,1718750.0,8170412.279186253,0,27.549497021091227,300.63158725772706,0,0.0,499951.96137886157,84226565430.42607,190625.0,8422656543042.607,8244501.019910474,4.304638423491269e-09,0,0,1,0.0,0.0,0
401,245000000.0,0,1718750.0,8185667.6504446305,0,27.549497013226485,300.63158725772706,0,0.0,499951.96137886157,84226565430.42607,190625.0,8422656543042.607,8233135.177207194,6.0508682508952916e-09,0,0,1,0.0,0.0,0
402,245000000.0,0,1718750.0,8200923.014916428,0,27.54932751722912,300.6297229219144,0,0.0,499951.96137886157,84226565430.42607,190625.0,8422656543042.607,8233135.177207194,6.0508682508952916e-09,0,0,1,0.0,0.0,0
403,245000000.0,0,1718750.0,8218418.981432509,0,27.54932652996591,300.6297229219144,0,0.0,499951.96137886157,84226565430.42607,190625.0,8422656543042.607,8352755.969727719,3.6061464925296605e-09,0,0,1,0.0,0.0,0
404,245000000.0,0,1718750.0,8235657.608107401,0,27.549159012234796,300.6278695600989,0,0.0,499951.96137886157,84226565430.42607,190625.0,8422656543042.607,8335258.861352962,5.352376319933683e-09,0,0,1,0.0,0.0,0
405,245000000.0,0,1718750.0,8252903.391687904,0,27.549159005367414,300.6278695600989,0,0.0,499951.96137886157,84226565430.42607,190625.0,8422656543042.607,8335258.861352962,5.352376319933683e-09,0,0,1,0.0,0.0,0
406,245000000.0,0,1718750.0,8269849.793092393,0,27.54899149724483,300.626027075671,0,0.0,503544.4763795894,85315869179.08641,190625.0,8531586917908.641,8320888.801350051,3.5770426620729268e-09,0,0,1,0.0,0.0,0
407,245000000.0,0,1718750.0,8286895.984573894,0,27.548991490827643,300.626027075671,0,0.0,503544.4763795894,85315869179.08641,190625.0,8531586917908.641,8320888.801350051,3.5770426620729268e-09,0,0,1,0.0,0.0,0
408,245000000.0,0,1718750.0,8305420.332672102,0,27.548762706838374,300.6241953731518,0,0.0,503544.4763795894,85315869179.08641,190625.0,8531586917908.641,8394491.876815505,6.676600605715066e-09,0,0,1,0.0,0.0,0
409,245000000.0,0,1718750.0,8323944.679114784,0,27.548700738280555,300.6241953731518,0,0.0,503544.4763795894,85315869179.08641,190625.0,8531586917908.641,8394491.876815505,6.676600605715066e-09,0,0,1,0.0,0.0,0
410,245000000.0,0,1718750.0,8342469.020594995,0,27.548473512600278,300.62237435817644,0,0.0,503544.4763795894,85315869179.08641,190625.0,8531586917908.641,8394491.876815505,6.676600605715066e-09,0,0,1,0.0,0.0,0
411,245000000.0,0,1718750.0,8360913.94962528,0,27.548412126427834,300.62237435817644,0,0.0,503544.4763795894,85315869179.08641,190625.0,8531586917908.641,8388774.29180513,5.003130354452878e-09,0,0,1,0.0,0.0,0
412,245000000.0,0,1718750.0,8379358.874018414,0,27.54818644230321,300.6205639374782,0,0.0,503544.4763795894,85315869179.08641,190625.0,8531586917908.641,8388774.29180513,5.003130354452878e-09,0,0,1,0.0,0.0,0
413,245000000.0,0,1718750.0,8397799.825344494,0,27.5481256303313,300.6205639374782,0,0.0,503544.4763795894,85315869179.08641,190625.0,8531586917908.641,8388488.335059296,4.981302481610328e-09,0,0,1,0.0,0.0,0
414,245000000.0,0,1718750.0,8416240.772337409,0,27.54790147126329,300.6187640188723,0,0.0,503544.4763795894,85315869179.08641,190625.0,8531586917908.641,8388488.335059296,4.981302481610328e-09,0,0,1,0.0,0.0,0
415,245000000.0,0,1718750.0,8434681.717979504,0,27.54784122546044,300.6187640188723,0,0.0,503544.4763795894,85315869179.08641,190625.0,8531586917908.641,8388488.335059296,4.981302481610328e-09,0,0,1,0.0,0.0,0
416,245000000.0,0,1718750.0,8453122.659572497,0,27.547618575199284,300.6169745112405,0,0.0,503544.4763795894,85315869179.08641,190625.0,8531586917908.641,8388488.335059296,4.981302481610328e-09,0,0,1,0.0,0.0,0
417,245000000.0,0,1718750.0,8471563.59990323,0,27.547558887683774,300.6169745112405,0,0.0,503544.4763795894,85315869179.08641,190625.0,8531586917908.641,8388488.335059296,4.981302481610328e-09,0,0,1,0.0,0.0,0
418,245000000.0,0,1718750.0,8490004.536450299,0,27.547337730223855,300.6151953245155,0,0.0,503544.4763795894,85315869179.08641,190625.0,8531586917908.641,8388488.335059296,4.981302481610328e-09,0,0,1,0.0,0.0,0
419,245000000.0,0,1718750.0,8508445.54377039,0,27.54727859015653,300.6151953245155,0,0.0,503544.4763795894,85315869179.08641,190625.0,8531586917908.641,8388491.78878102,2.01271177502349e-09,0,0,1,0.0,0.0,0
420,245000000.0,0,1718750.0,8526886.547554858,0,27.547058906656442,300.61342636966606,0,0.0,503544.4763795894,85315869179.08641,190625.0,8531586917908.641,8388491.78878102,1.547050487715751e-09,0,0,1,0.0,0.0,0
421,245000000.0,0,1718750.0,8545327.55023714,0,27.547000309605178,300.61342636966606,0,0.0,503544.4763795894,85315869179.08641,190625.0,8531586917908.641,8388491.78878102,1.547050487715751e-09,0,0,1,0.0,0.0,0
422,245000000.0,0,1718750.0,8563788.739665102,0,27.546782087664607,300.61166755868186,0,0.0,503181.05548808223,85200058494.77563,190625.0,8520005849477.563,8389945.472347049,1.3724275049753487e-09,0,0,1,0.0,0.0,0
423,245000000.0,0,1718750.0,8582239.833038364,0,27.54672402617514,300.61166755868186,0,0.0,503181.05548808223,85200058494.77563,190625.0,8520005849477.563,8389945.472347049,1.3724275049753487e-09,0,0,1,0.0,0.0,0
424,245000000.0,0,1718750.0,8600690.923324373,0,27.546507250491207,300.60991880455913,0,0.0,503181.05548808223,85200058494.77563,190625.0,8520005849477.563,8389945.472347049,1.3724275049753487e-09,0,0,1,0.0,0.0,0
425,245000000.0,0,1718750.0,8619142.012647962,0,27.546449717245604,300.60991880455913,0,0.0,503181.05548808223,85200058494.77563,190625.0,8520005849477.563,8389945.472347049,1.3724275049753487e-09,0,0,1,0.0,0.0,0
426,245000000.0,0,1718750.0,8637593.099086683,0,27.546234372740876,300.6081800212863,0,0.0,503181.05548808223,85200058494.77563,190625.0,8520005849477.563,8389945.472347049,1.3724275049753487e-09,0,0,1,0.0,0.0,0
427,245000000.0,0,1718750.0,8656044.184626076,0,27.546177360554417,300.6081800212863,0,0.0,503181.05548808223,85200058494.77563,190625.0,8520005849477.563,8389945.472347049,1.3724275049753487e-09,0,0,1,0.0,0.0,0
428,245000000.0,0,1718750.0,8674495.267469719,0,27.545963432372535,300.60645112382974,0,0.0,503181.05548808223,85200058494.77563,190625.0,8520005849477.563,8389945.472347049,1.3724275049753487e-09,0,0,1,0.0,0.0,0
429,245000000.0,0,1718750.0,8692946.34947299,0,27.545906934190647,300.60645112382974,0,0.0,503181.05548808223,85200058494.77563,190625.0,8520005849477.563,8389945.472347049,1.3724275049753487e-09,0,0,1,0.0,0.0,0
430,245000000.0,0,1718750.0,8711397.428957235,0,27.545694407692,300.60473202812005,0,0.0,503181.05548808223,85200058494.77563,190625.0,8520005849477.563,8389945.472347049,1.3724275049753487e-09,0,0,1,0.0,0.0,0
431,245000000.0,0,1718750.0,8729848.507656194,0,27.545638416587327,300.60473202812005,0,0.0,503181.05548808223,85200058494.77563,190625.0,8520005849477.563,8389945.472347049,1.3724275049753487e-09,0,0,1,0.0,0.0,0
432,245000000.0,0,1718750.0,8748299.584001265,0,27.54542727734491,300.6030226510383,0,0.0,503181.05548808223,85200058494.77563,190625.0,8520005849477.563,8389945.472347049,1.3724275049753487e-09,0,0,1,0.0,0.0,0
433,245000000.0,0,1718750.0,8765990.637185508,0,27.54537178651442,300.6030226510383,0,0.0,503181.05548808223,85200058494.77563,190625.0,8520005849477.563,8353464.395849655,4.282810550648719e-09,0,0,1,0.0,0.0,0
434,245000000.0,0,1718750.0,8783681.71286286,0,27.545162019314663,300.60132291040287,0,0.0,503181.05548808223,85200058494.77563,190625.0,8520005849477.563,8353465.58109891,4.282810550648719e-09,0,0,1,0.0,0.0,0
435,245000000.0,0,1718750.0,8801372.787854519,0,27.545107021090654,300.60132291040287,0,0.0,503181.05548808223,85200058494.77563,190625.0,8520005849477.563,8353465.58109891,4.282810550648719e-09,0,0,1,0.0,0.0,0
436,245000000.0,0,1718750.0,8819063.860790787,0,27.54489861293223,300.59963272495594,0,0.0,503181.05548808223,85200058494.77563,190625.0,8520005849477.563,8353465.58109891,4.282810550648719e-09,0,0,1,0.0,0.0,0
437,245000000.0,0,1718750.0,8836754.933086313,0,27.54484410175563,300.59963272495594,0,0.0,503181.05548808223,85200058494.77563,190625.0,8520005849477.563,8353465.58109891,4.282810550648719e-09,0,0,1,0.0,0.0,0
438,245000000.0,0,1718750.0,8853313.82702142,0,27.544679693451567,300.5979520143508,0,0.0,504199.38947060076,85525236080.56705,190625.0,8552523608056.705,8297763.333346538,7.302332960534841e-09,0,0,1,0.0,0.0,0
439,245000000.0,0,1718750.0,8869901.019493967,0,27.544668089049228,300.5979520143508,0,0.0,504199.2444973063,85525191601.71957,190625.0,8552519160171.957,8297763.913239716,7.302332960534841e-09,0,0,1,0.0,0.0,0
440,245000000.0,0,1718750.0,8886488.20614474,0,27.544504557015454,300.59628069913913,0,0.0,504199.2444973063,85525191601.71957,190625.0,8552519160171.957,8297763.913239716,7.302332960534841e-09,0,0,1,0.0,0.0,0
441,245000000.0,0,1718750.0,8903075.392236028,0,27.54449297465716,300.59628069913913,0,0.0,504199.2444973063,85525191601.71957,190625.0,8552519160171.957,8297763.913239716,7.302332960534841e-09,0,0,1,0.0,0.0,0
442,245000000.0,0,1718750.0,8918876.075205369,0,27.544330311676962,300.59461870075813,0,0.0,513637.26183566113,88509917877.00163,190625.0,8850991787700.164,8260011.843886297,8.990355127025396e-09,0,0,1,0.0,0.0,0
443,245000000.0,0,1718750.0,8935224.781122165,0,27.54431875129268,300.59461870075813,0,0.0,509977.9937612938,87331132239.10442,190625.0,8733113223910.441,8274648.916183766,8.022652764339e-09,0,0,1,0.0,0.0,0
444,245000000.0,0,1718750.0,8951471.839136424,0,27.544156950229816,300.59296594151874,0,0.0,509977.9937612938,87331132239.10442,190625.0,8733113223910.441,8274648.916183766,8.022652764339e-09,0,0,1,0.0,0.0,0
445,245000000.0,0,1718750.0,8967718.896662142,0,27.54414541175026,300.59296594151874,0,0.0,509977.99376134336,87331132239.12021,190625.0,8733113223912.0205,8274648.916183568,7.207745511550456e-09,0,0,1,0.0,0.0,0
446,245000000.0,0,1718750.0,8983965.952685105,0,27.543984465547783,300.5913223445931,0,0.0,509977.9944517173,87331132459.32706,190625.0,8733113245932.706,8274648.913422072,7.149537850636989e-09,0,0,1,0.0,0.0,0
447,245000000.0,0,1718750.0,9000213.00827073,0,27.54397294890438,300.5913223445931,0,0.0,509977.9944517173,87331132459.32706,190625.0,8733113245932.706,8274648.913422072,7.149537850636989e-09,0,0,1,0.0,0.0,0
448,245000000.0,0,1718750.0,9016460.06248795,0,27.543812850583517,300.58968783400286,0,0.0,509977.9944517173,87331132459.32706,190625.0,8733113245932.706,8274648.913422072,7.149537850636989e-09,0,0,1,0.0,0.0,0
449,245000000.0,0,1718750.0,9032707.116278587,0,27.543801355708407,300.58968783400286,0,0.0,509977.9944517173,87331132459.32706,190625.0,8733113245932.706,8274648.913422072,7.149537850636989e-09,0,0,1,0.0,0.0,0
450,245000000.0,0,1718750.0,9048954.168790525,0,27.543642098367442,300.58806233460746,0,0.0,509977.9944517173,87331132459.32706,190625.0,8733113245932.706,8274648.913422072,7.149537850636989e-09,0,0,1,0.0,0.0,0
451,245000000.0,0,1718750.0,9065371.282023165,0,27.543630625193394,300.58806233460746,0,0.0,506916.8943039535,86364111321.74976,190625.0,8636411132174.976,8286893.314013127,8.080860425252467e-09,0,0,1,0.0,0.0,0
452,245000000.0,0,1718750.0,9081703.363501268,0,27.54347220200658,300.58644577209253,0,0.0,506916.8943039535,86364111321.74976,190625.0,8636411132174.976,8286893.314013127,8.080860425252467e-09,0,0,1,0.0,0.0,0
453,245000000.0,0,1718750.0,9098035.444606883,0,27.543460750467002,300.58644577209253,0,0.0,506916.8943039535,86364111321.74976,190625.0,8636411132174.976,8286893.314013127,8.080860425252467e-09,0,0,1,0.0,0.0,0
454,245000000.0,0,1718750.0,9114367.524595961,0,27.543303154683464,300.5848380729586,0,0.0,506916.8943039535,86364111321.74976,190625.0,8636411132174.976,8286893.314013127,8.080860425252467e-09,0,0,1,0.0,0.0,0
455,245000000.0,0,1718750.0,9130699.604236968,0,27.543291724712386,300.5848380729586,0,0.0,506916.8943039535,86364111321.74976,190625.0,8636411132174.976,8286893.314013127,8.080860425252467e-09,0,0,1,0.0,0.0,0
456,245000000.0,0,1718750.0,9147031.682834625,0,27.543134949655112,300.5832391645099,0,0.0,506916.8943039535,86364111321.74976,190625.0,8636411132174.976,8286893.314013127,8.080860425252467e-09,0,0,1,0.0,0.0,0
457,245000000.0,0,1718750.0,9163363.761107033,0,27.543123541187096,300.5832391645099,0,0.0,506916.8943039535,86364111321.74976,190625.0,8636411132174.976,8286893.314013127,8.080860425252467e-09,0,0,1,0.0,0.0,0
458,245000000.0,0,1718750.0,9178642.231268033,0,27.543008723889294,300.5816489748437,0,0.0,506916.8943039535,86364111321.74976,190625.0,8636411132174.976,8236320.171463146,5.214133125264198e-09,0,0,1,0.0,0.0,0
459,245000000.0,0,1718750.0,9193920.701125104,0,27.543038542691523,300.5816489748437,0,0.0,506916.8943039535,86364111321.74976,190625.0,8636411132174.976,8236320.171463146,5.214133125264198e-09,0,0,1,0.0,0.0,0
460,245000000.0,0,1718750.0,9209199.170071136,0,27.542924657655718,300.5800674328391,0,0.0,506916.8943039535,86364111321.74976,190625.0,8636411132174.976,8236320.171463146,5.214133125264198e-09,0,0,1,0.0,0.0,0
461,245000000.0,0,1718750.0,9224477.638733169,0,27.542954623071704,300.5800674328391,0,0.0,506916.8943039535,86364111321.74976,190625.0,8636411132174.976,8236320.171463146,5.214133125264198e-09,0,0,1,0.0,0.0,0
462,245000000.0,0,1718750.0,9239756.106543884,0,27.5428416649739,300.57849446814663,0,0.0,506916.8943039535,86364111321.74976,190625.0,8636411132174.976,8236320.171463146,5.214133125264198e-09,0,0,1,0.0,0.0,0
463,245000000.0,0,1718750.0,9255034.574089214,0,27.542871778082613,300.57849446814663,0,0.0,506916.8943039535,86364111321.74976,190625.0,8636411132174.976,8236320.171463146,5.214133125264198e-09,0,0,1,0.0,0.0,0
464,245000000.0,0,1718750.0,9270313.040839039,0,27.542759741679063,300.57693001117804,0,0.0,506916.8943039535,86364111321.74976,190625.0,8636411132174.976,8236320.171463146,5.214133125264198e-09,0,0,1,0.0,0.0,0
465,245000000.0,0,1718750.0,9285591.507340878,0,27.542790003570463,300.57693001117804,0,0.0,506916.8943039535,86364111321.74976,190625.0,8636411132174.976,8236320.171463146,5.214133125264198e-09,0,0,1,0.0,0.0,0
466,245000000.0,0,1718750.0,9301109.740637802,0,27.542669322266025,300.5753739930955,0,0.0,506916.8943039535,86364111321.74976,190625.0,8636411132174.976,8247829.013308536,5.490619514603168e-09,0,0,1,0.0,0.0,0
467,245000000.0,0,1718750.0,9316627.973702999,0,27.542690132741697,300.5753739930955,0,0.0,506916.8943039535,86364111321.74976,190625.0,8636411132174.976,8247829.013308536,5.490619514603168e-09,0,0,1,0.0,0.0,0
468,245000000.0,0,1718750.0,9333228.800367739,0,27.542570282954593,300.5738263458021,0,0.0,506916.8943039535,86364111321.74976,190625.0,8636411132174.976,8325775.802488781,5.122274160385132e-09,0,0,1,0.0,0.0,0
469,245000000.0,0,1718750.0,9349829.626815937,0,27.542591164119514,300.5738263458021,0,0.0,506916.8943039535,86364111321.74976,190625.0,8636411132174.976,8325775.802488781,5.122274160385132e-09,0,0,1,0.0,0.0,0
470,245000000.0,0,1718750.0,9366558.02960621,0,27.542470107291365,300.57228700193144,0,0.0,505532.2931468166,85932862473.47498,190625.0,8593286247347.498,8333745.6329405075,7.174094207584858e-09,0,0,1,0.0,0.0,0
471,245000000.0,0,1718750.0,9383247.971050879,0,27.5424890201387,300.57228700193144,0,0.0,505532.2931468166,85932862473.47498,190625.0,8593286247347.498,8333745.6329405075,7.174094207584858e-09,0,0,1,0.0,0.0,0
472,245000000.0,0,1718750.0,9399937.911889015,0,27.54236877018102,300.5707558948382,0,0.0,505532.2931468166,85932862473.47498,190625.0,8593286247347.498,8333745.6329405075,1.2179953046143055e-08,0,0,1,0.0,0.0,0
473,245000000.0,0,1718750.0,9416627.85253807,0,27.542387741211392,300.5707558948382,0,0.0,505532.2931468166,85932862473.47498,190625.0,8593286247347.498,8333745.6329405075,7.174094207584858e-09,0,0,1,0.0,0.0,0
474,245000000.0,0,1718750.0,9433317.79262035,0,27.542268292393658,300.5692329585883,0,0.0,505532.2931468166,85932862473.47498,190625.0,8593286247347.498,8333745.6329405075,7.174094207584858e-09,0,0,1,0.0,0.0,0
475,245000000.0,0,1718750.0,9450007.732525943,0,27.542287321872887,300.5692329585883,0,0.0,505532.2931468166,85932862473.47498,190625.0,8593286247347.498,8333745.6329405075,7.174094207584858e-09,0,0,1,0.0,0.0,0
476,245000000.0,0,1718750.0,9466697.671901917,0,27.5421686685303,300.5677181279495,0,0.0,505532.2931468166,85932862473.47498,190625.0,8593286247347.498,8333745.6329405075,7.174094207584858e-09,0,0,1,0.0,0.0,0
477,245000000.0,0,1718750.0,9483387.61111279,0,27.542187756726037,300.5677181279495,0,0.0,505532.2931468166,85932862473.47498,190625.0,8593286247347.498,8333745.6329405075,7.174094207584858e-09,0,0,1,0.0,0.0,0
478,245000000.0,0,1718750.0,9500261.55242791,0,27.542069893258688,300.56621133838206,0,0.0,505532.2931468166,85932862473.47498,190625.0,8593286247347.498,8346993.820078937,7.796188583597541e-09,0,0,1,0.0,0.0,0
479,245000000.0,0,1718750.0,9517135.493588747,0,27.542089040440427,300.56621133838206,0,0.0,505532.2931468166,85932862473.47498,190625.0,8593286247347.498,8346993.820078937,7.796188583597541e-09,0,0,1,0.0,0.0,0
480,245000000.0,0,1718750.0,9534009.43428713,0,27.541971961312434,300.5647125260297,0,0.0,505532.2931468166,85932862473.47498,190625.0,8593286247347.498,8346993.820078937,7.796188583597541e-09,0,0,1,0.0,0.0,0
481,245000000.0,0,1718750.0,9550883.374841351,0,27.541991167751494,300.5647125260297,0,0.0,505532.2931468166,85932862473.47498,190625.0,8593286247347.498,8346993.820078937,7.796188583597541e-09,0,0,1,0.0,0.0,0
482,245000000.0,0,1718750.0,9567757.314963428,0,27.541874867490204,300.5632216277105,0,0.0,505532.2931468166,85932862473.47498,190625.0,8593286247347.498,8346993.820078937,7.796188583597541e-09,0,0,1,0.0,0.0,0
483,245000000.0,0,1718750.0,9584631.280703118,0,27.54189413240548,300.5632216277105,0,0.0,505532.2931468166,85932862473.47498,190625.0,8593286247347.498,8346995.056190588,9.848008630797267e-09,0,0,1,0.0,0.0,0
484,245000000.0,0,1718750.0,9601503.726733817,0,27.541778604543104,300.5617385809079,0,0.0,505532.2931468166,85932862473.47498,190625.0,8593286247347.498,8346885.666217653,8.843926480039954e-09,0,0,1,0.0,0.0,0
485,245000000.0,0,1718750.0,9618376.17263863,0,27.541797929257317,300.5617385809079,0,0.0,505532.2931468166,85932862473.47498,190625.0,8593286247347.498,8346885.666217653,8.843926480039954e-09,0,0,1,0.0,0.0,0
486,245000000.0,0,1718750.0,9633939.257754685,0,27.5417371393558,300.5602633237622,0,0.0,505532.2931468166,85932862473.47498,190625.0,8593286247347.498,8284036.366469214,6.879417924210429e-09,0,0,1,0.0,0.0,0
487,245000000.0,0,1718750.0,9649502.342753103,0,27.541810896303694,300.5602633237622,0,0.0,505532.2931468166,85932862473.47498,190625.0,8593286247347.498,8284036.366469214,6.879417924210429e-09,0,0,1,0.0,0.0,0
488,245000000.0,0,1718750.0,9665065.427398926,0,27.54175167757751,300.55879579506166,0,0.0,505532.2931468166,85932862473.47498,190625.0,8593286247347.498,8284036.366469214,6.879417924210429e-09,0,0,1,0.0,0.0,0
489,245000000.0,0,1718750.0,9680628.511934824,0,27.541826310817633,300.55879579506166,0,0.0,505532.2931468166,85932862473.47498,190625.0,8593286247347.498,8284036.366469214,6.879417924210429e-09,0,0,1,0.0,0.0,0
490,245000000.0,0,1718750.0,9697905.024138976,0,27.54176867328201,300.55733593423435,0,0.0,505532.2931468166,85932862473.47498,190625.0,8593286247347.498,8366280.910360507,3.969034878537059e-09,0,0,1,0.0,0.0,0
491,245000000.0,0,1718750.0,9715181.538682662,0,27.541844198521755,300.55733593423435,0,0.0,505532.2931468166,85932862473.47498,190625.0,8593286247347.498,8366281.086202642,5.256879376247525e-09,0,0,1,0.0,0.0,0
492,245000000.0,0,1718750.0,9732458.052918456,0,27.54178815262168,300.5558836813397,0,0.0,505532.2931468166,85932862473.47498,190625.0,8593286247347.498,8366281.086202642,4.398316377773881e-09,0,0,1,0.0,0.0,0
493,245000000.0,0,1718750.0,9750377.249688074,0,27.541864585946257,300.5558836813397,0,0.0,511197.093983734,87776207282.45216,190625.0,8777620728245.217,8423883.837221643,3.776222001761198e-09,0,0,1,0.0,0.0,0
494,245000000.0,0,1718750.0,9768498.200613024,0,27.54181014256691,300.5544389770601,0,0.0,510397.91442743305,87529039489.79182,190625.0,8752903948979.183,8427080.555446846,1.1932570487260818e-09,0,0,1,0.0,0.0,0
495,245000000.0,0,1718750.0,9786596.95201617,0,27.541887500450812,300.5544389770601,0,0.0,510397.91442743305,87529039489.79182,190625.0,8752903948979.183,8427080.555446846,1.1932570487260818e-09,0,0,1,0.0,0.0,0
496,245000000.0,0,1718750.0,9804775.158467378,0,27.541834670928452,300.5530017626931,0,0.0,510397.91442743305,87529039489.79182,190625.0,8752903948979.183,8432801.338264197,1.2114469427615404e-09,0,0,1,0.0,0.0,0
497,245000000.0,0,1718750.0,9822953.36483478,0,27.541912970247264,300.5530017626931,0,0.0,510397.91442743305,87529039489.79182,190625.0,8752903948979.183,8432801.338264197,1.2114469427615404e-09,0,0,1,0.0,0.0,0
498,245000000.0,0,1718750.0,9841131.570950963,0,27.54186176638058,300.5515719801434,0,0.0,510397.91442743305,87529039489.79182,190625.0,8752903948979.183,8432801.338264197,1.2114469427615404e-09,0,0,1,0.0,0.0,0
499,245000000.0,0,1718750.0,9859309.789798027,0,27.54194102442324,300.5515719801434,0,0.0,510397.91442743305,87529039489.79182,190625.0,8752903948979.183,8432801.953105576,6.319169187918305e-09,0,0,1,0.0,0.0,0
500,245000000.0,0,1718750.0,9877367.975177672,0,27.541891458485097,300.55014957191486,0,0.0,512558.51261539874,88200204123.9491,190625.0,8820020412394.91,8424159.560353713,6.282789399847388e-09,0,0,1,0.0,0.0,0
501,245000000.0,0,1718750.0,9895486.234314444,0,27.541971692966648,300.55014957191486,0,0.0,512558.51261539874,88200204123.9491,190625.0,8820020412394.91,8424163.679759476,6.995833246037364e-09,0,0,1,0.0,0.0,0
502,245000000.0,0,1718750.0,9913604.49323185,0,27.54192377771634,300.54873448110294,0,0.0,512558.51261539874,88200204123.9491,190625.0,8820020412394.91,8424163.679759476,6.995833246037364e-09,0,0,1,0.0,0.0,0
503,245000000.0,0,1718750.0,9932016.963340074,0,27.541964672667813,300.54873448110294,0,0.0,512558.51261539874,88200204123.9491,190625.0,8820020412394.91,8424163.679759476,6.995833246037364e-09,0,0,1,0.0,0.0,0
504,245000000.0,0,1718750.0,9950647.808362415,0,27.541836687804174,300.54732665138715,0,0.0,512558.51261539874,88200204123.9491,190625.0,8820020412394.91,8418342.348335069,6.777554517611861e-09,0,0,1,0.0,0.0,0
505,245000000.0,0,1718750.0,9969102.411016265,0,27.541836687572722,300.54732665138715,0,0.0,512558.51261539874,88200204123.9491,190625.0,8820020412394.91,8405652.903014053,6.311893230304122e-09,0,0,1,0.0,0.0,0
506,245000000.0,0,1718750.0,9987557.013470825,0,27.541709357763626,300.5459260270233,0,0.0,512558.51261539874,88200204123.9491,190625.0,8820020412394.91,8405652.903034948,1.204170985147357e-09,0,0,1,0.0,0.0,0
507,245000000.0,0,1718750.0,10006011.615857769,0,27.541709357547347,300.5459260270233,0,0.0,512558.51261539874,88200204123.9491,190625.0,8820020412394.91,8405652.903034948,1.204170985147357e-09,0,0,1,0.0,0.0,0
508,245000000.0,0,1718750.0,10024466.218058076,0,27.54158267777544,300.5445325528367,0,0.0,512558.51261539874,88200204123.9491,190625.0,8820020412394.91,8405652.903034948,3.1759554985910654e-09,0,0,1,0.0,0.0,0
509,245000000.0,0,1718750.0,10042920.820195198,0,27.541582677573334,300.5445325528367,0,0.0,512558.51261539874,88200204123.9491,190625.0,8820020412394.91,8405652.903034948,1.204170985147357e-09,0,0,1,0.0,0.0,0
510,245000000.0,0,1718750.0,10061375.42215792,0,27.5414566428724,300.54314617421414,0,0.0,512558.51261539874,88200204123.9491,190625.0,8820020412394.91,8405652.903034948,1.204170985147357e-09,0,0,1,0.0,0.0,0
511,245000000.0,0,1718750.0,10080574.28199207,0,27.541456642683546,300.54314617421414,0,0.0,512558.51261539874,88200204123.9491,190625.0,8820020412394.91,8459239.474028686,3.081368049606681e-09,0,0,1,0.0,0.0,0
512,245000000.0,0,1718750.0,10099773.14166325,0,27.54133124813792,300.5417668370975,0,0.0,512558.51261539874,88200204123.9491,190625.0,8820020412394.91,8459239.474028686,3.081368049606681e-09,0,0,1,0.0,0.0,0
513,245000000.0,0,1718750.0,10120575.898142578,0,27.541331247961445,300.5417668370975,0,0.0,493311.7502556024,82198653185.85641,190625.0,8219865318585.642,8536226.523467872,5.584297468885779e-09,0,0,1,0.0,0.0,0
514,245000000.0,0,1718750.0,10140844.022181846,0,27.541206488705313,300.54039448797624,0,0.0,493311.7502556024,82198653185.85641,190625.0,8219865318585.642,8536226.523467872,5.584297468885779e-09,0,0,1,0.0,0.0,0
515,245000000.0,0,1718750.0,10161112.146169562,0,27.541206488540407,300.54039448797624,0,0.0,493311.7502556024,82198653185.85641,190625.0,8219865318585.642,8536226.523467872,5.584297468885779e-09,0,0,1,0.0,0.0,0
516,245000000.0,0,1718750.0,10181380.270014975,0,27.541082359757226,300.53902907388067,0,0.0,493311.7502556024,82198653185.85641,190625.0,8219865318585.642,8536226.523467872,5.584297468885779e-09,0,0,1,0.0,0.0,0
517,245000000.0,0,1718750.0,10201655.467527866,0,27.541082359603134,300.53902907388067,0,0.0,493184.4233738801,82158841684.60689,190625.0,8215884168460.688,8536735.83099476,7.0394889917224646e-09,0,0,1,0.0,0.0,0
518,245000000.0,0,1718750.0,10221899.03336405,0,27.54095885652497,300.53767054237517,0,0.0,493184.4233738801,82158841684.60689,190625.0,8215884168460.688,8534713.013609452,6.981281330808997e-09,0,0,1,0.0,0.0,0
519,245000000.0,0,1718750.0,10242142.599155214,0,27.540958856380982,300.53767054237517,0,0.0,493184.4233738801,82158841684.60689,190625.0,8215884168460.688,8534713.013609452,6.617483450099826e-09,0,0,1,0.0,0.0,0
520,245000000.0,0,1718750.0,10262386.16482213,0,27.540835974287905,300.5363188415513,0,0.0,493184.4233738801,82158841684.60689,190625.0,8215884168460.688,8534713.013609452,6.981281330808997e-09,0,0,1,0.0,0.0,0
521,245000000.0,0,1718750.0,10282629.730446974,0,27.540835974153357,300.5363188415513,0,0.0,493184.4233738801,82158841684.60689,190625.0,8215884168460.688,8534713.013609452,6.981281330808997e-09,0,0,1,0.0,0.0,0
522,245000000.0,0,1718750.0,10302873.295955714,0,27.540713708372845,300.5349739200214,0,0.0,493184.4233738801,82158841684.60689,190625.0,8215884168460.688,8534713.013609452,6.981281330808997e-09,0,0,1,0.0,0.0,0
523,245000000.0,0,1718750.0,10323116.861425139,0,27.54071370824711,300.5349739200214,0,0.0,493184.4233738801,82158841684.60689,190625.0,8215884168460.688,8534713.013609452,6.981281330808997e-09,0,0,1,0.0,0.0,0
524,245000000.0,0,1718750.0,10343360.426786073,0,27.540592054153436,300.53363572691194,0,0.0,493184.4233738801,82158841684.60689,190625.0,8215884168460.688,8534713.013609452,6.981281330808997e-09,0,0,1,0.0,0.0,0
525,245000000.0,0,1718750.0,10363603.99211027,0,27.54059205403595,300.53363572691194,0,0.0,493184.4233738801,82158841684.60689,190625.0,8215884168460.688,8534713.013609452,6.981281330808997e-09,0,0,1,0.0,0.0,0
526,245000000.0,0,1718750.0,10382174.726891376,0,27.540471007049597,300.5323042118571,0,0.0,514069.6991503318,89122609997.95126,190625.0,8912260999795.127,8414269.22180655,8.452843758277595e-09,0,0,1,0.0,0.0,0
527,245000000.0,0,1718750.0,10401325.608187504,0,27.54047100693981,300.5323042118571,0,0.0,514069.6991503318,89122609997.95126,190625.0,8912260999795.127,8414269.22180655,8.452843758277595e-09,0,0,1,0.0,0.0,0
528,245000000.0,0,1718750.0,10420476.489388894,0,27.54035056252691,300.53097932499253,0,0.0,514069.6991503318,89122609997.95126,190625.0,8912260999795.127,8414269.22180655,8.452843758277595e-09,0,0,1,0.0,0.0,0
529,245000000.0,0,1718750.0,10439627.370558212,0,27.54035056242432,300.53097932499253,0,0.0,514069.6991503318,89122609997.95126,190625.0,8912260999795.127,8414269.22180655,8.452843758277595e-09,0,0,1,0.0,0.0,0
530,245000000.0,0,1718750.0,10458778.251639,0,27.540230716096065,300.52966101694915,0,0.0,514069.6991503318,89122609997.95126,190625.0,8912260999795.127,8414269.22180655,8.452843758277595e-09,0,0,1,0.0,0.0,0
531,245000000.0,0,1718750.0,10477929.132689819,0,27.540230716000202,300.52966101694915,0,0.0,514069.6991503318,89122609997.95126,190625.0,8912260999795.127,8414269.22180655,8.452843758277595e-09,0,0,1,0.0,0.0,0
532,245000000.0,0,1718750.0,10497080.013657909,0,27.540111463312304,300.5283492388469,0,0.0,514069.6991503318,89122609997.95126,190625.0,8912260999795.127,8414269.22180655,8.452843758277595e-09,0,0,1,0.0,0.0,0
533,245000000.0,0,1718750.0,10515410.091622224,0,27.540111463222726,300.5283492388469,0,0.0,514069.6991503318,89122609997.95126,190625.0,8912260999795.127,8355171.4075508695,9.573341230861843e-09,0,0,1,0.0,0.0,0
534,245000000.0,0,1718750.0,10534415.296394564,0,27.539992799774826,300.5270439422887,0,0.0,514069.6991503318,89122609997.95126,190625.0,8912260999795.127,8403780.543294638,3.446984919719398e-09,0,0,1,0.0,0.0,0
535,245000000.0,0,1718750.0,10553420.497011678,0,27.53999279969112,300.5270439422887,0,0.0,514069.6991503318,89122609997.95126,190625.0,8912260999795.127,8403780.246002542,2.9995135264471173e-09,0,0,1,0.0,0.0,0
536,245000000.0,0,1718750.0,10572432.69342342,0,27.539874721126306,300.52574507935464,0,0.0,514069.6991503318,89122609997.95126,190625.0,8912260999795.127,8404283.948416416,4.396497388370335e-09,0,0,1,0.0,0.0,0
537,245000000.0,0,1718750.0,10591444.889810706,0,27.539874721048083,300.52574507935464,0,0.0,514069.6991503318,89122609997.95126,190625.0,8912260999795.127,8404283.948416416,4.396497388370335e-09,0,0,1,0.0,0.0,0
538,245000000.0,0,1718750.0,10610457.086130492,0,27.539757223052302,300.52445260259606,0,0.0,514069.6991503318,89122609997.95126,190625.0,8912260999795.127,8404283.948416416,4.396497388370335e-09,0,0,1,0.0,0.0,0
539,245000000.0,0,1718750.0,10629469.282427428,0,27.53975722297921,300.52445260259606,0,0.0,514069.6991503318,89122609997.95126,190625.0,8912260999795.127,8404283.948416416,4.396497388370335e-09,0,0,1,0.0,0.0,0
540,245000000.0,0,1718750.0,10649652.799871672,0,27.539640301280738,300.5231664650296,0,0.0,514069.6991503318,89122609997.95126,190625.0,8912260999795.127,8460507.366514664,8.71841621119529e-09,0,0,1,0.0,0.0,0
541,245000000.0,0,1718750.0,10670899.661149528,0,27.53964030121244,300.5231664650296,0,0.0,514069.6991503318,89122609997.95126,190625.0,8912260999795.127,8537068.124072745,9.198629413731396e-09,0,0,1,0.0,0.0,0
542,245000000.0,0,1718750.0,10691854.316803385,0,27.53952395158141,300.5218866201318,0,0.0,519329.39932160266,91013864246.44229,190625.0,9101386424644.229,8516029.323387662,1.0786607163026929e-08,0,0,1,0.0,0.0,0
543,245000000.0,0,1718750.0,10712955.075219817,0,27.53952395151759,300.5218866201318,0,0.0,519329.39932160266,91013864246.44229,190625.0,9101386424644.229,8516029.323387662,1.0786607163026929e-08,0,0,1,0.0,0.0,0
544,245000000.0,0,1718750.0,10734055.833581174,0,27.53940816976543,300.5206130218332,0,0.0,519329.39932160266,91013864246.44229,190625.0,9101386424644.229,8516029.323387662,1.0786607163026929e-08,0,0,1,0.0,0.0,0
545,245000000.0,0,1718750.0,10755156.591923885,0,27.53940816970579,300.5206130218332,0,0.0,519329.39932160266,91013864246.44229,190625.0,9101386424644.229,8516029.323387662,1.0786607163026929e-08,0,0,1,0.0,0.0,0
546,245000000.0,0,1718750.0,10776257.350215135,0,27.539292951684764,300.5193456245131,0,0.0,519329.39932160266,91013864246.44229,190625.0,9101386424644.229,8516029.323387662,1.0786607163026929e-08,0,0,1,0.0,0.0,0
547,245000000.0,0,1718750.0,10797358.10848896,0,27.539292951629037,300.5193456245131,0,0.0,519329.39932160266,91013864246.44229,190625.0,9101386424644.229,8516029.323387662,1.0786607163026929e-08,0,0,1,0.0,0.0,0
548,245000000.0,0,1718750.0,10818458.866714694,0,27.539178293231704,300.5180843829939,0,0.0,519329.39932160266,91013864246.44229,190625.0,9101386424644.229,8516029.323387662,1.0786607163026929e-08,0,0,1,0.0,0.0,0
549,245000000.0,0,1718750.0,10839222.955041684,0,27.539178293179624,300.5180843829939,0,0.0,519329.39932160266,91013864246.44229,190625.0,9101386424644.229,8499869.169029398,7.017661118879914e-09,0,0,1,0.0,0.0,0
550,245000000.0,0,1718750.0,10859987.043323733,0,27.539064190338365,300.5168292525357,0,0.0,519329.39932160266,91013864246.44229,190625.0,9101386424644.229,8499869.169029398,7.017661118879914e-09,0,0,1,0.0,0.0,0
551,245000000.0,0,1718750.0,10880751.131590571,0,27.539064190289704,300.5168292525357,0,0.0,519329.39932160266,91013864246.44229,190625.0,9101386424644.229,8499869.169029398,7.017661118879914e-09,0,0,1,0.0,0.0,0
552,245000000.0,0,1718750.0,10900828.954181144,0,27.538950638976257,300.5155801888312,0,0.0,519329.39932160266,91013864246.44229,190625.0,9101386424644.229,8466928.418584354,1.0189978638663888e-08,0,0,1,0.0,0.0,0
553,245000000.0,0,1718750.0,10920916.19087653,0,27.538950638930785,300.5155801888312,0,0.0,519329.39932160266,91013864246.44229,190625.0,9101386424644.229,8467606.23515455,1.1201336747035384e-08,0,0,1,0.0,0.0,0
554,245000000.0,0,1718750.0,10941003.42753268,0,27.538837635155744,300.5143371480005,0,0.0,519329.39932160266,91013864246.44229,190625.0,9101386424644.229,8467606.23515455,1.1201336747035384e-08,0,0,1,0.0,0.0,0
555,245000000.0,0,1718750.0,10961090.664175542,0,27.53883763511325,300.5143371480005,0,0.0,519329.39932160266,91013864246.44229,190625.0,9101386424644.229,8467606.23515455,1.2132659321650863e-08,0,0,1,0.0,0.0,0
556,245000000.0,0,1718750.0,10981007.839662421,0,27.538725174925617,300.51310008658567,0,0.0,522390.4994693664,92140028714.7561,190625.0,9214002871475.61,8455361.834563494,9.627001418266445e-09,0,0,1,0.0,0.0,0
557,245000000.0,0,1718750.0,11001010.04569654,0,27.538725174885908,300.51310008658567,0,0.0,522390.4994693664,92140028714.7561,190625.0,9214002871475.61,8455361.834563494,9.627001418266445e-09,0,0,1,0.0,0.0,0
558,245000000.0,0,1718750.0,11021012.251696402,0,27.538613254372596,300.5118689615459,0,0.0,522390.4994693664,92140028714.7561,190625.0,9214002871475.61,8455361.834563494,9.627001418266445e-09,0,0,1,0.0,0.0,0
559,245000000.0,0,1718750.0,11041014.457684662,0,27.538613254335495,300.5118689615459,0,0.0,522390.4994693664,92140028714.7561,190625.0,9214002871475.61,8455361.834563494,9.627001418266445e-09,0,0,1,0.0,0.0,0
560,245000000.0,0,1718750.0,11060773.330321617,0,27.538501869620926,300.51064373025247,0,0.0,522390.4994693664,92140028714.7561,190625.0,9214002871475.61,8443681.83523798,9.103132470045239e-09,0,0,1,0.0,0.0,0
561,245000000.0,0,1718750.0,11081165.275160803,0,27.538501869586256,300.51064373025247,0,0.0,522390.4994693664,92140028714.7561,190625.0,9214002871475.61,8489263.034578223,7.487869879696518e-09,0,0,1,0.0,0.0,0
562,245000000.0,0,1718750.0,11101557.219970062,0,27.53839101683187,300.5094243504839,0,0.0,522390.4994693664,92140028714.7561,190625.0,9214002871475.61,8489263.034578223,7.487869879696518e-09,0,0,1,0.0,0.0,0
563,245000000.0,0,1718750.0,11121949.164769197,0,27.538391016799473,300.5094243504839,0,0.0,522390.4994693664,92140028714.7561,190625.0,9214002871475.61,8489263.034578223,7.487869879696518e-09,0,0,1,0.0,0.0,0
564,245000000.0,0,1718750.0,11142341.109540373,0,27.538280692203315,300.50821078042117,0,0.0,522390.4994693664,92140028714.7561,190625.0,9214002871475.61,8489263.034578223,7.487869879696518e-09,0,0,1,0.0,0.0,0
565,245000000.0,0,1718750.0,11162755.64084827,0,27.538280692173036,300.50821078042117,0,0.0,522390.4994693664,92140028714.7561,190625.0,9214002871475.61,8490889.265903395,7.691596692893654e-09,0,0,1,0.0,0.0,0
566,245000000.0,0,1718750.0,11183170.172130037,0,27.53817089196929,300.5070029786425,0,0.0,522390.4994693664,92140028714.7561,190625.0,9214002871475.61,8490889.265903395,7.691596692893654e-09,0,0,1,0.0,0.0,0
567,245000000.0,0,1718750.0,11203584.703402963,0,27.538170891941004,300.5070029786425,0,0.0,522390.4994693664,92140028714.7561,190625.0,9214002871475.61,8490889.265903395,7.691596692893654e-09,0,0,1,0.0,0.0,0
568,245000000.0,0,1718750.0,11223999.234651478,0,27.538061612399584,300.5058009041191,0,0.0,522390.4994693664,92140028714.7561,190625.0,9214002871475.61,8490889.265903395,7.691596692893654e-09,0,0,1,0.0,0.0,0
569,245000000.0,0,1718750.0,11244406.257640697,0,27.538061612373152,300.5058009041191,0,0.0,522359.1948435175,92130870757.52408,190625.0,9213087075752.408,8490286.06257748,4.853973223362118e-09,0,0,1,0.0,0.0,0
570,245000000.0,0,1718750.0,11264812.411034163,0,27.537952849799282,300.5046045162104,0,0.0,522359.1948435175,92130870757.52408,190625.0,9213087075752.408,8490286.06257748,4.853973223362118e-09,0,0,1,0.0,0.0,0
571,245000000.0,0,1718750.0,11285218.564419907,0,27.53795284977458,300.5046045162104,0,0.0,522359.1948435175,92130870757.52408,190625.0,9213087075752.408,8490286.06257748,4.853973223362118e-09,0,0,1,0.0,0.0,0
572,245000000.0,0,1718750.0,11305624.717784338,0,27.537844600508365,300.5034137746594,0,0.0,522359.1948435175,92130870757.52408,190625.0,9213087075752.408,8490286.06257748,4.853973223362118e-09,0,0,1,0.0,0.0,0
573,245000000.0,0,1718750.0,11325439.840846961,0,27.53784460048528,300.5034137746594,0,0.0,522359.1948435175,92130870757.52408,190625.0,9213087075752.408,8447731.881367039,1.182434061774984e-08,0,0,1,0.0,0.0,0
574,245000000.0,0,1718750.0,11345254.963889666,0,27.53773686090129,300.50222863958817,0,0.0,522359.1948435175,92130870757.52408,190625.0,9213087075752.408,8447731.881367039,1.182434061774984e-08,0,0,1,0.0,0.0,0
575,245000000.0,0,1718750.0,11365070.086925626,0,27.53773686087972,300.50222863958817,0,0.0,522359.1948435175,92130870757.52408,190625.0,9213087075752.408,8447731.881367039,1.182434061774984e-08,0,0,1,0.0,0.0,0
576,245000000.0,0,1718750.0,11384885.209942974,0,27.537629627386597,300.5010490714934,0,0.0,522359.1948435175,92130870757.52408,190625.0,9213087075752.408,8447731.881367039,1.182434061774984e-08,0,0,1,0.0,0.0,0
577,245000000.0,0,1718750.0,11404700.33295402,0,27.537629627366446,300.5010490714934,0,0.0,522359.1948435175,92130870757.52408,190625.0,9213087075752.408,8447731.881367039,1.182434061774984e-08,0,0,1,0.0,0.0,0
578,245000000.0,0,1718750.0,11424521.856664844,0,27.537522896406525,300.4998750312422,0,0.0,522243.9819344458,92088145061.3563,190625.0,9208814506135.629,8448192.733003328,1.2742020771838725e-08,0,0,1,0.0,0.0,0
579,245000000.0,0,1718750.0,11444341.060364148,0,27.537522896387692,300.4998750312422,0,0.0,522243.9819344458,92088145061.3563,190625.0,9208814506135.629,8448256.118415995,1.269108906853944e-08,0,0,1,0.0,0.0,0
580,245000000.0,0,1718750.0,11464168.991540631,0,27.537416664436538,300.4987064800673,0,0.0,522243.9819344458,92088145061.3563,190625.0,9208814506135.629,8448884.49794301,1.5230398275889456e-08,0,0,1,0.0,0.0,0
581,245000000.0,0,1718750.0,11485125.036558481,0,27.537416664418945,300.4987064800673,0,0.0,501937.93269084924,84972500069.48416,190625.0,8497250006948.416,8530108.694917396,1.4642864698544145e-08,0,0,1,0.0,0.0,0
582,245000000.0,0,1718750.0,11505421.724934248,0,27.53731092798505,300.4975433795634,0,0.0,503081.52913231024,85308323511.11273,190625.0,8530832351111.273,8525534.309151553,1.7829734133556485e-08,0,0,1,0.0,0.0,0
583,245000000.0,0,1718750.0,11525750.179872697,0,27.53731092796861,300.4975433795634,0,0.0,503081.52913231024,85308323511.11273,190625.0,8530832351111.273,8525534.309151553,1.7829734133556485e-08,0,0,1,0.0,0.0,0
584,245000000.0,0,1718750.0,11546071.119902806,0,27.537205683592955,300.49638569168246,0,0.0,503172.13346964156,85335086664.11868,190625.0,8533508666411.868,8525171.891802227,1.7440470401197672e-08,0,0,1,0.0,0.0,0
585,245000000.0,0,1718750.0,11567058.272666477,0,27.53720423012277,300.49638569168246,0,0.0,503172.13346964156,85335086664.11868,190625.0,8533508666411.868,8572193.44227872,1.4380930224433541e-08,0,0,1,0.0,0.0,0
586,245000000.0,0,1718750.0,11588045.425417427,0,27.537098021084258,300.4952333787297,0,0.0,503172.13346964156,85335086664.11868,190625.0,8533508666411.868,8572193.44227872,1.4380930224433541e-08,0,0,1,0.0,0.0,0
587,245000000.0,0,1718750.0,11609032.578164412,0,27.53709656793628,300.4952333787297,0,0.0,503172.13346964156,85335086664.11868,190625.0,8533508666411.868,8572193.44227872,1.4380930224433541e-08,0,0,1,0.0,0.0,0
588,245000000.0,0,1718750.0,11630019.730899516,0,27.536990844455104,300.4940864033598,0,0.0,503172.13346964156,85335086664.11868,190625.0,8533508666411.868,8572193.44227872,1.4380930224433541e-08,0,0,1,0.0,0.0,0
589,245000000.0,0,1718750.0,11649993.168807559,0,27.536989391629167,300.4940864033598,0,0.0,503172.13346964156,85335086664.11868,190625.0,8533508666411.868,8523535.130757835,1.5985278878360987e-08,0,0,1,0.0,0.0,0
590,245000000.0,0,1718750.0,11669966.606704505,0,27.536884150341475,300.4929447285723,0,0.0,503172.13346964156,85335086664.11868,190625.0,8533508666411.868,8523535.130757835,1.5985278878360987e-08,0,0,1,0.0,0.0,0
591,245000000.0,0,1718750.0,11689940.044597983,0,27.536882697837417,300.4929447285723,0,0.0,503172.13346964156,85335086664.11868,190625.0,8533508666411.868,8523535.130757835,1.5985278878360987e-08,0,0,1,0.0,0.0,0
592,245000000.0,0,1718750.0,11709913.482481085,0,27.53677793541038,300.49180831770815,0,0.0,503172.13346964156,85335086664.11868,190625.0,8533508666411.868,8523535.130757835,1.5985278878360987e-08,0,0,1,0.0,0.0,0
593,245000000.0,0,1718750.0,11729886.920360953,0,27.53677648322804,300.49180831770815,0,0.0,503172.13346964156,85335086664.11868,190625.0,8533508666411.868,8523535.130757835,1.5985278878360987e-08,0,0,1,0.0,0.0,0
594,245000000.0,0,1718750.0,11749860.358231122,0,27.536672196359504,300.49067713444555,0,0.0,503172.13346964156,85335086664.11868,190625.0,8533508666411.868,8523535.130757835,1.5985278878360987e-08,0,0,1,0.0,0.0,0
595,245000000.0,0,1718750.0,11769833.796098275,0,27.536670744498736,300.49067713444555,0,0.0,503172.13346964156,85335086664.11868,190625.0,8533508666411.868,8523535.130757835,1.5985278878360987e-08,0,0,1,0.0,0.0,0
596,245000000.0,0,1718750.0,11789708.12285445,0,27.536566929916834,300.48955114279596,0,0.0,504956.133304024,85927197039.82219,190625.0,8592719703982.219,8516399.131420305,1.4046236174181104e-08,0,0,1,0.0,0.0,0
597,245000000.0,0,1718750.0,11809631.965038808,0,27.536565478377486,300.48955114279596,0,0.0,504956.133304024,85927197039.82219,190625.0,8592719703982.219,8516397.20566268,1.0160874808207154e-08,0,0,1,0.0,0.0,0
598,245000000.0,0,1718750.0,11829555.8072147,0,27.536462132840345,300.48843030710054,0,0.0,504956.133304024,85927197039.82219,190625.0,8592719703982.219,8516397.20566268,1.0160874808207154e-08,0,0,1,0.0,0.0,0
599,245000000.0,0,1718750.0,11849295.646788804,0,27.53646068162227,300.48843030710054,0,0.0,504956.133304024,85927197039.82219,190625.0,8592719703982.219,8503149.018524252,1.1761585483327508e-08,0,0,1,0.0,0.0,0
