t,secure_bps,violations,k_min,k_mean,q_total,aos_mean,aos_max,rekey,q_sumsq,z_l1,z_sumsq,z_max,lyapunov,key_inflow,key_overflow,cg_iters,cg_columns,cg_converged,obj_lp,obj_greedy,key_blocked_edges
0,245000000.0,0,2109375.0,2425672.7430555555,0,0.8678816811621574,0.9476988686844755,0,0.0,571875.0,109013671875.0,190625.0,10901367187500.0,7200000.0,0.0,0,0,1,0.0,0.0,0
1,245000000.0,0,1718750.0,2351345.486111111,0,1.9553749264829172,2.1629597325192615,0,0.0,1143750.0,436054687500.0,381250.0,43605468750000.0,7200000.0,0.0,0,0,1,0.0,0.0,0
2,245000000.0,0,1328125.0,2277018.2291666665,0,3.0760090197024463,3.5047493651838613,0,0.0,1715625.0,981123046875.0,571875.0,98112304687500.0,7200000.0,0.0,0,0,1,0.0,0.0,0
3,245000000.0,0,1137500.0,2219357.638888889,0,4.184985372071511,4.756697408871322,0,0.0,2287500.0,1744218750000.0,762500.0,174421875000000.0,7200000.0,0.0,0,0,1,0.0,0.0,0
4,245000000.0,0,946875.0,2163738.8250154606,0,4.752235262721685,6.109982856389292,0,0.0,2859375.0,2725341796875.0,953125.0,272534179687500.0,7273503.950556569,2.0372681319713593e-10,0,0,1,0.0,0.0,0
5,245000000.0,0,756250.0,2119231.1222531428,0,5.771012413499752,7.641135688345988,0,0.0,3431250.0,3924492187500.0,1143750.0,392449218750000.0,7273503.950556569,2.0372681319713593e-10,0,0,1,0.0,0.0,0
6,245000000.0,0,565625.0,2091390.0861574917,0,6.837023000426752,9.529671299360247,0,0.0,4003125.0,5341669921875.0,1334375.0,534166992187500.0,7273503.950556569,2.0372681319713593e-10,0,0,1,0.0,0.0,0
7,245000000.0,0,375000.0,2063549.050061841,0,8.100089511977595,12.319148936170212,0,0.0,4575000.0,6976875000000.0,1525000.0,697687500000000.0,7273503.950556569,2.0372681319713593e-10,0,0,1,0.0,0.0,0
8,245000000.0,0,184375.0,2045311.156661239,0,10.135266269634036,18.78894133513149,0,0.0,5146875.0,8830107421875.0,1715625.0,883010742187500.0,7273503.956860727,0.0,0,0,1,0.0,0.0,0
9,243400000.0,1,0.0,2034657.6207407033,1600000,34.389611095975205,129.0,3,2560000000000.0,5700000.0,10830000000000.0,1900000.0,1084280000000000.0,7273503.956860727,0.0,0,0,1,0.0,0.0,0
10,196200000.0,1,0.0,2056757.3349283189,50400000,33.78068991600286,130.0,3,2540160000000000.0,5688259.995588916,10785525810941.455,1900000.0,2348632581094145.5,7320463.974505061,7.09405867382884e-11,0,0,1,0.0,0.0,0
11,196200000.0,1,0.0,2079439.4939423485,99200000,31.724252605844956,131.0,3,9840640000000000.0,5676519.991177833,10741327277290.053,1900000.0,5994452727729005.0,7320463.974505061,7.275957614183426e-11,0,0,1,0.0,0.0,0
12,196200000.0,1,0.0,2102121.652956378,148000000,30.515304265678473,132.0,3,2.1904e+16,5664779.986766749,10697404399045.797,1900000.0,1.202174043990458e+16,7320463.974505061,7.275957614183426e-11,0,0,1,0.0,0.0,0
13,196200000.0,1,0.0,2125333.339505595,196800000,28.377669549887234,133.0,3,3.873024e+16,5653039.982355665,10653757176208.684,1900000.0,2.0430495717620868e+16,7339526.9657718185,7.275957614183426e-11,0,0,1,0.0,0.0,0
14,196200000.0,1,0.0,2148545.0260548126,245600000,28.336479799962905,134.0,2,6.031936e+16,5641299.977944582,10610385608778.717,1900000.0,3.122071856087787e+16,7339526.9657718185,7.275957614183426e-11,0,0,1,0.0,0.0,0
15,196200000.0,1,0.0,2171756.712604029,294400000,28.489928927376646,135.0,2,8.667136e+16,5629559.973533498,10567289696755.895,1900000.0,4.439240896967559e+16,7339526.9657718185,7.09405867382884e-11,0,0,1,0.0,0.0,0
16,196200000.0,1,0.0,2194968.3991532465,343200000,28.756238738791076,136.0,2,1.1778624e+17,5617819.9691224145,10524469440140.215,1900000.0,5.9945566944014024e+16,7339526.9657718185,7.09405867382884e-11,0,0,1,0.0,0.0,0
17,196200000.0,1,0.0,2218180.085702464,392000000,29.094002897313153,137.0,2,1.53664e+17,5606079.964711331,10481924838931.682,1900000.0,7.788019248389317e+16,7339526.9657718185,1.000444171950221e-10,0,0,1,0.0,0.0,0
18,196200000.0,1,0.0,2241391.772251681,440800000,29.479983427038263,138.0,2,1.9430464e+17,5594339.960300247,10439655893130.293,1900000.0,9.819628558931302e+16,7339526.9657718185,1.000444171950221e-10,0,0,1,0.0,0.0,0
19,196200000.0,1,0.0,2264603.4588008984,489600000,29.9001136653786,139.0,2,2.3970816e+17,5582599.955889164,10397662602736.047,1900000.0,1.208938462602736e+17,7339526.9657718185,1.000444171950221e-10,0,0,1,0.0,0.0,0
20,196200000.0,1,0.0,2287815.1453501154,538400000,30.34536888905009,140.0,2,2.8987456e+17,5570859.95147808,10355944967748.947,1900000.0,1.4597287449677488e+17,7339526.9657718185,1.000444171950221e-10,0,0,1,0.0,0.0,0
21,196200000.0,1,0.0,2311026.8318993323,587200000,30.809685637771118,141.0,2,3.4480384e+17,5559119.947066996,10314502988168.992,1900000.0,1.734333702988169e+17,7339526.9657718185,1.000444171950221e-10,0,0,1,0.0,0.0,0
22,196200000.0,1,0.0,2334238.51844855,636000000,31.288834094728475,142.0,2,4.04496e+17,5547379.942655913,10273336663996.18,1900000.0,2.032753336663996e+17,7339526.9657718185,1.000444171950221e-10,0,0,1,0.0,0.0,0
23,196200000.0,1,0.0,2357232.657929479,684800000,31.779886301835013,143.0,2,4.6895104e+17,5535639.938244829,10232445995230.514,1900000.0,2.3549876459952304e+17,7339526.9657718185,1.000444171950221e-10,0,0,1,0.0,0.0,0
24,196200000.0,1,0.0,2379741.7924026735,733600000,32.28070522647071,144.0,2,5.3816896e+17,5523899.933833745,10191830981871.992,1900000.0,2.701036630981872e+17,7339526.9657718185,1.000444171950221e-10,0,0,1,0.0,0.0,0
25,196200000.0,1,0.0,2402988.6923863683,782400000,32.78087174062547,145.0,2,6.1214976e+17,5510073.368927701,10144350927115.738,1900000.0,3.0708931509271155e+17,7371132.813967272,1.6916601452976465e-10,0,0,1,0.0,0.0,0
26,196200000.0,1,0.0,2426156.118156774,831200000,33.289602404694214,146.0,2,6.9089344e+17,5496246.804021657,10097253220153.688,1900000.0,3.4645644532201536e+17,7371132.813967272,1.6916601452976465e-10,0,0,1,0.0,0.0,0
27,196200000.0,1,0.0,2449247.9806904644,880000000,29.948200644350745,147.0,2,7.744e+17,5482420.2391156135,10050537860985.838,1900000.0,3.8820505378609856e+17,7371178.240067953,9.993925687012961e-10,0,0,1,0.0,0.0,0
28,196200000.0,1,0.0,2472269.80627954,928800000,30.326903138651065,148.0,2,8.6266944e+17,5468593.67420957,10004204849612.191,1900000.0,4.323351404849612e+17,7371330.422596876,9.993925687012961e-10,0,0,1,0.0,0.0,0
29,196200000.0,1,0.0,2495219.8431061013,977600000,30.710496959461683,149.0,2,9.5570176e+17,5454767.109303526,9958254186032.746,1900000.0,4.7884670541860326e+17,7371330.422596876,9.993925687012961e-10,0,0,1,0.0,0.0,0
30,196200000.0,1,0.0,2517605.3972009476,1026400000,31.098435410001546,150.0,2,1.05349696e+18,5440940.544397482,9912685870247.504,1900000.0,5.277397485870248e+17,7371330.422596876,9.993925687012961e-10,0,0,1,0.0,0.0,0
31,196200000.0,1,0.0,2538623.6676632334,1075200000,31.49039536930354,151.0,2,1.15605504e+18,5427113.979491438,9867499902256.463,1900000.0,5.790142699902257e+17,7371330.422596876,9.993925687012961e-10,0,0,1,0.0,0.0,0
32,196200000.0,1,0.0,2559447.3985556327,1124000000,31.88542669169286,152.0,2,1.263376e+18,5413287.414585394,9822696282059.625,1900000.0,6.32670269628206e+17,7371330.422596876,9.993925687012961e-10,0,0,1,0.0,0.0,0
33,196200000.0,1,0.0,2580083.10404471,1172800000,32.28313265410065,153.0,2,1.37545984e+18,5399460.495508544,9778273876692.438,1900000.0,6.887077473876692e+17,7371331.839280099,1.113988901124685e-09,0,0,1,0.0,0.0,0
34,196200000.0,1,0.0,2600537.0231134826,1221600000,32.6831849946114,154.0,2,1.49230656e+18,5385633.576431694,9734233838707.566,1900000.0,7.471267033838707e+17,7371331.839280099,1.113988901124685e-09,0,0,1,0.0,0.0,0
35,196200000.0,1,0.0,2620815.215309294,1270400000,33.08530815633308,155.0,2,1.61391616e+18,5371806.657354845,9690576168105.01,1900000.0,8.079271376168105e+17,7371331.839280099,1.113988901124685e-09,0,0,1,0.0,0.0,0
36,196200000.0,1,0.0,2640923.5381945767,1319200000,33.48926940548857,156.0,2,1.74028864e+18,5357979.738277995,9647300864884.77,1900000.0,8.711090500864884e+17,7371331.839280099,1.1721965620381525e-09,0,0,1,0.0,0.0,0
37,196200000.0,1,0.0,2661151.2235588753,1368000000,33.89481341015906,157.0,2,1.871424e+18,5344152.819201145,9604407929046.846,1900000.0,9.366724407929047e+17,7381540.340531045,1.7906529592437437e-09,0,0,1,0.0,0.0,0
38,196200000.0,1,0.0,2681220.175489668,1416800000,34.30183210632556,158.0,2,2.00732224e+18,5330325.900124296,9561897360591.236,1900000.0,1.0046173097360591e+18,7381540.340531045,1.2867928944615414e-09,0,0,1,0.0,0.0,0
39,196200000.0,1,0.0,2701135.6851014053,1465600000,34.710178833122946,159.0,2,2.14798336e+18,5316498.981047446,9519769159517.941,1900000.0,1.0749436569159517e+18,7381540.340531045,1.2867928944615414e-09,0,0,1,0.0,0.0,0
40,196200000.0,1,0.0,2720902.867138056,1514400000,35.11972638728207,160.0,2,2.29340736e+18,5302672.061970596,9478023325826.963,1900000.0,1.1476514823325827e+18,7381540.340531045,1.0792362559186586e-09,0,0,1,0.0,0.0,0
41,196200000.0,1,0.0,2740526.665852124,1563200000,35.530363844946386,161.0,2,2.44359424e+18,5288845.1428937465,9436659859518.3,1900000.0,1.2227407859859517e+18,7381540.340531045,1.0792362559186586e-09,0,0,1,0.0,0.0,0
42,196200000.0,1,0.0,2760050.7332520494,1612000000,32.9419767542651,162.0,2,2.598544e+18,5275018.223816897,9395678760591.953,1900000.0,1.3002115678760591e+18,7382939.752847878,1.5428511801474087e-09,0,0,1,0.0,0.0,0
43,196200000.0,1,0.0,2779440.816902762,1660800000,33.28306838182951,163.0,2,2.75825664e+18,5261191.304740047,9355080029047.922,1900000.0,1.3800638280029048e+18,7382939.752847878,1.5428511801474087e-09,0,0,1,0.0,0.0,0
44,196200000.0,1,0.0,2798701.3829292334,1709600000,33.62499160066389,164.0,2,2.92273216e+18,5247364.385663197,9314863664886.205,1900000.0,1.4622975663664886e+18,7382939.752847878,1.5428511801474087e-09,0,0,1,0.0,0.0,0
45,196200000.0,1,0.0,2817836.748585605,1758400000,33.96767919466335,165.0,2,3.09197056e+18,5233537.466586348,9275029668106.805,1900000.0,1.5469127829668106e+18,7382939.752847878,1.5428511801474087e-09,0,0,1,0.0,0.0,0
46,196200000.0,1,0.0,2836851.087217548,1807200000,34.31107125147872,166.0,2,3.26597184e+18,5219710.547509498,9235578038709.719,1900000.0,1.633909477803871e+18,7382939.752847878,1.5428511801474087e-09,0,0,1,0.0,0.0,0
47,196200000.0,1,0.0,2854551.5379000157,1856000000,34.65531636000714,167.0,2,3.444736e+18,5205883.628432648,9196508776694.95,1900000.0,1.7232876508776694e+18,7382939.752847878,1.5428511801474087e-09,0,0,1,0.0,0.0,0
48,196200000.0,1,0.0,2871837.703517962,1904800000,35.00020312809175,168.0,2,3.62826304e+18,5192056.709355799,9157821882062.494,1900000.0,1.8150473021882063e+18,7382939.752847878,1.5428511801474087e-09,0,0,1,0.0,0.0,0
49,196200000.0,1,0.0,2888970.7538397536,1953600000,35.34564398900473,169.0,2,3.81655296e+18,5178229.790278949,9119517354812.355,1900000.0,1.9091884317354813e+18,7382939.752847878,1.5428511801474087e-09,0,0,1,0.0,0.0,0
50,196200000.0,1,0.0,2905955.792708595,2002400000,35.69159999453366,170.0,2,4.00960576e+18,5164402.871202099,9081595194944.531,1900000.0,2.0057110395194944e+18,7382939.752847878,1.4573586781807535e-09,0,0,1,0.0,0.0,0
51,196200000.0,1,0.0,2922797.7538395845,2051200000,36.0380358820663,171.0,2,4.20742144e+18,5150575.952125249,9044055402459.023,1900000.0,2.104615125540246e+18,7382939.752847878,1.4573586781807535e-09,0,0,1,0.0,0.0,0
52,196200000.0,1,0.0,2939501.4064906514,2100000000,36.38491964011226,172.0,2,4.41e+18,5136749.0330484,9006897977355.832,1900000.0,2.2059006897977357e+18,7382939.752847878,1.4573586781807535e-09,0,0,1,0.0,0.0,0
53,196200000.0,1,0.0,2956901.9935852834,2148800000,32.94650784888012,173.0,2,4.61734144e+18,5115446.420204123,8941771169316.035,1900000.0,2.3095648971169316e+18,7412842.527917586,2.5232864686586254e-09,0,0,1,0.0,0.0,0
54,196200000.0,1,0.0,2973446.7340633147,2197600000,33.22288466769059,174.0,2,4.82944576e+18,5094143.807359846,8877138500653.164,1900000.0,2.4156105938500654e+18,7412842.527917586,2.5232864686586254e-09,0,0,1,0.0,0.0,0
55,196200000.0,1,0.0,2988964.223319469,2246400000,31.02627903048869,175.0,2,5.04631296e+18,5072841.194515569,8812999971367.217,1900000.0,2.524037779997137e+18,7412842.527917586,2.5232864686586254e-09,0,0,1,0.0,0.0,0
56,196200000.0,1,0.0,3004326.4026955897,2295200000,29.82833770692449,176.0,2,5.26794304e+18,5051538.581671292,8749355581458.192,1900000.0,2.634846455558146e+18,7412842.527917586,2.019426403876423e-09,0,0,1,0.0,0.0,0
57,196200000.0,1,0.0,3019538.449187677,2344000000,29.20540354657819,177.0,2,5.494336e+18,5030235.968827015,8686205330926.094,1900000.0,2.748036620533093e+18,7412842.527917586,2.019426403876423e-09,0,0,1,0.0,0.0,0
58,196200000.0,1,0.0,3034605.367225198,2392800000,28.876380706644373,178.0,2,5.72549184e+18,5008933.355982738,8623549219770.919,1900000.0,2.8636082749219773e+18,7412842.527917586,2.019426403876423e-09,0,0,1,0.0,0.0,0
59,196200000.0,1,0.0,3049531.9944233075,2441600000,28.71777861915965,179.0,1,5.96141056e+18,4987630.743138461,8561387247992.668,1900000.0,2.9815614187247995e+18,7412842.527917586,2.019426403876423e-09,0,0,1,0.0,0.0,0
60,196200000.0,1,0.0,3064323.0071433173,2490400000,28.666829421210423,180.0,1,6.20209216e+18,4966328.130294184,8499719415591.341,1900000.0,3.1018960519415593e+18,7412842.527917586,2.019426403876423e-09,0,0,1,0.0,0.0,0
61,196200000.0,1,0.0,3078982.9258678313,2539200000,28.688247770739903,181.0,1,6.44753664e+18,4945025.517449907,8438545722566.939,1900000.0,3.224612174572257e+18,7412842.527917586,2.019426403876423e-09,0,0,1,0.0,0.0,0
62,196200000.0,1,0.0,3093453.099012377,2588000000,28.760680265115525,182.0,1,6.697744e+18,4923722.904605631,8377866168919.461,1900000.0,3.349709786616892e+18,7412842.527917586,2.019426403876423e-09,0,0,1,0.0,0.0,0
63,196200000.0,1,0.0,3106353.519793793,2636800000,28.870625220920864,183.0,1,6.95271424e+18,4902420.291761354,8317680754648.906,1900000.0,3.4771888880754647e+18,7412842.527917586,2.4850876911841624e-09,0,0,1,0.0,0.0,0
64,196200000.0,1,0.0,3119111.4915948557,2685600000,29.151555773490838,184.0,1,7.21244736e+18,4881117.678917076,8257989479755.276,1900000.0,3.6070494789479757e+18,7412953.097098227,1.6805188352009282e-09,0,0,1,0.0,0.0,0
65,196200000.0,1,0.0,3131890.6967816777,2734400000,29.168497720797834,185.0,1,7.47694336e+18,4859815.066072799,8198792344238.571,1900000.0,3.739291559234424e+18,7420688.815844368,2.027036316576414e-09,0,0,1,0.0,0.0,0
66,196200000.0,1,0.0,3144534.6387944296,2783200000,29.345456723621858,186.0,1,7.74620224e+18,4838512.453228522,8140089348098.79,1900000.0,3.87391512893481e+18,7420688.815844368,2.027036316576414e-09,0,0,1,0.0,0.0,0
67,196200000.0,1,0.0,3157047.82640558,2832000000,29.53620256940557,187.0,1,8.020224e+18,4817209.840384246,8081880491335.933,1900000.0,4.0109201880491336e+18,7420688.815844368,2.027036316576414e-09,0,0,1,0.0,0.0,0
68,196200000.0,1,0.0,3169434.618095183,2880800000,29.7381967508206,188.0,1,8.29900864e+18,4795907.227539969,8024165773950.0,1900000.0,4.150306736577395e+18,7420688.815844368,2.027036316576414e-09,0,0,1,0.0,0.0,0
69,196200000.0,1,0.0,3181914.5183687015,2929600000,29.949452106645964,189.0,1,8.58255616e+18,4774604.6146956915,7966945195940.99,1900000.0,4.292074774519594e+18,7431022.798632175,1.7105321603594348e-09,0,0,1,0.0,0.0,0
70,196200000.0,1,0.0,3195256.2661537295,2978400000,30.16840999052405,190.0,1,8.87086656e+18,4753302.001851415,7910218757308.906,1900000.0,4.436224301875731e+18,7478060.757585701,1.858779796748422e-09,0,0,1,0.0,0.0,0
71,196200000.0,1,0.0,3208483.840970956,3027200000,30.39395192722103,191.0,1,9.16393984e+18,4731999.389007138,7853986458053.746,1900000.0,4.5827553186458056e+18,7478060.757585701,1.858779796748422e-09,0,0,1,0.0,0.0,0
72,196200000.0,1,0.0,3221601.0485859746,3076000000,30.625112985267695,192.0,1,9.461776e+18,4710696.776162861,7798248298175.51,1900000.0,4.731667824829818e+18,7478060.757585701,1.858779796748422e-09,0,0,1,0.0,0.0,0
73,196200000.0,1,0.0,3234611.5679055257,3124800000,30.86110996339126,193.0,1,9.76437504e+18,4689394.163318584,7743004277674.197,1900000.0,4.882961820427768e+18,7478060.757585701,1.858779796748422e-09,0,0,1,0.0,0.0,0
74,196200000.0,1,0.0,3247518.9552061255,3173600000,31.10130040125717,194.0,1,1.007173696e+19,4668091.550474307,7688254396549.809,1900000.0,5.036637305439655e+18,7478060.757585701,1.975195118575357e-09,0,0,1,0.0,0.0,0
75,196200000.0,1,0.0,3260326.6482217386,3222400000,31.345152215857173,195.0,1,1.038386176e+19,4646788.937630029,7633998654802.346,1900000.0,5.19269427986548e+18,7478060.757585701,1.975195118575357e-09,0,0,1,0.0,0.0,0
76,196200000.0,1,0.0,3273132.978037839,3271200000,31.592205241741414,196.0,1,1.070074944e+19,4625486.324785752,7580237052431.806,1900000.0,5.351132743705244e+18,7482621.138832479,1.9315393728902563e-09,0,0,1,0.0,0.0,0
77,196200000.0,1,0.0,3287565.0208364967,3320000000,31.841416729867074,197.0,1,1.10224e+19,4604183.711941476,7526969589438.19,1900000.0,5.511952696958944e+18,7541948.396638758,2.1518644643947482e-09,0,0,1,0.0,0.0,0
78,196200000.0,1,0.0,3301907.0101567633,3368800000,32.093173107128756,198.0,1,1.134881344e+19,4582881.099097199,7474196265821.499,1900000.0,5.675154139626582e+18,7541948.396638758,2.1518644643947482e-09,0,0,1,0.0,0.0,0
79,196200000.0,1,0.0,3316225.3579317154,3417600000,32.34718084522142,199.0,1,1.167998976e+19,4561578.486252922,7421917081581.732,1900000.0,5.840737071708158e+18,7544231.162055434,1.4861143426969647e-09,0,0,1,0.0,0.0,0
80,196200000.0,1,0.0,3330459.5557340835,3466400000,32.60322883927808,200.0,1,1.201592896e+19,4540275.873408644,7370132036718.89,1900000.0,6.008701493203672e+18,7544231.162055434,1.4861143426969647e-09,0,0,1,0.0,0.0,0
81,196200000.0,1,0.0,3344612.4085629527,3515200000,32.861114975524636,201.0,1,1.235663104e+19,4518973.260564367,7318841131232.971,1900000.0,6.179047404113123e+18,7544231.162055434,1.4861143426969647e-09,0,0,1,0.0,0.0,0
82,196200000.0,1,0.0,3358686.62791744,3564000000,33.120663575976536,202.0,1,1.2702096e+19,4497670.64772009,7268044365123.977,1900000.0,6.351774804436513e+18,7544231.162055434,1.4861143426969647e-09,0,0,1,0.0,0.0,0
83,196200000.0,1,0.0,3372684.8349133586,3612800000,33.381721176911576,203.0,1,1.305232384e+19,4476368.034875813,7217741738391.906,1900000.0,6.526883694173839e+18,7544231.162055434,1.4861143426969647e-09,0,0,1,0.0,0.0,0
84,196200000.0,1,0.0,3386609.563295992,3661600000,33.64415309382547,204.0,1,1.340731456e+19,4455065.422031537,7167933251036.76,1900000.0,6.704374073325104e+18,7544231.162055434,1.4861143426969647e-09,0,0,1,0.0,0.0,0
85,196200000.0,1,0.0,3400463.2623524526,3710400000,33.907840606864916,205.0,1,1.376706816e+19,4433762.8091872595,7118618903058.539,1900000.0,6.884245941890306e+18,7544231.162055434,1.4861143426969647e-09,0,0,1,0.0,0.0,0
86,196200000.0,1,0.0,3414248.299726945,3759200000,34.172678639625204,206.0,1,1.413158464e+19,4412460.196342982,7069798694457.241,1900000.0,7.066499299869446e+18,7544231.162055434,1.4861143426969647e-09,0,0,1,0.0,0.0,0
87,196200000.0,1,0.0,3429550.8096227255,3808000000,34.43614661291174,207.0,1,1.4500864e+19,4372151.437732405,6989416715622.742,1900000.0,7.251130941671562e+18,7620255.745120633,1.1568772606551647e-09,0,0,1,0.0,0.0,0
88,196200000.0,1,0.0,3444789.1589912446,3856800000,34.70079470608573,208.0,1,1.487490624e+19,4331842.679121829,6911302529076.84,1900000.0,7.438144250252908e+18,7620255.745120633,1.1823431123048067e-09,0,0,1,0.0,0.0,0
89,196200000.0,1,0.0,3459965.486516744,3905600000,34.9665282071322,209.0,1,1.525371136e+19,4291533.920511251,6835456134819.536,1900000.0,7.627539225613482e+18,7620255.745120633,1.1823431123048067e-09,0,0,1,0.0,0.0,0
90,196200000.0,1,0.0,3475081.8595939903,3954400000,35.23326242020448,210.0,1,1.563727936e+19,4251225.161900675,6761877532850.83,1900000.0,7.819315867753285e+18,7620255.745120633,1.1823431123048067e-09,0,0,1,0.0,0.0,0
91,196200000.0,1,0.0,3490140.276704594,4003200000,35.50092136745412,211.0,1,1.602561024e+19,4210916.403290098,6690566723170.721,1900000.0,8.013474176672317e+18,7620255.745120633,1.8153514247387648e-09,0,0,1,0.0,0.0,0
92,196200000.0,1,0.0,3505142.6697141086,4052000000,35.769436688247474,212.0,1,1.6418704e+19,4170607.644679521,6621523705779.21,1900000.0,8.210014152370578e+18,7620255.745120633,1.1823431123048067e-09,0,0,1,0.0,0.0,0
93,196200000.0,1,0.0,3520090.90609257,4100800000,36.038746701563426,213.0,1,1.681656064e+19,4130298.886068944,6554748480676.297,1900000.0,8.408935794848068e+18,7620255.745120633,1.1823431123048067e-09,0,0,1,0.0,0.0,0
94,196200000.0,1,0.0,3534986.7910610144,4149600000,36.308795603984116,214.0,1,1.721918016e+19,4089990.1274583675,6490241047861.98,1900000.0,8.610239104104786e+18,7620255.745120633,1.1823431123048067e-09,0,0,1,0.0,0.0,0
95,196200000.0,1,0.0,3550845.459372049,4198400000,36.57855937921704,215.0,1,1.762656256e+19,4037520.692380499,6414258484273.885,1900000.0,8.813922705848428e+18,7668898.450989799,1.255102688446641e-09,0,0,1,0.0,0.0,0
96,196200000.0,1,0.0,3566698.5745715923,4247200000,36.849035709339255,216.0,1,1.803870784e+19,3984536.9567372175,6341908148456.4,1900000.0,9.019988110814846e+18,7670980.036882191,2.0445440895855427e-09,0,0,1,0.0,0.0,0
97,196200000.0,1,0.0,3582504.4009386534,4296000000,37.12021230937196,217.0,1,1.8455616e+19,3931553.2210939364,6273811548384.274,1900000.0,9.228435381154839e+18,7670980.036992253,1.3133103493601084e-09,0,0,1,0.0,0.0,0
98,196200000.0,1,0.0,3598264.514765432,4344800000,37.39203879955574,218.0,1,1.887728704e+19,3878569.4854506548,6209968684057.506,1900000.0,9.439264516868405e+18,7670980.036992253,1.3133103493601084e-09,0,0,1,0.0,0.0,0
99,196200000.0,1,0.0,3613980.4398032716,4393600000,37.66446973715834,219.0,1,1.930372096e+19,3825585.7498073736,6150379555476.096,1900000.0,9.652475517955547e+18,7670980.036992253,1.3133103493601084e-09,0,0,1,0.0,0.0,0
100,196200000.0,1,0.0,3629653.6490118024,4442400000,37.93746400526048,220.0,1,1.973491776e+19,3772602.014164092,6095044162640.042,1900000.0,9.868068384416264e+18,7670980.036992253,1.3133103493601084e-09,0,0,1,0.0,0.0,0
101,196200000.0,1,0.0,3645285.5662520016,4491200000,38.210984292710755,221.0,1,2.017087744e+19,3719618.2785208104,6043962505549.347,1900000.0,1.0086043116250554e+19,7670980.036992253,1.3133103493601084e-09,0,0,1,0.0,0.0,0
102,196200000.0,1,0.0,3660877.5679228143,4540000000,38.48499664939815,222.0,1,2.06116e+19,3666634.5428775293,5997134584204.01,1900000.0,1.030639971345842e+19,7670980.036992253,1.3133103493601084e-09,0,0,1,0.0,0.0,0
103,196200000.0,1,0.0,3676430.98454322,4588800000,38.7594701041243,223.0,1,2.105708544e+19,3613650.8072342477,5954560398604.029,1900000.0,1.052913817603986e+19,7670980.036992253,1.3133103493601084e-09,0,0,1,0.0,0.0,0
104,196200000.0,1,0.0,3694223.53648837,4637600000,39.025763549884104,224.0,1,2.150733376e+19,3551439.461222298,5888434388230.999,1900000.0,1.0754255723438823e+19,7767945.398427318,1.9972503650933504e-09,0,0,1,0.0,0.0,0
105,196200000.0,1,0.0,3711980.0328475274,4686400000,39.293456050097056,225.0,1,2.196234496e+19,3489228.1152103487,5827008342346.844,1900000.0,1.0981755180834234e+19,7767945.398427318,1.9972503650933504e-09,0,0,1,0.0,0.0,0
106,196200000.0,1,0.0,3729701.67547356,4735200000,39.56239280113732,226.0,1,2.242211904e+19,3427016.769198399,5770282260951.563,1900000.0,1.1211636548226095e+19,7767945.398427318,1.9972503650933504e-09,0,0,1,0.0,0.0,0
107,196200000.0,1,0.0,3747389.626157571,4784000000,39.83244150260698,227.0,1,2.2886656e+19,3364805.4231864493,5718256144045.158,1900000.0,1.1443899825614404e+19,7767945.398427318,1.9972503650933504e-09,0,0,1,0.0,0.0,0
108,196200000.0,1,0.0,3765045.007964295,4832800000,40.103488375377076,228.0,1,2.335595584e+19,3335223.0971807344,5669865338681.06,1900000.0,1.1678544906533868e+19,7767945.398427318,1.9972503650933504e-09,0,0,1,0.0,0.0,0
109,196200000.0,1,0.0,3782668.9065229744,4881600000,40.37543500005814,229.0,1,2.383001856e+19,3318519.793044639,5622198403259.405,1900000.0,1.1915571499840326e+19,7767945.398427318,1.9972503650933504e-09,0,0,1,0.0,0.0,0
110,196200000.0,1,0.0,3800262.371275211,4930400000,40.64819578472902,230.0,1,2.430884416e+19,3301816.4889085437,5575089468575.877,1900000.0,1.2154979588946858e+19,7767945.398427318,1.9972503650933504e-09,0,0,1,0.0,0.0,0
111,196200000.0,1,0.0,3817826.4166812203,4979200000,40.92169592010168,231.0,1,2.479243264e+19,3285113.1847724486,5528538534630.475,1900000.0,1.2396769173853463e+19,7767945.398427318,1.9972503650933504e-09,0,0,1,0.0,0.0,0
112,196200000.0,1,0.0,3835362.023385876,5028000000,41.19586971575177,232.0,1,2.5280784e+19,3268409.880636353,5482545601423.198,1900000.0,1.2640940254560141e+19,7767945.398427318,1.9972503650933504e-09,0,0,1,0.0,0.0,0
113,196200000.0,1,0.0,3852870.1393458894,5076800000,41.470659236817816,233.0,1,2.577389824e+19,3251706.5765002575,5437110668954.047,1900000.0,1.2887492831066896e+19,7767945.398427318,1.9972503650933504e-09,0,0,1,0.0,0.0,0
114,196200000.0,1,0.0,3870351.6809194153,5125600000,41.74601317951827,234.0,1,2.627177536e+19,3235003.2723641624,5392233737223.021,1900000.0,1.3136426903373722e+19,7767945.398427318,1.9972503650933504e-09,0,0,1,0.0,0.0,0
115,196200000.0,1,0.0,3887807.5339193367,5174400000,42.02188593790869,235.0,1,2.677441536e+19,3218299.9682280673,5347914806230.123,1900000.0,1.3387742471480623e+19,7767945.398427318,1.9972503650933504e-09,0,0,1,0.0,0.0,0
116,196200000.0,1,0.0,3905238.554631442,5223200000,42.298236824855636,236.0,1,2.728181824e+19,3201596.6640919717,5304153875975.35,1900000.0,1.3641439535387597e+19,7767945.398427318,1.9972503650933504e-09,0,0,1,0.0,0.0,0
117,196200000.0,1,0.0,3922645.570798656,5272000000,42.575029418192095,237.0,1,2.7793984e+19,3184893.359955876,5260950946458.701,1900000.0,1.3897518095094647e+19,7767945.398427318,1.9972503650933504e-09,0,0,1,0.0,0.0,0
118,196200000.0,1,0.0,3940029.382572474,5320800000,42.852231009116714,238.0,1,2.831091264e+19,3168190.055819781,5218306017680.18,1900000.0,1.4155978150601769e+19,7767945.398427318,1.9972503650933504e-09,0,0,1,0.0,0.0,0
119,196200000.0,1,0.0,3957390.7634326797,5369600000,43.129812134590644,239.0,1,2.883260416e+19,3151486.751683686,5176219089639.783,1900000.0,1.4416819701908963e+19,7767945.398427318,1.9972503650933504e-09,0,0,1,0.0,0.0,0
120,196200000.0,1,0.0,3974730.461076392,5418400000,43.40774617912314,240.0,1,2.935905856e+19,3134783.4475475904,5134690162337.513,1900000.0,1.4680042749016234e+19,7767945.398427318,1.9972503650933504e-09,0,0,1,0.0,0.0,0
121,196200000.0,1,0.0,3992049.198277495,5467200000,43.68600903417721,241.0,1,2.989027584e+19,3118080.143411495,5093719235773.368,1900000.0,1.4945647291923577e+19,7767945.398427318,1.9972503650933504e-09,0,0,1,0.0,0.0,0
122,196200000.0,1,0.0,4009369.529796381,5516000000,43.96452141168838,242.0,1,3.0426256e+19,3101180.134564629,5052833715672.7,1900000.0,1.5213633283371567e+19,7768732.2172704,1.7644197214394808e-09,0,0,1,0.0,0.0,0
123,196200000.0,1,0.0,4026670.274946115,5564800000,44.243326093955616,243.0,1,3.096699904e+19,3084280.125717763,5012519416170.081,1900000.0,1.5484000771941618e+19,7768732.2172704,1.7644197214394808e-09,0,0,1,0.0,0.0,0
124,196200000.0,1,0.0,4043952.086605673,5613600000,44.52240435092127,244.0,1,3.151250496e+19,3067380.116870897,4972776337265.51,1900000.0,1.5756749757633726e+19,7768732.2172704,1.7644197214394808e-09,0,0,1,0.0,0.0,0
125,196200000.0,1,0.0,4061215.5958913886,5662400000,44.801739071044715,245.0,1,3.206277376e+19,3050480.108024031,4933604478958.986,1900000.0,1.6031880240447896e+19,7768732.2172704,1.7644197214394808e-09,0,0,1,0.0,0.0,0
126,196200000.0,1,0.0,4078461.412882396,5711200000,45.081314587481856,246.0,1,3.261780544e+19,3033580.099177165,4895003841250.512,1900000.0,1.6309392220384125e+19,7768732.2172704,1.7644197214394808e-09,0,0,1,0.0,0.0,0
127,196200000.0,1,0.0,4096336.310949819,5760000000,45.36097544994085,247.0,1,3.31776e+19,3016680.090330299,4856974424140.085,1900000.0,1.6589285697442415e+19,7799749.03141301,2.521119313314557e-09,0,0,1,0.0,0.0,0
128,196200000.0,1,0.0,4114194.6765507367,5808800000,45.64085920808349,248.0,1,3.374215744e+19,2999780.081483433,4819516227627.707,1900000.0,1.6871560671622762e+19,7799749.03141301,2.521119313314557e-09,0,0,1,0.0,0.0,0
129,196200000.0,1,0.0,4132037.0607673707,5857600000,45.92095295471431,249.0,1,3.431147776e+19,2982880.072636567,4782629251713.377,1900000.0,1.715621714292517e+19,7799749.03141301,2.064552973024547e-09,0,0,1,0.0,0.0,0
130,196200000.0,1,0.0,4149863.996312527,5906400000,46.201244788864635,250.0,1,3.488556096e+19,2965980.063789701,4746313496397.096,1900000.0,1.744325511134964e+19,7799749.03141301,2.064552973024547e-09,0,0,1,0.0,0.0,0
131,196200000.0,1,0.0,4167675.9981419244,5955200000,46.481723718353976,251.0,1,3.546440704e+19,2949080.054942835,4710568961678.862,1900000.0,1.7732674576896168e+19,7799749.03141301,2.064552973024547e-09,0,0,1,0.0,0.0,0
132,196200000.0,1,0.0,4185473.564046085,6004000000,46.762379573526985,252.0,1,3.6048016e+19,2932180.046095969,4675395647558.678,1900000.0,1.8024475539564755e+19,7799749.03141301,2.064552973024547e-09,0,0,1,0.0,0.0,0
133,196200000.0,1,0.0,4204195.903501173,6052800000,47.04314376098718,253.0,1,3.663638784e+19,2915280.037249103,4640793554036.541,1900000.0,1.8318657999355404e+19,7844807.988788351,1.191438059322536e-09,0,0,1,0.0,0.0,0
134,196200000.0,1,0.0,4222904.753386125,6101600000,47.32406883154513,254.0,1,3.722952256e+19,2898380.028402237,4606762681112.452,1900000.0,1.861522195626811e+19,7844807.988788351,1.191438059322536e-09,0,0,1,0.0,0.0,0
135,196200000.0,1,0.0,4241600.563353276,6150400000,47.60514657086997,255.0,1,3.782742016e+19,2881480.0195553713,4573303028786.412,1900000.0,1.8914167410302878e+19,7844807.988788351,1.191438059322536e-09,0,0,1,0.0,0.0,0
136,196200000.0,1,0.0,4260283.768066557,6199200000,47.88636933154721,256.0,1,3.843008064e+19,2864580.0107085053,4540414597058.421,1900000.0,1.9215494361459704e+19,7844807.988788351,1.191438059322536e-09,0,0,1,0.0,0.0,0
137,196200000.0,1,0.0,4279370.94845404,6248000000,48.16770583994518,257.0,1,3.9037504e+19,2847680.0018616393,4508097385928.478,1900000.0,1.9519202809738592e+19,7864783.704929775,1.191438059322536e-09,0,0,1,0.0,0.0,0
138,196200000.0,1,0.0,4298446.349932073,6296800000,48.44917455893828,258.0,1,3.964969024e+19,2830779.9930147734,4476351395396.582,1900000.0,1.982529275513954e+19,7864783.704929775,1.191438059322536e-09,0,0,1,0.0,0.0,0
139,196200000.0,1,0.0,4317510.365130968,6345600000,48.730769224540715,259.0,1,4.026663936e+19,2813879.9841679074,4445176625462.735,1900000.0,2.013376419766255e+19,7864783.704929775,1.191438059322536e-09,0,0,1,0.0,0.0,0
140,196200000.0,1,0.0,4336563.373593366,6394400000,49.01248397439928,260.0,1,4.088835136e+19,2796979.9753210414,4414573076126.937,1900000.0,2.044461713730761e+19,7864783.704929775,1.191438059322536e-09,0,0,1,0.0,0.0,0
141,196200000.0,1,0.0,4355605.742210481,6443200000,49.29431331558943,261.0,1,4.151482624e+19,2780079.9664741755,4384540747389.186,1900000.0,2.075785157407474e+19,7864783.704929775,1.191438059322536e-09,0,0,1,0.0,0.0,0
142,196200000.0,1,0.0,4373276.106317695,6492000000,49.57633540418583,262.0,1,4.2146064e+19,2763179.9576273095,4355079639249.4844,1900000.0,2.1073467507963924e+19,7864783.704929775,2.1227606339380145e-09,0,0,1,0.0,0.0,0
143,196200000.0,1,0.0,4390772.351368562,6540800000,49.85847099130263,263.0,1,4.278206464e+19,2746279.9487804435,4326189751707.8306,1900000.0,2.139146493897517e+19,7864783.704929775,2.1227606339380145e-09,0,0,1,0.0,0.0,0
144,196200000.0,1,0.0,4408256.64987102,6589600000,50.14070558403879,264.0,1,4.342282816e+19,2729379.9399335776,4297871084764.225,1900000.0,2.1711843867108475e+19,7864783.704929775,9.440555004402995e-10,0,0,1,0.0,0.0,0
145,196200000.0,1,0.0,4425729.400043353,6638400000,50.42303491876043,265.0,1,4.406835456e+19,2712479.9310867116,4270123638418.668,1900000.0,2.203460429236384e+19,7864783.704929775,9.440555004402995e-10,0,0,1,0.0,0.0,0
146,196200000.0,1,0.0,4443190.9868298955,6687200000,50.70545497985374,266.0,1,4.471864384e+19,2695579.9222398456,4242947412671.159,1900000.0,2.2359746214741266e+19,7864783.704929775,9.440555004402995e-10,0,0,1,0.0,0.0,0
147,196200000.0,1,0.0,4460641.7823435115,6736000000,50.987961981665585,267.0,1,4.5373696e+19,2678679.9133929797,4216342407521.6987,1900000.0,2.2687269634240754e+19,7864783.704929775,9.258656064048409e-10,0,0,1,0.0,0.0,0
148,196200000.0,1,0.0,4478082.146293295,6784800000,51.2705523520139,268.0,1,4.603351104e+19,2661779.9045461137,4190308622970.286,1900000.0,2.3017174550862295e+19,7864783.704929775,9.258656064048409e-10,0,0,1,0.0,0.0,0
149,196200000.0,1,0.0,4495512.426398043,6833600000,51.553222717110295,269.0,1,4.669808896e+19,2644879.8956992477,4164846059016.9224,1900000.0,2.3349460964605903e+19,7864783.704929775,9.258656064048409e-10,0,0,1,0.0,0.0,0
150,196200000.0,1,0.0,4513009.195320595,6882400000,51.83596648197772,270.0,1,4.736742976e+19,2627979.8868523818,4139954715661.607,1900000.0,2.3684128875471565e+19,7868443.058594103,1.6825651982799172e-09,0,0,1,0.0,0.0,0
151,196200000.0,1,0.0,4530496.541450173,6931200000,52.118784162191034,271.0,1,4.804153344e+19,2611079.878005516,4115634592904.3394,1900000.0,2.402117828345929e+19,7868443.058594103,1.6825651982799172e-09,0,0,1,0.0,0.0,0
152,196200000.0,1,0.0,4547974.778879877,6980000000,52.40167289550952,272.0,1,4.87204e+19,2594179.86915865,4091885690745.1206,1900000.0,2.4360609188569076e+19,7868443.058594103,1.6825651982799172e-09,0,0,1,0.0,0.0,0
153,196200000.0,1,0.0,4565444.211233035,7028800000,52.68462996958192,273.0,1,4.940402944e+19,2577279.860311784,4068708009183.9497,1900000.0,2.4702421590800916e+19,7868443.058594103,1.6825651982799172e-09,0,0,1,0.0,0.0,0
154,196200000.0,1,0.0,4582905.132012201,7077600000,52.9676528121024,274.0,1,5.009242176e+19,2560379.851464918,4046101548220.827,1900000.0,2.5046615490154824e+19,7868443.058594103,1.6825651982799172e-09,0,0,1,0.0,0.0,0
155,196200000.0,1,0.0,4600357.824936505,7126400000,53.2507389817402,275.0,1,5.078557696e+19,2543479.842618052,4024066307855.753,1900000.0,2.5393190886630785e+19,7868443.058594103,1.6825651982799172e-09,0,0,1,0.0,0.0,0
156,196200000.0,1,0.0,4617802.564267778,7175200000,53.53388615977236,276.0,1,5.148349504e+19,2526579.833771186,4002602288088.7275,1900000.0,2.574214778022881e+19,7868443.058594103,1.6825651982799172e-09,0,0,1,0.0,0.0,0
157,196200000.0,1,0.0,4635239.6151257865,7224000000,53.817092142356344,277.0,1,5.2186176e+19,2509679.82492432,3981709488919.75,1900000.0,2.609348617094889e+19,7868443.058594103,1.6825651982799172e-09,0,0,1,0.0,0.0,0
158,196200000.0,1,0.0,4651773.238470198,7272800000,54.1004093717736,278.0,1,5.289361984e+19,2492779.816077454,3961387910348.8203,1900000.0,2.6447206058791035e+19,7868443.058594103,1.6825651982799172e-09,0,0,1,0.0,0.0,0
159,196200000.0,1,0.0,4667727.534681171,7321600000,54.38381527365639,279.0,1,5.360582656e+19,2475879.807230588,3941637552375.9395,1900000.0,2.6803307443755237e+19,7868443.058594103,1.6825651982799172e-09,0,0,1,0.0,0.0,0
160,196200000.0,1,0.0,4683673.528143203,7370400000,54.66727301174844,280.0,1,5.432279616e+19,2458979.798383722,3922458415001.107,1900000.0,2.71617903258415e+19,7868443.058594103,1.6825651982799172e-09,0,0,1,0.0,0.0,0
161,196200000.0,1,0.0,4699611.495614593,7419200000,54.95078079099405,281.0,1,5.504452864e+19,2442079.789536856,3903850498224.3223,1900000.0,2.752265470504982e+19,7868443.058594103,1.6825651982799172e-09,0,0,1,0.0,0.0,0
162,196200000.0,1,0.0,4715541.720076085,7468000000,55.234336898713885,282.0,1,5.5771024e+19,2425179.78068999,3885813802045.5864,1900000.0,2.7885900581380207e+19,7868443.614712162,2.0609149942174554e-09,0,0,1,0.0,0.0,0
163,196200000.0,1,0.0,4731464.444695214,7516800000,55.51793970376395,283.0,1,5.650228224e+19,2408279.771843124,3868348326464.8984,1900000.0,2.8251527954832646e+19,7868443.614712162,2.0609149942174554e-09,0,0,1,0.0,0.0,0
164,196200000.0,1,0.0,4748238.341779804,7565600000,55.8015232924113,284.0,1,5.723830336e+19,2391379.762996258,3851454071482.259,1900000.0,2.861953682540715e+19,7909647.88574026,2.0609149942174554e-09,0,0,1,0.0,0.0,0
165,196200000.0,1,0.0,4765005.230678361,7614400000,56.08515361934617,285.0,1,5.797908736e+19,2374479.7541493922,3835131037097.668,1900000.0,2.898992719310371e+19,7909647.88574026,2.0609149942174554e-09,0,0,1,0.0,0.0,0
166,196200000.0,1,0.0,4781765.3449970875,7663200000,56.36882909741582,286.0,1,5.872463424e+19,2357579.7453025263,3819379223311.125,1900000.0,2.936269905792233e+19,7909647.88574026,2.0609149942174554e-09,0,0,1,0.0,0.0,0
167,196200000.0,1,0.0,4798519.2215260975,7712000000,56.65254821224024,287.0,1,5.9474944e+19,2340679.7364556603,3804198630122.6304,1900000.0,2.973785241986301e+19,7909670.275637298,2.6175257517024875e-09,0,0,1,0.0,0.0,0
168,196200000.0,1,0.0,4815266.767586622,7760800000,56.93630951802374,288.0,1,6.023001664e+19,2323779.7276087943,3789589257532.1836,1900000.0,3.0115387278925754e+19,7909670.275637298,2.333763404749334e-09,0,0,1,0.0,0.0,0
169,196200000.0,1,0.0,4832008.194194862,7809600000,57.220111633655776,289.0,1,6.098985216e+19,2306879.7187619284,3775551105539.7856,1900000.0,3.0495303635110556e+19,7909670.275679591,1.8590071704238653e-09,0,0,1,0.0,0.0,0
170,196200000.0,1,0.0,4848743.705331992,7858400000,57.5039532390777,290.0,1,6.175445056e+19,2289979.7099150624,3762084174145.436,1900000.0,3.0877601488417415e+19,7909670.275679591,2.3246684577316046e-09,0,0,1,0.0,0.0,0
171,196200000.0,1,0.0,4865473.498180382,7907200000,57.78783307189449,291.0,1,6.252381184e+19,2273079.701068196,3749188463349.135,1900000.0,3.1262280838846333e+19,7909670.275679591,2.3246684577316046e-09,0,0,1,0.0,0.0,0
172,196200000.0,1,0.0,4882197.76334966,7956000000,58.071749924211915,292.0,1,6.3297936e+19,2256179.69222133,3736863973150.8813,1900000.0,3.1649341686397317e+19,7909670.275679591,2.3246684577316046e-09,0,0,1,0.0,0.0,0
173,196200000.0,1,0.0,4898916.685095792,8004800000,58.35570263968214,293.0,1,6.407682304e+19,2239279.683374464,3725110703550.677,1900000.0,3.2038784031070355e+19,7909670.275679591,2.3246684577316046e-09,0,0,1,0.0,0.0,0
174,196200000.0,1,0.0,4915630.441532886,8053600000,58.63969011074155,294.0,1,6.486047296e+19,2222379.674527598,3713928654548.52,1900000.0,3.2430607872865456e+19,7909670.275679591,2.3246684577316046e-09,0,0,1,0.0,0.0,0
175,196200000.0,1,0.0,4932339.20483791,8102400000,58.92371127602603,295.0,1,6.564888576e+19,2205479.665680732,3703317826144.4116,1900000.0,3.2824813211782615e+19,7909670.275679591,2.3246684577316046e-09,0,0,1,0.0,0.0,0
176,196200000.0,1,0.0,4949276.259088648,8151200000,59.20776511795099,296.0,1,6.644206144e+19,2188579.656833866,3693278218338.352,1900000.0,3.3221400047821832e+19,7926454.745763361,1.9717845134437084e-09,0,0,1,0.0,0.0,0
177,196200000.0,1,0.0,4966208.647534864,8200000000,59.49185066044332,297.0,1,6.724e+19,2171679.647987,3683809831130.3403,1900000.0,3.362036838098311e+19,7926454.745763361,1.9717845134437084e-09,0,0,1,0.0,0.0,0
178,196200000.0,1,0.0,4983136.5257033715,8248800000,59.775966966814586,298.0,1,6.804270144e+19,2154779.6391401337,3674912664520.377,1900000.0,3.4021718211266454e+19,7926454.745763361,1.4115357771515846e-09,0,0,1,0.0,0.0,0
179,196200000.0,1,0.0,5000067.955228245,8297600000,60.0601131376726,299.0,1,6.885016576e+19,2137879.630293268,3666586718508.462,1900000.0,3.442544953867185e+19,7927024.277796748,2.359229256398976e-09,0,0,1,0.0,0.0,0
180,196200000.0,1,0.0,5017683.946408534,8346400000,60.344259078908905,300.0,1,6.966239296e+19,2120979.621446402,3658831993094.595,1900000.0,3.4831562363199308e+19,7987908.371268896,2.359229256398976e-09,0,0,1,0.0,0.0,0
181,196200000.0,1,0.0,5035440.007481728,8395200000,60.62842003258094,301.0,1,7.047938304e+19,2104079.612599536,3651648488278.777,1900000.0,3.524005668484883e+19,8015284.860038107,5.262336344458163e-09,0,0,1,0.0,0.0,0
182,196200000.0,1,0.0,5053191.486194617,8444000000,60.91261193609216,302.0,1,7.1301136e+19,2087179.6037526699,3645036204061.0063,1900000.0,3.5650932503620407e+19,8015284.860038107,5.415131454356015e-09,0,0,1,0.0,0.0,0
183,196200000.0,1,0.0,5070938.535292546,8492800000,61.196833839218115,303.0,1,7.212765184e+19,2070279.594905804,3638995140441.2847,1900000.0,3.6064189819514044e+19,8015284.860038107,5.415131454356015e-09,0,0,1,0.0,0.0,0
184,196200000.0,1,0.0,5088681.302429346,8541600000,61.48108483152653,304.0,1,7.295893056e+19,2053379.586058938,3633525297419.6113,1900000.0,3.6479828632529744e+19,8015284.860038107,5.415131454356015e-09,0,0,1,0.0,0.0,0
185,196200000.0,1,0.0,5106419.930337056,8590400000,61.76536404025002,305.0,1,7.379497216e+19,2036479.5772120717,3628626674995.986,1900000.0,3.68978489426675e+19,8015284.860038107,4.585672286339104e-09,0,0,1,0.0,0.0,0
186,196200000.0,1,0.0,5124154.556989979,8639200000,62.04967062829773,306.0,1,7.463577664e+19,2019579.5683652058,3624299273170.4087,1900000.0,3.731825074992732e+19,8015284.860038107,4.585672286339104e-09,0,0,1,0.0,0.0,0
187,196200000.0,1,0.0,5141885.315763272,8688000000,62.33400379239539,307.0,1,7.5481344e+19,2002679.5595183398,3620543091942.8804,1900000.0,3.774103405430919e+19,8015284.860038107,4.585672286339104e-09,0,0,1,0.0,0.0,0
188,196200000.0,1,0.0,5159612.335586261,8736800000,62.618362761343874,308.0,1,7.633167424e+19,1985779.5506714736,3617358131313.4,1900000.0,3.816619885581313e+19,8015284.860038107,4.170942702330649e-09,0,0,1,0.0,0.0,0
189,196200000.0,1,0.0,5177070.9773230245,8785600000,62.90274679438726,309.0,1,7.718676736e+19,1968879.5418246076,3614744391281.968,1900000.0,3.859374515443913e+19,7996221.86877135,4.170942702330649e-09,0,0,1,0.0,0.0,0
190,196200000.0,1,0.0,5194526.125218446,8834400000,63.187155179682335,310.0,1,7.804662336e+19,1951979.5329777417,3612701871848.584,1900000.0,3.902367295018719e+19,7996221.86877135,4.170942702330649e-09,0,0,1,0.0,0.0,0
191,196200000.0,1,0.0,5211977.895733904,8883200000,63.47158723286207,311.0,1,7.891124224e+19,1935079.5241308757,3611230573013.2485,1900000.0,3.94559822430573e+19,7996221.86877135,4.170942702330649e-09,0,0,1,0.0,0.0,0
192,196200000.0,1,0.0,5229426.4014487285,8932000000,63.7560422956861,312.0,1,7.9780624e+19,1918179.5152840097,3610330494775.9614,1900000.0,3.989067303304948e+19,7996221.86877135,4.170942702330649e-09,0,0,1,0.0,0.0,0
193,196200000.0,1,0.0,5246871.751189609,8980800000,64.04051973477227,313.0,1,8.065476864e+19,1901279.5064371435,3610001637136.7227,1900000.0,4.032774532016371e+19,7996221.86877135,4.170942702330649e-09,0,0,1,0.0,0.0,0
194,196200000.0,1,0.0,5264314.050155675,9029600000,64.3250189404031,314.0,1,8.153367616e+19,1900000.0,3610000000000.0,1900000.0,4.076719908e+19,7996221.86877135,4.170942702330649e-09,0,0,1,0.0,0.0,0
195,196200000.0,1,0.0,5281753.400039423,9078400000,64.60953932540221,315.0,1,8.241734656e+19,1900000.0,3610000000000.0,1900000.0,4.120903428e+19,7996221.86877135,4.170942702330649e-09,0,0,1,0.0,0.0,0
196,196200000.0,1,0.0,5299189.869629362,9127200000,64.89408032508527,316.0,1,8.330577984e+19,1900000.0,3610000000000.0,1900000.0,4.165325092e+19,7996220.452088127,2.890374162234366e-09,0,0,1,0.0,0.0,0
197,196200000.0,1,0.0,5316623.583465712,9176000000,65.17864139318945,317.0,1,8.4198976e+19,1900000.0,3610000000000.0,1900000.0,4.2099849e+19,7996220.452088127,2.890374162234366e-09,0,0,1,0.0,0.0,0
198,196200000.0,1,0.0,5334054.633406926,9224800000,65.46322200405085,318.0,1,8.509693504e+19,1900000.0,3610000000000.0,1900000.0,4.254882852e+19,7996220.452088127,2.890374162234366e-09,0,0,1,0.0,0.0,0
199,196200000.0,1,0.0,5351483.108249508,9273600000,65.74782165065974,319.0,1,8.599965696e+19,1900000.0,3610000000000.0,1900000.0,4.300018948e+19,7996220.452088127,2.890374162234366e-09,0,0,1,0.0,0.0,0
200,486200000.0,1,0.0,5285412.493178189,9522400000,66.042132383368,320.0,1,9.067610176e+19,3950051.3517469363,4121410731208.406,1900000.0,4.533846302107312e+19,7998800.287464119,4.418325261212885e-09,0,0,1,0.0,0.0,0
201,486200000.0,1,0.0,5243386.980329969,9771200000,66.33410378084919,321.0,1,9.547634944e+19,6000102.703493873,5655642924833.622,1900000.0,4.773874028429248e+19,7998800.287464119,4.418325261212885e-09,0,0,1,0.0,0.0,0
202,486200000.0,1,0.0,5201361.46748175,10020000000,66.62685211547925,322.0,1,1.004004e+20,8050154.055240808,8212696580875.65,1900000.0,5.020102126965809e+19,7998800.287464119,3.974491846747696e-09,0,0,1,0.0,0.0,0
203,486200000.0,1,0.0,5159335.95463353,10268800000,66.9205698478634,323.0,1,1.0544825344e+20,10100205.406987745,11792571699334.488,1900000.0,5.272530597716994e+19,7998800.287464119,3.3269316190853715e-09,0,0,1,0.0,0.0,0
204,486200000.0,1,0.0,5118244.184006989,10517600000,67.21543174481448,324.0,1,1.1061990976e+20,12138874.340570783,16363755404332.285,1900000.0,5.531159125554043e+19,8032415.0074444935,2.393790055066347e-09,0,0,1,0.0,0.0,0
205,486200000.0,1,0.0,5078201.081973598,10766400000,67.51160527461802,325.0,1,1.1591536896e+20,14177543.274153821,21945230902605.312,2153882.6438304153,5.795987900309026e+19,8070167.076797913,1.9572325982153416e-09,0,0,1,0.0,0.0,0
206,486200000.0,1,0.0,5038157.979940206,11015200000,67.81003835785867,326.0,1,1.2133463104e+20,16216212.20773686,28536998194153.57,2509246.456584625,6.067016921981941e+19,8070167.076797913,1.9572325982153416e-09,0,0,1,0.0,0.0,0
207,486200000.0,1,0.0,4998114.877906817,11264000000,68.11180256632375,327.0,1,1.26877696e+20,18254881.141319897,36139057278977.06,2864610.269338834,6.34424619057279e+19,8070167.076797913,1.9572325982153416e-09,0,0,1,0.0,0.0,0
208,486200000.0,1,0.0,4958071.7758734245,11512800000,68.41889079871383,328.0,1,1.3254456384e+20,20293550.074902937,44751408157075.78,3219974.0820930433,6.627675706081571e+19,8070167.076797913,1.9572325982153416e-09,0,0,1,0.0,0.0,0
209,486200000.0,1,0.0,4918028.673840033,11761600000,68.73551400282294,329.0,1,1.3833523456e+20,22332219.008485973,54374050828449.73,3575337.8948472524,6.9173054685082845e+19,8070167.076797913,1.9572325982153416e-09,0,0,1,0.0,0.0,0
210,486200000.0,1,0.0,4880213.080581349,12010400000,69.07228208110443,330.0,1,1.4424970816e+20,24330792.784124266,64819254796242.62,3930701.7076014616,7.213133600547962e+19,8150357.392687402,6.621121428906918e-10,0,0,1,0.0,0.0,0
211,486200000.0,1,0.0,4842397.487322666,12259200000,69.46815767358778,331.0,1,1.5028798464e+20,26329366.55976256,76242079213964.7,4286065.520355671,7.51516165279214e+19,8150357.392687402,6.621121428906918e-10,0,0,1,0.0,0.0,0
212,486200000.0,1,0.0,4804581.894063984,12508000000,70.25230258224828,332.0,1,1.56450064e+20,28327940.335400853,88642524081615.98,4641429.33310988,7.823389625240817e+19,8150357.392687402,6.621121428906918e-10,0,0,1,0.0,0.0,0
213,443526205.5143005,2,0.0,4776027.106900288,12799473794,78.3632087852735,333.0,2,1.627377672927358e+20,29993125.091619622,98892458821573.84,4830098.636154326,8.137877289225006e+19,8150357.392687402,6.621121428906918e-10,0,0,1,0.0,0.0,0
214,395226863.9349224,2,0.0,4757953.947683504,13139246931,78.6552255731306,334.0,2,1.6916349286204565e+20,31280971.241749495,106254922436840.73,4830098.636154326,8.45923719232665e+19,8150357.392687402,6.621121428906918e-10,0,0,1,0.0,0.0,0
215,395226863.9349224,2,0.0,4739880.788291606,13479020067,78.947852654117,335.0,2,1.7572957353432652e+20,32568817.39503145,114153111636303.25,4830098.636154326,8.78762020783269e+19,8150357.386383244,1.0695657692849636e-09,0,0,1,0.0,0.0,0
216,395226863.9349224,2,0.0,4721807.628899709,13818793203,79.24117194694013,336.0,2,1.824360093095784e+20,33856663.5483134,122587026402128.48,4830098.636154326,9.123026335742942e+19,8150357.386383244,1.0695657692849636e-09,0,0,1,0.0,0.0,0
217,395226863.9349224,2,0.0,4703760.243832912,14158566339,79.53527959836718,337.0,2,1.8928280018780134e+20,35144045.76374353,131553895252106.55,4837500.0,9.465455548342588e+19,8151285.262086909,4.0745362639427185e-10,0,0,1,0.0,0.0,0
218,395226863.9349224,2,0.0,4685712.858766115,14498339475,79.83030094875882,338.0,2,1.9626994616899528e+20,36431427.979173645,141056181929260.2,5106250.0,9.814907870269057e+19,8151285.262086909,4.0745362639427185e-10,0,0,1,0.0,0.0,0
219,395226863.9349224,2,0.0,4667665.473699319,14838112611,80.12638839518347,339.0,2,2.033974472531603e+20,37718810.19460377,151093886433589.44,5375000.0,1.017138330152235e+20,8151285.262086909,4.0745362639427185e-10,0,0,1,0.0,0.0,0
220,395226863.9349224,2,0.0,4649618.088632521,15177885747,80.42373462095789,340.0,2,2.106653034402963e+20,39006192.41003389,161667008765094.28,5643750.0,1.0534881842102467e+20,8151285.262086909,4.0745362639427185e-10,0,0,1,0.0,0.0,0
221,395226863.9349224,2,0.0,4633257.3525747685,15517658883,80.72225547939141,341.0,2,2.1807351473040333e+20,40263214.943301275,172510474115042.7,5912500.0,1.0905400841261317e+20,8212004.62641238,6.548361852765083e-10,0,0,1,0.0,0.0,0
222,395226863.9349224,2,0.0,4616896.616517012,15857432019,81.02252862744167,342.0,2,2.2562208112348142e+20,41520237.47656866,183866205166510.44,6181250.0,1.1282942718225736e+20,8212004.62641238,6.548361852765083e-10,0,0,1,0.0,0.0,0
223,395226863.9349224,2,0.0,4600535.880459256,16197205155,81.32496465730331,343.0,2,2.3331100261953054e+20,42777260.00983605,195734201919497.5,6450000.0,1.1667507472995723e+20,8212004.62641238,6.548361852765083e-10,0,0,1,0.0,0.0,0
224,395226863.9349224,2,0.0,4584175.1444015,16536978291,81.63012816449165,344.0,2,2.4114027921855067e+20,44034282.543103434,208114464374003.9,6718750.0,1.2059095105571273e+20,8212004.62641238,6.548361852765083e-10,0,0,1,0.0,0.0,0
225,395226863.9349224,2,0.0,4567168.308171089,16876751427,81.93902894990299,345.0,2,2.4910991092054183e+20,45302934.879478626,221125456615929.97,6987500.0,1.2457706800593252e+20,8188745.0201967675,9.022187441587448e-10,0,0,1,0.0,0.0,0
226,395226863.9349224,2,0.0,4550161.471940679,17216524563,82.25271685598418,346.0,2,2.5721989772550403e+20,46571587.21585382,234657365558079.3,7256250.0,1.2863341459930782e+20,8188745.0201967675,9.022187441587448e-10,0,0,1,0.0,0.0,0
227,395226863.9349224,2,0.0,4533491.1967773205,17556297699,82.57303637432972,347.0,2,2.6547023963343726e+20,47834181.45302205,248673220838272.03,7525000.0,1.3275998713880245e+20,8200861.218610693,1.9208528101444244e-09,0,0,1,0.0,0.0,0
228,395226863.9349224,2,0.0,4516820.921613962,17896070835,82.90315540993713,348.0,2,2.7386093664434153e+20,49096775.69019028,263209641665616.22,7793750.0,1.3695678928633733e+20,8200861.218610693,1.9354047253727913e-09,0,0,1,0.0,0.0,0
229,395226863.9349224,2,0.0,4500150.646450603,18235843972,83.24877930498084,349.0,2,2.8239198875821684e+20,50359369.92735851,278266628040111.88,8062500.0,1.4122382104191243e+20,8200861.218610693,1.9354047253727913e-09,0,0,1,0.0,0.0,0
230,395226863.9349224,2,0.0,4483480.371287247,18575617108,83.62178111949082,350.0,2,2.9106339597506314e+20,51621964.16452673,293844179961759.0,8331250.0,1.4556108240552775e+20,8200861.218610693,1.9354047253727913e-09,0,0,1,0.0,0.0,0
231,395226863.9349224,2,0.0,4468966.8979204735,18915390244,84.05007210201732,351.0,2,2.998751582948805e+20,52845735.96935644,309531005968945.25,8600000.0,1.4996853224803716e+20,8278506.083287738,1.9354047253727913e-09,0,0,1,0.0,0.0,0
232,395226863.9349224,2,0.0,4454453.424553699,19255163380,84.65735342337885,352.0,2,3.088272757176689e+20,54069507.77418615,325714171025666.25,8868750.0,1.5444620927593703e+20,8278506.083287738,1.9354047253727913e-09,0,0,1,0.0,0.0,0
233,395226863.9349224,2,0.0,4439941.224844881,19594936516,89.74328193410368,353.0,3,3.179197482434283e+20,55293256.65317266,342393531723622.7,9137500.0,1.589941134748865e+20,8278551.93497414,1.0622898116707802e-09,0,0,1,0.0,0.0,0
234,333315190.15590113,3,0.0,4445582.564777671,19996621326,93.49662277729519,354.0,3,3.271564089275088e+20,55791478.105061255,346658410576628.8,9164407.524300698,1.6361287030481207e+20,8278551.93497414,1.0622898116707802e-09,0,0,1,0.0,0.0,0
235,326426863.9349224,3,0.0,4453466.198402189,20405194462,93.77772018287314,355.0,3,3.365428441455223e+20,56208976.98404776,349628519558323.6,9164407.524300698,1.68306384924717e+20,8278551.93497414,1.3096723705530167e-09,0,0,1,0.0,0.0,0
236,326426863.9349224,3,0.0,4461349.832026703,20813767598,94.06445578655914,356.0,3,3.460791013465068e+20,56626475.86303427,352721634234706.8,9164407.524300698,1.730748228366769e+20,8278551.93497414,1.3096723705530167e-09,0,0,1,0.0,0.0,0
237,326426863.9349224,3,0.0,4469233.465651219,21222340734,94.35784145439304,357.0,3,3.5576518053046236e+20,57043974.74202078,355937754605778.44,9164407.524300698,1.7791818404069176e+20,8278551.93497414,1.076841726899147e-09,0,0,1,0.0,0.0,0
238,326426863.9349224,3,0.0,4477117.099275739,21630913870,94.6597313619174,358.0,3,3.6560108169738886e+20,57461473.62100718,359276880671537.4,9164407.524300698,1.8283646853676158e+20,8278551.934974334,1.7025740817189217e-09,0,0,1,0.0,0.0,0
239,326426863.9349224,3,0.0,4485000.732900262,22039487006,94.97356815122555,359.0,3,3.755868048472865e+20,57878972.49999359,362739012431984.7,9164407.524300698,1.8782967632488645e+20,8278551.934974334,1.7025740817189217e-09,0,0,1,0.0,0.0,0
240,326337301.54664505,3,0.0,4492864.930242605,22448149705,95.30623535043004,360.0,3,3.857227976117625e+20,58296121.52590079,366321951298732.1,9164407.524300698,1.9289803100101113e+20,8277152.5226575015,1.7025740817189217e-09,0,0,1,0.0,0.0,0
241,326337301.54664505,3,0.0,4500729.127584945,22856812403,95.67355542181181,361.0,3,3.9600864496633774e+20,58713270.55180799,370027962618100.5,9164407.524300698,1.9804132527943067e+20,8277152.5226575015,1.7025740817189217e-09,0,0,1,0.0,0.0,0
242,326337301.54664505,3,0.0,4508536.1804200215,23265475102,96.12192097285062,362.0,3,4.064443469110122e+20,59130933.87828061,373857674044720.06,9164407.524300698,2.0325955922291058e+20,8275095.320395849,3.536115400493145e-09,0,0,1,0.0,0.0,0
243,326337301.54664505,3,0.0,4516343.233255094,23674137800,96.87581369719119,363.0,3,4.170299034457859e+20,59548597.20475322,377810487633906.7,9164407.524300698,2.0855273277165634e+20,8275095.320395849,3.536115400493145e-09,0,0,1,0.0,0.0,0
244,326337301.54664505,3,0.0,4524150.28609017,24082800498,104.83810076531846,364.0,4,4.277653145706588e+20,59966260.53122584,381886403385660.44,9164407.524300698,2.1392084592566796e+20,8275095.320395849,3.536115400493145e-09,0,0,1,0.0,0.0,0
245,288307181.1638223,4,0.0,4544336.935404029,24529493317,105.11541980187026,365.0,4,4.386520265756872e+20,59938258.384462245,381156655703454.94,9164407.524300698,2.1936412895341393e+20,8275095.320395849,3.536115400493145e-09,0,0,1,0.0,0.0,0
246,287537301.54664505,4,0.0,4564774.196572435,24976956015,105.39395893349959,366.0,4,4.496916034581002e+20,59901234.21093486,380373427575049.94,9164407.524300698,2.2488383907180764e+20,8275095.320395849,3.536115400493145e-09,0,0,1,0.0,0.0,0
247,287537301.54664505,4,0.0,4585211.457740843,25424418714,105.67463899788423,367.0,4,4.6088404581061244e+20,59864210.03740747,379635727026403.2,9164407.524300698,2.3047998647800886e+20,8275095.320395849,3.536115400493145e-09,0,0,1,0.0,0.0,0
248,287537301.54664505,4,0.0,4606918.214735279,25871881412,105.95322868817765,368.0,4,4.7222935363322393e+20,59804334.93901162,378617671530238.3,9164407.524300698,2.36152538583765e+20,8320797.170132786,3.0122464522719383e-09,0,0,1,0.0,0.0,0
249,287537301.54664505,4,0.0,4628624.971729712,26319344111,106.23507735684878,369.0,4,4.837275269259346e+20,59744459.840615764,377647611091733.75,9164407.524300698,2.4190152822407646e+20,8320797.170132786,3.245077095925808e-09,0,0,1,0.0,0.0,0
250,287537301.54664505,4,0.0,4650500.523928537,26766806809,106.52062665251931,370.0,4,4.953785656887444e+20,59683065.58538038,376723335968818.56,9164407.524300698,2.477269551779691e+20,8326873.7974909,1.5861587598919868e-09,0,0,1,0.0,0.0,0
251,287537301.54664505,4,0.0,4672376.076127363,27214269508,106.81061845311197,371.0,4,5.071824699216535e+20,59621671.330144994,375846971198478.75,9164407.524300698,2.536288196579466e+20,8326873.7974909,1.6007106751203537e-09,0,0,1,0.0,0.0,0
252,287537301.54664505,4,0.0,4694251.628326189,27661732206,107.10622629337004,372.0,4,5.191392396246618e+20,59560277.07490961,375018516780714.2,9164407.524300698,2.5960712166400898e+20,8326873.7974909,1.6007106751203537e-09,0,0,1,0.0,0.0,0
253,287391204.55997777,4,0.0,4716099.647767422,28109341002,107.40937546115887,373.0,4,5.3124995092659726e+20,59498274.577461325,374235039732568.2,9164407.524300698,2.6566239896727188e+20,8324741.235509162,3.041350282728672e-09,0,0,1,0.0,0.0,0
254,287391204.55997777,4,0.0,4737947.677529265,28556949797,107.72338483411895,374.0,4,5.435135809572639e+20,59436271.894241996,373499580027459.1,9164407.524300698,2.717941404366347e+20,8324741.607051246,3.987224772572517e-09,0,0,1,0.0,0.0,0
255,287391204.55997777,4,0.0,4759795.70729111,29004558592,108.0543898242164,375.0,4,5.559301297166618e+20,59374269.21102267,372812138693431.44,9164407.524300698,2.7800234607220025e+20,8324741.607051246,3.754394128918648e-09,0,0,1,0.0,0.0,0
256,287391204.55997777,4,0.0,4781360.878413651,29452167388,108.41503587077302,376.0,4,5.684995972047909e+20,59312266.52780334,372172715730485.1,9164407.524300698,2.842870158739685e+20,8324741.607051246,4.220055416226387e-09,0,0,1,0.0,0.0,0
257,287391204.55997777,4,0.0,4800992.666749234,29899776183,108.83605002899272,377.0,4,5.812219834216513e+20,59250263.844584,371581311138620.2,9164407.524300698,2.906481498419395e+20,8324741.607051246,4.220055416226387e-09,0,0,1,0.0,0.0,0
258,287391204.55997777,4,0.0,4820624.416475415,30347384979,109.41574335356465,378.0,4,5.940972883672429e+20,59188261.161364675,371037924917836.6,9164407.524300698,2.970857479761132e+20,8324741.607051246,3.550667315721512e-09,0,0,1,0.0,0.0,0
259,287391204.55997777,4,0.0,4840256.128879173,30794993774,110.73625002320247,379.0,4,6.071255120415658e+20,59126258.478145346,370542557068134.44,9164407.524300698,3.035998102764897e+20,8324741.607051246,3.550667315721512e-09,0,0,1,0.0,0.0,0
260,282701860.87525415,5,0.0,4860435.9505677065,31247291914,117.69816917200498,380.0,5,6.20306676434564e+20,59021042.55303174,369724143554551.1,9164407.524300698,3.1019031063163745e+20,8277781.589406911,1.9354047253727913e-09,0,0,1,0.0,0.0,0
261,263591204.55997777,5,0.0,4886836.654149806,31718700709,117.9723036354339,381.0,5,6.336415272191087e+20,58691873.6242235,367351571443152.1,9164407.524300698,3.168574987666987e+20,8277781.589406911,1.9354047253727913e-09,0,0,1,0.0,0.0,0
262,263591204.55997777,5,0.0,4913237.324018704,32190109504,118.24695626478209,382.0,5,6.471304296123847e+20,58362704.69541525,365014221757659.2,9164407.524300698,3.236017162283681e+20,8277781.589406911,1.9354047253727913e-09,0,0,1,0.0,0.0,0
263,263591204.55997777,5,0.0,4939637.961298166,32661518300,118.52209201141316,383.0,5,6.607733836143919e+20,58033535.76660701,362712094498072.4,9164407.524300698,3.3042296301664574e+20,8277781.589406911,1.9354047253727913e-09,0,0,1,0.0,0.0,0
264,263591204.55997777,5,0.0,4966038.567074514,33132927095,118.79767896289344,384.0,5,6.745703892251303e+20,57704366.83779876,360445189664391.6,9164407.524300698,3.373212391315316e+20,8277781.589406911,1.9354047253727913e-09,0,0,1,0.0,0.0,0
265,263591204.55997777,5,0.0,4992439.142397848,33604335891,119.07368799701912,385.0,5,6.885214464446e+20,57375197.90899052,358213507256617.06,9164407.524300698,3.442965445730257e+20,8277781.589406911,1.9354047253727913e-09,0,0,1,0.0,0.0,0
266,263591204.55997777,5,0.0,5018839.688283268,34075744686,119.35009248090287,386.0,5,7.026265552728009e+20,57046028.98018227,356017047274748.56,9164407.524300698,3.513488793411279e+20,8277781.589406911,1.9354047253727913e-09,0,0,1,0.0,0.0,0
267,263591204.55997777,5,0.0,5046681.358659531,34547153482,119.62675811452175,387.0,5,7.168857157097331e+20,56690919.29831928,353761835039336.56,9164407.524300698,3.584782340383705e+20,8329663.09551639,5.966285243630409e-10,0,0,1,0.0,0.0,0
268,263591204.55997777,5,0.0,5076164.607479241,35018562277,119.90365749847679,388.0,5,7.312989277553965e+20,56306260.70932846,351447363957285.1,9164407.524300698,3.65684608614094e+20,8388760.909772072,1.9936123862862587e-09,0,0,1,0.0,0.0,0
269,263591204.55997777,5,0.0,5105473.94991248,35489971073,120.18090857014852,389.0,5,7.458661914097912e+20,55923688.680832595,349186239557741.06,9164407.524300698,3.729680143288514e+20,8380414.676645751,3.5943230614066124e-09,0,0,1,0.0,0.0,0
270,263591204.55997777,5,0.0,5134783.266640934,35961379868,120.45848040726655,390.0,5,7.60587506672917e+20,55541116.652336724,346976901904357.8,9164407.524300698,3.8032845102664896e+20,8380414.676645751,4.059984348714352e-09,0,0,1,0.0,0.0,0
271,263591204.55997777,5,0.0,5164092.5585214235,36432788663,120.73635464661523,391.0,5,7.754628735447743e+20,55158544.62384096,344819350997136.44,9164407.524300698,3.877659187074868e+20,8380414.676645556,3.623426891863346e-09,0,0,1,0.0,0.0,0
272,263591204.55997777,5,0.0,5193401.826382217,36904197459,121.01451431818755,392.0,5,7.904922920253625e+20,54775972.595345184,342713586836075.8,9164407.524300698,3.9528041737136485e+20,8380414.676645556,3.623426891863346e-09,0,0,1,0.0,0.0,0
273,263591204.55997777,5,0.0,5221880.438383151,37375606254,121.29301395732935,393.0,5,8.056757621146822e+20,54416637.1105432,340659069484213.2,9164407.524300698,4.028719469642895e+20,8350511.901575863,4.292814992368221e-09,0,0,1,0.0,0.0,0
274,263591204.55997777,5,0.0,5250359.027939013,37847015050,121.57176714633898,394.0,5,8.21013283812733e+20,54100064.90663999,338649455623012.0,9164407.524300698,4.105405068519288e+20,8350511.901575863,4.292814992368221e-09,0,0,1,0.0,0.0,0
275,263591204.55997777,5,0.0,5278837.595797976,38318423845,121.85076040925185,395.0,5,8.365048571195151e+20,53783492.70273679,336682916554279.2,9164407.524300698,4.18286096851413e+20,8350511.901575863,4.292814992368221e-09,0,0,1,0.0,0.0,0
276,263591204.55997777,5,0.0,5307317.217916084,38789832641,122.12998113093549,396.0,5,8.521504820350284e+20,53466920.498833574,334759452278014.6,9164407.524300698,4.26108716962742e+20,8350550.6099573085,5.034962669014931e-09,0,0,1,0.0,0.0,0
277,263591204.55997777,5,0.0,5335796.8197596455,39261241436,122.409417741631,397.0,5,8.679501585592729e+20,53150348.29493037,332879062794218.4,9164407.524300698,4.340083671859159e+20,8350550.6099573085,5.034962669014931e-09,0,0,1,0.0,0.0,0
278,263591204.55997777,5,0.0,5362234.625600128,39732650232,122.68916906027451,398.0,5,8.839038866922487e+20,52870528.06630544,331101492157528.06,9164407.524300698,4.419850534953401e+20,8277046.65940074,5.180481821298599e-09,0,0,1,0.0,0.0,0
279,263591204.55997777,5,0.0,5388672.412495172,40204059027,122.96910966925859,399.0,5,9.000116664339559e+20,52590707.83768052,329354966159733.75,9164407.524300698,4.500387687135939e+20,8277046.65940074,5.180481821298599e-09,0,0,1,0.0,0.0,0
280,263591204.55997777,5,0.0,5415110.181076292,40675467822,123.24923043324735,400.0,5,9.16273497784394e+20,52310887.60905559,327639484800835.5,9164407.524300698,4.581695128406771e+20,8277046.65940074,5.180481821298599e-09,0,0,1,0.0,0.0,0
281,263591204.55997777,5,0.0,5441547.931953951,41146876618,123.52952280323984,401.0,5,9.326893807435636e+20,52031067.380430676,325955048080833.25,9164407.524300698,4.6637728587658985e+20,8277046.65940074,5.180481821298599e-09,0,0,1,0.0,0.0,0
282,263591204.55997777,5,0.0,5467985.665718264,41618285413,123.80997876993341,402.0,5,9.492593153114643e+20,51751247.15180575,324301655999727.06,9164407.524300698,4.746620878213321e+20,8277046.65940074,5.180481821298599e-09,0,0,1,0.0,0.0,0
283,267928996.89883268,5,0.0,5497667.015209601,42085356416,124.09051477840293,403.0,5,9.659276294442003e+20,51446930.54496954,322666090408872.5,9164407.524300698,4.82996081331141e+20,8427706.423765229,6.0390448197722435e-09,0,0,1,0.0,0.0,0
284,267928996.89883268,5,0.0,5527348.348709469,42552427419,124.37120401060156,404.0,5,9.827484502392957e+20,51142613.93813332,321070579756532.25,9164407.524300698,4.914063321776235e+20,8427706.423765229,5.005858838558197e-09,0,0,1,0.0,0.0,0
285,267928996.89883268,5,0.0,5557029.666750913,43019498423,124.65203957420792,405.0,5,9.99721777696751e+20,50876732.80978142,319513646756699.9,9164407.524300698,4.9989284021305115e+20,8427706.423765229,5.005858838558197e-09,0,0,1,0.0,0.0,0
286,267928996.89883268,5,0.0,5586710.969849218,43486569426,124.93301498932433,406.0,5,1.0168476118165655e+21,50680608.60123444,317978223533147.25,9164407.524300698,5.084556037306361e+20,8427706.423765229,5.005858838558197e-09,0,0,1,0.0,0.0,0
287,267928996.89883268,5,0.0,5616392.258502487,43953640429,125.2141241578857,407.0,5,1.0341259525987399e+21,50484484.39268747,316459444058013.75,9164407.524300698,5.170946222437758e+20,8427706.423765229,5.005858838558197e-09,0,0,1,0.0,0.0,0
288,267928996.89883268,5,0.0,5646073.533192221,44420711432,125.49536133576218,408.0,5,1.0515568000432738e+21,50288360.18414049,314957308331299.3,9164407.524300698,5.2580989575247004e+20,8427706.423765229,5.005858838558197e-09,0,0,1,0.0,0.0,0
289,267928996.89883268,5,0.0,5675754.794383875,44887782435,125.77672110728166,409.0,5,1.0691401541501675e+21,50092235.975593515,313471816353003.94,9164407.524300698,5.3460142425671906e+20,8427706.423765229,5.005858838558197e-09,0,0,1,0.0,0.0,0
290,267928996.89883268,5,0.0,5705436.042527379,45354853438,126.05819836193025,410.0,5,1.0868760149194206e+21,49896111.76704653,312002968123127.7,9164407.524300698,5.434692077565226e+20,8427706.423765229,5.005858838558197e-09,0,0,1,0.0,0.0,0
291,272260017.0053994,5,0.0,5736057.169573855,45817593421,126.33981907434931,411.0,5,1.1047028149270653e+21,49716905.60579084,310558572288127.06,9164407.524300698,5.523824633207615e+20,8495378.612930333,5.034962669014931e-09,0,0,1,0.0,0.0,0
292,272260017.0053994,5,0.0,5766678.284427565,46280333404,126.62154714848116,412.0,5,1.1226806541522954e+21,49537699.444535136,309127224390339.2,9164407.524300698,5.6137123979858674e+20,8495378.612930333,5.034962669014931e-09,0,0,1,0.0,0.0,0
293,272260017.0053994,5,0.0,5797299.387491873,46743073387,126.90337828781706,413.0,5,1.1408095325951111e+21,49358493.28330695,307708924429772.3,9164407.524300698,5.704355371899985e+20,8495378.612820271,2.648448571562767e-09,0,0,1,0.0,0.0,0
294,272260017.0053994,5,0.0,5827920.479162719,47205813370,127.18530842500971,414.0,5,1.1590894502555122e+21,49179287.12207877,306303672406413.25,9164407.524300698,5.795753554949968e+20,8495378.612820271,7.130438461899757e-09,0,0,1,0.0,0.0,0
295,272260017.0053994,5,0.0,5858541.559819879,47668553353,127.46733370670268,415.0,5,1.177520407133499e+21,49000080.96085058,304911468320262.06,9164407.524300698,5.887906947135816e+20,8495378.612820271,7.130438461899757e-09,0,0,1,0.0,0.0,0
296,272260017.0053994,5,0.0,5889162.629830481,48131293336,127.74945047955275,416.0,5,1.1961024032290712e+21,48820874.799622394,303532312171318.7,9164407.524300698,5.980815548457528e+20,8495378.612820271,7.130438461899757e-09,0,0,1,0.0,0.0,0
297,272260017.0053994,5,0.0,5919783.756213859,48594033319,128.0316552728046,417.0,5,1.2148354385422288e+21,48670491.2581677,302165373216172.56,9164407.524300698,6.07447935808436e+20,8495381.012740575,6.446498446166515e-09,0,0,1,0.0,0.0,0
298,272260017.0053994,5,0.0,5950404.87264862,49056773302,128.3139448000642,418.0,5,1.2337195130729718e+21,48535961.803773895,300807741534043.7,9164407.524300698,6.168898373106393e+20,8495381.012740575,6.446498446166515e-09,0,0,1,0.0,0.0,0
299,272260017.0053994,5,0.0,5981025.3021433065,49519513285,128.59631595738387,419.0,5,1.2527546268213007e+21,48401432.34938009,299459165772855.5,9164407.524300698,6.264072593272276e+20,8495356.629109835,7.043126970529556e-09,0,0,1,0.0,0.0,0
300,272260017.0053994,5,0.0,6011645.722341562,49982253268,128.8787657483165,420.0,5,1.2719407797872147e+21,48266902.89498629,298119645932608.06,9164407.524300698,6.360002018582006e+20,8495356.629109835,5.660695023834705e-09,0,0,1,0.0,0.0,0
301,272260017.0053994,5,0.0,6042261.906260797,50444993251,128.87557719646148,420.0,5,1.2912779719707145e+21,48132373.440592475,296789182013301.3,9164407.524300698,6.456686649035586e+20,8495204.446580913,5.056790541857481e-09,0,0,1,0.0,0.0,0
302,272260017.0053994,5,0.0,6072878.081493029,50907733234,128.87246175292725,420.0,5,1.3107662033717994e+21,47997843.98619867,295467774014935.25,9164407.524300698,6.554126484633012e+20,8495204.446580913,5.056790541857481e-09,0,0,1,0.0,0.0,0
303,272260017.0053994,5,0.0,6102534.7549529,51370473217,128.8696965676643,420.0,5,1.3304054739904703e+21,47880585.41255364,294308259316471.6,9164407.524300698,6.652321678211668e+20,8460662.685083367,4.401954356580973e-09,0,0,1,0.0,0.0,0
304,272260017.0053994,5,0.0,6132191.4620851865,51833213200,128.86698825081612,420.0,5,1.3501957838267262e+21,47763326.08668983,293155703566355.44,9164407.524300698,6.751272074837197e+20,8460664.189520916,4.998582880944014e-09,0,0,1,0.0,0.0,0
305,272260017.0053994,5,0.0,6161848.161370537,52295953183,128.8643349911538,420.0,5,1.370137132880568e+21,47646066.76082603,292010114826370.06,9164407.524300698,6.850977674517667e+20,8460664.189520916,4.998582880944014e-09,0,0,1,0.0,0.0,0
306,272260017.0053994,5,0.0,6191504.853070519,52758693166,128.86173504179024,420.0,5,1.3902295211519952e+21,47528807.43496222,290871493096515.5,9164407.524300698,6.951438477253073e+20,8460664.189520916,4.998582880944014e-09,0,0,1,0.0,0.0,0
307,272260017.0053994,5,0.0,6221161.537437978,53221433149,128.85918673133168,420.0,5,1.4104729486410077e+21,47411548.10909841,289739838376791.75,9164407.524300698,7.052654483043415e+20,8460664.189520916,4.998582880944014e-09,0,0,1,0.0,0.0,0
308,272260017.0053994,5,0.0,6252916.631737275,53684173132,128.85612866090548,420.0,5,1.4308674153476058e+21,47256517.2768756,288291072508534.94,9164407.524300698,7.154625367810537e+20,8536207.202238917,4.96947905048728e-09,0,0,1,0.0,0.0,0
309,272260017.0053994,5,0.0,6284671.719184736,54146913115,128.85314414369222,420.0,5,1.4514129212717896e+21,47101486.444652796,286854616664000.3,9164407.524300698,7.257351460975612e+20,8536207.202238917,4.96947905048728e-09,0,0,1,0.0,0.0,0
310,272260017.0053994,5,0.0,6316426.800008752,54609653098,128.8502304368835,420.0,5,1.4721094664135587e+21,46946455.61242999,285430470843187.9,9164407.524300698,7.360832762538636e+20,8536207.202238917,4.96947905048728e-09,0,0,1,0.0,0.0,0
311,272260017.0053994,5,0.0,6348181.874430111,55072393081,128.84738493571902,420.0,5,1.4929570507729134e+21,46791424.78020718,284018635046097.6,9164407.524300698,7.465069272499613e+20,8536207.202238917,4.96947905048728e-09,0,0,1,0.0,0.0,0
312,272260017.0053994,5,0.0,6379932.609459973,55535133064,128.84460528179955,420.0,5,1.5139556743498535e+21,46636393.94798437,282619109272729.6,9164407.524300698,7.57006099085854e+20,8536051.206957597,4.96947905048728e-09,0,0,1,0.0,0.0,0
313,272260017.0053994,5,0.0,6411985.336023908,55997873047,128.84180204457812,420.0,5,1.535105337144379e+21,46475927.16045547,281177560963322.75,9164407.524300698,7.675807863282857e+20,8546923.117569778,4.387402441352606e-09,0,0,1,0.0,0.0,0
314,272260017.0053994,5,0.0,6444038.056804346,56460613030,128.8390638378727,420.0,5,1.55640603915649e+21,46315460.37292657,279749063434820.78,9164407.524300698,7.782309944845884e+20,8546923.117569778,4.387402441352606e-09,0,0,1,0.0,0.0,0
315,272260017.0053994,5,0.0,6475803.719522728,56923353013,128.83639573754283,420.0,5,1.5778577803861867e+21,46154993.585397676,278333616687223.75,9164407.524300698,7.889567235547621e+20,8536589.228601584,7.821654435247183e-09,0,0,1,0.0,0.0,0
316,272260017.0053994,5,0.0,6507654.38310805,57386092996,128.8337857449985,420.0,5,1.5994605608334687e+21,45994526.79786877,276931220720531.66,9164407.524300698,7.997579735388064e+20,8539649.454368286,7.297785487025976e-09,0,0,1,0.0,0.0,0
317,272260017.0053994,5,0.0,6539505.041469157,57848832979,128.83123398122837,420.0,5,1.6212143804983366e+21,45834060.01033987,275541875534744.5,9164407.524300698,8.106347444367218e+20,8539649.454368286,7.297785487025976e-09,0,0,1,0.0,0.0,0
318,272260017.0053994,5,0.0,6571355.69478019,58311572962,128.8287384400995,420.0,5,1.6431192393807896e+21,45673593.222810976,274165581129862.25,9164407.524300698,8.215870362485078e+20,8539649.454368286,7.297785487025976e-09,0,0,1,0.0,0.0,0
319,272260017.0053994,5,0.0,6603206.343209486,58774312945,128.82629720835718,420.0,5,1.6651751374808283e+21,45513126.435282074,272802337505884.94,9164407.524300698,8.326148489741647e+20,8539649.454368286,7.297785487025976e-09,0,0,1,0.0,0.0,0
320,272260017.0053994,5,0.0,6635056.986919772,59237052928,128.82390846025478,420.0,5,1.6873820747984522e+21,45352659.64775318,271452144662812.53,9164407.524300698,8.437181826136924e+20,8539649.454368286,7.297785487025976e-09,0,0,1,0.0,0.0,0
321,272260017.0053994,5,0.0,6666907.626068343,59699792911,128.82157045255423,420.0,5,1.7097400513336619e+21,45192192.86022428,270115002600645.1,9164407.524300698,8.54897037167091e+20,8539649.454368286,7.297785487025976e-09,0,0,1,0.0,0.0,0
322,272260017.0053994,5,0.0,6699977.917366279,60162532894,128.8192530712855,420.0,5,1.732249067086457e+21,45031726.072695374,268790911319382.56,9164407.524300698,8.661514126343605e+20,8583557.090492968,4.387402441352606e-09,0,0,1,0.0,0.0,0
323,272260017.0053994,5,0.0,6733048.204401549,60625272877,128.81698400255013,420.0,5,1.7549091220568377e+21,44871259.28516648,267479870819024.94,9164407.524300698,8.774813090155008e+20,8583557.090492968,4.387402441352606e-09,0,0,1,0.0,0.0,0
324,272260017.0053994,5,0.0,6766118.487316241,61088012860,128.81476169308797,420.0,5,1.7777202162448036e+21,44710792.49763758,266181881099572.28,9164407.524300698,8.888867263105118e+20,8583557.090492968,4.387402441352606e-09,0,0,1,0.0,0.0,0
325,272260017.0053994,5,0.0,6799188.763641607,61550752843,128.81258465735536,420.0,5,1.8006823496503554e+21,44550325.757018484,264896942589877.78,9164407.524300698,9.003676645194367e+20,8583556.996673355,4.678440745919943e-09,0,0,1,0.0,0.0,0
326,272260017.0053994,5,0.0,6833093.980109701,62013492826,128.81050065325056,420.0,5,1.8237955222734923e+21,44396107.115127385,263681752303470.4,9164407.524300698,9.119241293119765e+20,8613614.980427817,6.439222488552332e-09,0,0,1,0.0,0.0,0
327,272260017.0053994,5,0.0,6866999.221627373,62476232809,128.80845704944588,420.0,5,1.8470597341142151e+21,44241887.95534604,262478761770680.9,9164407.524300698,9.235561149332846e+20,8613616.016208295,5.75528247281909e-09,0,0,1,0.0,0.0,0
328,272260017.0053994,5,0.0,6900904.459547012,62938972792,128.8064526399024,420.0,5,1.870474985172523e+21,44087668.795564696,261287975726104.0,9164407.524300698,9.352636213838342e+20,8613616.016208295,6.220943760126829e-09,0,0,1,0.0,0.0,0
329,272260017.0053994,5,0.0,6934473.132921499,63401712775,128.8044932582856,420.0,5,1.8940412754484168e+21,43933449.63578335,260109394169739.7,9164407.524300698,9.470466486636254e+20,8601499.81779437,5.464244168251753e-09,0,0,1,0.0,0.0,0
330,272260017.0053994,5,0.0,6968041.802933827,63864452758,128.80257056633616,420.0,5,1.9177586049418957e+21,43779230.47600201,258943017101587.97,9164407.524300698,9.58905196772658e+20,8601499.81779437,6.424670573323965e-09,0,0,1,0.0,0.0,0
331,272260017.0053994,5,0.0,7001610.469696064,64327192741,128.80068350069644,420.0,5,1.9416269736529604e+21,43625011.31622067,257788844521648.88,9164407.524300698,9.708392657109324e+20,8601499.81779437,6.424670573323965e-09,0,0,1,0.0,0.0,0
332,272260017.0053994,5,0.0,7035487.409375738,64789932724,128.79878590597522,420.0,5,1.9656463815816105e+21,43465243.18737387,256611321015677.72,9164407.524300698,9.828488519229068e+20,8612597.755925281,6.322807166725397e-09,0,0,1,0.0,0.0,0
333,272260017.0053994,5,0.0,7067745.779611606,65252672707,128.79698041038446,420.0,5,1.989816828727846e+21,43305475.058527075,255447027317950.66,9164407.524300698,9.949339590666547e+20,8612597.755925281,7.225025910884142e-09,0,0,1,0.0,0.0,0
334,272260017.0053994,5,0.0,7097655.916734789,65715412690,128.7953122744292,420.0,5,2.014138315091667e+21,43149574.78905334,254320007608743.53,9164407.524300698,1.0070945895465944e+21,8604862.03717914,6.904883775860071e-09,0,0,1,0.0,0.0,0
335,272260017.0053994,5,0.0,7127575.487789887,66178152673,128.79367367914656,420.0,5,2.0386108406730738e+21,42993674.51957962,253205496515305.7,9164407.524300698,1.0193307408861885e+21,8604862.03717914,6.904883775860071e-09,0,0,1,0.0,0.0,0
336,275374148.94273615,5,0.0,7158179.99484038,66637778524,128.7920779942403,420.0,5,2.063167026217263e+21,42837774.250105895,252103494037637.12,9164407.524300698,1.0316087234580353e+21,8653520.667690942,5.005858838558197e-09,0,0,1,0.0,0.0,0
337,275374148.94273615,5,0.0,7189914.231315794,67097404375,128.7904944222123,420.0,5,2.0878732422130848e+21,42681873.98063216,251014000175737.88,9164407.524300698,1.04396172250656e+21,8707324.536794519,5.893525667488575e-09,0,0,1,0.0,0.0,0
338,275374148.94273615,5,0.0,7221190.754146861,67557030226,128.78899817868574,420.0,5,2.1127294886605386e+21,42534365.946200326,249986171231055.8,9164407.524300698,1.0563897429473924e+21,8690540.06671075,6.402842700481415e-09,0,0,1,0.0,0.0,0
339,275374148.94273615,5,0.0,7252475.51455916,68016656077,128.78752611475895,420.0,5,2.137735765559625e+21,42386857.91176848,248969388994215.88,9164407.524300698,1.068892779718712e+21,8690540.06671075,6.402842700481415e-09,0,0,1,0.0,0.0,0
340,275374148.94273615,5,0.0,7283768.237966647,68476281928,128.78607762719767,420.0,5,2.1628920729103436e+21,42239349.877336636,247963653465218.12,9164407.524300698,1.0814708328205184e+21,8690540.06671075,6.402842700481415e-09,0,0,1,0.0,0.0,0
341,275374148.94273615,5,0.0,7315068.658936152,68935907779,128.78465213315877,420.0,5,2.1881984107126947e+21,42091841.8429048,246968964644062.5,9164407.524300698,1.0941239022528117e+21,8690540.06671075,6.402842700481415e-09,0,0,1,0.0,0.0,0
342,275374148.94273615,5,0.0,7346376.520882271,69395533630,128.78324906932315,420.0,5,2.213654778966678e+21,41944333.808472954,245985322530749.0,9164407.524300698,1.106851988015592e+21,8690540.06671075,6.402842700481415e-09,0,0,1,0.0,0.0,0
343,275374148.94273615,5,0.0,7377691.575772457,69855159481,128.7818678910725,420.0,5,2.2392611776722937e+21,41796825.774041116,245012727125277.66,9164407.524300698,1.1196550901088594e+21,8690540.06671075,6.402842700481415e-09,0,0,1,0.0,0.0,0
344,275374148.94273615,5,0.0,7409013.583841902,70314785332,128.7805080717079,420.0,5,2.2650176068295417e+21,41649317.73960927,244051178427648.47,9164407.524300698,1.1325332085326136e+21,8690540.06671075,6.868503987789154e-09,0,0,1,0.0,0.0,0
345,275374148.94273615,5,0.0,7440342.313317965,70774411183,128.7791691017077,420.0,5,2.2909240664384222e+21,41501809.70517743,243100676437861.44,9164407.524300698,1.1454863432868549e+21,8690540.06671075,7.334165275096893e-09,0,0,1,0.0,0.0,0
346,275374148.94273615,5,0.0,7472122.919182431,71234037034,128.77784490209885,420.0,5,2.316980556498935e+21,41354301.67074559,242161221155916.53,9164407.524300698,1.1585144943715831e+21,8711918.260087071,5.587935447692871e-09,0,0,1,0.0,0.0,0
347,270923860.3630738,5,0.0,7501930.641691016,71698113174,128.77653860961036,420.0,5,2.343291148405943e+21,41206793.636313744,241232812581813.78,9164407.524300698,1.1716696974842297e+21,8593739.795160681,5.9371814131736755e-09,0,0,1,0.0,0.0,0
348,270923860.3630738,5,0.0,7531744.435621304,72162189314,128.7752519583307,420.0,5,2.369753224246552e+21,41059285.60188191,240315450715553.2,9164407.524300698,1.1849006436683476e+21,8593739.795160681,5.9371814131736755e-09,0,0,1,0.0,0.0,0
349,270923860.3630738,5,0.0,7561564.098592573,72626265453,128.77398449349337,420.0,5,2.396366784020762e+21,40911777.56745006,239409135557134.72,9164407.524300698,1.1982073329239369e+21,8593739.795160681,5.9371814131736755e-09,0,0,1,0.0,0.0,0
350,270923860.3630738,5,0.0,7591389.434970122,73090341593,128.77273577458058,420.0,5,2.4231318277285725e+21,40764269.53301822,238513867106558.4,9164407.524300698,1.211589765250997e+21,8593739.795160681,4.976755008101463e-09,0,0,1,0.0,0.0,0
351,270923860.3630738,5,0.0,7621220.255640413,73554417733,128.77150537476183,420.0,5,2.450048355369984e+21,40616761.49858638,237629645363824.22,9164407.524300698,1.2250479406495283e+21,8593739.795160681,4.976755008101463e-09,0,0,1,0.0,0.0,0
352,270923860.3630738,5,0.0,7650410.194165711,74018493872,128.77030249215957,420.0,5,2.477116366944996e+21,40469253.464154534,236756470328932.22,9164407.524300698,1.2385818591195308e+21,8562722.981018072,3.5797711461782455e-09,0,0,1,0.0,0.0,0
353,270923860.3630738,5,0.0,7682364.187585869,74482570012,128.76900874200822,420.0,5,2.504335862453609e+21,40321745.42972269,235894342001882.34,9164407.524300698,1.2521915206610046e+21,8667304.165796489,3.346940502524376e-09,0,0,1,0.0,0.0,0
354,270923860.3630738,5,0.0,7714206.270925729,74946646152,128.76773623604169,420.0,5,2.5317068418958224e+21,40174237.39529085,235043260382674.6,9164407.524300698,1.2658769252739496e+21,8661956.965706628,4.685716703534126e-09,0,0,1,0.0,0.0,0
355,270923860.3630738,5,0.0,7746053.1430755295,75410722291,128.766482484007,420.0,5,2.559229305271637e+21,40026729.36085901,234203225471309.03,9164407.524300698,1.2796380729583657e+21,8661956.965706628,4.685716703534126e-09,0,0,1,0.0,0.0,0
356,270923860.3630738,5,0.0,7777904.644408275,75874798431,128.76524707005078,420.0,5,2.586903252581052e+21,39879221.32642716,233374237267785.6,9164407.524300698,1.2934749637142527e+21,8661956.965706628,4.685716703534126e-09,0,0,1,0.0,0.0,0
357,270923860.3630738,5,0.0,7809760.620617865,76338874570,128.76402959065342,420.0,5,2.614728683824068e+21,39731713.291995324,232556295772104.3,9164407.524300698,1.3073875975416114e+21,8661956.965706628,4.685716703534126e-09,0,0,1,0.0,0.0,0
358,270923860.3630738,5,0.0,7841619.847308921,76802950710,128.7628296978799,420.0,5,2.642705599000685e+21,39584205.25756348,231749400984265.16,9164407.524300698,1.3213759744404407e+21,8661918.257325182,4.685716703534126e-09,0,0,1,0.0,0.0,0
359,270923860.3630738,5,0.0,7873483.255523784,77267026850,128.76164696659941,420.0,5,2.6708339981109025e+21,39436697.223131634,230953552904268.16,9164407.524300698,1.3354400944107416e+21,8661918.257325182,4.685716703534126e-09,0,0,1,0.0,0.0,0
360,270923860.3630738,5,0.0,7903766.860397805,77731102989,128.7605029350836,420.0,5,2.699113881154721e+21,39289189.1886998,230168751532113.3,9164407.524300698,1.3495799574525137e+21,8585893.674259983,4.598405212163925e-09,0,0,1,0.0,0.0,0
361,270923860.3630738,5,0.0,7934054.372673518,78195179129,128.75937500997557,420.0,5,2.72754524813214e+21,39141681.15426795,229394996867800.6,9164407.524300698,1.3637955635657567e+21,8585893.674259983,4.598405212163925e-09,0,0,1,0.0,0.0,0
362,270923860.3630738,5,0.0,7964345.662104196,78659255269,128.75826284855822,420.0,5,2.75612809904316e+21,38994173.11983611,228632288911330.06,9164407.524300698,1.378086912750471e+21,8585893.674259983,4.598405212163925e-09,0,0,1,0.0,0.0,0
363,270923860.3630738,5,0.0,7994640.602784678,79123331408,128.75716611787044,420.0,5,2.784862433887781e+21,38846665.08540427,227880627662701.66,9164407.524300698,1.3924540050066566e+21,8585893.674259983,4.598405212163925e-09,0,0,1,0.0,0.0,0
364,270923860.3630738,5,0.0,8024939.073006635,79587407548,128.75608449435944,420.0,5,2.813748252666002e+21,38699157.050972424,227140013121915.38,9164407.524300698,1.4068968403343133e+21,8585893.674259983,4.598405212163925e-09,0,0,1,0.0,0.0,0
365,270923860.3630738,5,0.0,8055240.955118691,80051483688,128.75501766354833,420.0,5,2.8427855553778245e+21,38551649.01654058,226410445288971.25,9164407.524300698,1.421415418733441e+21,8585893.674259983,4.598405212163925e-09,0,0,1,0.0,0.0,0
366,270923860.3630738,5,0.0,8085546.1353911655,80515559827,128.75396531971714,420.0,5,2.871974342023248e+21,38404140.98210874,225691924163869.28,9164407.524300698,1.4360097402040403e+21,8585893.674259983,6.344635039567947e-09,0,0,1,0.0,0.0,0
367,270923860.3630738,5,0.0,8116451.641464953,80979635967,128.75291922376204,420.0,5,2.9013146126022717e+21,38283762.57884986,224983713729721.88,9164407.524300698,1.4506798046725087e+21,8614556.278079314,1.0040821507573128e-08,0,0,1,0.0,0.0,0
368,275499711.63158107,5,0.0,8148353.252764006,81439136255,128.7519010441296,420.0,5,2.9306832401726335e+21,38177705.90725255,224283318684590.22,9164407.524300698,1.4653640484181852e+21,8686053.954107447,9.807990863919258e-09,0,0,1,0.0,0.0,0
369,275499711.63158107,5,0.0,8180257.843279155,81898636544,128.7508962756672,420.0,5,2.960201858334465e+21,38071649.23565524,223590533916339.78,9164407.524300698,1.4801232882206242e+21,8686053.954107447,9.807990863919258e-09,0,0,1,0.0,0.0,0
370,275499711.63158107,5,0.0,8210914.169537357,82358136832,128.74991614141715,420.0,5,2.989870467087768e+21,37965592.56405794,222905359424970.6,9164407.524300698,1.4949575240798264e+21,8625999.034147054,1.0739313438534737e-08,0,0,1,0.0,0.0,0
371,275499711.63158107,5,0.0,8241573.279707485,82817637120,128.74894869396684,420.0,5,3.019689066432542e+21,37859535.89246063,222227795210482.62,9164407.524300698,1.509866755995792e+21,8625999.034147054,1.0739313438534737e-08,0,0,1,0.0,0.0,0
372,275499711.63158107,5,0.0,8272209.306667376,83277137409,128.7479956051823,420.0,5,3.0496576563687855e+21,37753711.18978924,221559361764726.84,9164407.524300698,1.5248509841205693e+21,8625071.15844339,9.487848728895187e-09,0,0,1,0.0,0.0,0
373,275499711.63158107,5,0.0,8302847.935038302,83736637697,128.74705465716053,420.0,5,3.0797762368965e+21,37647886.48711785,220898500241759.0,9164407.524300698,1.539910208298274e+21,8625071.15844339,9.487848728895187e-09,0,0,1,0.0,0.0,0
374,275499711.63158107,5,0.0,8333489.036316631,84196137985,128.7461256192889,420.0,5,3.1100448080156856e+21,37542062.53666523,220245215137155.9,9164407.524300698,1.5550444285293565e+21,8625069.654005839,8.760252967476845e-09,0,0,1,0.0,0.0,0
375,275499711.63158107,5,0.0,8364132.568469058,84655638274,128.7452082583453,420.0,5,3.1404633697263414e+21,37436238.58621262,219599501858146.7,9164407.524300698,1.5702536448133565e+21,8625069.654005839,8.760252967476845e-09,0,0,1,0.0,0.0,0
376,275499711.63158107,5,0.0,8393753.160425467,85115138562,128.74433523757122,420.0,5,3.1710319220284677e+21,37330414.63576,218961360404731.34,9164407.524300698,1.5855378571502742e+21,8588159.212531168,7.0140231400728226e-09,0,0,1,0.0,0.0,0
377,275499711.63158107,5,0.0,8423376.023898667,85574638851,128.74347273379757,420.0,5,3.201750464922065e+21,37224590.68530739,218330790776909.88,9164407.524300698,1.6008970655401103e+21,8588159.212531168,7.0140231400728226e-09,0,0,1,0.0,0.0,0
378,275499711.63158107,5,0.0,8453001.08317143,86034139139,128.7426205530976,420.0,5,3.232618998407133e+21,37118766.73485477,217707792974682.3,9164407.524300698,1.616331269982864e+21,8588159.212531168,7.0140231400728226e-09,0,0,1,0.0,0.0,0
379,275499711.63158107,5,0.0,8483309.705709951,86493639427,128.74175725380388,420.0,5,3.263637522483671e+21,37012942.78440216,217092366998048.6,9164407.524300698,1.6318404704785355e+21,8612691.076273773,7.450580596923828e-09,0,0,1,0.0,0.0,0
380,275499711.63158107,5,0.0,8513620.38010118,86953139716,128.74090434272995,420.0,5,3.29480603715168e+21,36907118.83394954,216484512847008.78,9164407.524300698,1.6474246670271248e+21,8612691.076273773,7.450580596923828e-09,0,0,1,0.0,0.0,0
381,275499711.63158107,5,0.0,8542838.529339978,87412640004,128.7401014452084,420.0,5,3.32612454241116e+21,36801294.88349693,215884230521562.84,9164407.524300698,1.663083859628632e+21,8612691.076273773,7.450580596923828e-09,0,0,1,0.0,0.0,0
382,275499711.63158107,5,0.0,8571660.495708795,87872140292,128.7393415703546,420.0,5,3.35759303826211e+21,36701428.409381926,215324063120816.0,9164407.524300698,1.6788180515373672e+21,8600776.123598557,8.316419553011656e-09,0,0,1,0.0,0.0,0
383,275499711.63158107,5,0.0,8600486.458781928,88331640581,128.73859047215396,420.0,5,3.389211524704531e+21,36601561.93526691,214770733276953.28,9164407.524300698,1.6946272394255933e+21,8600776.123598557,8.316419553011656e-09,0,0,1,0.0,0.0,0
384,275499711.63158107,5,0.0,8628377.557057237,88791140869,128.7378557930407,420.0,5,3.4209800017384225e+21,36501695.461151905,214224240989974.7,9164407.524300698,1.7105114232933104e+21,8555717.166223217,4.998582880944014e-09,0,0,1,0.0,0.0,0
385,275499711.63158107,5,0.0,8656272.390030684,89250641157,128.73712949005076,420.0,5,3.452898469363785e+21,36401828.9870369,213684586259880.22,9164407.524300698,1.7264706031405184e+21,8555717.166223217,4.998582880944014e-09,0,0,1,0.0,0.0,0
386,275499711.63158107,5,0.0,8684170.833212333,89710141446,128.73641141894308,420.0,5,3.484966927580618e+21,36301962.51292189,213151769086669.84,9164407.524300698,1.7425047789672176e+21,8555717.166223217,4.998582880944014e-09,0,0,1,0.0,0.0,0
387,275499711.63158107,5,0.0,8712072.766261913,90169641734,128.7357014388154,420.0,5,3.517185376388921e+21,36202096.038806885,212625789470343.6,9164407.524300698,1.7586139507734075e+21,8555717.166223217,4.998582880944014e-09,0,0,1,0.0,0.0,0
388,275499711.63158107,5,0.0,8739978.072850486,90629142023,128.73499941200654,420.0,5,3.549553815788695e+21,36102229.56469188,212106647410901.44,9164407.524300698,1.7747981185590886e+21,8555717.166223217,4.998582880944014e-09,0,0,1,0.0,0.0,0
389,275499711.63158107,5,0.0,8767886.640526757,91088642311,128.73430520400197,420.0,5,3.58207224577994e+21,36002363.09057687,211594342908343.44,9164407.524300698,1.7910572823242607e+21,8555717.166223217,4.998582880944014e-09,0,0,1,0.0,0.0,0
390,275499711.63158107,5,0.0,8795798.360587806,91548142599,128.73361868334288,420.0,5,3.6147406663626554e+21,35902496.616461866,211088875962669.53,9164407.524300698,1.807391442068924e+21,8555717.166223217,4.998582880944014e-09,0,0,1,0.0,0.0,0
391,275499711.63158107,5,0.0,8823713.127954133,92007642888,128.7329397215386,420.0,5,3.6475590775368413e+21,35802630.14234686,210590246573879.75,9164407.524300698,1.823800597793078e+21,8555717.166223217,4.998582880944014e-09,0,0,1,0.0,0.0,0
392,275499711.63158107,5,0.0,8851630.841048894,92467143176,128.73226819298182,420.0,5,3.680527479302498e+21,35702763.66823185,210098454741974.06,9164407.524300698,1.8402847494967232e+21,8555717.166223217,4.998582880944014e-09,0,0,1,0.0,0.0,0
393,275499711.6859461,5,0.0,8879551.40169295,92926643464,128.73160397486677,420.0,5,3.7136458716579464e+21,35602897.194116846,209613500466952.5,9164407.524300698,1.85684389717902e+21,8555717.16707267,6.657501216977835e-09,0,0,1,0.0,0.0,0
394,275499711.6859461,5,0.0,8907474.71495658,93386143753,128.73094694711014,420.0,5,3.7469142546048494e+21,35503030.72000184,209135383748815.06,9164407.524300698,1.8734780408407995e+21,8555717.16707267,6.657501216977835e-09,0,0,1,0.0,0.0,0
395,273747616.4047167,5,0.0,8936204.916086866,93847396136,128.7302271425803,420.0,5,3.78038727140086e+21,35392493.63259531,208614504156675.97,9164407.524300698,1.8902144971508458e+21,8570981.09472662,7.996277417987585e-09,0,0,1,0.0,0.0,0
396,273763969.9963608,5,0.0,8965025.448126504,94308632166,128.72951550016458,420.0,5,3.81401032798962e+21,35281956.54518878,208102447294329.9,9164407.524300698,1.9070259742395392e+21,8575278.689168736,8.200004231184721e-09,0,0,1,0.0,0.0,0
397,273763969.9963608,5,0.0,8993848.466597216,94769868196,128.72881247377413,420.0,5,3.8477839317746975e+21,35171419.457782246,207599213161776.9,9164407.524300698,1.9239127258086648e+21,8575278.689168736,8.200004231184721e-09,0,0,1,0.0,0.0,0
398,273763969.9963608,5,0.0,9022597.652083278,95231104226,128.72811848564865,420.0,5,3.8817080827560927e+21,35060882.370375715,207104801759016.97,9164407.524300698,1.9408747518582223e+21,8571619.335504409,5.9881131164729595e-09,0,0,1,0.0,0.0,0
399,273763969.9963608,5,0.0,9051919.977431063,95692340256,128.72741845192772,420.0,5,3.9157827809338054e+21,34950345.282969184,206619213086050.06,9164407.524300698,1.9579120523882112e+21,8592168.726985294,6.919435691088438e-09,0,0,1,0.0,0.0,0
400,273763969.9963608,5,0.0,9081244.54876282,95663576286,128.72672686290855,420.0,5,3.920260470861557e+21,34839808.19556265,206142447142876.25,9164407.524300698,1.9601508496754929e+21,8592168.726985294,6.919435691088438e-09,0,0,1,0.0,0.0,0
401,273763969.9963608,5,0.0,9110507.53650895,95634812316,128.72604404091015,420.0,5,3.924746165573625e+21,34729271.10815613,205674503929495.44,9164407.524300698,1.9623936502372054e+21,8589108.50121859,6.919435691088438e-09,0,0,1,0.0,0.0,0
402,273763969.9963608,5,0.0,9139772.623002322,95606048346,128.72536934687085,420.0,5,3.929239865070009e+21,34618734.0207496,205215383445907.72,9164407.524300698,1.9646404540733493e+21,8589108.50121859,6.919435691088438e-09,0,0,1,0.0,0.0,0
403,279035940.3399538,5,0.0,9170183.82946487,95572012406,128.72471540655098,420.0,5,3.93357455103952e+21,34508196.93334307,204765085692113.03,9164407.524300698,1.9668077520283293e+21,8671483.056739647,7.588823791593313e-09,0,0,1,0.0,0.0,0
404,279035940.3399538,5,0.0,9200180.83633718,95537976466,128.7240722713909,420.0,5,3.937917697290639e+21,34397659.84593654,204323610668111.4,9164407.524300698,1.9689792810063865e+21,8651507.340598226,8.811184670776129e-09,0,0,1,0.0,0.0,0
405,279035940.3399538,5,0.0,9230179.7390001,95503940525,128.72343668913294,420.0,5,3.9422693038233664e+21,34287122.758530006,203890958373902.84,9164407.524300698,1.9711550410075204e+21,8651507.340598226,8.811184670776129e-09,0,0,1,0.0,0.0,0
406,279035940.3399538,5,0.0,9260180.47401468,95469904585,128.72280852268244,420.0,5,3.9466293706377024e+21,34176585.671123475,203467128809487.3,9164407.524300698,1.973335032031732e+21,8651507.331744704,7.843482308089733e-09,0,0,1,0.0,0.0,0
407,279035940.3399538,5,0.0,9290182.980540274,95435868645,128.72218763832706,420.0,5,3.9509978977336463e+21,34066048.583716944,203052121974864.84,9164407.524300698,1.9755192540790207e+21,8651507.331744704,7.843482308089733e-09,0,0,1,0.0,0.0,0
408,279035940.3399538,5,0.0,9320633.661610167,95401832704,128.72155550621548,420.0,5,3.9553748851111986e+21,33951956.19309882,202634257227898.16,9164407.524300698,1.9777077059813221e+21,8668197.107478384,5.893525667488575e-09,0,0,1,0.0,0.0,0
409,279035940.3399538,5,0.0,9351085.998058684,95367796764,128.7209309102171,420.0,5,3.9597603327703594e+21,33837863.8024807,202225978131016.34,9164407.524300698,1.9799003889829927e+21,8668197.107478384,5.893525667488575e-09,0,0,1,0.0,0.0,0
410,279035940.3399538,5,0.0,9381539.934706531,95333760824,128.72031371006364,420.0,5,3.9641542407111285e+21,33723771.411862575,201827284684219.38,9164407.524300698,1.9820973030840326e+21,8668197.107478384,5.893525667488575e-09,0,0,1,0.0,0.0,0
411,279035940.3399538,5,0.0,9411994.796272144,95299724883,128.71970379621902,420.0,5,3.968556608933506e+21,33609684.61871871,201438193396240.62,9164407.524300698,1.9842984482860926e+21,8668174.717581347,4.816683940589428e-09,0,0,1,0.0,0.0,0
412,279035940.3399538,5,0.0,9442451.153135134,95265688943,128.71910100755454,420.0,5,3.972967437437492e+21,33495597.82557485,201058686517465.22,9164407.524300698,1.9865038245873978e+21,8668174.717581347,4.816683940589428e-09,0,0,1,0.0,0.0,0
413,279035940.3399538,5,0.0,9472908.955452256,95231653003,128.7185052142433,420.0,5,3.977386726223086e+21,33381511.032430984,200688764047893.16,9164407.524300698,1.9887134319879478e+21,8668174.717581347,4.816683940589428e-09,0,0,1,0.0,0.0,0
414,279035940.3399538,5,0.0,9503368.155041704,95197617062,128.7179162897067,420.0,5,3.9818144752902886e+21,33267424.23928712,200328425987524.4,9164407.524300698,1.990927270487743e+21,8668174.717581347,4.816683940589428e-09,0,0,1,0.0,0.0,0
415,279035940.3399538,5,0.0,9533828.705327732,95163581122,128.71733411051034,420.0,5,3.986250684639099e+21,33153337.446143255,199977672336359.0,9164407.524300698,1.9931453400867833e+21,8668174.717581347,4.816683940589428e-09,0,0,1,0.0,0.0,0
416,279035940.3399538,5,0.0,9564290.561287118,95129545182,128.71675855626376,420.0,5,3.9906953542695183e+21,33039250.65299939,199636503094396.94,9164407.524300698,1.9953676407850685e+21,8668174.717581347,4.816683940589428e-09,0,0,1,0.0,0.0,0
417,279035940.3399538,5,0.0,9594753.679397427,95095509241,128.7161895095245,420.0,5,3.995148484181545e+21,32925163.859855525,199304918261638.2,9164407.524300698,1.9975941725825988e+21,8668174.717581347,4.816683940589428e-09,0,0,1,0.0,0.0,0
418,279035940.3399538,5,0.0,9625218.017586954,95061473301,128.71562685570547,420.0,5,3.999610074375181e+21,32811077.06671166,198982917838082.8,9164407.524300698,1.9998249354793742e+21,8668174.717581347,4.816683940589428e-09,0,0,1,0.0,0.0,0
419,279035940.3399538,5,0.0,9656243.044564104,95027437361,128.71506649340108,420.0,5,4.0040801248504253e+21,32696990.2735678,198670501823730.75,9164407.524300698,2.002059929475395e+21,8695031.167711398,1.1204974725842476e-08,0,0,1,0.0,0.0,0
420,279035940.3399538,5,0.0,9687269.211637493,94993401420,128.71451232829483,420.0,5,4.0085586356072774e+21,32582903.480423935,198367670218582.03,9164407.524300698,2.0042991545706605e+21,8695031.167711398,1.1204974725842476e-08,0,0,1,0.0,0.0,0
421,279035940.3399538,5,0.0,9718296.48080393,94959365480,128.71396425366555,420.0,5,4.013045606645738e+21,32468816.68728007,198074423022636.62,9164407.524300698,2.006542610765171e+21,8695031.167711398,1.3067619875073433e-08,0,0,1,0.0,0.0,0
422,279035940.3399538,5,0.0,9750265.733594172,94925329540,128.71342216531312,420.0,5,4.017541037965807e+21,32354729.894136205,197790760235894.6,9164407.524300698,2.008790298058927e+21,8762777.282949844,9.42964106798172e-09,0,0,1,0.0,0.0,0
423,279035940.3399538,5,0.0,9782236.016229134,94891293599,128.7128859614821,420.0,5,4.0220449295674843e+21,32240643.10099234,197516681858355.88,9164407.524300698,2.011042216451928e+21,8762777.282949844,9.42964106798172e-09,0,0,1,0.0,0.0,0
424,279035940.3399538,5,0.0,9814207.294380657,94857257659,128.71235554278863,420.0,5,4.02655728145077e+21,32126556.307848476,197252187890020.47,9164407.524300698,2.013298365944174e+21,8762777.282949844,8.061761036515236e-09,0,0,1,0.0,0.0,0
425,279035940.3399538,5,0.0,9846179.53486485,94823221718,128.71183081214926,420.0,5,4.0310780936156637e+21,32012469.514704615,196997278330888.44,9164407.524300698,2.0155587465356648e+21,8762777.282949844,8.061761036515236e-09,0,0,1,0.0,0.0,0
426,279035940.3399538,5,0.0,9878152.705603966,94789185778,128.71131167471324,420.0,5,4.035607366062166e+21,31898382.72156075,196751953180959.72,9164407.524300698,2.0178233582264013e+21,8762777.282949844,8.061761036515236e-09,0,0,1,0.0,0.0,0
427,279035940.3399538,5,0.0,9910126.775589509,94755149838,128.71079803779637,420.0,5,4.0401450987902767e+21,31784295.928416885,196516212440234.34,9164407.524300698,2.0200922010163825e+21,8762777.282949844,8.061761036515236e-09,0,0,1,0.0,0.0,0
428,279035940.3399538,5,0.0,9942101.71484659,94721113897,128.710289810818,420.0,5,4.044691291799996e+21,31670209.13527302,196290056108712.3,9164407.524300698,2.022365274905609e+21,8762777.282949844,8.061761036515236e-09,0,0,1,0.0,0.0,0
429,279035940.3399538,5,0.0,9974077.494399492,94687077957,128.70978690523998,420.0,5,4.049245945091323e+21,31556122.342129156,196073484186393.62,9164407.524300698,2.02464257989408e+21,8762777.282949844,6.730260793119669e-09,0,0,1,0.0,0.0,0
430,279035940.3399538,5,0.0,10006054.086238362,94653042017,128.70928923450745,420.0,5,4.0538090586642585e+21,31442035.54898529,195866496673278.25,9164407.524300698,2.0269241159817966e+21,8762777.282949844,4.140019882470369e-09,0,0,1,0.0,0.0,0
431,279035940.3399538,5,0.0,10038031.463286996,94619006076,128.7087967139923,420.0,5,4.0583806325188025e+21,31327948.755841427,195669093569366.22,9164407.524300698,2.0292098831687583e+21,8762777.282949844,4.140019882470369e-09,0,0,1,0.0,0.0,0
432,279035940.3399538,5,0.0,10070009.599371737,94584970136,128.70830926093848,420.0,5,4.0629606666549545e+21,31213861.962697566,195481274874657.53,9164407.524300698,2.0314998814549648e+21,8762777.282949844,4.140019882470369e-09,0,0,1,0.0,0.0,0
433,279035904.748398,5,0.0,10101988.461467514,94550934231,128.70782679432997,420.0,5,4.067549162148328e+21,31099775.1695537,195303040589152.16,9164407.524300698,2.0337941113782227e+21,8762776.726831786,2.2628228180110455e-09,0,0,1,0.0,0.0,0
434,279035904.748398,5,0.0,10133968.032840362,94516898327,128.7073492350765,420.0,5,4.0721461179198593e+21,30985688.376409836,195134390712850.16,9164407.524300698,2.036092572399001e+21,8762776.726831786,2.2628228180110455e-09,0,0,1,0.0,0.0,0
435,279035904.748398,5,0.0,10165948.289847715,94482862422,128.70687650572714,420.0,5,4.076751533969548e+21,30871601.58326597,194975325245751.47,9164407.524300698,2.0383952645172987e+21,8762776.726831786,2.2628228180110455e-09,0,0,1,0.0,0.0,0
436,279035904.748398,5,0.0,10197929.20963509,94448826517,128.70640853050182,420.0,5,4.0813654102973953e+21,30779199.53430921,194825373959725.66,9164407.524300698,2.0407021876860937e+21,8762776.726831786,2.2628228180110455e-09,0,0,1,0.0,0.0,0
437,279035904.748398,5,0.0,10229910.770109816,94414790612,128.70594523524528,420.0,5,4.0859877469034e+21,30694446.790464845,194683344621875.28,9164407.524300698,2.043013341786162e+21,8762776.726831786,2.2628228180110455e-09,0,0,1,0.0,0.0,0
438,279035904.748398,5,0.0,10261320.665000536,94380754708,128.7054865474051,420.0,5,4.090618543787563e+21,30631336.843201183,194548710309687.78,9164407.524300698,2.0453287267648125e+21,8721572.29389718,4.169123712927103e-09,0,0,1,0.0,0.0,0
439,279035904.748398,5,0.0,10294442.245743819,94346718803,128.70500417672505,420.0,5,4.0952578009498837e+21,30602002.793901682,194416937781680.2,9164407.524300698,2.04764834216872e+21,8783171.431866927,4.169123712927103e-09,0,0,1,0.0,0.0,0
440,279035904.748398,5,0.0,10327564.405217618,94312682898,128.70452689767788,420.0,5,4.0999055183903625e+21,30572668.74460218,194286886226569.2,9164407.524300698,2.049972187883804e+21,8783171.431866927,4.169123712927103e-09,0,0,1,0.0,0.0,0
441,279035904.748398,5,0.0,10360687.124130912,94278646993,128.70405462657817,420.0,5,4.1045616961089993e+21,30543334.695302684,194158555644354.8,9164407.524300698,2.052300263910064e+21,8783171.431866927,4.169123712927103e-09,0,0,1,0.0,0.0,0
442,279035904.748398,5,0.0,10392761.715242565,94244611089,128.70360391434926,420.0,5,4.109226334105794e+21,30514000.646003183,194031946035037.06,9164407.524300698,2.0546325702475005e+21,8745419.362513509,6.642949301749468e-09,0,0,1,0.0,0.0,0
443,279035904.748398,5,0.0,10426316.55984325,94210575184,128.7031369490789,420.0,5,4.1138994323807467e+21,30484666.596703682,193907057398615.9,9164407.524300698,2.056969106896113e+21,8804428.416599724,5.6970748119056225e-09,0,0,1,0.0,0.0,0
444,279035904.748398,5,0.0,10459871.90978355,94176539279,128.7026748640903,420.0,5,4.118580990933857e+21,30455332.54740418,193783889735091.38,9164407.524300698,2.059309873855902e+21,8804428.416599724,5.6970748119056225e-09,0,0,1,0.0,0.0,0
445,279035904.748398,5,0.0,10492582.135809487,94142503374,128.7022175797165,420.0,5,4.123271009765126e+21,30425998.498104684,193662443044463.44,9164407.524300698,2.0616548711268674e+21,8743544.323127575,4.300090949982405e-09,0,0,1,0.0,0.0,0
446,279035904.748398,5,0.0,10525292.834047226,94108467470,128.70176501807197,420.0,5,4.1279694888745524e+21,30396664.448805183,193542717326732.12,9164407.524300698,2.064004098709009e+21,8743544.323127575,4.300090949982405e-09,0,0,1,0.0,0.0,0
447,279035904.748398,5,0.0,10558003.98875638,94074431565,128.70131710300228,420.0,5,4.1326764282621366e+21,30367330.399505682,193424712581897.4,9164407.524300698,2.0663575566023265e+21,8743544.323127575,4.300090949982405e-09,0,0,1,0.0,0.0,0
448,279035904.748398,5,0.0,10590715.584721232,94040395660,128.7008737600349,420.0,5,4.137391827927879e+21,30337996.35020618,193308428809959.3,9164407.524300698,2.0687152448068203e+21,8743544.323127575,4.300090949982405e-09,0,0,1,0.0,0.0,0
449,279035904.748398,5,0.0,10623427.607233252,94006359755,128.70043491633177,420.0,5,4.142115687871779e+21,30308662.30090668,193193866010917.84,9164407.524300698,2.0710771633224907e+21,8743544.323127575,4.300090949982405e-09,0,0,1,0.0,0.0,0
450,279035904.748398,5,0.0,10656140.042074211,93972323851,128.70000050064357,420.0,5,4.1468480080938376e+21,30279328.251607183,193081024184772.97,9164407.524300698,2.0734433121493372e+21,8743544.323127575,4.300090949982405e-09,0,0,1,0.0,0.0,0
451,279035904.748398,5,0.0,10689022.936619123,93938287946,128.69957044326557,420.0,5,4.151588788594054e+21,30249994.202307682,192969903331524.7,9164407.524300698,2.0758136912873602e+21,8755788.72371863,5.347828846424818e-09,0,0,1,0.0,0.0,0
452,279035904.748398,5,0.0,10721906.216462519,93904252041,128.69914467599497,420.0,5,4.156338029372428e+21,30220660.15300818,192860503451173.03,9164407.524300698,2.078188300736559e+21,8755788.72371863,5.347828846424818e-09,0,0,1,0.0,0.0,0
453,279035904.748398,5,0.0,10754789.86876112,93870216136,128.6987231320895,420.0,5,4.16109573042896e+21,30191326.10370868,192752824543718.0,9164407.524300698,2.0805671404969344e+21,8755788.72371863,5.347828846424818e-09,0,0,1,0.0,0.0,0
454,279035904.748398,5,0.0,10787673.881099744,93836180232,128.69830574622773,420.0,5,4.16586189176365e+21,30161992.05440918,192646866609159.56,9164407.524300698,2.082950210568486e+21,8755788.72371863,5.347828846424818e-09,0,0,1,0.0,0.0,0
455,279035904.748398,5,0.0,10820558.241477055,93802144327,128.6978924544704,420.0,5,4.1706365133764984e+21,30132658.005109683,192542629647497.75,9164407.524300698,2.0853375109512139e+21,8755788.72371863,7.210473995655775e-09,0,0,1,0.0,0.0,0
456,279035904.748398,5,0.0,10853442.938291771,93768108422,128.69748319422322,420.0,5,4.175419595267504e+21,30103323.95581018,192440113658732.53,9164407.524300698,2.087729041645118e+21,8755788.72371863,5.347828846424818e-09,0,0,1,0.0,0.0,0
457,279035904.748398,5,0.0,10886327.960329311,93734072517,128.6970779042007,420.0,5,4.180211137436668e+21,30073989.90651068,192339318642863.94,9164407.524300698,2.0901248026501982e+21,8755788.72371863,5.347828846424818e-09,0,0,1,0.0,0.0,0
458,279035904.748398,5,0.0,10919159.55017858,93700036613,128.69667685883613,420.0,5,4.1850111398839897e+21,30044655.85721118,192240244599891.94,9164407.524300698,2.092524793966455e+21,8753208.88834264,6.744812708348036e-09,0,0,1,0.0,0.0,0
459,279035904.748398,5,0.0,10951991.44393051,93666000708,128.69627966269337,420.0,5,4.1898196026094697e+21,30015321.80791168,192142891529816.56,9164407.524300698,2.0949290155938879e+21,8753208.88834264,6.744812708348036e-09,0,0,1,0.0,0.0,0
460,279035904.748398,5,0.0,10984823.631455004,93631964803,128.69588625822547,420.0,5,4.194636525613107e+21,29985987.75861218,192047259432637.8,9164407.524300698,2.0973374675324969e+21,8753208.88834264,6.744812708348036e-09,0,0,1,0.0,0.0,0
461,279035904.748398,5,0.0,11017656.102959653,93597928898,128.69549658906126,420.0,5,4.1994619088949026e+21,29956653.70931268,191953348308355.66,9164407.524300698,2.0997501497822822e+21,8753208.88834264,6.744812708348036e-09,0,0,1,0.0,0.0,0
462,279035904.748398,5,0.0,11050488.84897845,93563892994,128.69511059997495,420.0,5,4.204295752454857e+21,29927319.66001318,191861158156970.12,9164407.524300698,2.102167062343244e+21,8753208.88834264,5.8862497098743916e-09,0,0,1,0.0,0.0,0
463,279035904.748398,5,0.0,11083321.860360917,93529857089,128.69472823685624,420.0,5,4.209138056292968e+21,29897985.61071368,191770688978481.2,9164407.524300698,2.1045882052153817e+21,8753208.88834264,5.8862497098743916e-09,0,0,1,0.0,0.0,0
464,279035904.748398,5,0.0,11116155.128261613,93495821184,128.69434944668188,420.0,5,4.2139888204092376e+21,29868651.56141418,191681940772888.88,9164407.524300698,2.1070135783986962e+21,8753208.88834264,5.8862497098743916e-09,0,0,1,0.0,0.0,0
465,279035904.748398,5,0.0,11148988.644129915,93461785279,128.69397417748775,420.0,5,4.218848044803665e+21,29839317.512114678,191594913540193.16,9164407.524300698,2.1094431818931865e+21,8753208.88834264,5.8862497098743916e-09,0,0,1,0.0,0.0,0
466,279035904.748398,5,0.0,11181868.663864775,93427749375,128.69360209788323,420.0,5,4.223715729476251e+21,29809983.46281518,191509607280394.06,9164407.524300698,2.1118770156988533e+21,8755429.568240222,6.1918399296700954e-09,0,0,1,0.0,0.0,0
467,279035904.748398,5,0.0,11214748.91531159,93393713470,128.69323344023604,420.0,5,4.228591874426994e+21,29780649.41351568,191426021993491.56,9164407.524300698,2.1143150798156965e+21,8755429.568240222,6.1918399296700954e-09,0,0,1,0.0,0.0,0
468,279035904.748398,5,0.0,11249794.579334972,93359677565,128.69277630159897,420.0,5,4.233476479655895e+21,29731828.666921116,191290726324251.3,9164407.524300698,2.11675736890058e+21,8833376.357420465,5.908077582716942e-09,0,0,1,0.0,0.0,0
469,279035904.748398,5,0.0,11284840.459880311,93325641660,128.69232431747758,420.0,5,4.238369545162954e+21,29683007.920326557,191160197585607.16,9164407.524300698,2.1192038886012357e+21,8833376.357420465,5.908077582716942e-09,0,0,1,0.0,0.0,0
470,279035904.748398,5,0.0,11321126.125937007,93291605756,128.69187020618165,420.0,5,4.2432710709481717e+21,29634187.173731994,191034435777559.1,9164407.524300698,2.1216546389176636e+21,8893744.516047351,2.342858351767063e-09,0,0,1,0.0,0.0,0
471,279035904.748398,5,0.0,11357411.994321441,93257569851,128.69142113347954,420.0,5,4.248181057011547e+21,29585366.427137434,190913440900107.12,9164407.524300698,2.1241096198498634e+21,8893744.516047351,2.342858351767063e-09,0,0,1,0.0,0.0,0
472,279035904.748398,5,0.0,11392789.522867462,93223533946,128.69099316174805,420.0,5,4.25309950335308e+21,29536545.68054287,190797212953251.28,9164407.524300698,2.1265688313978353e+21,8893744.516047351,2.342858351767063e-09,0,0,1,0.0,0.0,0
473,279035904.748398,5,0.0,11428008.312672274,93189498041,128.69057278983146,420.0,5,4.258026409972771e+21,29487724.933948312,190685751936991.53,9164407.524300698,2.1290322735615792e+21,8893744.516047351,2.342858351767063e-09,0,0,1,0.0,0.0,0
474,279035904.748398,5,0.0,11463223.710882522,93155462137,128.69015716837254,420.0,5,4.2629617768706196e+21,29438904.18735375,190579057851327.88,9164407.524300698,2.131499946341095e+21,8893744.516047351,2.342858351767063e-09,0,0,1,0.0,0.0,0
475,277647119.6408678,5,0.0,11498134.444894353,93122815017,128.6897435373103,420.0,5,4.267944749147737e+21,29390083.44075919,190477130696260.3,9164407.524300698,2.133991422286938e+21,8872044.748742191,4.220055416226387e-10,0,0,1,0.0,0.0,0
476,277647119.6408678,5,0.0,11532589.931163957,93090167897,128.6893425343406,420.0,5,4.272936050926605e+21,29341262.694164626,190379970471788.88,9164407.524300698,2.1364870634603497e+21,8872044.748742191,4.220055416226387e-10,0,0,1,0.0,0.0,0
477,277647119.6408678,5,0.0,11567052.40000732,93057520778,128.6889458680101,420.0,5,4.2779356822072255e+21,29292441.947570067,190287577177913.5,9164407.524300698,2.1389868698613305e+21,8872044.748742191,4.220055416226387e-10,0,0,1,0.0,0.0,0
478,277647119.6408678,5,0.0,11601604.904079214,93024873658,128.68855181740753,420.0,5,4.2829436429895976e+21,29243621.200975504,190199950814634.25,9164407.524300698,2.14149084148988e+21,8875043.023402333,4.220055416226387e-10,0,0,1,0.0,0.0,0
479,277647119.6408678,5,0.0,11636163.932978366,92992226538,128.68816199728977,420.0,5,4.287959933273722e+21,29194800.454380944,190117091381951.1,9164407.524300698,2.143998978345999e+21,8875043.023402333,4.220055416226387e-10,0,0,1,0.0,0.0,0
480,277647119.6408678,5,0.0,11670729.26921054,92959579419,128.68777634004846,420.0,5,4.292984553059597e+21,29145979.70778638,190038998879864.06,9164407.524300698,2.1465112804296866e+21,8875043.023402333,4.220055416226387e-10,0,0,1,0.0,0.0,0
481,277647119.6408678,5,0.0,11705300.702531295,92926932299,128.6873947795229,420.0,5,4.298017502347224e+21,29097158.96119182,189965673308373.1,9164407.524300698,2.1490277477409429e+21,8875043.023402333,4.220055416226387e-10,0,0,1,0.0,0.0,0
482,277647119.6408678,5,0.0,11739878.029704342,92894285180,128.68701725096034,420.0,5,4.303058781136604e+21,29048338.21459726,189897114667478.25,9164407.524300698,2.1515483802797686e+21,8875043.023402333,4.220055416226387e-10,0,0,1,0.0,0.0,0
483,277647119.6408678,5,0.0,11775110.44156004,92861638060,128.68664369097797,420.0,5,4.3081083894277346e+21,28999517.4680027,189833322957179.5,9164407.524300698,2.154073178046163e+21,8921798.908433158,3.6816345527768135e-09,0,0,1,0.0,0.0,0
484,277647119.6408678,5,0.0,11808661.711884234,92828990940,128.68633310673255,420.0,5,4.3131663272206176e+21,28965876.562489506,189792140096298.7,9164407.524300698,2.1566021428243184e+21,8861079.544107687,4.059984348714352e-09,0,0,1,0.0,0.0,0
485,277647119.6408678,5,0.0,11842218.30610338,92796343821,128.68602523978498,420.0,5,4.3182325945152517e+21,28932235.656976312,189753220656465.38,9164407.524300698,2.1591352725796914e+21,8861079.544107687,4.059984348714352e-09,0,0,1,0.0,0.0,0
486,277647119.6408678,5,0.0,11872666.66459505,92763696701,128.68579364989128,420.0,5,4.323307191311638e+21,28898594.75146312,189716564637679.56,9164407.524300698,2.1616725673122828e+21,8780889.228218198,2.3283064365386963e-09,0,0,1,0.0,0.0,0
487,277647119.6408678,5,0.0,11901995.486954102,92731049581,128.68560520513321,420.0,5,4.3283901176097763e+21,28864953.845949925,189682172039941.22,9164407.524300698,2.1642140270220922e+21,8780889.228218198,2.3283064365386963e-09,0,0,1,0.0,0.0,0
488,277647119.6408678,5,0.0,11931329.241025122,92698402462,128.68541829853442,420.0,5,4.333481373409666e+21,28831312.940436732,189650042863250.4,9164407.524300698,2.1667596517091194e+21,8780889.228218198,2.3283064365386963e-09,0,0,1,0.0,0.0,0
489,277647119.6408678,5,0.0,11960667.762432372,92665755342,128.68523291195007,420.0,5,4.338580958711307e+21,28797672.03492354,189620177107607.06,9164407.524300698,2.1693094413733643e+21,8780889.229273638,2.1391315385699272e-09,0,0,1,0.0,0.0,0
490,279239539.2893526,5,0.0,11988944.612452766,92631515803,128.68510404638593,420.0,5,4.343645080442859e+21,28764031.129410345,189592574773011.22,9164407.524300698,2.171841499478907e+21,8805770.786281213,4.190951585769653e-09,0,0,1,0.0,0.0,0
491,279239539.2893526,5,0.0,12018327.765834246,92597276263,128.6849482722151,420.0,5,4.3487176822765723e+21,28722985.79935297,189561962635512.6,9164407.524300698,2.1743777973345497e+21,8835388.484457936,3.812601789832115e-09,0,0,1,0.0,0.0,0
492,279239539.2893526,5,0.0,12047703.706266437,92563036724,128.68479403803335,420.0,5,4.3537987642124466e+21,28681940.469295595,189534719936253.03,9164407.524300698,2.1769183355782169e+21,8835388.484457936,3.812601789832115e-09,0,0,1,0.0,0.0,0
493,279239539.2893526,5,0.0,12078187.37354885,92528797185,128.68464131974306,420.0,5,4.358888326250482e+21,28640895.13923822,189510846675232.5,9164407.524300698,2.1794631142099085e+21,8915648.038904306,4.16184775531292e-09,0,0,1,0.0,0.0,0
494,279239539.2893526,5,0.0,12108931.640732503,92494557646,128.6844900937741,420.0,5,4.363986368390679e+21,28599849.809180845,189490342852451.0,9164407.524300698,2.1820121332296248e+21,8934896.519021526,6.0390448197722435e-09,0,0,1,0.0,0.0,0
495,279239539.2893526,5,0.0,12139669.392485775,92460318106,128.68434033706868,420.0,5,4.3690928906330377e+21,28558804.479123473,189473208467908.53,9164407.524300698,2.1845653926373656e+21,8934896.519021526,6.0390448197722435e-09,0,0,1,0.0,0.0,0
496,279239539.2893526,5,0.0,12169131.352478163,92426078567,128.68423229632816,420.0,5,4.3742078929775577e+21,28529184.61150033,189462936739664.06,9164407.524300698,2.1871228927824529e+21,8889194.835929079,8.96397978067398e-09,0,0,1,0.0,0.0,0
497,279239539.2893526,5,0.0,12198587.22416284,92391839028,128.68412505190227,420.0,5,4.379331375424239e+21,28499564.74387719,189454419684535.6,9164407.524300698,2.1896846331540878e+21,8889194.835929079,8.96397978067398e-09,0,0,1,0.0,0.0,0
498,279239539.2893526,5,0.0,12228037.210483382,92357599488,128.6840185932654,420.0,5,4.3844633379730814e+21,28469944.876254052,189447657302523.16,9164407.524300698,2.192250613752271e+21,8889194.835929079,8.96397978067398e-09,0,0,1,0.0,0.0,0
499,279293742.03589,5,0.0,12257493.27036742,92323305746,128.68391301502845,420.0,5,4.3896023139301e+21,28440325.008630913,189442649593626.75,9164407.524300698,2.1948201012300095e+21,8890041.753843727,1.1568772606551647e-08,0,0,1,0.0,0.0,0
500,279293742.03589,5,0.0,12286959.388670044,92289012004,128.68380788753936,420.0,5,4.394749775293917e+21,28410705.14100777,189439396557846.38,9164407.524300698,2.1973938315866142e+21,8889891.550408788,1.0579242371022701e-08,0,0,1,0.0,0.0,0
501,279293742.03589,5,0.0,12317005.882327966,92254718262,128.68370352286541,420.0,5,4.399905722064531e+21,28381085.27338463,189437898195182.0,9164407.524300698,2.199971804822085e+21,8932089.574975848,1.6283593140542507e-08,0,0,1,0.0,0.0,0
502,279293742.03589,5,0.0,12347046.857943952,92220424520,128.6835999110804,420.0,5,4.405070154241944e+21,28370602.00394117,189437788296243.78,9164407.524300698,2.2025540208998015e+21,8932089.574975848,1.6283593140542507e-08,0,0,1,0.0,0.0,0
503,279293742.03589,5,0.0,12377082.499452727,92186130778,128.68349704246765,420.0,5,4.410243071826154e+21,28370602.00394117,189437788296243.78,9164407.524300698,2.2051404796919066e+21,8932089.574975848,1.6283593140542507e-08,0,0,1,0.0,0.0,0
504,279293742.03589,5,0.0,12406034.583759578,92151837036,128.68339490751413,420.0,5,4.415424474817162e+21,28370602.00394117,189437788296243.78,9164407.524300698,2.2077311811874107e+21,8854444.710298803,1.4770193956792355e-08,0,0,1,0.0,0.0,0
505,279293742.03589,5,0.0,12434990.185881726,92117543294,128.68329349690404,420.0,5,4.4206143632149677e+21,28370602.00394117,189437788296243.78,9164407.524300698,2.2103261253863135e+21,8855056.871733196,1.0637450031936169e-08,0,0,1,0.0,0.0,0
506,279294743.9895452,5,0.0,12463941.187162453,92083248550,128.68319280344355,420.0,5,4.425812710250941e+21,28370602.00394117,189437788296243.78,9164407.524300698,2.2129252989043003e+21,8855072.527259057,9.866198524832726e-09,0,0,1,0.0,0.0,0
507,279294743.9895452,5,0.0,12492887.856929995,92048953806,128.6830928104749,420.0,5,4.4310195427918804e+21,28370602.00394117,189437788296243.78,9164407.524300698,2.2155287151747699e+21,8855072.527259057,9.866198524832726e-09,0,0,1,0.0,0.0,0
508,279294743.9895452,5,0.0,12521830.0170353,92014659062,128.68299351516333,420.0,5,4.4362348608377864e+21,28370602.00394117,189437788296243.78,9164407.524300698,2.2181363741977228e+21,8855072.527259057,9.866198524832726e-09,0,0,1,0.0,0.0,0
509,279294743.9895452,5,0.0,12550767.81780044,91980364318,128.6828949089225,420.0,5,4.441458664388658e+21,28370602.00394117,189437788296243.78,9164407.524300698,2.2207482759731586e+21,8855072.527259057,9.866198524832726e-09,0,0,1,0.0,0.0,0
510,279294743.9895452,5,0.0,12579701.404536758,91946069574,128.68279698333671,420.0,5,4.446690953444496e+21,28370602.00394117,189437788296243.78,9164407.524300698,2.2233644205010778e+21,8855072.527259057,9.866198524832726e-09,0,0,1,0.0,0.0,0
511,279294743.9895452,5,0.0,12608632.406844534,91911774830,128.68269973015643,420.0,5,4.451931728005301e+21,28370602.00394117,189437788296243.78,9164407.524300698,2.22598480778148e+21,8855179.744810041,1.4479155652225018e-08,0,0,1,0.0,0.0,0
512,279294743.9895452,5,0.0,12637559.471376477,91877480086,128.68260314129333,420.0,5,4.457180988071071e+21,28370602.00394117,189437788296243.78,9164407.524300698,2.228609437814365e+21,8855179.744810041,1.4479155652225018e-08,0,0,1,0.0,0.0,0
513,279294743.9895452,5,0.0,12666487.85720401,91843185342,128.68250720881608,420.0,5,4.462438733641808e+21,28370602.00394117,189437788296243.78,9164407.524300698,2.2312383105997335e+21,8855425.879796129,1.7826096154749393e-08,0,0,1,0.0,0.0,0
514,279294743.9895452,5,0.0,12695412.563398795,91808890598,128.68241192494585,420.0,5,4.467704964717511e+21,28370602.00394117,189437788296243.78,9164407.524300698,2.233871426137585e+21,8855425.879796129,1.7826096154749393e-08,0,0,1,0.0,0.0,0
515,279294743.9895452,5,0.0,12724333.712615268,91774595854,128.6823172820522,420.0,5,4.47297968129818e+21,28370602.00394117,189437788296243.78,9164407.524300698,2.2365087844279197e+21,8855425.879796129,1.7826096154749393e-08,0,0,1,0.0,0.0,0
516,279294743.9895452,5,0.0,12753251.42341937,91740301110,128.68222327264917,420.0,5,4.4782628833838157e+21,28370602.00394117,189437788296243.78,9164407.524300698,2.2391503854707375e+21,8855425.879796129,1.7826096154749393e-08,0,0,1,0.0,0.0,0
517,279294743.9895452,5,0.0,12782572.626130024,91706006366,128.6821298893913,420.0,5,4.483554570974417e+21,28370602.00394117,189437788296243.78,9164407.524300698,2.241796229266038e+21,8884716.610569457,2.0445440895855427e-08,0,0,1,0.0,0.0,0
518,279294743.9895452,5,0.0,12811890.615835343,91671711622,128.68203712506985,420.0,5,4.4888547440699853e+21,28370602.00394117,189437788296243.78,9164407.524300698,2.2444463158138223e+21,8884716.61056944,2.0445440895855427e-08,0,0,1,0.0,0.0,0
519,279294743.9895452,5,0.0,12841205.499635495,91637416878,128.68194497260924,420.0,5,4.4941634026705194e+21,28370602.00394117,189437788296243.78,9164407.524300698,2.2471006451140893e+21,8884716.61056944,2.0445440895855427e-08,0,0,1,0.0,0.0,0
520,279294743.9895452,5,0.0,12870517.381060664,91603122134,128.68185342506368,420.0,5,4.4994805467760196e+21,28370602.00394117,189437788296243.78,9164407.524300698,2.2497592171668394e+21,8884716.61056944,2.0445440895855427e-08,0,0,1,0.0,0.0,0
521,279294743.9895452,5,0.0,12899826.360190002,91568827390,128.68176247561343,420.0,5,4.504806176386486e+21,28370602.00394117,189437788296243.78,9164407.524300698,2.2524220319720727e+21,8884716.61056944,2.0445440895855427e-08,0,0,1,0.0,0.0,0
522,279294743.9895452,5,0.0,12929132.533766719,91534532646,128.681672117562,420.0,5,4.5101402915019193e+21,28370602.00394117,189437788296243.78,9164407.524300698,2.2550890895297893e+21,8884716.61056944,2.0445440895855427e-08,0,0,1,0.0,0.0,0
523,279294743.9895452,5,0.0,12958435.99530922,91500237902,128.68158234433244,420.0,5,4.515482892122318e+21,28370602.00394117,189437788296243.78,9164407.524300698,2.2577603898399887e+21,8884716.61056944,2.0445440895855427e-08,0,0,1,0.0,0.0,0
524,279294743.9895452,5,0.0,12987736.83521866,91465943158,128.68149314946496,420.0,5,4.520833978247683e+21,28370602.00394117,189437788296243.78,9164407.524300698,2.2604359329026713e+21,8884716.61056944,2.0445440895855427e-08,0,0,1,0.0,0.0,0
525,279294743.9895452,5,0.0,13017035.140882796,91431648414,128.6814045266132,420.0,5,4.526193549878015e+21,28370602.00394117,189437788296243.78,9164407.524300698,2.2631157187178371e+21,8884716.61056944,2.0445440895855427e-08,0,0,1,0.0,0.0,0
526,264784087.6742688,4,0.0,13050249.543636506,91411864326,122.5863943553389,420.0,4,4.531561396454166e+21,28313919.752709623,188800177034933.5,9164407.524300698,2.2657995782447864e+21,8826758.477101848,1.7622369341552258e-08,0,0,1,0.0,0.0,0
527,253094743.9895452,4,0.0,13079368.070615966,91403769582,121.00247796867062,420.0,4,4.5369364922960393e+21,28211576.002709623,187665200838644.44,9164407.524300698,2.2684870126681035e+21,8826758.477101848,1.7622369341552258e-08,0,0,1,0.0,0.0,0
528,253094743.9895452,4,0.0,13108484.27699893,91395674838,120.65424861470765,420.0,4,4.542318700762878e+21,28109232.252709623,186551173128683.5,9164407.524300698,2.271178005498752e+21,8826758.477101848,1.7622369341552258e-08,0,0,1,0.0,0.0,0
529,253094743.9895452,4,0.0,13137598.240138603,91387580094,120.50145364758022,420.0,4,4.547708021854684e+21,28006888.502709623,185458093905050.7,9164407.524300698,2.2738725567367325e+21,8826758.477101848,1.7622369341552258e-08,0,0,1,0.0,0.0,0
530,253094743.9895452,4,0.0,13166710.034809776,91379485350,120.4156203502124,420.0,4,4.5531044555714556e+21,27904544.752709623,184385963167746.0,9164407.524300698,2.2765706663820447e+21,8826758.477101848,1.7622369341552258e-08,0,0,1,0.0,0.0,0
531,253094743.9895452,4,0.0,13195819.733294722,91371390606,120.36064240269313,420.0,4,4.5585080019131936e+21,27802201.002709623,183334780916769.44,9164407.524300698,2.2792723344346886e+21,8826758.477101848,1.5112163964658976e-08,0,0,1,0.0,0.0,0
532,253094743.9895452,4,0.0,13224927.405466313,91363295862,120.32241741631371,420.0,4,4.563918660879898e+21,27699857.252709623,182304547152121.0,9164407.524300698,2.281977560894664e+21,8826758.477101848,1.5112163964658976e-08,0,0,1,0.0,0.0,0
533,253094743.9895452,4,0.0,13253212.315892564,91355201118,120.29430102047523,420.0,4,4.569336432471568e+21,27597513.502709623,181295261873800.7,9164407.524300698,2.2846863457619712e+21,8767660.662846165,1.6261765267699957e-08,0,0,1,0.0,0.0,0
534,253094743.9895452,4,0.0,13282170.45972689,91347106375,120.27275238167304,420.0,4,4.574761316688205e+21,27495169.752709623,180306925081808.5,9164407.524300698,2.2873986890366106e+21,8816269.798589936,1.0353687684983015e-08,0,0,1,0.0,0.0,0
535,253094743.9895452,4,0.0,13311126.744428193,91339011631,120.2557116286556,420.0,4,4.580193313529808e+21,27392826.002709623,179339536776144.44,9164407.524300698,2.2901145907185815e+21,8816268.762809457,7.079506758600473e-09,0,0,1,0.0,0.0,0
536,253094743.9895452,4,0.0,13339789.549161518,91330916887,120.24189887733249,420.0,4,4.585632422996377e+21,27290482.252709623,178393096956808.5,9164407.524300698,2.2928340508078842e+21,8795265.59826476,7.60337570682168e-09,0,0,1,0.0,0.0,0
537,253094743.9895452,4,0.0,13368450.643523855,91322822143,120.23047697312411,420.0,4,4.5910786450879115e+21,27188138.502709623,177467605623800.7,9164407.524300698,2.2955570693045181e+21,8795265.59826476,7.60337570682168e-09,0,0,1,0.0,0.0,0
538,253094743.9895452,4,0.0,13397110.084527565,91314727399,120.22087529546427,420.0,4,4.5965319798044135e+21,27085794.752709623,176563062777121.0,9164407.524300698,2.2982836462084846e+21,8795265.59826476,7.60337570682168e-09,0,0,1,0.0,0.0,0
539,253094743.9895452,4,0.0,13425767.927284611,91306632655,120.21269150455187,420.0,4,4.601992427145881e+21,26983451.002709623,175679468416769.44,9164407.524300698,2.3010137815197824e+21,8795265.59826476,7.60337570682168e-09,0,0,1,0.0,0.0,0
540,256693042.7478332,4,0.0,13455205.1058768,91294939612,120.20564062175252,420.0,4,4.6073698598254826e+21,26883071.913297657,174816826402637.25,9164407.524300698,2.3037024115953815e+21,8851489.016363008,3.7180143408477306e-09,0,0,1,0.0,0.0,0
541,256693042.7478332,4,0.0,13486527.812424434,91283246569,120.19948450400115,420.0,4,4.6127547835831854e+21,26778763.502709623,173975125155050.7,9164407.524300698,2.3063947893041083e+21,8928049.77392109,4.3146428652107716e-09,0,0,1,0.0,0.0,0
542,256693042.7478332,4,0.0,13517412.22896259,91271553526,120.19407927747271,420.0,4,4.61814719841899e+21,26676419.752709623,173154376253683.5,9164407.524300698,2.3090909146471205e+21,8907010.973236006,2.4519977159798145e-09,0,0,1,0.0,0.0,0
543,256693042.7478332,4,0.0,13548296.66322759,91259860484,120.18929191164514,420.0,4,4.623547104332897e+21,26574076.002709623,172354575838644.44,9164407.524300698,2.3117907876240323e+21,8907010.973236006,2.4519977159798145e-09,0,0,1,0.0,0.0,0
544,256693042.7478332,4,0.0,13579181.11462855,91248167441,120.18502276984941,420.0,4,4.6289545013249043e+21,26471732.252709623,171575723909933.5,9164407.524300698,2.3144944082348432e+21,8907010.973236006,2.4519977159798145e-09,0,0,1,0.0,0.0,0
545,256693042.7478332,4,0.0,13610065.582572274,91236474398,120.18119258894767,420.0,4,4.634369389395014e+21,26369388.502709623,170817820467550.7,9164407.524300698,2.3172017764795537e+21,8907010.972180564,5.056790541857481e-09,0,0,1,0.0,0.0,0
546,256693042.7478332,4,0.0,13642961.300115876,91224781355,120.17769050828076,420.0,4,4.639791768543225e+21,26267044.752709623,170080865511496.0,9164407.524300698,2.3199128923581637e+21,8979415.381322578,7.908965926617384e-09,0,0,1,0.0,0.0,0
547,256693042.7478332,4,0.0,13675857.033138322,91213088313,120.17451223572296,420.0,4,4.6452216387695385e+21,26164701.002709623,169364859041769.44,9164407.524300698,2.3226277558706734e+21,8979415.381322578,7.908965926617384e-09,0,0,1,0.0,0.0,0
548,256693042.7478332,4,0.0,13708752.78112365,91201395270,120.17161498070661,420.0,4,4.6506590000739527e+21,26062357.252709623,168669801058371.0,9164407.524300698,2.3253463670170822e+21,8979415.381322578,7.908965926617384e-09,0,0,1,0.0,0.0,0
549,256693042.69346815,4,0.0,13741648.543561304,91189702227,120.16896321642069,420.0,4,4.656103852457803e+21,25960013.502709623,167995691561300.7,9164407.524300698,2.3280687257980578e+21,8979415.380473124,8.651113603264093e-09,0,0,1,0.0,0.0,0
550,256693042.69346815,4,0.0,13774544.319980936,91178009184,120.16652720135228,420.0,4,4.661556195919749e+21,25857669.752709623,167342530550558.5,9164407.524300698,2.3307948322129295e+21,8979415.380473124,8.651113603264093e-09,0,0,1,0.0,0.0,0
551,256693042.69346815,4,0.0,13807440.10991649,91166316142,120.1642818478347,420.0,4,4.6670160304597904e+21,25755326.002709623,166710318026144.44,9164407.524300698,2.333524686261698e+21,8979415.380473124,8.651113603264093e-09,0,0,1,0.0,0.0,0
552,252355250.35461324,4,0.0,13839394.551732779,91158960891,120.16219777954272,420.0,4,4.6725890841288025e+21,25652982.252709623,166099053988058.5,9164407.524300698,2.3363111519698e+21,8911637.375178516,7.908965926617384e-09,0,0,1,0.0,0.0,0
553,252355250.35461324,4,0.0,13871742.477404006,91151605641,120.16025627180565,420.0,4,4.6781691790616533e+21,25550638.502709623,165508738436300.7,9164407.524300698,2.3391011404046703e+21,8925802.33928073,5.784386303275824e-09,0,0,1,0.0,0.0,0
554,252355250.35461324,4,0.0,13903967.93083979,91144250391,120.1584525184502,420.0,4,4.6837563152583434e+21,25448294.752709623,164939371370871.0,9164407.524300698,2.3418946515663087e+21,8925802.33928073,5.784386303275824e-09,0,0,1,0.0,0.0,0
555,252355250.35461324,4,0.0,13935001.540728267,91136895140,120.15679111162012,420.0,4,4.6893504927188727e+21,25345951.002709623,164390952791769.44,9164407.524300698,2.3446916854547156e+21,8925802.33928073,5.784386303275824e-09,0,0,1,0.0,0.0,0
556,252355250.35461324,4,0.0,13965792.289052054,91129539890,120.1552439213125,420.0,4,4.69495171144324e+21,25243607.252709623,163863482698996.0,9164407.524300698,2.34749224206989e+21,8913557.938689675,4.73664840683341e-09,0,0,1,0.0,0.0,0
557,252355250.35461324,4,0.0,13996594.859819643,91122184640,120.15379663241671,420.0,4,4.700559971431446e+21,25141263.502709623,163356961092550.7,9164407.524300698,2.3502963214118323e+21,8913557.938689675,4.73664840683341e-09,0,0,1,0.0,0.0,0
558,252355250.35461324,4,0.0,14027408.85894959,91114829389,120.15244023378868,420.0,4,4.7061752726834916e+21,25038919.752709623,162871387972433.5,9164407.524300698,2.353103923480543e+21,8913557.938689675,4.73664840683341e-09,0,0,1,0.0,0.0,0
559,252355250.35461324,4,0.0,14058233.905496469,91107474139,120.15116678950758,420.0,4,4.7117976151993756e+21,24936576.002709623,162406763338644.44,9164407.524300698,2.3559150482760217e+21,8913557.938689675,4.73664840683341e-09,0,0,1,0.0,0.0,0
560,248024230.24804652,4,0.0,14088129.739696877,91104449909,120.14996123672437,420.0,4,4.7175309533589427e+21,24834232.252709623,161963087191183.5,9164407.524300698,2.3587816729881904e+21,8845885.749524571,4.73664840683341e-09,0,0,1,0.0,0.0,0
561,248024230.24804652,4,0.0,14115923.721063066,91101425678,120.14884956231482,420.0,4,4.723270958759952e+21,24731888.502709623,161540359530050.7,9164407.524300698,2.3616516334159287e+21,8795317.358997282,9.160430636256933e-09,0,0,1,0.0,0.0,0
562,248024230.24804652,4,0.0,14143759.011237271,91098401448,120.14780161837719,420.0,4,4.729017631402402e+21,24629544.752709623,161138580355246.0,9164407.524300698,2.364524929559236e+21,8795317.358997282,9.160430636256933e-09,0,0,1,0.0,0.0,0
563,248024230.24804652,4,0.0,14171634.233259222,91095377218,120.14681246240328,420.0,4,4.734770971286294e+21,24527201.002709623,160757749666769.44,9164407.524300698,2.367401561418114e+21,8795317.358997282,9.160430636256933e-09,0,0,1,0.0,0.0,0
564,248024230.24804652,4,0.0,14199548.056067314,91092352988,120.1458776669836,420.0,4,4.740530978411627e+21,24424857.252709623,160397867464621.0,9164407.524300698,2.37028152899256e+21,8795317.358997282,9.160430636256933e-09,0,0,1,0.0,0.0,0
565,248024230.24804652,4,0.0,14228495.681926211,91089328757,120.14497830479688,420.0,4,4.746297652778402e+21,24322513.502709623,160058933748800.7,9164407.524300698,2.373164832282576e+21,8843148.828958118,9.160430636256933e-09,0,0,1,0.0,0.0,0
566,248024230.24804652,4,0.0,14257479.378075274,91086304527,120.14412560758576,420.0,4,4.752070994386618e+21,24220169.752709623,159740948519308.5,9164407.524300698,2.376051471288161e+21,8843148.828958118,9.160430636256933e-09,0,0,1,0.0,0.0,0
567,248024230.24804652,4,0.0,14286497.942171507,91083280297,120.14331633847472,420.0,4,4.757851003236276e+21,24117826.002709623,159443911776144.44,9164407.524300698,2.3789414460093157e+21,8843148.828958118,9.160430636256933e-09,0,0,1,0.0,0.0,0
568,248024230.24804652,4,0.0,14315550.211949993,91080256067,120.14254756707649,420.0,4,4.763637679327376e+21,24015482.252709623,159167823519308.5,9164407.524300698,2.38183475644604e+21,8843148.828958118,9.160430636256933e-09,0,0,1,0.0,0.0,0
569,248024230.24804652,4,0.0,14344025.250168286,91077231836,120.14181663437367,420.0,4,4.769431022659916e+21,23913138.502709623,158912683748800.7,9164407.524300698,2.3847314025983325e+21,8799241.891703628,6.439222488552332e-09,0,0,1,0.0,0.0,0
570,248024230.24804652,4,0.0,14372531.78447411,91074207606,120.14112112233033,420.0,4,4.775231033233897e+21,23810794.752709623,158678492464621.0,9164407.524300698,2.387631384466195e+21,8799241.891703628,6.439222488552332e-09,0,0,1,0.0,0.0,0
571,248024230.24804652,4,0.0,14401068.764997886,91071183376,120.14045882750678,420.0,4,4.781037711049322e+21,23708451.002709623,158465249666769.44,9164407.524300698,2.3905347020496275e+21,8799241.891703628,6.439222488552332e-09,0,0,1,0.0,0.0,0
572,248024230.24804652,4,0.0,14429221.832529465,91068159146,120.13984299256708,420.0,4,4.786851056106186e+21,23606107.252709623,158272955355246.0,9164407.524300698,2.3934413553486287e+21,8799241.891703628,6.439222488552332e-09,0,0,1,0.0,0.0,0
573,248024230.24804652,4,0.0,14454377.592206247,91065134915,120.13934585624962,420.0,4,4.792671068404492e+21,23503763.502709623,158101609530050.7,9164407.524300698,2.396351344363199e+21,8756687.710493186,7.60337570682168e-09,0,0,1,0.0,0.0,0
574,248024230.24804652,4,0.0,14479560.86003808,91062110685,120.13887549825867,420.0,4,4.798497747944241e+21,23401419.752709623,157951212191183.5,9164407.524300698,2.3992646690933393e+21,8756687.710493186,7.60337570682168e-09,0,0,1,0.0,0.0,0
575,248024230.24804652,4,0.0,14504770.719086446,91059086455,120.13843038227613,420.0,4,4.80433109472543e+21,23299076.002709623,157821763338644.44,9164407.524300698,2.4021813295390487e+21,8756687.710493186,7.60337570682168e-09,0,0,1,0.0,0.0,0
576,248024230.24804652,4,0.0,14530006.282977477,91056062225,120.13800909662334,420.0,4,4.81017110874806e+21,23196732.252709623,157713262972433.5,9164407.524300698,2.4051013257003275e+21,8756687.710493186,7.60337570682168e-09,0,0,1,0.0,0.0,0
577,248024230.24804652,4,0.0,14555266.69488307,91053037994,120.13761034222564,420.0,4,4.816017790012133e+21,23094388.502709623,157625711092550.7,9164407.524300698,2.408024657577176e+21,8756687.710493186,7.60337570682168e-09,0,0,1,0.0,0.0,0
578,248024230.24804652,4,0.0,14580558.20541387,91050013764,120.13723277264,420.0,4,4.821871138517647e+21,22992044.752709623,157559107698996.0,9164407.524300698,2.4109513251695934e+21,8757027.496626783,7.355993147939444e-09,0,0,1,0.0,0.0,0
579,248024230.24804652,4,0.0,14606327.205207177,91046989534,120.13686828915829,420.0,4,4.827731154264602e+21,22889701.002709623,157513452791769.44,9164407.524300698,2.4138813284775803e+21,8778832.464947138,7.355993147939444e-09,0,0,1,0.0,0.0,0
580,248024230.24804652,4,0.0,14632129.160035767,91043965304,120.13652280279219,420.0,4,4.833597837252999e+21,22787357.252709623,157488746370871.0,9164407.524300698,2.416814667501136e+21,8779336.940903254,7.355993147939444e-09,0,0,1,0.0,0.0,0
581,248024230.24804652,4,0.0,14658071.169818576,91040941073,120.13618339899857,420.0,4,4.839471187482836e+21,22717826.002709623,157483911776144.44,9164407.524300698,2.419751342132596e+21,8785018.125159638,9.335053618997335e-09,0,0,1,0.0,0.0,0
582,248024230.24804652,4,0.0,14683523.072823998,91037916843,120.13586074528693,420.0,4,4.845351204954116e+21,22717826.002709623,157483911776144.44,9164407.524300698,2.4226913508682356e+21,8760486.261417031,9.022187441587448e-09,0,0,1,0.0,0.0,0
583,248024230.24804652,4,0.0,14708995.250422763,91034892613,120.13555401300219,420.0,4,4.851237889666837e+21,22717826.002709623,157483911776144.44,9164407.524300698,2.4256346932245965e+21,8760486.261417031,9.022187441587448e-09,0,0,1,0.0,0.0,0
584,248024230.24804652,4,0.0,14733461.776893001,91031868383,120.13527581395974,420.0,4,4.857131241621e+21,22717826.002709623,157483911776144.44,9164407.524300698,2.4285813692016776e+21,8711274.266116813,7.843482308089733e-09,0,0,1,0.0,0.0,0
585,248024230.24804652,4,0.0,14759418.985547531,91028844152,120.1349971055178,420.0,4,4.863031260816603e+21,22717826.002709623,157483911776144.44,9164407.524300698,2.4315313787994794e+21,8794747.149244606,1.0812073014676571e-08,0,0,1,0.0,0.0,0
586,248024230.24804652,4,0.0,14785394.508167136,91025819922,120.13473226618721,420.0,4,4.868937947253649e+21,22717826.002709623,157483911776144.44,9164407.524300698,2.4344847220180024e+21,8794747.149244606,1.0812073014676571e-08,0,0,1,0.0,0.0,0
587,248024230.24804652,4,0.0,14811387.73428631,91022795692,120.13448067534247,420.0,4,4.874851300932136e+21,22717826.002709623,157483911776144.44,9164407.524300698,2.4374413988572457e+21,8794747.149244606,1.0812073014676571e-08,0,0,1,0.0,0.0,0
588,248024230.24804652,4,0.0,14837398.073788406,91019771462,120.13424175359685,420.0,4,4.880771321852064e+21,22717826.002709623,157483911776144.44,9164407.524300698,2.4404014093172096e+21,8794747.149244606,1.0812073014676571e-08,0,0,1,0.0,0.0,0
589,247160537.32118207,4,0.0,14862923.16206468,91017610924,120.1340330604743,420.0,4,4.886717772062959e+21,22717826.002709623,157483911776144.44,9164407.524300698,2.443374634422657e+21,8770380.03665017,1.0113581083714962e-08,0,0,1,0.0,0.0,0
590,247160537.32118207,4,0.0,14884821.406424755,91015450387,120.13424492587897,420.0,4,4.892670823900944e+21,22717826.002709623,157483911776144.44,9164407.524300698,2.44635116034165e+21,8770380.03665017,1.0113581083714962e-08,0,0,1,0.0,0.0,0
591,247160537.32118207,4,0.0,14906764.095868248,91013289850,120.13445528608392,420.0,4,4.898630477366022e+21,22717826.002709623,157483911776144.44,9164407.524300698,2.449330987074189e+21,8770380.03665017,1.0113581083714962e-08,0,0,1,0.0,0.0,0
592,247160537.32118207,4,0.0,14928749.748892374,91011129312,120.13466420645769,420.0,4,4.90459673245819e+21,22717826.002709623,157483911776144.44,9164407.524300698,2.452314114620273e+21,8770380.03665017,1.0113581083714962e-08,0,0,1,0.0,0.0,0
593,247160537.32118207,4,0.0,14950776.93337778,91008968775,120.13487175282141,420.0,4,4.910569589177449e+21,22717826.002709623,157483911776144.44,9164407.524300698,2.4553005429799025e+21,8770380.03665017,1.0113581083714962e-08,0,0,1,0.0,0.0,0
594,247160537.32118207,4,0.0,14972844.26494242,91006808238,120.13507799137868,420.0,4,4.9165490475238e+21,22717826.002709623,157483911776144.44,9164407.524300698,2.458290272153078e+21,8770380.03665017,1.0113581083714962e-08,0,0,1,0.0,0.0,0
595,247160537.32118207,4,0.0,14994950.405350327,91004647700,120.1352829886501,420.0,4,4.922535107497243e+21,22717826.002709623,157483911776144.44,9164407.524300698,2.4612833021397995e+21,8770380.03665017,9.560608305037022e-09,0,0,1,0.0,0.0,0
596,247160537.32118207,4,0.0,15017094.054327743,91002487163,120.13548681158179,420.0,4,4.928527769097776e+21,22717826.002709623,157483911776144.44,9164407.524300698,2.464279632940066e+21,8770379.717659254,9.342329576611519e-09,0,0,1,0.0,0.0,0
597,247144183.72953802,4,0.0,15039270.419056615,91000342979,120.13568949279745,420.0,4,4.934527401667769e+21,22717826.002709623,157483911776144.44,9164407.524300698,2.4672794492250625e+21,8770124.192789814,9.909854270517826e-09,0,0,1,0.0,0.0,0
598,247144183.72953802,4,0.0,15061476.516235096,90998198796,120.13589123624843,420.0,4,4.940533634651263e+21,22717826.002709623,157483911776144.44,9164407.524300698,2.4702825657168094e+21,8770124.192789814,9.909854270517826e-09,0,0,1,0.0,0.0,0
599,247144183.72953802,4,0.0,15083654.155011607,90996054612,120.13609307438283,420.0,4,4.946546468048256e+21,22717826.002709623,157483911776144.44,9164407.524300698,2.473288982415306e+21,8767125.918129673,1.1714291758835316e-08,0,0,1,0.0,0.0,0
