t,secure_bps,violations,k_min,k_mean,q_total,aos_mean,aos_max,rekey,q_sumsq,z_l1,z_sumsq,z_max,lyapunov,key_inflow,key_overflow,cg_iters,cg_columns,cg_converged,obj_lp,obj_greedy,key_blocked_edges
0,245000000.0,0,2109375.0,2425672.7430555555,0,0.8678816811621574,0.9476988686844755,0,0.0,571875.0,109013671875.0,190625.0,10901367187500.0,7200000.0,0.0,0,0,1,0.0,0.0,0
1,245000000.0,0,1718750.0,2351345.486111111,0,1.9553749264829172,2.1629597325192615,0,0.0,1143750.0,436054687500.0,381250.0,43605468750000.0,7200000.0,0.0,0,0,1,0.0,0.0,0
2,245000000.0,0,1328125.0,2277018.2291666665,0,3.0760090197024463,3.5047493651838613,0,0.0,1715625.0,981123046875.0,571875.0,98112304687500.0,7200000.0,0.0,0,0,1,0.0,0.0,0
3,245000000.0,0,1137500.0,2219357.638888889,0,4.184985372071511,4.756697408871322,0,0.0,2287500.0,1744218750000.0,762500.0,174421875000000.0,7200000.0,0.0,0,0,1,0.0,0.0,0
4,245000000.0,0,946875.0,2163738.8250154606,0,4.752235262721685,6.109982856389292,0,0.0,2859375.0,2725341796875.0,953125.0,272534179687500.0,7273503.950556569,2.0372681319713593e-10,0,0,1,0.0,0.0,0
5,245000000.0,0,756250.0,2119231.1222531428,0,5.771012413499752,7.641135688345988,0,0.0,3431250.0,3924492187500.0,1143750.0,392449218750000.0,7273503.950556569,2.0372681319713593e-10,0,0,1,0.0,0.0,0
6,245000000.0,0,565625.0,2091390.0861574917,0,6.837023000426752,9.529671299360247,0,0.0,4003125.0,5341669921875.0,1334375.0,534166992187500.0,7273503.950556569,2.0372681319713593e-10,0,0,1,0.0,0.0,0
7,245000000.0,0,375000.0,2063549.050061841,0,8.100089511977595,12.319148936170212,0,0.0,4575000.0,6976875000000.0,1525000.0,697687500000000.0,7273503.950556569,2.0372681319713593e-10,0,0,1,0.0,0.0,0
8,245000000.0,0,184375.0,2045363.220479695,0,10.135232897654506,18.78894133513149,0,0.0,5146875.0,8830107421875.0,1715625.0,883010742187500.0,7276003.020146625,0.0,0,0,1,0.0,0.0,0
9,243400000.0,1,0.0,2034779.1029837679,1600000,34.38951510578965,129.0,3,2560000000000.0,5700000.0,10830000000000.0,1900000.0,1084280000000000.0,7276003.020146625,0.0,0,0,1,0.0,0.0,0
10,196200000.0,1,0.0,2056948.2355959916,50400000,33.78053989744942,130.0,3,2540160000000000.0,5688259.995588916,10785525810941.455,1900000.0,2348632581094145.5,7322963.03779096,7.09405867382884e-11,0,0,1,0.0,0.0,0
11,196200000.0,1,0.0,2079699.8130346297,99200000,31.724055438974,131.0,3,9840640000000000.0,5676519.991177833,10741327277290.053,1900000.0,5994452727729005.0,7322963.03779096,7.275957614183426e-11,0,0,1,0.0,0.0,0
12,196200000.0,1,0.0,2102451.390473267,148000000,30.515065551299756,132.0,3,2.1904e+16,5664779.986766749,10697404399045.797,1900000.0,1.202174043990458e+16,7322963.03779096,7.275957614183426e-11,0,0,1,0.0,0.0,0
13,196200000.0,1,0.0,2125732.495447093,196800000,28.377393914898896,133.0,3,3.873024e+16,5653039.982355665,10653757176208.684,1900000.0,2.0430495717620868e+16,7342026.029057717,7.275957614183426e-11,0,0,1,0.0,0.0,0
14,196200000.0,1,0.0,2149013.6004209183,245600000,28.336171117895805,134.0,2,6.031936e+16,5641299.977944582,10610385608778.717,1900000.0,3.122071856087787e+16,7342026.029057717,7.275957614183426e-11,0,0,1,0.0,0.0,0
15,196200000.0,1,0.0,2172294.705394744,294400000,28.48959048038203,135.0,2,8.667136e+16,5629559.973533498,10567289696755.895,1900000.0,4.439240896967559e+16,7342026.029057717,7.09405867382884e-11,0,0,1,0.0,0.0,0
16,196200000.0,1,0.0,2195575.8103685696,343200000,28.75587333845353,136.0,2,1.1778624e+17,5617819.9691224145,10524469440140.215,1900000.0,5.9945566944014024e+16,7342026.029057717,7.09405867382884e-11,0,0,1,0.0,0.0,0
17,196200000.0,1,0.0,2218856.9153423947,392000000,29.09361297603433,137.0,2,1.53664e+17,5606079.964711331,10481924838931.682,1900000.0,7.788019248389317e+16,7342026.029057717,1.000444171950221e-10,0,0,1,0.0,0.0,0
18,196200000.0,1,0.0,2242138.02031622,440800000,29.47957110806905,138.0,2,1.9430464e+17,5594339.960300247,10439655893130.293,1900000.0,9.819628558931302e+16,7342026.029057717,1.000444171950221e-10,0,0,1,0.0,0.0,0
19,196200000.0,1,0.0,2265419.1252900455,489600000,29.899680817145395,139.0,2,2.3970816e+17,5582599.955889164,10397662602736.047,1900000.0,1.208938462602736e+17,7342026.029057717,1.000444171950221e-10,0,0,1,0.0,0.0,0
20,196200000.0,1,0.0,2288700.2302638716,538400000,30.3449171677797,140.0,2,2.8987456e+17,5570859.95147808,10355944967748.947,1900000.0,1.4597287449677488e+17,7342026.029057717,1.000444171950221e-10,0,0,1,0.0,0.0,0
21,196200000.0,1,0.0,2311981.3352376968,587200000,30.809216521293756,141.0,2,3.4480384e+17,5559119.947066996,10314502988168.992,1900000.0,1.734333702988169e+17,7342026.029057717,1.000444171950221e-10,0,0,1,0.0,0.0,0
22,196200000.0,1,0.0,2335262.440211522,636000000,31.288348909555772,142.0,2,4.04496e+17,5547379.942655913,10273336663996.18,1900000.0,2.032753336663996e+17,7342026.029057717,1.000444171950221e-10,0,0,1,0.0,0.0,0
23,196200000.0,1,0.0,2358325.9981170604,684800000,31.779386245057974,143.0,2,4.6895104e+17,5535639.938244829,10232445995230.514,1900000.0,2.3549876459952304e+17,7342026.029057717,1.000444171950221e-10,0,0,1,0.0,0.0,0
24,196200000.0,1,0.0,2380904.551014862,733600000,32.28019138362846,144.0,2,5.3816896e+17,5523899.933833745,10191830981871.992,1900000.0,2.701036630981872e+17,7342026.029057717,1.000444171950221e-10,0,0,1,0.0,0.0,0
25,196200000.0,1,0.0,2403667.438024277,782400000,32.784631838709444,145.0,2,6.1214976e+17,5511120.781808245,10147934329936.059,1900000.0,3.070896734329936e+17,7352660.93401265,0.0,0,0,1,0.0,0.0,0
26,196200000.0,1,0.0,2426350.850820403,831200000,33.296579540924576,146.0,2,6.9089344e+17,5498341.629782745,10104364291453.11,1900000.0,3.464571564291453e+17,7352660.93401265,0.0,0,0,1,0.0,0.0,0
27,196200000.0,1,0.0,2448957.438661309,880000000,29.957618637958348,147.0,2,7.744e+17,5485562.477757244,10061120866423.14,1900000.0,3.882061120866423e+17,7352660.938247193,4.542908575363991e-10,0,0,1,0.0,0.0,0
28,196200000.0,1,0.0,2473467.1234253626,928800000,30.337425055404914,148.0,2,8.6266944e+17,5472783.325731744,10018204054846.154,1900000.0,4.323365404054846e+17,7423845.9400155265,5.998100098200676e-10,0,0,1,0.0,0.0,0
29,196200000.0,1,0.0,2497905.0194269023,977600000,30.72174007341362,149.0,2,9.5570176e+17,5460004.173706244,9975613856722.148,1900000.0,4.788484413856722e+17,7423845.9400155265,5.998100098200676e-10,0,0,1,0.0,0.0,0
30,196200000.0,1,0.0,2521779.69441523,1026400000,31.110113996438777,150.0,2,1.05349696e+18,5447225.021680743,9933350272051.125,1900000.0,5.277418150272051e+17,7423845.9400155265,5.998100098200676e-10,0,0,1,0.0,0.0,0
31,196200000.0,1,0.0,2544286.1394821187,1075200000,31.50229598083916,151.0,2,1.15605504e+18,5434445.869655243,9891413300833.084,1900000.0,5.790166613300833e+17,7423845.9400155265,5.998100098200676e-10,0,0,1,0.0,0.0,0
32,196200000.0,1,0.0,2566598.044979122,1124000000,31.89738844735503,152.0,2,1.263376e+18,5421666.717629743,9849802943068.023,1900000.0,6.326729802943068e+17,7423845.9400155265,5.998100098200676e-10,0,0,1,0.0,0.0,0
33,196200000.0,1,0.0,2589073.4440677315,1172800000,32.28807280172231,153.0,2,1.37545984e+18,5404668.983494282,9794962546588.57,1900000.0,6.887094162546588e+17,7440720.268455372,9.38142038879597e-10,0,0,1,0.0,0.0,0
34,196200000.0,1,0.0,2611367.0567360376,1221600000,32.68231960595997,154.0,2,1.49230656e+18,5387671.24935882,9740699996040.596,1900000.0,7.471273499996041e+17,7440720.268455372,9.38142038879597e-10,0,0,1,0.0,0.0,0
35,196200000.0,1,0.0,2633484.9425313827,1270400000,33.07961122308452,155.0,2,1.61391616e+18,5370673.515223358,9687015291424.102,1900000.0,8.079267815291424e+17,7440720.268455372,9.38142038879597e-10,0,0,1,0.0,0.0,0
36,196200000.0,1,0.0,2655432.9590161988,1319200000,33.479528690271835,156.0,2,1.74028864e+18,5353675.781087897,9633908432739.086,1900000.0,8.711077108432739e+17,7440720.268455372,9.38142038879597e-10,0,0,1,0.0,0.0,0
37,196200000.0,1,0.0,2677500.33798003,1368000000,33.881669843901264,157.0,2,1.871424e+18,5336678.046952436,9581379419985.55,1900000.0,9.366701379419986e+17,7450928.769706318,1.9422241896369097e-09,0,0,1,0.0,0.0,0
38,196200000.0,1,0.0,2699408.983510356,1416800000,34.285814291605064,158.0,2,2.00732224e+18,5319680.312816974,9529428253163.496,1900000.0,1.0046140628253164e+18,7450928.769706318,1.4765629023291704e-09,0,0,1,0.0,0.0,0
39,196200000.0,1,0.0,2721164.1867216267,1465600000,34.69172470615183,159.0,2,2.14798336e+18,5302682.578681512,9478054932272.92,1900000.0,1.0749394854932273e+18,7450928.769706318,1.4765629023291704e-09,0,0,1,0.0,0.0,0
40,196200000.0,1,0.0,2742771.062357811,1514400000,35.09920117501789,160.0,2,2.29340736e+18,5285684.844546051,9427259457313.824,1900000.0,1.1476464059457313e+18,7450928.769706318,1.2502128449252276e-09,0,0,1,0.0,0.0,0
41,196200000.0,1,0.0,2763539.5682072104,1563200000,35.50820674544065,161.0,2,2.44359424e+18,5268687.11041059,9377041828286.207,1900000.0,1.2227348241828285e+18,7450928.769706318,1.2502128449252276e-09,0,0,1,0.0,0.0,0
42,196200000.0,1,0.0,2783799.6437815526,1612000000,32.91835633319949,162.0,2,2.598544e+18,5251689.376275128,9327402045190.07,1900000.0,1.300204740204519e+18,7474241.004414906,1.2602172866447298e-09,0,0,1,0.0,0.0,0
43,196200000.0,1,0.0,2803872.065229104,1660800000,33.25819815126486,163.0,2,2.75825664e+18,5234691.642139666,9278340108025.412,1900000.0,1.3800561540108024e+18,7474241.004414906,1.2602172866447298e-09,0,0,1,0.0,0.0,0
44,196200000.0,1,0.0,2823763.087687423,1709600000,33.59905311342469,164.0,2,2.92273216e+18,5217693.908004205,9229856016792.234,1900000.0,1.462289065601679e+18,7474241.004414906,1.2602172866447298e-09,0,0,1,0.0,0.0,0
45,196200000.0,1,0.0,2843478.757789486,1758400000,33.940827494525394,165.0,2,3.09197056e+18,5200696.173868744,9181949771490.537,1900000.0,1.546903474977149e+18,7474241.004414906,1.2602172866447298e-09,0,0,1,0.0,0.0,0
46,196200000.0,1,0.0,2863024.9206138337,1807200000,34.283439272081495,166.0,2,3.26597184e+18,5183698.439733282,9134621372120.318,1900000.0,1.633899382137212e+18,7474241.004414906,1.2602172866447298e-09,0,0,1,0.0,0.0,0
47,196200000.0,1,0.0,2882407.2264030566,1856000000,34.626816315890444,167.0,2,3.444736e+18,5166700.70559782,9087870818681.58,1900000.0,1.723276787081868e+18,7474241.004414906,1.2602172866447298e-09,0,0,1,0.0,0.0,0
48,196200000.0,1,0.0,2901631.1370583265,1904800000,34.9708949073263,168.0,2,3.62826304e+18,5149702.971462359,9041698111174.32,1900000.0,1.8150356898111173e+18,7474241.004414906,1.2602172866447298e-09,0,0,1,0.0,0.0,0
49,196200000.0,1,0.0,2920701.93241744,1953600000,35.315618519923895,169.0,2,3.81655296e+18,5132705.237326898,8996103249598.541,1900000.0,1.9091760903249597e+18,7474241.004414906,1.2602172866447298e-09,0,0,1,0.0,0.0,0
50,196200000.0,1,0.0,2939624.716323605,2002400000,35.66093680866419,170.0,2,4.00960576e+18,5115707.503191436,8951086233954.242,1900000.0,2.0056979886233953e+18,7474241.004414906,1.2602172866447298e-09,0,0,1,0.0,0.0,0
51,196200000.0,1,0.0,2958404.422491918,2051200000,36.00680476717231,171.0,2,4.20742144e+18,5098709.769055974,8906647064241.422,1900000.0,2.104601384706424e+18,7474241.004414906,1.2602172866447298e-09,0,0,1,0.0,0.0,0
52,196200000.0,1,0.0,2977045.8201803067,2100000000,36.35318202093648,172.0,2,4.41e+18,5081712.034920513,8862785740460.082,1900000.0,2.205886278574046e+18,7474241.004414906,1.2602172866447298e-09,0,0,1,0.0,0.0,0
53,196200000.0,1,0.0,2996384.152312262,2148800000,32.91431794570887,173.0,2,4.61734144e+18,5057238.607017624,8791150512291.302,1900000.0,2.309549835051229e+18,7504143.779484615,1.8604837898148624e-09,0,0,1,0.0,0.0,0
54,196200000.0,1,0.0,3015593.242853534,2197600000,33.19017973400996,174.0,2,4.82944576e+18,5032765.179114735,8720204902048.61,1900000.0,2.4155949004902047e+18,7504143.779484615,1.8604837898148624e-09,0,0,1,0.0,0.0,0
55,196200000.0,1,0.0,3034677.3998571443,2246400000,30.992972216964727,175.0,2,5.04631296e+18,5008291.751211846,8649948909732.008,1900000.0,2.524021474890973e+18,7504143.779484615,1.8604837898148624e-09,0,0,1,0.0,0.0,0
56,196200000.0,1,0.0,3053350.9724719473,2295200000,29.794515627461838,176.0,2,5.26794304e+18,4983818.323308958,8580382535341.492,1900000.0,2.634829558253534e+18,7504143.779484615,1.8604837898148624e-09,0,0,1,0.0,0.0,0
57,196200000.0,1,0.0,3070617.3007494016,2344000000,29.171291736503726,177.0,2,5.494336e+18,4959344.895406069,8511505778877.066,1900000.0,2.7480191505778877e+18,7504143.779484615,1.8604837898148624e-09,0,0,1,0.0,0.0,0
58,196200000.0,1,0.0,3087738.50057229,2392800000,28.842009600192675,178.0,2,5.72549184e+18,4934871.467503181,8443318640338.729,1900000.0,2.863590251864034e+18,7504143.779484615,1.8604837898148624e-09,0,0,1,0.0,0.0,0
59,196200000.0,1,0.0,3104719.409555766,2441600000,28.683175478532632,179.0,1,5.96141056e+18,4910398.039600291,8375821119726.479,1900000.0,2.981542862111973e+18,7504143.779484615,1.8604837898148624e-09,0,0,1,0.0,0.0,0
60,196200000.0,1,0.0,3121564.704061143,2490400000,28.63201871696075,180.0,1,6.20209216e+18,4885924.611697403,8309013217040.317,1900000.0,3.101876981321704e+18,7504143.779484615,1.8604837898148624e-09,0,0,1,0.0,0.0,0
61,196200000.0,1,0.0,3138278.9045710242,2539200000,28.6532515104285,181.0,1,6.44753664e+18,4861451.183794514,8242894932280.245,1900000.0,3.224592609493228e+18,7504143.779484615,1.8604837898148624e-09,0,0,1,0.0,0.0,0
62,196200000.0,1,0.0,3154803.3595009367,2588000000,28.72551827810472,182.0,1,6.697744e+18,4836977.755891625,8177466265446.261,1900000.0,3.3496897466265446e+18,7504143.779484615,1.8604837898148624e-09,0,0,1,0.0,0.0,0
63,196200000.0,1,0.0,3169758.0620677196,2636800000,28.835315405845854,183.0,1,6.95271424e+18,4812504.327988736,8112727216538.364,1900000.0,3.477168392721654e+18,7504143.779484615,1.8604837898148624e-09,0,0,1,0.0,0.0,0
64,196200000.0,1,0.0,3185448.72086289,2685600000,29.11600003656589,184.0,1,7.21244736e+18,4788030.900085848,8048677785556.557,1900000.0,3.607028547778556e+18,7546417.798684826,2.356500772293657e-09,0,0,1,0.0,0.0,0
65,196200000.0,1,0.0,3200999.452379326,2734400000,29.132732250479563,185.0,1,7.47694336e+18,4763557.472182959,7985317972500.837,1900000.0,3.73927021179725e+18,7546417.80553524,2.356500772293657e-09,0,0,1,0.0,0.0,0
66,196200000.0,1,0.0,3216414.9207216916,2783200000,29.30949962034371,186.0,1,7.74620224e+18,4739084.04428007,7922647777371.206,1900000.0,3.873893384777737e+18,7546417.80553524,2.356500772293657e-09,0,0,1,0.0,0.0,0
67,196200000.0,1,0.0,3231699.634662456,2832000000,29.50007044178791,187.0,1,8.020224e+18,4714610.616377181,7860667200167.663,1900000.0,4.010898066720017e+18,7546417.80553524,2.472916094120592e-09,0,0,1,0.0,0.0,0
68,196200000.0,1,0.0,3246857.9526816714,2880800000,29.701904861360067,188.0,1,8.29900864e+18,4690137.188474293,7799376240890.209,1900000.0,4.150284257624089e+18,7546417.80553524,2.472916094120592e-09,0,0,1,0.0,0.0,0
69,196200000.0,1,0.0,3262645.1454618983,2929600000,29.912978007162707,189.0,1,8.58255616e+18,4665663.760571403,7738774899538.843,1900000.0,4.292051957489954e+18,7582468.56482353,2.8039721655659378e-09,0,0,1,0.0,0.0,0
70,196200000.0,1,0.0,3278599.1999439136,2978400000,30.131826951723912,190.0,1,8.87086656e+18,4641190.332668515,7678863176113.565,1900000.0,4.4362011663176115e+18,7596147.204910535,2.121396391885355e-09,0,0,1,0.0,0.0,0
71,196200000.0,1,0.0,3294439.081458128,3027200000,30.357271856573195,191.0,1,9.16393984e+18,4616716.904765626,7619641070614.375,1900000.0,4.582731884107061e+18,7596147.204910535,2.121396391885355e-09,0,0,1,0.0,0.0,0
72,196200000.0,1,0.0,3310168.5957701337,3076000000,30.588346834147135,192.0,1,9.461776e+18,4592243.476862737,7561108583041.274,1900000.0,4.731644110858305e+18,7596147.204910535,2.5870576791930944e-09,0,0,1,0.0,0.0,0
73,196200000.0,1,0.0,3325791.4217866743,3124800000,30.824267814437572,193.0,1,9.76437504e+18,4567770.0489598485,7503265713394.262,1900000.0,4.88293784657134e+18,7596147.204910535,2.121396391885355e-09,0,0,1,0.0,0.0,0
74,196200000.0,1,0.0,3341311.1157842614,3173600000,31.064391546622794,194.0,1,1.007173696e+19,4543296.621056959,7446112461673.338,1900000.0,5.036613091246167e+18,7596147.204910535,2.121396391885355e-09,0,0,1,0.0,0.0,0
75,196200000.0,1,0.0,3356731.115496862,3222400000,31.308185227416228,195.0,1,1.038386176e+19,4518823.1931540705,7389648827878.502,1900000.0,5.192669844882788e+18,7596147.204910535,2.4997461878228933e-09,0,0,1,0.0,0.0,0
76,196200000.0,1,0.0,3373772.1609363053,3271200000,31.555045685476674,196.0,1,1.070074944e+19,4494349.765251182,7333874812009.754,1900000.0,5.351108107481201e+18,7678583.214622358,9.863470040727407e-10,0,0,1,0.0,0.0,0
77,196200000.0,1,0.0,3392438.9193583066,3320000000,31.804207806346504,197.0,1,1.10224e+19,4469876.337348293,7278790414067.096,1900000.0,5.511927879041407e+18,7737910.472428636,1.3546923582907766e-09,0,0,1,0.0,0.0,0
78,196200000.0,1,0.0,3411015.624301916,3368800000,32.05593093532926,198.0,1,1.134881344e+19,4445402.909445404,7224395634050.524,1900000.0,5.675129159563405e+18,7737910.472428636,1.351054379483685e-09,0,0,1,0.0,0.0,0
79,196200000.0,1,0.0,3429505.277554626,3417600000,32.30994188892388,199.0,1,1.167998976e+19,4420929.481542515,7170690471960.043,1900000.0,5.840711949047196e+18,7737910.472604262,1.9040271581616253e-09,0,0,1,0.0,0.0,0
80,196200000.0,1,0.0,3447910.780834752,3466400000,32.566005771421196,200.0,1,1.201592896e+19,4396456.053639626,7117674927795.648,1900000.0,6.00867624749278e+18,7737910.472604262,1.9040271581616253e-09,0,0,1,0.0,0.0,0
81,196200000.0,1,0.0,3466234.93914138,3515200000,32.82391944195191,201.0,1,1.235663104e+19,4371982.625736738,7065349001557.343,1900000.0,6.179022054900155e+18,7737910.472604262,1.9040271581616253e-09,0,0,1,0.0,0.0,0
82,196200000.0,1,0.0,3484480.4639736256,3564000000,33.08350627917076,202.0,1,1.2702096e+19,4347509.197833848,7013712693245.125,1900000.0,6.351749371269325e+18,7737910.472604262,1.9040271581616253e-09,0,0,1,0.0,0.0,0
83,196200000.0,1,0.0,3502649.9764473024,3612800000,33.34461195212233,203.0,1,1.305232384e+19,4323035.76993096,6962766002858.997,1900000.0,6.526858196600286e+18,7737910.472604262,1.9040271581616253e-09,0,0,1,0.0,0.0,0
84,196200000.0,1,0.0,3520746.0103076943,3661600000,33.607100978366766,204.0,1,1.340731456e+19,4298562.342028071,6912508930398.956,1900000.0,6.70434853089304e+18,7737910.472604262,1.9040271581616253e-09,0,0,1,0.0,0.0,0
85,196200000.0,1,0.0,3538771.0148419132,3710400000,33.870853903271595,205.0,1,1.376706816e+19,4274088.914125182,6862941475865.004,1900000.0,6.884220374147586e+18,7737910.472604262,1.9040271581616253e-09,0,0,1,0.0,0.0,0
86,196200000.0,1,0.0,3556727.3576941635,3759200000,34.13576497327918,206.0,1,1.413158464e+19,4249615.486222293,6814063639257.141,1900000.0,7.066473726363926e+18,7737910.472604262,1.9040271581616253e-09,0,0,1,0.0,0.0,0
87,196200000.0,1,0.0,3576201.173067702,3808000000,34.399926928706535,207.0,1,1.4500864e+19,4206135.912553105,6740130141507.292,1900000.0,7.251106013014151e+18,7813935.055669461,1.944044925039634e-09,0,0,1,0.0,0.0,0
88,196200000.0,1,0.0,3595610.827913979,3856800000,34.665220741844685,208.0,1,1.487490624e+19,4162656.338883916,6668900974488.014,1900000.0,7.438120010097449e+18,7813935.055669461,1.969510776689276e-09,0,0,1,0.0,0.0,0
89,196200000.0,1,0.0,3614958.460917237,3905600000,34.931556921638155,209.0,1,1.525371136e+19,4119176.7652147273,6600376138199.305,1900000.0,7.62751571761382e+18,7813935.055669461,1.969510776689276e-09,0,0,1,0.0,0.0,0
90,196200000.0,1,0.0,3634246.1394722415,3954400000,35.19885529669771,210.0,1,1.563727936e+19,4075697.1915455386,6534555632641.166,1900000.0,7.819293135563264e+18,7813935.055669461,1.969510776689276e-09,0,0,1,0.0,0.0,0
91,196200000.0,1,0.0,3653475.862060603,4003200000,35.46704382545721,211.0,1,1.602561024e+19,4032217.6178763495,6471439457813.596,1900000.0,8.013452263945781e+18,7813935.055669461,1.969510776689276e-09,0,0,1,0.0,0.0,0
92,196200000.0,1,0.0,3672649.560547876,4052000000,35.73605758457338,212.0,1,1.6418704e+19,3988738.044207161,6411027613716.596,1900000.0,8.209993102761372e+18,7813935.055669461,1.969510776689276e-09,0,0,1,0.0,0.0,0
93,196200000.0,1,0.0,3691769.1024040966,4100800000,36.00583790513752,213.0,1,1.681656064e+19,3945258.470537972,6353320100350.166,1900000.0,8.408915652010035e+18,7813935.055669461,1.969510776689276e-09,0,0,1,0.0,0.0,0
94,196200000.0,1,0.0,3710836.292850299,4149600000,36.276331632068,214.0,1,1.721918016e+19,3901778.8968687835,6298316917714.305,1900000.0,8.610219911691772e+18,7813935.055669461,1.969510776689276e-09,0,0,1,0.0,0.0,0
95,196200000.0,1,0.0,3729853.5408983254,4198400000,36.547489994793544,215.0,1,1.762656256e+19,3858291.3556214916,6246012014430.713,1900000.0,8.813905881201443e+18,7813966.925981874,2.02044247998856e-09,0,0,1,0.0,0.0,0
96,196200000.0,1,0.0,3749645.371865184,4247200000,36.819021531104056,216.0,1,1.803870784e+19,3811006.3081417163,6193816343915.134,1900000.0,9.019973301634391e+18,7853495.041329751,1.6348167264368385e-09,0,0,1,0.0,0.0,0
97,196200000.0,1,0.0,3769861.0203217845,4296000000,37.09113404052242,217.0,1,1.8455616e+19,3763721.260661941,6144902014680.153,1900000.0,9.228422490201469e+18,7876108.144906603,2.27510099648498e-09,0,0,1,0.0,0.0,0
98,196200000.0,1,0.0,3790030.956238104,4344800000,37.36381231648617,218.0,1,1.887728704e+19,3716436.2131821658,6099269026725.7705,1900000.0,9.439253446902673e+18,7876108.144906603,2.27510099648498e-09,0,0,1,0.0,0.0,0
99,196200000.0,1,0.0,3810156.7033654833,4393600000,37.63702069379266,219.0,1,1.930372096e+19,3669151.1657023905,6056917380051.986,1900000.0,9.652466171738006e+18,7876108.144906603,2.27510099648498e-09,0,0,1,0.0,0.0,0
100,196200000.0,1,0.0,3830239.7346635535,4442400000,37.91072649492189,220.0,1,1.973491776e+19,3621866.118222615,6017847074658.8,1900000.0,9.868060664707465e+18,7876108.144906603,2.8280737751629204e-09,0,0,1,0.0,0.0,0
101,196200000.0,1,0.0,3850281.473993293,4491200000,38.18489972044451,221.0,1,2.017087744e+19,3574581.07074284,5982058110546.213,1900000.0,1.0086036925811055e+19,7876108.144906603,2.27510099648498e-09,0,0,1,0.0,0.0,0
102,196200000.0,1,0.0,3870283.297753647,4540000000,38.45951277738134,222.0,1,2.06116e+19,3527296.0232630647,5949550487714.224,1900000.0,1.0306394955048772e+19,7876108.144906603,2.27510099648498e-09,0,0,1,0.0,0.0,0
103,196200000.0,1,0.0,3890246.5364635927,4588800000,38.73454024017273,223.0,1,2.105708544e+19,3480010.9757832894,5920324206162.833,1900000.0,1.0529134752420616e+19,7876108.144906603,2.27510099648498e-09,0,0,1,0.0,0.0,0
104,196200000.0,1,0.0,3912275.3943210864,4637600000,38.99298278779081,224.0,1,2.150733376e+19,3413799.6665318226,5837532316009.666,1900000.0,1.0754250633231602e+19,7951813.194632323,2.3478605726268142e-09,0,0,1,0.0,0.0,0
105,196200000.0,1,0.0,3934268.1965925894,4686400000,39.25445514686415,225.0,1,2.196234496e+19,3365935.7067829743,5758967496421.298,1900000.0,1.0981748376749642e+19,7951813.194632323,2.3478605726268142e-09,0,0,1,0.0,0.0,0
106,196200000.0,1,0.0,3956226.1451309696,4735200000,39.51844920342768,226.0,1,2.242211904e+19,3339533.751243856,5682257420970.207,1900000.0,1.1211627745742096e+19,7951813.194632323,2.580691216280684e-09,0,0,1,0.0,0.0,0
107,196200000.0,1,0.0,3978150.401727326,4784000000,39.784566093286465,227.0,1,2.2886656e+19,3313131.7957047373,5606941472031.695,1900000.0,1.1443888694147203e+19,7951813.194632323,2.3478605726268142e-09,0,0,1,0.0,0.0,0
108,196200000.0,1,0.0,4000042.0894463947,4832800000,40.05248821938301,228.0,1,2.335595584e+19,3286729.840165619,5533019649605.762,1900000.0,1.167853122196496e+19,7951813.194632323,2.3478605726268142e-09,0,0,1,0.0,0.0,0
109,196200000.0,1,0.0,4021902.2939174217,4881600000,40.321959461552055,229.0,1,2.383001856e+19,3260327.8846265003,5460491953692.408,1900000.0,1.1915555329195368e+19,7951813.194632323,2.3478605726268142e-09,0,0,1,0.0,0.0,0
110,196200000.0,1,0.0,4043732.064582004,4930400000,40.59277090946009,230.0,1,2.430884416e+19,3233925.929087382,5389358384291.634,1900000.0,1.215496101583843e+19,7951813.194632323,2.3042048269417137e-09,0,0,1,0.0,0.0,0
111,196200000.0,1,0.0,4065532.4159003603,4979200000,40.86475039937967,231.0,1,2.479243264e+19,3207523.9735482633,5319618941403.439,1900000.0,1.239674828189414e+19,7951813.194632323,2.3042048269417137e-09,0,0,1,0.0,0.0,0
112,196200000.0,1,0.0,4087304.3285173606,5028000000,41.13775472121195,232.0,1,2.5280784e+19,3181122.018009145,5251273625027.823,1900000.0,1.2640917127362503e+19,7951813.194632323,2.3042048269417137e-09,0,0,1,0.0,0.0,0
113,196200000.0,1,0.0,4109048.7503897194,5076800000,41.41166373257828,233.0,1,2.577389824e+19,3154720.0624700263,5184322435164.786,1900000.0,1.2887467552243517e+19,7951813.194632323,2.3042048269417137e-09,0,0,1,0.0,0.0,0
114,196200000.0,1,0.0,4130766.5978755928,5125600000,41.686375856378234,234.0,1,2.627177536e+19,3128318.106930908,5118765371814.328,1900000.0,1.3136399556537182e+19,7951813.194632323,2.3042048269417137e-09,0,0,1,0.0,0.0,0
115,196200000.0,1,0.0,4152458.756787859,5174400000,41.961804596363095,235.0,1,2.677441536e+19,3101916.1513917893,5054602434976.45,1900000.0,1.3387713140243497e+19,7951813.194632323,2.3042048269417137e-09,0,0,1,0.0,0.0,0
116,196200000.0,1,0.0,4174126.0834123087,5223200000,42.23787581163338,236.0,1,2.728181824e+19,3075514.195852671,4991833624651.15,1900000.0,1.3641408303362466e+19,7951813.194632323,2.3042048269417137e-09,0,0,1,0.0,0.0,0
117,196200000.0,1,0.0,4195769.40549187,5272000000,42.51452556372127,237.0,1,2.7793984e+19,3049112.2403135523,4930458940838.431,1900000.0,1.3897485045894085e+19,7951813.194632323,2.3042048269417137e-09,0,0,1,0.0,0.0,0
118,196200000.0,1,0.0,4217389.523178035,5320800000,42.79169840046297,238.0,1,2.831091264e+19,3022710.284774434,4870478383538.29,1900000.0,1.4155943367838353e+19,7951813.194632323,2.3042048269417137e-09,0,0,1,0.0,0.0,0
119,196200000.0,1,0.0,4238987.209950588,5369600000,43.06934597648906,239.0,1,2.883260416e+19,2996308.3292353153,4811891952750.729,1900000.0,1.4416783269195274e+19,7951813.194632323,1.6348167264368385e-09,0,0,1,0.0,0.0,0
120,196200000.0,1,0.0,4260563.213506645,5418400000,43.34742593560122,240.0,1,2.935905856e+19,2969906.373696197,4754699648475.745,1900000.0,1.4680004749964847e+19,7951813.194632323,1.6348167264368385e-09,0,0,1,0.0,0.0,0
121,196200000.0,1,0.0,4282118.256620091,5467200000,43.625900998697134,241.0,1,2.989027584e+19,2943504.4181570783,4698901470713.342,1900000.0,1.4945607810147072e+19,7951813.194632323,1.6348167264368385e-09,0,0,1,0.0,0.0,0
122,196200000.0,1,0.0,4303653.770728124,5516000000,43.904737008496326,242.0,1,3.0426256e+19,2917095.8678159947,4644484004328.372,1900000.0,1.5213592448400433e+19,7951839.573840182,2.7116584533359855e-09,0,0,1,0.0,0.0,0
123,196200000.0,1,0.0,4325169.698467004,5564800000,44.18390606530102,243.0,1,3.096699904e+19,2890687.317474912,4591461361005.637,1900000.0,1.54839586661361e+19,7951839.573840182,1.780335878720507e-09,0,0,1,0.0,0.0,0
124,196200000.0,1,0.0,4346666.692715708,5613600000,44.46338210089232,244.0,1,3.151250496e+19,2864278.7671338283,4539833540745.137,1900000.0,1.5756706463354075e+19,7951839.573840182,1.4456418284680694e-09,0,0,1,0.0,0.0,0
125,196200000.0,1,0.0,4368145.38459057,5662400000,44.74314181074077,245.0,1,3.206277376e+19,2837870.2167927455,4489600543546.871,1900000.0,1.6031835840054354e+19,7951839.573840182,1.4456418284680694e-09,0,0,1,0.0,0.0,0
126,196200000.0,1,0.0,4389607.138173518,5711200000,45.02316426421945,246.0,1,3.261780544e+19,2811461.666451662,4440762369410.841,1900000.0,1.6309346796236941e+19,7951875.765974419,1.4115357771515846e-09,0,0,1,0.0,0.0,0
127,196200000.0,1,0.0,4411051.833384344,5760000000,45.3034306687476,247.0,1,3.31776e+19,2785053.116110579,4393319018337.046,1900000.0,1.6589239331901833e+19,7951877.886587294,1.4115357771515846e-09,0,0,1,0.0,0.0,0
128,196200000.0,1,0.0,4432479.996128672,5808800000,45.58392405735075,248.0,1,3.374215744e+19,2758644.5657694954,4347270490325.486,1900000.0,1.6871513447049032e+19,7951877.886587294,1.4115357771515846e-09,0,0,1,0.0,0.0,0
129,196200000.0,1,0.0,4453892.17748871,5857600000,45.86462906354796,249.0,1,3.431147776e+19,2732236.0154284127,4302616785376.1606,1900000.0,1.7156169141678537e+19,7951877.886587294,1.4115357771515846e-09,0,0,1,0.0,0.0,0
130,196200000.0,1,0.0,4475288.910177272,5906400000,46.14553174118221,250.0,1,3.488556096e+19,2705827.465087329,4259357903489.071,1900000.0,1.7443206415790348e+19,7951877.886587294,1.4115357771515846e-09,0,0,1,0.0,0.0,0
131,196200000.0,1,0.0,4496670.709150075,5955200000,46.426619400622016,251.0,1,3.546440704e+19,2679418.9147462463,4217493844664.216,1900000.0,1.7732625269384466e+19,7951877.886587294,1.4115357771515846e-09,0,0,1,0.0,0.0,0
132,196200000.0,1,0.0,4518038.072197642,6004000000,46.707880467336885,252.0,1,3.6048016e+19,2653010.3644051626,4177024608901.596,1900000.0,1.8024425702460891e+19,7951877.886587294,1.4115357771515846e-09,0,0,1,0.0,0.0,0
133,196200000.0,1,0.0,4540330.208796135,6052800000,46.989285655817504,253.0,1,3.663638784e+19,2626601.81406408,4137950196201.2114,1900000.0,1.831860771501962e+19,7996936.843962636,1.076841726899147e-09,0,0,1,0.0,0.0,0
134,196200000.0,1,0.0,4562608.855824491,6101600000,47.27084473882045,254.0,1,3.722952256e+19,2600193.263722996,4100270606563.0615,1900000.0,1.861517130706066e+19,7996936.843962636,1.076841726899147e-09,0,0,1,0.0,0.0,0
135,196200000.0,1,0.0,4584874.46293505,6150400000,47.55254877843628,255.0,1,3.782742016e+19,2573784.7133819135,4063985839987.147,1900000.0,1.8914116478584e+19,7996936.843962636,1.076841726899147e-09,0,0,1,0.0,0.0,0
136,196200000.0,1,0.0,4607127.464791735,6199200000,47.8343895502439,256.0,1,3.843008064e+19,2547376.16304083,4029095896473.4673,1900000.0,1.9215443229589647e+19,7996936.843962636,1.7316779121756554e-09,0,0,1,0.0,0.0,0
137,196200000.0,1,0.0,4629368.281569679,6248000000,48.11635947175136,257.0,1,3.9037504e+19,2520967.612699747,3995600776022.023,1900000.0,1.9519151560077603e+19,7996936.843962636,1.7316779121756554e-09,0,0,1,0.0,0.0,0
138,196200000.0,1,0.0,4652237.561470007,6296800000,48.398436602988575,258.0,1,3.964969024e+19,2494559.0623586634,3963500478632.8135,1900000.0,1.9825241470047863e+19,8027668.461490804,1.5425030142068863e-09,0,0,1,0.0,0.0,0
139,196200000.0,1,0.0,4675095.455091201,6345600000,48.68062980206327,259.0,1,4.026663936e+19,2468150.5120175807,3932795004305.839,1900000.0,2.013371295950043e+19,8027668.461490804,1.5425030142068863e-09,0,0,1,0.0,0.0,0
140,196200000.0,1,0.0,4697942.341975893,6394400000,48.9629330506037,260.0,1,4.088835136e+19,2441741.961676497,3903484353041.0996,1900000.0,2.0444566028435304e+19,8027668.461490804,1.5425030142068863e-09,0,0,1,0.0,0.0,0
141,196200000.0,1,0.0,4720778.589015304,6443200000,49.245340760972944,261.0,1,4.151482624e+19,2415333.4113354143,3875568524838.595,1900000.0,2.075780067685248e+19,8027668.461490804,1.5425030142068863e-09,0,0,1,0.0,0.0,0
142,196200000.0,1,0.0,4743604.550870944,6492000000,49.5278477373486,262.0,1,4.2146064e+19,2388924.8609943306,3849047519698.3257,1900000.0,2.107341690475197e+19,8027668.461490804,1.5425030142068863e-09,0,0,1,0.0,0.0,0
143,196200000.0,1,0.0,4766420.57038227,6540800000,49.810449141009364,263.0,1,4.278206464e+19,2362516.310653248,3823921337620.2915,1900000.0,2.1391414712133763e+19,8027668.461490804,1.5425030142068863e-09,0,0,1,0.0,0.0,0
144,196200000.0,1,0.0,4789226.97896076,6589600000,50.09314045930263,264.0,1,4.342282816e+19,2336107.760312164,3800189978604.492,1900000.0,2.1711794098997862e+19,8027668.461490804,1.5425030142068863e-09,0,0,1,0.0,0.0,0
145,196200000.0,1,0.0,4812024.09697084,6638400000,50.37591747784236,265.0,1,4.406835456e+19,2309699.2099710815,3777853442650.928,1900000.0,2.2034555065344266e+19,8027668.461490804,1.5425030142068863e-09,0,0,1,0.0,0.0,0
146,196200000.0,1,0.0,4834812.234098128,6687200000,50.65877625554826,266.0,1,4.471864384e+19,2283290.659629998,3756911729759.599,1900000.0,2.2359697611172975e+19,8027668.461490804,1.5425030142068863e-09,0,0,1,0.0,0.0,0
147,196200000.0,1,0.0,4857591.689705379,6736000000,50.94171310219052,267.0,1,4.5373696e+19,2256882.109288915,3737364839930.505,1900000.0,2.268722173648399e+19,8027668.461490804,1.5425030142068863e-09,0,0,1,0.0,0.0,0
148,196200000.0,1,0.0,4879276.1658374285,6784800000,51.22479090439198,268.0,1,4.603351104e+19,2230473.5589478314,3719212773163.646,1900000.0,2.3017127441277317e+19,8027668.461490804,1.5425030142068863e-09,0,0,1,0.0,0.0,0
149,196200000.0,1,0.0,4900370.985262079,6833600000,51.507974411463145,269.0,1,4.669808896e+19,2204065.0086067487,3702455529459.022,1900000.0,2.3349414725552947e+19,8027668.461490804,1.5425030142068863e-09,0,0,1,0.0,0.0,0
150,196200000.0,1,0.0,4922334.517200857,6882400000,51.79121255958573,270.0,1,4.736742976e+19,2177656.458265665,3687093108816.6333,1900000.0,2.368408358931088e+19,8069834.552578552,3.637978807091713e-09,0,0,1,0.0,0.0,0
151,196200000.0,1,0.0,4944288.626346661,6931200000,52.07451537660638,271.0,1,4.804153344e+19,2151247.907924582,3673125511236.479,1900000.0,2.4021134032551125e+19,8069834.552578552,3.637978807091713e-09,0,0,1,0.0,0.0,0
152,196200000.0,1,0.0,4966233.626792589,6980000000,52.35788016160632,272.0,1,4.87204e+19,2124839.3575834986,3660552736718.5605,1900000.0,2.4360566055273673e+19,8069834.552578552,3.637978807091713e-09,0,0,1,0.0,0.0,0
153,196200000.0,1,0.0,4988169.822161975,7028800000,52.64130436894031,273.0,1,4.940402944e+19,2098430.8072424154,3649374785262.8765,1900000.0,2.4702379657478525e+19,8069834.552578552,3.5288394428789616e-09,0,0,1,0.0,0.0,0
154,196200000.0,1,0.0,5009691.423312802,7077600000,52.92480147472593,274.0,1,5.009242176e+19,2072022.2569013322,3639591656869.4277,1900000.0,2.5046574839165686e+19,8069834.552578552,4.46016201749444e-09,0,0,1,0.0,0.0,0
155,196200000.0,1,0.0,5028543.226113101,7126400000,53.208456056697514,275.0,1,5.078557696e+19,2045613.706560249,3631203351538.2144,1900000.0,2.5393151600335155e+19,8069834.552578552,3.5288394428789616e-09,0,0,1,0.0,0.0,0
156,196200000.0,1,0.0,5047385.129522267,7175200000,53.49216099909468,276.0,1,5.148349504e+19,2019205.1562191658,3624209869269.236,1900000.0,2.5742109940986925e+19,8069834.552578552,3.5288394428789616e-09,0,0,1,0.0,0.0,0
157,196200000.0,1,0.0,5066958.236928905,7224000000,53.775863517746636,277.0,1,5.2186176e+19,1992796.6058780826,3618611210062.492,1900000.0,2.6093449861121008e+19,8096502.395298855,3.4269760362803936e-09,0,0,1,0.0,0.0,0
158,196200000.0,1,0.0,5086522.093904496,7272800000,54.05961402388935,278.0,1,5.289361984e+19,1966388.0555369994,3614407373917.984,1900000.0,2.644717136073739e+19,8096502.395298855,3.4269760362803936e-09,0,0,1,0.0,0.0,0
159,196200000.0,1,0.0,5106077.008796745,7321600000,54.34341071002088,279.0,1,5.360582656e+19,1939979.5051959162,3611598360835.7104,1900000.0,2.6803274439836082e+19,8096502.395298855,4.285539034754038e-09,0,0,1,0.0,0.0,0
160,196200000.0,1,0.0,5125623.279675093,7370400000,54.62725186194497,280.0,1,5.432279616e+19,1913570.954854833,3610184170815.672,1900000.0,2.7161759098417082e+19,8096502.395298855,4.285539034754038e-09,0,0,1,0.0,0.0,0
161,196200000.0,1,0.0,5145161.194673342,7419200000,54.9111358526633,281.0,1,5.504452864e+19,1900000.0,3610000000000.0,1900000.0,2.752262532e+19,8096502.395298855,4.285539034754038e-09,0,0,1,0.0,0.0,0
162,196200000.0,1,0.0,5166699.33208106,7468000000,55.19493443257614,282.0,1,5.5771024e+19,1900000.0,3610000000000.0,1900000.0,2.7885873e+19,8168801.1866674125,5.667970981448889e-09,0,0,1,0.0,0.0,0
163,196200000.0,1,0.0,5188229.66138304,7516800000,55.47877765922743,283.0,1,5.650228224e+19,1900000.0,3610000000000.0,1900000.0,2.825150212e+19,8168801.1866674125,5.667970981448889e-09,0,0,1,0.0,0.0,0
164,196200000.0,1,0.0,5209764.537708086,7565600000,55.762662789752646,284.0,1,5.723830336e+19,1900000.0,3610000000000.0,1900000.0,2.861951268e+19,8169381.739881031,6.395566742867231e-09,0,0,1,0.0,0.0,0
165,196200000.0,1,0.0,5231292.117792103,7614400000,56.046589477281316,285.0,1,5.797908736e+19,1900000.0,3610000000000.0,1900000.0,2.898990468e+19,8169381.739881031,6.395566742867231e-09,0,0,1,0.0,0.0,0
166,196200000.0,1,0.0,5252812.644843124,7663200000,56.33055626615675,286.0,1,5.872463424e+19,1900000.0,3610000000000.0,1900000.0,2.936267812e+19,8169381.739881031,6.395566742867231e-09,0,0,1,0.0,0.0,0
167,196200000.0,1,0.0,5275195.855994628,7712000000,56.61454266856606,287.0,1,5.9474944e+19,1900000.0,3610000000000.0,1900000.0,2.9737833e+19,8211117.837435258,5.689798854291439e-09,0,0,1,0.0,0.0,0
168,196200000.0,1,0.0,5297572.476478633,7760800000,56.89856689855197,288.0,1,6.023001664e+19,1900000.0,3610000000000.0,1900000.0,3.011536932e+19,8211117.837435258,5.689798854291439e-09,0,0,1,0.0,0.0,0
169,196200000.0,1,0.0,5320264.05035563,7809600000,57.18262768356366,289.0,1,6.098985216e+19,1900000.0,3610000000000.0,1900000.0,3.049528708e+19,8234253.192188786,4.845787771046162e-09,0,0,1,0.0,0.0,0
170,196200000.0,1,0.0,5342949.46562,7858400000,57.46672380873753,290.0,1,6.175445056e+19,1900000.0,3610000000000.0,1900000.0,3.087758628e+19,8234253.192188786,4.845787771046162e-09,0,0,1,0.0,0.0,0
171,196200000.0,1,0.0,5365628.9275588235,7907200000,57.75085411361146,291.0,1,6.252381184e+19,1900000.0,3610000000000.0,1900000.0,3.126226692e+19,8234253.192188786,4.845787771046162e-09,0,0,1,0.0,0.0,0
172,196200000.0,1,0.0,5388302.634616292,7956000000,58.035017489063996,292.0,1,6.3297936e+19,1900000.0,3610000000000.0,1900000.0,3.1649329e+19,8234253.192188786,4.845787771046162e-09,0,0,1,0.0,0.0,0
173,196200000.0,1,0.0,5410970.77862178,8004800000,58.31921287446064,293.0,1,6.407682304e+19,1900000.0,3610000000000.0,1900000.0,3.203877252e+19,8234253.192188786,4.845787771046162e-09,0,0,1,0.0,0.0,0
174,196200000.0,1,0.0,5432608.300017197,8053600000,58.60350138001671,294.0,1,6.486047296e+19,1900000.0,3610000000000.0,1900000.0,3.243059748e+19,8234253.192188786,4.845787771046162e-09,0,0,1,0.0,0.0,0
175,196200000.0,1,0.0,5453733.941613646,8102400000,58.88784966309054,295.0,1,6.564888576e+19,1900000.0,3610000000000.0,1900000.0,3.282480388e+19,8234253.192188786,4.845787771046162e-09,0,0,1,0.0,0.0,0
176,196200000.0,1,0.0,5475086.886438567,8151200000,59.17222596893327,296.0,1,6.644206144e+19,1900000.0,3610000000000.0,1900000.0,3.322139172e+19,8251037.662272556,4.954927135258913e-09,0,0,1,0.0,0.0,0
177,196200000.0,1,0.0,5496434.210665618,8200000000,59.456629424290874,297.0,1,6.724e+19,1900000.0,3610000000000.0,1900000.0,3.3620361e+19,8251037.662272556,4.954927135258913e-09,0,0,1,0.0,0.0,0
178,196200000.0,1,0.0,5517776.101648073,8248800000,59.74105919229184,298.0,1,6.804270144e+19,1900000.0,3610000000000.0,1900000.0,3.402171172e+19,8251037.662272556,4.954927135258913e-09,0,0,1,0.0,0.0,0
179,196200000.0,1,0.0,5539913.473316289,8297600000,60.02550543412741,299.0,1,6.885016576e+19,1900000.0,3610000000000.0,1900000.0,3.442544388e+19,8302666.576400329,3.5579432733356953e-09,0,0,1,0.0,0.0,0
180,196200000.0,1,0.0,5562735.060177168,8346400000,60.30992151420145,300.0,1,6.966239296e+19,1900000.0,3610000000000.0,1900000.0,3.483155748e+19,8363550.669872478,2.8303475119173527e-09,0,0,1,0.0,0.0,0
181,196200000.0,1,0.0,5585088.001390202,8395200000,60.594395434766625,301.0,1,7.047938304e+19,1900000.0,3610000000000.0,1900000.0,3.524005252e+19,8369025.456078748,1.8699211068451405e-09,0,0,1,0.0,0.0,0
182,196200000.0,1,0.0,5607436.036492733,8444000000,60.87889548787572,302.0,1,7.1301136e+19,1900000.0,3610000000000.0,1900000.0,3.5650929e+19,8369025.456078748,1.8699211068451405e-09,0,0,1,0.0,0.0,0
183,196200000.0,1,0.0,5629779.3290217845,8492800000,61.16342085249277,303.0,1,7.212765184e+19,1900000.0,3610000000000.0,1900000.0,3.606418692e+19,8369025.456078748,1.8699211068451405e-09,0,0,1,0.0,0.0,0
184,196200000.0,1,0.0,5652118.037063128,8541600000,61.44797074153815,304.0,1,7.295893056e+19,1900000.0,3610000000000.0,1900000.0,3.647982628e+19,8369025.456078748,1.8699211068451405e-09,0,0,1,0.0,0.0,0
185,196200000.0,1,0.0,5674452.313433032,8590400000,61.73254440015091,305.0,1,7.379497216e+19,1900000.0,3610000000000.0,1900000.0,3.689784708e+19,8369025.456078748,1.8699211068451405e-09,0,0,1,0.0,0.0,0
186,196200000.0,1,0.0,5696782.305853867,8639200000,62.01714110405725,306.0,1,7.463577664e+19,1900000.0,3610000000000.0,1900000.0,3.731824932e+19,8369025.456078748,1.8699211068451405e-09,0,0,1,0.0,0.0,0
187,196200000.0,1,0.0,5719108.157123944,8688000000,62.301760158037204,307.0,1,7.5481344e+19,1900000.0,3610000000000.0,1900000.0,3.7741033e+19,8369025.456078748,1.8699211068451405e-09,0,0,1,0.0,0.0,0
188,196200000.0,1,0.0,5741430.005281615,8736800000,62.586400894482836,308.0,1,7.633167424e+19,1900000.0,3610000000000.0,1900000.0,3.816619812e+19,8369025.456078748,1.8699211068451405e-09,0,0,1,0.0,0.0,0
189,196200000.0,1,0.0,5763483.219996371,8785600000,62.871062672041624,309.0,1,7.718676736e+19,1900000.0,3610000000000.0,1900000.0,3.859374468e+19,8349962.464811991,1.8699211068451405e-09,0,0,1,0.0,0.0,0
190,196200000.0,1,0.0,5785532.69402498,8834400000,63.15574487433922,310.0,1,7.804662336e+19,1900000.0,3610000000000.0,1900000.0,3.902367268e+19,8349962.464811991,1.8699211068451405e-09,0,0,1,0.0,0.0,0
191,196200000.0,1,0.0,5807578.552056983,8883200000,63.440446908776096,311.0,1,7.891124224e+19,1900000.0,3610000000000.0,1900000.0,3.945598212e+19,8349962.464811991,1.8699211068451405e-09,0,0,1,0.0,0.0,0
192,196200000.0,1,0.0,5829620.914625598,8932000000,63.725168205393295,312.0,1,7.9780624e+19,1900000.0,3610000000000.0,1900000.0,3.9890673e+19,8349962.464811991,1.8699211068451405e-09,0,0,1,0.0,0.0,0
193,196200000.0,1,0.0,5851659.898246274,8980800000,64.00990821580255,313.0,1,8.065476864e+19,1900000.0,3610000000000.0,1900000.0,4.032774532e+19,8349962.464811991,1.8699211068451405e-09,0,0,1,0.0,0.0,0
194,196200000.0,1,0.0,5873695.615550604,9029600000,64.29466641217651,314.0,1,8.153367616e+19,1900000.0,3610000000000.0,1900000.0,4.076719908e+19,8349962.464811991,1.8699211068451405e-09,0,0,1,0.0,0.0,0
195,196200000.0,1,0.0,5895728.1754158065,9078400000,64.57944228629536,315.0,1,8.241734656e+19,1900000.0,3610000000000.0,1900000.0,4.120903428e+19,8349962.464811991,1.8699211068451405e-09,0,0,1,0.0,0.0,0
196,196200000.0,1,0.0,5917406.134580683,9127200000,64.86425324203245,316.0,1,8.330577984e+19,1900000.0,3610000000000.0,1900000.0,4.165325092e+19,8333088.136372146,2.975866664201021e-09,0,0,1,0.0,0.0,0
197,196200000.0,1,0.0,5939081.143294104,9176000000,65.14908026875945,317.0,1,8.4198976e+19,1900000.0,3610000000000.0,1900000.0,4.2099849e+19,8333088.136372146,2.975866664201021e-09,0,0,1,0.0,0.0,0
198,196200000.0,1,0.0,5960753.299904453,9224800000,65.43392293785055,318.0,1,8.509693504e+19,1900000.0,3610000000000.0,1900000.0,4.254882852e+19,8333088.136372146,2.975866664201021e-09,0,0,1,0.0,0.0,0
199,196200000.0,1,0.0,5982422.699481828,9273600000,65.71878083573846,319.0,1,8.599965696e+19,1900000.0,3610000000000.0,1900000.0,4.300018948e+19,8333088.136372146,4.8094079829752445e-09,0,0,1,0.0,0.0,0
200,785000000.0,1,0.0,5811306.235508239,8733600000,66.01677487145717,320.0,1,7.627576896e+19,8615602.73623187,18416053599753.195,2300000.0,3.813972608535998e+19,8383661.278922128,2.7721398510038853e-09,0,0,1,0.0,0.0,0
201,196200000.0,1,0.0,5838082.883825827,8782400000,66.3035250830002,321.0,1,7.713054976e+19,8431205.472463738,17455981725679.592,2300000.0,3.856702047817257e+19,8383661.278922128,2.5320332497358322e-09,0,0,1,0.0,0.0,0
202,196200000.0,1,0.0,5864858.144013027,8831200000,66.59037630938842,322.0,1,7.799009344e+19,8246808.208695607,16599784377779.184,2300000.0,3.899670669843778e+19,8383661.278922128,2.5320332497358322e-09,0,0,1,0.0,0.0,0
203,196200000.0,1,0.0,5891632.062340848,8880000000,66.87733274849053,323.0,1,7.88544e+19,8062410.944927476,15847461556051.975,2300000.0,3.942878474615561e+19,8383661.278922128,2.5320332497358322e-09,0,0,1,0.0,0.0,0
204,196200000.0,1,0.0,5919258.599962276,8928800000,67.16436657516967,324.0,1,7.972346944e+19,7878013.681159345,15199013260497.965,2300000.0,3.986325462132605e+19,8414458.30728759,4.944013198837638e-09,0,0,1,0.0,0.0,0
205,196200000.0,1,0.0,5947932.552283814,8977600000,67.45137009742774,325.0,1,8.059730176e+19,7684178.40005286,14614104619803.996,2300000.0,4.030011229046198e+19,8452210.376641009,5.831680027768016e-09,0,0,1,0.0,0.0,0
206,196200000.0,1,0.0,5976605.292508747,9026400000,67.73849641533002,326.0,1,8.147589696e+19,7490343.118946374,14134245635049.785,2300000.0,4.07393619045635e+19,8452210.376641009,5.613401299342513e-09,0,0,1,0.0,0.0,0
207,196200000.0,1,0.0,6005276.861040296,9075200000,68.02575121830188,327.0,1,8.235925504e+19,7296507.837839889,13759436306235.33,2300000.0,4.118100346363063e+19,8452210.376641009,6.079062586650252e-09,0,0,1,0.0,0.0,0
208,196200000.0,1,0.0,6033947.296934904,9124000000,68.31314084825733,328.0,1,8.3247376e+19,7102672.556733403,13489676633360.63,2300000.0,4.162503696766334e+19,8452210.376641009,5.187757778912783e-09,0,0,1,0.0,0.0,0
209,196200000.0,1,0.0,6057061.082391582,9172800000,68.60067237114939,329.0,1,8.414025984e+19,7008837.275626918,13314966616425.688,2300000.0,4.207146141666164e+19,8452210.376641009,5.187757778912783e-09,0,0,1,0.0,0.0,0
210,196200000.0,1,0.0,6080177.133439154,9221600000,68.88835362888172,330.0,1,8.503790656e+19,7015001.994520432,13175306255430.5,2300000.0,4.252027081062554e+19,8452330.03981981,4.940375220030546e-09,0,0,1,0.0,0.0,0
211,196200000.0,1,0.0,6103292.161379974,9270400000,69.17619342841046,331.0,1,8.594031616e+19,7021166.713413947,13060695550375.068,2300000.0,4.297146414955504e+19,8452330.03981981,5.289621185511351e-09,0,0,1,0.0,0.0,0
212,196200000.0,1,0.0,6126406.200317604,9319200000,69.46420156133216,332.0,1,8.684748864e+19,7027331.432307461,12971134501259.393,2300000.0,4.342504143345013e+19,8452330.03981981,5.289621185511351e-09,0,0,1,0.0,0.0,0
213,196200000.0,1,0.0,6149519.2832188085,9368000000,69.75238896582256,333.0,1,8.7759424e+19,7033496.151200976,12906623108083.473,2300000.0,4.3881002662310806e+19,8452330.03981981,5.289621185511351e-09,0,0,1,0.0,0.0,0
214,196200000.0,1,0.0,6172631.441951475,9416800000,70.04076788047014,334.0,1,8.867612224e+19,7039660.87009449,12867161370847.309,2300000.0,4.433934783613709e+19,8452330.03981981,5.289621185511351e-09,0,0,1,0.0,0.0,0
215,196200000.0,1,0.0,6200160.994039128,9465600000,70.32815810821567,335.0,1,8.959758336e+19,7045825.588988005,12852749289550.898,2300000.0,4.4800076954928955e+19,8449830.970229754,4.241883289068937e-09,0,0,1,0.0,0.0,0
216,196200000.0,1,0.0,6228757.532780546,9514400000,70.61543371208614,336.0,1,9.052380736e+19,7051990.307881519,12863386864194.246,2300000.0,4.526319001868642e+19,8449830.970229754,4.241883289068937e-09,0,0,1,0.0,0.0,0
217,196200000.0,1,0.0,6251797.750838651,9563200000,70.90288383848421,337.0,1,9.145479424e+19,7058155.026775034,12899074094777.35,2300000.0,4.572868702740948e+19,8449835.986488588,3.863533493131399e-09,0,0,1,0.0,0.0,0
218,196200000.0,1,0.0,6275153.666718683,9612000000,71.19034915939385,338.0,1,9.2390544e+19,7064319.745668548,12959810981300.209,2300000.0,4.619656798109813e+19,8449835.986488588,3.863533493131399e-09,0,0,1,0.0,0.0,0
219,196200000.0,1,0.0,6303747.853288555,9660800000,71.47519151514716,339.0,1,9.333105664e+19,7070484.464562063,13045597523762.824,2300000.0,4.666683287975237e+19,8449835.986488588,3.863533493131399e-09,0,0,1,0.0,0.0,0
220,196200000.0,1,0.0,6332341.285788466,9709600000,71.76023535140409,340.0,1,9.427633216e+19,7076649.183455577,13156433722165.195,2300000.0,4.713948172337222e+19,8449835.986488588,3.863533493131399e-09,0,0,1,0.0,0.0,0
221,196200000.0,1,0.0,6362198.976110865,9758400000,72.0452914060204,341.0,1,9.522637056e+19,7082813.902349092,13292319576507.32,2300000.0,4.761451451195765e+19,8510555.35081406,3.536115400493145e-09,0,0,1,0.0,0.0,0
222,196200000.0,1,0.0,6392055.961796781,9807200000,72.33056800298299,342.0,1,9.618117184e+19,7088978.621242606,13453255086789.203,2300000.0,4.809193124550868e+19,8510555.35081406,3.536115400493145e-09,0,0,1,0.0,0.0,0
223,196200000.0,1,0.0,6421912.266334097,9856000000,72.61606257388902,343.0,1,9.7140736e+19,7095143.340136121,13639240253010.842,2300000.0,4.85717319240253e+19,8510555.35081406,3.536115400493145e-09,0,0,1,0.0,0.0,0
224,196200000.0,1,0.0,6451767.9124277625,9904800000,72.90177461650316,344.0,1,9.810506304e+19,7101308.059029635,13850275075172.236,2324218.75,4.905391654750752e+19,8510555.35081406,3.536115400493145e-09,0,0,1,0.0,0.0,0
225,196200000.0,1,0.0,6479766.847744321,9953600000,73.18772095030654,345.0,1,9.907415296e+19,7107472.77792315,14086359553273.385,2417187.5,4.953848511595533e+19,8504077.036316793,3.8853613659739494e-09,0,0,1,0.0,0.0,0
226,196200000.0,1,0.0,6503930.721622538,10002400000,73.47388799056445,346.0,1,1.0004800576e+20,7113637.496816664,14347493687314.291,2510156.25,5.002543762936873e+19,8504077.036316793,3.8853613659739494e-09,0,0,1,0.0,0.0,0
227,196200000.0,1,0.0,6527668.47857765,10051200000,73.76042686666213,347.0,1,1.0102662144e+20,7119802.215710179,14633677477294.953,2603125.0,5.051477408774773e+19,8505999.28879146,4.118192009627819e-09,0,0,1,0.0,0.0,0
228,196200000.0,1,0.0,6551274.312459583,10100000000,74.04722374171445,348.0,1,1.0201e+20,7125966.934603693,14944910923215.37,2696093.75,5.100649449109232e+19,8505999.28879146,4.118192009627819e-09,0,0,1,0.0,0.0,0
229,196200000.0,1,0.0,6574792.703305187,10148800000,74.33427286287731,349.0,1,1.0299814144e+20,7132131.653497208,15281194025075.543,2789062.5,5.1500598839402504e+19,8505999.28879146,4.409230314195156e-09,0,0,1,0.0,0.0,0
230,196200000.0,1,0.0,6598226.565882336,10197600000,74.62158471368232,350.0,1,1.0399104576e+20,7138296.372390722,15642526782875.473,2882031.25,5.199708713267829e+19,8505999.28879146,4.409230314195156e-09,0,0,1,0.0,0.0,0
231,196200000.0,1,0.0,6621579.160893314,10246400000,74.90917287645233,351.0,1,1.0498871296e+20,7144461.091284237,16028909196615.156,2975000.0,5.249595937091966e+19,8506031.191511367,4.529283614829183e-09,0,0,1,0.0,0.0,0
232,196200000.0,1,0.0,6644852.768933434,10295200000,75.1970543073221,352.0,1,1.0599114304e+20,7150625.810177751,16440341266294.598,3067968.75,5.299721555412663e+19,8506031.191511367,4.529283614829183e-09,0,0,1,0.0,0.0,0
233,196200000.0,1,0.0,6668764.008455034,10344000000,75.48524248489075,353.0,1,1.06998336e+20,7156790.529071266,16876822991913.793,3160937.5,5.350085568229919e+19,8531734.671430346,5.344190867617726e-09,0,0,1,0.0,0.0,0
234,196200000.0,1,0.0,6692601.439040538,10392800000,75.77376957787715,354.0,1,1.0801029184e+20,7162955.24796478,17338354373472.746,3253906.25,5.400687975543735e+19,8531734.671430346,5.344190867617726e-09,0,0,1,0.0,0.0,0
235,196200000.0,1,0.0,6716367.5209878115,10441600000,76.0626655106025,355.0,1,1.0902701056e+20,7169119.966858295,17824935410971.453,3346875.0,5.45152877735411e+19,8531734.671430346,5.344190867617726e-09,0,0,1,0.0,0.0,0
236,196200000.0,1,0.0,6740064.632584794,10490400000,76.35196600521942,356.0,1,1.1004849216e+20,7175284.685751809,18336566104409.918,3439843.75,5.502607973661044e+19,8531734.671430346,5.591573426499963e-09,0,0,1,0.0,0.0,0
237,196200000.0,1,0.0,6763695.072843167,10539200000,76.64171368318341,357.0,1,1.1107473664e+20,7181449.404645324,18873246453788.137,3532812.5,5.553925564464538e+19,8531734.671430346,5.591573426499963e-09,0,0,1,0.0,0.0,0
238,196200000.0,1,0.0,6787282.0443207435,10588000000,76.93195948008038,358.0,1,1.12105744e+20,7187614.123538838,19434976459106.113,3625781.25,5.605481549764591e+19,8533245.24438033,4.802132025361061e-09,0,0,1,0.0,0.0,0
239,196200000.0,1,0.0,6810806.71513635,10636800000,77.2227644718309,359.0,1,1.1314151424e+20,7193778.842432352,20021756120363.844,3718750.0,5.6572759295612035e+19,8533245.24438033,4.802132025361061e-09,0,0,1,0.0,0.0,0
240,196200000.0,1,0.0,6833623.599903482,10685600000,77.51422525815276,360.0,1,1.1418204736e+20,7199943.561325867,20633585437561.332,3811718.75,5.709308703854376e+19,8509933.009671742,3.4051481634378433e-09,0,0,1,0.0,0.0,0
241,196200000.0,1,0.0,6856382.268163149,10734400000,77.80640716803971,361.0,1,1.1522734336e+20,7206108.280219381,21270464410698.574,3904687.5,5.761579872644107e+19,8509933.009671742,3.4051481634378433e-09,0,0,1,0.0,0.0,0
242,196200000.0,1,0.0,6878768.201612897,10783200000,78.09943512178788,362.0,1,1.1627740224e+20,7216070.505345379,21933234018992.387,3997656.25,5.81408944434019e+19,8494742.984741809,4.627509042620659e-09,0,0,1,0.0,0.0,0
243,196200000.0,1,0.0,6901099.734970671,10832000000,78.3934270755739,363.0,1,1.17332224e+20,7226032.730471377,22620308080193.305,4090625.0,5.866837403080802e+19,8494742.984741809,4.627509042620659e-09,0,0,1,0.0,0.0,0
244,196200000.0,1,0.0,6923378.681572873,10880800000,78.68855036051607,364.0,1,1.1839180864e+20,7235994.9555973755,23331686594301.33,4183593.75,5.919823748865943e+19,8494742.984741809,4.627509042620659e-09,0,0,1,0.0,0.0,0
245,196200000.0,1,0.0,6945606.794311352,10929600000,78.98501580896662,365.0,1,1.1945615616e+20,7274810.473437624,24066537048816.0,4276562.5,5.973048473370488e+19,8494742.984741809,4.627509042620659e-09,0,0,1,0.0,0.0,0
246,196200000.0,1,0.0,6967785.767648232,10978400000,79.2830927083164,366.0,1,1.2052526656e+20,7331932.655758186,24821578967076.984,4369531.25,6.02651154378967e+19,8494742.984741809,4.627509042620659e-09,0,0,1,0.0,0.0,0
247,196200000.0,1,0.0,6989917.2395635685,11027200000,79.58313044388898,367.0,1,1.2159913984e+20,7389054.838078748,25596477215119.887,4462500.0,6.080212956772151e+19,8494742.984741809,4.627509042620659e-09,0,0,1,0.0,0.0,0
248,196200000.0,1,0.0,7012637.541351092,11076000000,79.88559061861778,368.0,1,1.22677776e+20,7446177.02039931,26391231792944.707,4555468.75,6.134152712317929e+19,8540444.834478745,4.052708391100168e-09,0,0,1,0.0,0.0,0
249,196200000.0,1,0.0,7035313.45569915,11124800000,80.19109612132479,369.0,1,1.2376117504e+20,7503299.202719872,27205842700551.445,4648437.5,6.188330810427005e+19,8540444.834478745,4.052708391100168e-09,0,0,1,0.0,0.0,0
250,196200000.0,1,0.0,7059686.901837097,11173600000,80.50043177434716,370.0,1,1.2484933696e+20,7560421.385040434,28040309937940.1,4741406.25,6.242747251099379e+19,8623985.937584553,3.3032847568392754e-09,0,0,1,0.0,0.0,0
251,196200000.0,1,0.0,7084018.8703788305,11222400000,80.81490531617801,371.0,1,1.2594226176e+20,7617543.567360995,28894633505110.676,4834375.0,6.297402034335051e+19,8623985.937584553,3.3032847568392754e-09,0,0,1,0.0,0.0,0
252,196200000.0,1,0.0,7108310.743910894,11271200000,81.13633103963215,372.0,1,1.2703994944e+20,7674665.7496815575,29768813402063.17,4927343.75,6.35229516013402e+19,8623985.937584553,3.3032847568392754e-09,0,0,1,0.0,0.0,0
253,196200000.0,1,0.0,7132582.317116501,11320000000,81.46751154973488,373.0,1,1.281424e+20,7731787.93200212,30662849628797.582,5020312.5,6.407426628496288e+19,8624871.9304219,3.179593477398157e-09,0,0,1,0.0,0.0,0
254,196200000.0,1,0.0,7156816.423763076,11368800000,81.8130339470351,374.0,1,1.2924961344e+20,7788910.114322682,31576742185313.91,5113281.25,6.462796439421853e+19,8624871.930422127,2.4811015464365482e-09,0,0,1,0.0,0.0,0
255,196200000.0,1,0.0,7181014.312735915,11417600000,82.18099141117837,375.0,1,1.3036158976e+20,7846032.296643244,32510491071612.156,5206250.0,6.518404592910716e+19,8624871.930422127,2.4811015464365482e-09,0,0,1,0.0,0.0,0
256,196200000.0,1,0.0,7205177.191290811,11466400000,82.58725632329751,376.0,1,1.3147832896e+20,7903154.478963805,33464096287692.324,5299218.75,6.574251088962877e+19,8624871.930422127,2.4811015464365482e-09,0,0,1,0.0,0.0,0
257,196200000.0,1,0.0,7229306.226441693,11515200000,83.06832462594221,377.0,1,1.3259983104e+20,7960276.661284368,34437557833554.406,5392187.5,6.630335927578336e+19,8624871.930422127,2.4811015464365482e-09,0,0,1,0.0,0.0,0
258,196200000.0,1,0.0,7253402.546302027,11564000000,83.73432231394577,378.0,1,1.33726096e+20,8017398.84360493,35430875709198.41,5485156.25,6.686659108757092e+19,8624871.930422127,2.4811015464365482e-09,0,0,1,0.0,0.0,0
259,196200000.0,1,0.0,7277467.241381502,11612800000,85.19520070035705,379.0,1,1.3485712384e+20,8074521.025925491,36444049914624.33,5578125.0,6.743220632499146e+19,8624871.930422127,2.4811015464365482e-09,0,0,1,0.0,0.0,0
260,191510656.31527638,2,0.0,7302049.5112025915,11666289344,92.43865676583805,380.0,2,1.359929365499442e+20,8113325.459477602,37269652648642.44,5652776.001231548,6.8000195240236966e+19,8577911.912777793,3.3542164601385593e-09,0,0,1,0.0,0.0,0
261,172400000.0,2,0.0,7332823.146192193,11738889344,93.30319234681883,381.0,2,1.371342798027036e+20,8077478.891798164,37259427331015.01,5652776.001231548,6.85708658440849e+19,8577911.912777793,3.3542164601385593e-09,0,0,1,0.0,0.0,0
262,172400000.0,2,0.0,7363568.214634372,11811489344,93.58799787253135,382.0,2,1.3828151881546298e+20,8041632.324118726,37251771966216.37,5652776.001231548,6.914448458492811e+19,8577911.912777793,3.3542164601385593e-09,0,0,1,0.0,0.0,0
263,172400000.0,2,0.0,7394285.668747375,11884089344,93.872829239489,383.0,2,1.3943465358822238e+20,8005785.756439287,37246686554246.52,5652776.001231548,6.972105146276662e+19,8577911.912777793,3.3542164601385593e-09,0,0,1,0.0,0.0,0
264,172400000.0,2,0.0,7424976.429008841,11956689344,94.15768519339329,384.0,2,1.4059368412098177e+20,7969939.188759849,37244171095105.47,5652776.001231548,7.030056647760039e+19,8577911.912777793,3.3542164601385593e-09,0,0,1,0.0,0.0,0
265,172400000.0,2,0.0,7455641.385213824,12029289344,94.44256456562177,385.0,2,1.4175861041374116e+20,7952776.001231548,37243876520099.336,5652776.001231548,7.088302959452259e+19,8577911.912777793,3.3542164601385593e-09,0,0,1,0.0,0.0,0
266,172400000.0,2,0.0,7486281.397497537,12101889344,94.72746626575547,386.0,2,1.4292943246650055e+20,7952776.001231548,37243876520099.336,5652776.001231548,7.1468440620902285e+19,8577911.912777793,3.3542164601385593e-09,0,0,1,0.0,0.0,0
267,172400000.0,2,0.0,7516897.297324021,12174489344,95.01238927489045,387.0,2,1.4410615027925995e+20,7952776.001231548,37243876520099.336,5652776.001231548,7.205679952728198e+19,8577911.912777793,3.3542164601385593e-09,0,0,1,0.0,0.0,0
268,172400000.0,2,0.0,7549131.494393402,12247089344,95.2973148543865,388.0,2,1.4528876385201934e+20,7952776.001231548,37243876520099.336,5652776.001231548,7.264810631366168e+19,8637009.727033475,4.634785000234842e-09,0,0,1,0.0,0.0,0
269,172400000.0,2,0.0,7581256.564099054,12319689344,95.58226278505546,389.0,2,1.4647727318477873e+20,7952776.001231548,37243876520099.336,5652776.001231548,7.3242360980041376e+19,8632853.137385964,3.7034624256193638e-09,0,0,1,0.0,0.0,0
270,172400000.0,2,0.0,7613359.8531113975,12392289344,95.86722944839342,390.0,2,1.4767167827753812e+20,7952776.001231548,37243876520099.336,5652776.001231548,7.383956352642107e+19,8632853.137385964,2.459273673593998e-09,0,0,1,0.0,0.0,0
271,172400000.0,2,0.0,7645421.107273683,12464889344,96.15221405747376,391.0,2,1.488719791302975e+20,7952776.001231548,37243876520099.336,5652776.001231548,7.443971395280077e+19,8631342.56443598,3.1395757105201483e-09,0,0,1,0.0,0.0,0
272,172400000.0,2,0.0,7674753.448182363,12537489344,96.43739236581398,392.0,2,1.500781757430569e+20,7952776.001231548,37243876520099.336,5652776.001231548,7.504281225918046e+19,8631342.56443598,3.1395757105201483e-09,0,0,1,0.0,0.0,0
273,172400000.0,2,0.0,7700458.785385191,12610089344,96.72280202277477,393.0,2,1.512902681158163e+20,7952776.001231548,37243876520099.336,5652776.001231548,7.564885844556015e+19,8606501.2816813,2.837623469531536e-09,0,0,1,0.0,0.0,0
274,172400000.0,2,0.0,7726145.1039824085,12682689344,97.0082193809823,394.0,2,1.525082562485757e+20,7952776.001231548,37243876520099.336,5652776.001231548,7.625785251193985e+19,8606501.2816813,2.837623469531536e-09,0,0,1,0.0,0.0,0
275,172400000.0,2,0.0,7751813.03792754,12755289344,97.29364426324186,395.0,2,1.537321401413351e+20,7952776.001231548,37243876520099.336,5652776.001231548,7.686979445831955e+19,8606501.2816813,2.837623469531536e-09,0,0,1,0.0,0.0,0
276,172400000.0,2,0.0,7777776.169033248,12827889344,97.57906367869074,396.0,2,1.5496191979409447e+20,7952776.001231548,37243876520099.336,5652776.001231548,7.748468428469925e+19,8617768.165354775,2.4010660126805305e-09,0,0,1,0.0,0.0,0
277,172400000.0,2,0.0,7803722.120702946,12900489344,97.86449056101722,397.0,2,1.561975952068539e+20,7952776.001231548,37243876520099.336,5652776.001231548,7.810252199107895e+19,8617768.165354775,2.4010660126805305e-09,0,0,1,0.0,0.0,0
278,172400000.0,2,0.0,7827609.689180157,12973089344,98.14994553301015,398.0,2,1.5743916637961326e+20,7952776.001231548,37243876520099.336,5652776.001231548,7.872330757745864e+19,8544264.214798208,5.020410753786564e-09,0,0,1,0.0,0.0,0
279,172400000.0,2,0.0,7851481.204428833,13045689344,98.4354074585509,399.0,2,1.5868663331237265e+20,7952776.001231548,37243876520099.336,5652776.001231548,7.934704104383834e+19,8544264.214798208,5.020410753786564e-09,0,0,1,0.0,0.0,0
280,172400000.0,2,0.0,7875337.201556589,13118289344,98.72087619775145,400.0,2,1.5993999600513204e+20,7952776.001231548,37243876520099.336,5652776.001231548,7.997372239021803e+19,8544264.214798208,5.020410753786564e-09,0,0,1,0.0,0.0,0
281,172400000.0,2,0.0,7899178.197834126,13190889344,99.00635161782179,401.0,2,1.6119925445789145e+20,7952776.001231548,37243876520099.336,5652776.001231548,8.060335161659774e+19,8544264.214798208,5.020410753786564e-09,0,0,1,0.0,0.0,0
282,172400000.0,2,0.0,7923004.693289783,13263489344,99.29183359273463,402.0,2,1.6246440867065083e+20,7952776.001231548,37243876520099.336,5652776.001231548,8.123592872297742e+19,8544264.214798208,5.020410753786564e-09,0,0,1,0.0,0.0,0
283,172400000.0,2,0.0,7947988.813681073,13336089344,99.5773080646036,403.0,2,1.6373545864341022e+20,7952776.001231548,37243876520099.336,5652776.001231548,8.187145370935712e+19,8586443.341082424,5.340552888810635e-09,0,0,1,0.0,0.0,0
284,172400000.0,2,0.0,7972959.3838599175,13408689344,99.8627888199653,404.0,2,1.650124043761696e+20,7952776.001231548,37243876520099.336,5652776.001231548,8.250992657573682e+19,8586443.341082424,5.340552888810635e-09,0,0,1,0.0,0.0,0
285,172400000.0,2,0.0,7997916.855500064,13481289344,100.14827574726165,405.0,2,1.6629524586892902e+20,7952776.001231548,37243876520099.336,5652776.001231548,8.315134732211652e+19,8586443.341082424,5.340552888810635e-09,0,0,1,0.0,0.0,0
286,172400000.0,2,0.0,8022861.665219469,13553889344,100.43376874048568,406.0,2,1.675839831216884e+20,7952776.001231548,37243876520099.336,5652776.001231548,8.37957159484962e+19,8586443.341082424,5.340552888810635e-09,0,0,1,0.0,0.0,0
287,172400000.0,2,0.0,8047794.23508216,13626489344,100.71926769894644,407.0,2,1.688786161344478e+20,7952776.001231548,37243876520099.336,5652776.001231548,8.44430324548759e+19,8586443.341082424,5.340552888810635e-09,0,0,1,0.0,0.0,0
288,172400000.0,2,0.0,8072714.973083355,13699089344,101.00477252705024,408.0,2,1.7017914490720718e+20,7952776.001231548,37243876520099.336,5652776.001231548,8.50932968412556e+19,8586443.341082424,5.340552888810635e-09,0,0,1,0.0,0.0,0
289,172400000.0,2,0.0,8097624.273618443,13771689344,101.2902831340969,409.0,2,1.714855694399666e+20,7952776.001231548,37243876520099.336,5652776.001231548,8.57465091076353e+19,8586443.341082424,5.340552888810635e-09,0,0,1,0.0,0.0,0
290,172400000.0,2,0.0,8122522.517936294,13844289344,101.57579943409046,410.0,2,1.7279788973272596e+20,7952776.001231548,37243876520099.336,5652776.001231548,8.6402669254015e+19,8586443.341082424,5.340552888810635e-09,0,0,1,0.0,0.0,0
291,172400000.0,2,0.0,8149289.857609845,13916889344,101.86128253568698,411.0,2,1.7411610578548536e+20,7952776.001231548,37243876520099.336,5652776.001231548,8.706177728039469e+19,8654115.530247528,5.558831617236137e-09,0,0,1,0.0,0.0,0
292,172400000.0,2,0.0,8176046.865862616,13989489344,102.14677036917678,412.0,2,1.7544021759824475e+20,7952776.001231548,37243876520099.336,5652776.001231548,8.772383318677438e+19,8654115.530247528,5.558831617236137e-09,0,0,1,0.0,0.0,0
293,172400000.0,2,0.0,8202165.242640752,14062089344,102.43226883036189,413.0,2,1.7677022517100416e+20,7952776.001231548,37243876520099.336,5652776.001231548,8.838883697315409e+19,8631466.23453644,6.548361852765083e-09,0,0,1,0.0,0.0,0
294,172400000.0,2,0.0,8228273.965280142,14134689344,102.7177717918031,414.0,2,1.7810612850376357e+20,7952776.001231548,37243876520099.336,5652776.001231548,8.90567886395338e+19,8631466.23453644,6.548361852765083e-09,0,0,1,0.0,0.0,0
295,172400000.0,2,0.0,8254373.355585411,14207289344,103.00327916899617,415.0,2,1.7944792759652293e+20,7952776.001231548,37243876520099.336,5652776.001231548,8.972768818591348e+19,8631466.23453644,6.548361852765083e-09,0,0,1,0.0,0.0,0
296,172400000.0,2,0.0,8280463.7246343605,14279889344,103.28879088066022,416.0,2,1.8079562244928235e+20,7952776.001231548,37243876520099.336,5652776.001231548,9.040153561229319e+19,8631466.23453644,7.137714419513941e-09,0,0,1,0.0,0.0,0
297,172400000.0,2,0.0,8307174.795450747,14352489344,103.57428620463564,417.0,2,1.8214921306204173e+20,7952776.001231548,37243876520099.336,5652776.001231548,9.107833091867288e+19,8654125.43788411,7.399648893624544e-09,0,0,1,0.0,0.0,0
298,172400000.0,2,0.0,8333877.436404288,14425089344,103.85978615469223,418.0,2,1.8350869943480114e+20,7952776.001231548,37243876520099.336,5652776.001231548,9.175807410505258e+19,8654125.43788411,7.399648893624544e-09,0,0,1,0.0,0.0,0
299,172400000.0,2,0.0,8359895.870423244,14497689344,104.145296947145,419.0,2,1.848740815675605e+20,7952776.001231548,37243876520099.336,5652776.001231548,9.244076517143226e+19,8629787.347466167,2.8594513423740864e-09,0,0,1,0.0,0.0,0
300,172400000.0,2,0.0,8385906.427203696,14570289344,104.43081215832827,420.0,2,1.8624535946031992e+20,7952776.001231548,37243876520099.336,5652776.001231548,9.312640411781197e+19,8629787.347466167,2.8594513423740864e-09,0,0,1,0.0,0.0,0
301,172400000.0,2,0.0,8409932.008160021,14642889344,104.43063576249584,420.0,2,1.876225331130793e+20,7952776.001231548,37243876520099.336,5652776.001231548,9.381499094419166e+19,8558602.345697831,4.372850526124239e-09,0,0,1,0.0,0.0,0
302,172400000.0,2,0.0,8433950.228274591,14715489344,104.43046356021603,420.0,2,1.890056025258387e+20,7952776.001231548,37243876520099.336,5652776.001231548,9.450652565057136e+19,8558602.345697831,4.372850526124239e-09,0,0,1,0.0,0.0,0
303,172400000.0,2,0.0,8457860.84675125,14788089344,104.4302954806781,420.0,2,1.903945676985981e+20,7952776.001231548,37243876520099.336,5652776.001231548,9.520100823695106e+19,8551367.342354445,3.761670086532831e-09,0,0,1,0.0,0.0,0
304,172400000.0,2,0.0,8481915.245923247,14860689344,104.43013145567342,420.0,2,1.917894286313575e+20,7952776.001231548,37243876520099.336,5652776.001231548,9.589843870333075e+19,8562214.789852513,3.536115400493145e-09,0,0,1,0.0,0.0,0
305,172400000.0,2,0.0,8505962.996074138,14933289344,104.42997141950174,420.0,2,1.9319018532411687e+20,7952776.001231548,37243876520099.336,5652776.001231548,9.659881704971044e+19,8562214.789852513,3.536115400493145e-09,0,0,1,0.0,0.0,0
306,172400000.0,2,0.0,8530004.318837974,15005889344,104.42981530888244,420.0,2,1.9459683777687627e+20,7952776.001231548,37243876520099.336,5652776.001231548,9.730214327609015e+19,8562214.789852513,3.536115400493145e-09,0,0,1,0.0,0.0,0
307,172400000.0,2,0.0,8554039.428460984,15078489344,104.4296630628701,420.0,2,1.9600938598963567e+20,7952776.001231548,37243876520099.336,5652776.001231548,9.800841738246984e+19,8562214.789852513,3.536115400493145e-09,0,0,1,0.0,0.0,0
308,172400000.0,2,0.0,8579117.740557833,15151089344,104.42951462277468,420.0,2,1.9742782996239506e+20,7952776.001231548,37243876520099.336,5652776.001231548,9.871763936884954e+19,8637757.802570514,3.798049874603748e-09,0,0,1,0.0,0.0,0
309,172400000.0,2,0.0,8604190.24681975,15223689344,104.42936993208536,420.0,2,1.9885216969515444e+20,7952776.001231548,37243876520099.336,5652776.001231548,9.942980923522923e+19,8637757.802570514,3.798049874603748e-09,0,0,1,0.0,0.0,0
310,172400000.0,2,0.0,8629257.14077457,15296289344,104.42922893639867,420.0,2,2.0028240518791384e+20,7952776.001231548,37243876520099.336,5652776.001231548,1.0014492698160893e+20,8637757.802570514,3.798049874603748e-09,0,0,1,0.0,0.0,0
311,172400000.0,2,0.0,8654318.609499201,15368889344,104.42909158334972,420.0,2,2.0171853644067324e+20,7952776.001231548,37243876520099.336,5652776.001231548,1.0086299260798863e+20,8637757.802570514,3.798049874603748e-09,0,0,1,0.0,0.0,0
312,172400000.0,2,0.0,8678200.5554059,15441489344,104.42896861955593,420.0,2,2.0316056345343263e+20,7952776.001231548,37243876520099.336,5652776.001231548,1.0158400611436832e+20,8595483.779135758,5.340552888810635e-09,0,0,1,0.0,0.0,0
313,172400000.0,2,0.0,8703225.305194076,15514089344,104.42884919351104,420.0,2,2.04608486226192e+20,7952776.001231548,37243876520099.336,5652776.001231548,1.0230796750074801e+20,8678130.668089963,3.798049874603748e-09,0,0,1,0.0,0.0,0
314,172400000.0,2,0.0,8728245.154391916,15586689344,104.42873325863441,420.0,2,2.060623047589514e+20,7952776.001231548,37243876520099.336,5652776.001231548,1.0303487676712772e+20,8678130.668089963,3.798049874603748e-09,0,0,1,0.0,0.0,0
315,172400000.0,2,0.0,8752556.833024045,15659289344,104.42862725171561,420.0,2,2.075220190517108e+20,7952776.001231548,37243876520099.336,5652776.001231548,1.0376473391350741e+20,8652807.068268232,3.623426891863346e-09,0,0,1,0.0,0.0,0
316,172400000.0,2,0.0,8776945.356368098,15731889344,104.42852390656132,420.0,2,2.089876291044702e+20,7952776.001231548,37243876520099.336,5652776.001231548,1.044975389398871e+20,8655738.33375654,7.421476766467094e-10,0,0,1,0.0,0.0,0
317,172400000.0,2,0.0,8801329.453027045,15804489344,104.42842393157898,420.0,2,2.1045913491722958e+20,7952776.001231548,37243876520099.336,5652776.001231548,1.052332918462668e+20,8655738.33375654,7.421476766467094e-10,0,0,1,0.0,0.0,0
318,172400000.0,2,0.0,8825709.270557055,15877089344,104.42832728709585,420.0,2,2.1193653648998898e+20,7952776.001231548,37243876520099.336,5652776.001231548,1.059719926326465e+20,8655738.33375654,7.421476766467094e-10,0,0,1,0.0,0.0,0
319,172400000.0,2,0.0,8850084.951595766,15949689344,104.428233935039,420.0,2,2.1341983382274838e+20,7952776.001231548,37243876520099.336,5652776.001231548,1.067136412990262e+20,8655738.33375654,7.421476766467094e-10,0,0,1,0.0,0.0,0
320,172400000.0,2,0.0,8874456.63402622,16022289344,104.42814383889177,420.0,2,2.1490902691550777e+20,7952776.001231548,37243876520099.336,5652776.001231548,1.074582378454059e+20,8655738.33375654,7.421476766467094e-10,0,0,1,0.0,0.0,0
321,172400000.0,2,0.0,8898824.451135349,16094889344,104.42805696365254,420.0,2,2.1640411576826715e+20,7952776.001231548,37243876520099.336,5652776.001231548,1.0820578227178558e+20,8655738.33375654,7.421476766467094e-10,0,0,1,0.0,0.0,0
322,172400000.0,2,0.0,8923378.440170368,16167489344,104.4279715124626,420.0,2,2.1790510038102655e+20,7952776.001231548,37243876520099.336,5652776.001231548,1.0895627457816528e+20,8662575.036270326,3.3032847568392754e-09,0,0,1,0.0,0.0,0
323,172400000.0,2,0.0,8947928.817277357,16240089344,104.4278892131924,420.0,2,2.1941198075378595e+20,7952776.001231548,37243876520099.336,5652776.001231548,1.0970971476454498e+20,8662575.036270326,3.3032847568392754e-09,0,0,1,0.0,0.0,0
324,172400000.0,2,0.0,8972475.702853916,16312689344,104.42781003514645,420.0,2,2.2092475688654533e+20,7952776.001231548,37243876520099.336,5652776.001231548,1.1046610283092468e+20,8662575.036270326,3.3032847568392754e-09,0,0,1,0.0,0.0,0
325,172400000.0,2,0.0,8996870.224958463,16385289344,104.4277339489988,420.0,2,2.224434287793047e+20,7952776.001231548,37243876520099.336,5652776.001231548,1.1122543877730437e+20,8651847.876803769,3.3032847568392754e-09,0,0,1,0.0,0.0,0
326,172400000.0,2,0.0,9021171.990018364,16457889344,104.42766092675625,420.0,2,2.2396799643206412e+20,7952776.001231548,37243876520099.336,5652776.001231548,1.1198772260368407e+20,8645404.259908292,5.878973752260208e-09,0,0,1,0.0,0.0,0
327,172400000.0,2,0.0,9045470.601191806,16530489344,104.42759094174332,420.0,2,2.254984598448235e+20,7952776.001231548,37243876520099.336,5652776.001231548,1.1275295431006377e+20,8645404.259911397,5.238689482212067e-09,0,0,1,0.0,0.0,0
328,172400000.0,2,0.0,9069766.16360829,16603089344,104.42752396855838,420.0,2,2.270348190175829e+20,7952776.001231548,37243876520099.336,5652776.001231548,1.1352113389644346e+20,8645404.259911397,5.238689482212067e-09,0,0,1,0.0,0.0,0
329,172400000.0,2,0.0,9094005.382990971,16675689344,104.4274604817824,420.0,2,2.285770739503423e+20,7952776.001231548,37243876520099.336,5652776.001231548,1.1429226136282317e+20,8643482.00743673,4.3655745685100555e-09,0,0,1,0.0,0.0,0
330,172400000.0,2,0.0,9118241.753479656,16748289344,104.427399960649,420.0,2,2.301252246431017e+20,7952776.001231548,37243876520099.336,5652776.001231548,1.1506633670920285e+20,8643482.00743673,4.3655745685100555e-09,0,0,1,0.0,0.0,0
331,172400000.0,2,0.0,9142475.370037474,16820889344,104.42734238343954,420.0,2,2.316792710958611e+20,7952776.001231548,37243876520099.336,5652776.001231548,1.1584335993558255e+20,8643482.00743673,4.3655745685100555e-09,0,0,1,0.0,0.0,0
332,172400000.0,2,0.0,9167748.480728636,16893489344,104.4272877296146,420.0,2,2.3323921330862047e+20,7952776.001231548,37243876520099.336,5652776.001231548,1.1662333104196225e+20,8718517.258625627,5.005858838558197e-09,0,0,1,0.0,0.0,0
333,172400000.0,2,0.0,9193019.018024392,16966089344,104.42723597979224,420.0,2,2.348050512813799e+20,7952776.001231548,37243876520099.336,5652776.001231548,1.1740625002834195e+20,8718517.258625627,5.005858838558197e-09,0,0,1,0.0,0.0,0
334,172400000.0,2,0.0,9218287.06760946,17038689344,104.42718711572779,420.0,2,2.3637678501413926e+20,7952776.001231548,37243876520099.336,5652776.001231548,1.1819211689472164e+20,8718517.251775214,5.558831617236137e-09,0,0,1,0.0,0.0,0
335,172400000.0,2,0.0,9243552.71249949,17111289344,104.42714112029479,420.0,2,2.3795441450689865e+20,7952776.001231548,37243876520099.336,5652776.001231548,1.1898093164110134e+20,8718517.251775214,5.558831617236137e-09,0,0,1,0.0,0.0,0
336,172400000.0,2,0.0,9270031.997723646,17183889344,104.42708076047195,420.0,2,2.3953793975965804e+20,7952776.001231548,37243876520099.336,5652776.001231548,1.1977269426748103e+20,8776581.35357596,5.675246939063072e-09,0,0,1,0.0,0.0,0
337,172400000.0,2,0.0,9296509.269709282,17256489344,104.42702358719154,420.0,2,2.4112736077241745e+20,7952776.001231548,37243876520099.336,5652776.001231548,1.2056740477386074e+20,8776589.770930212,4.612957127392292e-09,0,0,1,0.0,0.0,0
338,172400000.0,2,0.0,9322751.251902746,17329089344,104.42696957924836,420.0,2,2.4272267754517683e+20,7952776.001231548,37243876520099.336,5652776.001231548,1.2136506316024042e+20,8759805.300846443,4.096364136785269e-09,0,0,1,0.0,0.0,0
339,172400000.0,2,0.0,9348991.134349167,17401689344,104.42691871455725,420.0,2,2.4432389007793622e+20,7952776.001231548,37243876520099.336,5652776.001231548,1.2216566942662012e+20,8759805.300846443,4.096364136785269e-09,0,0,1,0.0,0.0,0
340,172400000.0,2,0.0,9375228.98704011,17474289344,104.426870972326,420.0,2,2.459309983706956e+20,7952776.001231548,37243876520099.336,5652776.001231548,1.2296922357299982e+20,8759805.300846443,4.096364136785269e-09,0,0,1,0.0,0.0,0
341,172400000.0,2,0.0,9401685.301080264,17546889344,104.4267978155815,420.0,2,2.4754400242345502e+20,7952776.001231548,37243876520099.336,5652776.001231548,1.2377572559937952e+20,8759805.300846443,4.096364136785269e-09,0,0,1,0.0,0.0,0
342,172400000.0,2,0.0,9428552.49236686,17619489344,104.42667362240684,420.0,2,2.491629022362144e+20,7952776.001231548,37243876520099.336,5652776.001231548,1.245851755057592e+20,8759805.300846443,4.096364136785269e-09,0,0,1,0.0,0.0,0
343,172400000.0,2,0.0,9455426.169695258,17692089344,104.42655033681353,420.0,2,2.507876978089738e+20,7952776.001231548,37243876520099.336,5652776.001231548,1.253975732921389e+20,8759805.300846443,5.085894372314215e-09,0,0,1,0.0,0.0,0
344,172400000.0,2,0.0,9482306.116864063,17764689344,104.42642795253501,420.0,2,2.5241838914173318e+20,7952776.001231548,37243876520099.336,5652776.001231548,1.262129189585186e+20,8759805.300846443,5.085894372314215e-09,0,0,1,0.0,0.0,0
345,172400000.0,2,0.0,9509195.851152964,17837289344,104.42630641748744,420.0,2,2.540549762344926e+20,7952776.001231548,37243876520099.336,5652776.001231548,1.270312125048983e+20,8759984.162016565,4.8094079829752445e-09,0,0,1,0.0,0.0,0
346,172400000.0,2,0.0,9535727.29133832,17909889344,104.42619913436842,420.0,2,2.5569745908725196e+20,7952776.001231548,37243876520099.336,5652776.001231548,1.27852453931278e+20,8759990.522090496,2.8594513423740864e-09,0,0,1,0.0,0.0,0
347,172400000.0,2,0.0,9559208.962479101,17982489344,104.42615116016633,420.0,2,2.5734583770001136e+20,7952776.001231548,37243876520099.336,5652776.001231548,1.2867664323765769e+20,8690422.89272086,5.959009286016226e-09,0,0,1,0.0,0.0,0
348,172400000.0,2,0.0,9582697.147268971,18055089344,104.42610320445412,420.0,2,2.5900011207277075e+20,7952776.001231548,37243876520099.336,5652776.001231548,1.2950378042403738e+20,8690422.89272086,4.96947905048728e-09,0,0,1,0.0,0.0,0
349,172400000.0,2,0.0,9606191.62858629,18127689344,104.42605527742664,420.0,2,2.6066028220553016e+20,7952776.001231548,37243876520099.336,5652776.001231548,1.3033386549041709e+20,8690422.89272086,5.959009286016226e-09,0,0,1,0.0,0.0,0
350,172400000.0,2,0.0,9629692.196546819,18200289344,104.42600738904044,420.0,2,2.6232634809828953e+20,7952776.001231548,37243876520099.336,5652776.001231548,1.3116689843679678e+20,8690422.89272086,5.959009286016226e-09,0,0,1,0.0,0.0,0
351,172400000.0,2,0.0,9653198.64826245,18272889344,104.42595954900892,420.0,2,2.6399830975104893e+20,7952776.001231548,37243876520099.336,5652776.001231548,1.3200287926317647e+20,8690422.89272086,5.959009286016226e-09,0,0,1,0.0,0.0,0
352,172400000.0,2,0.0,9676710.758155055,18345489344,104.42591176679854,420.0,2,2.6567616716380835e+20,7952776.001231548,37243876520099.336,5652776.001231548,1.3284180796955619e+20,8690420.772107985,5.9881131164729595e-09,0,0,1,0.0,0.0,0
353,172400000.0,2,0.0,9700541.238389522,18418089344,104.4258587005863,420.0,2,2.6735992033656773e+20,7952776.001231548,37243876520099.336,5652776.001231548,1.3368368455593588e+20,8702553.822616141,4.256435204297304e-09,0,0,1,0.0,0.0,0
354,172400000.0,2,0.0,9722086.411483739,18490689344,104.42582774339066,420.0,2,2.6904956926932713e+20,7952776.001231548,37243876520099.336,5652776.001231548,1.3452850902231558e+20,8620091.43369646,9.735231287777424e-09,0,0,1,0.0,0.0,0
355,172400000.0,2,0.0,9743636.72219301,18563289344,104.425797063922,420.0,2,2.7074511396208653e+20,7952776.001231548,37243876520099.336,5652776.001231548,1.3537628136869528e+20,8620091.43369646,1.0659277904778719e-08,0,0,1,0.0,0.0,0
356,172400000.0,2,0.0,9765191.999263495,18635889344,104.42576666929183,420.0,2,2.7244655441484592e+20,7952776.001231548,37243876520099.336,5652776.001231548,1.3622700159507497e+20,8620091.43369646,1.0659277904778719e-08,0,0,1,0.0,0.0,0
357,172400000.0,2,0.0,9786752.077149821,18708489344,104.42573656640778,420.0,2,2.741538906276053e+20,7952776.001231548,37243876520099.336,5652776.001231548,1.3708066970145466e+20,8620091.43369646,1.0659277904778719e-08,0,0,1,0.0,0.0,0
358,172400000.0,2,0.0,9808003.826833868,18781089344,104.42571229742266,420.0,2,2.758671226003647e+20,7952776.001231548,37243876520099.336,5652776.001231548,1.3793728568783436e+20,8608824.550022984,8.85484041646123e-09,0,0,1,0.0,0.0,0
359,172400000.0,2,0.0,9829260.0626136,18853689344,104.42568823526493,420.0,2,2.775862503331241e+20,7952776.001231548,37243876520099.336,5652776.001231548,1.3879684955421406e+20,8608824.550022984,8.85484041646123e-09,0,0,1,0.0,0.0,0
360,172400000.0,2,0.0,9849464.737965489,18926289344,104.42566438817687,420.0,2,2.793112738258835e+20,7952776.001231548,37243876520099.336,5652776.001231548,1.3965936130059375e+20,8532799.966957785,9.466020856052637e-09,0,0,1,0.0,0.0,0
361,172400000.0,2,0.0,9869673.605324576,18998889344,104.42564076415127,420.0,2,2.8104219307864287e+20,7952776.001231548,37243876520099.336,5652776.001231548,1.4052482092697344e+20,8532799.966957785,9.466020856052637e-09,0,0,1,0.0,0.0,0
362,172400000.0,2,0.0,9889886.52495728,19071489344,104.4256173709335,420.0,2,2.8277900809140227e+20,7952776.001231548,37243876520099.336,5652776.001231548,1.4139322843335315e+20,8532799.966957785,9.466020856052637e-09,0,0,1,0.0,0.0,0
363,172400000.0,2,0.0,9910103.361787826,19144089344,104.42559421602458,420.0,2,2.8452171886416167e+20,7952776.001231548,37243876520099.336,5652776.001231548,1.4226458381973284e+20,8532799.966957785,9.466020856052637e-09,0,0,1,0.0,0.0,0
364,172400000.0,2,0.0,9930323.985242944,19216689344,104.42557130668402,420.0,2,2.8627032539692106e+20,7952776.001231548,37243876520099.336,5652776.001231548,1.4313888708611254e+20,8532799.966957785,9.466020856052637e-09,0,0,1,0.0,0.0,0
365,172400000.0,2,0.0,9950548.269101813,19289289344,104.4255486499333,420.0,2,2.8802482768968044e+20,7952776.001231548,37243876520099.336,5652776.001231548,1.4401613823249223e+20,8532799.966957785,9.466020856052637e-09,0,0,1,0.0,0.0,0
366,172400000.0,2,0.0,9970776.091350986,19361889344,104.42552625255952,420.0,2,2.8978522574243984e+20,7952776.001231548,37243876520099.336,5652776.001231548,1.4489633725887193e+20,8532799.966957785,9.466020856052637e-09,0,0,1,0.0,0.0,0
367,172400000.0,2,0.0,9991405.425763823,19434489344,104.42550412111903,420.0,2,2.9155151955519924e+20,7952776.001231548,37243876520099.336,5652776.001231548,1.4577948416525163e+20,8561462.570777116,8.89849616214633e-09,0,0,1,0.0,0.0,0
368,172400000.0,2,0.0,10011805.48544928,19507089344,104.4254822619416,420.0,2,2.9332370912795863e+20,7952776.001231548,37243876520099.336,5652776.001231548,1.4666557895163132e+20,8542586.89034569,7.32688931748271e-09,0,0,1,0.0,0.0,0
369,172400000.0,2,0.0,10031653.161292918,19579689344,104.42546068113458,420.0,2,2.95101794460718e+20,7952776.001231548,37243876520099.336,5652776.001231548,1.4755462161801101e+20,8515919.047625387,8.301867637783289e-09,0,0,1,0.0,0.0,0
370,172400000.0,2,0.0,10051503.926737603,19652289344,104.42543938458799,420.0,2,2.968857755534774e+20,7952776.001231548,37243876520099.336,5652776.001231548,1.484466121643907e+20,8515919.04498643,5.1004462875425816e-09,0,0,1,0.0,0.0,0
371,172400000.0,2,0.0,10071357.6788675,19724889344,104.42541837797668,420.0,2,2.986756524062368e+20,7952776.001231548,37243876520099.336,5652776.001231548,1.493415505907704e+20,8515919.04498643,5.1004462875425816e-09,0,0,1,0.0,0.0,0
372,172400000.0,2,0.0,10091214.248456175,19797489344,104.42539766676728,420.0,2,3.004714250189962e+20,7952776.001231548,37243876520099.336,5652776.001231548,1.502394368971501e+20,8515914.028727597,5.384208634495735e-09,0,0,1,0.0,0.0,0
373,172400000.0,2,0.0,10111073.608936245,19870089344,104.42537725622186,420.0,2,3.022730933917556e+20,7952776.001231548,37243876520099.336,5652776.001231548,1.511402710835298e+20,8515914.028727597,5.384208634495735e-09,0,0,1,0.0,0.0,0
374,172400000.0,2,0.0,10130785.008284979,19942689344,104.4253571514029,420.0,2,3.0408065752451495e+20,7952776.001231548,37243876520099.336,5652776.001231548,1.5204405314990948e+20,8505066.581229528,7.683411240577698e-09,0,0,1,0.0,0.0,0
375,172400000.0,2,0.0,10150499.01556668,20015289344,104.42533735717784,420.0,2,3.058941174172744e+20,7952776.001231548,37243876520099.336,5652776.001231548,1.529507830962892e+20,8505066.581229528,7.683411240577698e-09,0,0,1,0.0,0.0,0
376,172400000.0,2,0.0,10168112.625875609,20087889344,104.42535000059536,420.0,2,3.077134730700338e+20,7952776.001231548,37243876520099.336,5652776.001231548,1.538604609226689e+20,8429361.534142764,6.257323548197746e-09,0,0,1,0.0,0.0,0
377,172400000.0,2,0.0,10185728.673153017,20160489344,104.4253625852201,420.0,2,3.0953872448279314e+20,7952776.001231548,37243876520099.336,5652776.001231548,1.5477308662904858e+20,8429361.534142764,5.791662260890007e-09,0,0,1,0.0,0.0,0
378,172400000.0,2,0.0,10203347.076166604,20233089344,104.42537512056629,420.0,2,3.1136987165555255e+20,7952776.001231548,37243876520099.336,5652776.001231548,1.556886602154283e+20,8429361.534142764,5.791662260890007e-09,0,0,1,0.0,0.0,0
379,172400000.0,2,0.0,10221649.197051367,20305689344,104.4253773119734,420.0,2,3.1320691458831195e+20,7952776.001231548,37243876520099.336,5652776.001231548,1.5660718168180798e+20,8453893.39788537,5.791662260890007e-09,0,0,1,0.0,0.0,0
380,172400000.0,2,0.0,10239953.519240715,20378289344,104.42537956485354,420.0,2,3.1504985328107133e+20,7952776.001231548,37243876520099.336,5652776.001231548,1.5752865102818768e+20,8453893.39788537,6.257323548197746e-09,0,0,1,0.0,0.0,0
381,172400000.0,2,0.0,10258259.969357843,20450889344,104.42538188701253,420.0,2,3.168986877338307e+20,7952776.001231548,37243876520099.336,5652776.001231548,1.5845306825456737e+20,8453893.39788537,5.791662260890007e-09,0,0,1,0.0,0.0,0
382,172400000.0,2,0.0,10276565.363300186,20523489344,104.42538428602407,420.0,2,3.1875341794659015e+20,7952776.001231548,37243876520099.336,5652776.001231548,1.593804333609471e+20,8453669.249528017,6.250047590583563e-09,0,0,1,0.0,0.0,0
383,172400000.0,2,0.0,10294872.745672818,20596089344,104.425386769236,420.0,2,3.206140439193495e+20,7952776.001231548,37243876520099.336,5652776.001231548,1.6031074634732677e+20,8453669.249528017,6.250047590583563e-09,0,0,1,0.0,0.0,0
384,172400000.0,2,0.0,10311930.412489854,20668689344,104.42540272290294,420.0,2,3.2248056565210894e+20,7952776.001231548,37243876520099.336,5652776.001231548,1.6124400721370648e+20,8408610.292152675,1.0208168532699347e-08,0,0,1,0.0,0.0,0
385,172400000.0,2,0.0,10328989.937384529,20741289344,104.42541889433413,420.0,2,3.243529831448683e+20,7952776.001231548,37243876520099.336,5652776.001231548,1.6218021596008615e+20,8408610.292152675,1.0208168532699347e-08,0,0,1,0.0,0.0,0
386,172400000.0,2,0.0,10346051.258420913,20813889344,104.42543529146768,420.0,2,3.262312963976277e+20,7952776.001231548,37243876520099.336,5652776.001231548,1.6311937258646585e+20,8408610.292152675,1.0208168532699347e-08,0,0,1,0.0,0.0,0
387,172400000.0,2,0.0,10363114.315727623,20886489344,104.42545192205543,420.0,2,3.281155054103871e+20,7952776.001231548,37243876520099.336,5652776.001231548,1.6406147709284555e+20,8408610.292152675,1.0208168532699347e-08,0,0,1,0.0,0.0,0
388,172400000.0,2,0.0,10380179.051428977,20959089344,104.42546879366876,420.0,2,3.300056101831465e+20,7952776.001231548,37243876520099.336,5652776.001231548,1.6500652947922525e+20,8408610.292152675,1.0208168532699347e-08,0,0,1,0.0,0.0,0
389,172400000.0,2,0.0,10397245.409578491,21031689344,104.4254859137047,420.0,2,3.3190161071590585e+20,7952776.001231548,37243876520099.336,5652776.001231548,1.6595452974560494e+20,8408610.292152675,1.0208168532699347e-08,0,0,1,0.0,0.0,0
390,172400000.0,2,0.0,10414313.336094555,21104289344,104.4255032893917,420.0,2,3.338035070086653e+20,7952776.001231548,37243876520099.336,5652776.001231548,1.6690547789198465e+20,8408610.292152675,1.0208168532699347e-08,0,0,1,0.0,0.0,0
391,172400000.0,2,0.0,10431382.778698286,21176889344,104.42552092779526,420.0,2,3.3571129906142465e+20,7952776.001231548,37243876520099.336,5652776.001231548,1.6785937391836434e+20,8408610.292152675,1.0208168532699347e-08,0,0,1,0.0,0.0,0
392,172400000.0,2,0.0,10448453.686853431,21249489344,104.42553883582376,420.0,2,3.376249868741841e+20,7952776.001231548,37243876520099.336,5652776.001231548,1.6881621782474405e+20,8408610.292152675,1.0208168532699347e-08,0,0,1,0.0,0.0,0
393,172400000.0,2,0.0,10465526.011726681,21322089344,104.4255570202339,420.0,2,3.395445704469434e+20,7952776.001231548,37243876520099.336,5652776.001231548,1.6977600961112372e+20,8408610.293036435,1.0732037480920553e-08,0,0,1,0.0,0.0,0
394,172400000.0,2,0.0,10482599.706076311,21394689344,104.42557548763605,420.0,2,3.414700497797028e+20,7952776.001231548,37243876520099.336,5652776.001231548,1.7073874927750342e+20,8408610.293036435,1.0732037480920553e-08,0,0,1,0.0,0.0,0
395,172400000.0,2,0.0,10500429.126897933,21467289344,104.42559424449983,420.0,2,3.434014248724622e+20,7952776.001231548,37243876520099.336,5652776.001231548,1.7170443682388312e+20,8465664.676567778,6.104528438299894e-09,0,0,1,0.0,0.0,0
396,172400000.0,2,0.0,10518866.978978248,21539889344,104.4256120622324,420.0,2,3.453386957252216e+20,7952776.001231548,37243876520099.336,5652776.001231548,1.726730722502628e+20,8493507.475561794,2.990418579429388e-09,0,0,1,0.0,0.0,0
397,172400000.0,2,0.0,10537306.068101496,21612489344,104.42563016883734,420.0,2,3.47281862337981e+20,7952776.001231548,37243876520099.336,5652776.001231548,1.736446555566425e+20,8493507.475561794,2.990418579429388e-09,0,0,1,0.0,0.0,0
398,172400000.0,2,0.0,10554575.072724927,21685089344,104.42566206655123,420.0,2,3.492309247107404e+20,7952776.001231548,37243876520099.336,5652776.001231548,1.7461918674302222e+20,8451341.384474047,5.507899913936853e-09,0,0,1,0.0,0.0,0
399,172400000.0,2,0.0,10572002.156979134,21757689344,104.42569228317085,420.0,2,3.511858828434998e+20,7952776.001231548,37243876520099.336,5652776.001231548,1.755966658094019e+20,8456990.637057692,5.507899913936853e-09,0,0,1,0.0,0.0,0
400,2095000000.0,0,102343.75,10068835.740594089,19907689344,87.38941749329193,319.35288781372844,0,3.1340325309049884e+20,25987368.754238885,102468585935988.42,5550432.251231548,1.5671187340384302e+20,8456990.637057692,5.507899913936853e-09,0,0,1,0.0,0.0,0
401,1461538255.8044214,1,0.0,9776315.553842587,18691151088,95.166850174455,420.0,1,3.005345851984303e+20,36599314.50882636,211452756893703.78,7308111.529269539,1.5028843787490453e+20,8454059.371569384,2.990418579429388e-09,0,0,1,0.0,0.0,0
402,1146200000.0,1,0.0,9597555.648436723,17789951088,94.94229422232435,420.0,1,3.0044133523166285e+20,43515890.07820577,342135818789897.56,10962167.293904308,1.502548811977104e+20,8454059.371569384,3.445165930315852e-09,0,0,1,0.0,0.0,0
403,659089343.6847236,1,0.0,9525546.222438615,17375861744,94.8318546264952,420.0,1,3.019205713533994e+20,46617547.31734983,422100502558562.75,12713392.29351074,1.5100249572695556e+20,8491524.68265842,5.8607838582247496e-09,0,0,1,0.0,0.0,0
404,196200000.0,1,0.0,9553990.211565318,17424661744,94.7623675364129,420.0,1,3.036188368996329e+20,46102881.55895698,416429369072481.0,12656455.794348722,1.518510613867237e+20,8491524.68265842,5.133188096806407e-09,0,0,1,0.0,0.0,0
405,196200000.0,1,0.0,9582434.199267691,17473461744,94.71602627750819,420.0,1,3.0532186532586645e+20,45588215.80056413,410884056058751.4,12599519.295186704,1.527020210685391e+20,8491524.68265842,4.740286385640502e-09,0,0,1,0.0,0.0,0
406,196200000.0,1,0.0,9610878.185570711,17522261744,94.68293478500532,420.0,1,3.070296566320999e+20,45073550.04237383,405464563519302.56,12542582.796024686,1.535553747724019e+20,8491524.681848265,6.763002602383494e-09,0,0,1,0.0,0.0,0
407,196200000.0,1,0.0,9639322.170542784,17571061744,94.65813940258849,420.0,1,3.087422108183334e+20,44558884.284183525,400170891452185.44,12485646.296862667,1.544111224983119e+20,8491524.681848265,6.763002602383494e-09,0,0,1,0.0,0.0,0
408,196200000.0,1,0.0,9670781.327496948,17619861744,94.63887787867422,420.0,1,3.104595278845669e+20,44026887.42592448,394576212055352.1,12428709.79770065,1.55269221563489e+20,8639292.756918477,7.134076440706849e-09,0,0,1,0.0,0.0,0
409,196200000.0,1,0.0,9702240.48320741,17668661744,94.62350545479772,420.0,1,3.121816078308004e+20,43494890.567665435,389112926606797.7,12371773.29853863,1.5612971520806086e+20,8639292.756918477,7.134076440706849e-09,0,0,1,0.0,0.0,0
410,196200000.0,1,0.0,9733699.63771563,17717461744,94.61097006614577,420.0,1,3.1390845065703385e+20,42962893.7094064,383781035106522.2,12314836.799376613,1.569926034320276e+20,8639292.756918477,7.134076440706849e-09,0,0,1,0.0,0.0,0
411,196200000.0,1,0.0,9764579.123040091,17766261744,94.60057048274557,420.0,1,3.156400563632673e+20,42530896.85114735,378570537554525.56,12257900.300214594,1.578578852353891e+20,8597556.659364251,9.571522241458297e-09,0,0,1,0.0,0.0,0
412,196200000.0,1,0.0,9795458.607241124,17815061744,94.5918215220515,420.0,1,3.173764249495009e+20,42198899.99288832,373421433950807.9,12200963.801052576,1.587255546181455e+20,8597556.659364251,9.571522241458297e-09,0,0,1,0.0,0.0,0
413,196200000.0,1,0.0,9825697.848324336,17863861744,94.58438129905618,420.0,1,3.1911755641573435e+20,41866903.13462927,368323724295369.06,12144027.301890558,1.595956105802967e+20,8566825.041836083,7.628841558471322e-09,0,0,1,0.0,0.0,0
414,196200000.0,1,0.0,9850381.53280221,17912661744,94.57805185235179,420.0,1,3.208634507619678e+20,41534906.27637023,363277408588209.2,12087090.80272854,1.6046805312184274e+20,8566825.041836083,7.628841558471322e-09,0,0,1,0.0,0.0,0
415,196200000.0,1,0.0,9875065.21626529,17961461744,94.57258395916813,420.0,1,3.226141079882013e+20,41202909.41811119,358282486829328.25,12030154.303566521,1.6134288224278358e+20,8566825.041836083,7.628841558471322e-09,0,0,1,0.0,0.0,0
416,196200000.0,1,0.0,9899748.898747407,18010261744,94.56783314552838,420.0,1,3.243695280944348e+20,40870912.559852146,353338959018726.1,11973217.804404503,1.6222009794311927e+20,8566825.041836083,7.628841558471322e-09,0,0,1,0.0,0.0,0
417,196200000.0,1,0.0,9924432.58028126,18059061744,94.56368760273268,420.0,1,3.2612971108066827e+20,40538915.7015931,348446825156403.0,11916281.305242484,1.6309970022284978e+20,8566825.041836083,8.5601641330868e-09,0,0,1,0.0,0.0,0
418,196200000.0,1,0.0,9949116.260898452,18107861744,94.56005966537141,420.0,1,3.2789465694690175e+20,40206918.843334064,343606085242358.75,11859344.806080466,1.639816890819751e+20,8566825.041836083,8.5601641330868e-09,0,0,1,0.0,0.0,0
419,196200000.0,1,0.0,9974545.95313316,18156661744,94.55687659316007,420.0,1,3.296643656931353e+20,39868207.87254251,338664702011896.94,11802408.306918448,1.6486604931676884e+20,8593681.491966136,1.3202225090935826e-08,0,0,1,0.0,0.0,0
420,196200000.0,1,0.0,9999975.644511301,18205461744,94.55408606220591,420.0,1,3.314388373193688e+20,39529496.90175095,333777194793090.06,11745471.80775643,1.657527963791637e+20,8593681.491966136,1.3202225090935826e-08,0,0,1,0.0,0.0,0
421,196200000.0,1,0.0,10025405.335061429,18254261744,94.55164340116069,420.0,1,3.3321807182560225e+20,39190785.930959396,328943563585938.1,11688535.308594411,1.6664193026915972e+20,8593681.491966136,1.2962118489667773e-08,0,0,1,0.0,0.0,0
422,196200000.0,1,0.0,10052246.402211944,18303061744,94.54947622559276,420.0,1,3.350020692118357e+20,38835138.43135823,324042332848927.9,11631598.809432393,1.6753343883920274e+20,8661427.607204583,1.49702827911824e-08,0,0,1,0.0,0.0,0
423,196200000.0,1,0.0,10079087.46858873,18351861744,94.5475928980821,420.0,1,3.367908294780692e+20,38479490.93175706,319199508696285.8,11574662.310270375,1.6842733468990423e+20,8661427.607204583,1.49702827911824e-08,0,0,1,0.0,0.0,0
424,196200000.0,1,0.0,10105928.534217572,18400661744,94.54596991468337,420.0,1,3.385843526243027e+20,38123843.4321559,314415091128012.0,11517725.811108356,1.6932361782126415e+20,8661427.607204583,1.4864781405776739e-08,0,0,1,0.0,0.0,0
425,196200000.0,1,0.0,10131049.982915195,18449461744,94.54458850087323,420.0,1,3.4038263865053617e+20,37768195.93255473,309689080144106.4,11460789.311946338,1.702222882332825e+20,8661427.607204583,1.4806573744863272e-08,0,0,1,0.0,0.0,0
426,196200000.0,1,0.0,10156387.2920656,18498261744,94.54208645350757,420.0,1,3.421856875567697e+20,37412548.43295357,305021475744568.94,11403852.81278432,1.7112334592595932e+20,8661427.607204583,1.4806573744863272e-08,0,0,1,0.0,0.0,0
427,196200000.0,1,0.0,10183228.355596915,18547061744,94.53926658077421,420.0,1,3.439934993430032e+20,37056900.933352396,300412277929399.75,11346916.313622301,1.7202679089929454e+20,8661427.607204583,1.4806573744863272e-08,0,0,1,0.0,0.0,0
428,196200000.0,1,0.0,10210069.418475134,18595861744,94.53660788477269,420.0,1,3.458060740092367e+20,36701253.43375123,295861486698598.8,11289979.814460283,1.729326231532882e+20,8661427.607204583,1.4806573744863272e-08,0,0,1,0.0,0.0,0
429,196200000.0,1,0.0,10236910.480722032,18644661744,94.53409587564931,420.0,1,3.4762341155547015e+20,36345605.93415006,291369102052166.0,11233043.315298265,1.738408426879403e+20,8661427.607204583,1.4806573744863272e-08,0,0,1,0.0,0.0,0
430,196200000.0,1,0.0,10263751.542358654,18693461744,94.5317178352396,420.0,1,3.494455119817036e+20,35989958.4345489,286935123990101.5,11176106.816136247,1.747514495032508e+20,8661427.607204583,1.4806573744863272e-08,0,0,1,0.0,0.0,0
431,196200000.0,1,0.0,10290592.603405342,18742261744,94.52946254874446,420.0,1,3.512723752879371e+20,35634310.93494773,282559552512405.1,11119170.316974228,1.756644435992198e+20,8661427.607204583,1.573789631947875e-08,0,0,1,0.0,0.0,0
432,196200000.0,1,0.0,10317433.663881756,18791061744,94.52732008430537,420.0,1,3.531040014741706e+20,35278663.435346566,278242387619077.03,11062233.81781221,1.765798249758472e+20,8661427.607204583,1.573789631947875e-08,0,0,1,0.0,0.0,0
433,196200000.0,1,0.0,10342266.424046671,18839861744,94.52531854344558,420.0,1,3.549403905404041e+20,34941090.63358753,274381790852214.2,11023372.01649233,1.774976334492873e+20,8589128.815836025,1.8888385966420174e-08,0,0,1,0.0,0.0,0
434,196200000.0,1,0.0,10367261.196292417,18888661744,94.52341148118171,420.0,1,3.567815424866376e+20,34602059.71830505,270547320981306.66,10984510.21517245,1.7841782597541695e+20,8594961.269929849,1.4821125660091639e-08,0,0,1,0.0,0.0,0
435,196200000.0,1,0.0,10392255.968023041,18937461744,94.52159263782053,420.0,1,3.586274573128711e+20,34263028.80302256,266768357509455.0,10945648.413852569,1.7934040549218648e+20,8594961.269929849,1.3496901374310255e-08,0,0,1,0.0,0.0,0
436,196200000.0,1,0.0,10417250.739255711,18986261744,94.51985568905161,420.0,1,3.604781350191046e+20,33923997.88774008,263044900436659.28,10906786.612532688,1.8026537199959595e+20,8594961.269929849,1.3496901374310255e-08,0,0,1,0.0,0.0,0
437,196200000.0,1,0.0,10442094.138362933,19035061744,94.5182271691903,420.0,1,3.6233357560533805e+20,33584966.972457595,259376949762919.4,10867924.811212808,1.811927254976453e+20,8594961.269929849,1.3496901374310255e-08,0,0,1,0.0,0.0,0
438,196200000.0,1,0.0,10465197.378479486,19083861744,94.51673596706891,420.0,1,3.641937790715715e+20,33258988.423434094,256010386649601.1,10829063.009892927,1.8212249057445072e+20,8542751.804893931,9.64064383879304e-09,0,0,1,0.0,0.0,0
439,196200000.0,1,0.0,10488353.326214159,19132661744,94.5153164870001,420.0,1,3.66058745417805e+20,32931978.987294067,252686501347316.6,10790201.208573047,1.8305464135903724e+20,8546875.353360012,6.337359081953764e-09,0,0,1,0.0,0.0,0
440,196200000.0,1,0.0,10511449.49973383,19181461744,94.51396542322394,420.0,1,3.6792847464403855e+20,32604969.55115404,249413498041569.78,10751339.407253167,1.8398917867182342e+20,8546875.353360012,6.337359081953764e-09,0,0,1,0.0,0.0,0
441,196200000.0,1,0.0,10534487.891512334,19230261744,94.51267803695346,420.0,1,3.69802966750272e+20,32277960.115014017,246191376732360.66,10712477.605933286,1.8492610251280925e+20,8546875.353360012,6.337359081953764e-09,0,0,1,0.0,0.0,0
442,196200000.0,1,0.0,10556421.759014562,19279061744,94.51146725021185,420.0,1,3.716822217365055e+20,31960388.696212344,243092867431988.56,10673615.804613406,1.8586542015499597e+20,8509123.284006594,9.204086381942034e-09,0,0,1,0.0,0.0,0
443,196200000.0,1,0.0,10578829.58300475,19327861744,94.51030226713807,420.0,1,3.73566239602739e+20,31636486.816805005,240019135454104.62,10634754.003293525,1.8680712171491492e+20,8534445.126429273,9.204086381942034e-09,0,0,1,0.0,0.0,0
444,196200000.0,1,0.0,10601185.212962149,19376661744,94.50918934543901,420.0,1,3.7545502034897247e+20,31312584.937397663,236997452085317.3,10595892.201973645,1.8775120991969477e+20,8534445.126429273,9.204086381942034e-09,0,0,1,0.0,0.0,0
445,196200000.0,1,0.0,10622221.970073849,19425461744,94.50814735893472,420.0,1,3.7734856397520595e+20,31003904.081358362,234083667627403.44,10557030.400653765,1.8869769035436573e+20,8473561.032957125,5.769834388047457e-09,0,0,1,0.0,0.0,0
446,196200000.0,1,0.0,10643206.228487195,19474261744,94.5071506187134,420.0,1,3.792468704814394e+20,30695267.940611586,231217591027598.2,10518168.599333884,1.8964655699982248e+20,8473382.171787003,7.865310180932283e-09,0,0,1,0.0,0.0,0
447,196200000.0,1,0.0,10664143.340224035,19523061744,94.50619635448061,420.0,1,3.81149939867673e+20,30386631.799864814,228399051605385.38,10479306.798014004,1.90597809838997e+20,8473382.171787003,7.865310180932283e-09,0,0,1,0.0,0.0,0
448,196200000.0,1,0.0,10685034.876840249,19571861744,94.50528208428302,420.0,1,3.8305777213390645e+20,30077995.65911804,225628049360765.0,10440444.996694123,1.915514488718893e+20,8473382.171787003,7.472408469766378e-09,0,0,1,0.0,0.0,0
449,196200000.0,1,0.0,10705882.357506523,19620661744,94.50440552618412,420.0,1,3.849703672801399e+20,29769359.51837127,222904584293737.06,10401583.195374243,1.9250747409849932e+20,8473382.171787003,7.472408469766378e-09,0,0,1,0.0,0.0,0
450,196200000.0,1,0.0,10726687.25075453,19669461744,94.50356457857474,420.0,1,3.868877253063734e+20,29460723.377624497,220228656404301.56,10362721.394054363,1.9346588551882713e+20,8473382.171787003,7.472408469766378e-09,0,0,1,0.0,0.0,0
451,196200000.0,1,0.0,10747492.738191223,19718261744,94.5027566284094,420.0,1,3.888098462126069e+20,29151586.092561495,217598817875761.34,10323859.592734482,1.94426682988091e+20,8475386.749051921,6.5410858951509e-09,0,0,1,0.0,0.0,0
452,196200000.0,1,0.0,10768258.43005151,19767061744,94.50198057614594,420.0,1,3.9073672999884037e+20,28842448.807498492,215016649827893.28,10284997.791414602,1.9538986666440298e+20,8475386.749051921,6.5410858951509e-09,0,0,1,0.0,0.0,0
453,196200000.0,1,0.0,10788985.652854597,19815861744,94.50123476398379,420.0,1,3.9266837666507384e+20,28533311.522435486,212482152260697.34,10246135.990094721,1.9635543654776298e+20,8475386.749051921,6.5410858951509e-09,0,0,1,0.0,0.0,0
454,196200000.0,1,0.0,10809675.6889024,19864661744,94.50051765581077,420.0,1,3.946047862113074e+20,28224174.237372484,209995325174173.53,10207274.18877484,1.9732339263817112e+20,8475386.749051921,6.5410858951509e-09,0,0,1,0.0,0.0,0
455,196200000.0,1,0.0,10830329.777753422,19913461744,94.49982782634535,420.0,1,3.965459586375409e+20,27993510.951077934,207550010399839.12,10168412.38745496,1.982937343198104e+20,8475386.749051921,6.5410858951509e-09,0,0,1,0.0,0.0,0
456,196200000.0,1,0.0,10850949.117647564,19962261744,94.49916395143282,420.0,1,3.9849189394377435e+20,27786717.416014932,205131987384872.62,10129550.58613508,1.9926646017062565e+20,8475386.749051921,6.5410858951509e-09,0,0,1,0.0,0.0,0
457,196200000.0,1,0.0,10871534.866883377,20011061744,94.49852479935372,420.0,1,4.004425921300078e+20,27579923.88095193,202740686364250.1,10090688.7848152,2.0024157013364035e+20,8475386.749051921,6.5410858951509e-09,0,0,1,0.0,0.0,0
458,196200000.0,1,0.0,10890683.335634205,20059861744,94.49791786070459,420.0,1,4.023980531962413e+20,27385773.63152642,200573961823952.28,10051826.98349532,2.0121908399430304e+20,8424813.606501939,9.45146894082427e-09,0,0,1,0.0,0.0,0
459,196200000.0,1,0.0,10909800.415780973,20108661744,94.4973336270964,420.0,1,4.043582771424748e+20,27191623.382100914,198430014272669.22,10012965.182175439,2.0219898157266466e+20,8424813.606501939,9.45146894082427e-09,0,0,1,0.0,0.0,0
460,196200000.0,1,0.0,10928887.153610492,20157461744,94.49677110657298,420.0,1,4.0632326396870826e+20,26997473.132675406,196308843710400.94,9974103.380855558,2.0318126286872517e+20,8424813.606501939,9.45146894082427e-09,0,0,1,0.0,0.0,0
461,196200000.0,1,0.0,10947944.560533332,20206261744,94.49622937302969,420.0,1,4.082930136749418e+20,26803322.883249898,194210450137147.44,9935241.579535678,2.041659278824846e+20,8424813.606501939,9.45146894082427e-09,0,0,1,0.0,0.0,0
462,196200000.0,1,0.0,10966973.614246381,20255061744,94.4957075610741,420.0,1,4.102675262611753e+20,26609172.63382439,192134833552908.72,9896379.778215798,2.0515297661394292e+20,8424813.606501939,9.45146894082427e-09,0,0,1,0.0,0.0,0
463,196200000.0,1,0.0,10984351.476993715,20303861744,94.49540120189023,420.0,1,4.1224680172740877e+20,26415022.384398885,190081993957684.8,9857517.976895917,2.0614240906310015e+20,8424813.606501939,9.45146894082427e-09,0,0,1,0.0,0.0,0
464,196200000.0,1,0.0,10999807.982209291,20352661744,94.49533505374727,420.0,1,4.1423084007364225e+20,26220872.134973377,188051931351475.66,9818656.175576037,2.071342252299563e+20,8424813.606501939,9.45146894082427e-09,0,0,1,0.0,0.0,0
465,196200000.0,1,0.0,11015261.401540503,20401461744,94.49527422289661,420.0,1,4.162196412998757e+20,26026721.88554787,186044645734281.3,9779794.374256156,2.0812842511451128e+20,8424813.606501939,9.45146894082427e-09,0,0,1,0.0,0.0,0
466,196200000.0,1,0.0,11030894.67560989,20450261744,94.49521729528921,420.0,1,4.182132054061092e+20,25830926.09628488,184036255343591.72,9740932.572936276,2.0912500632858896e+20,8431395.765851863,1.1823431123048067e-08,0,0,1,0.0,0.0,0
467,196200000.0,1,0.0,11046525.066091772,20499061744,94.49516532622124,420.0,1,4.202115323923427e+20,25635130.307021894,182051119194961.28,9702070.771616396,2.1012397130809085e+20,8431395.765851863,1.1823431123048067e-08,0,0,1,0.0,0.0,0
468,196200000.0,1,0.0,11063776.560547002,20547861744,94.49510166156934,420.0,1,4.222146222585762e+20,25439334.517758906,180089237288390.0,9663208.970296515,2.1112532005301695e+20,8509342.555032106,1.1910742614418268e-08,0,0,1,0.0,0.0,0
469,196200000.0,1,0.0,11081025.360449908,20596661744,94.49504245488369,420.0,1,4.242224750048097e+20,25243538.72849592,178150609623877.9,9624347.168976635,2.1212905256336723e+20,8509342.555032106,1.1910742614418268e-08,0,0,1,0.0,0.0,0
470,196200000.0,1,0.0,11098277.440885061,20645461744,94.49498750941333,420.0,1,4.262350906310432e+20,25047672.3163805,176235211331615.66,9585485.367656754,2.1313516883665476e+20,8509625.046441812,1.2536474969238043e-08,0,0,1,0.0,0.0,0
471,196200000.0,1,0.0,11115527.003410766,20694261744,94.49493679206213,420.0,1,4.2825246913727667e+20,24851805.904265087,174343086147693.22,9546623.566336874,2.141436688772531e+20,8509625.046441812,1.2536474969238043e-08,0,0,1,0.0,0.0,0
472,196200000.0,1,0.0,11132774.131957348,20743061744,94.49489020316501,420.0,1,4.3027461052351015e+20,24655939.492149673,172474234072110.62,9507761.765016994,2.151545526851623e+20,8509625.046441812,1.2536474969238043e-08,0,0,1,0.0,0.0,0
473,196200000.0,1,0.0,11150018.907657437,20791861744,94.49484765295033,420.0,1,4.323015147897436e+20,24484593.624196332,170628053847781.88,9468899.963697113,2.161678202002566e+20,8509625.046441812,1.2536474969238043e-08,0,0,1,0.0,0.0,0
474,196200000.0,1,0.0,11167261.40893925,20840661744,94.49480906094914,420.0,1,4.343331819359771e+20,24355547.753349066,168798006052077.4,9430038.162377233,2.1718347076859376e+20,8509625.046441812,1.2536474969238043e-08,0,0,1,0.0,0.0,0
475,196200000.0,1,0.0,11183652.46494984,20889461744,94.49478531644262,420.0,1,4.3636961196221065e+20,24234145.102503825,167125917468064.84,9398819.58105938,2.1820151857285212e+20,8479052.166433703,9.888026397675276e-09,0,0,1,0.0,0.0,0
476,196200000.0,1,0.0,11200041.395642912,20938261744,94.49476524190186,420.0,1,4.384108048684441e+20,24112742.451658588,165467100743356.72,9367600.999741526,2.192219491442964e+20,8479052.166433703,9.888026397675276e-09,0,0,1,0.0,0.0,0
477,196200000.0,1,0.0,11216428.271862376,20987061744,94.49474878412744,420.0,1,4.404567606546776e+20,23991339.800813347,163821555877953.06,9336382.418423673,2.202447624829266e+20,8479052.166433703,9.888026397675276e-09,0,0,1,0.0,0.0,0
478,196200000.0,1,0.0,11232997.164689837,21035861744,94.49473589729517,420.0,1,4.425074793209111e+20,23869937.14996811,162189282871853.88,9305163.83710582,2.2126995858874273e+20,8492300.353572132,9.138602763414383e-09,0,0,1,0.0,0.0,0
479,196200000.0,1,0.0,11249564.137725852,21084661744,94.49472654258908,420.0,1,4.4456296086714456e+20,23748534.49912287,160570281725059.12,9273945.255787967,2.222975374617448e+20,8492300.353572132,9.138602763414383e-09,0,0,1,0.0,0.0,0
480,196200000.0,1,0.0,11266129.254963472,21133461744,94.49472068786922,420.0,1,4.4662320529337804e+20,23627131.848277632,158964552437568.84,9242726.674470114,2.2332749910193278e+20,8492300.353572132,9.138602763414383e-09,0,0,1,0.0,0.0,0
481,196200000.0,1,0.0,11282692.578262636,21182261744,94.49471830737227,420.0,1,4.486882125996115e+20,23505729.19743239,157372095009383.0,9211508.09315226,2.243598435093067e+20,8492300.353572132,9.138602763414383e-09,0,0,1,0.0,0.0,0
482,196200000.0,1,0.0,11299254.167421306,21231061744,94.49471938144254,420.0,1,4.507579827858451e+20,23384326.546587154,155792909440501.6,9180289.511834407,2.2539457068386658e+20,8492300.353572132,9.138602763414383e-09,0,0,1,0.0,0.0,0
483,196200000.0,1,0.0,11317525.617579946,21279861744,94.49472379226778,420.0,1,4.5283251585207855e+20,23242175.482396897,153978068348804.3,9149070.930516554,2.2643165573287415e+20,8575294.006952198,9.094947017729282e-09,0,0,1,0.0,0.0,0
484,196200000.0,1,0.0,11332695.642883098,21328661744,94.49480581178288,420.0,1,4.54911811798312e+20,23100024.418206643,152183446020566.5,9117852.3491987,2.2747112424375806e+20,8514574.642626727,9.764335118234158e-09,0,0,1,0.0,0.0,0
485,196200000.0,1,0.0,11347883.186190857,21377461744,94.49488964157983,420.0,1,4.569958706245455e+20,22957873.354016386,150409042455788.16,9086633.767880848,2.2851297621651833e+20,8514574.642626727,9.764335118234158e-09,0,0,1,0.0,0.0,0
486,196200000.0,1,0.0,11363084.339592557,21426261744,94.49497532076577,420.0,1,4.59084692330779e+20,22815752.205620833,148655199060391.47,9055415.186562994,2.2955721168529552e+20,8514454.979447927,1.0462827049195766e-08,0,0,1,0.0,0.0,0
487,196200000.0,1,0.0,11378301.862596344,21475061744,94.49506283342775,420.0,1,4.6117827691701246e+20,22673631.057225276,146921563172541.97,9024196.605245141,2.306038306148235e+20,8514454.979447927,1.0462827049195766e-08,0,0,1,0.0,0.0,0
488,196200000.0,1,0.0,11393535.20954882,21523861744,94.49515219611735,420.0,1,4.6327662438324594e+20,22531509.908829723,145208134792239.72,8992978.023927288,2.316528330051022e+20,8514454.979447927,1.0462827049195766e-08,0,0,1,0.0,0.0,0
489,196200000.0,1,0.0,11408929.768330371,21572661744,94.49524342872,420.0,1,4.653797347294795e+20,22389388.760434166,143514913919484.7,8961759.442609435,2.327042188561317e+20,8524960.884313144,9.051291272044182e-09,0,0,1,0.0,0.0,0
490,196200000.0,1,0.0,11426623.68437651,21621461744,94.49530968487568,420.0,1,4.6748760795571297e+20,22226706.47606579,141475079184669.66,8909979.72531876,2.3375795148577495e+20,8607205.428204436,9.70612745732069e-09,0,0,1,0.0,0.0,0
491,196200000.0,1,0.0,11444332.170654409,21670261744,94.49537828083801,420.0,1,4.6960024406194645e+20,22064024.19169741,139458865036008.27,8858200.008028084,2.3481406791747682e+20,8607218.70104547,8.949427865445614e-09,0,0,1,0.0,0.0,0
492,196200000.0,1,0.0,11462054.47418941,21719061744,94.49544924127925,420.0,1,4.717176430481799e+20,21901341.907329034,137466271473500.48,8806420.29073741,2.3587256815123733e+20,8607218.70104547,8.949427865445614e-09,0,0,1,0.0,0.0,0
493,196200000.0,1,0.0,11480097.038950674,21767861744,94.49553118929587,420.0,1,4.738398049144134e+20,21744324.423797578,135531298856994.67,8754640.573446734,2.369334555870924e+20,8651975.031590264,7.436028681695461e-09,0,0,1,0.0,0.0,0
494,196200000.0,1,0.0,11498593.751657072,21816661744,94.49561550415977,420.0,1,4.759667296606469e+20,21587306.940266117,133619629103034.06,8702860.856156059,2.3799672679323376e+20,8683744.05858188,7.07223080098629e-09,0,0,1,0.0,0.0,0
495,196200000.0,1,0.0,11517102.945440628,21865461744,94.49570221653458,420.0,1,4.7809841728688036e+20,21430289.456734657,131731262211618.67,8651081.138865383,2.3906238176966135e+20,8683744.05858188,7.07223080098629e-09,0,0,1,0.0,0.0,0
496,196200000.0,1,0.0,11534679.914712695,21914261744,94.49580304893857,420.0,1,4.802348677931139e+20,21273271.973203197,129866198182748.48,8599301.421574708,2.4013042051637523e+20,8638606.135652563,8.003553375601768e-09,0,0,1,0.0,0.0,0
497,196200000.0,1,0.0,11552268.54685798,21963061744,94.49590657053855,420.0,1,4.823760811793474e+20,21116254.489671737,128024437016423.52,8547521.704284033,2.4120084303337534e+20,8638606.135652563,8.003553375601768e-09,0,0,1,0.0,0.0,0
498,196200000.0,1,0.0,11569868.45311404,22011861744,94.49601282509059,420.0,1,4.8452205744558087e+20,20959237.006140277,126205978712643.77,8495741.986993358,2.422736493206617e+20,8638606.135652563,8.003553375601768e-09,0,0,1,0.0,0.0,0
499,196200000.0,1,0.0,11588439.808810772,22060661744,94.4960879944019,420.0,1,4.8667279659181434e+20,20802212.720536012,124410708398563.27,8443955.467629878,2.4334883936674703e+20,8638633.343943778,1.1059455573558807e-08,0,0,1,0.0,0.0,0
500,196200000.0,1,0.0,11608467.363936933,22109461744,94.49611331858905,420.0,1,4.888282986180478e+20,20645188.434931748,122638742355958.12,8392168.948266398,2.444264131832595e+20,8637747.350930804,1.1481461115181446e-08,0,0,1,0.0,0.0,0
501,196200000.0,1,0.0,11628573.84548715,22158261744,94.4961404255258,420.0,1,4.909885635242813e+20,20494590.01930723,120945325302848.11,8340382.4289029185,2.4550637629467093e+20,8654287.747265285,8.425558917224407e-09,0,0,1,0.0,0.0,0
502,196200000.0,1,0.0,11648707.098953364,22207061744,94.49616799886483,420.0,1,4.931535913105148e+20,20343991.60368271,119272877735416.81,8288595.909539439,2.4658872294303092e+20,8654287.747265285,8.425558917224407e-09,0,0,1,0.0,0.0,0
503,196200000.0,1,0.0,11668866.231938375,22255861744,94.4961960587968,420.0,1,4.953233819767483e+20,20193393.18805819,117621399653664.22,8236809.390175959,2.4767345312833952e+20,8654287.747265285,8.425558917224407e-09,0,0,1,0.0,0.0,0
504,196200000.0,1,0.0,11689049.938698225,22304661744,94.49622462612659,420.0,1,4.974979355229818e+20,20042794.772433672,115990891057590.34,8185022.870812479,2.4876056685059667e+20,8654255.84454538,5.980837158858776e-09,0,0,1,0.0,0.0,0
505,196200000.0,1,0.0,11709713.216797758,22353461744,94.49625372222057,420.0,1,4.996772519492153e+20,19892196.35680921,114381351947195.61,8133236.351449,2.4985006410980236e+20,8687043.8069779,9.124050848186016e-09,0,0,1,0.0,0.0,0
506,196200000.0,1,0.0,11730911.143459138,22402261744,94.49627821787416,420.0,1,5.0186133125544876e+20,19736996.495989434,112718430798775.45,8076848.386890207,2.5094193747080426e+20,8705449.58775915,7.334165275096893e-09,0,0,1,0.0,0.0,0
507,196200000.0,1,0.0,11752131.66776488,22451061744,94.49630338447078,420.0,1,5.0405017344168224e+20,19581796.635169663,111077474653952.56,8020460.422331415,2.5203619446830652e+20,8705449.58775915,7.334165275096893e-09,0,0,1,0.0,0.0,0
508,196200000.0,1,0.0,11773374.036460176,22499861744,94.49632924270917,420.0,1,5.062437785079157e+20,19426596.774349887,109458483512726.97,7964072.457772623,2.5313283510230912e+20,8705449.58775915,7.334165275096893e-09,0,0,1,0.0,0.0,0
509,196200000.0,1,0.0,11794637.521398703,22548661744,94.49635581374037,420.0,1,5.084421464541493e+20,19271396.91353011,107861457375098.67,7907684.4932138305,2.5423185937281214e+20,8705449.58775915,7.334165275096893e-09,0,0,1,0.0,0.0,0
510,196200000.0,1,0.0,11815921.41870569,22597461744,94.49638311913621,420.0,1,5.1064527728038275e+20,19116197.052710336,106286396241067.64,7851296.528655038,2.5533326727981548e+20,8705449.58775915,7.334165275096893e-09,0,0,1,0.0,0.0,0
511,196200000.0,1,0.0,11838341.434864556,22646261744,94.49640830862424,420.0,1,5.128531709866162e+20,18947600.54914213,104641696338245.0,7794908.564096246,2.5643704966294192e+20,8759036.158752888,6.897607818245888e-09,0,0,1,0.0,0.0,0
512,196200000.0,1,0.0,11860780.525247727,22695061744,94.49643426449188,420.0,1,5.150658275728497e+20,18779004.04557392,103024015766362.03,7738520.599537454,2.575432161880015e+20,8759036.158752888,6.897607818245888e-09,0,0,1,0.0,0.0,0
513,196200000.0,1,0.0,11885376.58319881,22743861744,94.49643313547804,420.0,1,5.172832470390832e+20,18591160.779645912,101326710516754.75,7682132.634978661,2.5865175619059325e+20,8836023.208192075,6.897607818245888e-09,0,0,1,0.0,0.0,0
514,196200000.0,1,0.0,11909990.464952832,22792661744,94.49643305117756,420.0,1,5.1950542938531666e+20,18403317.51371791,99658026915355.83,7625744.670419869,2.5976268049534986e+20,8836023.208192075,6.897607818245888e-09,0,0,1,0.0,0.0,0
515,196200000.0,1,0.0,11934621.576383017,22841461744,94.49643403252449,420.0,1,5.2173237461155014e+20,18215474.2477899,98017964962165.25,7569356.705861077,2.608759891022713e+20,8836023.208192075,6.897607818245888e-09,0,0,1,0.0,0.0,0
516,196200000.0,1,0.0,11958726.73345548,22890261744,94.49645596323755,420.0,1,5.239640827177837e+20,18027630.981861897,96406524657183.03,7512968.741302284,2.6199168201135758e+20,8836023.208192075,5.093170329928398e-09,0,0,1,0.0,0.0,0
517,196200000.0,1,0.0,11982232.259752676,22939061744,94.49652694513891,420.0,1,5.2620055370401717e+20,17839787.71593389,94823706000409.14,7456580.776743492,2.6310975922260863e+20,8886654.282848248,5.1513779908418655e-09,0,0,1,0.0,0.0,0
518,196200000.0,1,0.0,12005692.891637601,22987861744,94.49659817832583,420.0,1,5.2844178757025065e+20,17651944.450005885,93269508991843.6,7400192.8121847,2.642302207360245e+20,8881592.790533219,7.62520357966423e-09,0,0,1,0.0,0.0,0
519,196200000.0,1,0.0,12029178.080811568,23036661744,94.49666970281059,420.0,1,5.306877843164841e+20,17464101.184077878,91743933631486.4,7343804.8476259075,2.653530665516052e+20,8881592.790533219,7.62520357966423e-09,0,0,1,0.0,0.0,0
520,196200000.0,1,0.0,12052687.008698268,23085461744,94.49674155850307,420.0,1,5.329385439427176e+20,17276257.918149874,90246979919337.56,7287416.883067115,2.6647829666935072e+20,8881592.790533219,7.62520357966423e-09,0,0,1,0.0,0.0,0
521,196200000.0,1,0.0,12076218.884007283,23134261744,94.4968137852175,420.0,1,5.351940664489511e+20,17088414.652221866,88778647855397.06,7231028.918508323,2.676059110892611e+20,8881592.790533219,7.62520357966423e-09,0,0,1,0.0,0.0,0
522,196200000.0,1,0.0,12099772.94182453,23183061744,94.49688642268133,420.0,1,5.3745435183518456e+20,16900571.386293862,87338937439664.9,7174640.953949531,2.6873590981133625e+20,8881592.790533219,7.62520357966423e-09,0,0,1,0.0,0.0,0
523,196200000.0,1,0.0,12123348.442733075,23231861744,94.49695951054572,420.0,1,5.397194001014181e+20,16712728.120365854,85927848672141.1,7118252.989390738,2.6986829283557628e+20,8881592.790533219,7.62520357966423e-09,0,0,1,0.0,0.0,0
524,196200000.0,1,0.0,12146944.671963204,23280661744,94.49703308839779,420.0,1,5.419892112476516e+20,16524884.854437849,84545381552825.64,7061865.024831946,2.710030601619811e+20,8881592.790533219,7.62520357966423e-09,0,0,1,0.0,0.0,0
525,196200000.0,1,0.0,12170560.938570863,23329461744,94.49710719577449,420.0,1,5.4426378527388507e+20,16337041.588509843,83191536081718.52,7005477.060273154,2.721402117905507e+20,8881592.790533219,7.62520357966423e-09,0,0,1,0.0,0.0,0
526,196200000.0,1,0.0,12193036.281544777,23378261744,94.49718187217813,420.0,1,5.4654312218011854e+20,16149198.322581837,81866312258819.75,6949089.095714361,2.7327974772128514e+20,8798051.687427413,6.577465683221817e-09,0,0,1,0.0,0.0,0
527,196200000.0,1,0.0,12215530.348334808,23427061744,94.497257157093,420.0,1,5.48827221966352e+20,15961355.056653831,80569710084129.33,6892701.131155569,2.7442166795418442e+20,8798051.687427413,7.508788257837296e-09,0,0,1,0.0,0.0,0
528,196200000.0,1,0.0,12238042.514813747,23475861744,94.49733309000374,420.0,1,5.511160846325855e+20,15773511.790725825,79301729557647.25,6836313.166596777,2.755659724892485e+20,8798051.687427413,6.577465683221817e-09,0,0,1,0.0,0.0,0
529,196200000.0,1,0.0,12260572.177658636,23524661744,94.4974097104148,420.0,1,5.53409710178819e+20,15585668.52479782,78062370679373.52,6779925.2020379845,2.7671266132647743e+20,8798051.687427413,6.577465683221817e-09,0,0,1,0.0,0.0,0
530,196200000.0,1,0.0,12283118.753657276,23573461744,94.49748705787124,420.0,1,5.557080986050525e+20,15397825.258869814,76851633449308.14,6723537.237479192,2.778617344658712e+20,8798051.687427413,6.577465683221817e-09,0,0,1,0.0,0.0,0
531,196200000.0,1,0.0,12305681.679037875,23622261744,94.49756517198077,420.0,1,5.58011249911286e+20,15209981.992941808,75669517867451.1,6667149.2729204,2.7901319190742974e+20,8798051.687427413,7.508788257837296e-09,0,0,1,0.0,0.0,0
532,196200000.0,1,0.0,12328260.408821033,23671061744,94.49764409243687,420.0,1,5.603191640975195e+20,15022138.727013802,74516023933802.4,6610761.308361608,2.801670336511531e+20,8798051.687427413,6.577465683221817e-09,0,0,1,0.0,0.0,0
533,196200000.0,1,0.0,12349623.21172967,23719861744,94.49772714254748,420.0,1,5.6263184116375296e+20,14849069.914649718,73426526902372.25,6554373.343802815,2.8132326323456672e+20,8738953.873171732,6.577465683221817e-09,0,0,1,0.0,0.0,0
534,196200000.0,1,0.0,12371092.150930332,23768661744,94.49781084891671,420.0,1,5.6494928110998644e+20,14674904.686815394,72357666997525.14,6497985.379244023,2.8248187632169298e+20,8743339.53505268,6.810296326875687e-09,0,0,1,0.0,0.0,0
535,196200000.0,1,0.0,12392575.366189223,23817461744,94.49789549485092,420.0,1,5.672714839362199e+20,14500739.458981073,71312275945699.16,6441597.414685231,2.8364287319570452e+20,8743339.535049576,5.587935447692871e-09,0,0,1,0.0,0.0,0
536,196200000.0,1,0.0,12414113.450936116,23866261744,94.49798101021761,420.0,1,5.695984496424534e+20,14326081.399567,70289424962409.836,6385209.450126438,2.8480625376372294e+20,8745310.861368572,5.3551048040390015e-09,0,0,1,0.0,0.0,0
537,196200000.0,1,0.0,12435664.875866372,23915061744,94.49806754548361,420.0,1,5.7193017822868695e+20,14151423.340152929,69290215495650.53,6328821.485567646,2.8597201813589305e+20,8745310.861368572,5.3551048040390015e-09,0,0,1,0.0,0.0,0
538,196200000.0,1,0.0,12457229.196307218,23963861744,94.49815514147122,420.0,1,5.742666696949204e+20,13976765.280738857,68314647545421.26,6272433.521008854,2.8714016631221476e+20,8745310.861368572,5.3551048040390015e-09,0,0,1,0.0,0.0,0
539,196200000.0,1,0.0,12478805.98240829,24012661744,94.4982438392822,420.0,1,5.766079240411539e+20,13802107.221324785,67362721111722.0,6216045.5564500615,2.8831069829268813e+20,8745310.861368572,5.3551048040390015e-09,0,0,1,0.0,0.0,0
540,196200000.0,1,0.0,12500466.08356353,24061461744,94.49833368032974,420.0,1,5.789539412673874e+20,13626593.982919428,66423901706351.71,6158802.412899986,2.8948361302386432e+20,8748731.577333705,3.434251993894577e-09,0,0,1,0.0,0.0,0
541,196200000.0,1,0.0,12522142.812719753,24110261744,94.4984246927926,420.0,1,5.8130472137362086e+20,13451020.99010568,65508858072588.44,6101559.26934991,2.906589115726177e+20,8748970.594967289,8.891220204532146e-09,0,0,1,0.0,0.0,0
542,196200000.0,1,0.0,12543806.645179512,24159061744,94.49851693231187,420.0,1,5.8366026435985434e+20,13275447.997291928,64617671306219.63,6044316.125799835,2.9183659394705778e+20,8747231.299521986,9.19681042432785e-09,0,0,1,0.0,0.0,0
543,196200000.0,1,0.0,12565481.362484496,24207861744,94.4986104414371,420.0,1,5.860205702260878e+20,13099875.004478177,63750341407245.305,5987072.982249759,2.9301666014718463e+20,8747231.299521986,9.19681042432785e-09,0,0,1,0.0,0.0,0
544,196200000.0,1,0.0,12587166.601806538,24256661744,94.49870526316788,420.0,1,5.8838563897232137e+20,12924302.011664426,62906868375665.45,5929829.838699684,2.9419911017299824e+20,8747231.299521986,9.19681042432785e-09,0,0,1,0.0,0.0,0
545,196200000.0,1,0.0,12608716.09706638,24305461744,94.49880144099167,420.0,1,5.907554705985548e+20,12748729.018850675,62087252211480.08,5872586.695149608,2.953839440244986e+20,8736725.394656768,8.833012543618679e-09,0,0,1,0.0,0.0,0
546,196200000.0,1,0.0,12630490.483037036,24354261744,94.4988941946951,420.0,1,5.931300651047883e+20,12573156.026036924,61291492914689.17,5815343.551599532,2.965711617016856e+20,8747048.201237636,8.833012543618679e-09,0,0,1,0.0,0.0,0
547,196200000.0,1,0.0,12652274.373506729,24403061744,94.49898825899842,420.0,1,5.955094224910217e+20,12422126.604695866,60518988098392.11,5758100.408049457,2.977607631443207e+20,8747048.201237636,8.833012543618679e-09,0,0,1,0.0,0.0,0
548,196200000.0,1,0.0,12674067.451658823,24451861744,94.4990836748676,420.0,1,5.978935427572553e+20,12334447.264299572,59758902793974.664,5700857.264499381,2.989527472689071e+20,8747048.201237636,8.833012543618679e-09,0,0,1,0.0,0.0,0
549,196200000.0,1,0.0,12695869.411218824,24500661744,94.49918048376078,420.0,1,6.002824259034888e+20,12246767.924124219,59007223771174.93,5643614.121170245,3.0014711367412154e+20,8747048.200353878,8.833012543618679e-09,0,0,1,0.0,0.0,0
550,196200000.0,1,0.0,12717679.956157599,24549461744,94.49927872766521,420.0,1,6.026760719297223e+20,12159088.583948864,58263951027448.516,5586370.977841109,3.013438623599639e+20,8747048.200353878,8.833012543618679e-09,0,0,1,0.0,0.0,0
551,196200000.0,1,0.0,12739498.800295861,24598261744,94.49937844913583,420.0,1,6.050744808359558e+20,12071409.243773509,57529084562795.42,5529127.834511973,3.0254299332643416e+20,8747048.200353878,8.833012543618679e-09,0,0,1,0.0,0.0,0
552,196200000.0,1,0.0,12761135.554535564,24647061744,94.49947969133447,420.0,1,6.074776526221893e+20,11986011.253094845,56827596144543.53,5474166.0406795265,3.037445090707091e+20,8737922.802367121,8.833012543618679e-09,0,0,1,0.0,0.0,0
553,196200000.0,1,0.0,12782780.063916119,24695861744,94.49958249807064,420.0,1,6.098855872884227e+20,11900613.262416178,56134002048011.125,5419204.24684708,3.0494840704441614e+20,8737922.80236713,1.0528310667723417e-08,0,0,1,0.0,0.0,0
554,196200000.0,1,0.0,12804432.069932828,24744661744,94.49968691384352,420.0,1,6.122982848346562e+20,11815215.271737514,55448302273198.195,5364242.453014634,3.061546872475554e+20,8737922.80236713,1.0528310667723417e-08,0,0,1,0.0,0.0,0
555,196200000.0,1,0.0,12826091.322697824,24793461744,94.49979298388519,420.0,1,6.147157452608897e+20,11729817.281058848,54770496820104.76,5309280.659182187,3.073633496801269e+20,8737922.80236713,1.0528310667723417e-08,0,0,1,0.0,0.0,0
556,196200000.0,1,0.0,12847729.739301924,24842261744,94.49990075420546,420.0,1,6.171379685671232e+20,11644419.290380184,54100585688730.805,5254318.865349741,3.0857439434213045e+20,8735918.225102212,1.3795215636491776e-08,0,0,1,0.0,0.0,0
557,196200000.0,1,0.0,12869374.927589696,24891061744,94.50001027163789,420.0,1,6.195649547533567e+20,11559021.29970152,53438568879076.33,5199357.071517294,3.0978782123356625e+20,8735918.225102212,1.3795215636491776e-08,0,0,1,0.0,0.0,0
558,196200000.0,1,0.0,12891026.661838356,24939861744,94.500121583888,420.0,1,6.219967038195901e+20,11473623.309022853,52784446391141.34,5144395.277684848,3.1100363035443416e+20,8735918.225102212,1.3795215636491776e-08,0,0,1,0.0,0.0,0
559,196200000.0,1,0.0,12912684.723849202,24988661744,94.50023473958207,420.0,1,6.244332157658236e+20,11388225.318344189,52138218224925.836,5089433.483852401,3.122218217047343e+20,8735918.225102212,1.3795215636491776e-08,0,0,1,0.0,0.0,0
560,196200000.0,1,0.0,12932939.06542256,25037461744,94.50034978831884,420.0,1,6.268744905920571e+20,11319745.3749568,51670517461030.664,5051389.737311231,3.1344241234777466e+20,8668246.035937106,1.7404090613126755e-08,0,0,1,0.0,0.0,0
561,196200000.0,1,0.0,12952510.70059861,25086261744,94.50046876531273,420.0,1,6.293205282982906e+20,11251265.43156941,51207564074594.19,5013345.990770061,3.1466538490555276e+20,8635192.30763969,1.5323166735470295e-08,0,0,1,0.0,0.0,0
562,196200000.0,1,0.0,12972088.05161881,25135061744,94.50058975011225,420.0,1,6.317713288845242e+20,11182785.488182021,50749358065616.42,4975302.24422889,3.1589073937806865e+20,8635192.30763969,1.5323166735470295e-08,0,0,1,0.0,0.0,0
563,196200000.0,1,0.0,12991670.927955022,25183861744,94.50071279564675,420.0,1,6.342268923507577e+20,11114305.544794632,50295899434097.35,4938040.061736021,3.171184757653222e+20,8635192.30763969,1.5323166735470295e-08,0,0,1,0.0,0.0,0
564,196200000.0,1,0.0,13011259.145430041,25232661744,94.5008379560426,420.0,1,6.366872186969911e+20,11045825.601407245,49847188180036.984,4938040.061736021,3.183485940673136e+20,8635192.30763969,1.5323166735470295e-08,0,0,1,0.0,0.0,0
565,196200000.0,1,0.0,13030869.20422311,25281461744,94.50096528668473,420.0,1,6.391523079232246e+20,10977345.658019856,49403224303435.31,4938040.061736021,3.1958109428404263e+20,8636393.139277674,1.2121745385229588e-08,0,0,1,0.0,0.0,0
566,196200000.0,1,0.0,13050484.254013665,25330261744,94.50109484428017,420.0,1,6.416221600294581e+20,10908865.714632466,48964007804292.34,4938040.061736021,3.208159764155095e+20,8636393.139277674,1.2121745385229588e-08,0,0,1,0.0,0.0,0
567,196200000.0,1,0.0,13070104.128435122,25379061744,94.5012266869247,420.0,1,6.440967750156916e+20,10840385.771245077,48529538682608.086,4938040.061736021,3.2205324046171406e+20,8636393.139277674,1.2121745385229588e-08,0,0,1,0.0,0.0,0
568,196200000.0,1,0.0,13089728.666666456,25427861744,94.50136087417174,420.0,1,6.46576152881925e+20,10771905.827857688,48099816938382.516,4938040.061736021,3.232928864226564e+20,8636393.139277674,1.2121745385229588e-08,0,0,1,0.0,0.0,0
569,196200000.0,1,0.0,13109215.281944964,25476661744,94.50149788938131,420.0,1,6.490602936281585e+20,10703425.884470299,47674842571615.66,4938040.061736021,3.2453491429833644e+20,8629556.436763888,9.138602763414383e-09,0,0,1,0.0,0.0,0
570,196200000.0,1,0.0,13128706.255294703,25525461744,94.50163737599982,420.0,1,6.51549197254392e+20,10634945.94108291,47254615582307.49,4938040.061736021,3.2577932408875424e+20,8629556.436763888,9.138602763414383e-09,0,0,1,0.0,0.0,0
571,196200000.0,1,0.0,13148201.441446625,25574261744,94.50177939842237,420.0,1,6.540428637606255e+20,10566465.99769552,46839135970458.03,4938040.061736021,3.270261157939098e+20,8629556.436763888,9.138602763414383e-09,0,0,1,0.0,0.0,0
572,196200000.0,1,0.0,13167700.699973999,25623061744,94.50192402280871,420.0,1,6.56541293146859e+20,10497986.054308131,46428403736067.27,4938040.061736021,3.282752894138031e+20,8629556.436763888,9.138602763414383e-09,0,0,1,0.0,0.0,0
573,196200000.0,1,0.0,13187203.894717468,25671861744,94.50207131716957,420.0,1,6.590444854130925e+20,10429506.110920742,46022418879135.22,4938040.061736021,3.295268449484341e+20,8629556.416915746,9.022187441587448e-09,0,0,1,0.0,0.0,0
574,196200000.0,1,0.0,13206663.122233922,25720661744,94.5022231167674,420.0,1,6.61552440559326e+20,10361026.167533353,45621181399661.86,4938040.061736021,3.3078078239780294e+20,8629556.416915746,9.022187441587448e-09,0,0,1,0.0,0.0,0
575,196200000.0,1,0.0,13225332.621943925,25769461744,94.50240696161552,420.0,1,6.640651585855594e+20,10292546.224145964,45224691297647.195,4938040.061736021,3.320371017619095e+20,8629556.416915746,9.022187441587448e-09,0,0,1,0.0,0.0,0
576,196200000.0,1,0.0,13244005.535233242,25818261744,94.50259353781341,420.0,1,6.66582639491793e+20,10224066.280758575,44832948573091.24,4938040.061736021,3.3329580304075384e+20,8629556.416915746,9.022187441587448e-09,0,0,1,0.0,0.0,0
577,196200000.0,1,0.0,13262681.748315897,25867061744,94.5027829227544,420.0,1,6.691048832780265e+20,10155586.337371185,44445953225993.99,4938040.061736021,3.345568862343359e+20,8629556.416915746,9.022187441587448e-09,0,0,1,0.0,0.0,0
578,196200000.0,1,0.0,13282413.587459022,25915861744,94.50286185963235,420.0,1,6.7163188994426e+20,10087106.393983796,44063705256355.44,4938040.061736021,3.3582035134265564e+20,8630237.923525669,1.04482751339674e-08,0,0,1,0.0,0.0,0
579,196200000.0,1,0.0,13302755.224442836,25964661744,94.50287533062728,420.0,1,6.741636594904935e+20,10018626.450596407,43686204664175.586,4938040.061736021,3.3708619836571314e+20,8630237.923679695,1.3227690942585468e-08,0,0,1,0.0,0.0,0
580,196200000.0,1,0.0,13323099.623492468,26013461744,94.50288877103934,420.0,1,6.76700191916727e+20,9950146.507209018,43313451449454.44,4938040.061736021,3.3835442730350844e+20,8630259.558180995,1.0739313438534737e-08,0,0,1,0.0,0.0,0
581,196200000.0,1,0.0,13343525.307412742,26062261744,94.50290218341924,420.0,1,6.792414872229604e+20,9881666.563821629,42945445612191.984,4938040.061736021,3.396250381560414e+20,8635940.74243738,1.0753865353763103e-08,0,0,1,0.0,0.0,0
582,196200000.0,1,0.0,13363442.211054325,26111061744,94.5029155702491,420.0,1,6.817875454091939e+20,9819319.58636989,42590329102908.23,4938040.061736021,3.408980317375072e+20,8611408.878694775,1.0477378964424133e-08,0,0,1,0.0,0.0,0
583,196200000.0,1,0.0,13383361.338237997,26159861744,94.50292893394418,420.0,1,6.843383664754274e+20,9756972.608918153,42239288540991.63,4938040.061736021,3.421734071665678e+20,8611408.878694775,1.0477378964424133e-08,0,0,1,0.0,0.0,0
584,196200000.0,1,0.0,13402766.830363818,26208661744,94.50294227685495,420.0,1,6.868939504216609e+20,9696037.944612328,41894072234269.195,4938040.061736021,3.4345116461805384e+20,8577097.022291798,1.1918018572032452e-08,0,0,1,0.0,0.0,0
585,196200000.0,1,0.0,13422699.511474911,26257461744,94.5029556012687,420.0,1,6.894542972478943e+20,9635103.280306501,41552798569080.76,4938040.061736021,3.4473130390380406e+20,8614905.028757984,1.4479155652225018e-08,0,0,1,0.0,0.0,0
586,196200000.0,1,0.0,13442634.201103339,26306261744,94.50296890941165,420.0,1,6.920194069541278e+20,9574168.616000675,41215467545426.32,4938040.061736021,3.4601382502381847e+20,8614905.028757984,1.4479155652225018e-08,0,0,1,0.0,0.0,0
587,196200000.0,1,0.0,13462570.832298523,26355061744,94.50298220345061,420.0,1,6.945892795403613e+20,9513233.951694848,40882079163305.87,4938040.061736021,3.47298727978097e+20,8614905.028757984,1.4479155652225018e-08,0,0,1,0.0,0.0,0
588,196200000.0,1,0.0,13482509.340341566,26403861744,94.50299548549462,420.0,1,6.971639150065948e+20,9452299.287389021,40552633422719.414,4938040.061736021,3.485860127666397e+20,8614905.028757984,1.4479155652225018e-08,0,0,1,0.0,0.0,0
589,196200000.0,1,0.0,13501290.578647248,26452661744,94.50300875759685,420.0,1,6.997433133528283e+20,9391499.149874406,40228192597886.875,4938040.061736021,3.4987567949567394e+20,8531720.032638932,1.0506482794880867e-08,0,0,1,0.0,0.0,0
590,196200000.0,1,0.0,13520073.57076299,26501461744,94.50302202175604,420.0,1,7.023274745790619e+20,9330699.012359792,39907673979170.66,4938040.061736021,3.511677280569288e+20,8531720.032638932,1.0506482794880867e-08,0,0,1,0.0,0.0,0
591,196200000.0,1,0.0,13538858.258228451,26550261744,94.50303527991835,420.0,1,7.049163986852953e+20,9269898.874845177,39591077566570.76,4938040.061736021,3.5246215845040436e+20,8531720.032638932,1.0506482794880867e-08,0,0,1,0.0,0.0,0
592,196200000.0,1,0.0,13557644.584531978,26599061744,94.50304853397897,420.0,1,7.075100856715288e+20,9209098.737330562,39278403360087.17,4938040.061736021,3.537589706761004e+20,8531720.032638932,1.0506482794880867e-08,0,0,1,0.0,0.0,0
593,196200000.0,1,0.0,13576432.495045638,26647861744,94.50306178578334,420.0,1,7.101085355377623e+20,9148298.599815948,38969651359719.91,4938040.061736021,3.5505816473401714e+20,8531720.032638932,1.0506482794880867e-08,0,0,1,0.0,0.0,0
594,196200000.0,1,0.0,13595221.936962422,26696661744,94.50307503712918,420.0,1,7.127117482839958e+20,9087498.462301333,38664821565468.95,4938040.061736021,3.5635974062415446e+20,8531720.032638932,1.0506482794880867e-08,0,0,1,0.0,0.0,0
595,196200000.0,1,0.0,13614012.85923556,26745461744,94.50308828976763,420.0,1,7.153197239102293e+20,9026698.324786717,38363913977334.32,4938040.061736021,3.5766369834651235e+20,8531720.032638932,1.0506482794880867e-08,0,0,1,0.0,0.0,0
596,196200000.0,1,0.0,13632011.358831786,26794261744,94.50310154540473,420.0,1,7.179324624164627e+20,8965898.187272104,38066928595316.01,4938040.061736021,3.589700379010909e+20,8474562.567098567,1.2179953046143055e-08,0,0,1,0.0,0.0,0
597,196200000.0,1,0.0,13649512.463166568,26843061744,94.50311480570296,420.0,1,7.205499638026962e+20,8911083.392624026,37817534176049.08,4938040.061736021,3.6027876365476574e+20,8450621.195632417,6.2427716329693794e-09,0,0,1,0.0,0.0,0
598,196200000.0,1,0.0,13667014.904701766,26891861744,94.50312807228262,420.0,1,7.231722280689297e+20,8856268.597975949,37571226012844.9,4938040.061736021,3.6158987115706614e+20,8450621.195632417,6.2427716329693794e-09,0,0,1,0.0,0.0,0
599,196200000.0,1,0.0,13684334.636264883,26940661744,94.50314134672298,420.0,1,7.257992552151632e+20,8801453.803327873,37328004105703.48,4938040.061736021,3.6290336040799214e+20,8437373.008493988,5.326000973582268e-09,0,0,1,0.0,0.0,0
