t,secure_bps,violations,k_min,k_mean,q_total,aos_mean,aos_max,rekey,q_sumsq,z_l1,z_sumsq,z_max,lyapunov,key_inflow,key_overflow,cg_iters,cg_columns,cg_converged,obj_lp,obj_greedy,key_blocked_edges
0,245000000.0,0,2109375.0,2425672.7430555555,0,0.8678816811621574,0.9476988686844755,0,0.0,571875.0,109013671875.0,190625.0,10901367187500.0,7200000.0,0.0,0,0,1,0.0,0.0,0
1,245000000.0,0,1718750.0,2351345.486111111,0,1.9553749264829172,2.1629597325192615,0,0.0,1143750.0,436054687500.0,381250.0,43605468750000.0,7200000.0,0.0,0,0,1,0.0,0.0,0
2,245000000.0,0,1328125.0,2277018.2291666665,0,3.0760090197024463,3.5047493651838613,0,0.0,1715625.0,981123046875.0,571875.0,98112304687500.0,7200000.0,0.0,0,0,1,0.0,0.0,0
3,245000000.0,0,1137500.0,2219357.638888889,0,4.184985372071511,4.756697408871322,0,0.0,2287500.0,1744218750000.0,762500.0,174421875000000.0,7200000.0,0.0,0,0,1,0.0,0.0,0
4,245000000.0,0,946875.0,2163738.8250154606,0,4.752235262721685,6.109982856389292,0,0.0,2859375.0,2725341796875.0,953125.0,272534179687500.0,7273503.950556569,2.0372681319713593e-10,0,0,1,0.0,0.0,0
5,245000000.0,0,756250.0,2119231.1222531428,0,5.771012413499752,7.641135688345988,0,0.0,3431250.0,3924492187500.0,1143750.0,392449218750000.0,7273503.950556569,2.0372681319713593e-10,0,0,1,0.0,0.0,0
6,245000000.0,0,565625.0,2091390.0861574917,0,6.837023000426752,9.529671299360247,0,0.0,4003125.0,5341669921875.0,1334375.0,534166992187500.0,7273503.950556569,2.0372681319713593e-10,0,0,1,0.0,0.0,0
7,245000000.0,0,375000.0,2063549.050061841,0,8.100089511977595,12.319148936170212,0,0.0,4575000.0,6976875000000.0,1525000.0,697687500000000.0,7273503.950556569,2.0372681319713593e-10,0,0,1,0.0,0.0,0
8,245000000.0,0,184375.0,2045311.1565355335,0,10.13526626971464,18.78894133513149,0,0.0,5146875.0,8830107421875.0,1715625.0,883010742187500.0,7273503.950826894,1.382431946694851e-10,0,0,1,0.0,0.0,0
9,243400000.0,1,0.0,2034657.6204473923,1600000,34.38961109620711,129.0,3,2560000000000.0,5700000.0,10830000000000.0,1900000.0,1084280000000000.0,7273503.950826894,1.382431946694851e-10,0,0,1,0.0,0.0,0
10,196200000.0,1,0.0,2056088.406029095,50400000,33.780689916365425,130.0,3,2540160000000000.0,5696287.136848593,10815904905377.434,1900000.0,2351670490537743.5,7288355.403432524,3.1013769330456853e-10,0,0,1,0.0,0.0,0
11,196200000.0,1,0.0,2077878.6602911097,99200000,34.46039716723976,131.0,3,9840640000000000.0,5692574.273697185,10801837381460.43,1900000.0,6000503738146043.0,7288355.403432524,3.1013769330456853e-10,0,0,1,0.0,0.0,0
12,196200000.0,1,0.0,2099668.914553124,148000000,35.14325806315213,132.0,3,2.1904e+16,5688861.4105457775,10787797428248.986,1900000.0,1.2030779742824898e+16,7288355.403432524,3.1013769330456853e-10,0,0,1,0.0,0.0,0
13,196200000.0,1,0.0,2121487.142581238,196800000,33.97166311810421,133.0,3,3.873024e+16,5685148.547394371,10773785045743.105,1900000.0,2.044249850457431e+16,7289362.4590121135,1.1249312592553906e-09,0,0,1,0.0,0.0,0
14,196200000.0,1,0.0,2143305.3706093524,245600000,33.24719338019491,134.0,3,6.031936e+16,5681435.684242964,10759800233942.787,1900000.0,3.123566002339428e+16,7289362.4590121135,5.901483746129088e-10,0,0,1,0.0,0.0,0
15,196200000.0,1,0.0,2165123.598637467,294400000,32.629568580755,135.0,3,8.667136e+16,5677722.821091556,10745842992848.031,1900000.0,4.44102642992848e+16,7289362.4590121135,8.229790182667784e-10,0,0,1,0.0,0.0,0
16,196200000.0,1,0.0,2186941.826665581,343200000,32.33418375748161,136.0,3,1.1778624e+17,5674009.957940148,10731913322458.838,1900000.0,5.996631133224588e+16,7289362.4590121135,7.647145139344502e-10,0,0,1,0.0,0.0,0
17,196200000.0,1,0.0,2208760.0546936956,392000000,32.24457830492603,137.0,3,1.53664e+17,5670297.094788741,10718011222775.207,1900000.0,7.790380112227752e+16,7289362.4590121135,7.647145139344502e-10,0,0,1,0.0,0.0,0
18,196200000.0,1,0.0,2230578.2827218096,440800000,32.29449031600674,138.0,3,1.9430464e+17,5666584.231637334,10704136693797.137,1900000.0,9.822273366937971e+16,7289362.4590121135,7.647145139344502e-10,0,0,1,0.0,0.0,0
19,196200000.0,1,0.0,2252396.510749924,489600000,32.44342506934048,139.0,3,2.3970816e+17,5662871.368485927,10690289735524.629,1900000.0,1.2092310897355246e+17,7289362.4590121135,9.392806532559916e-10,0,0,1,0.0,0.0,0
20,196200000.0,1,0.0,2274214.738778038,538400000,32.665229402085394,140.0,3,2.8987456e+17,5659158.505334519,10676470347957.684,1900000.0,1.4600492703479578e+17,7289362.4590121135,9.392806532559916e-10,0,0,1,0.0,0.0,0
21,196200000.0,1,0.0,2296032.966806153,587200000,32.94225217986622,141.0,3,3.4480384e+17,5655445.642183112,10662678531096.3,1900000.0,1.7346818785310963e+17,7289362.4590121135,9.392806532559916e-10,0,0,1,0.0,0.0,0
22,196200000.0,1,0.0,2317851.1948342663,636000000,33.26214430859934,142.0,3,4.04496e+17,5651732.779031705,10648914284940.48,1900000.0,2.0331289142849405e+17,7289362.4590121135,9.392806532559916e-10,0,0,1,0.0,0.0,0
23,196200000.0,1,0.0,2339669.4228623807,684800000,33.616003625825215,143.0,2,4.6895104e+17,5648019.915880297,10635177609490.22,1900000.0,2.3553903776094902e+17,7289362.4590121135,9.392806532559916e-10,0,0,1,0.0,0.0,0
24,196200000.0,1,0.0,2361487.650890495,733600000,33.99724826860363,144.0,2,5.3816896e+17,5644307.0527288895,10621468504745.523,1900000.0,2.7014662685047456e+17,7289362.4590121135,9.392806532559916e-10,0,0,1,0.0,0.0,0
25,196200000.0,1,0.0,2383497.2710794806,782400000,34.33539626893762,145.0,2,6.1214976e+17,5638873.934737082,10601457347855.438,1900000.0,3.0713502573478554e+17,7296252.576803465,4.5486103772418573e-10,0,0,1,0.0,0.0,0
26,196200000.0,1,0.0,2405506.891268465,831200000,34.709637454246085,146.0,2,6.9089344e+17,5633440.816745274,10581505228507.574,1900000.0,3.4650487052285075e+17,7296252.576803465,4.5486103772418573e-10,0,0,1,0.0,0.0,0
27,196200000.0,1,0.0,2427517.0815525353,880000000,31.25486238300387,147.0,2,7.744e+17,5628007.698753465,10561612146701.94,1900000.0,3.882561612146702e+17,7296273.100226506,4.839648681809194e-10,0,0,1,0.0,0.0,0
28,196200000.0,1,0.0,2448824.1997550796,928800000,31.537022916673617,148.0,2,8.6266944e+17,5622574.580761656,10541778102438.527,1900000.0,4.3238889781024384e+17,7296273.100226545,1.1278871170361526e-09,0,0,1,0.0,0.0,0
29,196200000.0,1,0.0,2469922.462263416,977600000,31.837315747078808,149.0,2,9.5570176e+17,5617141.462769848,10522003095717.344,1900000.0,4.789030803095717e+17,7296273.100226545,1.0551275408943184e-09,0,0,1,0.0,0.0,0
30,196200000.0,1,0.0,2490456.933781083,1026400000,32.1526256640108,150.0,2,1.05349696e+18,5611708.34477804,10502287126538.385,1900000.0,5.277987087126538e+17,7296273.100226545,1.0551275408943184e-09,0,0,1,0.0,0.0,0
31,196200000.0,1,0.0,2509623.602860404,1075200000,32.48071644753465,151.0,2,1.15605504e+18,5606275.226786232,10482630194901.652,1900000.0,5.790757830194902e+17,7296273.100226545,1.0551275408943184e-09,0,0,1,0.0,0.0,0
32,196200000.0,1,0.0,2528595.732369841,1124000000,32.81915332732914,152.0,2,1.263376e+18,5600842.108794423,10463032300807.145,1900000.0,6.327343032300808e+17,7296273.100226545,1.0551275408943184e-09,0,0,1,0.0,0.0,0
33,196200000.0,1,0.0,2547379.806961833,1172800000,33.166371455632216,153.0,2,1.37545984e+18,5595408.990801261,10443493444250.002,1900000.0,6.88774269344425e+17,7296273.100231961,1.0251142157358117e-09,0,0,1,0.0,0.0,0
34,196200000.0,1,0.0,2565982.0951335216,1221600000,33.5211095988225,154.0,2,1.49230656e+18,5589975.872808099,10424013625235.113,1900000.0,7.471956813625235e+17,7296273.100231961,1.0251142157358117e-09,0,0,1,0.0,0.0,0
35,196200000.0,1,0.0,2584408.6564322487,1270400000,33.88233961143004,155.0,2,1.61391616e+18,5584542.754814936,10404592843762.48,1900000.0,8.079985392843762e+17,7296273.100231961,1.0251142157358117e-09,0,0,1,0.0,0.0,0
36,196200000.0,1,0.0,2602665.348420447,1319200000,34.24921473132189,156.0,2,1.74028864e+18,5579109.636821773,10385231099832.102,1900000.0,8.711828431099832e+17,7296273.100231961,1.0251142157358117e-09,0,0,1,0.0,0.0,0
37,196200000.0,1,0.0,2620760.255404388,1368000000,34.621030532938015,157.0,2,1.871424e+18,5573676.518828611,10365928393443.98,1900000.0,9.367485928393444e+17,7296360.292085088,1.3610588212031871e-09,0,0,1,0.0,0.0,0
38,196200000.0,1,0.0,2638696.4289548234,1416800000,34.997197535079216,158.0,2,2.00732224e+18,5568243.400835449,10346684724598.113,1900000.0,1.0046957884724598e+18,7296360.292085088,1.3610588212031871e-09,0,0,1,0.0,0.0,0
39,196200000.0,1,0.0,2656479.1601862037,1465600000,35.37721724844066,159.0,2,2.14798336e+18,5562810.282842286,10327500093294.5,1900000.0,1.0750244300093294e+18,7296360.292085088,1.8267201085109264e-09,0,0,1,0.0,0.0,0
40,196200000.0,1,0.0,2674113.5638424978,1514400000,35.7606655576406,160.0,2,2.29340736e+18,5557377.164849123,10308374499533.143,1900000.0,1.1477345174499533e+18,7296360.292085088,2.6736222125123277e-09,0,0,1,0.0,0.0,0
41,196200000.0,1,0.0,2691604.5841762074,1563200000,36.14717926523289,161.0,2,2.44359424e+18,5551944.046855961,10289307943314.041,1900000.0,1.2228260507943314e+18,7296360.292085088,2.027767287415827e-09,0,0,1,0.0,0.0,0
42,196200000.0,1,0.0,2708957.00063142,1612000000,33.53644546361328,162.0,2,2.598544e+18,5546510.928862799,10270300424637.195,1900000.0,1.3002990300424637e+18,7296360.292085088,2.0277672900369332e-09,0,0,1,0.0,0.0,0
43,196200000.0,1,0.0,2726175.4333374184,1660800000,33.85676449245668,163.0,2,2.75825664e+18,5541077.810869636,10251351943502.604,1900000.0,1.3801534551943503e+18,7296360.292085088,2.0277672900369332e-09,0,0,1,0.0,0.0,0
44,196200000.0,1,0.0,2743264.3484191764,1709600000,34.179328844002825,164.0,2,2.92273216e+18,5535644.692876473,10232462499910.268,1900000.0,1.462389326249991e+18,7296360.292085088,2.0277672900369332e-09,0,0,1,0.0,0.0,0
45,196200000.0,1,0.0,2760228.063130834,1758400000,34.50393193281206,165.0,2,3.09197056e+18,5530211.574883311,10213632093860.188,1900000.0,1.547006643209386e+18,7296360.292085088,2.0277672900369332e-09,0,0,1,0.0,0.0,0
46,196200000.0,1,0.0,2777070.750818064,1807200000,34.830392166063355,166.0,2,3.26597184e+18,5524778.456890149,10194860725352.363,1900000.0,1.6340054060725353e+18,7296360.292085088,2.0277672900369332e-09,0,0,1,0.0,0.0,0
47,196200000.0,1,0.0,2792620.688652326,1856000000,35.15874788476178,167.0,2,3.444736e+18,5519345.338896986,10176148394386.793,1900000.0,1.7233856148394386e+18,7296360.292085088,2.0277672900369332e-09,0,0,1,0.0,0.0,0
48,196200000.0,1,0.0,2807736.2601905772,1904800000,35.48870078069816,168.0,2,3.62826304e+18,5513912.220903823,10157495100963.477,1900000.0,1.8151472695100964e+18,7296360.292085088,2.0277672900369332e-09,0,0,1,0.0,0.0,0
49,196200000.0,1,0.0,2822698.716432674,1953600000,35.82007673866261,169.0,2,3.81655296e+18,5508479.102910661,10138900845082.418,1900000.0,1.9092903700845082e+18,7296360.292085088,2.0277672900369332e-09,0,0,1,0.0,0.0,0
50,196200000.0,1,0.0,2837513.1612218204,2002400000,36.15276312423888,170.0,2,4.00960576e+18,5503045.984917499,10120365626743.613,1900000.0,2.0058149165626744e+18,7296360.292085088,2.0277672900369332e-09,0,0,1,0.0,0.0,0
51,196200000.0,1,0.0,2852184.5282731154,2051200000,36.48665907601462,171.0,2,4.20742144e+18,5497612.866924336,10101889445947.064,1900000.0,2.1047209089445947e+18,7296360.292085088,2.0277672900369332e-09,0,0,1,0.0,0.0,0
52,196200000.0,1,0.0,2866717.586844487,2100000000,36.82167399347111,172.0,2,4.41e+18,5492179.748931173,10083472302692.77,1900000.0,2.2060083472302692e+18,7296360.292085088,2.0277672900369332e-09,0,0,1,0.0,0.0,0
53,196200000.0,1,0.0,2881947.579859425,2148800000,33.37201196743764,173.0,2,4.61734144e+18,5479270.937170584,10036762446661.812,1900000.0,2.3096743962446664e+18,7326263.067154797,2.628033793207066e-09,0,0,1,0.0,0.0,0
54,196200000.0,1,0.0,2897048.3312836788,2197600000,33.63759925664533,174.0,2,4.82944576e+18,5466362.125409994,9990223400167.719,1900000.0,2.4157219023400166e+18,7326263.067154797,2.628033793207066e-09,0,0,1,0.0,0.0,0
55,196200000.0,1,0.0,2912024.1491702716,2246400000,31.430603601777598,175.0,2,5.04631296e+18,5453453.313649405,9943855163210.488,1900000.0,2.5241508655163213e+18,7326263.067154797,2.628033793207066e-09,0,0,1,0.0,0.0,0
56,196200000.0,1,0.0,2926879.197970459,2295200000,30.222768360236472,176.0,2,5.26794304e+18,5440544.501888815,9897657735790.123,1900000.0,2.6349612857735793e+18,7326263.067154797,2.628033793207066e-09,0,0,1,0.0,0.0,0
57,196200000.0,1,0.0,2941617.5033204537,2344000000,29.59040141679782,177.0,2,5.494336e+18,5427635.690128225,9851631117906.621,1900000.0,2.7481531631117906e+18,7326263.067154797,2.628033793207066e-09,0,0,1,0.0,0.0,0
58,196200000.0,1,0.0,2956242.956668595,2392800000,29.252375179448865,178.0,2,5.72549184e+18,5414726.878367635,9805775309559.982,1900000.0,2.863726497530956e+18,7326263.067154797,2.628033793207066e-09,0,0,1,0.0,0.0,0
59,196200000.0,1,0.0,2970759.319748279,2441600000,29.08517018538573,179.0,1,5.96141056e+18,5401818.066607046,9760090310750.209,1900000.0,2.981681289031075e+18,7326263.067154797,2.628033793207066e-09,0,0,1,0.0,0.0,0
60,196200000.0,1,0.0,2985170.2289017886,2490400000,29.02599221757411,180.0,1,6.20209216e+18,5388909.2548464555,9714576121477.299,1900000.0,3.1020175376121477e+18,7326263.067154797,2.628033793207066e-09,0,0,1,0.0,0.0,0
61,196200000.0,1,0.0,2999479.199259995,2539200000,29.0395318473439,181.0,1,6.44753664e+18,5376000.443085866,9669232741741.252,1900000.0,3.224735243274174e+18,7326263.067154797,2.628033793207066e-09,0,0,1,0.0,0.0,0
62,196200000.0,1,0.0,3013195.7699898523,2588000000,29.104473760305122,182.0,1,6.697744e+18,5363091.631325277,9624060171542.07,1900000.0,3.349834406017154e+18,7326263.067154797,2.628033793207066e-09,0,0,1,0.0,0.0,0
63,196200000.0,1,0.0,3024282.7338642874,2636800000,29.207382727853634,183.0,1,6.95271424e+18,5350182.819564687,9579058410879.752,1900000.0,3.477315025841088e+18,7326263.067154797,3.093695080514805e-09,0,0,1,0.0,0.0,0
64,196200000.0,1,0.0,3035225.2469292344,2685600000,29.481563098736636,184.0,1,7.21244736e+18,5337274.007804098,9534227459754.297,1900000.0,3.6071771027459753e+18,7326277.548536965,2.3013626586197795e-09,0,0,1,0.0,0.0,0
65,196200000.0,1,0.0,3046045.597370794,2734400000,29.492037180087667,185.0,1,7.47694336e+18,5324365.196043507,9489567318165.707,1900000.0,3.7394206367318164e+18,7327130.2588440245,2.6495001774327982e-09,0,0,1,0.0,0.0,0
66,196200000.0,1,0.0,3056730.6846382823,2783200000,29.66278034183542,186.0,1,7.74620224e+18,5311456.384282918,9445077986113.98,1900000.0,3.8740456277986115e+18,7327130.2588440245,2.0036452523362975e-09,0,0,1,0.0,0.0,0
67,196200000.0,1,0.0,3067285.0175041705,2832000000,29.84754790042368,187.0,1,8.020224e+18,5298547.572522328,9400759463599.12,1900000.0,4.01105207594636e+18,7327130.2588440245,1.887599412731958e-09,0,0,1,0.0,0.0,0
68,196200000.0,1,0.0,3077712.9544485095,2880800000,30.04378796411846,188.0,1,8.29900864e+18,5285638.760761738,9356611750621.121,1900000.0,4.150439981175062e+18,7327130.2588440245,1.887599412731958e-09,0,0,1,0.0,0.0,0
69,196200000.0,1,0.0,3089218.730953779,2929600000,30.24942159399141,189.0,1,8.58255616e+18,5272729.949001148,9312634847179.984,1900000.0,4.292209343484718e+18,7384731.328528455,2.0838228946394672e-09,0,0,1,0.0,0.0,0
70,196200000.0,1,0.0,3100657.6163845602,2978400000,30.46303799635394,190.0,1,8.87086656e+18,5259821.137240559,9268828753275.715,1900000.0,4.4363601628753275e+18,7387189.835354164,1.8517312154307883e-09,0,0,1,0.0,0.0,0
71,196200000.0,1,0.0,3111982.3288475405,3027200000,30.683428254581376,191.0,1,9.16393984e+18,5246912.325479969,9225193468908.309,1900000.0,4.582892439346891e+18,7387189.835354164,1.8517312154307883e-09,0,0,1,0.0,0.0,0
72,196200000.0,1,0.0,3123196.6741083134,3076000000,30.90961748084941,192.0,1,9.461776e+18,5234003.51371938,9181728994077.766,1900000.0,4.731806172899408e+18,7387189.835354164,1.8517312154307883e-09,0,0,1,0.0,0.0,0
73,196200000.0,1,0.0,3134304.3310736185,3124800000,31.140813201558807,193.0,1,9.76437504e+18,5221094.7019587895,9138435328784.086,1900000.0,4.883101363532879e+18,7387189.835354164,1.8517312154307883e-09,0,0,1,0.0,0.0,0
74,196200000.0,1,0.0,3145308.856019972,3173600000,31.376364310391313,194.0,1,1.007173696e+19,5208185.8901982,9095312473027.271,1900000.0,5.036778011247303e+18,7387189.835354164,1.8517312154307883e-09,0,0,1,0.0,0.0,0
75,196200000.0,1,0.0,3156213.686681339,3222400000,31.615730652745448,195.0,1,1.038386176e+19,5195277.0784376105,9052360426807.322,1900000.0,5.19283611604268e+18,7387189.835354164,1.9099388763442555e-09,0,0,1,0.0,0.0,0
76,196200000.0,1,0.0,3167302.941694239,3271200000,31.858413657833342,196.0,1,1.070074944e+19,5182368.26667702,9009579190124.234,1900000.0,5.351275677919013e+18,7400668.019051151,1.247826733453564e-09,0,0,1,0.0,0.0,0
77,196200000.0,1,0.0,3180228.770302151,3320000000,32.103373887153516,197.0,1,1.10224e+19,5169459.454916431,8966968762978.012,1900000.0,5.512096696876298e+18,7470116.586255249,2.1827872842550278e-09,0,0,1,0.0,0.0,0
78,196200000.0,1,0.0,3193064.5454316726,3368800000,32.351013007448984,198.0,1,1.134881344e+19,5156550.643155841,8924529145368.652,1900000.0,5.675299172914536e+18,7470116.586255249,2.1827872842550278e-09,0,0,1,0.0,0.0,0
79,196200000.0,1,0.0,3206326.5036295056,3417600000,32.600875800839354,199.0,1,1.167998976e+19,5143641.831395252,8882260337296.158,1900000.0,5.84088310603373e+18,7488593.03776248,2.317392500117421e-09,0,0,1,0.0,0.0,0
80,196200000.0,1,0.0,3219504.3118547546,3466400000,32.852908526474565,200.0,1,1.201592896e+19,5130733.019634662,8840162338760.527,1900000.0,6.008848496233876e+18,7488593.03776248,2.317392500117421e-09,0,0,1,0.0,0.0,0
81,196200000.0,1,0.0,3232600.7751065046,3515200000,33.10690312694835,201.0,1,1.235663104e+19,5117824.207874072,8798235149761.76,1900000.0,6.179195343514976e+18,7488593.03776248,2.317392500117421e-09,0,0,1,0.0,0.0,0
82,196200000.0,1,0.0,3245618.6048838734,3564000000,33.36267833629718,202.0,1,1.2702096e+19,5104915.396113482,8756478770299.856,1900000.0,6.35192364787703e+18,7488593.03776248,2.317392500117421e-09,0,0,1,0.0,0.0,0
83,196200000.0,1,0.0,3258560.4223026726,3612800000,33.620075432378606,203.0,1,1.305232384e+19,5092006.584352893,8714893200374.817,1900000.0,6.527033409320037e+18,7488593.03776248,2.317392500117421e-09,0,0,1,0.0,0.0,0
84,196200000.0,1,0.0,3271428.7611081875,3661600000,33.878954777989094,204.0,1,1.340731456e+19,5079097.772592302,8673478439986.642,1900000.0,6.704524627843999e+18,7488593.03776248,2.317392500117421e-09,0,0,1,0.0,0.0,0
85,196200000.0,1,0.0,3284226.070587529,3710400000,34.13919298449234,205.0,1,1.376706816e+19,5066188.960831713,8632234489135.33,1900000.0,6.884397303448914e+18,7488593.03776248,2.317392500117421e-09,0,0,1,0.0,0.0,0
86,196200000.0,1,0.0,3296954.7183849015,3759200000,34.40068057064601,206.0,1,1.413158464e+19,5053280.149071123,8591161347820.883,1900000.0,7.066651436134782e+18,7488593.03776248,2.5029294192790985e-09,0,0,1,0.0,0.0,0
87,196200000.0,1,0.0,3311200.8387035634,3808000000,34.64703889667417,207.0,1,1.4500864e+19,5021365.191544234,8493525003956.306,1900000.0,7.251281352500396e+18,7564617.6208276795,2.5174813345074654e-09,0,0,1,0.0,0.0,0
88,196200000.0,1,0.0,3325382.798494963,3856800000,34.89667391802079,208.0,1,1.487490624e+19,4989450.234017344,8397194987312.545,1900000.0,7.438292839498732e+18,7564617.6208276795,2.5429471861571074e-09,0,0,1,0.0,0.0,0
89,196200000.0,1,0.0,3339502.736443343,3905600000,35.14914447280117,209.0,1,1.525371136e+19,4957535.276490455,8302171297889.603,1900000.0,7.627685897129789e+18,7564617.6208276795,2.5429471861571074e-09,0,0,1,0.0,0.0,0
90,196200000.0,1,0.0,3353562.719943471,3954400000,35.404090216655796,210.0,1,1.563727936e+19,4925620.318963565,8208453935687.478,1900000.0,7.819460525393569e+18,7564617.6208276795,2.5429471861571074e-09,0,0,1,0.0,0.0,0
91,196200000.0,1,0.0,3367564.747476955,4003200000,35.66121330366014,211.0,1,1.602561024e+19,4893705.361436675,8116042900706.171,1900000.0,8.013616724290071e+18,7564617.6208276795,2.382876118645072e-09,0,0,1,0.0,0.0,0
92,196200000.0,1,0.0,3381510.750909351,4052000000,35.92026492278257,212.0,1,1.6418704e+19,4861790.403909786,8024938192945.682,1900000.0,8.210154493819295e+18,7564617.6208276795,2.382876118645072e-09,0,0,1,0.0,0.0,0
93,196200000.0,1,0.0,3395402.5977106933,4100800000,36.18103523772534,213.0,1,1.681656064e+19,4829875.446382896,7935139812406.011,1900000.0,8.40907383398124e+18,7564617.6208276795,2.382876118645072e-09,0,0,1,0.0,0.0,0
94,196200000.0,1,0.0,3409242.093102019,4149600000,36.44334575651351,214.0,1,1.721918016e+19,4797960.488856006,7846647759087.157,1900000.0,8.610374744775908e+18,7564617.6208276795,2.382876118645072e-09,0,0,1,0.0,0.0,0
95,196200000.0,1,0.0,3424044.371835934,4198400000,36.70251754585973,215.0,1,1.762656256e+19,4753884.854861826,7728296164301.349,1900000.0,8.81405410961643e+18,7613260.326696845,2.3101165425032377e-09,0,0,1,0.0,0.0,0
96,196200000.0,1,0.0,3439342.3031143444,4247200000,36.96251503822295,216.0,1,1.803870784e+19,4706011.714635161,7603341629996.399,1900000.0,9.020114254162999e+18,7639399.784076545,2.2737367544323206e-09,0,0,1,0.0,0.0,0
97,196200000.0,1,0.0,3454683.623764088,4296000000,37.224568512208464,217.0,1,1.8455616e+19,4658138.574408497,7481762775046.912,1900000.0,9.228556176277504e+18,7643752.337969786,3.1141098588705063e-09,0,0,1,0.0,0.0,0
98,196200000.0,1,0.0,3469979.2318735495,4344800000,37.48840191244437,218.0,1,1.887728704e+19,4610265.434181832,7363559599452.889,1900000.0,9.439379875959945e+18,7643752.337969786,3.1141098588705063e-09,0,0,1,0.0,0.0,0
99,196200000.0,1,0.0,3485230.6511940714,4393600000,37.75378338331745,219.0,1,1.930372096e+19,4562392.293955168,7248732103214.327,1900000.0,9.65258535321032e+18,7643752.337969786,3.1141098588705063e-09,0,0,1,0.0,0.0,0
100,196200000.0,1,0.0,3500439.354685285,4442400000,38.02052319210251,220.0,1,1.973491776e+19,4514519.153728503,7137280286331.229,1900000.0,9.868172608028633e+18,7643752.337969786,3.1141098588705063e-09,0,0,1,0.0,0.0,0
101,196200000.0,1,0.0,3515606.766208167,4491200000,38.288464223515106,221.0,1,2.017087744e+19,4466646.013501839,7029204148803.592,1900000.0,1.008614164041488e+19,7643752.337969786,3.230525180697441e-09,0,0,1,0.0,0.0,0
102,196200000.0,1,0.0,3530734.262161663,4540000000,38.55747497705678,222.0,1,2.06116e+19,4418772.873275174,6924503690631.418,1900000.0,1.0306492450369063e+19,7643752.337969786,3.1141098588705063e-09,0,0,1,0.0,0.0,0
103,196200000.0,1,0.0,3545823.1730647506,4588800000,38.82744432559349,223.0,1,2.105708544e+19,4370899.73304851,6823178911814.707,1900000.0,1.052922503789118e+19,7643752.337969786,3.1141098588705063e-09,0,0,1,0.0,0.0,0
104,196200000.0,1,0.0,3563011.441875926,4637600000,39.081298132023626,224.0,1,2.150733376e+19,4304100.331050154,6668382862471.084,1900000.0,1.0754333718286248e+19,7721076.84820129,1.6552803572267294e-09,0,0,1,0.0,0.0,0
105,196200000.0,1,0.0,3580163.65510111,4686400000,39.33859508166871,225.0,1,2.196234496e+19,4237300.929051798,6518244847000.895,1900000.0,1.09818243044847e+19,7721076.84820129,2.1209416445344687e-09,0,0,1,0.0,0.0,0
106,196200000.0,1,0.0,3597281.0145931677,4735200000,39.598776694592985,226.0,1,2.242211904e+19,4170501.5270534423,6372764865404.139,1900000.0,1.1211696796486541e+19,7721076.84820129,2.1209416445344687e-09,0,0,1,0.0,0.0,0
107,196200000.0,1,0.0,3614364.6821432053,4784000000,39.86140135195341,227.0,1,2.2886656e+19,4103702.125055087,6231942917680.814,1900000.0,1.1443951194291767e+19,7721076.84820129,2.1209416445344687e-09,0,0,1,0.0,0.0,0
108,196200000.0,1,0.0,3631415.7808159557,4832800000,40.126114950779446,228.0,1,2.335595584e+19,4036902.723056731,6095779003830.924,1900000.0,1.1678587497900382e+19,7721076.84820129,2.1209416445344687e-09,0,0,1,0.0,0.0,0
109,196200000.0,1,0.0,3648435.3962406614,4881600000,40.39263003134264,229.0,1,2.383001856e+19,3970103.321058375,5964273123854.467,1900000.0,1.1915605707312386e+19,7721076.84820129,2.1209416445344687e-09,0,0,1,0.0,0.0,0
110,196200000.0,1,0.0,3665424.5778589235,4930400000,40.66071064320483,230.0,1,2.430884416e+19,3903303.9190600193,5837425277751.442,1900000.0,1.2155005822527775e+19,7721076.84820129,1.648004399612546e-09,0,0,1,0.0,0.0,0
111,196200000.0,1,0.0,3682384.3401309587,4979200000,40.930161182381305,231.0,1,2.479243264e+19,3836504.517061664,5715235465521.852,1900000.0,1.2396787843546552e+19,7721076.84820129,1.648004399612546e-09,0,0,1,0.0,0.0,0
112,196200000.0,1,0.0,3699315.66370164,5028000000,41.200818029732986,232.0,1,2.5280784e+19,3769705.115063308,5597703687165.693,1900000.0,1.2640951770368717e+19,7721076.84820129,1.648004399612546e-09,0,0,1,0.0,0.0,0
113,196200000.0,1,0.0,3716219.4965276793,5076800000,41.47254319981674,233.0,1,2.577389824e+19,3702905.713064952,5484829942682.969,1900000.0,1.2887497602994268e+19,7721076.84820129,1.648004399612546e-09,0,0,1,0.0,0.0,0
114,196200000.0,1,0.0,3733096.754967231,5125600000,41.74521945542806,234.0,1,2.627177536e+19,3636106.3110665963,5376614232073.677,1900000.0,1.3136425341423206e+19,7721076.84820129,1.648004399612546e-09,0,0,1,0.0,0.0,0
115,196200000.0,1,0.0,3749948.324833179,5174400000,42.018746506016505,235.0,1,2.677441536e+19,3569306.909068241,5273056555337.817,1900000.0,1.3387734985655534e+19,7721076.84820129,1.648004399612546e-09,0,0,1,0.0,0.0,0
116,196200000.0,1,0.0,3766775.0624113083,5223200000,42.29303801812263,236.0,1,2.728181824e+19,3502507.507069885,5174156912475.392,1900000.0,1.3641426535691248e+19,7721076.84820129,1.648004399612546e-09,0,0,1,0.0,0.0,0
117,196200000.0,1,0.0,3783577.795444549,5272000000,42.568019241475874,237.0,1,2.7793984e+19,3435708.105071529,5079915303486.398,1900000.0,1.3897499991530349e+19,7721076.84820129,1.648004399612546e-09,0,0,1,0.0,0.0,0
118,196200000.0,1,0.0,3800357.3240843946,5320800000,42.84362510703413,238.0,1,2.831091264e+19,3368908.7030731733,4990331728370.839,1900000.0,1.4155955353172836e+19,7721076.84820129,1.648004399612546e-09,0,0,1,0.0,0.0,0
119,196200000.0,1,0.0,3817114.421810626,5369600000,43.11979869048518,239.0,1,2.883260416e+19,3302109.301074818,4905406187128.712,1900000.0,1.4416792620618713e+19,7721076.84820129,1.648004399612546e-09,0,0,1,0.0,0.0,0
120,196200000.0,1,0.0,3833849.836320365,5418400000,43.396489961425985,240.0,1,2.935905856e+19,3235309.899076462,4825138679760.019,1900000.0,1.4680011793867977e+19,7721076.84820129,1.648004399612546e-09,0,0,1,0.0,0.0,0
121,196200000.0,1,0.0,3850564.290387491,5467200000,43.673654757811974,241.0,1,2.989027584e+19,3168510.4970781063,4749529206264.758,1900000.0,1.4945612872920627e+19,7721076.84820129,1.648004399612546e-09,0,0,1,0.0,0.0,0
122,196200000.0,1,0.0,3867262.421483193,5516000000,43.951247457834604,242.0,1,3.0426256e+19,3101675.6459718784,4678505657149.741,1900000.0,1.5213595850565716e+19,7721218.644632777,1.356966095045209e-09,0,0,1,0.0,0.0,0
123,196200000.0,1,0.0,3883940.9662097436,5564800000,44.22924046340002,243.0,1,3.096699904e+19,3034840.794865651,4612143888124.517,1900000.0,1.5483960734388812e+19,7721218.644632777,1.356966095045209e-09,0,0,1,0.0,0.0,0
124,196200000.0,1,0.0,3900600.5774461157,5613600000,44.50760259205513,244.0,1,3.151250496e+19,2968005.943759423,4550443899189.082,1900000.0,1.5756707524389919e+19,7721218.644632777,1.356966095045209e-09,0,0,1,0.0,0.0,0
125,196200000.0,1,0.0,3917241.8863086477,5662400000,44.78630591303153,245.0,1,3.206277376e+19,2901171.092653196,4493405690343.44,1900000.0,1.6031836220569035e+19,7721218.644632777,1.356966095045209e-09,0,0,1,0.0,0.0,0
126,196200000.0,1,0.0,3933884.883456925,5711200000,45.06532462477145,246.0,1,3.261780544e+19,2834336.241546968,4441029261587.589,1900000.0,1.6309346822926158e+19,7722148.912494688,1.359921952825971e-09,0,0,1,0.0,0.0,0
127,196200000.0,1,0.0,3951156.9616816184,5760000000,45.344337038008995,247.0,1,3.31776e+19,2784879.990275136,4393012597189.3247,1900000.0,1.6589239301259719e+19,7753165.726637298,2.6695943233789876e-09,0,0,1,0.0,0.0,0
128,196200000.0,1,0.0,3968412.5074398094,5808800000,45.62364918608158,248.0,1,3.374215744e+19,2758442.5856281454,4346923672819.936,1900000.0,1.6871513412367282e+19,7753165.726637298,2.6695943233789876e-09,0,0,1,0.0,0.0,0
129,196200000.0,1,0.0,3985652.071813714,5857600000,45.90323991990099,249.0,1,3.431147776e+19,2732005.1809811555,4302232621179.485,1900000.0,1.7156169103262118e+19,7753165.726637298,2.6695943233789876e-09,0,0,1,0.0,0.0,0
130,196200000.0,1,0.0,4002876.1875161435,5906400000,46.18309008301861,250.0,1,3.488556096e+19,2705567.7763341647,4258939442267.971,1900000.0,1.7443206373944226e+19,7753165.726637298,2.6695943233789876e-09,0,0,1,0.0,0.0,0
131,196200000.0,1,0.0,4020085.3695028117,5955200000,46.463182280394264,251.0,1,3.546440704e+19,2679130.371687175,4217044136085.3945,1900000.0,1.7732625224413608e+19,7753165.726637298,2.6695943233789876e-09,0,0,1,0.0,0.0,0
132,196200000.0,1,0.0,4037280.115564244,6004000000,46.74350067872752,252.0,1,3.6048016e+19,2652692.967040184,4176546702631.756,1900000.0,1.8024425654670262e+19,7753165.726637298,2.6695943233789876e-09,0,0,1,0.0,0.0,0
133,196200000.0,1,0.0,4054614.0784065295,6052800000,47.0240202052512,253.0,1,3.663638784e+19,2626255.562393194,4137447141907.054,1900000.0,1.831860766471419e+19,7760517.959049159,3.6300207284512e-09,0,0,1,0.0,0.0,0
134,196200000.0,1,0.0,4071934.551678678,6101600000,47.30473856225924,254.0,1,3.722952256e+19,2599818.1577462032,4099745453911.29,1900000.0,1.861517125454539e+19,7760517.959049159,3.6300207284512e-09,0,0,1,0.0,0.0,0
135,196200000.0,1,0.0,4089241.9850330297,6150400000,47.58564364219331,255.0,1,3.782742016e+19,2573380.7530992134,4063441638644.4634,1900000.0,1.8914116424163865e+19,7760517.959049159,3.6300207284512e-09,0,0,1,0.0,0.0,0
136,196200000.0,1,0.0,4106536.81313351,6199200000,47.8667243299861,256.0,1,3.843008064e+19,2546943.3484522225,4028535696106.574,1900000.0,1.921544317356961e+19,7760517.959049159,3.6300207284512e-09,0,0,1,0.0,0.0,0
137,196200000.0,1,0.0,4125154.3579603476,6248000000,48.14788295553304,257.0,1,3.9037504e+19,2520505.9438052326,3995027626297.622,1900000.0,1.951915150276263e+19,7824593.245694083,3.513605406624265e-09,0,0,1,0.0,0.0,0
138,196200000.0,1,0.0,4144141.913866029,6296800000,48.42919102149673,258.0,1,3.964969024e+19,2494068.539158242,3962917429217.608,1900000.0,1.982524141174292e+19,7842919.165132186,3.0006503948243335e-09,0,0,1,0.0,0.0,0
139,196200000.0,1,0.0,4163118.0834925747,6345600000,48.71064935551084,259.0,1,4.026663936e+19,2467631.134511252,3932205104866.531,1900000.0,2.0133712900510487e+19,7842919.165132186,3.931972969439812e-09,0,0,1,0.0,0.0,0
140,196200000.0,1,0.0,4182083.2463826207,6394400000,48.99224980962283,260.0,1,4.088835136e+19,2441193.729864261,3902890653244.391,1900000.0,2.0444565969065325e+19,7842919.165132186,3.808281689998694e-09,0,0,1,0.0,0.0,0
141,196200000.0,1,0.0,4201037.769427385,6443200000,49.27398483457034,261.0,1,4.151482624e+19,2414756.325217271,3874974074351.189,1900000.0,2.0757800617407435e+19,7842919.165132186,3.808281689998694e-09,0,0,1,0.0,0.0,0
142,196200000.0,1,0.0,4219982.007288378,6492000000,49.55584742494648,262.0,1,4.2146064e+19,2388318.9205702804,3848455368186.924,1900000.0,2.1073416845536817e+19,7842919.165132186,3.808281689998694e-09,0,0,1,0.0,0.0,0
143,196200000.0,1,0.0,4238916.302805057,6540800000,49.83783107032423,263.0,1,4.278206464e+19,2361881.5159232905,3823334534751.5967,1900000.0,2.1391414653453476e+19,7842919.165132186,3.808281689998694e-09,0,0,1,0.0,0.0,0
144,196200000.0,1,0.0,4257840.9873889,6589600000,50.119929711596,264.0,1,4.342282816e+19,2335444.1112762997,3799611574045.2065,1900000.0,2.1711794041157403e+19,7842919.165132186,3.808281689998694e-09,0,0,1,0.0,0.0,0
145,196200000.0,1,0.0,4276756.381404331,6638400000,50.402137701888094,265.0,1,4.406835456e+19,2309006.70662931,3777286486067.754,1900000.0,2.2034555008648606e+19,7842919.165132186,3.808281689998694e-09,0,0,1,0.0,0.0,0
146,196200000.0,1,0.0,4295662.794536971,6687200000,50.68444977149877,266.0,1,4.471864384e+19,2282569.301982319,3756359270819.239,1900000.0,2.235969755592708e+19,7842919.165132186,3.808281689998694e-09,0,0,1,0.0,0.0,0
147,196200000.0,1,0.0,4314560.526149575,6736000000,50.96686099638308,267.0,1,4.5373696e+19,2256131.897335329,3736829928299.661,1900000.0,2.268722168299283e+19,7842919.165132186,3.808281689998694e-09,0,0,1,0.0,0.0,0
148,196200000.0,1,0.0,4333449.865626145,6784800000,51.24936676977125,268.0,1,4.603351104e+19,2229694.4926883383,3718698458509.021,1900000.0,2.3017127389845852e+19,7842919.165132186,3.808281689998694e-09,0,0,1,0.0,0.0,0
149,196200000.0,1,0.0,4352331.09270455,6833600000,51.53196277656192,269.0,1,4.669808896e+19,2203257.0880413484,3701964861447.318,1900000.0,2.3349414676486144e+19,7842919.165132186,3.808281689998694e-09,0,0,1,0.0,0.0,0
150,196200000.0,1,0.0,4371466.283541792,6882400000,51.81463151687844,270.0,1,4.736742976e+19,2176819.6833943576,3686629137114.5527,1900000.0,2.3684083542913712e+19,7855485.840831285,2.9642706067534164e-09,0,0,1,0.0,0.0,0
151,196200000.0,1,0.0,4390416.719224453,6931200000,52.097393962274666,271.0,1,4.804153344e+19,2150382.278747367,3672691285510.7246,1900000.0,2.4021133989128552e+19,7855485.840831285,2.9642706067534164e-09,0,0,1,0.0,0.0,0
152,196200000.0,1,0.0,4407864.324325742,6980000000,52.38032641818912,272.0,1,4.87204e+19,2123944.874100377,3660151306635.8335,1900000.0,2.4360566015130665e+19,7855485.840831285,2.9642706067534164e-09,0,0,1,0.0,0.0,0
153,196200000.0,1,0.0,4425303.124350484,7028800000,52.66333347796793,273.0,1,4.940402944e+19,2097507.4694533865,3649009200489.8804,1900000.0,2.470237962092005e+19,7855485.840831285,2.8878730518044904e-09,0,0,1,0.0,0.0,0
154,196200000.0,1,0.0,4442733.412801234,7077600000,52.94641198526695,274.0,1,5.009242176e+19,2071070.0648063961,3639264967072.8647,1900000.0,2.5046574806496707e+19,7855485.840831285,2.8878730518044904e-09,0,0,1,0.0,0.0,0
155,196200000.0,1,0.0,4460155.473397125,7126400000,53.22955896518452,275.0,1,5.078557696e+19,2044632.6601594058,3630918606384.786,1900000.0,2.539315157186064e+19,7855485.840831285,2.3312622943194583e-09,0,0,1,0.0,0.0,0
156,196200000.0,1,0.0,4477569.580399981,7175200000,53.51277161117833,276.0,1,5.148349504e+19,2018195.2555124154,3623970118425.645,1900000.0,2.574210991701184e+19,7855485.840831285,2.3312622943194583e-09,0,0,1,0.0,0.0,0
157,196200000.0,1,0.0,4495053.400846799,7224000000,53.796041099645024,277.0,1,5.2186176e+19,1991757.850865425,3618419503195.4414,1900000.0,2.609344984195032e+19,7858272.309851386,2.7569058147491887e-09,0,0,1,0.0,0.0,0
158,196200000.0,1,0.0,4512529.789102796,7272800000,54.079371264005324,278.0,1,5.289361984e+19,1965320.4462184347,3614266760694.1753,1900000.0,2.644717134667607e+19,7858272.309851386,2.2912445274414495e-09,0,0,1,0.0,0.0,0
159,196200000.0,1,0.0,4529998.992907665,7321600000,54.36275973010811,279.0,1,5.360582656e+19,1938883.0415714444,3611511890921.8467,1900000.0,2.680327443118909e+19,7858272.309851386,2.2912445274414495e-09,0,0,1,0.0,0.0,0
160,196200000.0,1,0.0,4547461.251743107,7370400000,54.646204250208406,280.0,1,5.432279616e+19,1912445.636924454,3610154893878.4556,1900000.0,2.716175909548939e+19,7858272.309851386,2.2912445274414495e-09,0,0,1,0.0,0.0,0
161,196200000.0,1,0.0,4564916.79710811,7419200000,54.92970269450765,281.0,1,5.504452864e+19,1900000.0,3610000000000.0,1900000.0,2.752262532e+19,7858272.309851386,2.2912445274414495e-09,0,0,1,0.0,0.0,0
162,196200000.0,1,0.0,4582368.380001833,7468000000,55.21325285491395,282.0,1,5.5771024e+19,1900000.0,3610000000000.0,1900000.0,2.7885873e+19,7858363.289656747,3.018840288859792e-09,0,0,1,0.0,0.0,0
163,196200000.0,1,0.0,4599813.689530397,7516800000,55.49685300817355,283.0,1,5.650228224e+19,1900000.0,3610000000000.0,1900000.0,2.825150212e+19,7858363.289656747,3.018840288859792e-09,0,0,1,0.0,0.0,0
164,196200000.0,1,0.0,4617262.75696061,7565600000,55.78050010911812,284.0,1,5.723830336e+19,1900000.0,3610000000000.0,1900000.0,2.861951268e+19,7858834.753079187,2.7350779419066384e-09,0,0,1,0.0,0.0,0
165,196200000.0,1,0.0,4634705.962279602,7614400000,56.064193714903716,285.0,1,5.797908736e+19,1900000.0,3610000000000.0,1900000.0,2.898990468e+19,7858834.753079187,2.7350779419066384e-09,0,0,1,0.0,0.0,0
166,196200000.0,1,0.0,4652143.500891081,7663200000,56.347932176545385,286.0,1,5.872463424e+19,1900000.0,3610000000000.0,1900000.0,2.936267812e+19,7858834.753079187,2.7350779419066384e-09,0,0,1,0.0,0.0,0
167,196200000.0,1,0.0,4670445.063717679,7712000000,56.631694177731,287.0,1,5.9474944e+19,1900000.0,3610000000000.0,1900000.0,2.9737833e+19,7900570.850633413,3.064997144974768e-09,0,0,1,0.0,0.0,0
168,196200000.0,1,0.0,4688741.331320923,7760800000,56.915498416365544,288.0,1,6.023001664e+19,1900000.0,3610000000000.0,1900000.0,3.011536932e+19,7900570.850633413,3.064997144974768e-09,0,0,1,0.0,0.0,0
169,196200000.0,1,0.0,4707161.518415575,7809600000,57.19934345701551,289.0,1,6.098985216e+19,1900000.0,3610000000000.0,1900000.0,3.049528708e+19,7909861.601560255,2.257365849800408e-09,0,0,1,0.0,0.0,0
170,196200000.0,1,0.0,4725576.757418184,7858400000,57.483227930745215,290.0,1,6.175445056e+19,1900000.0,3610000000000.0,1900000.0,3.087758628e+19,7909861.601560255,2.723027137108147e-09,0,0,1,0.0,0.0,0
171,196200000.0,1,0.0,4743987.213265148,7907200000,57.767150531231266,291.0,1,6.252381184e+19,1900000.0,3610000000000.0,1900000.0,3.126226692e+19,7909861.601560255,2.723027137108147e-09,0,0,1,0.0,0.0,0
172,196200000.0,1,0.0,4762393.045394991,7956000000,58.05111001114968,292.0,1,6.3297936e+19,1900000.0,3610000000000.0,1900000.0,3.1649329e+19,7909861.601560255,2.723027137108147e-09,0,0,1,0.0,0.0,0
173,196200000.0,1,0.0,4780794.407931615,8004800000,58.33510517881378,293.0,1,6.407682304e+19,1900000.0,3610000000000.0,1900000.0,3.203877252e+19,7909861.601560255,2.723027137108147e-09,0,0,1,0.0,0.0,0
174,196200000.0,1,0.0,4799191.449861462,8053600000,58.61913489504225,294.0,1,6.486047296e+19,1900000.0,3610000000000.0,1900000.0,3.243059748e+19,7909861.601560255,2.723027137108147e-09,0,0,1,0.0,0.0,0
175,196200000.0,1,0.0,4817584.315204756,8102400000,58.903198070239206,295.0,1,6.564888576e+19,1900000.0,3610000000000.0,1900000.0,3.282480388e+19,7909861.601560255,2.599335857667029e-09,0,0,1,0.0,0.0,0
176,196200000.0,1,0.0,4835977.7362161875,8151200000,59.187293568339825,296.0,1,6.644206144e+19,1900000.0,3610000000000.0,1900000.0,3.322139172e+19,7910082.067246811,4.059984348714352e-09,0,0,1,0.0,0.0,0
177,196200000.0,1,0.0,4853169.810507902,8200000000,59.47149295833178,297.0,1,6.724e+19,1900000.0,3610000000000.0,1900000.0,3.3620361e+19,7910082.067246811,3.157765604555607e-09,0,0,1,0.0,0.0,0
178,196200000.0,1,0.0,4870057.921335406,8248800000,59.75574000672759,298.0,1,6.804270144e+19,1900000.0,3610000000000.0,1900000.0,3.402171172e+19,7910082.067246811,3.157765604555607e-09,0,0,1,0.0,0.0,0
179,196200000.0,1,0.0,4888040.864356995,8297600000,60.039981230488024,299.0,1,6.885016576e+19,1900000.0,3610000000000.0,1900000.0,3.442544388e+19,7963409.4446381,3.0977389542385936e-09,0,0,1,0.0,0.0,0
180,196200000.0,1,0.0,4906708.369034001,8346400000,60.32417840695841,300.0,1,6.966239296e+19,1900000.0,3610000000000.0,1900000.0,3.483155748e+19,8024293.538110249,2.166416379623115e-09,0,0,1,0.0,0.0,0
181,196200000.0,1,0.0,4924755.507531645,8395200000,60.608445617166716,301.0,1,7.047938304e+19,1900000.0,3610000000000.0,1900000.0,3.524005252e+19,8024294.328277907,1.293301465921104e-09,0,0,1,0.0,0.0,0
182,196200000.0,1,0.0,4942798.063668983,8444000000,60.892744238178466,302.0,1,7.1301136e+19,1900000.0,3610000000000.0,1900000.0,3.5650929e+19,8024294.328277907,1.293301465921104e-09,0,0,1,0.0,0.0,0
183,196200000.0,1,0.0,4960836.190191362,8492800000,61.17707321056197,303.0,1,7.212765184e+19,1900000.0,3610000000000.0,1900000.0,3.606418692e+19,8024294.328277907,1.293301465921104e-09,0,0,1,0.0,0.0,0
184,196200000.0,1,0.0,4978870.034752614,8541600000,61.46143152360728,304.0,1,7.295893056e+19,1900000.0,3610000000000.0,1900000.0,3.647982628e+19,8024294.328277907,1.293301465921104e-09,0,0,1,0.0,0.0,0
185,196200000.0,1,0.0,4996899.740084774,8590400000,61.74581821248035,305.0,1,7.379497216e+19,1900000.0,3610000000000.0,1900000.0,3.689784708e+19,8024294.328277907,1.293301465921104e-09,0,0,1,0.0,0.0,0
186,196200000.0,1,0.0,5014925.444162147,8639200000,62.030232355579166,306.0,1,7.463577664e+19,1900000.0,3610000000000.0,1900000.0,3.731824932e+19,8024294.328277907,1.293301465921104e-09,0,0,1,0.0,0.0,0
187,196200000.0,1,0.0,5032947.280359892,8688000000,62.31467307207446,307.0,1,7.5481344e+19,1900000.0,3610000000000.0,1900000.0,3.7741033e+19,8024294.328277907,1.293301465921104e-09,0,0,1,0.0,0.0,0
188,196200000.0,1,0.0,5050965.377607331,8736800000,62.599139519620465,308.0,1,7.633167424e+19,1900000.0,3610000000000.0,1900000.0,3.816619812e+19,8024294.328277907,1.293301465921104e-09,0,0,1,0.0,0.0,0
189,196200000.0,1,0.0,5068965.873653088,8785600000,62.88363089222141,309.0,1,7.718676736e+19,1900000.0,3610000000000.0,1900000.0,3.859374468e+19,8023287.272698317,2.1227606339380145e-09,0,0,1,0.0,0.0,0
190,196200000.0,1,0.0,5086962.875857504,8834400000,63.16814641824152,310.0,1,7.804662336e+19,1900000.0,3610000000000.0,1900000.0,3.902367268e+19,8023287.272698317,2.1227606339380145e-09,0,0,1,0.0,0.0,0
191,196200000.0,1,0.0,5104956.500681955,8883200000,63.45268535854725,311.0,1,7.891124224e+19,1900000.0,3610000000000.0,1900000.0,3.945598212e+19,8023287.272698317,2.1227606339380145e-09,0,0,1,0.0,0.0,0
192,196200000.0,1,0.0,5122946.860705772,8932000000,63.73724700477127,312.0,1,7.9780624e+19,1900000.0,3610000000000.0,1900000.0,3.9890673e+19,8023287.272698317,2.1227606339380145e-09,0,0,1,0.0,0.0,0
193,196200000.0,1,0.0,5140934.0647556465,8980800000,64.02183067768894,313.0,1,8.065476864e+19,1900000.0,3610000000000.0,1900000.0,4.032774532e+19,8023287.272698317,2.1227606339380145e-09,0,0,1,0.0,0.0,0
194,196200000.0,1,0.0,5158918.218030708,9029600000,64.30643572569868,314.0,1,8.153367616e+19,1900000.0,3610000000000.0,1900000.0,4.076719908e+19,8023287.272698317,3.0831870390102267e-09,0,0,1,0.0,0.0,0
195,196200000.0,1,0.0,5176899.422223452,9078400000,64.5910615233983,315.0,1,8.241734656e+19,1900000.0,3610000000000.0,1900000.0,4.120903428e+19,8023287.272698317,2.1227606339380145e-09,0,0,1,0.0,0.0,0
196,196200000.0,1,0.0,5194877.775636505,9127200000,64.8757074702505,316.0,1,8.330577984e+19,1900000.0,3610000000000.0,1900000.0,4.165325092e+19,8023287.2726929,2.0063453121110797e-09,0,0,1,0.0,0.0,0
197,196200000.0,1,0.0,5212853.37329597,9176000000,65.16037298933064,317.0,1,8.4198976e+19,1900000.0,3610000000000.0,1900000.0,4.2099849e+19,8023287.2726929,2.0063453121110797e-09,0,0,1,0.0,0.0,0
198,196200000.0,1,0.0,5230826.3070602985,9224800000,65.4450575261508,318.0,1,8.509693504e+19,1900000.0,3610000000000.0,1900000.0,4.254882852e+19,8023287.2726929,2.0063453121110797e-09,0,0,1,0.0,0.0,0
199,196200000.0,1,0.0,5248796.665725995,9273600000,65.72976054755522,319.0,1,8.599965696e+19,1900000.0,3610000000000.0,1900000.0,4.300018948e+19,8023287.2726929,2.0063453121110797e-09,0,0,1,0.0,0.0,0
200,486200000.0,1,0.0,5184267.795043916,9522400000,66.02388960528098,320.0,1,9.067610176e+19,3913876.5032791165,4101704224597.6333,1900000.0,4.533846105042246e+19,8073860.415242882,4.538378561846912e-09,0,0,1,0.0,0.0,0
201,486200000.0,1,0.0,5144327.285745107,9771200000,66.31557511196762,321.0,1,9.547634944e+19,5927753.006558233,5576816898390.533,1900000.0,4.773873240168984e+19,8073860.415242882,4.538378561846912e-09,0,0,1,0.0,0.0,0
202,486200000.0,1,0.0,5104386.776446299,10020000000,66.6079254837277,322.0,1,1.004004e+20,7941629.509837349,8035338021378.699,1900000.0,5.0201003533802136e+19,8073860.415242882,3.6943674786016345e-09,0,0,1,0.0,0.0,0
203,486200000.0,1,0.0,5064446.26714749,10268800000,66.90108722003099,323.0,1,1.0544825344e+20,9955506.013116466,11477267593562.133,1900000.0,5.2725274446759354e+19,8073860.415242882,3.534296411089599e-09,0,0,1,0.0,0.0,0
204,486200000.0,1,0.0,5024779.019979966,10517600000,67.19523340892042,324.0,1,1.1061990976e+20,11966921.974436313,15893678706039.355,1900000.0,5.53115442478706e+19,8083697.851969138,5.0749804358929396e-09,0,0,1,0.0,0.0,0
205,486200000.0,1,0.0,4986160.441405591,10766400000,67.4905336594352,325.0,1,1.1591536896e+20,13978337.935756162,21289937172365.703,2174372.9728559153,5.795981347371724e+19,8121449.921322557,5.769834388047457e-09,0,0,1,0.0,0.0,0
206,486200000.0,1,0.0,4947541.862831219,11015200000,67.78757502074019,326.0,1,1.2133463104e+20,15989753.89707601,27666042992541.176,2535129.684062661,6.0670082124299256e+19,8121449.921322557,5.769834388047457e-09,0,0,1,0.0,0.0,0
207,486200000.0,1,0.0,4908923.284256844,11264000000,68.08706231703566,327.0,1,1.26877696e+20,18001169.85839586,35021996166565.773,2895886.395269407,6.344235019961666e+19,8121449.921322557,5.769834388047457e-09,0,0,1,0.0,0.0,0
208,486200000.0,1,0.0,4870304.705682472,11512800000,68.3902133491775,328.0,1,1.3254456384e+20,20012585.81971571,43357796694439.49,3256643.106476153,6.627661769966944e+19,8121449.921322557,5.769834388047457e-09,0,0,1,0.0,0.0,0
209,486200000.0,1,0.0,4831686.127108099,11761600000,68.6993509486506,329.0,1,1.3833523456e+20,22024001.781035554,52673444576162.336,3617399.8176828986,6.917288462445761e+19,8121449.921322557,5.769834388047457e-09,0,0,1,0.0,0.0,0
210,486200000.0,1,0.0,4793169.86071527,12010400000,69.01956289807124,330.0,1,1.4424970816e+20,24033576.123087578,62961053463369.67,3978156.5288896444,7.2131150185346335e+19,8125133.15985821,4.081812221556902e-09,0,0,1,0.0,0.0,0
211,486200000.0,1,0.0,4754653.594322444,12259200000,69.3647550579306,331.0,1,1.5028798464e+20,26043150.465139598,74227078906143.05,4338913.24009639,7.515141502789062e+19,8125133.15985821,4.081812221556902e-09,0,0,1,0.0,0.0,0
212,486200000.0,1,0.0,4716137.327929615,12508000000,69.79160299790057,332.0,1,1.56450064e+20,28052724.80719162,86471520904482.45,4699669.951303137,7.823367915209045e+19,8125133.15985821,4.107278073206544e-09,0,0,1,0.0,0.0,0
213,486200000.0,1,0.0,4677621.061536788,12756800000,71.12702902604822,333.0,1,1.6273594624e+20,30062299.149243645,99694379458387.89,5060426.662509883,8.137794255794584e+19,8125133.15985821,4.107278073206544e-09,0,0,1,0.0,0.0,0
214,420734778.5728374,2,0.0,4653311.65743284,13071065221,78.64405469417942,334.0,2,1.6914991705521652e+20,31560426.44889596,108863506900478.6,5165459.852516775,8.45858448782983e+19,8125133.15985821,4.110916052013636e-09,0,0,1,0.0,0.0,0
215,393846281.93107307,2,0.0,4634837.430543991,13412218939,78.93669694669786,335.0,2,1.7570402617766366e+20,32848487.36866965,116560800431996.3,5165459.852516775,8.786366916887503e+19,8125133.159587884,5.3041731007397175e-09,0,0,1,0.0,0.0,0
216,393846281.93107307,2,0.0,4616363.203655139,13753372658,79.23001076721134,336.0,2,1.8239899659859316e+20,34136548.28844335,124787789625419.5,5165459.852516775,9.121197707825912e+19,8125133.159587884,5.3041731007397175e-09,0,0,1,0.0,0.0,0
217,393846281.93107307,2,0.0,4598338.881159287,14094526376,79.52403020623431,337.0,2,1.8923482831800494e+20,35416510.929143086,133495091609865.62,5165459.852516775,9.463076366816346e+19,8141329.717735789,5.111360223963857e-09,0,0,1,0.0,0.0,0
218,393846281.93107307,2,0.0,4580314.558663433,14435680094,79.81892442936102,338.0,2,1.9621152133589903e+20,36696473.56984283,142726664209236.25,5165459.852516775,9.812003333437044e+19,8141329.717735789,5.111360223963857e-09,0,0,1,0.0,0.0,0
219,393846281.93107307,2,0.0,4562290.23616758,14776833812,80.1148370639667,339.0,2,2.033290756522754e+20,37976436.210542575,152482507423531.4,5375000.0,1.0167978607688006e+20,8141329.717735789,5.111360223963857e-09,0,0,1,0.0,0.0,0
220,393846281.93107307,2,0.0,4544265.913671727,15117987530,80.41194928026765,340.0,2,2.1058749126713413e+20,39256398.85124231,162762621252751.1,5643750.0,1.0531002189569234e+20,8141329.717735789,5.111360223963857e-09,0,0,1,0.0,0.0,0
221,393846281.93107307,2,0.0,4527928.240184913,15459141248,80.71019343502057,341.0,2,2.1798676818047517e+20,40506001.809779316,173313981781677.16,5912500.0,1.0901071548841574e+20,8202049.08206126,4.3401087168604136e-09,0,0,1,0.0,0.0,0
222,393846281.93107307,2,0.0,4511590.566698102,15800294966,81.0101090030712,342.0,2,2.255269063922985e+20,41755604.76831632,184367490591910.7,6181250.0,1.1278188994520844e+20,8202049.08206126,3.874447429552674e-09,0,0,1,0.0,0.0,0
223,393846281.93107307,2,0.0,4495252.893211287,16141448684,81.31208402124318,343.0,2,2.3320790590260412e+20,43005207.72685333,195923147683451.7,6450000.0,1.166235452660704e+20,8202049.08206126,3.874447429552674e-09,0,0,1,0.0,0.0,0
224,393846281.93107307,2,0.0,4478915.219724476,16482602402,81.61665161202043,344.0,2,2.4102976671139208e+20,44254810.68539034,207980953056300.2,6718750.0,1.2053568145100168e+20,8202049.08206126,3.874447429552674e-09,0,0,1,0.0,0.0,0
225,393846281.93107307,2,0.0,4462577.293503503,16823756120,81.92456889825091,345.0,2,2.4899248881866234e+20,45504418.19314221,220540950909085.1,6987500.0,1.2451829850442208e+20,8202039.983631511,3.2778189051896334e-09,0,0,1,0.0,0.0,0
226,393846281.93107307,2,0.0,4446239.367282531,17164909838,82.23695559010204,346.0,2,2.570960722244149e+20,46754025.700894095,233603100219983.4,7256250.0,1.2857139642222944e+20,8202039.983631511,3.2778189051896334e-09,0,0,1,0.0,0.0,0
227,393846281.93107307,2,0.0,4429901.450838971,17506063556,82.5555556657956,347.0,2,2.653405169286498e+20,48003633.0326526,247167399946408.84,7525000.0,1.3269497520431954e+20,8202040.335618251,2.055458026006818e-09,0,0,1,0.0,0.0,0
228,393846281.93107307,2,0.0,4413563.534395406,17847217274,82.88327545500898,348.0,2,2.7372582293136697e+20,49253240.364411116,261233851121519.94,7793750.0,1.3688903485079563e+20,8202040.335618251,2.055458026006818e-09,0,0,1,0.0,0.0,0
229,393846281.93107307,2,0.0,4397225.617951845,18188370992,83.22543049458781,349.0,2,2.8225199023256646e+20,50502847.69616962,275802453745316.75,8062500.0,1.4115357536165777e+20,8202040.335618251,2.055458026006818e-09,0,0,1,0.0,0.0,0
230,393846281.93107307,2,0.0,4380887.70150828,18529524711,83.5931696135526,350.0,2,2.9091901883224827e+20,51752455.02792814,290873207817799.2,8331250.0,1.4548859673690592e+20,8202040.335618251,2.055458026006818e-09,0,0,1,0.0,0.0,0
231,393846281.93107307,2,0.0,4364549.871529067,18870678429,84.0157725857086,351.0,2,2.997269087304124e+20,53002060.80332839,306446096644664.2,8600000.0,1.4989409897487063e+20,8202043.448334772,2.5120243662968278e-09,0,0,1,0.0,0.0,0
232,393846281.93107307,2,0.0,4348212.04154985,19211832147,84.61441784785136,352.0,2,3.0867565992705884e+20,54251666.57872863,322521135890214.75,8868750.0,1.5437008207711843e+20,8202043.448334772,3.030436346307397e-09,0,0,1,0.0,0.0,0
233,393846281.93107307,2,0.0,4332373.061074768,19552985865,89.68906422832046,353.0,3,3.177652724221875e+20,55492293.06305452,339043729440347.56,9137500.0,1.589165405840378e+20,8220002.030483509,3.030436346307397e-09,0,0,1,0.0,0.0,0
234,331934608.1520518,3,0.0,4336687.620241296,19956051257,93.44814129774022,354.0,3,3.269995792711487e+20,56007392.12028249,343270200527248.44,9164407.524300698,1.6353411665562708e+20,8220002.030483509,3.523382474668324e-09,0,0,1,0.0,0.0,0
235,325046281.93107307,3,0.0,4343244.473099544,20366004975,93.73513055275234,355.0,3,3.363841668495541e+20,56441768.60460837,346214923007035.3,9164407.524300698,1.6822670491707775e+20,8220002.030483509,3.4651748137548566e-09,0,0,1,0.0,0.0,0
236,325046281.93107307,3,0.0,4349801.325957795,20775958693,94.02641203822579,356.0,3,3.459190826064417e+20,56876145.08893425,349282844626444.2,9164407.524300698,1.729944695876835e+20,8220002.030483509,3.2396201277151704e-09,0,0,1,0.0,0.0,0
237,325046281.93107307,3,0.0,4356358.178816044,21185912411,94.3230775259615,357.0,3,3.556043265418117e+20,57310521.573260136,352473965385475.0,9164407.524300698,1.778374106674444e+20,8220002.030483509,3.2396201277151704e-09,0,0,1,0.0,0.0,0
238,325046281.93107307,3,0.0,4363031.968399196,21595866129,94.62641110108875,358.0,3,3.65439898655664e+20,57742793.19653779,355763605955434.94,9164407.524300698,1.8275552568842754e+20,8224211.752579953,2.8339854907244444e-09,0,0,1,0.0,0.0,0
239,325046281.93107307,3,0.0,4369705.757982346,22005819847,94.94040827739074,359.0,3,3.754257989479986e+20,58175064.81981546,359176188461603.3,9164407.524300698,1.8774881709284547e+20,8224211.752579953,2.812157617881894e-09,0,0,1,0.0,0.0,0
240,325046281.93107307,3,0.0,4376379.547565498,22415773565,95.27174884363231,360.0,3,3.855620274188155e+20,58607336.44309311,362711712903980.1,9164407.524300698,1.9281728488069815e+20,8224211.752579953,2.812157617881894e-09,0,0,1,0.0,0.0,0
241,325046281.93107307,3,0.0,4383053.33714865,22825727283,95.6358842372019,361.0,3,3.958485840681147e+20,59039608.06637077,366370179282565.3,9164407.524300698,1.979609290519856e+20,8224211.752579953,3.743480192497373e-09,0,0,1,0.0,0.0,0
242,325046281.93107307,3,0.0,4389305.181594858,23235681001,96.07860752938078,362.0,3,4.062854688958962e+20,59475677.19588092,370161229175681.2,9164407.524300698,2.0317975057086566e+20,8209021.7276500175,4.725734470412135e-09,0,0,1,0.0,0.0,0
243,325046281.93107307,3,0.0,4395557.026041067,23645634719,96.82327978531065,363.0,3,4.1687268190216e+20,59911746.32539106,374075697621869.4,9164407.524300698,2.084737485208422e+20,8209021.7276500175,4.725734470412135e-09,0,0,1,0.0,0.0,0
244,325046281.93107307,3,0.0,4401808.870487275,24055588437,104.77082443818544,364.0,4,4.276102230869062e+20,60347815.4549012,378113584621129.8,9164407.524300698,2.138429229019152e+20,8209021.7276500175,4.725734470412135e-09,0,0,1,0.0,0.0,0
245,287016161.5482503,4,0.0,4420440.311412267,24503572276,105.05254724901133,365.0,4,4.38499538740191e+20,60338219.11117514,377557715445661.5,9164407.524300698,2.1928752514164005e+20,8209021.7276500175,4.725734470412135e-09,0,0,1,0.0,0.0,0
246,286246281.93107307,4,0.0,4439322.364191808,24952325994,105.33580549009066,366.0,4,4.495421928592434e+20,60319600.740685284,376962364530577.56,9164407.524300698,2.2480879266607478e+20,8209021.7276500175,4.725734470412135e-09,0,0,1,0.0,0.0,0
247,286246281.93107307,4,0.0,4458204.416971351,25401079712,105.62110305801632,367.0,4,4.607381860367782e+20,60300982.370195426,376422350650111.8,9164407.524300698,2.304067352534541e+20,8209021.7276500175,4.725734470412135e-09,0,0,1,0.0,0.0,0
248,286246281.93107307,4,0.0,4477147.048389703,25849833430,105.90864244388688,368.0,4,4.7208751827279525e+20,60281273.58420696,375923347641244.44,9164407.524300698,2.3608135147116174e+20,8211202.558647234,5.540641723200679e-09,0,0,1,0.0,0.0,0
249,286246281.93107307,4,0.0,4496089.679808057,26298587148,106.19891142208839,369.0,4,4.8359018956729464e+20,60261564.798218496,375479838023042.75,9164407.524300698,2.4183264276744962e+20,8211202.558647234,5.766196409240365e-09,0,0,1,0.0,0.0,0
250,286246281.93107307,4,0.0,4517352.897423795,26747340866,106.49226865926934,370.0,4,4.9524619992027634e+20,60220970.736453585,375028032997599.5,9164407.524300698,2.4766060276343793e+20,8294743.66175304,3.4815457183867693e-09,0,0,1,0.0,0.0,0
251,286246281.93107307,4,0.0,4538616.115039531,27196094584,106.78977855621731,371.0,4,5.0705554933174036e+20,60180376.67468867,374629813862204.44,9164407.524300698,2.535652376472564e+20,8294743.66175304,3.4815457183867693e-09,0,0,1,0.0,0.0,0
252,286246281.93107307,4,0.0,4559879.33265527,27644848302,107.09273058198303,372.0,4,5.190182378016867e+20,60139782.612923756,374285180616857.44,9164407.524300698,2.5954654741890502e+20,8294743.66175304,3.4815457183867693e-09,0,0,1,0.0,0.0,0
253,285063789.0346102,4,0.0,4582089.649428744,28094784513,107.40304075801025,373.0,4,5.311429397467385e+20,60083735.989423975,373938604654062.2,9164407.524300698,2.6560886373383465e+20,8319601.005678012,2.8085196390748024e-09,0,0,1,0.0,0.0,0
254,285063789.0346102,4,0.0,4604500.406981992,28544720724,107.72426085516528,374.0,4,5.4342142037731384e+20,60024081.43188831,373628585495163.25,9164407.524300698,2.7174807304720643e+20,8326816.873749797,3.448803909122944e-09,0,0,1,0.0,0.0,0
255,285063789.0346102,4,0.0,4626911.1645352375,28994656935,108.06268883881067,375.0,4,5.558536796934127e+20,59964426.87435264,373373907281306.3,9164407.524300698,2.7796417723743447e+20,8326816.873749797,3.448803909122944e-09,0,0,1,0.0,0.0,0
256,285063789.0346102,4,0.0,4649321.922088486,29444593146,108.43112098716843,376.0,4,5.684397176950351e+20,59904772.31681697,373174570012491.44,9164407.524300698,2.842571763045188e+20,8326816.873749797,3.448803909122944e-09,0,0,1,0.0,0.0,0
257,285063789.0346102,4,0.0,4671732.679641732,29894529357,108.86041764896787,377.0,4,5.81179534382181e+20,59845117.75928131,373030573688718.5,9164407.524300698,2.9062707024845937e+20,8326816.873749797,3.448803909122944e-09,0,0,1,0.0,0.0,0
258,285063789.0346102,4,0.0,4694143.437194981,30344465568,109.44920260591971,378.0,4,5.940731297548504e+20,59785463.20174564,372941918309987.56,9164407.524300698,2.970738590692562e+20,8326816.873749797,3.448803909122944e-09,0,0,1,0.0,0.0,0
259,285063789.0346102,4,0.0,4716554.194748229,30794401779,110.77992024473505,379.0,4,6.071205038130434e+20,59725808.644209966,372908603876298.7,9164407.524300698,3.035975427669093e+20,8326816.873749797,3.448803909122944e-09,0,0,1,0.0,0.0,0
260,280374445.3498866,5,0.0,4740078.8910153555,31249027334,117.7512867284536,380.0,5,6.203216785467039e+20,59614913.70352035,372503399033146.7,9164407.524300698,3.1019808961325525e+20,8311965.421144168,6.126356311142445e-09,0,0,1,0.0,0.0,0
261,261263789.0346102,5,0.0,4769824.504051781,31722763545,118.0263139630105,381.0,5,6.336773996287033e+20,59280065.759136096,370357537539988.2,9164407.524300698,3.168757355681057e+20,8311965.421144168,5.660695023834705e-09,0,0,1,0.0,0.0,0
262,261263789.0346102,5,0.0,4799570.117088203,32196499756,118.3017233030848,382.0,5,6.471880322762262e+20,58945217.81475183,368253943332177.3,9164407.524300698,3.2363084153244634e+20,8311965.421144168,5.4569682106375694e-09,0,0,1,0.0,0.0,0
263,261263789.0346102,5,0.0,4829315.730124629,32670235967,118.57749427517057,383.0,5,6.608535764892727e+20,58610369.87036757,366192616409714.1,9164407.524300698,3.3046340750627734e+20,8311965.421144168,5.4569682106375694e-09,0,0,1,0.0,0.0,0
264,261263789.0346102,5,0.0,4859061.343161051,33143972178,118.85360785511133,384.0,5,6.746740322678427e+20,58275521.92598331,364173556772598.6,9164407.524300698,3.373734334895986e+20,8311965.421144168,5.4569682106375694e-09,0,0,1,0.0,0.0,0
265,261263789.0346102,5,0.0,4888806.956197477,33617708389,119.13004634144878,385.0,5,6.886493996119362e+20,57940673.98159905,362196764420830.75,9164407.524300698,3.443609194824102e+20,8311965.421144168,5.4569682106375694e-09,0,0,1,0.0,0.0,0
266,261263789.0346102,5,0.0,4918552.569233903,34091444600,119.4067932418689,386.0,5,7.027796785215532e+20,57605826.037214786,360262239354410.56,9164407.524300698,3.51425865484712e+20,8311965.421144168,5.4569682106375694e-09,0,0,1,0.0,0.0,0
267,261263789.0346102,5,0.0,4949739.335217811,34565180811,119.68372838337254,387.0,5,7.170648689966938e+20,57245037.339775786,358290462565627.0,9164407.524300698,3.585682635446034e+20,8363846.927253647,3.8853613659739494e-09,0,0,1,0.0,0.0,0
268,261263789.0346102,5,0.0,4980926.101201722,35038917021,119.96094803322431,388.0,5,7.315049710373578e+20,56884248.642336786,356368992355306.7,9164407.524300698,3.6578812241791445e+20,8363846.927253648,4.1763996705412865e-09,0,0,1,0.0,0.0,0
269,261263789.0346102,5,0.0,5012249.863738992,35512653232,120.238436501192,389.0,5,7.460999846435454e+20,56525180.19973819,354500412143829.44,9164407.524300698,3.7308544236298705e+20,8368778.803174647,1.2078089639544487e-09,0,0,1,0.0,0.0,0
270,261263789.0346102,5,0.0,5043573.626276261,35986389443,120.51618231847962,390.0,5,7.608499098152564e+20,56166111.757139586,352681540971578.1,9164407.524300698,3.8046022306172535e+20,8368778.803174647,1.2078089639544487e-09,0,0,1,0.0,0.0,0
271,261263789.0346102,5,0.0,5074780.452088633,36460125654,120.79443827039337,391.0,5,7.75754746552491e+20,55809148.17558921,350939037815686.06,9164407.524300698,3.879124671800271e+20,8364569.081078203,1.44427758641541e-09,0,0,1,0.0,0.0,0
272,261263789.0346102,5,0.0,5105987.277901001,36933861865,121.07291268859997,392.0,5,7.908144948552491e+20,55452184.59403883,349246109529832.2,9164407.524300698,3.954421720385775e+20,8364569.081078203,1.44427758641541e-09,0,0,1,0.0,0.0,0
273,261263789.0346102,5,0.0,5136658.538708447,37407598076,121.35100042833294,393.0,5,8.060291547235309e+20,55089909.79504229,347535823129848.0,9164407.524300698,4.0304933094407845e+20,8345288.740900811,1.5643308870494366e-09,0,0,1,0.0,0.0,0
274,261263789.0346102,5,0.0,5167329.799515886,37881334287,121.62932467562382,394.0,5,8.21398726157336e+20,54727634.99604576,345875467180043.75,9164407.524300698,4.10733950625386e+20,8345288.740900811,1.5643308870494366e-09,0,0,1,0.0,0.0,0
275,261263789.0346102,5,0.0,5198001.060323328,38355070498,121.90787442775795,395.0,5,8.369232091566649e+20,54365360.19704922,344265041680419.4,9164407.524300698,4.1849603108250046e+20,8345288.740900811,1.5643308870494366e-09,0,0,1,0.0,0.0,0
276,261263789.0346102,5,0.0,5228672.395874874,38828806709,122.18663935594142,396.0,5,8.52602603721517e+20,54003085.398052685,342704546630974.94,9164407.524300698,4.263355723154216e+20,8345291.431688452,1.5061232261359692e-09,0,0,1,0.0,0.0,0
277,261263789.0346102,5,0.0,5259343.731426416,39302542920,122.46560976300682,397.0,5,8.684369098518929e+20,53640810.59905615,341193982031710.44,9164407.524300698,4.3425257432414965e+20,8345291.431688452,3.368768375366926e-09,0,0,1,0.0,0.0,0
278,261263789.0346102,5,0.0,5287973.29057361,39776279131,122.74488557809634,398.0,5,8.844261275477921e+20,53337352.361207545,339777832086917.8,9164407.524300698,4.4224704155710475e+20,8271787.481131883,3.9508449845016e-09,0,0,1,0.0,0.0,0
279,261263789.0346102,5,0.0,5316602.849720804,40250015342,123.02434422717968,399.0,5,9.00570256809215e+20,53097808.177116685,338389920482765.8,9164407.524300698,4.5031896739665576e+20,8271787.481131883,3.9508449845016e-09,0,0,1,0.0,0.0,0
280,261263789.0346102,5,0.0,5345232.408867998,40723751553,123.30397788421143,400.0,5,9.168692976361612e+20,52858263.993025824,337026162212986.8,9164407.524300698,4.584683514343019e+20,8271787.481131883,3.9508449845016e-09,0,0,1,0.0,0.0,0
281,261263789.0346102,5,0.0,5373861.968015191,41197487764,123.58377916757068,401.0,5,9.333232500286312e+20,52618719.808934964,335686557277580.75,9164407.524300698,4.666951936700434e+20,8271787.481131883,3.9508449845016e-09,0,0,1,0.0,0.0,0
282,261263789.0346102,5,0.0,5402491.527162384,41671223975,123.86374110880752,402.0,5,9.499321139866246e+20,52379175.624844104,334371105676547.56,9164407.524300698,4.749994941038799e+20,8271787.481131883,3.9508449845016e-09,0,0,1,0.0,0.0,0
283,261288417.50180358,5,0.0,5433263.427691038,42144935558,124.14375207142926,403.0,5,9.666955705952955e+20,52098286.76616828,333056457373262.94,9164407.524300698,4.833810909433851e+20,8355054.06000166,3.077730070799589e-09,0,0,1,0.0,0.0,0
284,261288417.50180358,5,0.0,5461812.770850377,42618647140,124.4239970695711,404.0,5,9.836139295560891e+20,51817397.90749246,331778522386144.1,9164407.524300698,4.918401426302832e+20,8355054.06000166,2.6775524020195007e-09,0,0,1,0.0,0.0,0
285,261288417.50180358,5,0.0,5490362.098551292,43092358723,124.7043873500761,405.0,5,1.0006871908690054e+21,51609482.96552528,330531975522671.5,9164407.524300698,5.00376648632055e+20,8355054.06000166,3.3760443329811096e-09,0,0,1,0.0,0.0,0
286,261288417.50180358,5,0.0,5518911.411309065,43566070305,124.9849171297478,406.0,5,1.0179153545340442e+21,51425182.03061778,329304041142658.3,9164407.524300698,5.0899060767113635e+20,8355054.06000166,3.3760443329811096e-09,0,0,1,0.0,0.0,0
287,261288417.50180358,5,0.0,5547460.709621804,44039781887,125.26558093012703,407.0,5,1.0352984205512058e+21,51240881.09571028,328094161624775.3,9164407.524300698,5.1768201969176537e+20,8355054.06000166,2.6775524020195007e-09,0,0,1,0.0,0.0,0
288,261288417.50180358,5,0.0,5576009.993971008,44513493470,125.54637355761807,408.0,5,1.0528363889204898e+21,51056580.16080278,326902336969022.5,9164407.524300698,5.264508846939418e+20,8355054.06000166,2.6775524020195007e-09,0,0,1,0.0,0.0,0
289,261288417.50180358,5,0.0,5604559.264822129,44987205052,125.82729008515295,409.0,5,1.0705292596418967e+21,50903260.2834297,325727607349473.8,9164407.524300698,5.352972025816833e+20,8355054.06000166,2.6775524020195007e-09,0,0,1,0.0,0.0,0
290,261288417.50180358,5,0.0,5633108.522625102,45460916635,126.10832583525622,410.0,5,1.0883770327154261e+21,50794889.391424105,324561422260510.6,9164407.524300698,5.442209724999391e+20,8355054.06000166,2.6775524020195007e-09,0,0,1,0.0,0.0,0
291,265619437.6083703,5,0.0,5662597.659331049,45930297197,126.38950736607374,411.0,5,1.1063171644724675e+21,50686518.49941851,323401761290847.44,9164407.524300698,5.531909224123628e+20,8422726.249166766,2.8740032576024532e-09,0,0,1,0.0,0.0,0
292,265619437.6083703,5,0.0,5692086.783844229,46399677760,126.67079851513208,412.0,5,1.1244106160949258e+21,50578147.60741292,322248624440484.2,9164407.524300698,5.6223753290990695e+20,8422726.249166766,2.8740032576024532e-09,0,0,1,0.0,0.0,0
293,265619437.6083703,5,0.0,5721429.15152231,46869058322,126.95223112400382,413.0,5,1.1426573875828012e+21,50470241.84933828,321107536183370.9,9164407.524300698,5.713608045450189e+20,8417443.427411616,4.16184775531292e-09,0,0,1,0.0,0.0,0
294,265619437.6083703,5,0.0,5750771.507806927,47338438885,127.23376388043812,414.0,5,1.1610574789360934e+21,50362336.091263644,319972938651276.7,9164407.524300698,5.8056073676191184e+20,8417443.427411616,4.16184775531292e-09,0,0,1,0.0,0.0,0
295,265619437.6083703,5,0.0,5780113.85307786,47807819447,127.51539326090452,415.0,5,1.1796108901548028e+21,50254430.333189,318844831844201.7,9164407.524300698,5.898373295605858e+20,8417443.427411616,4.16184775531292e-09,0,0,1,0.0,0.0,0
296,265619437.6083703,5,0.0,5809456.187702232,48277200009,127.79711590638318,416.0,5,1.198317621238929e+21,50146524.57511437,317723215762145.9,9164407.524300698,5.991905829410408e+20,8417443.427411616,4.16184775531292e-09,0,0,1,0.0,0.0,0
297,265619437.6083703,5,0.0,5838801.205936776,48746580572,128.07892852521502,417.0,5,1.2171776721884723e+21,50038618.81703973,316608090405109.2,9164407.524300698,6.086204969032767e+20,8417540.407877982,2.3101165425032377e-09,0,0,1,0.0,0.0,0
298,265619437.6083703,5,0.0,5868146.214222698,49215961134,128.3608281488524,418.0,5,1.2361910430034326e+21,49930713.058965094,315499455773091.6,9164407.524300698,6.181270714472936e+20,8417540.407877982,2.3101165425032377e-09,0,0,1,0.0,0.0,0
299,265619437.6083703,5,0.0,5897187.061990243,49685341697,128.64282225763841,419.0,5,1.2553577336838097e+21,49822807.30089045,314397311866093.25,9164407.524300698,6.277103065730915e+20,8406590.975428216,3.939931048080325e-09,0,0,1,0.0,0.0,0
300,265619437.6083703,5,0.0,5926227.900461354,50154722259,128.92489728590502,420.0,5,1.2746777442296039e+21,49714901.54281582,313301658684114.06,9164407.524300698,6.373702022806704e+20,8406590.975428216,3.939931048080325e-09,0,0,1,0.0,0.0,0
301,265619437.6083703,5,0.0,5955268.729945914,50624102821,128.92133629730174,420.0,5,1.294151074640815e+21,49606995.78474118,312212496227154.0,9164407.524300698,6.471067585700301e+20,8406590.975428177,2.586602931842208e-09,0,0,1,0.0,0.0,0
302,265619437.6083703,5,0.0,5984309.550743475,51093483384,128.9178510422494,420.0,5,1.313777724917443e+21,49499090.026666544,311129824495213.1,9164407.524300698,6.56919975441171e+20,8406590.975428177,3.2268872018903494e-09,0,0,1,0.0,0.0,0
303,265619437.6083703,5,0.0,6013350.36313835,51562863946,128.91443909457422,420.0,5,1.3335576950594881e+21,49391184.26868646,310053643489380.75,9164407.524300698,6.66809852894093e+20,8406590.975239066,3.103195922449231e-09,0,0,1,0.0,0.0,0
304,265619437.6083703,5,0.0,6042391.517036478,52032244508,128.91109805488898,420.0,5,1.3534909850669503e+21,49283272.21753255,308983895989605.3,9164407.524300698,6.767763909230741e+20,8406603.561586719,2.2882886696606874e-09,0,0,1,0.0,0.0,0
305,265619437.6083703,5,0.0,6071432.663087669,52501625071,128.90782577779171,420.0,5,1.3735775949398294e+21,49175360.16637865,307920640124130.2,9164407.524300698,6.868195895339271e+20,8406603.561586719,2.2882886696606874e-09,0,0,1,0.0,0.0,0
306,265619437.6083703,5,0.0,6100473.801553492,52971005633,128.90462013078448,420.0,5,1.3938175246781252e+21,49067448.115224734,306863875892955.4,9164407.524300698,6.969394487266519e+20,8406603.561586719,2.2882886696606874e-09,0,0,1,0.0,0.0,0
307,265619437.6083703,5,0.0,6129514.932686791,53440386196,128.90147906929363,420.0,5,1.4142107742818384e+21,48959536.06407083,305813603296080.8,9164407.524300698,7.071359685012488e+20,8406603.561586719,2.2882886696606874e-09,0,0,1,0.0,0.0,0
308,265619437.6083703,5,0.0,6158676.767419985,53909766758,128.8982966274694,420.0,5,1.434757343750968e+21,48849451.22053289,304745179955094.0,9164407.524300698,7.174091463934795e+20,8410949.14635478,1.5897967386990786e-09,0,0,1,0.0,0.0,0
309,265619437.6083703,5,0.0,6187838.595301343,54379147320,128.895179283472,420.0,5,1.4554572330855152e+21,48739366.37699495,303683407954378.0,9164407.524300698,7.27758984883553e+20,8410949.14635478,1.5897967386990786e-09,0,0,1,0.0,0.0,0
310,265619437.6083703,5,0.0,6217000.41655926,54848527883,128.89212502744877,420.0,5,1.476310442285479e+21,48629281.53345701,302628287293932.7,9164407.524300698,7.381854839714689e+20,8410949.14635478,1.5897967386990786e-09,0,0,1,0.0,0.0,0
311,265619437.6083703,5,0.0,6246162.231414516,55317908445,128.88913193214833,420.0,5,1.49731697135086e+21,48519196.68991907,301579817973758.1,9164407.524300698,7.486886436572273e+20,8410949.14635478,1.5897967386990786e-09,0,0,1,0.0,0.0,0
312,265619437.6083703,5,0.0,6275323.067724835,55787289008,128.88619817543807,420.0,5,1.5184768202816577e+21,48409111.846381135,300537999993854.3,9164407.524300698,7.592684639408283e+20,8410914.141549572,1.356966095045209e-09,0,0,1,0.0,0.0,0
313,265619437.6083703,5,0.0,6304483.898052222,56256669570,128.88332195529884,420.0,5,1.5397899890778725e+21,48299027.00284319,299502833354221.2,9164407.524300698,7.699249448222717e+20,8410914.141549572,1.356966095045209e-09,0,0,1,0.0,0.0,0
314,265619437.6083703,5,0.0,6333644.722596111,56726050132,128.88050156800227,420.0,5,1.5612564777395044e+21,48188942.15930525,298474318054858.8,9164407.524300698,7.806580863015577e+20,8410914.141549572,1.356966095045209e-09,0,0,1,0.0,0.0,0
315,265619437.6083703,5,0.0,6362636.11093726,57195430695,128.8777398252887,420.0,5,1.5828762862665531e+21,48078857.31576732,297452454095767.1,9164407.524300698,7.914678883786862e+20,8404814.639516685,3.092281986027956e-10,0,0,1,0.0,0.0,0
316,265619437.6083703,5,0.0,6391643.491697717,57664811257,128.87503015960425,420.0,5,1.6046494146590189e+21,47968772.47222938,296437241476946.2,9164407.524300698,8.023543510536571e+20,8405390.561168743,8.039933163672686e-10,0,0,1,0.0,0.0,0
317,265619437.6083703,5,0.0,6420650.867233961,58134191820,128.87237148983968,420.0,5,1.6265758629169018e+21,47858687.628691435,295428680198396.0,9164407.524300698,8.133174743264707e+20,8405390.561168743,1.0368239600211382e-09,0,0,1,0.0,0.0,0
318,265619437.6083703,5,0.0,6449658.237720133,58603572382,128.8697623661211,420.0,5,1.6486556310402014e+21,47748602.78515349,294426770260116.56,9164407.524300698,8.243572581971267e+20,8405390.561168743,8.039933163672686e-10,0,0,1,0.0,0.0,0
319,265619437.6083703,5,0.0,6478665.603324566,59072952944,128.86720139350496,420.0,5,1.6708887190289182e+21,47638517.94161556,293431511662107.8,9164407.524300698,8.354737026656253e+20,8405390.561168743,6.075424607843161e-10,0,0,1,0.0,0.0,0
320,265619437.6083703,5,0.0,6507672.964209991,59542333507,128.8646872293882,420.0,5,1.6932751268830516e+21,47528433.09807762,292442904404369.8,9164407.524300698,8.466668077319663e+20,8405390.561168743,1.2696546036750078e-09,0,0,1,0.0,0.0,0
321,265619437.6083703,5,0.0,6536680.320533698,60011714069,128.86221858106418,420.0,5,1.7158148546026023e+21,47418348.254539676,291460948486902.56,9164407.524300698,8.579365733961499e+20,8405390.561168743,8.039933163672686e-10,0,0,1,0.0,0.0,0
322,265619437.6083703,5,0.0,6565733.087920559,60481094632,128.8597931261685,420.0,5,1.73850790218757e+21,47308263.41100174,290485643909706.0,9164407.524300698,8.692829996581759e+20,8407025.518189782,2.7830537874251604e-09,0,0,1,0.0,0.0,0
323,265619437.6083703,5,0.0,6594785.851044752,60950475194,128.85741077230952,420.0,5,1.7613542696379545e+21,47198178.5674638,289516990672780.2,9164407.524300698,8.807060865180445e+20,8407025.518189782,2.7830537874251604e-09,0,0,1,0.0,0.0,0
324,265619437.6083703,5,0.0,6623838.610048367,61419855756,128.85507036211987,420.0,5,1.784353956953756e+21,47088093.72392586,288554988776125.06,9164407.524300698,8.922058339757556e+20,8407025.518189782,2.7830537874251604e-09,0,0,1,0.0,0.0,0
325,265619437.6083703,5,0.0,6651460.765967328,61889236319,128.85298127101518,420.0,5,1.8075069641349747e+21,47003759.664213695,287795032799146.9,9164407.524300698,9.037822615707673e+20,8355523.9505382385,5.446054274216294e-09,0,0,1,0.0,0.0,0
326,265619437.6083703,5,0.0,6679014.914522002,62358616881,128.85093598125988,420.0,5,1.83081329118161e+21,46920654.857819825,287047957312910.2,9164407.524300698,9.154353503865363e+20,8353075.824040204,5.0386006478220224e-09,0,0,1,0.0,0.0,0
327,265619437.6083703,5,0.0,6706569.477453556,62827997443,128.8489234035016,420.0,5,1.8542729380936627e+21,46837542.52564428,286304306108448.0,9164407.524300698,9.271650994774422e+20,8353090.875603562,4.602043190971017e-09,0,0,1,0.0,0.0,0
328,265619437.6083703,5,0.0,6734124.036787075,63297378006,128.8469427835081,420.0,5,1.877885904871132e+21,46754430.193468735,285564136387625.3,9164407.524300698,9.389715088492048e+20,8353090.875603562,4.602043190971017e-09,0,0,1,0.0,0.0,0
329,265619437.6083703,5,0.0,6761678.582865087,63766758568,128.8449933331784,420.0,5,1.9016521915140184e+21,46671317.86129319,284827448150442.06,9164407.524300698,9.508545785018243e+20,8353090.523616823,4.631147021427751e-09,0,0,1,0.0,0.0,0
330,265619437.6083703,5,0.0,6789233.125580939,64236139131,128.84307429043238,420.0,5,1.9255717980223219e+21,46588205.52911764,284094241396898.3,9164407.524300698,9.628143084353006e+20,8353090.523616823,4.631147021427751e-09,0,0,1,0.0,0.0,0
331,265619437.6083703,5,0.0,6816787.665046704,64705519693,128.84118491873468,420.0,5,1.9496447243960422e+21,46505093.19694209,283364516126994.06,9164407.524300698,9.748506986496338e+20,8353090.523616823,4.631147021427751e-09,0,0,1,0.0,0.0,0
332,265619437.6083703,5,0.0,6846426.513903738,65174900255,128.83820854850276,420.0,5,1.9738709706351795e+21,46384463.2391721,282247586665884.25,9164407.524300698,9.869637100762564e+20,8428125.77480572,4.951289156451821e-09,0,0,1,0.0,0.0,0
333,265619437.6083703,5,0.0,6876065.359723743,65644280818,128.83531687431815,420.0,5,1.998250536739734e+21,46263833.2814021,281138385423080.2,9164407.524300698,9.991533822084093e+20,8428125.77480572,4.951289156451821e-09,0,0,1,0.0,0.0,0
334,265619437.6083703,5,0.0,6905680.516210537,66113661380,128.8325177094524,420.0,5,2.0227834227097052e+21,46143629.67878564,280041280037858.44,9164407.524300698,1.0114197154828565e+21,8427273.06449866,4.907633410766721e-09,0,0,1,0.0,0.0,0
335,265619437.6083703,5,0.0,6935295.669859395,66583041943,128.82979484797448,420.0,5,2.0474696285450936e+21,46023426.07616917,278951838796445.7,9164407.524300698,1.0237627094564265e+21,8427273.06449866,4.907633410766721e-09,0,0,1,0.0,0.0,0
336,266288604.15425834,5,0.0,6966246.81973145,67051753338,128.82712966086223,420.0,5,2.0722941233509494e+21,45903222.47355271,277870061698841.88,9164407.524300698,1.0361748486816445e+21,8494886.257318523,5.846231942996383e-09,0,0,1,0.0,0.0,0
337,266288604.15425834,5,0.0,6997198.033790634,67520464734,128.82453474322708,420.0,5,2.0972717002111947e+21,45783018.870936245,276795948745047.03,9164407.524300698,1.0486635297004719e+21,8494888.66352338,4.041794454678893e-09,0,0,1,0.0,0.0,0
338,266288604.15425834,5,0.0,7028143.121239474,67989176130,128.8220097418463,420.0,5,2.1224023591258287e+21,45662925.50116306,275730596166101.03,9164407.524300698,1.061228752622531e+21,8494668.197836824,4.114554030820727e-09,0,0,1,0.0,0.0,0
339,266288604.15425834,5,0.0,7059088.206210268,68457887526,128.81954896781224,420.0,5,2.1476861000948523e+21,45542832.13138987,274672891223845.1,9164407.524300698,1.0738705173365486e+21,8494668.197836824,4.114554030820727e-09,0,0,1,0.0,0.0,0
340,266288604.15425834,5,0.0,7090033.288785619,68926598922,128.8171497460278,420.0,5,2.1731229231182646e+21,45422738.761616684,273622833918279.22,9164407.524300698,1.0865888238425241e+21,8494668.197836824,4.114554030820727e-09,0,0,1,0.0,0.0,0
341,266288604.15425834,5,0.0,7120978.369045375,69395310318,128.81480955417052,420.0,5,2.1987128281960662e+21,45302645.3918435,272580424249403.4,9164407.524300698,1.099383672140458e+21,8494668.197836824,4.114554030820727e-09,0,0,1,0.0,0.0,0
342,266288604.15425834,5,0.0,7149226.362149681,69864021714,128.8126211464967,420.0,5,2.2244558153282568e+21,45182552.02207031,271545662217217.7,9164407.524300698,1.11225506223035e+21,8494668.197836824,4.114554030820727e-09,0,0,1,0.0,0.0,0
343,266288604.15425834,5,0.0,7177413.206859048,70332733109,128.81048796991763,420.0,5,2.2503518845148366e+21,45062458.652297124,270518547821722.03,9164407.524300698,1.1252029941122004e+21,8494668.197836824,4.114554030820727e-09,0,0,1,0.0,0.0,0
344,266288604.15425834,5,0.0,7205607.004747679,70801444505,128.8084055088503,420.0,5,2.2764010357558057e+21,44942365.28252394,269499081062916.47,9164407.524300698,1.1382274677860092e+21,8494668.197836824,4.114554030820727e-09,0,0,1,0.0,0.0,0
345,266288604.15425834,5,0.0,7233807.5579588385,71270155901,128.80637178786873,420.0,5,2.302603269051164e+21,44822271.91275075,268487261940800.94,9164407.524300698,1.151328483251776e+21,8494669.8258005,4.114554030820727e-09,0,0,1,0.0,0.0,0
346,266288604.15425834,5,0.0,7262459.9875584,71738867297,128.80437946942172,420.0,5,2.328958584400911e+21,44702178.542977564,267483090455375.5,9164407.524300698,1.164506040509501e+21,8516048.019176822,2.4265318643301725e-09,0,0,1,0.0,0.0,0
347,261838315.574596,5,0.0,7289139.533802081,72212028981,128.80242743597495,420.0,5,2.355575627347206e+21,44582085.17320438,266486566606640.16,9164407.524300698,1.1778144623302637e+21,8397869.554250434,4.6820787247270346e-09,0,0,1,0.0,0.0,0
348,261838315.574596,5,0.0,7315825.151467464,72685190666,128.8005189035096,420.0,5,2.382347367563044e+21,44461991.80343119,265497690394594.84,9164407.524300698,1.1912002335505614e+21,8397869.554250434,4.6820787247270346e-09,0,0,1,0.0,0.0,0
349,261838315.574596,5,0.0,7342516.638173828,73158352350,128.79865228162842,420.0,5,2.409273805048424e+21,44341898.433658004,264516461819239.62,9164407.524300698,1.2046633541703938e+21,8397869.554250434,4.6820787247270346e-09,0,0,1,0.0,0.0,0
350,261838315.574596,5,0.0,7369213.798286473,73631514035,128.79682606008205,420.0,5,2.436354939803346e+21,44221805.06388482,263542880880574.47,9164407.524300698,1.218203824189761e+21,8397869.554250434,4.6820787247270346e-09,0,0,1,0.0,0.0,0
351,261838315.574596,5,0.0,7394149.45252339,74104675719,128.79510165073734,420.0,5,2.463590771827811e+21,44101711.69411163,262576947578599.4,9164407.524300698,1.2318216436086633e+21,8397869.554250434,4.6820787247270346e-09,0,0,1,0.0,0.0,0
352,261838315.574596,5,0.0,7417801.386623237,74577837403,128.79344431621126,420.0,5,2.490981301121818e+21,43981618.32433844,261618661913314.38,9164407.524300698,1.2455168124271004e+21,8366852.740107824,5.729816621169448e-09,0,0,1,0.0,0.0,0
353,261838315.574596,5,0.0,7444077.19902131,75050999088,128.79177584970662,420.0,5,2.5185265276853677e+21,43861524.95456526,260668023884719.44,9164407.524300698,1.2592893306450723e+21,8471433.924886242,2.9249349609017372e-09,0,0,1,0.0,0.0,0
354,261838315.574596,5,0.0,7470078.959723628,75524160772,128.79014518608147,420.0,5,2.54622645151846e+21,43741431.58479207,259725033492814.56,9164407.524300698,1.2731391982625793e+21,8457813.944757767,3.987224772572517e-09,0,0,1,0.0,0.0,0
355,261838315.574596,5,0.0,7496091.046927384,75997322457,128.78854788053783,420.0,5,2.5740810726210944e+21,43621338.21501888,258789690737599.78,9164407.524300698,1.287066415279621e+21,8457813.944757767,3.987224772572517e-09,0,0,1,0.0,0.0,0
356,261838315.574596,5,0.0,7522113.116415867,76470484141,128.78698282082857,420.0,5,2.6020903909932715e+21,43501244.8452457,257861995619075.06,9164407.524300698,1.3010709816961978e+21,8457813.944757767,3.987224772572517e-09,0,0,1,0.0,0.0,0
357,261838315.574596,5,0.0,7548144.835446247,76943645826,128.78544894596925,420.0,5,2.6302544066349907e+21,43381151.47547251,256941948137240.4,9164407.524300698,1.315152897512309e+21,8457813.944757767,4.918547347187996e-09,0,0,1,0.0,0.0,0
358,261838315.574596,5,0.0,7574185.8076230325,77416807510,128.7839452446443,420.0,5,2.6585731195462526e+21,43261058.10569932,256029548292095.84,9164407.524300698,1.3293121627279555e+21,8457811.253970126,3.2159732654690742e-09,0,0,1,0.0,0.0,0
359,261838315.574596,5,0.0,7600235.796760637,77889969194,128.7824707482413,420.0,5,2.6870465297270566e+21,43140964.73592614,255124796083641.3,9164407.524300698,1.3435487773431366e+21,8457811.253970126,3.2159732654690742e-09,0,0,1,0.0,0.0,0
360,261838315.574596,5,0.0,7625238.605306683,78363130879,128.781024532497,420.0,5,2.715674637177403e+21,43020871.36615294,254227691511876.88,9164407.524300698,1.357862741357853e+21,8381786.670904926,3.3032847568392754e-09,0,0,1,0.0,0.0,0
361,261838315.574596,5,0.0,7650249.839701674,78836292563,128.77960571366864,420.0,5,2.744457441897292e+21,42900777.996379755,253338234576802.5,9164407.524300698,1.3722540547721037e+21,8381786.670904926,3.3032847568392754e-09,0,0,1,0.0,0.0,0
362,261838315.574596,5,0.0,7675269.219083978,79309454248,128.7782134462885,420.0,5,2.7733949438867234e+21,42780684.62660657,252456425278418.22,9164407.524300698,1.3867227175858896e+21,8381786.670904926,3.3032847568392754e-09,0,0,1,0.0,0.0,0
363,261838315.574596,5,0.0,7700296.471954014,79782615932,128.77684692106735,420.0,5,2.8024871431456974e+21,42660591.25683338,251582263616724.0,9164407.524300698,1.4012687297992104e+21,8381786.670904926,3.3032847568392754e-09,0,0,1,0.0,0.0,0
364,261838315.574596,5,0.0,7725331.3358622,80255777617,128.77550536293543,420.0,5,2.8317340396742136e+21,42540497.887060195,250715749591719.84,9164407.524300698,1.415892091412066e+21,8381786.670904926,3.3032847568392754e-09,0,0,1,0.0,0.0,0
365,261838315.574596,5,0.0,7750373.557107257,80728939301,128.77418802921076,420.0,5,2.861135633472272e+21,42420404.51728701,249856883203405.78,9164407.524300698,1.4305928024244562e+21,8381786.670904926,3.3032847568392754e-09,0,0,1,0.0,0.0,0
366,261838315.574596,5,0.0,7775422.89044462,81202100985,128.7728942078846,420.0,5,2.8906919245398734e+21,42300311.14751382,249005664451781.78,9164407.524300698,1.445370862836382e+21,8381786.670904926,3.3032847568392754e-09,0,0,1,0.0,0.0,0
367,261838315.574596,5,0.0,7800877.190524267,81675262670,128.77162321601605,420.0,5,2.920402912877017e+21,42180217.777740635,248162093336847.84,9164407.524300698,1.460226272647842e+21,8410449.274724258,3.2741809263825417e-09,0,0,1,0.0,0.0,0
368,266414166.8431033,5,0.0,7827073.083323184,82143848503,128.77041368808437,420.0,5,2.9501390222245736e+21,42064769.783430874,247352445519485.28,9164407.524300698,1.4750942463568388e+21,8472656.199867843,1.811713445931673e-09,0,0,1,0.0,0.0,0
369,266235832.82581693,5,0.0,7853236.699490128,82612612670,128.7692244765945,420.0,5,2.9800332499008985e+21,41949321.789121106,246550046283132.88,9164407.524300698,1.4900412799550777e+21,8469869.730847742,1.811713445931673e-09,0,0,1,0.0,0.0,0
370,266235832.82581693,5,0.0,7879372.78702398,83081376837,128.76805586773827,420.0,5,3.010080578320638e+21,41833873.79481134,245754895627790.56,9164407.524300698,1.5050648646498818e+21,8468250.267703004,2.5684130378067493e-09,0,0,1,0.0,0.0,0
371,266235832.82581693,5,0.0,7905514.877734171,83550141005,128.76690697069006,420.0,5,3.040281007483792e+21,41718425.80050157,244966993553458.38,9164407.524300698,1.5201650004412515e+21,8468250.267703004,2.5684130378067493e-09,0,0,1,0.0,0.0,0
372,266235832.82581693,5,0.0,7931212.867121829,84018905172,128.76586194049904,420.0,5,3.070634537390361e+21,41611076.08526576,244246307435368.97,9164407.524300698,1.5353416933259238e+21,8452053.709555099,2.786691766232252e-09,0,0,1,0.0,0.0,0
373,266235832.82581693,5,0.0,7956916.46614427,84487669339,128.76483235362565,420.0,5,3.101141168040343e+21,41503726.37002995,243531723674139.56,9164407.524300698,1.550594937192539e+21,8452053.709555099,2.786691766232252e-09,0,0,1,0.0,0.0,0
374,266235832.82581693,5,0.0,7981626.877738997,84956433506,128.7638452731165,420.0,5,3.131800899433741e+21,41396382.94796796,242823276346396.88,9164407.524300698,1.5659247320445053e+21,8452041.123207446,2.5902409106492996e-09,0,0,1,0.0,0.0,0
375,266235832.82581693,5,0.0,8006311.896189232,85425197673,128.762873466334,420.0,5,3.162613731570553e+21,41289039.525905974,242120930864180.03,9164407.524300698,1.581331077878363e+21,8452041.123207446,2.5902409106492996e-09,0,0,1,0.0,0.0,0
376,266235832.82581693,5,0.0,8028883.942710736,85893961840,128.76194771307493,420.0,5,3.1935796644507796e+21,41181696.10384399,241424687227488.97,9164407.524300698,1.5968139746941125e+21,8376336.076120682,2.5902409106492996e-09,0,0,1,0.0,0.0,0
377,266235832.82581693,5,0.0,8051446.270409945,86362726008,128.76103553349148,420.0,5,3.2246986980744207e+21,41074352.681782,240734545436323.75,9164407.524300698,1.612373422491754e+21,8376336.076120682,2.5902409106492996e-09,0,0,1,0.0,0.0,0
378,266235832.82581693,5,0.0,8073999.2032476,86831490175,128.7601366034043,420.0,5,3.255970832441476e+21,40967009.25972001,240050505490684.3,9164407.524300698,1.6280094212712872e+21,8376336.076120682,2.5902409106492996e-09,0,0,1,0.0,0.0,0
379,266235832.82581693,5,0.0,8096554.653897304,87300254342,128.75925043866445,420.0,5,3.2873960675519465e+21,40859665.837658025,239372567390570.72,9164407.524300698,1.6437219710327123e+21,8376753.658536269,2.5902409106492996e-09,0,0,1,0.0,0.0,0
380,266235832.82581693,5,0.0,8119101.325570824,87769018509,128.75837690920034,420.0,5,3.3189744034058307e+21,40752322.41559604,238700731135982.94,9164407.524300698,1.659511071776029e+21,8376753.658536269,2.5902409106492996e-09,0,0,1,0.0,0.0,0
381,266235832.82581693,5,0.0,8141639.510900698,88237782676,128.75751572163296,420.0,5,3.35070584000313e+21,40644978.99353405,238034996726921.0,9164407.524300698,1.6753767235012377e+21,8376753.658536269,2.5902409106492996e-09,0,0,1,0.0,0.0,0
382,266235832.82581693,5,0.0,8164169.361345306,88706546843,128.7566666034876,420.0,5,3.382590377343844e+21,40537637.93702747,237375376203769.03,9164407.524300698,1.6913189262095423e+21,8376748.927425453,4.43833414465189e-09,0,0,1,0.0,0.0,0
383,266235832.82581693,5,0.0,8186691.281773244,89175311011,128.75582926824785,420.0,5,3.4146280154279717e+21,40430296.880520895,236721857333956.84,9164407.524300698,1.7073376798997194e+21,8376748.927425453,5.369656719267368e-09,0,0,1,0.0,0.0,0
384,266235832.82581693,5,0.0,8209103.422179341,89644075178,128.75500344972343,420.0,5,3.4468187542555145e+21,40322955.82401431,236074440117484.38,9164407.524300698,1.723432984571769e+21,8369396.695013593,5.77711034566164e-09,0,0,1,0.0,0.0,0
385,266235832.82581693,5,0.0,8231508.15242542,90112839345,128.75418889006468,420.0,5,3.4791625938264717e+21,40215614.76750773,235433124554351.66,9164407.524300698,1.7396048402256914e+21,8369396.695013593,5.77711034566164e-09,0,0,1,0.0,0.0,0
386,266235832.82581693,5,0.0,8253905.719516807,90581603512,128.75338533943108,420.0,5,3.511659534140843e+21,40108273.71100116,234797910644558.7,9164407.524300698,1.755853246861486e+21,8369396.695013593,5.77711034566164e-09,0,0,1,0.0,0.0,0
387,266235832.82581693,5,0.0,8276296.36222533,91050367679,128.75259255567542,420.0,5,3.5443095751986297e+21,40000932.654494576,234168798388105.44,9164407.524300698,1.7721782044791538e+21,8369396.695013593,5.77711034566164e-09,0,0,1,0.0,0.0,0
388,266235832.82581693,5,0.0,8298680.31136375,91519131846,128.75181030404283,420.0,5,3.57711271699983e+21,39893591.597987995,233545787784991.97,9164407.524300698,1.7885797130786935e+21,8369396.695013593,5.515175871551037e-09,0,0,1,0.0,0.0,0
389,266235832.82581693,5,0.0,8321057.790051071,91987896014,128.75103835688438,420.0,5,3.610068959544445e+21,39786250.54148142,232928878835218.22,9164407.524300698,1.8050577726601062e+21,8369396.695013593,5.515175871551037e-09,0,0,1,0.0,0.0,0
390,266235832.82581693,5,0.0,8343429.013968994,92456660181,128.75027649338367,420.0,5,3.6431783028324754e+21,39678909.48497484,232318071538784.2,9164407.524300698,1.8216123832233915e+21,8369396.695013593,5.515175871551037e-09,0,0,1,0.0,0.0,0
391,266235832.82581693,5,0.0,8365794.191609833,92925424348,128.74952449929648,420.0,5,3.6764407468639194e+21,39571568.42846826,231713365895689.94,9164407.524300698,1.8382435447685492e+21,8369396.695013593,5.515175871551037e-09,0,0,1,0.0,0.0,0
392,266235832.82581693,5,0.0,8388153.524516157,93394188515,128.7487821667018,420.0,5,3.7098562916387783e+21,39464227.371961676,231114761905935.4,9164407.524300698,1.8549512572955798e+21,8369396.695013593,5.515175871551037e-09,0,0,1,0.0,0.0,0
393,266272129.76934683,5,0.0,8410515.084453322,93862916385,128.7480493985583,420.0,5,3.743423748758577e+21,39356886.3154551,230522259569520.62,9164407.524300698,1.8717349266052455e+21,8369963.834756248,6.846676114946604e-09,0,0,1,0.0,0.0,0
394,266272129.76934683,5,0.0,8432882.998222094,94331644256,128.74732557984876,420.0,5,3.7771442937659906e+21,39249545.25894852,229935858886445.6,9164407.524300698,1.8885951404688838e+21,8369963.834756248,6.846676114946604e-09,0,0,1,0.0,0.0,0
395,266272079.19861668,5,0.0,8455246.313503243,94800372176,128.74661072898058,420.0,5,3.811017928334662e+21,39142187.0200261,229355463892506.2,9164407.524300698,1.9055318997137204e+21,8369997.4094202705,5.566107574850321e-09,0,0,1,0.0,0.0,0
396,267804326.97245038,5,0.0,8477968.116239136,95267567849,128.74590918668372,420.0,5,3.844993671997383e+21,39034828.78110368,228781172647189.12,9164407.524300698,1.9225197141159562e+21,8396195.420998462,7.290509529411793e-09,0,0,1,0.0,0.0,0
397,267804326.97245038,5,0.0,8501183.519136228,95734763523,128.74520314372856,420.0,5,3.879121965674355e+21,38927470.54218126,228212985150494.38,9164407.524300698,1.9395838041356926e+21,8396195.420998462,7.290509529411793e-09,0,0,1,0.0,0.0,0
398,267804326.97245038,5,0.0,8524208.295105247,96201959196,128.74450597172807,420.0,5,3.9134028093655786e+21,38820112.303258836,227650901402421.94,9164407.524300698,1.9567241697729296e+21,8383628.7452993635,4.030880518257618e-09,0,0,1,0.0,0.0,0
399,267804326.97245038,5,0.0,8547381.976908691,96669154869,128.74381537971772,420.0,5,3.947836203071053e+21,38712754.06433642,227094921402971.8,9164407.524300698,1.9739408110276667e+21,8389549.27918091,4.903995431959629e-09,0,0,1,0.0,0.0,0
400,267804326.97245038,5,0.0,8570540.623720067,96646350542,128.74313332591973,420.0,5,3.952478036493441e+21,38605395.825414,226545045152144.03,9164407.524300698,1.9762616727512356e+21,8389549.27918091,4.903995431959629e-09,0,0,1,0.0,0.0,0
401,267804326.97245038,5,0.0,8593676.737793947,96623546215,128.74245963701253,420.0,5,3.9571274936608683e+21,38498037.58649158,226001272649938.53,9164407.524300698,1.9785863469576993e+21,8388973.35752885,4.4674379751086235e-09,0,0,1,0.0,0.0,0
402,267804326.97245038,5,0.0,8616798.802503027,96600741888,128.7417941446136,420.0,5,3.961784574573337e+21,38390679.34756916,225463603896355.38,9164407.524300698,1.980914833647058e+21,8388973.35752885,4.4674379751086235e-09,0,0,1,0.0,0.0,0
403,269232361.50452065,5,0.0,8640734.498596476,96576509526,128.74114072422063,420.0,5,3.966401175052502e+21,38283321.10864674,224932038891394.53,9164407.524300698,1.98322308073014e+21,8448532.652994335,7.07223080098629e-09,0,0,1,0.0,0.0,0
404,269232361.50452065,5,0.0,8664231.986793213,96552277165,128.74048307254503,420.0,5,3.971025477637784e+21,38175962.86972432,224406577635056.0,9164407.524300698,1.9855351794766554e+21,8384457.366349409,8.993083611130714e-09,0,0,1,0.0,0.0,0
405,269232361.50452065,5,0.0,8687706.454139838,96528044803,128.73983345534162,420.0,5,3.9756574823291835e+21,38068604.6308019,223887220127339.8,9164407.524300698,1.9878511298866045e+21,8384457.366349409,8.993083611130714e-09,0,0,1,0.0,0.0,0
406,269232361.50452065,5,0.0,8710830.532017963,96503812442,128.7391957164408,420.0,5,3.9802971891267005e+21,37961246.39187948,223373966368245.9,9164407.524300698,1.9901709319599872e+21,8372644.471066807,1.0943040251731873e-08,0,0,1,0.0,0.0,0
407,269232361.50452065,5,0.0,8733933.098190602,96479580080,128.7385656364805,420.0,5,3.9849445980303346e+21,37853888.15295706,222866816357774.34,9164407.524300698,1.992494585696803e+21,8372644.471066807,1.0943040251731873e-08,0,0,1,0.0,0.0,0
408,269232361.50452065,5,0.0,8759515.352995854,96455347719,128.7377151556002,420.0,5,3.9895997090400856e+21,37708157.30826876,222174379388075.62,9164407.524300698,1.9948220719579815e+21,8475934.055784706,1.0477378964424133e-08,0,0,1,0.0,0.0,0
409,269232361.50452065,5,0.0,8785077.506307421,96431115357,128.73687990677007,420.0,5,3.9942625221559536e+21,37562426.46358046,221494640128646.2,9164407.524300698,1.9971534105419897e+21,8475934.055784706,1.0477378964424133e-08,0,0,1,0.0,0.0,0
410,269232361.50452065,5,0.0,8810620.228175094,96406882996,128.7360594363279,420.0,5,3.9989330373779396e+21,37416695.61889216,220827598579486.03,9164407.524300698,1.9994886014488278e+21,8475934.055784706,1.0477378964424133e-08,0,0,1,0.0,0.0,0
411,269232361.50452065,5,0.0,8834984.830270499,96382650634,128.73536944901738,420.0,5,4.003611254706042e+21,37291832.82298098,220270575379701.94,9164407.524300698,2.001827654410559e+21,8434197.958230479,1.0477378964424133e-08,0,0,1,0.0,0.0,0
412,269232361.50452065,5,0.0,8859331.274761112,96358418273,128.73468910768784,420.0,5,4.008297174140262e+21,37166970.02706979,219722298631627.22,9164407.524300698,2.0041705592999943e+21,8434197.958230479,1.0477378964424133e-08,0,0,1,0.0,0.0,0
413,269232361.50452065,5,0.0,8883151.113582699,96334185911,128.7340538689564,420.0,5,4.012990795680599e+21,37051270.19087765,219217909649414.8,9164407.524300698,2.0065173196312645e+21,8415872.038792375,9.480572771281004e-09,0,0,1,0.0,0.0,0
414,269232361.50452065,5,0.0,8906953.985131362,96309953550,128.733427411799,420.0,5,4.0176921193270534e+21,36935570.35468552,218721606599783.72,9164407.524300698,2.0088679318241867e+21,8415872.038792375,9.480572771281004e-09,0,0,1,0.0,0.0,0
415,269232361.50452065,5,0.0,8930740.45498287,96285721188,128.73280953162458,420.0,5,4.022401145079625e+21,36819870.51849339,218233389482734.0,9164407.524300698,2.0112223958787608e+21,8415872.038792375,9.480572771281004e-09,0,0,1,0.0,0.0,0
416,269232361.50452065,5,0.0,8954511.069860457,96261488827,128.73220003043372,420.0,5,4.027117872938314e+21,36704170.68230125,217753258298265.66,9164407.524300698,2.0135807117949867e+21,8415872.038792375,9.480572771281004e-09,0,0,1,0.0,0.0,0
417,269232361.50452065,5,0.0,8978266.358263252,96237256465,128.73159871655068,420.0,5,4.031842302903119e+21,36588470.84610912,217281213046378.62,9164407.524300698,2.0159428795728643e+21,8415872.038792375,9.480572771281004e-09,0,0,1,0.0,0.0,0
418,269232361.50452065,5,0.0,9002006.831073754,96213024104,128.73100540436906,420.0,5,4.0365744349740427e+21,36472771.00991698,216817253727072.97,9164407.524300698,2.018308899212394e+21,8415872.038792375,9.480572771281004e-09,0,0,1,0.0,0.0,0
419,269232361.50452065,5,0.0,9026105.988396838,96188791742,128.73041991410926,420.0,5,4.041314269151083e+21,36357071.17372485,216361380340348.62,9164407.524300698,2.0206787707135756e+21,8442728.488922428,6.948539521545172e-09,0,0,1,0.0,0.0,0
420,269232361.50452065,5,0.0,9050191.301372014,96164559381,128.7298420715879,420.0,5,4.0460618054342405e+21,36241371.33753272,215913592886205.66,9164407.524300698,2.0230524940764088e+21,8442728.488922428,6.948539521545172e-09,0,0,1,0.0,0.0,0
421,269232361.50452065,5,0.0,9074263.231477536,96140327019,128.7292717079984,420.0,5,4.050817043823515e+21,36125671.50134058,215473891364644.03,9164407.524300698,2.0254300693008938e+21,8442728.488922428,6.948539521545172e-09,0,0,1,0.0,0.0,0
422,269232361.50452065,5,0.0,9098441.563140448,96116094658,128.72870865970134,420.0,5,4.055579984318907e+21,36009971.66514845,215042275775663.78,9164407.524300698,2.027811496387031e+21,8451320.848781645,8.170900400727987e-09,0,0,1,0.0,0.0,0
423,269232361.50452065,5,0.0,9122607.389255162,96091862296,128.72815276802515,420.0,5,4.060350626920416e+21,35894271.82895632,214618746119264.84,9164407.524300698,2.03019677533482e+21,8451320.848781645,8.170900400727987e-09,0,0,1,0.0,0.0,0
424,269232361.50452065,5,0.0,9146761.126673296,96067629935,128.72760387907596,420.0,5,4.065128971628042e+21,35778571.99276418,214203302395447.28,9164407.524300698,2.0325859061442607e+21,8451320.848781645,8.170900400727987e-09,0,0,1,0.0,0.0,0
425,269232361.50452065,5,0.0,9170903.178351387,96043397573,128.7270618435559,420.0,5,4.0699150184417853e+21,35671330.129305735,213795873066908.3,9164407.524300698,2.0349788888081994e+21,8451320.848781645,8.170900400727987e-09,0,0,1,0.0,0.0,0
426,269232361.50452065,5,0.0,9195033.933814114,96019165212,128.72652651659027,420.0,5,4.074708767361646e+21,35597749.50533256,213394114693918.47,9164407.524300698,2.0373757230922924e+21,8451320.848781645,8.170900400727987e-09,0,0,1,0.0,0.0,0
427,269232361.50452065,5,0.0,9219153.769601984,95994932850,128.72599775756186,420.0,5,4.079510218387624e+21,35524168.881359376,212996894197434.1,9164407.524300698,2.0397764088832317e+21,8451320.848781645,8.170900400727987e-09,0,0,1,0.0,0.0,0
428,269232361.50452065,5,0.0,9243263.049704162,95970700489,128.72547542995326,420.0,5,4.084319371519719e+21,35450588.25738619,212604211577455.16,9164407.524300698,2.042180946181017e+21,8451320.848781645,8.170900400727987e-09,0,0,1,0.0,0.0,0
429,269232361.50452065,5,0.0,9267362.125976838,95946468127,128.72495940119603,420.0,5,4.089136226757931e+21,35377007.63341302,212216066833981.7,9164407.524300698,2.044589334985649e+21,8451320.848781645,8.170900400727987e-09,0,0,1,0.0,0.0,0
430,269232361.50452065,5,0.0,9291451.338547658,95922235766,128.72444954252632,420.0,5,4.0939607841022605e+21,35303427.00943983,211832459967013.7,9164407.524300698,2.047001575297127e+21,8451320.848781645,8.170900400727987e-09,0,0,1,0.0,0.0,0
431,269232361.50452065,5,0.0,9315531.016206691,95898003404,128.72394572884727,420.0,5,4.0987930435527073e+21,35229846.38546665,211453390976551.16,9164407.524300698,2.0494176671154514e+21,8451320.848781645,8.170900400727987e-09,0,0,1,0.0,0.0,0
432,269232361.50452065,5,0.0,9339601.476784324,95873771043,128.723447838597,420.0,5,4.103633005109271e+21,35156265.761493474,211078859862594.06,9164407.524300698,2.0518376104406218e+21,8451320.848781645,8.170900400727987e-09,0,0,1,0.0,0.0,0
433,269226538.79697746,5,0.0,9363661.7639082,95849544504,128.72295573829248,420.0,5,4.1084808598628545e+21,35082685.13752029,210708866625142.44,9164407.524300698,2.0542615008180898e+21,8451229.868976282,5.420588422566652e-09,0,0,1,0.0,0.0,0
434,269226538.79697746,5,0.0,9387711.552979292,95825317965,128.7224693743684,420.0,5,4.113336416386481e+21,35009104.51354711,210343411264196.28,9164407.524300698,2.056689242534367e+21,8451230.604120629,5.420588422566652e-09,0,0,1,0.0,0.0,0
435,269226538.79697746,5,0.0,9411753.058415176,95801091426,128.72198858806397,420.0,5,4.1181996746801514e+21,34935523.889573924,209982493779755.6,9164407.524300698,2.0591208355894536e+21,8451230.604120629,5.420588422566652e-09,0,0,1,0.0,0.0,0
436,269226538.79697746,5,0.0,9435786.556337023,95776864887,128.72151327079058,420.0,5,4.123070634743865e+21,34861943.26560075,209626114171820.34,9164407.524300698,2.0615562799833494e+21,8451230.604120629,5.420588422566652e-09,0,0,1,0.0,0.0,0
437,269226538.79697746,5,0.0,9459812.31366197,95752638349,128.72104331691355,420.0,5,4.1279492965776213e+21,34788362.641627565,209274272440390.56,9164407.524300698,2.0639955757160546e+21,8451230.604120629,5.420588422566652e-09,0,0,1,0.0,0.0,0
438,269226538.79697746,5,0.0,9483106.972087072,95728411810,128.7205786236507,420.0,5,4.1328356601814214e+21,34714782.01765438,208926968585466.22,9164407.524300698,2.0664387227875693e+21,8399130.22887589,5.071342457085848e-09,0,0,1,0.0,0.0,0
439,269226538.79697746,5,0.0,9508105.48452023,95704185271,128.720101921801,420.0,5,4.137729725555265e+21,34641201.393681206,208584202607047.34,9164407.524300698,2.0688857211978934e+21,8460729.366845638,4.925823304802179e-09,0,0,1,0.0,0.0,0
440,269226538.79697746,5,0.0,9533097.00490087,95679958732,128.7196305223189,420.0,5,4.1426314926991517e+21,34567620.76970802,208245974505133.94,9164407.524300698,2.0713365709470263e+21,8460729.366845638,4.925823304802179e-09,0,0,1,0.0,0.0,0
441,269226538.79697746,5,0.0,9558081.76629742,95655732193,128.71916432663073,420.0,5,4.147540961613081e+21,34494040.14573484,207912284279726.0,9164407.524300698,2.0737912720349685e+21,8460729.366845638,4.925823304802179e-09,0,0,1,0.0,0.0,0
442,269226538.79697746,5,0.0,9582011.325416192,95631505655,128.71871349669277,420.0,5,4.152458132297055e+21,34420459.52176166,207583131930823.5,9164407.524300698,2.0762498244617206e+21,8422977.29749222,2.2482709027826786e-09,0,0,1,0.0,0.0,0
443,269226538.79697746,5,0.0,9607605.758089837,95607279116,128.71825470176574,420.0,5,4.157383004751072e+21,34346878.89778848,207258517458426.47,9164407.524300698,2.0787122282272818e+21,8495771.37985874,3.2378011383116245e-09,0,0,1,0.0,0.0,0
444,269226538.79697746,5,0.0,9633194.085398188,95583052577,128.71780087517894,420.0,5,4.1623155789751313e+21,34273298.2738153,206938440862534.9,9164407.524300698,2.0811784833316519e+21,8495771.37985874,3.2378011383116245e-09,0,0,1,0.0,0.0,0
445,269226538.79697746,5,0.0,9657930.898444073,95558826038,128.7173519272495,420.0,5,4.1672558549692344e+21,34199717.64984211,206622902143148.8,9164407.524300698,2.0836485897748315e+21,8434887.28638659,2.2482709027826786e-09,0,0,1,0.0,0.0,0
446,269226538.79697746,5,0.0,9682661.983754672,95534599499,128.7169077705539,420.0,5,4.1722038327333817e+21,34126137.02586894,206311901300268.16,9164407.524300698,2.086122547556821e+21,8434885.658422912,2.2482709027826786e-09,0,0,1,0.0,0.0,0
447,269226538.79697746,5,0.0,9707387.554111402,95510372961,128.71646831985578,420.0,5,4.1771595122675716e+21,34052556.401895754,206005438333892.97,9164407.524300698,2.0886003566776193e+21,8434885.658422912,2.2482709027826786e-09,0,0,1,0.0,0.0,0
448,269226538.79697746,5,0.0,9732107.793346073,95486146422,128.71603349203647,420.0,5,4.1821228935718046e+21,33978975.77792257,205703513244023.22,9164407.524300698,2.0910820171372267e+21,8434885.658422912,2.2482709027826786e-09,0,0,1,0.0,0.0,0
449,269226538.79697746,5,0.0,9756618.217300666,95461919883,128.71561075926044,420.0,5,4.187093976646081e+21,33905395.153949395,205406126030658.97,9164407.524300698,2.0935675289356434e+21,8434885.658422912,2.2482709027826786e-09,0,0,1,0.0,0.0,0
450,269226538.79697746,5,0.0,9779945.627475407,95437693344,128.71523571964826,420.0,5,4.192072761490401e+21,33831814.52997621,205113276693800.16,9164407.524300698,2.09605689207287e+21,8434885.658422912,2.2482709027826786e-09,0,0,1,0.0,0.0,0
451,269226538.79697746,5,0.0,9803302.393747985,95413466805,128.71486464104424,420.0,5,4.1970592481047646e+21,33758233.90600303,204824965233446.78,9164407.524300698,2.0985501065489057e+21,8437346.023433862,2.2482709027826786e-09,0,0,1,0.0,0.0,0
452,269226538.79697746,5,0.0,9826654.504903426,95389240267,128.71449745346027,420.0,5,4.2020534364891707e+21,33684653.28202985,204541191649598.9,9164407.524300698,2.1010471723637502e+21,8437346.023433862,2.2482709027826786e-09,0,0,1,0.0,0.0,0
453,269226538.79697746,5,0.0,9850002.11611229,95365013728,128.71413408862855,420.0,5,4.2070553266436204e+21,33611072.65805667,204261955942256.47,9164407.524300698,2.1035480895174043e+21,8437346.023433862,2.2482709027826786e-09,0,0,1,0.0,0.0,0
454,269226538.79697746,5,0.0,9873345.37737281,95340787189,128.7137744799486,420.0,5,4.212064918568114e+21,33537492.034083486,203987258111419.5,9164407.524300698,2.106052858009868e+21,8437346.023433862,2.2482709027826786e-09,0,0,1,0.0,0.0,0
455,269226538.79697746,5,0.0,9896684.433683252,95316560650,128.7134185624354,420.0,5,4.2170822122626503e+21,33463911.410110306,203717098157087.97,9164407.524300698,2.1085614778411408e+21,8437346.023433862,2.2482709027826786e-09,0,0,1,0.0,0.0,0
456,269226538.79697746,5,0.0,9920019.425208626,95292334111,128.71306627267037,420.0,5,4.2221072077272305e+21,33390330.786137126,203451476079261.9,9164407.524300698,2.1110739490112232e+21,8437346.023433862,2.2482709027826786e-09,0,0,1,0.0,0.0,0
457,269226538.79697746,5,0.0,9943350.487441763,95268107573,128.71271754875355,420.0,5,4.227139904961853e+21,33316750.162163943,203190391877941.3,9164407.524300698,2.1135902715201145e+21,8437346.023433862,2.2482709027826786e-09,0,0,1,0.0,0.0,0
458,269226538.79697746,5,0.0,9965975.34660144,95243881034,128.7123723302577,420.0,5,4.2321803039665197e+21,33243169.538190763,202933845553126.2,9164407.524300698,2.116110445367815e+21,8386772.880883879,2.1100277081131935e-10,0,0,1,0.0,0.0,0
459,269226538.79697746,5,0.0,9988596.53405581,95219654495,128.71203055818415,420.0,5,4.23722840474123e+21,33169588.914217584,202681837104816.5,9164407.524300698,2.1186344705543255e+21,8386772.880883879,2.1100277081131935e-10,0,0,1,0.0,0.0,0
460,269226538.79697746,5,0.0,10011214.172195064,95195427956,128.71169217491996,420.0,5,4.242284207285983e+21,33096008.2902444,202434366533012.28,9164407.524300698,2.1211623470796447e+21,8386772.880883879,2.1100277081131935e-10,0,0,1,0.0,0.0,0
461,269226538.79697746,5,0.0,10033828.379329694,95171201417,128.7113571241971,420.0,5,4.247347711600779e+21,33028180.239537064,202191400745614.34,9164407.524300698,2.123694074940464e+21,8386772.880883879,2.1100277081131935e-10,0,0,1,0.0,0.0,0
462,269226538.79697746,5,0.0,10056439.269826531,95146974879,128.71102535105243,420.0,5,4.252418917685619e+21,32970330.321441,201952577487637.5,9164407.524300698,2.1262296541005582e+21,8386772.880883879,2.1100277081131935e-10,0,0,1,0.0,0.0,0
463,269226538.79697746,5,0.0,10079046.95424016,95122748340,128.71069680178968,420.0,5,4.257497825540502e+21,32912480.40334493,201717797195951.3,9164407.524300698,2.1287690845499705e+21,8386772.880883879,2.1100277081131935e-10,0,0,1,0.0,0.0,0
464,269226538.79697746,5,0.0,10101651.539440028,95098521801,128.71037142394252,420.0,5,4.262584435165428e+21,32854630.485248864,201487059870555.8,9164407.524300698,2.1313123662887012e+21,8386772.880883879,2.1100277081131935e-10,0,0,1,0.0,0.0,0
465,269226538.79697746,5,0.0,10124253.128733255,95074295262,128.7100491662388,420.0,5,4.267678746560398e+21,32796780.5671528,201260365511450.97,9164407.524300698,2.1338594993167503e+21,8386772.880883879,2.1100277081131935e-10,0,0,1,0.0,0.0,0
466,269226538.79697746,5,0.0,10147352.593622297,95050068723,128.7097299785663,420.0,5,4.272780759725411e+21,32738930.64905673,201037714118636.8,9164407.524300698,2.1364104836341175e+21,8422828.438884603,3.7034624256193638e-09,0,0,1,0.0,0.0,0
467,269226538.79697746,5,0.0,10170449.25900302,95025842185,128.70941381193938,420.0,5,4.277890474660468e+21,32681080.730960663,200819105692113.34,9164407.524300698,2.1389653192408032e+21,8422828.438884603,3.7034624256193638e-09,0,0,1,0.0,0.0,0
468,269226538.79697746,5,0.0,10195708.406780718,95001615646,128.7089846705469,420.0,5,4.283007891365567e+21,32603744.115569536,200518195579608.66,9164407.524300698,2.1415239975023416e+21,8500775.228064848,5.0495145842432976e-09,0,0,1,0.0,0.0,0
469,269226538.79697746,5,0.0,10220964.938573418,94977389107,128.70856014974476,420.0,5,4.28813300984071e+21,32526407.500178404,200223314054152.25,9164407.524300698,2.1440865272517605e+21,8500775.228064848,5.0495145842432976e-09,0,0,1,0.0,0.0,0
470,269226538.79697746,5,0.0,10246219.264558231,94953162568,128.70814017466793,420.0,5,4.2932658300858967e+21,32449070.884787276,199934461115744.1,9164407.524300698,2.1466529084890599e+21,8500798.482451957,4.816683940589428e-09,0,0,1,0.0,0.0,0
471,269226538.79697746,5,0.0,10271471.146050395,94928936029,128.70772467206922,420.0,5,4.2984063521011264e+21,32371734.26939615,199651636764384.22,9164407.524300698,2.1492231412142396e+21,8500798.482451957,4.816683940589428e-09,0,0,1,0.0,0.0,0
472,269226538.79697746,5,0.0,10296720.66453301,94904709491,128.70731357027572,420.0,5,4.3035545758863993e+21,32294397.65400502,199374841000072.66,9164407.524300698,2.1517972254272997e+21,8500798.482451957,4.816683940589428e-09,0,0,1,0.0,0.0,0
473,269226538.79697746,5,0.0,10321967.898773052,94880482952,128.7069067991466,420.0,5,4.3087105014417153e+21,32217061.038613893,199104073822809.3,9164407.524300698,2.15437516112824e+21,8500798.482451957,4.816683940589428e-09,0,0,1,0.0,0.0,0
474,269226538.79697746,5,0.0,10347212.924911946,94856256413,128.70650429003254,420.0,5,4.313874128767075e+21,32139724.423222765,198839335232594.28,9164407.524300698,2.1569569483170607e+21,8500798.482451957,4.816683940589428e-09,0,0,1,0.0,0.0,0
475,268597245.63758934,5,0.0,10372319.251197286,94832659167,128.7061043683018,420.0,5,4.31906534794821e+21,32062387.807831638,198580625229427.5,9164407.524300698,2.159552532036628e+21,8490965.776836516,4.816683940589428e-09,0,0,1,0.0,0.0,0
476,268597245.63758934,5,0.0,10397218.666101128,94809061922,128.70571339793426,420.0,5,4.3242642333773196e+21,31985051.19244051,198327943813309.0,9164407.524300698,2.162151949483041e+21,8490965.776836516,4.816683940589428e-09,0,0,1,0.0,0.0,0
477,268597245.63758934,5,0.0,10422120.638613895,94785464676,128.70532638513367,420.0,5,4.329470785054403e+21,31907714.577049382,198081290984238.78,9164407.524300698,2.1647552006563e+21,8490965.776836516,4.816683940589428e-09,0,0,1,0.0,0.0,0
478,268597245.63758934,5,0.0,10447393.088680262,94761867430,128.7049280494475,420.0,5,4.334685002979462e+21,31827065.914873645,197832259447432.5,9164407.524300698,2.1673622847156757e+21,8504213.963974945,5.2241375669837e-09,0,0,1,0.0,0.0,0
479,268597245.63758934,5,0.0,10472667.928690083,94738270185,128.70453388872414,420.0,5,4.3399068871524944e+21,31746417.25269791,197589836440187.9,9164407.524300698,2.1699732025598911e+21,8504213.963974945,5.2241375669837e-09,0,0,1,0.0,0.0,0
480,268597245.63758934,5,0.0,10497945.078978589,94714672939,128.70414383754053,420.0,5,4.3451364375735016e+21,31665768.590522174,197354021962505.0,9164407.524300698,2.172587954188947e+21,8504213.963974945,5.2241375669837e-09,0,0,1,0.0,0.0,0
481,268597245.63758934,5,0.0,10523224.462536478,94691075694,128.70375783184252,420.0,5,4.3503736542424827e+21,31585119.92834644,197124816014383.78,9164407.524300698,2.175206539602843e+21,8504213.963974945,5.2241375669837e-09,0,0,1,0.0,0.0,0
482,268597245.63758934,5,0.0,10548506.004921446,94667478448,128.70337580890893,420.0,5,4.3556185371594384e+21,31504471.266170703,196902218595824.22,9164407.524300698,2.1778289588015787e+21,8504213.963974945,5.2241375669837e-09,0,0,1,0.0,0.0,0
483,268597245.63758934,5,0.0,10574942.323802866,94643881202,128.70299770731674,420.0,5,4.3608710863243685e+21,31423822.60399497,196686229706826.34,9164407.524300698,2.180455211785155e+21,8587207.617355011,5.165929906070232e-09,0,0,1,0.0,0.0,0
484,268597245.63758934,5,0.0,10599694.010979213,94620283957,128.70270067042645,420.0,5,4.366131301737273e+21,31358353.7829006,196526938115390.34,9164407.524300698,2.1830853035624481e+21,8526488.25302954,3.623426891863346e-09,0,0,1,0.0,0.0,0
485,268597245.63758934,5,0.0,10624447.648216058,94596686711,128.70240630421952,420.0,5,4.371399183398152e+21,31292884.961806234,196372577530332.72,9164407.524300698,2.185719228956829e+21,8526488.25302954,1.6443664208054543e-09,0,0,1,0.0,0.0,0
486,268597245.63758934,5,0.0,10649152.014420621,94573089465,128.70211457001454,420.0,5,4.376674731307005e+21,31227416.140711866,196223147951653.5,9164407.524300698,2.1883569879682976e+21,8522805.014493888,7.58154783397913e-09,0,0,1,0.0,0.0,0
487,268597245.63758934,5,0.0,10673858.20284838,94549492220,128.7018254299117,420.0,5,4.381957945463833e+21,31161947.3196175,196078649379352.62,9164407.524300698,2.1909985805968542e+21,8522805.014493888,6.650225259363651e-09,0,0,1,0.0,0.0,0
488,268597245.63758934,5,0.0,10698566.152758574,94525894974,128.7015388467726,420.0,5,4.3872488258686346e+21,31096478.49852313,195939081813430.16,9164407.524300698,2.1936440068424985e+21,8522805.014493888,6.650225259363651e-09,0,0,1,0.0,0.0,0
489,268597245.63758934,5,0.0,10723421.720780462,94502297728,128.70125478420024,420.0,5,4.392547372521411e+21,31031009.67742876,195804445253886.06,9164407.524300698,2.1962932667052309e+21,8533310.919359107,5.427864380180836e-09,0,0,1,0.0,0.0,0
490,268715569.781474,5,0.0,10748304.612792438,94478582159,128.70097350998796,420.0,5,4.397849894463737e+21,30965540.856334392,195674739700720.34,9164407.524300698,2.1989445147058386e+21,8535159.734107304,5.020410753786564e-09,0,0,1,0.0,0.0,0
491,268715569.781474,5,0.0,10773617.323784562,94454866589,128.7006765599617,420.0,5,4.403160089212228e+21,30896564.63744892,195539334804848.1,9164407.524300698,2.2015995985395945e+21,8549189.325271713,6.4319465309381485e-09,0,0,1,0.0,0.0,0
492,268715569.781474,5,0.0,10798930.716946471,94431151019,128.7003822414671,420.0,5,4.4084779567668836e+21,30827588.418563455,195409166637836.8,9164407.524300698,2.2042585193001056e+21,8549189.325271713,6.4319465309381485e-09,0,0,1,0.0,0.0,0
493,268715569.781474,5,0.0,10824455.728264973,94407435449,128.70008305911168,420.0,5,4.413803497127704e+21,30756695.387308285,195281992084648.78,9164407.524300698,2.2069212767630603e+21,8556759.594284147,9.19681042432785e-09,0,0,1,0.0,0.0,0
494,268715569.781474,5,0.0,10851135.756313551,94383719880,128.69978659565487,420.0,5,4.419136710294689e+21,30685802.356053114,195160409941457.97,9164407.524300698,2.2095878711883386e+21,8639874.902466424,9.313225746154785e-09,0,0,1,0.0,0.0,0
495,268715569.781474,5,0.0,10877816.400563562,94360004310,128.69949281187135,420.0,5,4.424477596267839e+21,30614909.324797943,195044420208264.38,9164407.524300698,2.2122583025759402e+21,8639874.902466424,9.313225746154785e-09,0,0,1,0.0,0.0,0
496,268715569.781474,5,0.0,10904437.138582094,94336288740,128.69920426105085,420.0,5,4.429826155047153e+21,30544560.8105786,194935544725888.1,9164407.524300698,2.2149325710780491e+21,8637696.834323116,7.887138053774834e-09,0,0,1,0.0,0.0,0
497,268715569.781474,5,0.0,10931058.45240664,94312573170,128.69891828281766,420.0,5,4.435182386632632e+21,30474212.296359256,194832211031250.47,9164407.524300698,2.217610676537419e+21,8637696.834323116,7.887138053774834e-09,0,0,1,0.0,0.0,0
498,268715569.781474,5,0.0,10957680.322843654,94288857600,128.69863484065715,420.0,5,4.4405462910242757e+21,30403863.782139912,194734419124351.44,9164407.524300698,2.2202926189540504e+21,8637696.834323116,7.887138053774834e-09,0,0,1,0.0,0.0,0
499,268715732.98785377,5,0.0,10984302.766757453,94265141867,128.69835389919348,420.0,5,4.4459178631719855e+21,30333515.267920572,194642169005191.03,9164407.524300698,2.2229783958028933e+21,8637699.3844228,7.887138053774834e-09,0,0,1,0.0,0.0,0
500,268715732.98785377,5,0.0,11010323.925651869,94241426134,128.69807542165836,420.0,5,4.451297108134945e+21,30263166.75370123,194555460673769.22,9164407.524300698,2.2256680096135397e+21,8594365.588990595,5.6970748119056225e-09,0,0,1,0.0,0.0,0
501,268715732.98785377,5,0.0,11036106.487896375,94217710401,128.69779904333458,420.0,5,4.4566840259131526e+21,30192725.301010996,194474255965391.1,9164407.524300698,2.228361460382173e+21,8576778.760725409,3.747118171304464e-09,0,0,1,0.0,0.0,0
502,268715732.98785377,5,0.0,11061889.535026083,94193994668,128.6975250690417,420.0,5,4.4620786165066105e+21,30122283.848320767,194398610664112.88,9164407.524300698,2.2310587481143716e+21,8576778.760725409,3.747118171304464e-09,0,0,1,0.0,0.0,0
503,268715732.98785377,5,0.0,11087673.050878163,94170278936,128.69725346552337,420.0,5,4.4674808799153173e+21,30051842.395630535,194328524769934.56,9164407.524300698,2.2337598728101356e+21,8576778.760725409,3.747118171304464e-09,0,0,1,0.0,0.0,0
504,268715732.98785377,5,0.0,11113456.933364177,94146563203,128.6969842028523,420.0,5,4.4728908161392727e+21,29981401.721119434,194263998380830.78,9164407.524300698,2.2364648344694743e+21,8576775.648008889,2.204615157097578e-09,0,0,1,0.0,0.0,0
505,268715732.98785377,5,0.0,11139141.070279477,94122847470,128.6967172451543,420.0,5,4.4783084251784775e+21,29910960.71519095,194205031240874.7,9164407.524300698,2.239173633092363e+21,8569561.105606638,6.395566742867231e-09,0,0,1,0.0,0.0,0
506,269093664.1159657,5,0.0,11164907.646893794,94098753805,128.6964535326537,420.0,5,4.483722086473398e+21,29872450.635562547,194150603839184.0,9164407.524300698,2.241880458297083e+21,8575466.279483387,6.395566742867231e-09,0,0,1,0.0,0.0,0
507,269093664.1159657,5,0.0,11190797.657245886,94074660141,128.6961891528942,420.0,5,4.489143441905986e+21,29849450.883429945,194097474984948.62,9164407.524300698,2.2445911307004915e+21,8575466.279483387,6.395566742867231e-09,0,0,1,0.0,0.0,0
508,269093664.1159657,5,0.0,11216685.329360448,94050566477,128.69592705212034,420.0,5,4.4945724914762415e+21,29826451.13129734,194045404107909.6,9164407.524300698,2.2473056502785316e+21,8575466.279483387,1.102307578548789e-08,0,0,1,0.0,0.0,0
509,269093664.1159657,5,0.0,11242570.741178745,94026472813,128.69566719847057,420.0,5,4.500009235184165e+21,29803451.379164733,193994391208066.88,9164407.524300698,2.2500240170312034e+21,8575466.279483387,6.395566742867231e-09,0,0,1,0.0,0.0,0
510,269093664.1159657,5,0.0,11268453.968043974,94002379149,128.69540956071054,420.0,5,4.505453673029756e+21,29780451.627032127,193944436285420.5,9164407.524300698,2.2527462309585066e+21,8575466.279483387,6.395566742867231e-09,0,0,1,0.0,0.0,0
511,269093664.1159657,5,0.0,11294371.283836909,93978285485,128.69515410821728,420.0,5,4.510905805013015e+21,29757451.87489952,193895539339970.44,9164407.524300698,2.2554722920604416e+21,8578072.755010938,4.1254679672420025e-09,0,0,1,0.0,0.0,0
512,269093664.1159657,5,0.0,11320286.55791258,93954191821,128.6949008109637,420.0,5,4.5163656311339415e+21,29734452.122766916,193847700371716.7,9164407.524300698,2.258202200337008e+21,8578072.755010938,4.1254679672420025e-09,0,0,1,0.0,0.0,0
513,269093664.1159657,5,0.0,11346914.422980182,93930098157,128.69464963950395,420.0,5,4.521833151392536e+21,29711452.37063431,193800919380659.25,9164407.524300698,2.2609359557882062e+21,8612371.858303538,4.2637111619114876e-09,0,0,1,0.0,0.0,0
514,269093664.1159657,5,0.0,11373540.380176434,93906004492,128.6944005649586,420.0,5,4.527308365788798e+21,29688452.618501704,193755196366798.16,9164407.524300698,2.2636735584140358e+21,8612371.858303538,4.2637111619114876e-09,0,0,1,0.0,0.0,0
515,269093664.1159657,5,0.0,11400164.493097067,93881910828,128.69415355900097,420.0,5,4.5327912743227275e+21,29665452.8663691,193710531330133.38,9164407.524300698,2.2664150082144968e+21,8612371.858303538,4.2637111619114876e-09,0,0,1,0.0,0.0,0
516,269093664.1159657,5,0.0,11426786.823217914,93857817164,128.6939085938433,420.0,5,4.538281876994325e+21,29642453.114236493,193666924270664.94,9164407.524300698,2.2691603051895896e+21,8612371.858303538,4.2637111619114876e-09,0,0,1,0.0,0.0,0
517,269093664.1159657,5,0.0,11454110.639335867,93833723500,128.69366564222372,420.0,5,4.54378017380359e+21,29619453.362103887,193624375188392.8,9164407.524300698,2.2719094493393138e+21,8663002.932959711,4.2637111619114876e-09,0,0,1,0.0,0.0,0
518,269093664.1159657,5,0.0,11481137.721890576,93809629836,128.6934326524787,420.0,5,4.549286164750523e+21,29596453.60997128,193582884083317.0,9164407.524300698,2.2746624406636698e+21,8652380.498067396,6.068148650228977e-09,0,0,1,0.0,0.0,0
519,269093664.1159657,5,0.0,11508163.194048852,93785536172,128.6932014735239,420.0,5,4.554799849835124e+21,29573453.857838675,193542450955437.5,9164407.524300698,2.2774192791626575e+21,8652380.498067396,6.068148650228977e-09,0,0,1,0.0,0.0,0
520,269093664.1159657,5,0.0,11535187.109490572,93761442508,128.69297208274912,420.0,5,4.5603212290573924e+21,29550454.10570607,193503075804754.34,9164407.524300698,2.2801799648362766e+21,8652380.498067396,6.068148650228977e-09,0,0,1,0.0,0.0,0
521,269093664.1159657,5,0.0,11562209.520106288,93737348844,128.6927444579427,420.0,5,4.565850302417328e+21,29527454.353573464,193464758631267.5,9164407.524300698,2.2829444976845272e+21,8652380.498067396,6.068148650228977e-09,0,0,1,0.0,0.0,0
522,269093664.1159657,5,0.0,11589230.476056868,93713255180,128.6925185772826,420.0,5,4.571387069914932e+21,29504454.601440858,193427499434977.0,9164407.524300698,2.2857128777074095e+21,8652380.498067396,6.068148650228977e-09,0,0,1,0.0,0.0,0
523,269093664.1159657,5,0.0,11616250.025831155,93689161515,128.6922944193275,420.0,5,4.5769315315502033e+21,29481454.849308252,193391298215882.78,9164407.524300698,2.2884851049049233e+21,8652380.498067396,6.068148650228977e-09,0,0,1,0.0,0.0,0
524,269093664.1159657,5,0.0,11643268.216301683,93665067851,128.69207196300823,420.0,5,4.5824836873231427e+21,29458455.097175647,193356154973984.9,9164407.524300698,2.2912611792770687e+21,8652380.498067396,6.068148650228977e-09,0,0,1,0.0,0.0,0
525,269093664.1159657,5,0.0,11670285.092778584,93640974187,128.69185118761925,420.0,5,4.588043537233749e+21,29435455.34504304,193322069709283.38,9164407.524300698,2.2940411008238454e+21,8652380.498067396,6.068148650228977e-09,0,0,1,0.0,0.0,0
526,254583007.80068937,4,0.0,11700143.350425169,93631391179,122.59668905411255,420.0,4,4.5936108707228775e+21,29355773.341678888,192651431160467.88,9164407.524300698,2.2968247005045549e+21,8516957.88885211,9.036739356815815e-09,0,0,1,0.0,0.0,0
527,242893664.11596575,4,0.0,11730246.583634283,93633497515,121.01244960858712,420.0,4,4.599184662110429e+21,29230429.83954628,191484485653869.9,9164407.524300698,2.29961147950378e+21,8516957.88885211,9.036739356815815e-09,0,0,1,0.0,0.0,0
528,242893664.11596575,4,0.0,11760348.614206765,93635603851,120.66390288395738,420.0,4,4.604764774755648e+21,29105086.337413676,190339546610796.38,9164407.524300698,2.3024014213324852e+21,8516957.88885211,9.036739356815815e-09,0,0,1,0.0,0.0,0
529,242893664.11596575,4,0.0,11790449.482230501,93637710187,120.5107959877425,420.0,4,4.6103512086585347e+21,28979742.83528107,189216614031247.3,9164407.524300698,2.3051945259906706e+21,8516957.88885211,6.126356311142445e-09,0,0,1,0.0,0.0,0
530,242893664.11596575,4,0.0,11820549.226457119,93639816523,120.42465596908905,420.0,4,4.61594396381909e+21,28854399.333148465,188115687915222.7,9164407.524300698,2.3079907934783364e+21,8516957.88885211,6.126356311142445e-09,0,0,1,0.0,0.0,0
531,242893664.11596575,4,0.0,11850647.88434652,93641922859,120.36937628627231,420.0,4,4.621543040237312e+21,28729055.83101586,187036768262722.5,9164407.524300698,2.3107902237954823e+21,8516957.88885211,6.126356311142445e-09,0,0,1,0.0,0.0,0
532,242893664.11596575,4,0.0,11875197.247937227,93644029194,120.33109231351344,420.0,4,4.627148437913202e+21,28603712.328883253,185979855073746.78,9164407.524300698,2.3135928169421084e+21,8516957.88885211,6.126356311142445e-09,0,0,1,0.0,0.0,0
533,242893664.11596575,4,0.0,11899738.285023317,93646135530,120.30291786352221,420.0,4,4.6327601568467596e+21,28478368.826750647,184944948348295.5,9164407.524300698,2.3163985729182148e+21,8516957.888852108,4.903995431959629e-09,0,0,1,0.0,0.0,0
534,242893664.11596575,4,0.0,11924302.915716914,93648241866,120.28131178361858,420.0,4,4.6383781970379853e+21,28353025.32461804,183932048086368.66,9164407.524300698,2.3192074917238014e+21,8518727.281068198,5.922629497945309e-09,0,0,1,0.0,0.0,0
535,242893664.11596575,4,0.0,11948866.179736624,93650348202,120.26421421349364,420.0,4,4.6440025584868786e+21,28227685.585376278,182941158047067.75,9164407.524300698,2.322019573359244e+21,8518712.22950484,7.057678885757923e-09,0,0,1,0.0,0.0,0
536,242893664.11596575,4,0.0,11973131.60766787,93652454538,120.2503452526879,420.0,4,4.6496332411934396e+21,28102345.84613451,181972274125137.4,9164407.524300698,2.3248348178241322e+21,8497334.051948871,3.9726728573441505e-09,0,0,1,0.0,0.0,0
537,242893664.11596575,4,0.0,11997396.149208568,93654560874,120.23886774422927,420.0,4,4.655270245157668e+21,27977006.106892742,181025396320577.6,9164407.524300698,2.327653225118466e+21,8497334.051948871,3.9726728573441505e-09,0,0,1,0.0,0.0,0
538,242893664.11596575,4,0.0,12021659.833905067,93656667210,120.22921106532492,420.0,4,4.6609135703795643e+21,27851666.36765098,180100524633388.3,9164407.524300698,2.3304747952422456e+21,8497334.051948871,3.9726728573441505e-09,0,0,1,0.0,0.0,0
539,242893664.11596575,4,0.0,12045922.690318841,93658773546,120.22097287411353,420.0,4,4.6665632168591287e+21,27726326.62840921,179197659063569.6,9164407.524300698,2.3332995281954708e+21,8497334.051948871,3.9726728573441505e-09,0,0,1,0.0,0.0,0
540,242893664.11597204,4,0.0,12070184.746059317,93660879881,120.21386133534972,420.0,4,4.67221918459636e+21,27600986.889167447,178316799611121.4,9164407.524300698,2.336127423978141e+21,8497334.05194897,9.49512468650937e-09,0,0,1,0.0,0.0,0
541,242893664.11597204,4,0.0,12094466.268935675,93662986217,120.20765961893171,420.0,4,4.677881473591259e+21,27475647.14992568,177457946276043.75,9164407.524300698,2.338958482590257e+21,8498791.412594229,1.4937540981918573e-08,0,0,1,0.0,0.0,0
542,242893664.11597204,4,0.0,12118308.735279713,93665092553,120.20220899692505,420.0,4,4.683550083843827e+21,27350307.410683915,176621099058336.62,9164407.524300698,2.3417927040318193e+21,8477752.611909147,1.5199475456029177e-08,0,0,1,0.0,0.0,0
543,242893664.11597204,4,0.0,12142150.47837852,93667198889,120.19737677868514,420.0,4,4.689225015354062e+21,27224967.671442147,175806257958000.06,9164407.524300698,2.3446300883028266e+21,8477752.611909147,1.5199475456029177e-08,0,0,1,0.0,0.0,0
544,242893664.11597204,4,0.0,12165991.522340275,93669305225,120.19306332367786,420.0,4,4.694906268121964e+21,27099627.93220038,175013422975034.03,9164407.524300698,2.3474706354032796e+21,8477752.611909147,1.5199475456029177e-08,0,0,1,0.0,0.0,0
545,242893664.11597204,4,0.0,12189613.01745152,93671411561,120.1891922798505,420.0,4,4.700593842147534e+21,26974288.192958616,174242594109438.53,9164407.524300698,2.3503143453331777e+21,8467246.707043929,1.767330104485154e-08,0,0,1,0.0,0.0,0
546,242893664.11597204,4,0.0,12215245.092845308,93673517897,120.18563173747489,420.0,4,4.706287737430772e+21,26830847.351431347,173485173629652.97,9164407.524300698,2.353161217232749e+21,8539651.116185943,1.6538251657038927e-08,0,0,1,0.0,0.0,0
547,242893664.11597204,4,0.0,12240876.536711192,93675624233,120.18239580869351,420.0,4,4.711987953971678e+21,26687406.509904075,172752079578059.53,9164407.524300698,2.3560112521937968e+21,8539651.116185943,1.6538251657038927e-08,0,0,1,0.0,0.0,0
548,242893664.11597204,4,0.0,12266507.370100088,93677730569,120.1794416962803,420.0,4,4.7176944917702514e+21,26543965.668376807,172043311954658.25,9164407.524300698,2.358864450216321e+21,8539651.116185943,1.6538251657038927e-08,0,0,1,0.0,0.0,0
549,242857367.17244214,4,0.0,12292129.73642037,93679873201,120.17673377452637,420.0,4,4.723408422247893e+21,26400524.82684954,171358870759449.06,9164407.524300698,2.361721347011022e+21,8539083.976443287,1.1015799827873707e-08,0,0,1,0.0,0.0,0
550,242857367.17244214,4,0.0,12317739.71687252,93682015834,120.1742426655516,420.0,4,4.729128671910573e+21,26257083.985322267,170698755992432.0,9164407.524300698,2.3645814058308857e+21,8539083.976443287,1.1015799827873707e-08,0,0,1,0.0,0.0,0
551,242857367.17244214,4,0.0,12343349.408447776,93684158467,120.17194299212542,420.0,4,4.73485524075829e+21,26113643.143795,170062967653607.1,9164407.524300698,2.3674446266759103e+21,8539083.976443287,1.1015799827873707e-08,0,0,1,0.0,0.0,0
552,242832738.70524877,4,0.0,12368953.476055915,93686325728,120.16981337624087,420.0,4,4.740588853674395e+21,25988343.469072074,169451176641041.25,9164407.524300698,2.3703113719548614e+21,8538699.15664339,1.1015799827873707e-08,0,0,1,0.0,0.0,0
553,242832738.70524877,4,0.0,12394942.72787054,93688492990,120.16782390815045,420.0,4,4.746328784372203e+21,25885999.719072074,168860861089283.44,9164407.524300698,2.37318127827221e+21,8552864.120745605,1.3809767551720142e-08,0,0,1,0.0,0.0,0
554,242832738.70524877,4,0.0,12420931.896901047,93690660251,120.1659708839456,420.0,4,4.752075032851713e+21,25783655.969072074,168291494023853.75,9164407.524300698,2.3760543455752587e+21,8552864.120745605,1.3809767551720142e-08,0,0,1,0.0,0.0,0
555,242832738.70524877,4,0.0,12446920.985906903,93692827512,120.16424074873039,420.0,4,4.757827599112925e+21,25681312.219072074,167743075444752.2,9164407.524300698,2.3789305738640066e+21,8552864.120745605,1.3809767551720142e-08,0,0,1,0.0,0.0,0
556,242832738.70524877,4,0.0,12472858.739951206,93694994773,120.16262245089271,420.0,4,4.763586483155839e+21,25578968.469072074,167215605351978.75,9164407.524300698,2.3818099631384544e+21,8550403.755734656,1.1539668776094913e-08,0,0,1,0.0,0.0,0
557,242832738.70524877,4,0.0,12498796.419216922,93697162035,120.16110498128016,420.0,4,4.769351684980455e+21,25476624.719072074,166709083745533.44,9164407.524300698,2.384692513398602e+21,8550403.755734656,1.1539668776094913e-08,0,0,1,0.0,0.0,0
558,242832738.70524877,4,0.0,12524734.026196666,93699329296,120.15967931515875,420.0,4,4.775123204586773e+21,25374280.969072074,166223510625416.25,9164407.524300698,2.387578224644449e+21,8550403.755734656,1.1539668776094913e-08,0,0,1,0.0,0.0,0
559,242832738.70524877,4,0.0,12550671.563299978,93701496557,120.1583375033456,420.0,4,4.780901041974793e+21,25271937.219072074,165758885991627.2,9164407.524300698,2.3904670968759955e+21,8550403.755734656,1.1539668776094913e-08,0,0,1,0.0,0.0,0
560,238501718.59868205,4,0.0,12575669.141339887,93707994839,120.15706149909609,420.0,4,4.786811703535242e+21,25169593.469072074,165315209844166.25,9164407.524300698,2.3934223832886055e+21,8482731.56656955,1.1539668776094913e-08,0,0,1,0.0,0.0,0
561,238501718.59868205,4,0.0,12599117.041844124,93714493120,120.15588915981267,420.0,4,4.792728473823752e+21,25067249.719072074,164892482183033.44,9164407.524300698,2.3963807261600944e+21,8472667.76903543,5.893525667488575e-09,0,0,1,0.0,0.0,0
562,238501718.59868205,4,0.0,12622596.208946444,93720991402,120.15478121243437,420.0,4,4.798651352840326e+21,24964905.969072074,164490703008228.75,9164407.524300698,2.399342125490464e+21,8472667.76903543,5.893525667488575e-09,0,0,1,0.0,0.0,0
563,238501718.59868205,4,0.0,12646105.600426907,93727489683,120.15373270916483,420.0,4,4.804580340584962e+21,24862562.219072074,164109872319752.2,9164407.524300698,2.402306581279713e+21,8472667.76903543,5.893525667488575e-09,0,0,1,0.0,0.0,0
564,238501718.59868205,4,0.0,12669321.540680667,93733987964,120.15275112117172,420.0,4,4.81051543705766e+21,24760218.469072074,163749990117603.75,9164407.524300698,2.4052740935278416e+21,8472667.76903543,5.893525667488575e-09,0,0,1,0.0,0.0,0
565,238501718.59868205,4,0.0,12693053.956579275,93740486246,120.15182524810734,420.0,4,4.81645664225842e+21,24657874.719072074,163411056401783.44,9164407.524300698,2.40824466223485e+21,8540335.37068174,4.554749466478825e-09,0,0,1,0.0,0.0,0
566,238501718.59868205,4,0.0,12716813.678429637,93746984527,120.15094590103725,420.0,4,4.822403956187243e+21,24555530.969072074,163093071172291.25,9164407.524300698,2.411218287400739e+21,8540335.37068174,4.554749466478825e-09,0,0,1,0.0,0.0,0
567,238501718.59868205,4,0.0,12740599.796033354,93753482809,120.15010983054424,420.0,4,4.828357378844128e+21,24453187.219072074,162796034429127.2,9164407.524300698,2.414194969025507e+21,8540335.37068174,4.554749466478825e-09,0,0,1,0.0,0.0,0
568,238501718.59868205,4,0.0,12764411.429531988,93759981090,120.14931409338617,420.0,4,4.834316910229076e+21,24350843.469072074,162519946172291.25,9164407.524300698,2.4171747071091556e+21,8540335.37068174,4.554749466478825e-09,0,0,1,0.0,0.0,0
569,238501718.59868205,4,0.0,12788225.020659303,93766479371,120.14855601736717,420.0,4,4.840282550342087e+21,24248499.719072074,162264806401783.44,9164407.524300698,2.4201575016516834e+21,8538700.413660701,6.184563972055912e-09,0,0,1,0.0,0.0,0
570,238501718.59868205,4,0.0,12812062.454972865,93772977653,120.14783317093813,420.0,4,4.846254299183159e+21,24146155.969072074,162030615117603.75,9164407.524300698,2.423143352653091e+21,8538700.413660701,6.184563972055912e-09,0,0,1,0.0,0.0,0
571,238501718.59868205,4,0.0,12835922.9376998,93779475934,120.14714333680028,420.0,4,4.852232156752294e+21,24043812.219072074,161817372319752.2,9164407.524300698,2.426132260113379e+21,8538700.413660701,6.184563972055912e-09,0,0,1,0.0,0.0,0
572,238501718.59868205,4,0.0,12859805.70055966,93785974216,120.14648448890988,420.0,4,4.858216123049492e+21,23941468.469072074,161625078008228.75,9164407.524300698,2.429124224032547e+21,8538700.413660701,6.184563972055912e-09,0,0,1,0.0,0.0,0
573,238501718.59868205,4,0.0,12883709.85671276,93792472497,120.14585477238357,420.0,4,4.864206198074752e+21,23839124.719072074,161453732183033.44,9164407.524300698,2.432119244410594e+21,8538690.033522138,5.8353180065751076e-09,0,0,1,0.0,0.0,0
574,238501718.59868205,4,0.0,12907634.832412293,93798970778,120.1452524858868,420.0,4,4.870202381828074e+21,23736780.969072074,161303334844166.25,9164407.524300698,2.435117321247521e+21,8538690.033522138,5.8353180065751076e-09,0,0,1,0.0,0.0,0
575,238501718.59868205,4,0.0,12931579.933673382,93805469060,120.14467606615425,420.0,4,4.876204674309459e+21,23634437.219072074,161173885991627.2,9164407.524300698,2.4381184545433285e+21,8538690.033522138,5.8353180065751076e-09,0,0,1,0.0,0.0,0
576,238501718.59868205,4,0.0,12955544.489643972,93811967341,120.14412407434698,420.0,4,4.882213075518906e+21,23532093.469072074,161065385625416.25,9164407.524300698,2.4411226442980157e+21,8538690.033522138,5.8353180065751076e-09,0,0,1,0.0,0.0,0
577,238501718.59868205,4,0.0,12979527.85183375,93818465623,120.14359518399807,420.0,4,4.888227585456414e+21,23429749.719072074,160977833745533.44,9164407.524300698,2.444129890511582e+21,8538690.033522138,5.8353180065751076e-09,0,0,1,0.0,0.0,0
578,238501718.59868205,4,0.0,13003529.637342807,93824963904,120.1430881663289,420.0,4,4.894248204121987e+21,23327405.969072074,160911230351978.75,9164407.524300698,2.447140193184029e+21,8538701.744277442,1.2747477740049362e-08,0,0,1,0.0,0.0,0
579,238501718.59868205,4,0.0,13028003.266392248,93831462185,120.14259141751974,420.0,4,4.900274931515622e+21,23225062.219072074,160865575444752.2,9164407.524300698,2.450153552315355e+21,8560506.712597797,1.3387762010097504e-08,0,0,1,0.0,0.0,0
580,238501718.59868205,4,0.0,13052494.249414317,93837960467,120.14211419306459,420.0,4,4.906307767637318e+21,23122718.469072074,160840869023853.75,9164407.524300698,2.4531699679055614e+21,8560524.299053634,1.3329554349184036e-08,0,0,1,0.0,0.0,0
581,238501718.59868205,4,0.0,13077323.621736111,93844458748,120.14165073547834,420.0,4,4.912346712487077e+21,23053187.219072074,160836034429127.2,9164407.524300698,2.456189439846982e+21,8575978.761350749,4.903995431959629e-09,0,0,1,0.0,0.0,0
582,238501718.59868205,4,0.0,13102160.168381605,93850957030,120.14120487285892,420.0,4,4.918391766064899e+21,23053187.219072074,160836034429127.2,9164407.524300698,2.4592119666358925e+21,8575561.17893516,6.912159733474255e-09,0,0,1,0.0,0.0,0
583,238501718.59868205,4,0.0,13127012.059852548,93857455311,120.14077576195761,420.0,4,4.924442928370783e+21,23053187.219072074,160836034429127.2,9164407.524300698,2.4622375477888344e+21,8575561.17893516,6.912159733474255e-09,0,0,1,0.0,0.0,0
584,238501718.59868205,4,0.0,13151158.302619321,93863953592,120.14037279447541,420.0,4,4.930500199404729e+21,23053187.219072074,160836034429127.2,9164407.524300698,2.4652661833058075e+21,8540978.041234283,7.450580596923828e-09,0,0,1,0.0,0.0,0
585,238501718.59868205,4,0.0,13176370.649296708,93870451874,120.13996135651655,420.0,4,4.936563579166738e+21,23053187.219072074,160836034429127.2,9164407.524300698,2.4682978731868123e+21,8578914.927288182,7.799826562404633e-09,0,0,1,0.0,0.0,0
586,238501718.59868205,4,0.0,13201596.856898086,93876950155,120.1395650451876,420.0,4,4.942633067656809e+21,23053187.219072074,160836034429127.2,9164407.524300698,2.471332617431848e+21,8578914.927288182,7.799826562404633e-09,0,0,1,0.0,0.0,0
587,238501718.59868205,4,0.0,13226836.463392664,93883448437,120.13918321491568,420.0,4,4.948708664874943e+21,23053187.219072074,160836034429127.2,9164407.524300698,2.4743704160409145e+21,8578914.927288182,7.799826562404633e-09,0,0,1,0.0,0.0,0
588,238501718.59868205,4,0.0,13252089.022150658,93889946718,120.13881526161859,420.0,4,4.954790370821139e+21,23053187.219072074,160836034429127.2,9164407.524300698,2.477411269014013e+21,8578914.927288182,7.799826562404633e-09,0,0,1,0.0,0.0,0
589,238292332.88515887,4,0.0,13277145.299778713,93896654385,120.13847990932456,420.0,4,4.960884182221786e+21,23053187.219072074,160836034429127.2,9164407.524300698,2.480458174714336e+21,8575643.275514383,1.157604856416583e-08,0,0,1,0.0,0.0,0
590,238292332.88515887,4,0.0,13298783.835784918,93903362052,120.13856270464943,420.0,4,4.966984094145066e+21,23053187.219072074,160836034429127.2,9164407.524300698,2.4835081306759763e+21,8575643.275514383,1.1634256225079298e-08,0,0,1,0.0,0.0,0
591,238292332.88515887,4,0.0,13320458.32502561,93910069719,120.13864519707575,420.0,4,4.973090106590981e+21,23053187.219072074,160836034429127.2,9164407.524300698,2.486561136898934e+21,8575643.275514383,1.1634256225079298e-08,0,0,1,0.0,0.0,0
592,238292332.88515887,4,0.0,13342167.569059633,93916777386,120.13872742664275,420.0,4,4.979202219559528e+21,23053187.219072074,160836034429127.2,9164407.524300698,2.4896171933832074e+21,8575643.275514383,1.1634256225079298e-08,0,0,1,0.0,0.0,0
593,238292332.88515887,4,0.0,13363910.40939389,93923485054,120.13880943403284,420.0,4,4.98532043305071e+21,23053187.219072074,160836034429127.2,9164407.524300698,2.492676300128798e+21,8575643.275514383,1.1634256225079298e-08,0,0,1,0.0,0.0,0
594,238292332.88515887,4,0.0,13385685.726151694,93930192721,120.13889126048942,420.0,4,4.991444747064525e+21,23053187.219072074,160836034429127.2,9164407.524300698,2.4957384571357055e+21,8575643.275514383,1.1634256225079298e-08,0,0,1,0.0,0.0,0
595,238292332.88515887,4,0.0,13407492.436785601,93936900388,120.13897294773973,420.0,4,4.997575161600973e+21,23053187.219072074,160836034429127.2,9164407.524300698,2.4988036644039295e+21,8575643.275514383,1.1634256225079298e-08,0,0,1,0.0,0.0,0
596,238292332.88515887,4,0.0,13428138.714300977,93943608055,120.13907677830277,420.0,4,5.003711676660054e+21,23053187.219072074,160836034429127.2,9164407.524300698,2.50187192193347e+21,8518485.80997402,1.3671524357050657e-08,0,0,1,0.0,0.0,0
597,236760085.11132517,4,0.0,13448481.80860133,93951847970,120.13917665406134,420.0,4,5.009897940281043e+21,23053187.219072074,160836034429127.2,9164407.524300698,2.504965053743965e+21,8494544.438507868,9.89530235528946e-09,0,0,1,0.0,0.0,0
598,236760085.11132517,4,0.0,13468354.482301474,93960087885,120.13928987037615,420.0,4,5.01609024971601e+21,23053187.219072074,160836034429127.2,9164407.524300698,2.5080612084614483e+21,8494544.438507868,9.89530235528946e-09,0,0,1,0.0,0.0,0
599,236760085.11132517,4,0.0,13487989.64877745,93968327800,120.13941070174614,420.0,4,5.022288604964956e+21,23053187.219072074,160836034429127.2,9164407.524300698,2.511160386085921e+21,8481296.251369439,8.32369551062584e-09,0,0,1,0.0,0.0,0
