t,secure_bps,violations,k_min,k_mean,q_total,aos_mean,aos_max,rekey,q_sumsq,z_l1,z_sumsq,z_max,lyapunov,key_inflow,key_overflow,cg_iters,cg_columns,cg_converged,obj_lp,obj_greedy,key_blocked_edges
0,245000000.0,0,2109375.0,2425672.7430555555,0,0.8678816811621574,0.9476988686844755,0,0.0,571875.0,109013671875.0,190625.0,10901367187500.0,7200000.0,0.0,0,0,1,0.0,0.0,0
1,245000000.0,0,1718750.0,2351345.486111111,0,1.9553749264829172,2.1629597325192615,0,0.0,1143750.0,436054687500.0,381250.0,43605468750000.0,7200000.0,0.0,0,0,1,0.0,0.0,0
2,245000000.0,0,1328125.0,2277018.2291666665,0,3.0760090197024463,3.5047493651838613,0,0.0,1715625.0,981123046875.0,571875.0,98112304687500.0,7200000.0,0.0,0,0,1,0.0,0.0,0
3,245000000.0,0,1137500.0,2219357.638888889,0,4.184985372071511,4.756697408871322,0,0.0,2287500.0,1744218750000.0,762500.0,174421875000000.0,7200000.0,0.0,0,0,1,0.0,0.0,0
4,245000000.0,0,946875.0,2161964.0092567923,0,4.753819482747539,6.109982856389292,0,0.0,2859375.0,2725341796875.0,953125.0,272534179687500.0,7209610.583244515,1.446096575818956e-10,0,0,1,0.0,0.0,0
5,245000000.0,0,756250.0,2115681.4907358065,0,5.774292404434514,7.641135688345988,0,0.0,3431250.0,3924492187500.0,1143750.0,392449218750000.0,7209610.583244515,1.446096575818956e-10,0,0,1,0.0,0.0,0
6,245000000.0,0,565625.0,2086065.638881487,0,6.842155302501401,9.529671299360247,0,0.0,4003125.0,5341669921875.0,1334375.0,534166992187500.0,7209610.583244515,1.446096575818956e-10,0,0,1,0.0,0.0,0
7,245000000.0,0,375000.0,2056449.7870271686,0,8.10729150599021,12.319148936170212,0,0.0,4575000.0,6976875000000.0,1525000.0,697687500000000.0,7209610.583244515,1.446096575818956e-10,0,0,1,0.0,0.0,0
8,245000000.0,0,184375.0,2038659.16461819,0,10.139750633578911,18.78894133513149,0,0.0,5146875.0,8830107421875.0,1715625.0,883010742187500.0,7209781.808042611,3.483364707790315e-10,0,0,1,0.0,0.0,0
9,243400000.0,1,0.0,2026235.5690082626,1600000,34.395692559937466,129.0,3,2560000000000.0,5700000.0,10830000000000.0,1900000.0,1084280000000000.0,7209781.808042611,3.483364707790315e-10,0,0,1,0.0,0.0,0
10,196200000.0,1,0.0,2045586.9073296231,50400000,33.78817546187436,130.0,3,2540160000000000.0,5699999.789711275,10829999200902.89,1900000.0,2353079920090289.0,7209782.64919751,3.90103560565791e-10,0,0,1,0.0,0.0,0
11,196200000.0,1,0.0,2065194.5850851098,99200000,34.46930848209614,131.0,3,9840640000000000.0,5699999.57942255,10829998401805.867,1900000.0,6003319840180587.0,7209782.64919751,3.90103560565791e-10,0,0,1,0.0,0.0,0
12,196200000.0,1,0.0,2084802.2628405956,148000000,35.1534280679948,132.0,3,2.1904e+16,5699999.369133825,10829997602708.934,1900000.0,1.2034999760270894e+16,7209782.64919751,3.90103560565791e-10,0,0,1,0.0,0.0,0
13,196200000.0,1,0.0,2104783.444790489,196800000,33.98272438218307,133.0,3,3.873024e+16,5699999.158845101,10829996803612.09,1900000.0,2.044811968036121e+16,7223228.800196163,6.229342042196606e-10,0,0,1,0.0,0.0,0
14,196200000.0,1,0.0,2124764.626740383,245600000,34.528566823828356,134.0,3,6.031936e+16,5699998.948556376,10829996004515.332,1900000.0,3.1242679600451532e+16,7223228.800196163,3.90103560565791e-10,0,0,1,0.0,0.0,0
15,196200000.0,1,0.0,2144745.8086902765,294400000,35.07638478542337,135.0,3,8.667136e+16,5699998.738267651,10829995205418.664,1900000.0,4.4418679520541864e+16,7223228.800196163,5.642717959553067e-10,0,0,1,0.0,0.0,0
16,196200000.0,1,0.0,2164726.990640169,343200000,35.62594096792821,136.0,3,1.1778624e+17,5699998.527978926,10829994406322.086,1900000.0,5.997611944063221e+16,7223228.800196163,5.642717959553067e-10,0,0,1,0.0,0.0,0
17,196200000.0,1,0.0,2184708.172590063,392000000,36.177035927215215,137.0,3,1.53664e+17,5699998.317690201,10829993607225.594,1900000.0,7.791499936072256e+16,7223228.800196163,5.642717959553067e-10,0,0,1,0.0,0.0,0
18,196200000.0,1,0.0,2204689.3545399564,440800000,36.72950066251498,138.0,3,1.9430464e+17,5699998.107401476,10829992808129.191,1900000.0,9.823531928081291e+16,7223228.800196163,5.642717959553067e-10,0,0,1,0.0,0.0,0
19,196200000.0,1,0.0,2224670.53648985,489600000,37.28319090288212,139.0,3,2.3970816e+17,5699997.897112751,10829992009032.877,1900000.0,1.2093707920090328e+17,7223228.800196163,5.642719624887604e-10,0,0,1,0.0,0.0,0
20,196200000.0,1,0.0,2244651.718439743,538400000,37.83798265059742,140.0,3,2.8987456e+17,5699997.6868240265,10829991209936.652,1900000.0,1.4602027912099366e+17,7223228.800196163,5.642719624887604e-10,0,0,1,0.0,0.0,0
21,196200000.0,1,0.0,2264632.9003896364,587200000,38.39376866748633,141.0,3,3.4480384e+17,5699997.476535302,10829990410840.514,1900000.0,1.7348491904108406e+17,7223228.800196163,5.642719624887604e-10,0,0,1,0.0,0.0,0
22,196200000.0,1,0.0,2284614.0823395303,636000000,38.95045567726156,142.0,3,4.04496e+17,5699997.266246577,10829989611744.465,1900000.0,2.0333099896117443e+17,7223228.800196163,5.642719624887604e-10,0,0,1,0.0,0.0,0
23,196200000.0,1,0.0,2304595.264289424,684800000,39.50796211771395,143.0,3,4.6895104e+17,5699997.055957852,10829988812648.504,1900000.0,2.3555851888126486e+17,7223228.800196163,5.642719624887604e-10,0,0,1,0.0,0.0,0
24,196200000.0,1,0.0,2324576.446239317,733600000,40.06621631952032,144.0,3,5.3816896e+17,5699996.845669127,10829988013552.633,1900000.0,2.7016747880135526e+17,7223228.800196163,5.642719624887604e-10,0,0,1,0.0,0.0,0
25,196200000.0,1,0.0,2344962.040792499,782400000,40.625100458335886,145.0,3,6.1214976e+17,5696460.228722902,10816561399127.72,1900000.0,3.0715653613991277e+17,7237787.653914555,5.225047061685473e-10,0,0,1,0.0,0.0,0
26,196200000.0,1,0.0,2365347.635345681,831200000,41.18461971271079,146.0,3,6.9089344e+17,5692923.611776676,10803159800021.658,1900000.0,3.465270359800022e+17,7237787.653914555,5.225047061685473e-10,0,0,1,0.0,0.0,0
27,196200000.0,1,0.0,2385781.5922171944,880000000,37.88756517241705,147.0,3,7.744e+17,5689386.994830451,10789783216234.443,1900000.0,3.882789783216234e+17,7239528.697374483,5.225047061685473e-10,0,0,1,0.0,0.0,0
28,196200000.0,1,0.0,2406463.966057459,928800000,38.30519660238111,148.0,3,8.6266944e+17,5685850.377884226,10776431647766.078,1900000.0,4.324123631647766e+17,7248471.708249496,9.640643838793039e-11,0,0,1,0.0,0.0,0
29,196200000.0,1,0.0,2427146.339897722,977600000,37.796949300348174,149.0,3,9.5570176e+17,5682313.760938001,10763105094616.56,1900000.0,4.789271905094616e+17,7248471.708249496,9.640643838793039e-11,0,0,1,0.0,0.0,0
30,196200000.0,1,0.0,2446450.0958452714,1026400000,36.9994214392243,150.0,3,1.05349696e+18,5678777.143991776,10749803556785.893,1900000.0,5.278234603556786e+17,7248471.708249496,9.640643838793039e-11,0,0,1,0.0,0.0,0
31,196200000.0,1,0.0,2464329.681009574,1075200000,36.536878444252565,151.0,3,1.15605504e+18,5675240.52704555,10736527034274.072,1900000.0,5.791011727034275e+17,7248471.708249496,9.640643838793039e-11,0,0,1,0.0,0.0,0
32,196200000.0,1,0.0,2482014.7266039904,1124000000,36.28780863139014,152.0,3,1.263376e+18,5671703.910099325,10723275527081.102,1900000.0,6.327603275527081e+17,7248471.708249496,9.640643838793039e-11,0,0,1,0.0,0.0,0
33,196200000.0,1,0.0,2499530.827286863,1172800000,36.15314541555949,153.0,3,1.37545984e+18,5667937.973080963,10709192271277.816,1900000.0,6.888008392271278e+17,7249388.988538043,2.8194335754960775e-10,0,0,1,0.0,0.0,0
34,196200000.0,1,0.0,2516865.141549431,1221600000,36.13240877785292,154.0,3,1.49230656e+18,5664172.036062601,10695137380037.783,1900000.0,7.472227937380038e+17,7249388.988538043,2.8558133635669947e-10,0,0,1,0.0,0.0,0
35,196200000.0,1,0.0,2534023.7289390373,1270400000,36.193960975496395,155.0,3,1.61391616e+18,5660406.099044239,10681110853361.004,1900000.0,8.08026191085336e+17,7249388.988538043,2.8558133635669947e-10,0,0,1,0.0,0.0,0
36,196200000.0,1,0.0,2551012.447018115,1319200000,36.316902279782006,156.0,3,1.74028864e+18,5656640.162025877,10667112691247.477,1900000.0,8.712110312691247e+17,7249388.988538043,2.8558133635669947e-10,0,0,1,0.0,0.0,0
37,196200000.0,1,0.0,2567840.62623924,1368000000,36.486869409787886,157.0,3,1.871424e+18,5652874.225007515,10653142893697.201,1900000.0,9.367773142893697e+17,7249521.041658134,7.512426236644387e-10,0,0,1,0.0,0.0,0
38,196200000.0,1,0.0,2584510.0720268595,1416800000,36.6936662862224,158.0,2,2.00732224e+18,5649108.2879891535,10639201460710.178,1900000.0,1.004725040146071e+18,7249521.041658134,2.8558133635669947e-10,0,0,1,0.0,0.0,0
39,196200000.0,1,0.0,2601026.075495424,1465600000,36.92985265667856,159.0,2,2.14798336e+18,5645342.350970792,10625288392286.408,1900000.0,1.0750542088392287e+18,7249521.041658134,2.8558133635669947e-10,0,0,1,0.0,0.0,0
40,196200000.0,1,0.0,2617393.751388902,1514400000,37.18987173483004,160.0,2,2.29340736e+18,5641576.41395243,10611403688425.89,1900000.0,1.1477648203688426e+18,7249521.041658134,6.798472895752639e-10,0,0,1,0.0,0.0,0
41,196200000.0,1,0.0,2633618.043959796,1563200000,37.469489200727615,161.0,2,2.44359424e+18,5637810.476934068,10597547349128.625,1900000.0,1.2228568747349128e+18,7249521.041658134,6.798472895752639e-10,0,0,1,0.0,0.0,0
42,196200000.0,1,0.0,2650351.294727431,1612000000,34.76513525034222,162.0,2,2.598544e+18,5634044.539915706,10583719374394.613,1900000.0,1.3003303719374395e+18,7272833.276366722,6.898517312947661e-10,0,0,1,0.0,0.0,0
43,196200000.0,1,0.0,2666950.5617458518,1660800000,35.003086849678326,163.0,2,2.75825664e+18,5630278.602897344,10569919764223.854,1900000.0,1.3801853119764224e+18,7272833.276366722,6.898517312947661e-10,0,0,1,0.0,0.0,0
44,196200000.0,1,0.0,2683420.3111400325,1709600000,35.25270823369031,164.0,2,2.92273216e+18,5626512.665878982,10556148518616.348,1900000.0,1.4624216948518618e+18,7272833.276366722,6.898517312947661e-10,0,0,1,0.0,0.0,0
45,196200000.0,1,0.0,2699764.8601641133,1758400000,35.5123312336643,165.0,2,3.09197056e+18,5622746.72886062,10542405637572.092,1900000.0,1.5470395205637573e+18,7272833.276366722,6.898517312947661e-10,0,0,1,0.0,0.0,0
46,196200000.0,1,0.0,2715988.3821637654,1807200000,35.78059300099446,166.0,2,3.26597184e+18,5618980.791842259,10528691121091.09,1900000.0,1.634038789112109e+18,7272833.276366722,6.898517312947661e-10,0,0,1,0.0,0.0,0
47,196200000.0,1,0.0,2732094.9113731356,1856000000,36.05636907781308,167.0,2,3.444736e+18,5615214.854823897,10515004969173.34,1900000.0,1.7234195004969172e+18,7272833.276366722,6.898517312947661e-10,0,0,1,0.0,0.0,0
48,196200000.0,1,0.0,2748088.3475519004,1904800000,36.33872334630664,168.0,2,3.62826304e+18,5611448.917805535,10501347181818.844,1900000.0,1.815181654718182e+18,7272833.276366722,6.898517312947661e-10,0,0,1,0.0,0.0,0
49,196200000.0,1,0.0,2763972.4604677465,1953600000,36.626870089672074,169.0,2,3.81655296e+18,5607682.980787173,10487717759027.598,1900000.0,1.9093252517759027e+18,7272833.276366722,6.898517312947661e-10,0,0,1,0.0,0.0,0
50,196200000.0,1,0.0,2779750.8942294377,2002400000,36.92014487685956,170.0,2,4.00960576e+18,5603917.043768811,10474116700799.605,1900000.0,2.00585029167008e+18,7272833.276366722,9.226823749486357e-10,0,0,1,0.0,0.0,0
51,196200000.0,1,0.0,2795427.1714754463,2051200000,37.21798196533518,171.0,2,4.20742144e+18,5600151.106750449,10460544007134.867,1900000.0,2.1047567744007135e+18,7272833.276366722,6.898517312947661e-10,0,0,1,0.0,0.0,0
52,196200000.0,1,0.0,2811004.6974229612,2100000000,37.51989658002349,172.0,2,4.41e+18,5596385.169732087,10446999678033.379,1900000.0,2.2060446999678034e+18,7272833.276366722,6.898517312947661e-10,0,0,1,0.0,0.0,0
53,196200000.0,1,0.0,2827317.396422758,2148800000,34.0397565971905,173.0,2,4.61734144e+18,5585143.538946298,10405131963176.227,1900000.0,2.3097112331963177e+18,7302736.051436431,1.2901182344648987e-09,0,0,1,0.0,0.0,0
54,196200000.0,1,0.0,2843537.8178202966,2197600000,34.277199909016396,174.0,2,4.82944576e+18,5573901.90816051,10363404384876.934,1900000.0,2.4157592204384876e+18,7302736.051436431,1.2901182344648987e-09,0,0,1,0.0,0.0,0
55,196200000.0,1,0.0,2859669.0375356507,2246400000,32.04414565022324,175.0,2,5.04631296e+18,5562660.27737472,10321816943135.504,1900000.0,2.5241886616943135e+18,7302736.051436431,1.2901182344648987e-09,0,0,1,0.0,0.0,0
56,196200000.0,1,0.0,2875714.028958227,2295200000,30.81212181549515,176.0,2,5.26794304e+18,5551418.646588931,10280369637951.934,1900000.0,2.634999556963795e+18,7302736.051436431,1.2901182344648987e-09,0,0,1,0.0,0.0,0
57,196200000.0,1,0.0,2891675.666364453,2344000000,30.157248880826618,177.0,2,5.494336e+18,5540177.0158031415,10239062469326.225,1900000.0,2.7481919062469325e+18,7302736.051436431,1.2901182344648987e-09,0,0,1,0.0,0.0,0
58,196200000.0,1,0.0,2907556.728221537,2392800000,29.79823547823964,178.0,2,5.72549184e+18,5528935.385017352,10197895437258.377,1900000.0,2.863765709543726e+18,7302736.051436431,1.2901182344648987e-09,0,0,1,0.0,0.0,0
59,196200000.0,1,0.0,2921999.063092188,2441600000,29.611613602094028,179.0,1,5.96141056e+18,5517693.754231564,10156868541748.39,1900000.0,2.9817209668541747e+18,7302736.051436431,1.2901182344648987e-09,0,0,1,0.0,0.0,0
60,196200000.0,1,0.0,2934648.3632632275,2490400000,29.53450210467023,180.0,1,6.20209216e+18,5506452.123445774,10115981782796.266,1900000.0,3.1020576781782794e+18,7302736.051436431,1.2901182344648987e-09,0,0,1,0.0,0.0,0
61,196200000.0,1,0.0,2947166.5694387713,2539200000,29.53123660794148,181.0,1,6.44753664e+18,5495210.492659985,10075235160402.004,1900000.0,3.22477584351604e+18,7302736.051436431,1.2901182344648987e-09,0,0,1,0.0,0.0,0
62,196200000.0,1,0.0,2959495.0300343474,2588000000,29.580342702629707,182.0,1,6.697744e+18,5483968.861874197,10034628674565.6,1900000.0,3.3498754628674565e+18,7302736.051436431,1.2901182344648987e-09,0,0,1,0.0,0.0,0
63,196200000.0,1,0.0,2970253.738266793,2636800000,29.66821045802168,183.0,1,6.95271424e+18,5472727.231088407,9994162325287.059,1900000.0,3.477356536232529e+18,7302736.051436431,1.2901182344648987e-09,0,0,1,0.0,0.0,0
64,196200000.0,1,0.0,2980878.3033393044,2685600000,29.92820068328561,184.0,1,7.21244736e+18,5461485.600302618,9953836112566.379,1900000.0,3.607219063611257e+18,7303245.299997191,1.368789526168257e-09,0,0,1,0.0,0.0,0
65,196200000.0,1,0.0,2991365.384273162,2734400000,29.9252827099398,185.0,1,7.47694336e+18,5450243.969516829,9913650036403.56,1900000.0,3.7394630450036403e+18,7303362.577571491,2.0619950191758107e-09,0,0,1,0.0,0.0,0
66,196200000.0,1,0.0,3001717.2020329493,2783200000,30.083367229873122,186.0,1,7.74620224e+18,5439002.338731039,9873604096798.604,1900000.0,3.87408848040968e+18,7303362.577571491,1.8309265215066262e-09,0,0,1,0.0,0.0,0
67,196200000.0,1,0.0,3011938.2653911356,2832000000,30.256152784788004,187.0,1,8.020224e+18,5427760.707945251,9833698293751.506,1900000.0,4.011095369829375e+18,7303362.577571491,1.8309265215066262e-09,0,0,1,0.0,0.0,0
68,196200000.0,1,0.0,3022032.932827773,2880800000,30.441036284487005,188.0,1,8.29900864e+18,5416519.077159462,9793932627262.271,1900000.0,4.150483713262726e+18,7303362.577571491,1.8309265215066262e-09,0,0,1,0.0,0.0,0
69,196200000.0,1,0.0,3033080.1953902673,2929600000,30.63592279904719,189.0,1,8.58255616e+18,5405277.446373672,9754307097330.898,1900000.0,4.292253510709733e+18,7354951.914372363,1.5962768884492107e-09,0,0,1,0.0,0.0,0
70,196200000.0,1,0.0,3045800.572560204,2978400000,30.839184548622402,190.0,1,8.87086656e+18,5394035.815587884,9714821703957.385,1900000.0,4.4364047621703956e+18,7440930.6939307675,9.158611646853387e-10,0,0,1,0.0,0.0,0
71,196200000.0,1,0.0,3058406.7767623398,3027200000,31.04972564125395,191.0,1,9.16393984e+18,5382794.1848020945,9675476447141.734,1900000.0,4.582937467644714e+18,7440930.6939307675,9.158611646853387e-10,0,0,1,0.0,0.0,0
72,196200000.0,1,0.0,3070902.6137622683,3076000000,31.266536173261624,192.0,1,9.461776e+18,5371552.554016305,9636271326883.943,1900000.0,4.731851627132688e+18,7440930.6939307675,9.158611646853387e-10,0,0,1,0.0,0.0,0
73,196200000.0,1,0.0,3083291.762466729,3124800000,31.4887917433598,193.0,1,9.76437504e+18,5360310.923230516,9597206343184.016,1900000.0,4.883147240634319e+18,7440930.6939307675,9.158611646853387e-10,0,0,1,0.0,0.0,0
74,196200000.0,1,0.0,3095577.7791522387,3173600000,31.71581207805549,194.0,1,1.007173696e+19,5349069.292444726,9558281496041.947,1900000.0,5.036824308149604e+18,7440930.6939307675,9.158611646853387e-10,0,0,1,0.0,0.0,0
75,196200000.0,1,0.0,3107764.10155276,3222400000,31.9470303288064,195.0,1,1.038386176e+19,5337827.661658938,9519496785457.742,1900000.0,5.192882829678546e+18,7440930.6939307675,9.158611646853387e-10,0,0,1,0.0,0.0,0
76,196200000.0,1,0.0,3119867.3606545287,3271200000,32.18196505172372,196.0,1,1.070074944e+19,5326586.030873149,9480852211431.396,1900000.0,5.351322805221144e+18,7441569.470413942,1.0031726560555398e-09,0,0,1,0.0,0.0,0
77,196200000.0,1,0.0,3132340.5156786134,3320000000,32.4200789156144,197.0,1,1.10224e+19,5315344.400087359,9442347773962.912,1900000.0,5.512144234777396e+18,7458206.426084277,1.8517312128096819e-09,0,0,1,0.0,0.0,0
78,196200000.0,1,0.0,3144723.6172243077,3368800000,32.6611688514273,198.0,1,1.134881344e+19,5304102.769301571,9403983473052.29,1900000.0,5.675347118347305e+18,7458206.426084277,1.8517312128096819e-09,0,0,1,0.0,0.0,0
79,196200000.0,1,0.0,3157055.74129262,3417600000,32.90492791428607,199.0,1,1.167998976e+19,5292861.138515782,9365759308699.527,1900000.0,5.84093145593087e+18,7459505.097946563,2.4265318643301725e-09,0,0,1,0.0,0.0,0
80,196200000.0,1,0.0,3169303.715388349,3466400000,33.151110287587606,200.0,1,1.201592896e+19,5281619.507729992,9327675280904.629,1900000.0,6.008897247528091e+18,7459505.097946563,2.4265318643301725e-09,0,0,1,0.0,0.0,0
81,196200000.0,1,0.0,3181470.3445105795,3515200000,33.399492757895224,201.0,1,1.235663104e+19,5270377.876944203,9289731389667.59,1900000.0,6.179244493138967e+18,7459505.097946563,2.4265318643301725e-09,0,0,1,0.0,0.0,0
82,196200000.0,1,0.0,3193558.340158427,3564000000,33.6498800569501,202.0,1,1.2702096e+19,5259136.246158414,9251927634988.41,1900000.0,6.351973192763498e+18,7459505.097946563,2.4265318643301725e-09,0,0,1,0.0,0.0,0
83,196200000.0,1,0.0,3205570.3234477066,3612800000,33.90210050855215,203.0,1,1.305232384e+19,5247894.615372625,9214264016867.096,1900000.0,6.527083346401687e+18,7459505.097946563,2.4265318643301725e-09,0,0,1,0.0,0.0,0
84,196200000.0,1,0.0,3217508.8281237013,3661600000,34.15600247537681,204.0,1,1.340731456e+19,5236652.984586836,9176740535303.64,1900000.0,6.704574954053531e+18,7459505.097946563,2.4265318643301725e-09,0,0,1,0.0,0.0,0
85,196200000.0,1,0.0,3229376.303473523,3710400000,34.41145143815152,205.0,1,1.376706816e+19,5225411.3538010465,9139357190298.047,1900000.0,6.88444801571903e+18,7459505.097946563,2.4265318643301725e-09,0,0,1,0.0,0.0,0
86,196200000.0,1,0.0,3241175.117141375,3759200000,34.66832757871341,206.0,1,1.413158464e+19,5214169.723015258,9102113981850.312,1900000.0,7.066702531398185e+18,7459505.097946563,2.4265318643301725e-09,0,0,1,0.0,0.0,0
87,196200000.0,1,0.0,3252916.626778623,3808000000,34.926245757041016,207.0,1,1.4500864e+19,5202819.265085888,9064648619402.008,1900000.0,7.25133846486194e+18,7459940.406520885,2.381057129241526e-09,0,0,1,0.0,0.0,0
88,196200000.0,1,0.0,3264593.97588861,3856800000,35.185405396541576,208.0,1,1.487490624e+19,5191468.807156518,9027325056542.93,1900000.0,7.438355852505654e+18,7459940.406520885,2.406522980891168e-09,0,0,1,0.0,0.0,0
89,196200000.0,1,0.0,3276209.3031555763,3905600000,35.445718729402216,209.0,1,1.525371136e+19,5180118.349227148,8990143293273.084,1900000.0,7.627754694329328e+18,7459940.406520885,2.406522980891168e-09,0,0,1,0.0,0.0,0
90,196200000.0,1,0.0,3287764.67597429,3954400000,35.70710647030169,210.0,1,1.563727936e+19,5168767.891297778,8953103329592.467,1900000.0,7.81953499033296e+18,7459940.406520885,2.406522980891168e-09,0,0,1,0.0,0.0,0
91,196200000.0,1,0.0,3299262.0928263613,4003200000,35.96949678506452,211.0,1,1.602561024e+19,5157417.433368409,8916205165501.08,1900000.0,8.01369674051655e+18,7459940.406520885,2.406522980891168e-09,0,0,1,0.0,0.0,0
92,196200000.0,1,0.0,3310703.4855773435,4052000000,36.23282440895644,212.0,1,1.6418704e+19,5146066.975439039,8879448800998.924,1900000.0,8.2102399448801e+18,7459940.406520885,2.406522980891168e-09,0,0,1,0.0,0.0,0
93,196200000.0,1,0.0,3322090.7216972727,4100800000,36.49702988961202,213.0,1,1.681656064e+19,5134716.517509669,8842834236085.998,1900000.0,8.409164603423609e+18,7459940.406520885,2.406522980891168e-09,0,0,1,0.0,0.0,0
94,196200000.0,1,0.0,3333425.606407184,4149600000,36.7620589342826,214.0,1,1.721918016e+19,5123366.0595803,8806361470762.3,1900000.0,8.610470716147076e+18,7459940.406520885,2.3705979401711375e-09,0,0,1,0.0,0.0,0
95,196200000.0,1,0.0,3344711.160148766,4198400000,37.02783129846015,215.0,1,1.762656256e+19,5112000.296914687,8769980505593.777,1900000.0,8.814158278050559e+18,7460001.625465855,2.2646418074145913e-09,0,0,1,0.0,0.0,0
96,196200000.0,1,0.0,3356771.296809178,4247200000,37.2869163261289,216.0,1,1.803870784e+19,5096837.028016591,8721379431802.216,1900000.0,9.02022605794318e+18,7499529.740813732,3.1759554985910654e-09,0,0,1,0.0,0.0,0
97,196200000.0,1,0.0,3368825.1139049935,4296000000,37.54727464866194,217.0,1,1.8455616e+19,5081673.7591184955,8673008327628.043,1900000.0,9.228675300832762e+18,7501496.265782259,2.723027137108147e-09,0,0,1,0.0,0.0,0
98,196200000.0,1,0.0,3380833.218460526,4344800000,37.80882489121495,218.0,1,1.887728704e+19,5066510.4902204,8624867193071.258,1900000.0,9.439506006719308e+18,7501496.265782259,2.723027137108147e-09,0,0,1,0.0,0.0,0
99,196200000.0,1,0.0,3392797.1342271194,4393600000,38.07148207141444,219.0,1,1.930372096e+19,5051347.221322304,8576956028131.861,1900000.0,9.652718175602813e+18,7501496.265782259,2.723027137108147e-09,0,0,1,0.0,0.0,0
100,196200000.0,1,0.0,3404718.3341644043,4442400000,38.33516923425269,220.0,1,1.973491776e+19,5036183.952424208,8529274832809.852,1900000.0,9.868311807483281e+18,7501496.265782259,2.723027137108147e-09,0,0,1,0.0,0.0,0
101,196200000.0,1,0.0,3416598.242133357,4491200000,38.599816516406726,221.0,1,2.017087744e+19,5021020.683526112,8481823607105.23,1900000.0,1.0086286902360711e+19,7501496.265782259,2.723027137108147e-09,0,0,1,0.0,0.0,0
102,196200000.0,1,0.0,3428438.2345329244,4540000000,38.86536033939883,222.0,1,2.06116e+19,5005857.414628016,8434602351017.998,1900000.0,1.0306643460235102e+19,7501496.265782259,2.723027137108147e-09,0,0,1,0.0,0.0,0
103,196200000.0,1,0.0,3440239.641882084,4588800000,39.13174271124898,223.0,1,2.105708544e+19,4990694.14572992,8387611064548.152,1900000.0,1.0529381481106455e+19,7501496.265782259,2.723027137108147e-09,0,0,1,0.0,0.0,0
104,196200000.0,1,0.0,3455357.8124896567,4637600000,39.38159346595036,224.0,1,2.150733376e+19,4956604.615060133,8284002797813.322,1900000.0,1.0754495280279781e+19,7637256.232829417,2.051820047199726e-09,0,0,1,0.0,0.0,0
105,196200000.0,1,0.0,3470439.9275112385,4686400000,39.63485474137814,225.0,1,2.196234496e+19,4922515.084390346,8181906855213.85,1900000.0,1.0981990670685522e+19,7637256.232829417,2.051820047199726e-09,0,0,1,0.0,0.0,0
106,196200000.0,1,0.0,3485487.188799693,4735200000,39.890993380542575,226.0,1,2.242211904e+19,4888425.553720558,8081323236749.736,1900000.0,1.1211867652323674e+19,7637256.232829417,2.051820047199726e-09,0,0,1,0.0,0.0,0
107,196200000.0,1,0.0,3500500.7581461277,4784000000,40.14958763226817,227.0,1,2.2886656e+19,4854336.023050771,7982251942420.98,1900000.0,1.1444126225194242e+19,7637256.232829417,2.051820047199726e-09,0,0,1,0.0,0.0,0
108,196200000.0,1,0.0,3515481.758615276,4832800000,40.41029894121907,228.0,1,2.335595584e+19,4820246.492380984,7884692972227.584,1900000.0,1.1678766389297224e+19,7637256.232829417,2.051820047199726e-09,0,0,1,0.0,0.0,0
109,196200000.0,1,0.0,3530431.275836379,4881600000,40.672851958488515,229.0,1,2.383001856e+19,4786156.961711196,7788646326169.546,1900000.0,1.1915788144632617e+19,7637256.232829417,2.051820047199726e-09,0,0,1,0.0,0.0,0
110,196200000.0,1,0.0,3545350.3592510377,4930400000,40.937020099558616,230.0,1,2.430884416e+19,4752067.431041409,7694112004246.866,1900000.0,1.2155191491200424e+19,7637256.232829417,2.051820047199726e-09,0,0,1,0.0,0.0,0
111,196200000.0,1,0.0,3560240.0233194707,4979200000,41.20261492692225,231.0,1,2.479243264e+19,4717977.900371622,7601090006459.545,1900000.0,1.2396976429000647e+19,7637256.232829417,2.051820047199726e-09,0,0,1,0.0,0.0,0
112,196200000.0,1,0.0,3575101.2486865497,5028000000,41.46947822094473,232.0,1,2.5280784e+19,4683888.369701835,7509580332807.582,1900000.0,1.264114295803328e+19,7637256.232829417,2.051820047199726e-09,0,0,1,0.0,0.0,0
113,196200000.0,1,0.0,3589934.9833089863,5076800000,41.73747597338356,233.0,1,2.577389824e+19,4649798.839032048,7419582983290.979,1900000.0,1.288769107829833e+19,7637256.232829417,2.051820047199726e-09,0,0,1,0.0,0.0,0
114,196200000.0,1,0.0,3604742.1435449347,5125600000,42.006493777919715,234.0,1,2.627177536e+19,4615709.30836226,7331097957909.732,1900000.0,1.313662078979579e+19,7637256.232829417,2.051820047199726e-09,0,0,1,0.0,0.0,0
115,196200000.0,1,0.0,3619523.61520728,5174400000,42.276433250507445,235.0,1,2.677441536e+19,4581619.7776924735,7244125256663.846,1900000.0,1.3387932092525666e+19,7637256.232829417,2.051820047199726e-09,0,0,1,0.0,0.0,0
116,196200000.0,1,0.0,3634280.2545818076,5223200000,42.54720921895963,236.0,1,2.728181824e+19,4547530.2470226865,7158664879553.317,1900000.0,1.3641624986487955e+19,7637256.232829417,2.051820047199726e-09,0,0,1,0.0,0.0,0
117,196200000.0,1,0.0,3649012.8894114452,5272000000,42.81874749414982,237.0,1,2.7793984e+19,4513440.716352899,7074716826578.147,1900000.0,1.3897699471682658e+19,7637256.232829417,2.051820047199726e-09,0,0,1,0.0,0.0,0
118,196200000.0,1,0.0,3663722.3198476876,5320800000,43.09098308593475,238.0,1,2.831091264e+19,4479351.185683112,6992281097738.336,1900000.0,1.4156155548109775e+19,7637256.232829417,2.051820047199726e-09,0,0,1,0.0,0.0,0
119,196200000.0,1,0.0,3678409.3193703163,5369600000,43.363858762674724,239.0,1,2.883260416e+19,4445261.655013325,6911357693033.883,1900000.0,1.4416993215769303e+19,7637256.232829417,2.051820047199726e-09,0,0,1,0.0,0.0,0
120,196200000.0,1,0.0,3693074.635676453,5418400000,43.637323878797766,240.0,1,2.935905856e+19,4411172.124343538,6831946612464.788,1900000.0,1.4680212474661247e+19,7637256.232829417,2.8812792152166367e-09,0,0,1,0.0,0.0,0
121,196200000.0,1,0.0,3707718.9915399784,5467200000,43.91133341335579,241.0,1,2.989027584e+19,4377082.593673751,6754047856031.053,1900000.0,1.4945813324785603e+19,7637256.232829417,2.8812792152166367e-09,0,0,1,0.0,0.0,0
122,196200000.0,1,0.0,3723315.622222439,5516000000,44.184262402918826,242.0,1,3.0426256e+19,4334240.233782822,6659932987440.656,1900000.0,1.5213793993298743e+19,7672267.54971398,2.510205376893282e-09,0,0,1,0.0,0.0,0
123,196200000.0,1,0.0,3738892.666535751,5564800000,44.457868141044905,243.0,1,3.096699904e+19,4291397.873891894,6568408034256.119,1900000.0,1.5484156360803426e+19,7672267.54971398,2.510205376893282e-09,0,0,1,0.0,0.0,0
124,196200000.0,1,0.0,3754450.777358882,5613600000,44.732088181631205,244.0,1,3.151250496e+19,4248555.514000966,6479472996477.442,1900000.0,1.5756900427299647e+19,7672267.54971398,2.510205376893282e-09,0,0,1,0.0,0.0,0
125,196200000.0,1,0.0,3769990.585808176,5662400000,45.00686822820644,245.0,1,3.206277376e+19,4205713.154110039,6393127874104.625,1900000.0,1.603202619278741e+19,7672267.54971398,2.510205376893282e-09,0,0,1,0.0,0.0,0
126,196200000.0,1,0.0,3785518.9787742198,5711200000,45.282160594969355,246.0,1,3.261780544e+19,4162870.79421911,6309372667137.668,1900000.0,1.6309533657266715e+19,7672568.836664208,3.0995579436421394e-09,0,0,1,0.0,0.0,0
127,196200000.0,1,0.0,3801030.2691887086,5760000000,45.55792372718658,247.0,1,3.31776e+19,4120028.434328182,6228207375576.569,1900000.0,1.6589422820737559e+19,7672568.836664208,3.103195922449231e-09,0,0,1,0.0,0.0,0
128,196200000.0,1,0.0,3816525.027136696,5808800000,45.83412071825935,248.0,1,3.374215744e+19,4077186.074437254,6149631999421.331,1900000.0,1.6871693683199943e+19,7672568.836664208,3.103195922449231e-09,0,0,1,0.0,0.0,0
129,196200000.0,1,0.0,3832003.8037003973,5857600000,46.110718796352124,249.0,1,3.431147776e+19,4034343.714546326,6073646538671.952,1900000.0,1.7156346244653867e+19,7672568.836664208,3.103195922449231e-09,0,0,1,0.0,0.0,0
130,196200000.0,1,0.0,3847467.1315926216,5906400000,46.3876887333494,250.0,1,3.488556096e+19,3991501.354655398,6000250993328.434,1900000.0,1.7443380505099334e+19,7672568.836664208,3.103195922449231e-09,0,0,1,0.0,0.0,0
131,196200000.0,1,0.0,3862915.525769087,5955200000,46.665004354676974,251.0,1,3.546440704e+19,3948658.99476447,5929445363390.774,1900000.0,1.7732796464536338e+19,7672568.836664208,3.103195922449231e-09,0,0,1,0.0,0.0,0
132,196200000.0,1,0.0,3876787.439057384,6004000000,46.942738258841544,252.0,1,3.6048016e+19,3905816.634873542,5861229648858.975,1900000.0,1.8024594122964886e+19,7672568.836664208,3.103195922449231e-09,0,0,1,0.0,0.0,0
133,196200000.0,1,0.0,3891218.141767631,6052800000,47.220657792957,253.0,1,3.663638784e+19,3862974.274982614,5795603849733.035,1900000.0,1.8318773480384973e+19,7717627.794039549,3.321474650874734e-09,0,0,1,0.0,0.0,0
134,196200000.0,1,0.0,3905632.076719184,6101600000,47.49886312649107,254.0,1,3.722952256e+19,3820131.915091686,5732567966012.955,1900000.0,1.8615334536796602e+19,7717627.794039549,3.321474650874734e-09,0,0,1,0.0,0.0,0
135,196200000.0,1,0.0,3920029.8028373346,6150400000,47.77733656684298,255.0,1,3.782742016e+19,3777289.555200758,5672121997698.734,1900000.0,1.891427729219977e+19,7717627.794039549,3.321474650874734e-09,0,0,1,0.0,0.0,0
136,196200000.0,1,0.0,3934411.8604165292,6199200000,48.056061991877264,256.0,1,3.843008064e+19,3734447.19530983,5614265944790.373,1900000.0,1.921560174659448e+19,7717627.794039549,3.321474650874734e-09,0,0,1,0.0,0.0,0
137,196200000.0,1,0.0,3949802.37919339,6248000000,48.33489098568657,257.0,1,3.9037504e+19,3691604.835418902,5558999807287.872,1900000.0,1.951930789998073e+19,7766760.951735129,3.0449882615357637e-09,0,0,1,0.0,0.0,0
138,196200000.0,1,0.0,3965524.410900889,6296800000,48.613950835596356,258.0,1,3.964969024e+19,3648762.475527974,5506323585191.23,1900000.0,1.982539575235852e+19,7791684.062042251,2.2082531359046698e-09,0,0,1,0.0,0.0,0
139,196200000.0,1,0.0,3981232.2892751843,6345600000,48.893228723369425,259.0,1,4.026663936e+19,3605920.1156370454,5456237278500.448,1900000.0,2.013386530372785e+19,7791684.062042251,2.2082531359046698e-09,0,0,1,0.0,0.0,0
140,196200000.0,1,0.0,3996926.4860940427,6394400000,49.17271284376038,260.0,1,4.088835136e+19,3563077.7557461173,5408740887215.525,1900000.0,2.0444716554088722e+19,7791684.062042251,2.2082531359046698e-09,0,0,1,0.0,0.0,0
141,196200000.0,1,0.0,4012607.4574093167,6443200000,49.45239230063022,261.0,1,4.151482624e+19,3520235.3958551893,5363834411336.463,1900000.0,2.0757949503441134e+19,7791684.062042251,2.2082531359046698e-09,0,0,1,0.0,0.0,0
142,196200000.0,1,0.0,4028275.6440711203,6492000000,49.73225701604961,262.0,1,4.2146064e+19,3477393.0359642613,5321517850863.261,1900000.0,2.1073564151785087e+19,7791684.062042251,2.9940565582364798e-09,0,0,1,0.0,0.0,0
143,196200000.0,1,0.0,4043931.472234577,6540800000,50.01229765049368,263.0,1,4.278206464e+19,3434550.6760733332,5281791205795.917,1900000.0,2.139156049912058e+19,7791684.062042251,2.2082531359046698e-09,0,0,1,0.0,0.0,0
144,196200000.0,1,0.0,4059575.353849625,6589600000,50.29250553254598,264.0,1,4.342282816e+19,3391708.316182405,5244654476134.434,1900000.0,2.1711938545447612e+19,7791684.062042251,2.2082531359046698e-09,0,0,1,0.0,0.0,0
145,196200000.0,1,0.0,4075207.687134548,6638400000,50.57287259678507,265.0,1,4.406835456e+19,3348865.956291477,5210107661878.81,1900000.0,2.203469829076619e+19,7791684.062042251,3.0377123039215803e-09,0,0,1,0.0,0.0,0
146,196200000.0,1,0.0,4090828.8570336807,6687200000,50.853391328737544,266.0,1,4.471864384e+19,3306023.596400549,5178150763029.046,1900000.0,2.2359839735076303e+19,7791684.062042251,3.0377123039215803e-09,0,0,1,0.0,0.0,0
147,196200000.0,1,0.0,4106439.2356598857,6736000000,51.13405471595475,267.0,1,4.5373696e+19,3263181.236509621,5148783779585.141,1900000.0,2.268736287837796e+19,7791684.062042251,3.0377123039215803e-09,0,0,1,0.0,0.0,0
148,196200000.0,1,0.0,4122039.1827222607,6784800000,51.414856204413134,268.0,1,4.603351104e+19,3220338.8766186927,5122006711547.097,1900000.0,2.3017267720671154e+19,7791684.062042251,3.0377123039215803e-09,0,0,1,0.0,0.0,0
149,196200000.0,1,0.0,4137629.0459395978,6833600000,51.695789659557754,269.0,1,4.669808896e+19,3177496.5167277646,5097819558914.911,1900000.0,2.334955426195589e+19,7791684.062042251,3.0377123039215803e-09,0,0,1,0.0,0.0,0
150,196200000.0,1,0.0,4154087.62167106,6882400000,51.97676984524632,270.0,1,4.736742976e+19,3134654.1568368366,5076222321688.586,1900000.0,2.368422250223217e+19,7833850.153129999,3.1250237952917814e-09,0,0,1,0.0,0.0,0
151,196200000.0,1,0.0,4170536.7746095485,6931200000,52.25787518055896,271.0,1,4.804153344e+19,3102950.921596611,5057090919770.137,1900000.0,2.4021272429091975e+19,7833850.153129999,3.1250237952917814e-09,0,0,1,0.0,0.0,0
152,196200000.0,1,0.0,4186976.8188481648,6980000000,52.5391003314489,272.0,1,4.87204e+19,3095263.3464659424,5038654467404.964,1900000.0,2.436070386544674e+19,7833850.153129999,3.357854438945651e-09,0,0,1,0.0,0.0,0
153,196200000.0,1,0.0,4203408.058010235,7028800000,52.820440282113175,273.0,1,4.940402944e+19,3087575.771335274,5020336212662.57,1900000.0,2.4702516753621266e+19,7833850.153129999,3.357854438945651e-09,0,0,1,0.0,0.0,0
154,196200000.0,1,0.0,4219830.78559831,7077600000,53.101890310472186,274.0,1,5.009242176e+19,3079888.196204605,5002136155542.957,1900000.0,2.5046711093615555e+19,7833850.153129999,3.357854438945651e-09,0,0,1,0.0,0.0,0
155,196200000.0,1,0.0,4236245.285331526,7126400000,53.38344596596088,275.0,1,5.078557696e+19,3072200.621073936,4984054296046.122,1900000.0,2.5393286885429604e+19,7833850.153129999,3.357854438945651e-09,0,0,1,0.0,0.0,0
156,196200000.0,1,0.0,4252651.831471711,7175200000,53.66510304937504,276.0,1,5.148349504e+19,3064513.0459432676,4966090634172.066,1900000.0,2.5742244129063416e+19,7833850.153129999,3.357854438945651e-09,0,0,1,0.0,0.0,0
157,196200000.0,1,0.0,4269422.208815206,7224000000,53.94681331852547,277.0,1,5.2186176e+19,3056825.470812599,4948245169920.791,1900000.0,2.6093582824516993e+19,7847224.861486654,2.499291440472007e-09,0,0,1,0.0,0.0,0
158,196200000.0,1,0.0,4286185.153967875,7272800000,54.228618193424666,278.0,1,5.289361984e+19,3049137.8956819302,4930517903292.295,1900000.0,2.6447302971790328e+19,7847224.861486654,2.499291440472007e-09,0,0,1,0.0,0.0,0
159,196200000.0,1,0.0,4302940.914669421,7321600000,54.510514105122084,279.0,1,5.360582656e+19,3041450.3205512613,4912908834286.578,1900000.0,2.680340457088343e+19,7847224.861486654,2.499291440472007e-09,0,0,1,0.0,0.0,0
160,196200000.0,1,0.0,4319689.730401541,7370400000,54.7924976724246,280.0,1,5.432279616e+19,3033762.745420593,4895417962903.64,1900000.0,2.716188762179629e+19,7847224.861486654,2.499291440472007e-09,0,0,1,0.0,0.0,0
161,196200000.0,1,0.0,4335748.26067073,7419200000,55.07460729357479,281.0,1,5.504452864e+19,3026075.1702899244,4878045289143.481,1900000.0,2.7522752124528914e+19,7847224.861486654,2.499291440472007e-09,0,0,1,0.0,0.0,0
162,196200000.0,1,0.0,4353070.909501204,7468000000,55.35661741189607,282.0,1,5.5771024e+19,3018387.5951592554,4860790813006.103,1900000.0,2.78859980790813e+19,7919523.652855211,2.3610482458025217e-09,0,0,1,0.0,0.0,0
163,196200000.0,1,0.0,4370386.058489313,7516800000,55.63871231885235,283.0,1,5.650228224e+19,3010700.0200285865,4843654534491.503,1900000.0,2.8251625485453447e+19,7919523.652855211,2.3610482458025217e-09,0,0,1,0.0,0.0,0
164,196200000.0,1,0.0,4388444.035474656,7565600000,55.918892254904584,284.0,1,5.723830336e+19,2994011.510759658,4806861185674.63,1900000.0,2.8619632366118568e+19,7955527.38940825,2.422893885523081e-09,0,0,1,0.0,0.0,0
165,196200000.0,1,0.0,4406495.004273967,7614400000,56.199269373657955,285.0,1,5.797908736e+19,2977323.00149073,4770624849540.994,1900000.0,2.8990020742484955e+19,7955527.38940825,2.422893885523081e-09,0,0,1,0.0,0.0,0
166,196200000.0,1,0.0,4424539.198493441,7663200000,56.47983287578679,286.0,1,5.872463424e+19,2960634.492221801,4734945526090.598,1900000.0,2.936279061455261e+19,7955527.38940825,2.422893885523081e-09,0,0,1,0.0,0.0,0
167,196200000.0,1,0.0,4442602.539564559,7712000000,56.76057275744102,287.0,1,5.9474944e+19,2943945.9829528728,4699823215323.439,1900000.0,2.9737941982321533e+19,7957377.473482732,1.8335413187742233e-09,0,0,1,0.0,0.0,0
168,196200000.0,1,0.0,4460659.550167188,7760800000,57.04147973706022,288.0,1,6.023001664e+19,2927257.473683944,4665257917239.52,1900000.0,3.0115474845791724e+19,7957377.473482732,1.8335413187742233e-09,0,0,1,0.0,0.0,0
169,196200000.0,1,0.0,4479031.765688524,7809600000,57.32254519021275,289.0,1,6.098985216e+19,2910568.9644150157,4631249631838.838,1900000.0,3.0495389204963185e+19,7980512.82823626,2.764863893389702e-09,0,0,1,0.0,0.0,0
170,196200000.0,1,0.0,4497398.065738747,7858400000,57.60376109144372,290.0,1,6.175445056e+19,2893880.4551460873,4597798359121.394,1900000.0,3.0877685059835912e+19,7980512.82823626,2.764863893389702e-09,0,0,1,0.0,0.0,0
171,196200000.0,1,0.0,4515758.647500233,7907200000,57.885119962261534,291.0,1,6.252381184e+19,2877191.945877159,4564904099087.188,1900000.0,3.126236241040991e+19,7980512.82823626,2.764863893389702e-09,0,0,1,0.0,0.0,0
172,196200000.0,1,0.0,4534113.701582604,7956000000,58.16661482451422,292.0,1,6.3297936e+19,2860503.4366082307,4532566851736.221,1900000.0,3.1649421256685175e+19,7980512.82823626,2.764863893389702e-09,0,0,1,0.0,0.0,0
173,196200000.0,1,0.0,4552463.412241833,8004800000,58.44823915851016,293.0,1,6.407682304e+19,2843814.927339302,4500786617068.492,1900000.0,3.2038861598661706e+19,7980512.82823626,2.764863893389702e-09,0,0,1,0.0,0.0,0
174,196200000.0,1,0.0,4570807.957592019,8053600000,58.7299868653249,294.0,1,6.486047296e+19,2827126.4180703736,4469563395084.001,1900000.0,3.2430683436339507e+19,7980512.82823626,2.764863893389702e-09,0,0,1,0.0,0.0,0
175,196200000.0,1,0.0,4589147.509810138,8102400000,59.01185223281008,295.0,1,6.564888576e+19,2810437.9088014453,4438897185782.748,1900000.0,3.282488676971858e+19,7980512.82823626,2.764863893389702e-09,0,0,1,0.0,0.0,0
176,196200000.0,1,0.0,4607482.235460406,8151200000,59.293829904883864,296.0,1,6.644206144e+19,2793749.3995325165,4408787989164.734,1900000.0,3.3221471598798918e+19,7980512.837343281,3.003151505254209e-09,0,0,1,0.0,0.0,0
177,196200000.0,1,0.0,4625812.29530615,8200000000,59.575914853736016,297.0,1,6.724e+19,2777060.890263588,4379235805229.958,1900000.0,3.3620437923580522e+19,7980512.837343281,3.003151505254209e-09,0,0,1,0.0,0.0,0
178,196200000.0,1,0.0,4644137.844874185,8248800000,59.85810235462741,298.0,1,6.804270144e+19,2760372.38099466,4350240633978.42,1900000.0,3.4021785744063398e+19,7980512.837343281,3.003151505254209e-09,0,0,1,0.0,0.0,0
179,196200000.0,1,0.0,4663689.9827195,8297600000,60.140341095731856,299.0,1,6.885016576e+19,2743683.8717257315,4321802475410.12,1900000.0,3.442551506024754e+19,8043326.652724397,3.3614924177527428e-09,0,0,1,0.0,0.0,0
180,196200000.0,1,0.0,4683926.68222023,8346400000,60.42085227671462,300.0,1,6.966239296e+19,2711774.339088766,4268977577603.003,1900000.0,3.483162337775776e+19,8104210.746196546,4.4929038267582655e-09,0,0,1,0.0,0.0,0
181,196200000.0,1,0.0,4704303.451613863,8395200000,60.7015949891599,301.0,1,7.047938304e+19,2679864.8064518003,4218189116342.104,1900000.0,3.5240113338911633e+19,8131587.234965757,3.677996573969722e-09,0,0,1,0.0,0.0,0
182,196200000.0,1,0.0,4724675.63864719,8444000000,60.98257273287697,302.0,1,7.1301136e+19,2647955.2738148347,4169437091627.425,1900000.0,3.5650984943709164e+19,8131587.234965757,3.677996573969722e-09,0,0,1,0.0,0.0,0
183,196200000.0,1,0.0,4745043.39606556,8492800000,61.26376785152443,303.0,1,7.212765184e+19,2616045.7411778695,4122721503458.9644,1900000.0,3.6064238192150348e+19,8131587.234965757,3.677996573969722e-09,0,0,1,0.0,0.0,0
184,196200000.0,1,0.0,4765406.871522802,8541600000,61.54516448269252,304.0,1,7.295893056e+19,2584136.208540904,4078042351836.723,1900000.0,3.6479873084235182e+19,8131587.234965757,3.939931048080325e-09,0,0,1,0.0,0.0,0
185,196200000.0,1,0.0,4785766.207750952,8590400000,61.82674833182749,305.0,1,7.379497216e+19,2552226.6759039382,4035399636760.701,1900000.0,3.6897889619963675e+19,8131587.234965757,3.939931048080325e-09,0,0,1,0.0,0.0,0
186,196200000.0,1,0.0,4806121.542724314,8639200000,62.10850647975372,306.0,1,7.463577664e+19,2520317.143266973,3994793358230.898,1900000.0,3.731828779933582e+19,8131587.234965757,3.939931048080325e-09,0,0,1,0.0,0.0,0
187,196200000.0,1,0.0,4826473.009818049,8688000000,62.39042721809109,307.0,1,7.5481344e+19,2488407.6106300075,3956223516247.3145,1900000.0,3.774106762235163e+19,8131587.234965757,3.939931048080325e-09,0,0,1,0.0,0.0,0
188,196200000.0,1,0.0,4846820.737961478,8736800000,62.67249990794627,308.0,1,7.633167424e+19,2456498.077993042,3919690110809.9497,1900000.0,3.816622908901108e+19,8131587.234965757,3.939931048080325e-09,0,0,1,0.0,0.0,0
189,196200000.0,1,0.0,4866978.099689072,8785600000,62.954714858112915,309.0,1,7.718676736e+19,2424588.545356076,3885193141918.804,1900000.0,3.8593772199314194e+19,8118141.083967103,3.6416167858988047e-09,0,0,1,0.0,0.0,0
190,196200000.0,1,0.0,4887131.967575323,8834400000,63.237063219697134,310.0,1,7.804662336e+19,2392679.0127191106,3852732609573.878,1900000.0,3.902369695326096e+19,8118141.083967103,3.6416167858988047e-09,0,0,1,0.0,0.0,0
191,196200000.0,1,0.0,4907282.4580816105,8883200000,63.51953689463012,311.0,1,7.891124224e+19,2360769.4800821454,3822308513775.1704,1900000.0,3.945600335085138e+19,8118141.083967103,3.6416167858988047e-09,0,0,1,0.0,0.0,0
192,196200000.0,1,0.0,4927429.683787267,8932000000,63.80212845596947,312.0,1,7.9780624e+19,2328859.94744518,3793920854522.6826,1900000.0,3.989069139208545e+19,8118141.083967103,3.6416167858988047e-09,0,0,1,0.0,0.0,0
193,196200000.0,1,0.0,4947573.753518978,8980800000,64.08483107824615,313.0,1,8.065476864e+19,2296950.414808214,3767569631816.4136,1900000.0,4.032776107696318e+19,8118141.083967103,3.6416167858988047e-09,0,0,1,0.0,0.0,0
194,196200000.0,1,0.0,4967714.772475873,9029600000,64.36763847640282,314.0,1,8.153367616e+19,2265040.882171249,3743254845656.364,1900000.0,4.076721240548457e+19,8118141.083967103,3.6416167858988047e-09,0,0,1,0.0,0.0,0
195,196200000.0,1,0.0,4987852.842350452,9078400000,64.65054485210602,315.0,1,8.241734656e+19,2233131.3495342834,3720976496042.5327,1900000.0,4.120904537764961e+19,8118141.083967103,3.6416167858988047e-09,0,0,1,0.0,0.0,0
196,196200000.0,1,0.0,5007968.951439445,9127200000,64.9335576486713,316.0,1,8.330577984e+19,2201451.1369694546,3700872787980.177,1900000.0,4.16532600072788e+19,8117223.803678556,4.067260306328535e-09,0,0,1,0.0,0.0,0
197,196200000.0,1,0.0,5028082.304774848,9176000000,65.21665811415264,317.0,1,8.4198976e+19,2169770.9244046253,3682776351654.126,1900000.0,4.209985627763516e+19,8117223.803678556,4.067260306328535e-09,0,0,1,0.0,0.0,0
198,196200000.0,1,0.0,5048192.994215112,9224800000,65.49984173176856,318.0,1,8.509693504e+19,2138090.7118397965,3666687187064.381,1900000.0,4.25488341887187e+19,8117223.803678556,4.067260306328535e-09,0,0,1,0.0,0.0,0
199,196200000.0,1,0.0,5068301.108556747,9273600000,65.78310430386101,319.0,1,8.599965696e+19,2106410.4992749677,3652605294210.9414,1900000.0,4.300019374052942e+19,8117223.803678556,4.067260306328535e-09,0,0,1,0.0,0.0,0
200,196200000.0,1,0.0,5089460.340772829,9322400000,66.06641325821197,320.0,1,8.690714176e+19,2074730.2867101387,3640530673093.807,1900000.0,4.345393493306731e+19,8167796.946228538,4.067260306328535e-09,0,0,1,0.0,0.0,0
201,196200000.0,1,0.0,5110617.1667023,9371200000,66.34979482701935,321.0,1,8.781938944e+19,2043050.0741453096,3630463323712.9785,1900000.0,4.3910057766332375e+19,8167796.946228538,4.067260306328535e-09,0,0,1,0.0,0.0,0
202,196200000.0,1,0.0,5131771.666554713,9420000000,66.63324555440929,322.0,1,8.87364e+19,2011369.8615804806,3622403246068.4556,1900000.0,4.436856224032461e+19,8167796.946228538,4.067260306328535e-09,0,0,1,0.0,0.0,0
203,196200000.0,1,0.0,5152923.917865973,9468800000,66.91676220982177,323.0,1,8.965817344e+19,1979689.6490156518,3616350440160.238,1900000.0,4.482944835504402e+19,8167796.946228538,4.998582880944014e-09,0,0,1,0.0,0.0,0
204,196200000.0,1,0.0,5176051.242832504,9517600000,67.20024454482837,324.0,1,9.058470976e+19,1948009.4364508227,3612304905988.3257,1900000.0,4.52927161104906e+19,8239345.3580651255,4.598405212163925e-09,0,0,1,0.0,0.0,0
205,196200000.0,1,0.0,5200225.135255394,9566400000,67.48369823612012,325.0,1,9.151600896e+19,1916329.223885994,3610266643552.7188,1900000.0,4.575836550666436e+19,8277097.427418545,5.587935447692871e-09,0,0,1,0.0,0.0,0
206,196200000.0,1,0.0,5224396.99657939,9615200000,67.76721688802937,326.0,1,9.245207104e+19,1900000.0,3610000000000.0,1900000.0,4.622639652e+19,8277097.427418545,5.587935447692871e-09,0,0,1,0.0,0.0,0
207,196200000.0,1,0.0,5248566.894507782,9664000000,68.05079766000303,327.0,1,9.3392896e+19,1900000.0,3610000000000.0,1900000.0,4.6696809e+19,8277097.427418545,5.820766091346741e-09,0,0,1,0.0,0.0,0
208,196200000.0,1,0.0,5272734.894487096,9712800000,68.33443787879806,328.0,1,9.433848384e+19,1900000.0,3610000000000.0,1900000.0,4.716960292e+19,8277097.427418545,5.820766091346741e-09,0,0,1,0.0,0.0,0
209,196200000.0,1,0.0,5296901.059782296,9761600000,68.61813502609346,329.0,1,9.528883456e+19,1900000.0,3610000000000.0,1900000.0,4.764477828e+19,8277097.427418545,5.820766091346741e-09,0,0,1,0.0,0.0,0
210,196200000.0,1,0.0,5321065.4559996035,9810400000,68.90188672710703,330.0,1,9.624394816e+19,1900000.0,3610000000000.0,1900000.0,4.812233508e+19,8277097.641022453,3.5943230614066124e-09,0,0,1,0.0,0.0,0
211,196200000.0,1,0.0,5345228.1378065385,9859200000,69.18569074059273,331.0,1,9.720382464e+19,1900000.0,3610000000000.0,1900000.0,4.860227332e+19,8277097.641022453,3.5943230614066124e-09,0,0,1,0.0,0.0,0
212,196200000.0,1,0.0,5369389.162350108,9908000000,69.46954494912993,332.0,1,9.8168464e+19,1900000.0,3610000000000.0,1900000.0,4.9084593e+19,8277097.641022453,3.5033735912293196e-09,0,0,1,0.0,0.0,0
213,196200000.0,1,0.0,5393548.58487243,9956800000,69.75344735061186,333.0,1,9.913786624e+19,1900000.0,3610000000000.0,1900000.0,4.956929412e+19,8277097.641022453,3.5033735912293196e-09,0,0,1,0.0,0.0,0
214,196200000.0,1,0.0,5417706.458774206,10005600000,70.03739605035267,334.0,1,1.0011203136e+20,1900000.0,3610000000000.0,1900000.0,5.005637668e+19,8277097.641022453,3.5033735912293196e-09,0,0,1,0.0,0.0,0
215,196200000.0,1,0.0,5441859.268492834,10054400000,70.32138932433013,335.0,1,1.0109095936e+20,1900000.0,3610000000000.0,1900000.0,5.054584068e+19,8276926.416224358,3.474269760772586e-09,0,0,1,0.0,0.0,0
216,196200000.0,1,0.0,5466010.6311115995,10103200000,70.60542539834434,336.0,1,1.0207465024e+20,1900000.0,3610000000000.0,1900000.0,5.103768612e+19,8276926.416224358,3.474269760772586e-09,0,0,1,0.0,0.0,0
217,196200000.0,1,0.0,5490255.291834357,10152000000,70.88950265891927,337.0,1,1.03063104e+20,1900000.0,3610000000000.0,1900000.0,5.1531913e+19,8283744.597862305,2.6338966563344e-09,0,0,1,0.0,0.0,0
218,196200000.0,1,0.0,5514498.60032269,10200800000,71.17361957432605,338.0,1,1.0405632064e+20,1900000.0,3610000000000.0,1900000.0,5.202852132e+19,8283744.597862305,2.6338966563344e-09,0,0,1,0.0,0.0,0
219,196200000.0,1,0.0,5538740.601651073,10249600000,71.45777468937868,339.0,1,1.0505430016e+20,1900000.0,3610000000000.0,1900000.0,5.252751108e+19,8283744.597862305,2.6338966563344e-09,0,0,1,0.0,0.0,0
220,196200000.0,1,0.0,5562981.339391511,10298400000,71.74196662062846,340.0,1,1.0605704256e+20,1900000.0,3610000000000.0,1900000.0,5.302888228e+19,8283744.597862305,2.6338966563344e-09,0,0,1,0.0,0.0,0
221,196200000.0,1,0.0,5587220.855704086,10347200000,72.026194051921,341.0,1,1.0706454784e+20,1900000.0,3610000000000.0,1900000.0,5.353263492e+19,8283744.600777214,1.5788828022778034e-09,0,0,1,0.0,0.0,0
222,196200000.0,1,0.0,5611459.19126392,10396000000,72.3104557302843,342.0,1,1.08076816e+20,1900000.0,3610000000000.0,1900000.0,5.4038769e+19,8283744.600777214,1.5788828022778034e-09,0,0,1,0.0,0.0,0
223,196200000.0,1,0.0,5635696.385429445,10444800000,72.59475046211902,343.0,1,1.0909384704e+20,1900000.0,3610000000000.0,1900000.0,5.454728452e+19,8283744.600777214,1.5788828022778034e-09,0,0,1,0.0,0.0,0
224,196200000.0,1,0.0,5659932.476247129,10493600000,72.87907710966495,344.0,1,1.1011564096e+20,1900000.0,3610000000000.0,1900000.0,5.505818148e+19,8283744.600777214,1.5788828022778034e-09,0,0,1,0.0,0.0,0
225,196200000.0,1,0.0,5684161.761230122,10542400000,73.16343458772027,345.0,1,1.1114219776e+20,1900000.0,3610000000000.0,1900000.0,5.557145988e+19,8283331.3736888245,1.1204974725842476e-09,0,0,1,0.0,0.0,0
226,196200000.0,1,0.0,5708390.015195864,10591200000,73.44782186059308,346.0,1,1.1217351744e+20,1900000.0,3610000000000.0,1900000.0,5.608711972e+19,8283331.3736888245,1.1204974725842476e-09,0,0,1,0.0,0.0,0
227,196200000.0,1,0.0,5732652.242154864,10640000000,73.73223738608597,347.0,1,1.132096e+20,1900000.0,3610000000000.0,1900000.0,5.6605161e+19,8285009.916566127,1.9354047253727913e-09,0,0,1,0.0,0.0,0
228,196200000.0,1,0.0,5756913.505685522,10688800000,74.01668079159006,348.0,1,1.1425044544e+20,1900000.0,3610000000000.0,1900000.0,5.712558372e+19,8285009.916566127,1.9354047253727913e-09,0,0,1,0.0,0.0,0
229,196200000.0,1,0.0,5781173.837902108,10737600000,74.30115117294898,349.0,1,1.1529605376e+20,1900000.0,3610000000000.0,1900000.0,5.764838788e+19,8285009.916566127,1.9354047253727913e-09,0,0,1,0.0,0.0,0
230,196200000.0,1,0.0,5805433.2698484305,10786400000,74.58564766531659,350.0,1,1.1634642496e+20,1900000.0,3610000000000.0,1900000.0,5.817357348e+19,8285009.916566127,1.9354047253727913e-09,0,0,1,0.0,0.0,0
231,196200000.0,1,0.0,5830036.144786054,10835200000,74.87016944101211,351.0,1,1.1740155904e+20,1900000.0,3610000000000.0,1900000.0,5.870114052e+19,8309800.470750557,2.852175384759903e-09,0,0,1,0.0,0.0,0
232,196200000.0,1,0.0,5854638.178471129,10884000000,75.15471570751596,352.0,1,1.18461456e+20,1900000.0,3610000000000.0,1900000.0,5.9231089e+19,8309800.470750557,2.852175384759903e-09,0,0,1,0.0,0.0,0
233,196200000.0,1,0.0,5880615.039553241,10932800000,75.43926610520441,353.0,1,1.1952611584e+20,1900000.0,3610000000000.0,1900000.0,5.976341892e+19,8375831.219926445,1.949956640601158e-09,0,0,1,0.0,0.0,0
234,196200000.0,1,0.0,5906591.114531579,10981600000,75.72384021162883,354.0,1,1.2059553856e+20,1900000.0,3610000000000.0,1900000.0,6.029813028e+19,8375831.219926445,1.4915713109076023e-09,0,0,1,0.0,0.0,0
235,196200000.0,1,0.0,5932566.429609609,11030400000,76.0084373006574,355.0,1,1.2166972416e+20,1900000.0,3610000000000.0,1900000.0,6.083522308e+19,8375831.219926445,3.3905962482094765e-09,0,0,1,0.0,0.0,0
236,196200000.0,1,0.0,5958541.010117334,11079200000,76.29305667584802,356.0,1,1.2274867264e+20,1900000.0,3610000000000.0,1900000.0,6.137469732e+19,8375831.219926445,1.949956640601158e-09,0,0,1,0.0,0.0,0
237,196200000.0,1,0.0,5984514.880540435,11128000000,76.57769766893001,357.0,1,1.23832384e+20,1900000.0,3610000000000.0,1900000.0,6.1916553e+19,8375831.219926445,1.949956640601158e-09,0,0,1,0.0,0.0,0
238,196200000.0,1,0.0,6010488.064548403,11176800000,76.86235963837895,358.0,1,1.2492085824e+20,1900000.0,3610000000000.0,1900000.0,6.246079012e+19,8375831.219926445,1.949956640601158e-09,0,0,1,0.0,0.0,0
239,196200000.0,1,0.0,6033527.719799625,11225600000,77.1471545740617,359.0,1,1.2601409536e+20,1900000.0,3610000000000.0,1900000.0,6.300740868e+19,8375831.219926445,1.949956640601158e-09,0,0,1,0.0,0.0,0
240,196200000.0,1,0.0,6055848.990652903,11274400000,77.43198548281647,360.0,1,1.2711209536e+20,1900000.0,3610000000000.0,1900000.0,6.355640868e+19,8352518.985217857,2.8812792152166367e-09,0,0,1,0.0,0.0,0
241,196200000.0,1,0.0,6078169.532421114,11323200000,77.71683303292328,361.0,1,1.2821485824e+20,1900000.0,3610000000000.0,1900000.0,6.410779012e+19,8352518.985217857,2.8812792152166367e-09,0,0,1,0.0,0.0,0
242,196200000.0,1,0.0,6100172.910554389,11372000000,78.00175487992975,362.0,1,1.29322384e+20,1900000.0,3610000000000.0,1900000.0,6.4661553e+19,8337328.960287923,2.3137545213103294e-09,0,0,1,0.0,0.0,0
243,196200000.0,1,0.0,6122175.607398178,11420800000,78.2866902049324,363.0,1,1.3043467264e+20,1900000.0,3610000000000.0,1900000.0,6.521769732e+19,8337328.960287923,2.3137545213103294e-09,0,0,1,0.0,0.0,0
244,196200000.0,1,0.0,6144177.645662125,11469600000,78.57163866521637,364.0,1,1.3155172416e+20,1900000.0,3610000000000.0,1900000.0,6.577622308e+19,8337328.960287923,2.3137545213103294e-09,0,0,1,0.0,0.0,0
245,196200000.0,1,0.0,6166179.0472989,11518400000,78.85659992963456,365.0,1,1.3267353856e+20,1900000.0,3610000000000.0,1900000.0,6.633713028e+19,8337328.960287923,2.3137545213103294e-09,0,0,1,0.0,0.0,0
246,196200000.0,1,0.0,6188179.833529399,11567200000,79.14157367812193,366.0,1,1.3380011584e+20,1900000.0,3610000000000.0,1900000.0,6.690041892e+19,8337328.960287923,2.3137545213103294e-09,0,0,1,0.0,0.0,0
247,196200000.0,1,0.0,6210180.02486717,11616000000,79.42655960123386,367.0,1,1.34931456e+20,1900000.0,3610000000000.0,1900000.0,6.7466089e+19,8337328.960287923,2.3137545213103294e-09,0,0,1,0.0,0.0,0
248,196200000.0,1,0.0,6232181.363713605,11664800000,79.7115573997077,368.0,1,1.3606755904e+20,1900000.0,3610000000000.0,1900000.0,6.803414052e+19,8337452.985445571,4.103640094399452e-09,0,0,1,0.0,0.0,0
249,196200000.0,1,0.0,6254182.146665833,11713600000,79.99656678404598,369.0,1,1.3720842496e+20,1900000.0,3610000000000.0,1900000.0,6.860457348e+19,8337452.985445571,4.103640094399452e-09,0,0,1,0.0,0.0,0
250,196200000.0,1,0.0,6277922.831901703,11762400000,80.28131124638575,370.0,1,1.3835405376e+20,1900000.0,3610000000000.0,1900000.0,6.917738788e+19,8420994.088551378,4.452886059880257e-09,0,0,1,0.0,0.0,0
251,196200000.0,1,0.0,6301662.997685317,11811200000,80.56607939023125,371.0,1,1.3950444544e+20,1900000.0,3610000000000.0,1900000.0,6.975258372e+19,8420994.088551378,4.452886059880257e-09,0,0,1,0.0,0.0,0
252,196200000.0,1,0.0,6325402.661331754,11860000000,80.85087029431114,372.0,1,1.406596e+20,1900000.0,3610000000000.0,1900000.0,7.0330161e+19,8420994.088551378,4.387402441352606e-09,0,0,1,0.0,0.0,0
253,196200000.0,1,0.0,6349105.765594529,11908800000,81.13568380842004,373.0,1,1.4181951744e+20,1900000.0,3610000000000.0,1900000.0,7.091011972e+19,8419695.427921172,3.4560798667371273e-09,0,0,1,0.0,0.0,0
254,196200000.0,1,0.0,6373272.034966697,11957600000,81.42051836526583,374.0,1,1.4298419776e+20,1900000.0,3610000000000.0,1900000.0,7.149245988e+19,8453077.099587044,3.1359377317130566e-09,0,0,1,0.0,0.0,0
255,196200000.0,1,0.0,6397437.850760216,12006400000,81.70537318241156,375.0,1,1.4415364096e+20,1900000.0,3610000000000.0,1900000.0,7.207718148e+19,8453077.099587044,3.1359377317130566e-09,0,0,1,0.0,0.0,0
256,196200000.0,1,0.0,6421603.228094368,12055200000,81.99024751749313,376.0,1,1.4532784704e+20,1900000.0,3610000000000.0,1900000.0,7.266428452e+19,8453077.099587044,3.1359377317130566e-09,0,0,1,0.0,0.0,0
257,196200000.0,1,0.0,6445768.181584471,12104000000,82.27514066561896,377.0,1,1.46506816e+20,1900000.0,3610000000000.0,1900000.0,7.3253769e+19,8453077.099587044,3.1359377317130566e-09,0,0,1,0.0,0.0,0
258,196200000.0,1,0.0,6469932.725358656,12152800000,82.56005195697279,378.0,1,1.4769054784e+20,1900000.0,3610000000000.0,1900000.0,7.384563492e+19,8453077.099587044,3.1359377317130566e-09,0,0,1,0.0,0.0,0
259,196200000.0,1,0.0,6494096.873074123,12201600000,82.84498075460067,379.0,1,1.4887904256e+20,1900000.0,3610000000000.0,1900000.0,7.443988228e+19,8453077.099587044,3.1359377317130566e-09,0,0,1,0.0,0.0,0
260,196200000.0,1,0.0,6518260.620408765,12250400000,83.12992645446325,380.0,1,1.5007230016e+20,1900000.0,3610000000000.0,1900000.0,7.503651108e+19,8453076.258432144,3.1359377317130566e-09,0,0,1,0.0,0.0,0
261,196200000.0,1,0.0,6542423.997648537,12299200000,83.41488847714604,381.0,1,1.5127032064e+20,1900000.0,3610000000000.0,1900000.0,7.563552132e+19,8453076.258432144,3.1359377317130566e-09,0,0,1,0.0,0.0,0
262,196200000.0,1,0.0,6566587.017129937,12348000000,83.69986627261736,382.0,1,1.52473104e+20,1900000.0,3610000000000.0,1900000.0,7.6236913e+19,8453076.258432144,3.1359377317130566e-09,0,0,1,0.0,0.0,0
263,196200000.0,1,0.0,6590749.69077824,12396800000,83.98485931639456,383.0,1,1.5368065024e+20,1900000.0,3610000000000.0,1900000.0,7.684068612e+19,8453076.258432144,3.1359377317130566e-09,0,0,1,0.0,0.0,0
264,196200000.0,1,0.0,6614912.030121218,12445600000,84.26986710803666,384.0,1,1.5489295936e+20,1900000.0,3610000000000.0,1900000.0,7.744684068e+19,8453076.258432144,3.1359377317130566e-09,0,0,1,0.0,0.0,0
265,196200000.0,1,0.0,6639074.046302382,12494400000,84.55488916974446,385.0,1,1.5611003136e+20,1900000.0,3610000000000.0,1900000.0,7.805537668e+19,8453076.258432144,2.8303475119173527e-09,0,0,1,0.0,0.0,0
266,196200000.0,1,0.0,6663235.750093792,12543200000,84.83992504505876,386.0,1,1.5733186624e+20,1900000.0,3610000000000.0,1900000.0,7.866629412e+19,8453076.258432144,3.1359377317130566e-09,0,0,1,0.0,0.0,0
267,196200000.0,1,0.0,6688329.951057374,12592000000,85.12495149280103,387.0,1,1.58558464e+20,1900000.0,3610000000000.0,1900000.0,7.9279593e+19,8504957.764541624,4.794856067746878e-09,0,0,1,0.0,0.0,0
268,196200000.0,1,0.0,6714655.090695472,12640800000,85.40994708738701,388.0,1,1.5978982464e+20,1900000.0,3610000000000.0,1900000.0,7.989527332e+19,8564055.578797305,3.1359377317130566e-09,0,0,1,0.0,0.0,0
269,196200000.0,1,0.0,6741084.441182684,12689600000,85.69497249768928,389.0,1,1.6102594816e+20,1900000.0,3610000000000.0,1900000.0,8.051333508e+19,8564280.012170214,3.1141098588705063e-09,0,0,1,0.0,0.0,0
270,196200000.0,1,0.0,6767513.543304709,12738400000,85.980009584509,390.0,1,1.6226683456e+20,1900000.0,3610000000000.0,1900000.0,8.113377828e+19,8564280.012170214,3.1141098588705063e-09,0,0,1,0.0,0.0,0
271,196200000.0,1,0.0,6793942.405340383,12787200000,86.26505802826637,391.0,1,1.6351248384e+20,1900000.0,3610000000000.0,1900000.0,8.175660292e+19,8564280.012170214,3.1141098588705063e-09,0,0,1,0.0,0.0,0
272,196200000.0,1,0.0,6820371.035292587,12836000000,86.55011752151401,392.0,1,1.64762896e+20,1900000.0,3610000000000.0,1900000.0,8.2381809e+19,8564280.012170214,3.1141098588705063e-09,0,0,1,0.0,0.0,0
273,196200000.0,1,0.0,6845969.115971995,12884800000,86.8352104193002,393.0,1,1.6601807104e+20,1900000.0,3610000000000.0,1900000.0,8.300939652e+19,8534399.392608307,2.408341970294714e-09,0,0,1,0.0,0.0,0
274,196200000.0,1,0.0,6871566.9797822945,12933600000,87.12031320495892,394.0,1,1.6727800896e+20,1900000.0,3610000000000.0,1900000.0,8.363936548e+19,8534399.392608307,2.408341970294714e-09,0,0,1,0.0,0.0,0
275,196200000.0,1,0.0,6897164.633952451,12982400000,87.40542562073452,395.0,1,1.6854270976e+20,1900000.0,3610000000000.0,1900000.0,8.427171588e+19,8534399.392608307,2.408341970294714e-09,0,0,1,0.0,0.0,0
276,196200000.0,1,0.0,6922780.939540312,13031200000,87.69054692143712,396.0,1,1.6981217344e+20,1900000.0,3610000000000.0,1900000.0,8.490644772e+19,8535078.139122527,3.6816345527768135e-09,0,0,1,0.0,0.0,0
277,196200000.0,1,0.0,6948397.04923111,13080000000,87.97567737605132,397.0,1,1.710864e+20,1900000.0,3610000000000.0,1900000.0,8.5543561e+19,8535078.139122527,3.6816345527768135e-09,0,0,1,0.0,0.0,0
278,196200000.0,1,0.0,6973812.749070484,13128800000,88.26082343459719,398.0,1,1.7236538944e+20,1900000.0,3610000000000.0,1900000.0,8.618305572e+19,8525467.555878013,5.078618414700031e-09,0,0,1,0.0,0.0,0
279,196200000.0,1,0.0,6999228.265854936,13177600000,88.5459781141598,399.0,1,1.7364914176e+20,1900000.0,3610000000000.0,1900000.0,8.682493188e+19,8525467.555878013,5.078618414700031e-09,0,0,1,0.0,0.0,0
280,196200000.0,1,0.0,7024643.605686294,13226400000,88.83114120065002,400.0,1,1.7493765696e+20,1900000.0,3610000000000.0,1900000.0,8.746918948e+19,8525467.555878013,5.078618414700031e-09,0,0,1,0.0,0.0,0
281,196200000.0,1,0.0,7050058.774462996,13275200000,89.11631248741462,401.0,1,1.7623093504e+20,1900000.0,3610000000000.0,1900000.0,8.811582852e+19,8525467.555878013,5.078618414700031e-09,0,0,1,0.0,0.0,0
282,196200000.0,1,0.0,7075473.777886864,13324000000,89.40149177490532,402.0,1,1.77528976e+20,1900000.0,3610000000000.0,1900000.0,8.8764849e+19,8525467.555878013,5.078618414700031e-09,0,0,1,0.0,0.0,0
283,196200000.0,1,0.0,7102777.381292652,13372800000,89.68665278724293,403.0,1,1.7883177984e+20,1900000.0,3610000000000.0,1900000.0,8.941625092e+19,8593535.358950187,5.8353180065751076e-09,0,0,1,0.0,0.0,0
284,196200000.0,1,0.0,7130080.830185402,13421600000,89.97182209475457,404.0,1,1.8013934656e+20,1900000.0,3610000000000.0,1900000.0,9.007003428e+19,8593535.358950187,5.8353180065751076e-09,0,0,1,0.0,0.0,0
285,196200000.0,1,0.0,7157384.129715553,13470400000,90.25699949779832,405.0,1,1.8145167616e+20,1900000.0,3610000000000.0,1900000.0,9.072619908e+19,8593535.358950187,5.8353180065751076e-09,0,0,1,0.0,0.0,0
286,196200000.0,1,0.0,7184687.284861851,13519200000,90.54218480335695,406.0,1,1.8276876864e+20,1900000.0,3610000000000.0,1900000.0,9.138474532e+19,8593535.358950187,5.8353180065751076e-09,0,0,1,0.0,0.0,0
287,196200000.0,1,0.0,7211990.3004370965,13568000000,90.82737782475867,407.0,1,1.84090624e+20,1900000.0,3610000000000.0,1900000.0,9.2045673e+19,8593535.358950187,5.8353180065751076e-09,0,0,1,0.0,0.0,0
288,196200000.0,1,0.0,7239293.181093652,13616800000,91.11257838141192,408.0,1,1.8541724224e+20,1900000.0,3610000000000.0,1900000.0,9.270898212e+19,8593535.358950187,5.8353180065751076e-09,0,0,1,0.0,0.0,0
289,196200000.0,1,0.0,7266595.931328815,13665600000,91.39778629855365,409.0,1,1.8674862336e+20,1900000.0,3610000000000.0,1900000.0,9.337467268e+19,8593535.358950187,5.8353180065751076e-09,0,0,1,0.0,0.0,0
290,196200000.0,1,0.0,7293898.555489961,13714400000,91.68300140701025,410.0,1,1.8808476736e+20,1900000.0,3610000000000.0,1900000.0,9.404274468e+19,8593535.358950187,5.8353180065751076e-09,0,0,1,0.0,0.0,0
291,196200000.0,1,0.0,7322383.45713417,13763200000,91.9682090959286,411.0,1,1.8942567424e+20,1900000.0,3610000000000.0,1900000.0,9.471319812e+19,8636101.735716268,3.332388587296009e-09,0,0,1,0.0,0.0,0
292,196200000.0,1,0.0,7350868.240969215,13812000000,92.2534240832127,412.0,1,1.90771344e+20,1900000.0,3610000000000.0,1900000.0,9.5386033e+19,8636101.735716268,3.332388587296009e-09,0,0,1,0.0,0.0,0
293,196200000.0,1,0.0,7379307.757110916,13860800000,92.53864746033368,413.0,1,1.9212177664e+20,1900000.0,3610000000000.0,1900000.0,9.606124932e+19,8633833.923797514,7.363269105553627e-09,0,0,1,0.0,0.0,0
294,196200000.0,1,0.0,7407747.163166496,13909600000,92.82387779176113,414.0,1,1.9347697216e+20,1900000.0,3610000000000.0,1900000.0,9.673884708e+19,8633833.923797514,7.363269105553627e-09,0,0,1,0.0,0.0,0
295,196200000.0,1,0.0,7436186.4628054965,13958400000,93.10911492004395,415.0,1,1.9483693056e+20,1900000.0,3610000000000.0,1900000.0,9.741882628e+19,8633833.923797514,7.363269105553627e-09,0,0,1,0.0,0.0,0
296,196200000.0,1,0.0,7464625.659575131,14007200000,93.39435869261972,416.0,1,1.9620165184e+20,1900000.0,3610000000000.0,1900000.0,9.810118692e+19,8633833.923797514,7.363269105553627e-09,0,0,1,0.0,0.0,0
297,196200000.0,1,0.0,7493694.179219599,14056000000,93.67959581683495,417.0,1,1.97571136e+20,1900000.0,3610000000000.0,1900000.0,9.8785929e+19,8656493.127145184,8.563802111893892e-09,0,0,1,0.0,0.0,0
298,196200000.0,1,0.0,7522762.602738361,14104800000,93.96483958460381,418.0,1,1.9894538304e+20,1900000.0,3610000000000.0,1900000.0,9.947305252e+19,8656493.127145184,8.563802111893892e-09,0,0,1,0.0,0.0,0
299,196200000.0,1,0.0,7551323.889785235,14153600000,94.25010497028259,419.0,1,2.0032439296e+20,1900000.0,3610000000000.0,1900000.0,1.0016255748e+20,8632155.036727242,6.0899765230715275e-09,0,0,1,0.0,0.0,0
300,196200000.0,1,0.0,7579885.087007978,14202400000,94.53537657968964,420.0,1,2.0170816576e+20,1900000.0,3610000000000.0,1900000.0,1.0085444388e+20,8632155.036727242,6.0899765230715275e-09,0,0,1,0.0,0.0,0
301,196200000.0,1,0.0,7608259.884674165,14251200000,94.53494551342034,420.0,1,2.0309670144e+20,1900000.0,3610000000000.0,1900000.0,1.0154871172e+20,8623212.025852228,7.545168045908213e-09,0,0,1,0.0,0.0,0
302,196200000.0,1,0.0,7636634.598404694,14300000000,94.53452036634485,420.0,1,2.0449e+20,1900000.0,3610000000000.0,1900000.0,1.02245361e+20,8623212.025852228,7.545168045908213e-09,0,0,1,0.0,0.0,0
303,196200000.0,1,0.0,7664529.484309952,14348800000,94.53410101036783,420.0,1,2.0588806144e+20,1900000.0,3610000000000.0,1900000.0,1.0294439172e+20,8588670.264354682,6.650225259363651e-09,0,0,1,0.0,0.0,0
304,196200000.0,1,0.0,7692424.291783722,14397600000,94.53368732114124,420.0,1,2.0729088576e+20,1900000.0,3610000000000.0,1900000.0,1.0364580388e+20,8588670.264478654,5.165929906070232e-09,0,0,1,0.0,0.0,0
305,196200000.0,1,0.0,7720319.023438722,14446400000,94.53327917792681,420.0,1,2.0869847296e+20,1900000.0,3610000000000.0,1900000.0,1.0434959748e+20,8588670.264478654,5.165929906070232e-09,0,0,1,0.0,0.0,0
306,196200000.0,1,0.0,7748213.681802245,14495200000,94.53287646346425,420.0,1,2.1011082304e+20,1900000.0,3610000000000.0,1900000.0,1.0505577252e+20,8588670.264478654,5.165929906070232e-09,0,0,1,0.0,0.0,0
307,196200000.0,1,0.0,7774491.731172972,14544000000,94.53254134976522,420.0,1,2.11527936e+20,1900000.0,3610000000000.0,1900000.0,1.05764329e+20,8588670.264478654,7.101334631443024e-09,0,0,1,0.0,0.0,0
308,196200000.0,1,0.0,7801146.01573867,14592800000,94.53223630385745,420.0,1,2.1294981184e+20,1900000.0,3610000000000.0,1900000.0,1.0647526692e+20,8664213.277196655,6.3810148276388645e-09,0,0,1,0.0,0.0,0
309,196200000.0,1,0.0,7827800.223225189,14641600000,94.5319351317166,420.0,1,2.1437645056e+20,1900000.0,3610000000000.0,1900000.0,1.0718858628e+20,8664213.277196655,6.344635039567947e-09,0,0,1,0.0,0.0,0
310,196200000.0,1,0.0,7854454.356201838,14690400000,94.53163775434844,420.0,1,2.1580785216e+20,1900000.0,3610000000000.0,1900000.0,1.0790428708e+20,8664213.277196655,6.344635039567947e-09,0,0,1,0.0,0.0,0
311,196200000.0,1,0.0,7881108.417152279,14739200000,94.53134409495247,420.0,1,2.1724401664e+20,1900000.0,3610000000000.0,1900000.0,1.0862236932e+20,8664213.277196655,6.344635039567947e-09,0,0,1,0.0,0.0,0
312,196200000.0,1,0.0,7907715.52739362,14788000000,94.53105542462394,420.0,1,2.18684944e+20,1900000.0,3610000000000.0,1900000.0,1.09342833e+20,8661962.985175967,8.498318493366241e-09,0,0,1,0.0,0.0,0
313,196200000.0,1,0.0,7934481.804110114,14836800000,94.53077031728462,420.0,1,2.2013063424e+20,1900000.0,3610000000000.0,1900000.0,1.1006567812e+20,8673427.81731031,8.287315722554922e-09,0,0,1,0.0,0.0,0
314,196200000.0,1,0.0,7961248.015765603,14885600000,94.53048870231653,420.0,1,2.2158108736e+20,1900000.0,3610000000000.0,1900000.0,1.1079090468e+20,8673427.81731031,8.287315722554922e-09,0,0,1,0.0,0.0,0
315,196200000.0,1,0.0,7988012.33600484,14934400000,94.53021056306582,420.0,1,2.2303630336e+20,1900000.0,3610000000000.0,1900000.0,1.1151851268e+20,8673340.048160981,4.925823304802179e-09,0,0,1,0.0,0.0,0
316,196200000.0,1,0.0,8015013.38383783,14983200000,94.52992905984463,420.0,1,2.2449628224e+20,1900000.0,3610000000000.0,1900000.0,1.1224850212e+20,8684705.890864262,5.216861609369516e-09,0,0,1,0.0,0.0,0
317,196200000.0,1,0.0,8042014.372901456,15032000000,94.52965088990996,420.0,1,2.25961024e+20,1900000.0,3610000000000.0,1900000.0,1.12980873e+20,8684705.890864262,5.216861609369516e-09,0,0,1,0.0,0.0,0
318,196200000.0,1,0.0,8069015.305154694,15080800000,94.52937598959356,420.0,1,2.2743052864e+20,1900000.0,3610000000000.0,1900000.0,1.1371562532e+20,8684705.890864262,5.216861609369516e-09,0,0,1,0.0,0.0,0
319,196200000.0,1,0.0,8096016.182491223,15129600000,94.52910429689112,420.0,1,2.2890479616e+20,1900000.0,3610000000000.0,1900000.0,1.1445275908e+20,8684705.890864262,5.216861609369516e-09,0,0,1,0.0,0.0,0
320,196200000.0,1,0.0,8123017.0067416,15178400000,94.52883575140739,420.0,1,2.3038382656e+20,1900000.0,3610000000000.0,1900000.0,1.1519227428e+20,8684705.890864262,5.216861609369516e-09,0,0,1,0.0,0.0,0
321,196200000.0,1,0.0,8150017.779675366,15227200000,94.52857029430348,420.0,1,2.3186761984e+20,1900000.0,3610000000000.0,1900000.0,1.1593417092e+20,8684705.890864262,5.216861609369516e-09,0,0,1,0.0,0.0,0
322,196200000.0,1,0.0,8177136.255239745,15276000000,94.52830459688066,420.0,1,2.33356176e+20,1900000.0,3610000000000.0,1900000.0,1.16678449e+20,8690357.998224493,4.940375220030546e-09,0,0,1,0.0,0.0,0
323,196200000.0,1,0.0,8204254.682851594,15324800000,94.52804189832491,420.0,1,2.3484949504e+20,1900000.0,3610000000000.0,1900000.0,1.1742510852e+20,8690357.998224493,4.940375220030546e-09,0,0,1,0.0,0.0,0
324,196200000.0,1,0.0,8231373.064109342,15373600000,94.52778214397748,420.0,1,2.3634757696e+20,1900000.0,3610000000000.0,1900000.0,1.1817414948e+20,8690357.998224493,4.940375220030546e-09,0,0,1,0.0,0.0,0
325,196200000.0,1,0.0,8257776.101007406,15422400000,94.52752528054671,420.0,1,2.3785042176e+20,1900000.0,3610000000000.0,1900000.0,1.1892557188e+20,8638856.43057295,4.845787771046162e-09,0,0,1,0.0,0.0,0
326,196200000.0,1,0.0,8284141.4895618195,15471200000,94.52725275912898,420.0,1,2.3935802944e+20,1900000.0,3610000000000.0,1900000.0,1.1967937572e+20,8619905.716527218,8.018105290830135e-09,0,0,1,0.0,0.0,0
327,196200000.0,1,0.0,8310863.392282943,15520000000,94.52698320309771,420.0,1,2.408704e+20,1900000.0,3610000000000.0,1900000.0,1.20435561e+20,8645577.751277609,1.0593794286251068e-08,0,0,1,0.0,0.0,0
328,196200000.0,1,0.0,8337585.254528291,15568800000,94.52671656107786,420.0,1,2.4238753344e+20,1900000.0,3610000000000.0,1900000.0,1.2119412772e+20,8645577.751277609,1.0593794286251068e-08,0,0,1,0.0,0.0,0
329,196200000.0,1,0.0,8364272.108003774,15617600000,94.52645372123878,420.0,1,2.4390942976e+20,1900000.0,3610000000000.0,1900000.0,1.2195507588e+20,8643899.208400307,1.0186340659856796e-08,0,0,1,0.0,0.0,0
330,196200000.0,1,0.0,8390958.923656898,15666400000,94.52619368561241,420.0,1,2.4543608896e+20,1900000.0,3610000000000.0,1900000.0,1.2271840548e+20,8643899.208400307,1.0186340659856796e-08,0,0,1,0.0,0.0,0
331,196200000.0,1,0.0,8417645.702748401,15715200000,94.5259364065371,420.0,1,2.4696751104e+20,1900000.0,3610000000000.0,1900000.0,1.2348411652e+20,8643899.208400307,1.0186340659856796e-08,0,0,1,0.0,0.0,0
332,196200000.0,1,0.0,8444628.520563755,15764000000,94.52568183746969,420.0,1,2.48503696e+20,1900000.0,3610000000000.0,1900000.0,1.24252209e+20,8665216.541206427,1.076841726899147e-08,0,0,1,0.0,0.0,0
333,196200000.0,1,0.0,8471611.30421431,15812800000,94.5254299329524,420.0,1,2.5004464384e+20,1900000.0,3610000000000.0,1900000.0,1.2502268292e+20,8665216.541206427,1.076841726899147e-08,0,0,1,0.0,0.0,0
334,196200000.0,1,0.0,8498592.425983693,15861600000,94.52518064858045,420.0,1,2.5159035456e+20,1900000.0,3610000000000.0,1900000.0,1.2579553828e+20,8665099.263632126,1.1728843674063683e-08,0,0,1,0.0,0.0,0
335,196200000.0,1,0.0,8525573.515827963,15910400000,94.524933940971,420.0,1,2.5314082816e+20,1900000.0,3610000000000.0,1900000.0,1.2657077508e+20,8665099.263632126,1.1728843674063683e-08,0,0,1,0.0,0.0,0
336,196200000.0,1,0.0,8554759.070166742,15959200000,94.52465101352992,420.0,1,2.5469606464e+20,1900000.0,3610000000000.0,1900000.0,1.2734839332e+20,8770915.040693376,1.4566467143595219e-08,0,0,1,0.0,0.0,0
337,196200000.0,1,0.0,8584649.6407522,16008000000,94.52435361552217,420.0,1,2.56256064e+20,1900000.0,3610000000000.0,1900000.0,1.28128393e+20,8804757.252481546,1.1539668776094913e-08,0,0,1,0.0,0.0,0
338,196200000.0,1,0.0,8614540.182373337,16056800000,94.52405997752155,420.0,1,2.5782082624e+20,1900000.0,3610000000000.0,1900000.0,1.2891077412e+20,8804757.243374525,1.0390067473053932e-08,0,0,1,0.0,0.0,0
339,196200000.0,1,0.0,8644430.6961179,16105600000,94.52377002229375,420.0,1,2.5939035136e+20,1900000.0,3610000000000.0,1900000.0,1.2969553668e+20,8804757.243374525,1.0390067473053932e-08,0,0,1,0.0,0.0,0
340,196200000.0,1,0.0,8674321.182915114,16154400000,94.5234836748363,420.0,1,2.6096463936e+20,1900000.0,3610000000000.0,1900000.0,1.3048268068e+20,8804757.243374525,1.0884832590818405e-08,0,0,1,0.0,0.0,0
341,196200000.0,1,0.0,8704211.64366322,16203200000,94.52320086229558,420.0,1,2.6254369024e+20,1900000.0,3610000000000.0,1900000.0,1.3127220612e+20,8804757.243374525,1.0390067473053932e-08,0,0,1,0.0,0.0,0
342,196200000.0,1,0.0,8734102.07923052,16252000000,94.52292151388714,420.0,1,2.64127504e+20,1900000.0,3610000000000.0,1900000.0,1.32064113e+20,8804757.243374525,1.0390067473053932e-08,0,0,1,0.0,0.0,0
343,196200000.0,1,0.0,8763992.49045638,16300800000,94.52264556082012,420.0,1,2.6571608064e+20,1900000.0,3610000000000.0,1900000.0,1.3285840132e+20,8804757.243374525,1.0390067473053932e-08,0,0,1,0.0,0.0,0
344,196200000.0,1,0.0,8793882.878152175,16349600000,94.52237293622473,420.0,1,2.6730942016e+20,1900000.0,3610000000000.0,1900000.0,1.3365507108e+20,8804757.243374525,1.0390067473053932e-08,0,0,1,0.0,0.0,0
345,196200000.0,1,0.0,8824025.544708505,16398400000,94.52209646969659,420.0,1,2.6890752256e+20,1900000.0,3610000000000.0,1900000.0,1.3445412228e+20,8816867.720475275,9.691575542092323e-09,0,0,1,0.0,0.0,0
346,196200000.0,1,0.0,8854168.501522772,16447200000,94.52182341567155,420.0,1,2.7051038784e+20,1900000.0,3610000000000.0,1900000.0,1.3525555492e+20,8816882.708257617,1.0972144082188606e-08,0,0,1,0.0,0.0,0
347,196200000.0,1,0.0,8883960.80733793,16496000000,94.5215537474143,420.0,1,2.72118016e+20,1900000.0,3610000000000.0,1900000.0,1.36059369e+20,8800052.480522221,9.997165761888027e-09,0,0,1,0.0,0.0,0
348,196200000.0,1,0.0,8913753.092606954,16544800000,94.52128736192982,420.0,1,2.7373040704e+20,1900000.0,3610000000000.0,1900000.0,1.3686556452e+20,8800052.480522221,9.997165761888027e-09,0,0,1,0.0,0.0,0
349,196200000.0,1,0.0,8943545.358014725,16593600000,94.52102419402327,420.0,1,2.7534756096e+20,1900000.0,3610000000000.0,1900000.0,1.3767414148e+20,8800052.480522221,9.997165761888027e-09,0,0,1,0.0,0.0,0
350,196200000.0,1,0.0,8973337.604223274,16642400000,94.52076418032657,420.0,1,2.7696947776e+20,1900000.0,3610000000000.0,1900000.0,1.3848509988e+20,8800052.480522221,9.997165761888027e-09,0,0,1,0.0,0.0,0
351,196200000.0,1,0.0,9003129.831872582,16691200000,94.52050725923253,420.0,1,2.7859615744e+20,1900000.0,3610000000000.0,1900000.0,1.3929843972e+20,8800052.480522221,9.997165761888027e-09,0,0,1,0.0,0.0,0
352,196200000.0,1,0.0,9032922.04158128,16740000000,94.52025337083136,420.0,1,2.802276e+20,1900000.0,3610000000000.0,1900000.0,1.40114161e+20,8800052.480522221,1.0928488336503506e-08,0,0,1,0.0,0.0,0
353,196200000.0,1,0.0,9063356.597491499,16788800000,94.5199946952463,420.0,1,2.8186380544e+20,1900000.0,3610000000000.0,1900000.0,1.4093226372e+20,8823370.615164114,1.0011717677116394e-08,0,0,1,0.0,0.0,0
354,196200000.0,1,0.0,9092805.292213693,16837600000,94.5197507098673,420.0,1,2.8350477376e+20,1900000.0,3610000000000.0,1900000.0,1.4175274788e+20,8787720.521796376,7.53789208829403e-09,0,0,1,0.0,0.0,0
355,196200000.0,1,0.0,9122253.970730204,16886400000,94.51950952482001,420.0,1,2.8515050496e+20,1900000.0,3610000000000.0,1900000.0,1.4257561348e+20,8787720.521796376,7.1158865466713905e-09,0,0,1,0.0,0.0,0
356,196200000.0,1,0.0,9151702.633581229,16935200000,94.51927108741629,420.0,1,2.8680099904e+20,1900000.0,3610000000000.0,1900000.0,1.4340086052e+20,8787720.521796376,7.1158865466713905e-09,0,0,1,0.0,0.0,0
357,196200000.0,1,0.0,9181151.281288944,16984000000,94.519035346372,420.0,1,2.88456256e+20,1900000.0,3610000000000.0,1900000.0,1.44228489e+20,8787720.521796376,7.1158865466713905e-09,0,0,1,0.0,0.0,0
358,196200000.0,1,0.0,9210581.060288291,17032800000,94.51880246434919,420.0,1,2.9011627584e+20,1900000.0,3610000000000.0,1900000.0,1.4505849892e+20,8787041.775282156,5.486072041094303e-09,0,0,1,0.0,0.0,0
359,196200000.0,1,0.0,9240010.825137056,17081600000,94.51857217670775,420.0,1,2.9178105856e+20,1900000.0,3610000000000.0,1900000.0,1.4589089028e+20,8787041.775282156,5.486072041094303e-09,0,0,1,0.0,0.0,0
360,196200000.0,1,0.0,9269431.507378295,17130400000,94.518344639538,420.0,1,2.9345060416e+20,1900000.0,3610000000000.0,1900000.0,1.4672566308e+20,8786606.466707833,6.868503987789154e-09,0,0,1,0.0,0.0,0
361,196200000.0,1,0.0,9298852.176396606,17179200000,94.51811959761687,420.0,1,2.9512491264e+20,1900000.0,3610000000000.0,1900000.0,1.4756281732e+20,8786606.466707833,6.868503987789154e-09,0,0,1,0.0,0.0,0
362,196200000.0,1,0.0,9328272.832632754,17228000000,94.51789700623605,420.0,1,2.96803984e+20,1900000.0,3610000000000.0,1900000.0,1.48402353e+20,8786606.466707833,6.868503987789154e-09,0,0,1,0.0,0.0,0
363,196200000.0,1,0.0,9357693.476512805,17276800000,94.51767682182141,420.0,1,2.9848781824e+20,1900000.0,3610000000000.0,1900000.0,1.4924427012e+20,8786606.466707833,6.868503987789154e-09,0,0,1,0.0,0.0,0
364,196200000.0,1,0.0,9387114.108448632,17325600000,94.51745900189557,420.0,1,3.0017641536e+20,1900000.0,3610000000000.0,1900000.0,1.5008856868e+20,8786606.466707833,6.868503987789154e-09,0,0,1,0.0,0.0,0
365,196200000.0,1,0.0,9416534.728838373,17374400000,94.51724350504233,420.0,1,3.0186977536e+20,1900000.0,3610000000000.0,1900000.0,1.5093524868e+20,8786606.466707833,6.868503987789154e-09,0,0,1,0.0,0.0,0
366,196200000.0,1,0.0,9445955.338066904,17423200000,94.51703029087219,420.0,1,3.0356789824e+20,1900000.0,3610000000000.0,1900000.0,1.5178431012e+20,8786606.466707833,6.868503987789154e-09,0,0,1,0.0,0.0,0
367,196200000.0,1,0.0,9475377.54972914,17472000000,94.5168192871823,420.0,1,3.05270784e+20,1900000.0,3610000000000.0,1900000.0,1.52635753e+20,8786683.901405934,5.413312464952469e-09,0,0,1,0.0,0.0,0
368,196200000.0,1,0.0,9505790.57588214,17520800000,94.51661048923202,420.0,1,3.0697843264e+20,1900000.0,3610000000000.0,1900000.0,1.5348957732e+20,8826531.71266258,7.421476766467094e-10,0,0,1,0.0,0.0,0
369,196200000.0,1,0.0,9535924.952195825,17569600000,94.51640385949247,420.0,1,3.0869084416e+20,1900000.0,3610000000000.0,1900000.0,1.5434578308e+20,8813157.004305923,7.421476766467094e-10,0,0,1,0.0,0.0,0
370,196200000.0,1,0.0,9564808.174597852,17618400000,94.51622470211653,420.0,1,3.1040801856e+20,1900000.0,3610000000000.0,1900000.0,1.5520437028e+20,8753102.08434553,1.4406396076083183e-09,0,0,1,0.0,0.0,0
371,196200000.0,1,0.0,9593691.38757892,17667200000,94.5160473830712,420.0,1,3.1212995584e+20,1900000.0,3610000000000.0,1900000.0,1.5606533892e+20,8753102.08434553,1.4406396076083183e-09,0,0,1,0.0,0.0,0
372,196200000.0,1,0.0,9622479.894485867,17716000000,94.5158718704886,420.0,1,3.13856656e+20,1900000.0,3610000000000.0,1900000.0,1.56928689e+20,8746283.902707582,1.0477378964424133e-09,0,0,1,0.0,0.0,0
373,196200000.0,1,0.0,9651268.392589446,17764800000,94.51569813327907,420.0,1,3.1558811904e+20,1900000.0,3610000000000.0,1900000.0,1.5779442052e+20,8746283.902707582,1.0477378964424133e-09,0,0,1,0.0,0.0,0
374,196200000.0,1,0.0,9680056.882181386,17813600000,94.51552614110703,420.0,1,3.1732434496e+20,1900000.0,3610000000000.0,1900000.0,1.5866253348e+20,8746283.90258361,8.250935934484005e-09,0,0,1,0.0,0.0,0
375,196200000.0,1,0.0,9708845.363547076,17862400000,94.5153558643674,420.0,1,3.1906533376e+20,1900000.0,3610000000000.0,1900000.0,1.5953302788e+20,8746283.90258361,3.5797711461782455e-09,0,0,1,0.0,0.0,0
376,196200000.0,1,0.0,9735530.91898609,17911200000,94.5152079066635,420.0,1,3.2081108544e+20,1900000.0,3610000000000.0,1900000.0,1.6040590372e+20,8670578.855496844,3.5797711461782455e-09,0,0,1,0.0,0.0,0
377,196200000.0,1,0.0,9762216.466738118,17960000000,94.51506136479792,420.0,1,3.225616e+20,1900000.0,3610000000000.0,1900000.0,1.61281161e+20,8670578.855496844,3.5797711461782455e-09,0,0,1,0.0,0.0,0
378,196200000.0,1,0.0,9788902.007059408,18008800000,94.5149162145038,420.0,1,3.2431687744e+20,1900000.0,3610000000000.0,1900000.0,1.6215879972e+20,8670578.855496844,3.5797711461782455e-09,0,0,1,0.0,0.0,0
379,196200000.0,1,0.0,9816268.980857156,18057600000,94.51476582336572,420.0,1,3.2607691776e+20,1900000.0,3610000000000.0,1900000.0,1.6303881988e+20,8695110.719239451,4.71482053399086e-09,0,0,1,0.0,0.0,0
380,196200000.0,1,0.0,9843635.94771129,18106400000,94.51461683969886,420.0,1,3.2784172096e+20,1900000.0,3610000000000.0,1900000.0,1.6392122148e+20,8695110.719239451,4.71482053399086e-09,0,0,1,0.0,0.0,0
381,196200000.0,1,0.0,9871002.90785326,18155200000,94.5144692402871,420.0,1,3.2961128704e+20,1900000.0,3610000000000.0,1900000.0,1.6480600452e+20,8695110.719239451,4.71482053399086e-09,0,0,1,0.0,0.0,0
382,196200000.0,1,0.0,9898359.652867507,18204000000,94.51432300246134,420.0,1,3.31385616e+20,1900000.0,3610000000000.0,1900000.0,1.65693169e+20,8694375.697210234,2.6411726139485836e-09,0,0,1,0.0,0.0,0
383,196200000.0,1,0.0,9925716.391609615,18252800000,94.5141781040832,420.0,1,3.3316470784e+20,1900000.0,3610000000000.0,1900000.0,1.6658271492e+20,8694375.697210234,2.6411726139485836e-09,0,0,1,0.0,0.0,0
384,196200000.0,1,0.0,9952134.396009991,18301600000,94.51405269610756,420.0,1,3.3494856256e+20,1900000.0,3610000000000.0,1900000.0,1.6747464228e+20,8649316.739834892,5.52245182916522e-09,0,0,1,0.0,0.0,0
385,196200000.0,1,0.0,9978552.394549396,18350400000,94.51392850519939,420.0,1,3.3673718016e+20,1900000.0,3610000000000.0,1900000.0,1.6836895108e+20,8649316.739834892,5.52245182916522e-09,0,0,1,0.0,0.0,0
386,196200000.0,1,0.0,10004970.387423202,18399200000,94.5138055111498,420.0,1,3.3853056064e+20,1900000.0,3610000000000.0,1900000.0,1.6926564132e+20,8649316.739834892,5.52245182916522e-09,0,0,1,0.0,0.0,0
387,196200000.0,1,0.0,10031388.37482025,18448000000,94.5136836942172,420.0,1,3.40328704e+20,1900000.0,3610000000000.0,1900000.0,1.70164713e+20,8649316.739834892,5.52245182916522e-09,0,0,1,0.0,0.0,0
388,196200000.0,1,0.0,10057806.356923109,18496800000,94.5135630351139,420.0,1,3.4213161024e+20,1900000.0,3610000000000.0,1900000.0,1.7106616612e+20,8649316.739834892,5.52245182916522e-09,0,0,1,0.0,0.0,0
389,196200000.0,1,0.0,10083648.030649073,18545600000,94.51346475996054,420.0,1,3.4393927936e+20,1900000.0,3610000000000.0,1900000.0,1.7197000068e+20,8649316.739834892,5.52245182916522e-09,0,0,1,0.0,0.0,0
390,196200000.0,1,0.0,10109219.771392623,18594400000,94.51337742125996,420.0,1,3.4575171136e+20,1900000.0,3610000000000.0,1900000.0,1.7287621668e+20,8649316.739834892,5.52245182916522e-09,0,0,1,0.0,0.0,0
391,196200000.0,1,0.0,10134791.506928848,18643200000,94.51329102586291,420.0,1,3.4756890624e+20,1900000.0,3610000000000.0,1900000.0,1.7378481412e+20,8649316.739834892,5.52245182916522e-09,0,0,1,0.0,0.0,0
392,196200000.0,1,0.0,10160363.237431314,18692000000,94.51320555738995,420.0,1,3.49390864e+20,1900000.0,3610000000000.0,1900000.0,1.74695793e+20,8649316.739834892,5.52245182916522e-09,0,0,1,0.0,0.0,0
393,196200000.0,1,0.0,10186271.632950276,18740800000,94.51312099984118,420.0,1,3.5121758464e+20,1900000.0,3610000000000.0,1900000.0,1.7560915332e+20,8665476.894193156,6.0899765230715275e-09,0,0,1,0.0,0.0,0
394,196200000.0,1,0.0,10212180.023765478,18789600000,94.51303733758525,420.0,1,3.5304906816e+20,1900000.0,3610000000000.0,1900000.0,1.7652489508e+20,8665476.894193156,6.0899765230715275e-09,0,0,1,0.0,0.0,0
395,196200000.0,1,0.0,10238386.265121307,18838400000,94.51295455534888,420.0,1,3.5488531456e+20,1900000.0,3610000000000.0,1900000.0,1.7744301828e+20,8700610.70488527,7.9016899690032e-09,0,0,1,0.0,0.0,0
396,196200000.0,1,0.0,10264596.837120585,18887200000,94.51287255522173,420.0,1,3.5672632384e+20,1900000.0,3610000000000.0,1900000.0,1.7836352292e+20,8700818.786750205,6.941263563930988e-09,0,0,1,0.0,0.0,0
397,196200000.0,1,0.0,10290807.404870972,18936000000,94.51279140576692,420.0,1,3.58572096e+20,1900000.0,3610000000000.0,1900000.0,1.79286409e+20,8700818.786750205,6.941263563930988e-09,0,0,1,0.0,0.0,0
398,196200000.0,1,0.0,10316139.508283094,18984800000,94.51272790141336,420.0,1,3.6042263104e+20,1900000.0,3610000000000.0,1900000.0,1.8021167652e+20,8658652.695662457,4.380126483738422e-09,0,0,1,0.0,0.0,0
399,196200000.0,1,0.0,10341620.735040009,19033600000,94.51266522325906,420.0,1,3.6227792896e+20,1900000.0,3610000000000.0,1900000.0,1.8113932548e+20,8665810.806789266,4.1763996705412865e-09,0,0,1,0.0,0.0,0
400,196200000.0,1,0.0,10367101.957958907,19082400000,94.51260335770657,420.0,1,3.6413798976e+20,1900000.0,3610000000000.0,1900000.0,1.8206935588e+20,8665810.806789266,3.245077095925808e-09,0,0,1,0.0,0.0,0
401,196200000.0,1,0.0,10392346.38877808,19131200000,94.51254684535583,420.0,1,3.6600281344e+20,1900000.0,3610000000000.0,1900000.0,1.8300176772e+20,8654444.964085985,5.2241375669837e-09,0,0,1,0.0,0.0,0
402,196200000.0,1,0.0,10417590.816010844,19180000000,94.5124911332396,420.0,1,3.678724e+20,1900000.0,3610000000000.0,1900000.0,1.83936561e+20,8654444.964085985,4.292814992368221e-09,0,0,1,0.0,0.0,0
403,196200000.0,1,0.0,10443628.894738637,19228800000,94.512421240964,420.0,1,3.6974674944e+20,1900000.0,3610000000000.0,1900000.0,1.8487373572e+20,8692540.402256258,1.382431946694851e-09,0,0,1,0.0,0.0,0
404,196200000.0,1,0.0,10468643.362663131,19277600000,94.5123718465339,420.0,1,3.7162586176e+20,1900000.0,3610000000000.0,1900000.0,1.8581329188e+20,8643407.24456068,2.546585164964199e-09,0,0,1,0.0,0.0,0
405,196200000.0,1,0.0,10493657.82734804,19326400000,94.51232323566228,420.0,1,3.7350973696e+20,1900000.0,3610000000000.0,1900000.0,1.8675522948e+20,8643407.24456068,1.6152625903487206e-09,0,0,1,0.0,0.0,0
406,196200000.0,1,0.0,10518372.912651291,19375200000,94.51227539659261,420.0,1,3.7539837504e+20,1900000.0,3610000000000.0,1900000.0,1.8769954852e+20,8629037.184557768,4.059984348714352e-09,0,0,1,0.0,0.0,0
407,196200000.0,1,0.0,10543087.994927322,19424000000,94.51222831782506,420.0,1,3.77291776e+20,1900000.0,3610000000000.0,1900000.0,1.88646249e+20,8629037.184557768,4.059984348714352e-09,0,0,1,0.0,0.0,0
408,196200000.0,1,0.0,10568817.223723775,19472800000,94.51218042751677,420.0,1,3.7918993984e+20,1900000.0,3610000000000.0,1900000.0,1.8959533092e+20,8700135.949181546,4.045432433485985e-09,0,0,1,0.0,0.0,0
409,196200000.0,1,0.0,10594238.708526455,19521600000,94.51214462174248,420.0,1,3.8109286656e+20,1900000.0,3610000000000.0,1900000.0,1.9054679428e+20,8700135.949181546,4.976755008101463e-09,0,0,1,0.0,0.0,0
410,196200000.0,1,0.0,10618228.031914538,19570400000,94.51216197584996,420.0,1,3.8300055616e+20,1900000.0,3610000000000.0,1900000.0,1.9150063908e+20,8700135.949181546,4.045432433485985e-09,0,0,1,0.0,0.0,0
411,196200000.0,1,0.0,10642191.65683136,19619200000,94.51217936972968,420.0,1,3.8491300864e+20,1900000.0,3610000000000.0,1900000.0,1.9245686532e+20,8698285.865107065,5.1513779908418655e-09,0,0,1,0.0,0.0,0
412,196200000.0,1,0.0,10666155.278984368,19668000000,94.51219680350971,420.0,1,3.86830224e+20,1900000.0,3610000000000.0,1900000.0,1.93415473e+20,8698285.865107065,5.1513779908418655e-09,0,0,1,0.0,0.0,0
413,196200000.0,1,0.0,10689772.744155869,19716800000,94.51221427731916,420.0,1,3.8875220224e+20,1900000.0,3610000000000.0,1900000.0,1.9437646212e+20,8673362.754799942,7.781636668369174e-09,0,0,1,0.0,0.0,0
414,196200000.0,1,0.0,10713390.206744744,19765600000,94.5122317912879,420.0,1,3.9067894336e+20,1900000.0,3610000000000.0,1900000.0,1.9533983268e+20,8673362.754799942,7.781636668369174e-09,0,0,1,0.0,0.0,0
415,196200000.0,1,0.0,10737007.666837081,19814400000,94.51224934554664,420.0,1,3.9261044736e+20,1900000.0,3610000000000.0,1900000.0,1.9630558468e+20,8673362.754799942,6.8503140937536955e-09,0,0,1,0.0,0.0,0
416,196200000.0,1,0.0,10760625.124516094,19863200000,94.51226694022698,420.0,1,3.9454671424e+20,1900000.0,3610000000000.0,1900000.0,1.9727371812e+20,8673362.754799942,6.8503140937536955e-09,0,0,1,0.0,0.0,0
417,196200000.0,1,0.0,10784242.579862226,19912000000,94.51228457546131,420.0,1,3.96487744e+20,1900000.0,3610000000000.0,1900000.0,1.98244233e+20,8673362.754799942,6.8503140937536955e-09,0,0,1,0.0,0.0,0
418,196200000.0,1,0.0,10807860.032953246,19960800000,94.51230225138288,420.0,1,3.9843353664e+20,1900000.0,3610000000000.0,1900000.0,1.9921712932e+20,8673362.754799942,6.8503140937536955e-09,0,0,1,0.0,0.0,0
419,196200000.0,1,0.0,10831652.120122358,20009600000,94.51231647584915,420.0,1,4.0038409216e+20,1900000.0,3610000000000.0,1900000.0,2.0019240708e+20,8681745.295185743,1.214721123687923e-08,0,0,1,0.0,0.0,0
420,196200000.0,1,0.0,10855444.20518419,20058400000,94.51233072677057,420.0,1,4.0233941056e+20,1900000.0,3610000000000.0,1900000.0,2.0117006628e+20,8681745.295185743,1.214721123687923e-08,0,0,1,0.0,0.0,0
421,196200000.0,1,0.0,10879236.288208984,20107200000,94.5123450042149,420.0,1,4.0429949184e+20,1900000.0,3610000000000.0,1900000.0,2.0215010692e+20,8681745.295185743,1.3078533811494708e-08,0,0,1,0.0,0.0,0
422,196200000.0,1,0.0,10903969.287531836,20156000000,94.5123593082502,420.0,1,4.06264336e+20,1900000.0,3610000000000.0,1900000.0,2.03132529e+20,8749491.41042419,1.4242687029764056e-08,0,0,1,0.0,0.0,0
423,196200000.0,1,0.0,10928702.284951197,20204800000,94.512373638945,420.0,1,4.0823394304e+20,1900000.0,3610000000000.0,1900000.0,2.0411733252e+20,8749491.41042419,1.4242687029764056e-08,0,0,1,0.0,0.0,0
424,196200000.0,1,0.0,10953435.280530509,20253600000,94.51238799636836,420.0,1,4.1020831296e+20,1900000.0,3610000000000.0,1900000.0,2.0510451748e+20,8749491.41042419,1.4242687029764056e-08,0,0,1,0.0,0.0,0
425,196200000.0,1,0.0,10978168.274331108,20302400000,94.51240238058969,420.0,1,4.1218744576e+20,1900000.0,3610000000000.0,1900000.0,2.0609408388e+20,8749491.41042419,1.4242687029764056e-08,0,0,1,0.0,0.0,0
426,196200000.0,1,0.0,11002901.266412279,20351200000,94.51241679167883,420.0,1,4.1417134144e+20,1900000.0,3610000000000.0,1900000.0,2.0708603172e+20,8749491.41042419,1.3311364455148578e-08,0,0,1,0.0,0.0,0
427,196200000.0,1,0.0,11027634.256831344,20400000000,94.5124312297061,420.0,1,4.1616e+20,1900000.0,3610000000000.0,1900000.0,2.08080361e+20,8749491.41042419,1.4242687029764056e-08,0,0,1,0.0,0.0,0
428,196200000.0,1,0.0,11052367.245643705,20448800000,94.51244569474215,420.0,1,4.1815342144e+20,1900000.0,3610000000000.0,1900000.0,2.0907707172e+20,8749491.41042419,1.4242687029764056e-08,0,0,1,0.0,0.0,0
429,196200000.0,1,0.0,11077100.232902916,20497600000,94.51246018685815,420.0,1,4.2015160576e+20,1900000.0,3610000000000.0,1900000.0,2.1007616388e+20,8749491.41042419,1.4242687029764056e-08,0,0,1,0.0,0.0,0
430,196200000.0,1,0.0,11101833.218660751,20546400000,94.51247470612564,420.0,1,4.2215455296e+20,1900000.0,3610000000000.0,1900000.0,2.1107763748e+20,8749491.41042419,1.4242687029764056e-08,0,0,1,0.0,0.0,0
431,196200000.0,1,0.0,11126566.20296725,20595200000,94.51248925261653,420.0,1,4.2416226304e+20,1900000.0,3610000000000.0,1900000.0,2.1208149252e+20,8749491.41042419,1.3311364455148578e-08,0,0,1,0.0,0.0,0
432,196200000.0,1,0.0,11151299.185870802,20644000000,94.51250382640323,420.0,1,4.26174736e+20,1900000.0,3610000000000.0,1900000.0,2.13087729e+20,8749491.41042419,1.4242687029764056e-08,0,0,1,0.0,0.0,0
433,196200000.0,1,0.0,11174525.942597985,20692800000,94.51251842755849,420.0,1,4.2819197184e+20,1900000.0,3610000000000.0,1900000.0,2.1409634692e+20,8677192.619055633,1.3311364455148578e-08,0,0,1,0.0,0.0,0
434,196200000.0,1,0.0,11197755.833786152,20741600000,94.51253299168947,420.0,1,4.3021397056e+20,1900000.0,3610000000000.0,1900000.0,2.1510734628e+20,8677343.136109933,7.461494533345103e-09,0,0,1,0.0,0.0,0
435,196200000.0,1,0.0,11220985.723707039,20790400000,94.51254758309457,420.0,1,4.3224073216e+20,1900000.0,3610000000000.0,1900000.0,2.1612072708e+20,8677343.136109933,7.461494533345103e-09,0,0,1,0.0,0.0,0
436,196200000.0,1,0.0,11244215.612402879,20839200000,94.51256220184668,420.0,1,4.3427225664e+20,1900000.0,3610000000000.0,1900000.0,2.1713648932e+20,8677343.136109933,7.461494533345103e-09,0,0,1,0.0,0.0,0
437,196200000.0,1,0.0,11267445.49991452,20888000000,94.51257684801918,420.0,1,4.36308544e+20,1900000.0,3610000000000.0,1900000.0,2.18154633e+20,8677343.136109933,7.461494533345103e-09,0,0,1,0.0,0.0,0
438,196200000.0,1,0.0,11289099.732055224,20936800000,94.51261383154436,420.0,1,4.3834959424e+20,1900000.0,3610000000000.0,1900000.0,2.1917515812e+20,8589710.487734595,1.2758391676470637e-08,0,0,1,0.0,0.0,0
439,196200000.0,1,0.0,11312037.278463729,20985600000,94.51265098996113,420.0,1,4.4039540736e+20,1900000.0,3610000000000.0,1900000.0,2.2019806468e+20,8651309.625704342,1.2583768693730235e-08,0,0,1,0.0,0.0,0
440,196200000.0,1,0.0,11334974.82380254,21034400000,94.51268832450906,420.0,1,4.4244598336e+20,1900000.0,3610000000000.0,1900000.0,2.2122335268e+20,8651309.625704342,1.2583768693730235e-08,0,0,1,0.0,0.0,0
441,196200000.0,1,0.0,11357912.36810732,21083200000,94.51272583643939,420.0,1,4.4450132224e+20,1900000.0,3610000000000.0,1900000.0,2.2225102212e+20,8651309.625704342,1.2583768693730235e-08,0,0,1,0.0,0.0,0
442,196200000.0,1,0.0,11380063.409967674,21132000000,94.51276352701557,420.0,1,4.46561424e+20,1900000.0,3610000000000.0,1900000.0,2.23281073e+20,8613557.556350922,1.0313669918105006e-08,0,0,1,0.0,0.0,0
443,196200000.0,1,0.0,11403555.56004767,21180800000,94.51280139751312,420.0,1,4.4862628864e+20,1900000.0,3610000000000.0,1900000.0,2.2431350532e+20,8686351.638717443,1.1463271221145988e-08,0,0,1,0.0,0.0,0
444,196200000.0,1,0.0,11427047.709193625,21229600000,94.5128394492199,420.0,1,4.5069591616e+20,1900000.0,3610000000000.0,1900000.0,2.2534831908e+20,8686351.638717443,1.1463271221145988e-08,0,0,1,0.0,0.0,0
445,196200000.0,1,0.0,11449694.245027347,21278400000,94.51287768343623,420.0,1,4.5277030656e+20,1900000.0,3610000000000.0,1900000.0,2.2638551428e+20,8625467.545245295,9.935320122167468e-09,0,0,1,0.0,0.0,0
446,196200000.0,1,0.0,11472172.578917416,21327200000,94.51291610147496,420.0,1,4.5484945984e+20,1900000.0,3610000000000.0,1900000.0,2.2742509092e+20,8613357.068144545,1.0240910341963172e-08,0,0,1,0.0,0.0,0
447,196200000.0,1,0.0,11494650.911963772,21376000000,94.51295470466182,420.0,1,4.56933376e+20,1900000.0,3610000000000.0,1900000.0,2.28467049e+20,8613357.068144545,1.0240910341963172e-08,0,0,1,0.0,0.0,0
448,196200000.0,1,0.0,11517129.244194543,21424800000,94.51299349433532,420.0,1,4.5902205504e+20,1900000.0,3610000000000.0,1900000.0,2.2951138852e+20,8613357.068144545,1.0240910341963172e-08,0,0,1,0.0,0.0,0
449,196200000.0,1,0.0,11539607.575636905,21473600000,94.51303247184708,420.0,1,4.6111549696e+20,1900000.0,3610000000000.0,1900000.0,2.3055810948e+20,8613357.068144545,1.0240910341963172e-08,0,0,1,0.0,0.0,0
450,196200000.0,1,0.0,11562085.906317154,21522400000,94.51307163856188,420.0,1,4.6321370176e+20,1900000.0,3610000000000.0,1900000.0,2.3160721188e+20,8613357.068144545,1.0240910341963172e-08,0,0,1,0.0,0.0,0
451,196200000.0,1,0.0,11584576.559130527,21571200000,94.51311099585793,420.0,1,4.6531666944e+20,1900000.0,3610000000000.0,1900000.0,2.3265869572e+20,8614244.31477353,1.0488292900845408e-08,0,0,1,0.0,0.0,0
452,196200000.0,1,0.0,11607067.211231738,21620000000,94.51315054512689,420.0,1,4.674244e+20,1900000.0,3610000000000.0,1900000.0,2.33712561e+20,8614244.31477353,1.0488292900845408e-08,0,0,1,0.0,0.0,0
453,196200000.0,1,0.0,11629557.862644525,21668800000,94.51319028777411,420.0,1,4.6953689344e+20,1900000.0,3610000000000.0,1900000.0,2.3476880772e+20,8614244.31477353,1.0488292900845408e-08,0,0,1,0.0,0.0,0
454,196200000.0,1,0.0,11652048.513391845,21717600000,94.51323022521888,420.0,1,4.7165414976e+20,1900000.0,3610000000000.0,1900000.0,2.3582743588e+20,8614244.31477353,1.0488292900845408e-08,0,0,1,0.0,0.0,0
455,196200000.0,1,0.0,11674539.163495867,21766400000,94.51327035889445,420.0,1,4.7377616896e+20,1900000.0,3610000000000.0,1900000.0,2.3688844548e+20,8614244.31477353,1.0488292900845408e-08,0,0,1,0.0,0.0,0
456,196200000.0,1,0.0,11697029.81297804,21815200000,94.51331069024819,420.0,1,4.7590295104e+20,1900000.0,3610000000000.0,1900000.0,2.3795183652e+20,8614244.31477353,1.0488292900845408e-08,0,0,1,0.0,0.0,0
457,196200000.0,1,0.0,11719520.461859094,21864000000,94.51335122074191,420.0,1,4.78034496e+20,1900000.0,3610000000000.0,1900000.0,2.39017609e+20,8614244.31477353,1.0488292900845408e-08,0,0,1,0.0,0.0,0
458,196200000.0,1,0.0,11740957.503022604,21912800000,94.51341609132673,420.0,1,4.8017080384e+20,1900000.0,3610000000000.0,1900000.0,2.4008576292e+20,8563671.172223547,4.172761691734195e-09,0,0,1,0.0,0.0,0
459,196200000.0,1,0.0,11762394.543624407,21961600000,94.51348147524423,420.0,1,4.8231187456e+20,1900000.0,3610000000000.0,1900000.0,2.4115629828e+20,8563671.172223547,4.172761691734195e-09,0,0,1,0.0,0.0,0
460,196200000.0,1,0.0,11783831.583683213,22010400000,94.5135473786092,420.0,1,4.8445770816e+20,1900000.0,3610000000000.0,1900000.0,2.4222921508e+20,8563671.172223547,4.172761691734195e-09,0,0,1,0.0,0.0,0
461,196200000.0,1,0.0,11805268.623217128,22059200000,94.51361380763406,420.0,1,4.8660830464e+20,1900000.0,3610000000000.0,1900000.0,2.4330451332e+20,8563671.172223547,7.425114745274186e-09,0,0,1,0.0,0.0,0
462,196200000.0,1,0.0,11826705.662243651,22108000000,94.51368076863073,420.0,1,4.88763664e+20,1900000.0,3610000000000.0,1900000.0,2.44382193e+20,8563671.172223547,7.425114745274186e-09,0,0,1,0.0,0.0,0
463,196200000.0,1,0.0,11848142.700779691,22156800000,94.51374826801282,420.0,1,4.9092378624e+20,1900000.0,3610000000000.0,1900000.0,2.4546225412e+20,8563671.172223547,7.425114745274186e-09,0,0,1,0.0,0.0,0
464,196200000.0,1,0.0,11869579.738841606,22205600000,94.51381631229741,420.0,1,4.9308867136e+20,1900000.0,3610000000000.0,1900000.0,2.4654469668e+20,8563671.172223547,7.425114745274186e-09,0,0,1,0.0,0.0,0
465,196200000.0,1,0.0,11891016.776445188,22254400000,94.51388490810733,420.0,1,4.9525831936e+20,1900000.0,3610000000000.0,1900000.0,2.4762952068e+20,8563671.172223547,7.425114745274186e-09,0,0,1,0.0,0.0,0
466,196200000.0,1,0.0,11913364.17929297,22303200000,94.51393182106794,420.0,1,4.9743273024e+20,1900000.0,3610000000000.0,1900000.0,2.4871672612e+20,8607368.725211406,1.1674273991957307e-08,0,0,1,0.0,0.0,0
467,196200000.0,1,0.0,11935711.581712464,22352000000,94.51397899376788,420.0,1,4.99611904e+20,1900000.0,3610000000000.0,1900000.0,2.49806313e+20,8607368.725211406,1.1674273991957307e-08,0,0,1,0.0,0.0,0
468,196200000.0,1,0.0,11958058.983717956,22400800000,94.51402642836857,420.0,1,5.0179584064e+20,1900000.0,3610000000000.0,1900000.0,2.5089828132e+20,8607368.725211406,1.1674273991957307e-08,0,0,1,0.0,0.0,0
469,196200000.0,1,0.0,11980406.385323249,22449600000,94.51407412705562,420.0,1,5.0398454016e+20,1900000.0,3610000000000.0,1900000.0,2.5199263108e+20,8607368.725211406,1.1674273991957307e-08,0,0,1,0.0,0.0,0
470,196200000.0,1,0.0,12003792.871212455,22498400000,94.51409923396247,420.0,1,5.0617800256e+20,1900000.0,3610000000000.0,1900000.0,2.5308936228e+20,8660163.204972567,6.9885572884231806e-09,0,0,1,0.0,0.0,0
471,196200000.0,1,0.0,12027179.356727691,22547200000,94.51412441436949,420.0,1,5.0837622784e+20,1900000.0,3610000000000.0,1900000.0,2.5418847492e+20,8660163.204972567,6.9885572884231806e-09,0,0,1,0.0,0.0,0
472,196200000.0,1,0.0,12050565.841881422,22596000000,94.51414966859875,420.0,1,5.10579216e+20,1900000.0,3610000000000.0,1900000.0,2.55289969e+20,8660163.204972567,6.9885572884231806e-09,0,0,1,0.0,0.0,0
473,196200000.0,1,0.0,12073952.326685702,22644800000,94.51417499697413,420.0,1,5.1278696704e+20,1900000.0,3610000000000.0,1900000.0,2.5639384452e+20,8660163.204972567,6.9885572884231806e-09,0,0,1,0.0,0.0,0
474,196200000.0,1,0.0,12097338.811152177,22693600000,94.51420039982168,420.0,1,5.1499948096e+20,1900000.0,3610000000000.0,1900000.0,2.5750010148e+20,8660163.204972567,6.9885572884231806e-09,0,0,1,0.0,0.0,0
475,196200000.0,1,0.0,12119250.016337788,22742400000,94.51422587746912,420.0,1,5.1721675776e+20,1900000.0,3610000000000.0,1900000.0,2.5860873988e+20,8589349.815165197,1.036460162140429e-08,0,0,1,0.0,0.0,0
476,196200000.0,1,0.0,12141161.221207734,22791200000,94.51425143024632,420.0,1,5.1943879744e+20,1900000.0,3610000000000.0,1900000.0,2.5971975972e+20,8589349.815165197,1.036460162140429e-08,0,0,1,0.0,0.0,0
477,196200000.0,1,0.0,12163072.425772542,22840000000,94.51427705848505,420.0,1,5.216656e+20,1900000.0,3610000000000.0,1900000.0,2.60833161e+20,8589349.815165197,1.036460162140429e-08,0,0,1,0.0,0.0,0
478,196200000.0,1,0.0,12184983.746579967,22888800000,94.51430276251914,420.0,1,5.2389716544e+20,1900000.0,3610000000000.0,1900000.0,2.6194894372e+20,8589358.205871146,1.0189978638663888e-08,0,0,1,0.0,0.0,0
479,196200000.0,1,0.0,12206895.067102259,22937600000,94.51432854268434,420.0,1,5.2613349376e+20,1900000.0,3610000000000.0,1900000.0,2.6306710788e+20,8589358.205871146,1.0189978638663888e-08,0,0,1,0.0,0.0,0
480,196200000.0,1,0.0,12228806.387348924,22986400000,94.51435439931853,420.0,1,5.2837458496e+20,1900000.0,3610000000000.0,1900000.0,2.6418765348e+20,8589358.205871146,1.0189978638663888e-08,0,0,1,0.0,0.0,0
481,196200000.0,1,0.0,12250717.707329143,23035200000,94.51438033276148,420.0,1,5.3062043904e+20,1900000.0,3610000000000.0,1900000.0,2.6531058052e+20,8589358.205871146,1.0189978638663888e-08,0,0,1,0.0,0.0,0
482,196200000.0,1,0.0,12272629.027051799,23084000000,94.51440634335516,420.0,1,5.32871056e+20,1900000.0,3610000000000.0,1900000.0,2.66435889e+20,8589358.205871146,1.0189978638663888e-08,0,0,1,0.0,0.0,0
483,196200000.0,1,0.0,12294785.44552739,23132800000,94.51442609704766,420.0,1,5.3512643584e+20,1900000.0,3610000000000.0,1900000.0,2.6756357892e+20,8601122.957962986,1.0568328434601426e-08,0,0,1,0.0,0.0,0
484,196200000.0,1,0.0,12316941.863721823,23181600000,94.51444589536152,420.0,1,5.3738657856e+20,1900000.0,3610000000000.0,1900000.0,2.6869365028e+20,8601122.955048079,8.62200977280736e-09,0,0,1,0.0,0.0,0
485,196200000.0,1,0.0,12339098.281683605,23230400000,94.51446573844736,420.0,1,5.3965148416e+20,1900000.0,3610000000000.0,1900000.0,2.6982610308e+20,8601122.955048079,8.62200977280736e-09,0,0,1,0.0,0.0,0
486,196200000.0,1,0.0,12361254.694970405,23279200000,94.51448562657227,420.0,1,5.4192115264e+20,1900000.0,3610000000000.0,1900000.0,2.7096093732e+20,8601122.74144417,1.074658939614892e-08,0,0,1,0.0,0.0,0
487,196200000.0,1,0.0,12383411.108039798,23328000000,94.51450555977307,420.0,1,5.44195584e+20,1900000.0,3610000000000.0,1900000.0,2.72098153e+20,8601122.74144417,1.074658939614892e-08,0,0,1,0.0,0.0,0
488,196200000.0,1,0.0,12405567.520899037,23376800000,94.51452553820252,420.0,1,5.4647477824e+20,1900000.0,3610000000000.0,1900000.0,2.7323775012e+20,8601122.74144417,1.074658939614892e-08,0,0,1,0.0,0.0,0
489,196200000.0,1,0.0,12427723.933744645,23425600000,94.5145455620141,420.0,1,5.4875873536e+20,1900000.0,3610000000000.0,1900000.0,2.7437972868e+20,8601122.755089376,1.1568772606551647e-08,0,0,1,0.0,0.0,0
490,196200000.0,1,0.0,12451593.774391612,23474400000,94.51456563136198,420.0,1,5.5104745536e+20,1900000.0,3610000000000.0,1900000.0,2.7552408868e+20,8683367.298980668,8.192728273570538e-09,0,0,1,0.0,0.0,0
491,196200000.0,1,0.0,12475464.043534167,23523200000,94.5145857464011,420.0,1,5.5334093824e+20,1900000.0,3610000000000.0,1900000.0,2.7667083012e+20,8683398.164331166,7.508788257837296e-09,0,0,1,0.0,0.0,0
492,196200000.0,1,0.0,12499334.312493214,23572000000,94.51460590728702,420.0,1,5.55639184e+20,1900000.0,3610000000000.0,1900000.0,2.77819953e+20,8683398.164331166,7.508788257837296e-09,0,0,1,0.0,0.0,0
493,196200000.0,1,0.0,12523847.263904668,23620800000,94.51462611417621,420.0,1,5.5794219264e+20,1900000.0,3610000000000.0,1900000.0,2.7897145732e+20,8741000.915350167,7.719791028648615e-09,0,0,1,0.0,0.0,0
494,196200000.0,1,0.0,12548535.023347588,23669600000,94.51464636722572,420.0,1,5.6024996416e+20,1900000.0,3610000000000.0,1900000.0,2.8012534308e+20,8753587.105961889,6.810296326875687e-09,0,0,1,0.0,0.0,0
495,196200000.0,1,0.0,12573222.782624753,23718400000,94.51466666659337,420.0,1,5.6256249856e+20,1900000.0,3610000000000.0,1900000.0,2.8128161028e+20,8753587.105961889,6.810296326875687e-09,0,0,1,0.0,0.0,0
496,196200000.0,1,0.0,12597908.819170048,23767200000,94.51468701243773,420.0,1,5.6487979584e+20,1900000.0,3610000000000.0,1900000.0,2.8244025892e+20,8753463.080804242,9.233190212398767e-09,0,0,1,0.0,0.0,0
497,196200000.0,1,0.0,12622594.855560448,23816000000,94.51470740491813,420.0,1,5.67201856e+20,1900000.0,3610000000000.0,1900000.0,2.83601289e+20,8753463.080804242,9.233190212398767e-09,0,0,1,0.0,0.0,0
498,196200000.0,1,0.0,12647280.891801115,23864800000,94.5147278441946,420.0,1,5.6952867904e+20,1900000.0,3610000000000.0,1900000.0,2.8476470052e+20,8753463.080804242,9.233190212398767e-09,0,0,1,0.0,0.0,0
499,196200000.0,1,0.0,12671967.904657919,23913600000,94.51474833042792,420.0,1,5.7186026496e+20,1900000.0,3610000000000.0,1900000.0,2.8593049348e+20,8753509.965325838,9.538780432194471e-09,0,0,1,0.0,0.0,0
500,196200000.0,1,0.0,12696654.917218799,23962400000,94.51476886377976,420.0,1,5.7419661376e+20,1900000.0,3610000000000.0,1900000.0,2.8709866788e+20,8753509.954093758,9.575160220265388e-09,0,0,1,0.0,0.0,0
501,196200000.0,1,0.0,12720296.205156501,24011200000,94.51482654863976,420.0,1,5.7653772544e+20,1900000.0,3610000000000.0,1900000.0,2.8826922372e+20,8711233.165550694,6.912159733474255e-09,0,0,1,0.0,0.0,0
502,196200000.0,1,0.0,12743937.492963461,24060000000,94.5148846069241,420.0,1,5.788836e+20,1900000.0,3610000000000.0,1900000.0,2.89442161e+20,8711233.165550694,6.912159733474255e-09,0,0,1,0.0,0.0,0
503,196200000.0,1,0.0,12767578.78064404,24108800000,94.51494304227015,420.0,1,5.8123423744e+20,1900000.0,3610000000000.0,1900000.0,2.9061747972e+20,8711233.165550694,6.912159733474255e-09,0,0,1,0.0,0.0,0
504,196200000.0,1,0.0,12790875.754949884,24157600000,94.51500185836257,420.0,1,5.8358963776e+20,1900000.0,3610000000000.0,1900000.0,2.9179517988e+20,8686442.611366263,6.213667802512646e-09,0,0,1,0.0,0.0,0
505,196200000.0,1,0.0,12813932.66601171,24206400000,94.51508037095799,420.0,1,5.8594980096e+20,1900000.0,3610000000000.0,1900000.0,2.9297526148e+20,8685848.902133139,7.450580596923828e-09,0,0,1,0.0,0.0,0
506,196200000.0,1,0.0,12836989.576959409,24255200000,94.51515956716673,420.0,1,5.8831472704e+20,1900000.0,3610000000000.0,1900000.0,2.9415772452e+20,8685848.90213479,1.0026269592344761e-08,0,0,1,0.0,0.0,0
507,196200000.0,1,0.0,12860046.487796756,24304000000,94.51523945595568,420.0,1,5.90684416e+20,1900000.0,3610000000000.0,1900000.0,2.95342569e+20,8685848.90213479,1.0026269592344761e-08,0,0,1,0.0,0.0,0
508,196200000.0,1,0.0,12883103.39852742,24352800000,94.5153200464492,420.0,1,5.9305886784e+20,1900000.0,3610000000000.0,1900000.0,2.9652979492e+20,8685848.90213479,1.0026269592344761e-08,0,0,1,0.0,0.0,0
509,196200000.0,1,0.0,12906160.30915496,24401600000,94.51540134793277,420.0,1,5.9543808256e+20,1900000.0,3610000000000.0,1900000.0,2.9771940228e+20,8685848.90213479,1.0026269592344761e-08,0,0,1,0.0,0.0,0
510,196200000.0,1,0.0,12929217.219682815,24450400000,94.51548336985638,420.0,1,5.9782206016e+20,1900000.0,3610000000000.0,1900000.0,2.9891139108e+20,8685848.90213479,1.0026269592344761e-08,0,0,1,0.0,0.0,0
511,196200000.0,1,0.0,12952306.399620673,24499200000,94.5155651762951,420.0,1,6.0021080064e+20,1900000.0,3610000000000.0,1900000.0,3.0010576132e+20,8687397.838440008,9.182258509099483e-09,0,0,1,0.0,0.0,0
512,196200000.0,1,0.0,12975395.579465378,24548000000,94.51564770573482,420.0,1,6.02604304e+20,1900000.0,3610000000000.0,1900000.0,3.01302513e+20,8687397.838440008,9.182258509099483e-09,0,0,1,0.0,0.0,0
513,196200000.0,1,0.0,12998484.819353156,24596800000,94.51573096780241,420.0,1,6.0500257024e+20,1900000.0,3610000000000.0,1900000.0,3.0250164612e+20,8687400.724829858,8.68749339133501e-09,0,0,1,0.0,0.0,0
514,196200000.0,1,0.0,13021574.059153892,24645600000,94.51581497229644,420.0,1,6.0740559936e+20,1900000.0,3610000000000.0,1900000.0,3.0370316068e+20,8687400.724829858,8.68749339133501e-09,0,0,1,0.0,0.0,0
515,196200000.0,1,0.0,13044663.298870489,24694400000,94.515899729191,420.0,1,6.0981339136e+20,1900000.0,3610000000000.0,1900000.0,3.0490705668e+20,8687400.724829858,8.68749339133501e-09,0,0,1,0.0,0.0,0
516,196200000.0,1,0.0,13067752.53850575,24743200000,94.51598524863962,420.0,1,6.1222594624e+20,1900000.0,3610000000000.0,1900000.0,3.0611333412e+20,8687400.724829858,8.68749339133501e-09,0,0,1,0.0,0.0,0
517,196200000.0,1,0.0,13091544.987432608,24792000000,94.51607154097942,420.0,1,6.14643264e+20,1900000.0,3610000000000.0,1900000.0,3.07321993e+20,8738031.799486032,8.694769348949194e-09,0,0,1,0.0,0.0,0
518,196200000.0,1,0.0,13115337.128568068,24840800000,94.51615861673528,420.0,1,6.1706534464e+20,1900000.0,3610000000000.0,1900000.0,3.0853303332e+20,8738009.643978233,8.403731044381857e-09,0,0,1,0.0,0.0,0
519,196200000.0,1,0.0,13139129.269630065,24889600000,94.51624648662388,420.0,1,6.1949218816e+20,1900000.0,3610000000000.0,1900000.0,3.0974645508e+20,8738009.643978233,8.403731044381857e-09,0,0,1,0.0,0.0,0
520,196200000.0,1,0.0,13162921.41062104,24938400000,94.51633516155849,420.0,1,6.2192379456e+20,1900000.0,3610000000000.0,1900000.0,3.1096225828e+20,8738009.643978233,8.403731044381857e-09,0,0,1,0.0,0.0,0
521,196200000.0,1,0.0,13186713.551543353,24987200000,94.51642465265313,420.0,1,6.2436016384e+20,1900000.0,3610000000000.0,1900000.0,3.1218044292e+20,8738009.643978233,8.403731044381857e-09,0,0,1,0.0,0.0,0
522,196200000.0,1,0.0,13210505.6923993,25036000000,94.51651497122744,420.0,1,6.26801296e+20,1900000.0,3610000000000.0,1900000.0,3.13401009e+20,8738009.643978233,8.403731044381857e-09,0,0,1,0.0,0.0,0
523,196200000.0,1,0.0,13234297.833191097,25084800000,94.51660612881123,420.0,1,6.2924719104e+20,1900000.0,3610000000000.0,1900000.0,3.1462395652e+20,8738009.643978233,8.403731044381857e-09,0,0,1,0.0,0.0,0
524,196200000.0,1,0.0,13258089.973920876,25133600000,94.51669813714982,420.0,1,6.3169784896e+20,1900000.0,3610000000000.0,1900000.0,3.1584928548e+20,8738009.643978233,8.403731044381857e-09,0,0,1,0.0,0.0,0
525,196200000.0,1,0.0,13281882.11459071,25182400000,94.51679100820846,420.0,1,6.3415326976e+20,1900000.0,3610000000000.0,1900000.0,3.1707699588e+20,8738009.643978233,8.403731044381857e-09,0,0,1,0.0,0.0,0
526,196200000.0,1,0.0,13303433.097393276,25231200000,94.51692112277401,420.0,1,6.3661345344e+20,1900000.0,3610000000000.0,1900000.0,3.1830708772e+20,8602587.034762945,9.655195754021406e-09,0,0,1,0.0,0.0,0
527,196200000.0,1,0.0,13324984.080139834,25280000000,94.51705294983664,420.0,1,6.390784e+20,1900000.0,3610000000000.0,1900000.0,3.19539561e+20,8602587.034762945,9.655195754021406e-09,0,0,1,0.0,0.0,0
528,196200000.0,1,0.0,13346535.06283224,25328800000,94.51718652342844,420.0,1,6.4154810944e+20,1900000.0,3610000000000.0,1900000.0,3.2077441572e+20,8602587.034762945,9.655195754021406e-09,0,0,1,0.0,0.0,0
529,196200000.0,1,0.0,13368086.0454723,25377600000,94.51732187848914,420.0,1,6.4402258176e+20,1900000.0,3610000000000.0,1900000.0,3.2201165188e+20,8602587.034762945,9.655195754021406e-09,0,0,1,0.0,0.0,0
530,196200000.0,1,0.0,13389637.02806175,25426400000,94.5174590508969,420.0,1,6.4650181696e+20,1900000.0,3610000000000.0,1900000.0,3.2325126948e+20,8602587.034762945,9.655195754021406e-09,0,0,1,0.0,0.0,0
531,196200000.0,1,0.0,13411656.399112882,25475200000,94.51754757896414,420.0,1,6.4898581504e+20,1900000.0,3610000000000.0,1900000.0,3.2449326852e+20,8602587.034762945,9.655195754021406e-09,0,0,1,0.0,0.0,0
532,196200000.0,1,0.0,13434502.444274044,25524000000,94.51754757885026,420.0,1,6.51474576e+20,1900000.0,3610000000000.0,1900000.0,3.25737649e+20,8602587.034762945,9.655195754021406e-09,0,0,1,0.0,0.0,0
533,196200000.0,1,0.0,13456527.686410446,25572800000,94.51754757874015,420.0,1,6.5396809984e+20,1900000.0,3610000000000.0,1900000.0,3.2698441092e+20,8543489.220507264,1.0477378964424133e-08,0,0,1,0.0,0.0,0
534,196200000.0,1,0.0,13478653.63713247,25621600000,94.51754757863372,420.0,1,6.5646638656e+20,1900000.0,3610000000000.0,1900000.0,3.2823355428e+20,8550740.242081689,1.6487319953739643e-08,0,0,1,0.0,0.0,0
535,196200000.0,1,0.0,13500423.031770522,25670400000,94.51754757853084,420.0,1,6.5896943616e+20,1900000.0,3610000000000.0,1900000.0,3.2948507908e+20,8525068.207331296,1.7171259969472885e-08,0,0,1,0.0,0.0,0
536,196200000.0,1,0.0,13522192.218200691,25719200000,94.51754757843138,420.0,1,6.6147724864e+20,1900000.0,3610000000000.0,1900000.0,3.3073898532e+20,8525053.219548957,9.677023626863956e-09,0,0,1,0.0,0.0,0
537,196200000.0,1,0.0,13543961.404588081,25768000000,94.51754757833525,420.0,1,6.63989824e+20,1900000.0,3610000000000.0,1900000.0,3.31995273e+20,8525053.219548957,9.677023626863956e-09,0,0,1,0.0,0.0,0
538,196200000.0,1,0.0,13565730.590934126,25816800000,94.51754757824231,420.0,1,6.6650716224e+20,1900000.0,3610000000000.0,1900000.0,3.3325394212e+20,8525053.219548957,9.677023626863956e-09,0,0,1,0.0,0.0,0
539,196200000.0,1,0.0,13587499.7772402,25865600000,94.51754757815247,420.0,1,6.6902926336e+20,1900000.0,3610000000000.0,1900000.0,3.3451499268e+20,8525053.219548957,1.3198587112128735e-08,0,0,1,0.0,0.0,0
540,196200000.0,1,0.0,13609268.963875229,25914400000,94.51754757806565,420.0,1,6.7155612736e+20,1900000.0,3610000000000.0,1900000.0,3.3577842468e+20,8525053.23719311,1.3416865840554237e-08,0,0,1,0.0,0.0,0
541,196200000.0,1,0.0,13632101.494327882,25963200000,94.51754757798169,420.0,1,6.7408775424e+20,1900000.0,3610000000000.0,1900000.0,3.3704423812e+20,8601613.994751189,1.4253600966185331e-08,0,0,1,0.0,0.0,0
542,196200000.0,1,0.0,13654923.299908066,26012000000,94.51754757790056,420.0,1,6.76624144e+20,1900000.0,3610000000000.0,1900000.0,3.38312433e+20,8600841.806533266,1.3453245628625154e-08,0,0,1,0.0,0.0,0
543,196200000.0,1,0.0,13677745.105453359,26060800000,94.51754757782207,420.0,1,6.7916529664e+20,1900000.0,3610000000000.0,1900000.0,3.3958300932e+20,8600841.806533266,1.3453245628625154e-08,0,0,1,0.0,0.0,0
544,196200000.0,1,0.0,13700566.910964912,26109600000,94.51754757774627,420.0,1,6.8171121216e+20,1900000.0,3610000000000.0,1900000.0,3.4085596708e+20,8600841.806533266,1.3453245628625154e-08,0,0,1,0.0,0.0,0
545,196200000.0,1,0.0,13723388.716254335,26158400000,94.51754757767297,420.0,1,6.8426189056e+20,1900000.0,3610000000000.0,1900000.0,3.4213130628e+20,8600841.79288806,1.2507371138781309e-08,0,0,1,0.0,0.0,0
546,196200000.0,1,0.0,13747216.138305869,26207200000,94.51754757760212,420.0,1,6.8681733184e+20,1900000.0,3610000000000.0,1900000.0,3.4340902692e+20,8673246.202030074,1.2951204553246498e-08,0,0,1,0.0,0.0,0
547,196200000.0,1,0.0,13771043.560326936,26256000000,94.5175475775336,420.0,1,6.89377536e+20,1900000.0,3610000000000.0,1900000.0,3.44689129e+20,8673246.202030074,1.2951204553246498e-08,0,0,1,0.0,0.0,0
548,196200000.0,1,0.0,13794870.982318543,26304800000,94.5175475774674,420.0,1,6.9194250304e+20,1900000.0,3610000000000.0,1900000.0,3.4597161252e+20,8673246.202030074,1.2951204553246498e-08,0,0,1,0.0,0.0,0
549,196200000.0,1,0.0,13818361.734399209,26353600000,94.5175475774034,420.0,1,6.9451223296e+20,1900000.0,3610000000000.0,1900000.0,3.4725647748e+20,8657086.04767181,1.0011717677116394e-08,0,0,1,0.0,0.0,0
550,196200000.0,1,0.0,13841852.486452343,26402400000,94.5175475773415,420.0,1,6.9708672576e+20,1900000.0,3610000000000.0,1900000.0,3.4854372388e+20,8657086.04767181,1.0011717677116394e-08,0,0,1,0.0,0.0,0
551,196200000.0,1,0.0,13865343.238478877,26451200000,94.5175475772817,420.0,1,6.9966598144e+20,1900000.0,3610000000000.0,1900000.0,3.4983335172e+20,8657086.04767181,1.0011717677116394e-08,0,0,1,0.0,0.0,0
552,196200000.0,1,0.0,13887421.948702712,26500000000,94.5175475772239,420.0,1,7.0225e+20,1900000.0,3610000000000.0,1900000.0,3.51125361e+20,8589308.042377202,1.4326360542327166e-08,0,0,1,0.0,0.0,0
553,196200000.0,1,0.0,13909697.394514214,26548800000,94.517547577168,420.0,1,7.0483878144e+20,1900000.0,3610000000000.0,1900000.0,3.5241975172e+20,8603473.006479416,1.3467797543853521e-08,0,0,1,0.0,0.0,0
554,196200000.0,1,0.0,13931972.840301672,26597600000,94.51754757711397,420.0,1,7.0743232576e+20,1900000.0,3610000000000.0,1900000.0,3.5371652388e+20,8603473.006479416,1.3467797543853521e-08,0,0,1,0.0,0.0,0
555,196200000.0,1,0.0,13954248.286065904,26646400000,94.51754757706176,420.0,1,7.1003063296e+20,1900000.0,3610000000000.0,1900000.0,3.5501567748e+20,8603473.006479416,1.3467797543853521e-08,0,0,1,0.0,0.0,0
556,196200000.0,1,0.0,13976511.408937829,26695200000,94.51754757701129,420.0,1,7.1263370304e+20,1900000.0,3610000000000.0,1900000.0,3.5631721252e+20,8602585.75985043,1.3351382222026587e-08,0,0,1,0.0,0.0,0
557,196200000.0,1,0.0,13998774.531788038,26744000000,94.51754757696244,420.0,1,7.15241536e+20,1900000.0,3610000000000.0,1900000.0,3.57621129e+20,8602585.75985043,1.3351382222026587e-08,0,0,1,0.0,0.0,0
558,196200000.0,1,0.0,14021037.654617257,26792800000,94.51754757691529,420.0,1,7.1785413184e+20,1900000.0,3610000000000.0,1900000.0,3.5892742692e+20,8602585.75985043,1.3351382222026587e-08,0,0,1,0.0,0.0,0
559,196200000.0,1,0.0,14043300.777426193,26841600000,94.5175475768697,420.0,1,7.2047149056e+20,1900000.0,3610000000000.0,1900000.0,3.6023610628e+20,8602585.75985043,1.3351382222026587e-08,0,0,1,0.0,0.0,0
560,196200000.0,1,0.0,14064677.100699553,26890400000,94.51754757682559,420.0,1,7.2309361216e+20,1900000.0,3610000000000.0,1900000.0,3.6154716708e+20,8560019.383084347,9.466020856052637e-09,0,0,1,0.0,0.0,0
561,196200000.0,1,0.0,14086369.13022072,26939200000,94.51754757678297,420.0,1,7.2572049664e+20,1900000.0,3610000000000.0,1900000.0,3.6286060932e+20,8582750.234291304,8.34552338346839e-09,0,0,1,0.0,0.0,0
562,196200000.0,1,0.0,14108061.159723558,26988000000,94.51754757674179,420.0,1,7.28352144e+20,1900000.0,3610000000000.0,1900000.0,3.64176433e+20,8582750.234291304,8.34552338346839e-09,0,0,1,0.0,0.0,0
563,196200000.0,1,0.0,14129753.189208683,27036800000,94.517547576702,420.0,1,7.3098855424e+20,1900000.0,3610000000000.0,1900000.0,3.6549463812e+20,8582750.234291304,8.34552338346839e-09,0,0,1,0.0,0.0,0
564,196200000.0,1,0.0,14151445.218676683,27085600000,94.51754757666347,420.0,1,7.3362972736e+20,1900000.0,3610000000000.0,1900000.0,3.6681522468e+20,8582750.234291304,8.34552338346839e-09,0,0,1,0.0,0.0,0
565,196200000.0,1,0.0,14173542.491649818,27134400000,94.51754757662628,420.0,1,7.3627566336e+20,1900000.0,3610000000000.0,1900000.0,3.6813819268e+20,8611927.767853018,4.823959898203611e-09,0,0,1,0.0,0.0,0
566,196200000.0,1,0.0,14195639.764606947,27183200000,94.51754757659032,420.0,1,7.3892636224e+20,1900000.0,3610000000000.0,1900000.0,3.6946354212e+20,8611927.767853018,4.823959898203611e-09,0,0,1,0.0,0.0,0
567,196200000.0,1,0.0,14217737.037548611,27232000000,94.51754757655553,420.0,1,7.41581824e+20,1900000.0,3610000000000.0,1900000.0,3.70791273e+20,8611927.767853018,4.823959898203611e-09,0,0,1,0.0,0.0,0
568,196200000.0,1,0.0,14239834.310475321,27280800000,94.51754757652195,420.0,1,7.4424204864e+20,1900000.0,3610000000000.0,1900000.0,3.7212138532e+20,8611927.767853018,4.823959898203611e-09,0,0,1,0.0,0.0,0
569,196200000.0,1,0.0,14262190.899845034,27329600000,94.51754757648946,420.0,1,7.4690703616e+20,1900000.0,3610000000000.0,1900000.0,3.7345387908e+20,8622490.922024164,7.87986209616065e-09,0,0,1,0.0,0.0,0
570,196200000.0,1,0.0,14284547.489200773,27378400000,94.51754757645803,420.0,1,7.4957678656e+20,1900000.0,3610000000000.0,1900000.0,3.7478875428e+20,8622490.922024164,7.87986209616065e-09,0,0,1,0.0,0.0,0
571,196200000.0,1,0.0,14306904.078542998,27427200000,94.51754757642767,420.0,1,7.5225129984e+20,1900000.0,3610000000000.0,1900000.0,3.7612601092e+20,8622490.922024164,7.87986209616065e-09,0,0,1,0.0,0.0,0
572,196200000.0,1,0.0,14329260.66787217,27476000000,94.51754757639834,420.0,1,7.54930576e+20,1900000.0,3610000000000.0,1900000.0,3.77465649e+20,8622490.922024164,7.87986209616065e-09,0,0,1,0.0,0.0,0
573,196200000.0,1,0.0,14351166.058521844,27524800000,94.51754757636998,420.0,1,7.5761461504e+20,1900000.0,3610000000000.0,1900000.0,3.7880766852e+20,8590004.618009038,1.0550138540565968e-09,0,0,1,0.0,0.0,0
574,196200000.0,1,0.0,14373071.449159319,27573600000,94.51754757634254,420.0,1,7.6030341696e+20,1900000.0,3610000000000.0,1900000.0,3.8015206948e+20,8590004.618009038,1.0550138540565968e-09,0,0,1,0.0,0.0,0
575,196200000.0,1,0.0,14394976.839784998,27622400000,94.51754757631602,420.0,1,7.6299698176e+20,1900000.0,3610000000000.0,1900000.0,3.8149885188e+20,8590004.618009038,1.0550138540565968e-09,0,0,1,0.0,0.0,0
576,196200000.0,1,0.0,14416882.230399275,27671200000,94.51754757629041,420.0,1,7.6569530944e+20,1900000.0,3610000000000.0,1900000.0,3.8284801572e+20,8590004.618009038,1.0550138540565968e-09,0,0,1,0.0,0.0,0
577,196200000.0,1,0.0,14438787.621002536,27720000000,94.51754757626563,420.0,1,7.683984e+20,1900000.0,3610000000000.0,1900000.0,3.84199561e+20,8590004.618009038,1.0550138540565968e-09,0,0,1,0.0,0.0,0
578,196200000.0,1,0.0,14461156.721783318,27768800000,94.51754757624168,420.0,1,7.7110625344e+20,1900000.0,3610000000000.0,1900000.0,3.8555348772e+20,8623391.751558004,2.582964953035116e-09,0,0,1,0.0,0.0,0
579,196200000.0,1,0.0,14483525.823563231,27817600000,94.51754757621852,420.0,1,7.7381886976e+20,1900000.0,3610000000000.0,1900000.0,3.8690979588e+20,8623391.824236987,3.688910510390997e-09,0,0,1,0.0,0.0,0
580,196200000.0,1,0.0,14505964.049940987,27866400000,94.51754757619616,420.0,1,7.7653624896e+20,1900000.0,3610000000000.0,1900000.0,3.8826848548e+20,8628368.79599874,4.794856067746878e-09,0,0,1,0.0,0.0,0
581,196200000.0,1,0.0,14527486.829110034,27915200000,94.51754757617451,420.0,1,7.7925839104e+20,1900000.0,3610000000000.0,1900000.0,3.8962955652e+20,8562456.597664176,1.6952981241047382e-09,0,0,1,0.0,0.0,0
582,196200000.0,1,0.0,14548498.52777514,27964000000,94.51754757615363,420.0,1,7.81985296e+20,1900000.0,3610000000000.0,1900000.0,3.90993009e+20,8537924.733921569,2.408341970294714e-09,0,0,1,0.0,0.0,0
583,196200000.0,1,0.0,14569510.226431256,28012800000,94.5175475761334,420.0,1,7.8471696384e+20,1900000.0,3610000000000.0,1900000.0,3.9235884292e+20,8537924.733921569,2.408341970294714e-09,0,0,1,0.0,0.0,0
584,196200000.0,1,0.0,14590371.722281614,28061600000,94.51754757611387,420.0,1,7.8745339456e+20,1900000.0,3610000000000.0,1900000.0,3.9372705828e+20,8530689.188096661,1.622538547962904e-09,0,0,1,0.0,0.0,0
585,196200000.0,1,0.0,14612053.778031467,28110400000,94.51754757609498,420.0,1,7.9019458816e+20,1900000.0,3610000000000.0,1900000.0,3.9509765508e+20,8589769.501465263,8.956703823059797e-09,0,0,1,0.0,0.0,0
586,196200000.0,1,0.0,14633735.833773196,28159200000,94.51754757607671,420.0,1,7.9294054464e+20,1900000.0,3610000000000.0,1900000.0,3.9647063332e+20,8589769.501465263,8.956703823059797e-09,0,0,1,0.0,0.0,0
587,196200000.0,1,0.0,14655417.889507078,28208000000,94.51754757605907,420.0,1,7.95691264e+20,1900000.0,3610000000000.0,1900000.0,3.97845993e+20,8589769.501465263,8.956703823059797e-09,0,0,1,0.0,0.0,0
588,196200000.0,1,0.0,14677099.945233364,28256800000,94.517547576042,420.0,1,7.9844674624e+20,1900000.0,3610000000000.0,1900000.0,3.9922373412e+20,8589769.501465263,8.956703823059797e-09,0,0,1,0.0,0.0,0
589,196200000.0,1,0.0,14697609.153363226,28305600000,94.51754757602552,420.0,1,8.0120699136e+20,1900000.0,3610000000000.0,1900000.0,4.0060385668e+20,8529651.206477756,8.796632755547762e-09,0,0,1,0.0,0.0,0
590,196200000.0,1,0.0,14718118.361486,28354400000,94.51754757600956,420.0,1,8.0397199936e+20,1900000.0,3610000000000.0,1900000.0,4.0198636068e+20,8529651.206477756,8.796632755547762e-09,0,0,1,0.0,0.0,0
591,196200000.0,1,0.0,14738627.569601914,28403200000,94.51754757599416,420.0,1,8.0674177024e+20,1900000.0,3610000000000.0,1900000.0,4.0337124612e+20,8529651.206477756,8.796632755547762e-09,0,0,1,0.0,0.0,0
592,196200000.0,1,0.0,14759136.777711205,28452000000,94.51754757597928,420.0,1,8.09516304e+20,1900000.0,3610000000000.0,1900000.0,4.04758513e+20,8529651.206477756,8.796632755547762e-09,0,0,1,0.0,0.0,0
593,196200000.0,1,0.0,14779645.985814085,28500800000,94.51754757596485,420.0,1,8.1229560064e+20,1900000.0,3610000000000.0,1900000.0,4.0614816132e+20,8529651.206477756,8.796632755547762e-09,0,0,1,0.0,0.0,0
594,196200000.0,1,0.0,14800155.19391077,28549600000,94.51754757595093,420.0,1,8.1507966016e+20,1900000.0,3610000000000.0,1900000.0,4.0754019108e+20,8529651.206477756,8.796632755547762e-09,0,0,1,0.0,0.0,0
595,196200000.0,1,0.0,14820664.40200147,28598400000,94.51754757593747,420.0,1,8.1786848256e+20,1900000.0,3610000000000.0,1900000.0,4.0893460228e+20,8529651.206477756,8.796632755547762e-09,0,0,1,0.0,0.0,0
596,196200000.0,1,0.0,14840379.756398322,28647200000,94.51754757592448,420.0,1,8.2066206784e+20,1900000.0,3610000000000.0,1900000.0,4.1033139492e+20,8472493.740937393,8.520146366208792e-09,0,0,1,0.0,0.0,0
597,196200000.0,1,0.0,14860095.10883648,28696000000,94.5175475759119,420.0,1,8.23460416e+20,1900000.0,3610000000000.0,1900000.0,4.11730569e+20,8472493.647188377,8.265487849712372e-09,0,0,1,0.0,0.0,0
598,196200000.0,1,0.0,14879810.461269222,28744800000,94.51754757589974,420.0,1,8.2626352704e+20,1900000.0,3610000000000.0,1900000.0,4.1313212452e+20,8472493.647188377,8.265487849712372e-09,0,0,1,0.0,0.0,0
599,196200000.0,1,0.0,14899525.697159154,28793600000,94.51754757588799,420.0,1,8.2907140096e+20,1900000.0,3610000000000.0,1900000.0,4.1453606148e+20,8472485.256482426,7.246853783726692e-09,0,0,1,0.0,0.0,0
