t,secure_bps,violations,k_min,k_mean,q_total,aos_mean,aos_max,rekey,q_sumsq,z_l1,z_sumsq,z_max,lyapunov,key_inflow,key_overflow,cg_iters,cg_columns,cg_converged,obj_lp,obj_greedy,key_blocked_edges
0,245000000.0,0,2109375.0,2425672.7430555555,0,0.8678816811621574,0.9476988686844755,0,0.0,571875.0,109013671875.0,190625.0,10901367187500.0,7200000.0,0.0,0,0,1,0.0,0.0,0
1,245000000.0,0,1718750.0,2351345.486111111,0,1.9553749264829172,2.1629597325192615,0,0.0,1143750.0,436054687500.0,381250.0,43605468750000.0,7200000.0,0.0,0,0,1,0.0,0.0,0
2,245000000.0,0,1328125.0,2277018.2291666665,0,3.0760090197024463,3.5047493651838613,0,0.0,1715625.0,981123046875.0,571875.0,98112304687500.0,7200000.0,0.0,0,0,1,0.0,0.0,0
3,245000000.0,0,1137500.0,2219357.638888889,0,4.184985372071511,4.756697408871322,0,0.0,2287500.0,1744218750000.0,762500.0,174421875000000.0,7200000.0,0.0,0,0,1,0.0,0.0,0
4,245000000.0,0,946875.0,2163738.8250154606,0,4.752235262721685,6.109982856389292,0,0.0,2859375.0,2725341796875.0,953125.0,272534179687500.0,7273503.950556569,2.0372681319713593e-10,0,0,1,0.0,0.0,0
5,245000000.0,0,756250.0,2119231.1222531428,0,5.771012413499752,7.641135688345988,0,0.0,3431250.0,3924492187500.0,1143750.0,392449218750000.0,7273503.950556569,2.0372681319713593e-10,0,0,1,0.0,0.0,0
6,245000000.0,0,565625.0,2091390.0861574917,0,6.837023000426752,9.529671299360247,0,0.0,4003125.0,5341669921875.0,1334375.0,534166992187500.0,7273503.950556569,2.0372681319713593e-10,0,0,1,0.0,0.0,0
7,245000000.0,0,375000.0,2063549.050061841,0,8.100089511977595,12.319148936170212,0,0.0,4575000.0,6976875000000.0,1525000.0,697687500000000.0,7273503.950556569,2.0372681319713593e-10,0,0,1,0.0,0.0,0
8,245000000.0,0,184375.0,2045841.328082958,0,10.13492762701352,18.78894133513149,0,0.0,5146875.0,8830107421875.0,1715625.0,883010742187500.0,7298952.18510326,0.0,0,0,1,0.0,0.0,0
9,243400000.0,1,0.0,2035894.6873913822,1600000,34.38863922406822,129.0,3,2560000000000.0,5700000.0,10830000000000.0,1900000.0,1084280000000000.0,7298952.18510326,0.0,0,0,1,0.0,0.0,0
10,196200000.0,1,0.0,2057910.5273535347,50400000,33.77917559681656,130.0,3,2540160000000000.0,5697749.229041984,10821452136329.447,1900000.0,2352225213632945.0,7307955.26893532,0.0,0,0,1,0.0,0.0,0
11,196200000.0,1,0.0,2080245.2223239604,99200000,34.45848265761925,131.0,3,9840640000000000.0,5695498.45808397,10812914404598.707,1900000.0,6001611440459871.0,7307955.26893532,0.0,0,0,1,0.0,0.0,0
12,196200000.0,1,0.0,2102579.9172943854,148000000,35.140986481081164,132.0,3,2.1904e+16,5693247.687125955,10804386804807.775,1900000.0,1.2032438680480778e+16,7307955.26893532,0.0,0,0,1,0.0,0.0,0
13,196200000.0,1,0.0,2125444.139799999,196800000,33.968735439221994,133.0,3,3.873024e+16,5690996.916167939,10795869336956.656,1900000.0,2.0444706933695664e+16,7327018.260202077,0.0,0,0,1,0.0,0.0,0
14,196200000.0,1,0.0,2148308.3623056123,245600000,34.51318741886352,134.0,3,6.031936e+16,5688746.145209923,10787362001045.348,1900000.0,3.1238416200104536e+16,7327018.260202077,0.0,0,0,1,0.0,0.0,0
15,196200000.0,1,0.0,2171172.5848112255,294400000,35.05974715831745,135.0,3,8.667136e+16,5686495.374251909,10778864797073.848,1900000.0,4.4413566479707384e+16,7327018.260202077,0.0,0,0,1,0.0,0.0,0
16,196200000.0,1,0.0,2194036.8073168388,343200000,35.56276682793798,136.0,3,1.1778624e+17,5684244.603293894,10770377725042.162,1900000.0,5.9970157772504216e+16,7327018.260202077,0.0,0,0,1,0.0,0.0,0
17,196200000.0,1,0.0,2216901.029822452,392000000,35.10313255864674,137.0,3,1.53664e+17,5681993.832335878,10761900784950.285,1900000.0,7.790819007849502e+16,7327018.260202077,0.0,0,0,1,0.0,0.0,0
18,196200000.0,1,0.0,2239765.2523280657,440800000,34.858770317084904,138.0,3,1.9430464e+17,5679743.0613778625,10753433976798.22,1900000.0,9.822766339767982e+16,7327018.260202077,0.0,0,0,1,0.0,0.0,0
19,196200000.0,1,0.0,2262629.474833679,489600000,34.768108579373994,139.0,3,2.3970816e+17,5677492.290419848,10744977300585.965,1900000.0,1.209285777300586e+17,7327018.260202077,0.0,0,0,1,0.0,0.0,0
20,196200000.0,1,0.0,2285493.6973392917,538400000,34.791064229354575,140.0,3,2.8987456e+17,5675241.519461833,10736530756313.523,1900000.0,1.4601093307563136e+17,7327018.260202077,0.0,0,0,1,0.0,0.0,0
21,196200000.0,1,0.0,2308357.9198449054,587200000,34.90041370100962,141.0,3,3.4480384e+17,5672990.748503817,10728094343980.89,1900000.0,1.7347472943439808e+17,7327018.260202077,0.0,0,0,1,0.0,0.0,0
22,196200000.0,1,0.0,2331222.1423505186,636000000,35.077014128867624,142.0,3,4.04496e+17,5670739.977545802,10719668063588.068,1900000.0,2.0331996680635882e+17,7327018.260202077,0.0,0,0,1,0.0,0.0,0
23,196200000.0,1,0.0,2354086.364856132,684800000,35.30700891411215,143.0,3,4.6895104e+17,5668489.206587787,10711251915135.057,1900000.0,2.355466451915135e+17,7327018.260202077,0.0,0,0,1,0.0,0.0,0
24,196200000.0,1,0.0,2376950.587361745,733600000,35.580118425121405,144.0,3,5.3816896e+17,5666238.435629772,10702845898621.857,1900000.0,2.7015476458986218e+17,7327018.260202077,0.0,0,0,1,0.0,0.0,0
25,196200000.0,1,0.0,2399834.111084925,782400000,35.88835370956234,145.0,3,6.1214976e+17,5663985.80682221,10694443088034.643,1900000.0,3.0714432430880346e+17,7327713.104034475,2.764863893389702e-10,0,0,1,0.0,0.0,0
26,196200000.0,1,0.0,2422717.634808105,831200000,36.2259484247777,146.0,3,6.9089344e+17,5661733.178014647,10686050426120.518,1900000.0,3.4651532504261203e+17,7327713.104034475,2.764863893389702e-10,0,0,1,0.0,0.0,0
27,196200000.0,1,0.0,2445601.1587990914,880000000,32.731036193231276,147.0,3,7.744e+17,5659480.549207085,10677667912879.482,1900000.0,3.8826776679128794e+17,7327713.113675523,2.764863893389702e-10,0,0,1,0.0,0.0,0
28,196200000.0,1,0.0,2468694.8156696325,928800000,32.97121565468465,148.0,3,8.6266944e+17,5657227.920399522,10669295548311.537,1900000.0,4.3240164955483117e+17,7335277.897339484,2.764863893389702e-10,0,0,1,0.0,0.0,0
29,196200000.0,1,0.0,2491183.7987003783,977600000,33.2294943468964,149.0,3,9.5570176e+17,5654975.291591961,10660933332416.68,1900000.0,4.7891697333324166e+17,7335277.897339484,2.764863893389702e-10,0,0,1,0.0,0.0,0
30,196200000.0,1,0.0,2512890.653553578,1026400000,33.50344286099944,150.0,3,1.05349696e+18,5652722.6627843985,10652581265194.912,1900000.0,5.278137381265195e+17,7335277.897339484,2.764863893389702e-10,0,0,1,0.0,0.0,0
31,196200000.0,1,0.0,2533229.278597974,1075200000,33.7912102209333,151.0,3,1.15605504e+18,5650470.033976836,10644239346646.234,1900000.0,5.790919439346646e+17,7335277.897339484,2.764863893389702e-10,0,0,1,0.0,0.0,0
32,196200000.0,1,0.0,2553373.364072485,1124000000,34.090641954882415,152.0,2,1.263376e+18,5648217.405169275,10635907576770.645,1900000.0,6.32751590757677e+17,7335277.897339484,7.421476766467094e-10,0,0,1,0.0,0.0,0
33,196200000.0,1,0.0,2573329.841580724,1172800000,34.400073291880915,153.0,2,1.37545984e+18,5645959.412946293,10627566154245.023,1900000.0,6.887926766154245e+17,7335299.35100116,2.7966962079517543e-10,0,0,1,0.0,0.0,0
34,196200000.0,1,0.0,2593104.5326686595,1221600000,34.71860476235015,154.0,2,1.49230656e+18,5643701.420723312,10619234928777.158,1900000.0,7.472152034928777e+17,7335299.35100116,2.7966962079517543e-10,0,0,1,0.0,0.0,0
35,196200000.0,1,0.0,2612703.496883633,1270400000,35.04521725350464,155.0,2,1.61391616e+18,5641443.42850033,10610913900367.05,1900000.0,8.080191713900367e+17,7335299.35100116,2.7966962079517543e-10,0,0,1,0.0,0.0,0
36,196200000.0,1,0.0,2632132.591788078,1319200000,35.37903931621118,156.0,2,1.74028864e+18,5639185.436277349,10602603069014.703,1900000.0,8.712045803069015e+17,7335299.35100116,2.7966962079517543e-10,0,0,1,0.0,0.0,0
37,196200000.0,1,0.0,2651681.0491715386,1368000000,35.71926147609391,157.0,2,1.871424e+18,5636927.444054368,10594302434720.113,1900000.0,9.36771430243472e+17,7345507.852252106,3.183231456205249e-12,0,0,1,0.0,0.0,0
38,196200000.0,1,0.0,2671070.773121493,1416800000,36.06529922451794,158.0,2,2.00732224e+18,5634669.451831386,10586011997483.28,1900000.0,1.0047197211997484e+18,7345507.852252106,4.688445187639445e-10,0,0,1,0.0,0.0,0
39,196200000.0,1,0.0,2690307.054752393,1465600000,36.41658828872166,159.0,2,2.14798336e+18,5632411.459608405,10577731757304.205,1900000.0,1.0750494531757304e+18,7345507.852252106,2.9467628337442875e-10,0,0,1,0.0,0.0,0
40,196200000.0,1,0.0,2709395.0088082063,1514400000,36.77263561407176,160.0,2,2.29340736e+18,5630153.467385424,10569461714182.89,1900000.0,1.1477606261714182e+18,7345507.852252106,2.9467628337442875e-10,0,0,1,0.0,0.0,0
41,196200000.0,1,0.0,2728339.5795414355,1563200000,37.133008431658844,161.0,2,2.44359424e+18,5627895.475162443,10561201868119.332,1900000.0,1.222853240186812e+18,7345507.852252106,2.9467628337442875e-10,0,0,1,0.0,0.0,0
42,196200000.0,1,0.0,2746594.3002867615,1612000000,34.497262244609104,162.0,2,2.598544e+18,5625637.482939461,10552952219113.531,1900000.0,1.3003272952219113e+18,7368820.086960694,3.0468072509393096e-10,0,0,1,0.0,0.0,0
43,196200000.0,1,0.0,2764430.238023023,1660800000,34.793736720728624,163.0,2,2.75825664e+18,5623379.49071648,10544712767165.49,1900000.0,1.3801827912767165e+18,7368820.086960694,3.0468072509393096e-10,0,0,1,0.0,0.0,0
44,196200000.0,1,0.0,2782084.7767700534,1709600000,35.093516297606236,164.0,2,2.92273216e+18,5621121.498493498,10536483512275.207,1900000.0,1.4624197283512276e+18,7368820.086960694,3.0468072509393096e-10,0,0,1,0.0,0.0,0
45,196200000.0,1,0.0,2799563.9631608264,1758400000,35.396333859708456,165.0,2,3.09197056e+18,5618863.506270518,10528264454442.68,1900000.0,1.5470381064454444e+18,7368820.086960694,3.0468072509393096e-10,0,0,1,0.0,0.0,0
46,196200000.0,1,0.0,2816873.6422738847,1807200000,35.701950544562735,166.0,2,3.26597184e+18,5616605.514047536,10520055593667.912,1900000.0,1.634037925559367e+18,7368820.086960694,3.0468072509393096e-10,0,0,1,0.0,0.0,0
47,196200000.0,1,0.0,2834019.464351819,1856000000,36.01015208816049,167.0,2,3.444736e+18,5614347.521824555,10511856929950.902,1900000.0,1.723419185692995e+18,7368820.086960694,3.0468072509393096e-10,0,0,1,0.0,0.0,0
48,196200000.0,1,0.0,2851006.891295799,1904800000,36.32074572460845,168.0,2,3.62826304e+18,5612089.529601574,10503668463291.652,1900000.0,1.815181886846329e+18,7368820.086960694,3.0468072509393096e-10,0,0,1,0.0,0.0,0
49,196200000.0,1,0.0,2867841.2029436235,1953600000,36.63355754425201,169.0,2,3.81655296e+18,5609831.537378592,10495490193690.158,1900000.0,1.909326029019369e+18,7368820.086960694,3.0468072509393096e-10,0,0,1,0.0,0.0,0
50,196200000.0,1,0.0,2884527.5031384984,2002400000,36.948430232968185,170.0,2,4.00960576e+18,5607573.545155611,10487322121146.424,1900000.0,2.0058516122121147e+18,7368820.086960694,3.0468072509393096e-10,0,0,1,0.0,0.0,0
51,196200000.0,1,0.0,2901070.7255955217,2051200000,37.265221129884694,171.0,2,4.20742144e+18,5605315.552932629,10479164245660.445,1900000.0,2.104758636424566e+18,7368820.086960694,3.0468072509393096e-10,0,0,1,0.0,0.0,0
52,196200000.0,1,0.0,2917475.6395726213,2100000000,37.583800552323495,172.0,2,4.41e+18,5603057.560709648,10471016567232.227,1900000.0,2.2060471016567232e+18,7368820.086960694,3.0468072509393096e-10,0,0,1,0.0,0.0,0
53,196200000.0,1,0.0,2934577.4879932874,2148800000,34.11833606025998,173.0,2,4.61734144e+18,5593323.87471924,10434527335542.848,1900000.0,2.309714172733554e+18,7398722.862030403,9.049472282640636e-10,0,0,1,0.0,0.0,0
54,196200000.0,1,0.0,2951550.0948232696,2197600000,34.368719768543365,174.0,2,4.82944576e+18,5583590.188728832,10398160072905.834,1900000.0,2.4157626960072904e+18,7398722.862030403,9.049472282640636e-10,0,0,1,0.0,0.0,0
55,196200000.0,1,0.0,2968397.7681155903,2246400000,32.147087501373505,175.0,2,5.04631296e+18,5573856.502738423,10361914779321.188,1900000.0,2.524192671477932e+18,7398722.862030403,9.049472282640636e-10,0,0,1,0.0,0.0,0
56,196200000.0,1,0.0,2985124.672321506,2295200000,30.92515277421047,176.0,2,5.26794304e+18,5564122.816748014,10325791454788.906,1900000.0,2.6350040991454787e+18,7398722.862030403,9.049472282640636e-10,0,0,1,0.0,0.0,0
57,196200000.0,1,0.0,3001191.7833080534,2344000000,30.27927541251343,177.0,2,5.494336e+18,5554389.130757606,10289790099308.994,1900000.0,2.748196979009931e+18,7398722.862030403,9.049472282640636e-10,0,0,1,0.0,0.0,0
58,196200000.0,1,0.0,3016116.7140173116,2392800000,29.92836680055524,178.0,2,5.72549184e+18,5544655.444767198,10253910712881.45,1900000.0,2.8637713110712883e+18,7398722.862030403,9.049472282640636e-10,0,0,1,0.0,0.0,0
59,196200000.0,1,0.0,3030901.3538871584,2441600000,29.748733409372818,179.0,1,5.96141056e+18,5534921.758776789,10218153295506.27,1900000.0,2.981727095329551e+18,7398722.862030403,9.049472282640636e-10,0,0,1,0.0,0.0,0
60,196200000.0,1,0.0,3045550.379278906,2490400000,29.677558261537776,180.0,1,6.20209216e+18,5525188.07278638,10182517847183.457,1900000.0,3.1020643317847183e+18,7398722.862030403,1.1996235116384923e-09,0,0,1,0.0,0.0,0
61,196200000.0,1,0.0,3060068.3106751577,2539200000,29.679510597200082,181.0,1,6.44753664e+18,5515454.386795972,10147004367913.012,1900000.0,3.2247830204367913e+18,7398722.862030403,1.1996235116384923e-09,0,0,1,0.0,0.0,0
62,196200000.0,1,0.0,3074396.4964914415,2588000000,29.733194951279433,182.0,1,6.697744e+18,5505720.7008055635,10111612857694.932,1900000.0,3.3498831612857697e+18,7398722.862030403,1.1996235116384923e-09,0,0,1,0.0,0.0,0
63,196200000.0,1,0.0,3087154.9299445953,2636800000,29.825070629005946,183.0,1,6.95271424e+18,5495987.0148151545,10076343316529.219,1900000.0,3.477364754331653e+18,7398722.862030403,1.1996235116384923e-09,0,0,1,0.0,0.0,0
64,196200000.0,1,0.0,3100649.3195135007,2685600000,30.08844171525968,184.0,1,7.21244736e+18,5486253.3288247455,10041195744415.873,1900000.0,3.6072277995744415e+18,7440996.8758241115,1.7525962903164327e-09,0,0,1,0.0,0.0,0
65,196200000.0,1,0.0,3115410.3232281506,2734400000,30.088317670077267,185.0,1,7.47694336e+18,5476519.642834337,10006170141354.895,1900000.0,3.7394722970141353e+18,7508510.871049514,2.232809492852539e-09,0,0,1,0.0,0.0,0
66,196200000.0,1,0.0,3130036.06376873,2783200000,30.248799675370922,186.0,1,7.74620224e+18,5466785.956843929,9971266507346.283,1900000.0,3.8740982466507346e+18,7508510.871049514,2.0727384253405035e-09,0,0,1,0.0,0.0,0
67,196200000.0,1,0.0,3144531.0499077085,2832000000,30.423627670602084,187.0,1,8.020224e+18,5457052.27085352,9936484842390.04,1900000.0,4.011105648484239e+18,7508510.871049514,2.0727384253405035e-09,0,0,1,0.0,0.0,0
68,196200000.0,1,0.0,3158899.6401251387,2880800000,30.610235282305943,188.0,1,8.29900864e+18,5447318.584863111,9901825146486.16,1900000.0,4.1504945025146486e+18,7508510.871049514,2.112301444867626e-09,0,0,1,0.0,0.0,0
69,196200000.0,1,0.0,3174532.8018298172,2929600000,30.806492077958136,189.0,1,8.58255616e+18,5437584.898872703,9867287419634.648,1900000.0,4.2922648087419633e+18,7575075.073197244,1.3701537682209164e-09,0,0,1,0.0,0.0,0
70,196200000.0,1,0.0,3190071.432594894,2978400000,31.011017722687665,190.0,1,8.87086656e+18,5427851.212882295,9832871661835.504,1900000.0,4.4364165671661834e+18,7576206.866497465,1.0281837603542954e-09,0,0,1,0.0,0.0,0
71,196200000.0,1,0.0,3205495.8903921694,3027200000,31.222588139407026,191.0,1,9.16393984e+18,5418117.526891886,9798577873088.727,1900000.0,4.582949777787309e+18,7576206.866497465,1.0281837603542954e-09,0,0,1,0.0,0.0,0
72,196200000.0,1,0.0,3220809.980987237,3076000000,31.44021679439592,192.0,1,9.461776e+18,5408383.840901477,9764406053394.314,1900000.0,4.73186444060534e+18,7576206.866497465,1.0281837603542954e-09,0,0,1,0.0,0.0,0
73,196200000.0,1,0.0,3236017.3832868375,3124800000,31.663100211700105,193.0,1,9.76437504e+18,5398650.154911069,9730356202752.27,1900000.0,4.883160555620275e+18,7576206.866497465,1.0281837603542954e-09,0,0,1,0.0,0.0,0
74,196200000.0,1,0.0,3251121.653567486,3173600000,31.890576883549205,194.0,1,1.007173696e+19,5388916.468920661,9696428321162.594,1900000.0,5.036838122832117e+18,7576206.866497465,1.0281837603542954e-09,0,0,1,0.0,0.0,0
75,196200000.0,1,0.0,3266126.2295631478,3222400000,32.1220968153748,195.0,1,1.038386176e+19,5379182.782930252,9662622408625.281,1900000.0,5.192897142240862e+18,7576206.866497465,1.0281837603542954e-09,0,0,1,0.0,0.0,0
76,196200000.0,1,0.0,3282296.679433162,3271200000,32.35706104099366,196.0,1,1.070074944e+19,5369449.096939843,9628938465140.338,1900000.0,5.351337613846514e+18,7636794.627289751,2.323304215678945e-09,0,0,1,0.0,0.0,0
77,196200000.0,1,0.0,3299052.069607215,3320000000,32.59497400073821,197.0,1,1.10224e+19,5359715.410949435,9595376490707.762,1900000.0,5.512159537649071e+18,7658654.068669389,2.957222022814676e-09,0,0,1,0.0,0.0,0
78,196200000.0,1,0.0,3315717.4063028786,3368800000,32.835760438043586,198.0,1,1.134881344e+19,5349981.724959027,9561936485327.55,1900000.0,5.675362913648532e+18,7658654.068669389,2.491560735506937e-09,0,0,1,0.0,0.0,0
79,196200000.0,1,0.0,3332808.926066852,3417600000,33.0789880351304,199.0,1,1.167998976e+19,5340248.038968618,9528618448999.707,1900000.0,5.8409477418449e+18,7677130.52017662,2.8117028705310076e-09,0,0,1,0.0,0.0,0
80,196200000.0,1,0.0,3349816.295858243,3466400000,33.324561697822574,200.0,1,1.201592896e+19,5330514.352978209,9495422381724.23,1900000.0,6.008914022238172e+18,7677130.52017662,3.2555362849961966e-09,0,0,1,0.0,0.0,0
81,196200000.0,1,0.0,3366742.320676135,3515200000,33.57226653749048,201.0,1,1.235663104e+19,5320780.666987801,9462348283501.121,1900000.0,6.17926175482835e+18,7677130.52017662,3.2555362849961966e-09,0,0,1,0.0,0.0,0
82,196200000.0,1,0.0,3383589.7120196447,3564000000,33.821914801666054,202.0,1,1.2702096e+19,5311046.980997393,9429396154330.377,1900000.0,6.351990939615433e+18,7677130.52017662,3.2555362849961966e-09,0,0,1,0.0,0.0,0
83,196200000.0,1,0.0,3400361.0910045854,3612800000,34.073341605199616,203.0,1,1.305232384e+19,5301313.295006984,9396565994212.0,1900000.0,6.527101576599421e+18,7677130.52017662,3.2555362849961966e-09,0,0,1,0.0,0.0,0
84,196200000.0,1,0.0,3417058.9913762417,3661600000,34.326401451684475,204.0,1,1.340731456e+19,5291579.609016575,9363857803145.99,1900000.0,6.704593665780314e+18,7677130.52017662,3.2555362849961966e-09,0,0,1,0.0,0.0,0
85,196200000.0,1,0.0,3433685.8624217245,3710400000,34.580965378795504,205.0,1,1.376706816e+19,5281845.923026167,9331271581132.348,1900000.0,6.884467207158113e+18,7677130.52017662,3.2555362849961966e-09,0,0,1,0.0,0.0,0
86,196200000.0,1,0.0,3450244.0717852386,3759200000,34.83691860011597,206.0,1,1.413158464e+19,5272112.237035759,9298807328171.072,1900000.0,7.066722200732817e+18,7677130.52017662,3.2555362849961966e-09,0,0,1,0.0,0.0,0
87,196200000.0,1,0.0,3466735.908487605,3808000000,35.09415852867411,207.0,1,1.4500864e+19,5262378.547468297,9266465031928.287,1900000.0,7.251358646503193e+18,7677130.53448483,3.651621227618307e-09,0,0,1,0.0,0.0,0
88,196200000.0,1,0.0,3483163.5846627085,3856800000,35.35259318787953,208.0,1,1.487490624e+19,5252644.8579008365,9234244704770.176,1900000.0,7.438376544470477e+18,7677130.53448483,3.677087079267949e-09,0,0,1,0.0,0.0,0
89,196200000.0,1,0.0,3499529.2389947935,3905600000,35.61213978316404,209.0,1,1.525371136e+19,5242911.168333376,9202146346696.74,1900000.0,7.62777589463467e+18,7677130.53448483,3.677087079267949e-09,0,0,1,0.0,0.0,0
90,196200000.0,1,0.0,3515834.938878624,3954400000,35.8727235549092,210.0,1,1.563727936e+19,5233177.478765914,9170169957707.98,1900000.0,7.81955669699577e+18,7677130.53448483,3.677087079267949e-09,0,0,1,0.0,0.0,0
91,196200000.0,1,0.0,3532082.6827958133,4003200000,36.13427678975497,211.0,1,1.602561024e+19,5223443.789198454,9138315537803.893,1900000.0,8.013718951553781e+18,7677130.53448483,3.677087079267949e-09,0,0,1,0.0,0.0,0
92,196200000.0,1,0.0,3548274.4026119127,4052000000,36.39673797708878,212.0,1,1.6418704e+19,5213710.099630993,9106583086984.48,1900000.0,8.210262658308698e+18,7677130.53448483,3.677087079267949e-09,0,0,1,0.0,0.0,0
93,196200000.0,1,0.0,3564411.965796959,4100800000,36.66005108622014,213.0,1,1.681656064e+19,5203976.410063532,9074972605249.744,1900000.0,8.409187817260525e+18,7677130.53448483,3.677087079267949e-09,0,0,1,0.0,0.0,0
94,196200000.0,1,0.0,3580497.177571988,4149600000,36.92416494437695,214.0,1,1.721918016e+19,5194242.7204960715,9043484092599.682,1900000.0,8.61049442840926e+18,7677130.53448483,3.677087079267949e-09,0,0,1,0.0,0.0,0
95,196200000.0,1,0.0,3597545.172689608,4198400000,37.14604328430494,215.0,1,1.762656256e+19,5172348.354461319,8970774081882.52,1900000.0,8.814178357408188e+18,7725773.240353995,3.587047103792429e-09,0,0,1,0.0,0.0,0
96,196200000.0,1,0.0,3615096.4518791307,4247200000,37.3735434139473,216.0,1,1.803870784e+19,5149912.068357218,8896771748712.445,1900000.0,9.020243597174871e+18,7752279.011049333,2.2373569663614035e-09,0,0,1,0.0,0.0,0
97,196200000.0,1,0.0,3632600.543457617,4296000000,37.6073857375542,217.0,1,1.8455616e+19,5127475.782253116,8823328826183.105,1900000.0,9.228690332882618e+18,7752283.869788763,1.6261765267699957e-09,0,0,1,0.0,0.0,0
98,196200000.0,1,0.0,3650058.9224958215,4344800000,37.846496912599015,218.0,1,1.887728704e+19,5105039.496149016,8750445314294.504,1900000.0,9.43951856453143e+18,7752283.869788763,1.6261765267699957e-09,0,0,1,0.0,0.0,0
99,196200000.0,1,0.0,3667473.1127450857,4393600000,38.09003986906612,219.0,1,1.930372096e+19,5082603.210044915,8678121213046.64,1900000.0,9.652728292121305e+18,7752283.869788763,1.648004399612546e-09,0,0,1,0.0,0.0,0
100,196200000.0,1,0.0,3684844.587165042,4442400000,38.33735154818807,220.0,1,1.973491776e+19,5060166.923940814,8606356522439.512,1900000.0,9.868319515652243e+18,7752283.869788763,1.648004399612546e-09,0,0,1,0.0,0.0,0
101,196200000.0,1,0.0,3702174.7696166653,4491200000,38.58789941017313,221.0,1,2.017087744e+19,5037730.637836713,8535151242473.121,1900000.0,1.0086292235124247e+19,7752283.869788763,1.648004399612546e-09,0,0,1,0.0,0.0,0
102,196200000.0,1,0.0,3719465.0364989038,4540000000,38.84125041975573,222.0,1,2.06116e+19,5015294.351732612,8464505373147.468,1900000.0,1.0306646450537314e+19,7752283.869788763,1.648004399612546e-09,0,0,1,0.0,0.0,0
103,196200000.0,1,0.0,3736716.7183307344,4588800000,39.09704851696631,223.0,1,2.105708544e+19,4992858.065628511,8394418914462.551,1900000.0,1.0529382161891447e+19,7752283.869788763,1.648004399612546e-09,0,0,1,0.0,0.0,0
104,196200000.0,1,0.0,3756059.13700079,4637600000,39.33802089939479,224.0,1,2.150733376e+19,4951495.517752718,8268044916535.997,1900000.0,1.0754493684491653e+19,7829194.5686669145,1.0804797057062387e-09,0,0,1,0.0,0.0,0
105,196200000.0,1,0.0,3775365.5000848547,4686400000,39.58355741584821,225.0,1,2.196234496e+19,4910132.969876926,8143512683768.15,1900000.0,1.0981986831268377e+19,7829194.5686669145,1.0804797057062387e-09,0,0,1,0.0,0.0,0
106,196200000.0,1,0.0,3794637.0094357934,4735200000,39.832960560008324,226.0,1,2.242211904e+19,4868770.422001135,8020822216159.012,1900000.0,1.1211861602221615e+19,7829194.5686669145,1.0804797057062387e-09,0,0,1,0.0,0.0,0
107,196200000.0,1,0.0,3813874.8268447113,4784000000,40.085671702105245,227.0,1,2.2886656e+19,4827407.874125342,7899973513708.58,1900000.0,1.144411799735137e+19,7829194.5686669145,1.0804797057062387e-09,0,0,1,0.0,0.0,0
108,196200000.0,1,0.0,3833080.0753763416,4832800000,40.34123755910828,228.0,1,2.335595584e+19,4786045.326249549,7780966576416.856,1900000.0,1.1678756016657641e+19,7829194.5686669145,1.0804797057062387e-09,0,0,1,0.0,0.0,0
109,196200000.0,1,0.0,3852253.840659929,4881600000,40.5992860557157,229.0,1,2.383001856e+19,4744682.778373757,7663801404283.84,1900000.0,1.191577566014043e+19,7829194.5686669145,1.0804797057062387e-09,0,0,1,0.0,0.0,0
110,196200000.0,1,0.0,3871397.172137072,4930400000,40.859508615741674,230.0,1,2.430884416e+19,4703320.230497966,7548477997309.531,1900000.0,1.215517692779973e+19,7829194.5686669145,1.0804797057062387e-09,0,0,1,0.0,0.0,0
111,196200000.0,1,0.0,3890511.084267988,4979200000,41.12164695145578,231.0,1,2.479243264e+19,4661957.682622173,7434996355493.93,1900000.0,1.239695981963555e+19,7829194.5686669145,1.0804797057062387e-09,0,0,1,0.0,0.0,0
112,196200000.0,1,0.0,3909596.5576975495,5028000000,41.38548305950162,232.0,1,2.5280784e+19,4620595.13474638,7323356478837.035,1900000.0,1.2641124335647883e+19,7829194.5686669145,1.0804797057062387e-09,0,0,1,0.0,0.0,0
113,196200000.0,1,0.0,3928654.540382469,5076800000,41.65083154210206,233.0,1,2.577389824e+19,4579232.586870588,7213558367338.849,1900000.0,1.2887670475836733e+19,7829194.5686669145,1.0804797057062387e-09,0,0,1,0.0,0.0,0
114,196200000.0,1,0.0,3947685.9486809033,5125600000,41.91753364063061,234.0,1,2.627177536e+19,4537870.038994797,7105602020999.369,1900000.0,1.31365982402021e+19,7829194.5686669145,1.0804797057062387e-09,0,0,1,0.0,0.0,0
115,196200000.0,1,0.0,3966691.6684057307,5174400000,42.18545254791674,235.0,1,2.677441536e+19,4496507.491119004,6999487439818.598,1900000.0,1.3387907628743981e+19,7829194.5686669145,1.0804797057062387e-09,0,0,1,0.0,0.0,0
116,196200000.0,1,0.0,3985672.5558427405,5223200000,42.45446968768539,236.0,1,2.728181824e+19,4455144.943243211,6895214623796.533,1900000.0,1.364159864146238e+19,7829194.5686669145,1.0804797057062387e-09,0,0,1,0.0,0.0,0
117,196200000.0,1,0.0,4004629.4387348625,5272000000,42.7244817340187,237.0,1,2.7793984e+19,4413782.395367419,6792783572933.177,1900000.0,1.3897671278357293e+19,7829194.5686669145,1.000444171950221e-09,0,0,1,0.0,0.0,0
118,196200000.0,1,0.0,4023563.1172335884,5320800000,42.9953982031387,238.0,1,2.831091264e+19,4372419.847491628,6692194287228.527,1900000.0,1.4156125539428723e+19,7829194.5686669145,1.000444171950221e-09,0,0,1,0.0,0.0,0
119,196200000.0,1,0.0,4042474.364818702,5369600000,43.2671394921892,239.0,1,2.883260416e+19,4331057.299615835,6593446766682.586,1900000.0,1.4416961424676667e+19,7829194.5686669145,1.000444171950221e-09,0,0,1,0.0,0.0,0
120,196200000.0,1,0.0,4061363.9291873192,5418400000,43.539635270324496,240.0,1,2.935905856e+19,4289694.751740042,6496541011295.352,1900000.0,1.468017893410113e+19,7829194.5686669145,1.000444171950221e-09,0,0,1,0.0,0.0,0
121,196200000.0,1,0.0,4080232.5331133283,5467200000,43.812823149821966,241.0,1,2.989027584e+19,4248332.20386425,6401477021066.824,1900000.0,1.4945778067702106e+19,7829194.5686669145,1.000444171950221e-09,0,0,1,0.0,0.0,0
122,196200000.0,1,0.0,4100053.4118582723,5516000000,44.085062808370544,242.0,1,3.0426256e+19,4198216.826767317,6290526359704.985,1900000.0,1.521375705263597e+19,7864205.885551478,1.0440999176353216e-09,0,0,1,0.0,0.0,0
123,196200000.0,1,0.0,4119854.704234068,5564800000,44.35809792495469,243.0,1,3.096699904e+19,4148101.449670384,6182495054772.355,1900000.0,1.5484117769505477e+19,7864205.885551478,1.0440999176353216e-09,0,0,1,0.0,0.0,0
124,196200000.0,1,0.0,4139637.063119685,5613600000,44.631853958692666,244.0,1,3.151250496e+19,4097986.0725734513,6077383106268.935,1900000.0,1.5756860218310627e+19,7864205.885551478,1.0440999176353216e-09,0,0,1,0.0,0.0,0
125,196200000.0,1,0.0,4159401.1196314585,5662400000,44.90626584622383,245.0,1,3.206277376e+19,4047870.695476518,5975190514194.722,1900000.0,1.603198439905142e+19,7864205.885551478,1.0440999176353216e-09,0,0,1,0.0,0.0,0
126,196200000.0,1,0.0,4179515.586200974,5711200000,45.181266400473376,246.0,1,3.261780544e+19,3997755.3183795847,5875917278549.718,1900000.0,1.6309490311727856e+19,7881874.798469095,1.342414179816842e-09,0,0,1,0.0,0.0,0
127,196200000.0,1,0.0,4199651.863860281,5760000000,45.45667400953136,247.0,1,3.31776e+19,3947172.9775864994,5778428835619.634,1900000.0,1.6589377842883561e+19,7883742.653253702,1.5024852473288774e-09,0,0,1,0.0,0.0,0
128,196200000.0,1,0.0,4219771.609053086,5808800000,45.73259790261111,248.0,1,3.374215744e+19,3896590.636793414,5683888129442.922,1900000.0,1.6871647108812943e+19,7883742.653253702,1.5024852473288774e-09,0,0,1,0.0,0.0,0
129,196200000.0,1,0.0,4239875.372861601,5857600000,46.008997262215054,249.0,1,3.431147776e+19,3846008.296000329,5592295160019.583,1900000.0,1.7156298109516001e+19,7883742.653253702,1.5024852473288774e-09,0,0,1,0.0,0.0,0
130,196200000.0,1,0.0,4259963.687998643,5906400000,46.28583564263062,250.0,1,3.488556096e+19,3795425.9552072436,5503649927349.615,1900000.0,1.7443330844992735e+19,7883742.653253702,1.5024852473288774e-09,0,0,1,0.0,0.0,0
131,196200000.0,1,0.0,4280037.069419924,5955200000,46.56308038405149,251.0,1,3.546440704e+19,3744843.6144141583,5417952431433.0205,1900000.0,1.7732745315243143e+19,7883742.653253702,1.5024852473288774e-09,0,0,1,0.0,0.0,0
132,196200000.0,1,0.0,4300096.01491597,6004000000,46.84070212026581,252.0,1,3.6048016e+19,3694261.273621073,5335202672269.799,1900000.0,1.8024541520267227e+19,7883742.653253702,1.5024852473288774e-09,0,0,1,0.0,0.0,0
133,196200000.0,1,0.0,4320141.129019259,6052800000,47.11867435944321,253.0,1,3.663638784e+19,3643678.9328279877,5255400649859.948,1900000.0,1.8318719460064985e+19,7883748.573332197,4.9367372412234545e-09,0,0,1,0.0,0.0,0
134,196200000.0,1,0.0,4340172.753552407,6101600000,47.396973140689234,254.0,1,3.722952256e+19,3593096.5920349024,5178546364203.471,1900000.0,1.861527913463642e+19,7883748.573332197,2.433807821944356e-09,0,0,1,0.0,0.0,0
135,196200000.0,1,0.0,4360191.33816776,6150400000,47.6755767225705,255.0,1,3.782742016e+19,3542514.251241817,5104639815300.365,1900000.0,1.891422054398153e+19,7883748.573332197,2.1136656869202852e-09,0,0,1,0.0,0.0,0
136,196200000.0,1,0.0,4380197.31752924,6199200000,47.95446532798002,256.0,1,3.843008064e+19,3491931.910448732,5033681003150.632,1900000.0,1.9215543688100315e+19,7883748.573332197,1.1823431123048067e-09,0,0,1,0.0,0.0,0
137,196200000.0,1,0.0,4401526.013617081,6248000000,48.233588339399596,257.0,1,3.9037504e+19,3441349.5696556466,4965669927754.2705,1900000.0,1.9519248566992777e+19,7947823.859977121,4.13092493545264e-09,0,0,1,0.0,0.0,0
138,196200000.0,1,0.0,4422869.486811565,6296800000,48.5129624873802,258.0,1,3.964969024e+19,3390767.2288625613,4900606589111.282,1900000.0,1.982533518065891e+19,7949098.548749806,3.9981387089937925e-09,0,0,1,0.0,0.0,0
139,196200000.0,1,0.0,4444201.573726915,6345600000,48.79257325426689,259.0,1,4.026663936e+19,3340184.888069476,4838490987221.666,1900000.0,2.0133803529098723e+19,7949098.548749806,4.114554030820727e-09,0,0,1,0.0,0.0,0
140,196200000.0,1,0.0,4465522.653905767,6394400000,49.072406721089386,260.0,1,4.088835136e+19,3289602.547276391,4779323122085.422,1900000.0,2.0444653612312207e+19,7949098.548749806,4.114554030820727e-09,0,0,1,0.0,0.0,0
141,196200000.0,1,0.0,4486833.094239336,6443200000,49.35245008116184,261.0,1,4.151482624e+19,3239020.206483306,4723102993702.55,1900000.0,2.075788543029937e+19,7949098.548749806,4.114554030820727e-09,0,0,1,0.0,0.0,0
142,196200000.0,1,0.0,4508133.249389132,6492000000,49.632691528418945,262.0,1,4.2146064e+19,3188437.8656902206,4669830602073.051,1900000.0,2.1073498983060206e+19,7949098.548749806,4.114554030820727e-09,0,0,1,0.0,0.0,0
143,196200000.0,1,0.0,4529423.462194615,6540800000,49.91312015917743,263.0,1,4.278206464e+19,3137855.5248971353,4619505947196.924,1900000.0,2.139149427059472e+19,7949098.548749806,4.114554030820727e-09,0,0,1,0.0,0.0,0
144,196200000.0,1,0.0,4550704.064067263,6589600000,50.19372588545156,264.0,1,4.342282816e+19,3087273.18410405,4572129029074.169,1900000.0,2.1711871292902908e+19,7949098.548749806,4.114554030820727e-09,0,0,1,0.0,0.0,0
145,196200000.0,1,0.0,4571975.375371503,6638400000,50.4744993582461,265.0,1,4.406835456e+19,3036690.8433109648,4527699847704.786,1900000.0,2.203463004998477e+19,7949098.548749806,4.944013198837638e-09,0,0,1,0.0,0.0,0
146,196200000.0,1,0.0,4591699.476771966,6687200000,50.75552574539722,266.0,1,4.471864384e+19,2986108.5025178795,4486218403088.776,1900000.0,2.235977054184031e+19,7949098.548749806,4.944013198837638e-09,0,0,1,0.0,0.0,0
147,196200000.0,1,0.0,4611207.482756305,6736000000,51.03671433441889,267.0,1,4.5373696e+19,2935526.1617247947,4447684695226.139,1900000.0,2.2687292768469524e+19,7949098.548749806,4.944013198837638e-09,0,0,1,0.0,0.0,0
148,196200000.0,1,0.0,4630705.0571768135,6784800000,51.31804502420134,268.0,1,4.603351104e+19,2884943.8209317094,4412098724116.873,1900000.0,2.3017196729872413e+19,7949098.548749806,4.944013198837638e-09,0,0,1,0.0,0.0,0
149,196200000.0,1,0.0,4650192.547752285,6833600000,51.59951083866799,269.0,1,4.669808896e+19,2834361.480138624,4379460489760.9795,1900000.0,2.3349482426048975e+19,7949098.548749806,4.944013198837638e-09,0,0,1,0.0,0.0,0
150,196200000.0,1,0.0,4668752.094272021,6882400000,51.88116773185631,270.0,1,4.736742976e+19,2783779.139345539,4349769992158.4585,1900000.0,2.3684149856999215e+19,7956421.983954376,2.673914423212409e-09,0,0,1,0.0,0.0,0
151,196200000.0,1,0.0,4686893.011344862,6931200000,52.1629712635128,271.0,1,4.804153344e+19,2744335.9232031563,4322903151211.326,1900000.0,2.402119901031512e+19,7956421.983954376,2.5283952709287405e-09,0,0,1,0.0,0.0,0
152,196200000.0,1,0.0,4705023.038917173,6980000000,52.44489074055867,272.0,1,4.87204e+19,2728908.36717033,4297089081164.983,1900000.0,2.436062970890812e+19,7956421.983954376,2.76122591458261e-09,0,0,1,0.0,0.0,0
153,196200000.0,1,0.0,4723142.539972305,7028800000,52.72692083720294,273.0,1,4.940402944e+19,2713480.8111375044,4271751030088.932,1900000.0,2.470244189510301e+19,7956421.983954376,2.76122591458261e-09,0,0,1,0.0,0.0,0
154,196200000.0,1,0.0,4741251.865394159,7077600000,53.00905655806687,274.0,1,5.009242176e+19,2698053.2551046787,4246888997983.1733,1900000.0,2.5046635568899797e+19,7956421.983954376,2.76122591458261e-09,0,0,1,0.0,0.0,0
155,196200000.0,1,0.0,4759351.354370517,7126400000,53.29129321244918,275.0,1,5.078557696e+19,2682625.6990718525,4222502984847.706,1900000.0,2.5393210730298487e+19,7956421.983954376,2.76122591458261e-09,0,0,1,0.0,0.0,0
156,196200000.0,1,0.0,4777441.334782895,7175200000,53.57362639099515,276.0,1,5.148349504e+19,2667198.1430390268,4198592990682.5312,1900000.0,2.574216737929907e+19,7956421.983954376,2.76122591458261e-09,0,0,1,0.0,0.0,0
157,196200000.0,1,0.0,4795522.123583439,7224000000,53.85605194450888,277.0,1,5.2186176e+19,2651770.587006201,4175159015487.648,1900000.0,2.609350551590155e+19,7956421.983954936,3.3869582694023848e-09,0,0,1,0.0,0.0,0
158,196200000.0,1,0.0,4813594.027159193,7272800000,54.138565964679636,278.0,1,5.289361984e+19,2636343.0309733753,4152201059263.057,1900000.0,2.6447225140105925e+19,7956421.983954936,3.3869582694023848e-09,0,0,1,0.0,0.0,0
159,196200000.0,1,0.0,4831657.341684322,7321600000,54.421164766521386,279.0,1,5.360582656e+19,2620915.4749405496,4129719122008.758,1900000.0,2.68033262519122e+19,7956421.983954936,2.8740032576024532e-09,0,0,1,0.0,0.0,0
160,196200000.0,1,0.0,4849712.35346051,7370400000,54.70384487234832,280.0,1,5.432279616e+19,2605487.9189077234,4107713203724.7505,1900000.0,2.7161808851320373e+19,7956421.983954936,2.8740032576024532e-09,0,0,1,0.0,0.0,0
161,196200000.0,1,0.0,4867759.339246057,7419200000,54.986602997130106,281.0,1,5.504452864e+19,2590060.3628748977,4086183304411.0356,1900000.0,2.752267293833044e+19,7956421.983954936,3.3396645449101925e-09,0,0,1,0.0,0.0,0
162,196200000.0,1,0.0,4886765.247707638,7468000000,55.26936033899042,282.0,1,5.5771024e+19,2574632.806842072,4065129424067.6123,1900000.0,2.7885918512942408e+19,7991222.504766573,2.7030182536691427e-09,0,0,1,0.0,0.0,0
163,196200000.0,1,0.0,4905763.656326853,7516800000,55.55219168899726,283.0,1,5.650228224e+19,2559205.2508092457,4044551562694.481,1900000.0,2.825154557515627e+19,7991222.504766573,2.7030182536691427e-09,0,0,1,0.0,0.0,0
164,196200000.0,1,0.0,4924949.034496009,7565600000,55.83488394701586,284.0,1,5.723830336e+19,2541447.062005671,4021454333355.7075,1900000.0,2.8619553825433334e+19,8000545.035849568,2.7175701688975096e-09,0,0,1,0.0,0.0,0
165,196200000.0,1,0.0,4944127.404479135,7614400000,56.117655544400414,285.0,1,5.797908736e+19,2523688.8732020967,3998987810556.101,1900000.0,2.8989943578781057e+19,8000545.035849568,2.7175701688975096e-09,0,0,1,0.0,0.0,0
166,196200000.0,1,0.0,4963298.999882422,7663200000,56.40050329653314,286.0,1,5.872463424e+19,2505930.684398522,3977151994295.661,1900000.0,2.936271483519943e+19,8000545.035849568,2.7175701688975096e-09,0,0,1,0.0,0.0,0
167,196200000.0,1,0.0,4982536.093367393,7712000000,56.683424190004345,287.0,1,5.9474944e+19,2488172.4955949476,3955946884574.388,1900000.0,2.973786759468846e+19,8005732.408486811,1.7571437638252974e-09,0,0,1,0.0,0.0,0
168,196200000.0,1,0.0,5001766.856383874,7760800000,56.966415371134815,288.0,1,6.023001664e+19,2470414.3067913726,3935372481392.282,1900000.0,3.0115401857248137e+19,8005732.408486811,1.7571437638252974e-09,0,0,1,0.0,0.0,0
169,196200000.0,1,0.0,5020991.61146981,7809600000,57.24947413541576,289.0,1,6.098985216e+19,2452656.117987798,3915428784749.343,1900000.0,3.0495317622878474e+19,8005740.438094251,1.886292011477053e-09,0,0,1,0.0,0.0,0
170,196200000.0,1,0.0,5040210.451084634,7858400000,57.53259791778131,290.0,1,6.175445056e+19,2434897.9291842235,3896115794645.5703,1900000.0,3.0877614891579466e+19,8005740.438094251,1.886292011477053e-09,0,0,1,0.0,0.0,0
171,196200000.0,1,0.0,5059267.917918551,7907200000,57.815790345264226,291.0,1,6.252381184e+19,2417139.7403806485,3877433511080.965,1900000.0,3.1262293663351108e+19,8005740.438094251,1.886292011477053e-09,0,0,1,0.0,0.0,0
172,196200000.0,1,0.0,5075952.803603504,7956000000,58.09913438478975,292.0,1,6.3297936e+19,2399381.551577074,3859381934055.526,1900000.0,3.1649353938193404e+19,8005740.438094251,1.886292011477053e-09,0,0,1,0.0,0.0,0
173,196200000.0,1,0.0,5092631.2524065515,8004800000,58.382534985666176,293.0,1,6.407682304e+19,2381623.3627734995,3841961063569.254,1900000.0,3.203879571610636e+19,8005740.438094251,1.886292011477053e-09,0,0,1,0.0,0.0,0
174,196200000.0,1,0.0,5109303.478890422,8053600000,58.66599009248675,294.0,1,6.486047296e+19,2363865.173969925,3825170899622.1484,1900000.0,3.2430618997089964e+19,8005740.438094251,1.886292011477053e-09,0,0,1,0.0,0.0,0
175,196200000.0,1,0.0,5125969.6904657595,8102400000,58.94949774965591,295.0,1,6.564888576e+19,2346106.9851663504,3809011442214.21,1900000.0,3.282482378114422e+19,8005740.438094251,1.886292011477053e-09,0,0,1,0.0,0.0,0
176,196200000.0,1,0.0,5142637.245971372,8151200000,59.23305609534992,296.0,1,6.644206144e+19,2328348.7963627754,3793482691345.4385,1900000.0,3.3221410068269134e+19,8006255.8387083085,2.6175257517024875e-09,0,0,1,0.0,0.0,0
177,196200000.0,1,0.0,5159299.180879121,8200000000,59.51666335591305,297.0,1,6.724e+19,2310590.607559201,3778584647015.8335,1900000.0,3.3620377858464702e+19,8006255.8387083085,2.6175257517024875e-09,0,0,1,0.0,0.0,0
178,196200000.0,1,0.0,5175955.6825422635,8248800000,59.80031784065344,298.0,1,6.804270144e+19,2292832.4187556263,3764317309225.3955,1900000.0,3.402172715173092e+19,8006255.8387083085,2.6175257517024875e-09,0,0,1,0.0,0.0,0
179,196200000.0,1,0.0,5192794.480406769,8297600000,60.08401793700548,299.0,1,6.885016576e+19,2275074.2299520513,3750680677974.1245,1900000.0,3.44254579480678e+19,8019759.319030567,2.672095433808863e-09,0,0,1,0.0,0.0,0
180,196200000.0,1,0.0,5209378.869197569,8346400000,60.367560240329546,300.0,1,6.966239296e+19,2253352.3169944454,3734857859925.343,1900000.0,3.4831569965785993e+19,8035614.2156466935,2.737579052336514e-09,0,0,1,0.0,0.0,0
181,196200000.0,1,0.0,5225342.043515404,8395200000,60.65119387988168,301.0,1,7.047938304e+19,2231630.404036839,3719978724881.637,1900000.0,3.524006351787249e+19,8035614.4808975635,3.712557372637093e-09,0,0,1,0.0,0.0,0
182,196200000.0,1,0.0,5241299.829550776,8444000000,60.93487928419404,302.0,1,7.1301136e+19,2209908.491079233,3706043272843.007,1900000.0,3.5650938604327285e+19,8035614.4808975635,3.712557372637093e-09,0,0,1,0.0,0.0,0
183,196200000.0,1,0.0,5257252.406913099,8492800000,61.21861449963457,303.0,1,7.212765184e+19,2188186.5781216267,3693051503809.4526,1900000.0,3.6064195225150382e+19,8035614.4808975635,3.712557372637093e-09,0,0,1,0.0,0.0,0
184,196200000.0,1,0.0,5273199.949224811,8541600000,61.502397671105726,304.0,1,7.295893056e+19,2166464.6651640204,3681003417780.9736,1900000.0,3.6479833380341776e+19,8035614.4808975635,3.712557372637093e-09,0,0,1,0.0,0.0,0
185,196200000.0,1,0.0,5289142.624320929,8590400000,61.78622703584431,305.0,1,7.379497216e+19,2144742.7522064145,3669899014757.5703,1900000.0,3.689785306990147e+19,8035614.4808975635,3.712557372637093e-09,0,0,1,0.0,0.0,0
186,196200000.0,1,0.0,5305080.594441974,8639200000,62.07010091768732,306.0,1,7.463577664e+19,2123020.839248808,3659738294739.2427,1900000.0,3.731825429382948e+19,8035614.4808975635,3.712557372637093e-09,0,0,1,0.0,0.0,0
187,196200000.0,1,0.0,5321014.01642045,8688000000,62.35401772176311,307.0,1,7.5481344e+19,2101298.926291202,3650521257725.9907,1900000.0,3.774103705212577e+19,8035614.4808975635,3.712557372637093e-09,0,0,1,0.0,0.0,0
188,196200000.0,1,0.0,5336943.041861108,8736800000,62.63797592957152,308.0,1,7.633167424e+19,2079577.0133335958,3642247903717.8145,1900000.0,3.816620134479037e+19,8035614.4808975635,4.3164618546143174e-09,0,0,1,0.0,0.0,0
189,196200000.0,1,0.0,5352603.053547613,8785600000,62.92197409441966,309.0,1,7.718676736e+19,2057855.1003759895,3634918232714.714,1900000.0,3.859374717182327e+19,8016551.489630806,4.381035978440195e-09,0,0,1,0.0,0.0,0
190,196200000.0,1,0.0,5368258.9569137795,8834400000,63.206010837183705,310.0,1,7.804662336e+19,2036133.1874183833,3628532244716.6885,1900000.0,3.902367453322447e+19,8016551.489630806,4.381035978440195e-09,0,0,1,0.0,0.0,0
191,196200000.0,1,0.0,5383910.888903619,8883200000,63.490084842369676,311.0,1,7.891124224e+19,2014411.2744607772,3623089939723.7393,1900000.0,3.9455983428993974e+19,8016551.489630806,4.381035978440195e-09,0,0,1,0.0,0.0,0
192,196200000.0,1,0.0,5399558.981896344,8932000000,63.774194854448794,312.0,1,7.9780624e+19,1992689.361503171,3618591317735.8657,1900000.0,3.989067385913178e+19,8016551.489630806,4.381035978440195e-09,0,0,1,0.0,0.0,0
193,196200000.0,1,0.0,5415203.36385852,8980800000,64.0583396744451,313.0,1,8.065476864e+19,1970967.448545565,3615036378753.0674,1900000.0,4.032774582363787e+19,8016551.489630806,4.381035978440195e-09,0,0,1,0.0,0.0,0
194,196200000.0,1,0.0,5430844.158491167,9029600000,64.34251815675519,314.0,1,8.153367616e+19,1949245.5355879585,3612425122775.3447,1900000.0,4.076719932251228e+19,8016551.489630806,4.381035978440195e-09,0,0,1,0.0,0.0,0
195,196200000.0,1,0.0,5446481.48537194,9078400000,64.62672920618198,315.0,1,8.241734656e+19,1927523.6226303524,3610757549802.698,1900000.0,4.120903435575498e+19,8016551.489630806,4.381035978440195e-09,0,0,1,0.0,0.0,0
196,196200000.0,1,0.0,5462115.01314128,9127200000,64.91097198848726,316.0,1,8.330577984e+19,1905807.0730881654,3610033722097.851,1900000.0,4.165325092337221e+19,8016530.03596913,4.293724487069994e-09,0,0,1,0.0,0.0,0
197,196200000.0,1,0.0,5477745.300489144,9176000000,65.19524527822577,317.0,1,8.4198976e+19,1900000.0,3610000000000.0,1900000.0,4.2099849e+19,8016530.03596913,4.526555130723864e-09,0,0,1,0.0,0.0,0
198,196200000.0,1,0.0,5493372.455429578,9224800000,65.47954811599992,318.0,1,8.509693504e+19,1900000.0,3610000000000.0,1900000.0,4.254882852e+19,8016530.03596913,4.526555130723864e-09,0,0,1,0.0,0.0,0
199,196200000.0,1,0.0,5508996.58237617,9273600000,65.76387958275072,319.0,1,8.599965696e+19,1900000.0,3610000000000.0,1900000.0,4.300018948e+19,8016530.03596913,4.526555130723864e-09,0,0,1,0.0,0.0,0
200,703351136.0206294,1,0.0,5357366.820814329,8815248864,66.42585075177489,206.25115500013476,1,7.770861253388958e+19,7679274.790939305,14448805475536.523,1981059.1250805836,3.885575114749234e+19,8017065.562217289,5.108631739858538e-09,0,0,1,0.0,0.0,0
201,201759436.68279988,1,0.0,5372780.664844052,8858489427,66.74676449621104,207.70636105042794,1,7.84728349335251e+19,7580521.855263419,13869131732453.45,2002775.6746227706,3.923780437993579e+19,8017065.562217289,4.552020982373506e-09,0,0,1,0.0,0.0,0
202,201759436.68279988,1,0.0,5388193.120743383,8901729991,67.07293410220409,209.23306964500395,1,7.924079682579266e+19,7481768.919587534,13388048755703.09,2024492.2241649576,3.96217372177719e+19,8017065.562217289,4.552020982373506e-09,0,0,1,0.0,0.0,0
203,201759436.68279988,1,0.0,5403604.234783339,8944970554,67.40567864121526,210.84956385311798,1,8.001249821069214e+19,7383015.983911648,13005556545285.443,2046208.7737071447,4.00075496610006e+19,8017065.562217289,4.828507371712476e-09,0,0,1,0.0,0.0,0
204,201759436.68279988,1,0.0,5420067.547657153,8988211117,67.7467350916963,212.5809407863708,1,8.078793908822362e+19,7284263.048235763,12721655101200.512,2067925.3232493317,4.039524170962193e+19,8055509.229790756,3.612512955442071e-09,0,0,1,0.0,0.0,0
205,201759436.68279988,1,0.0,5437578.2752310755,9031451681,68.0986262889866,214.46261223268328,1,8.156711945838705e+19,7176072.095221523,12500970844783.975,2089641.8727915187,4.078480982627801e+19,8093261.299144175,3.3360265661031008e-09,0,0,1,0.0,0.0,0
206,201759436.68279988,1,0.0,5455087.790708396,9074692244,68.46514227417813,216.5462105125456,1,8.235003932118252e+19,7067881.1422072835,12379562828230.652,2111358.4223337057,4.117625761687409e+19,8093261.299144175,3.3360265661031008e-09,0,0,1,0.0,0.0,0
207,201759436.68279988,1,0.0,5472596.134492327,9117932807,68.85189856601805,218.91007690957107,1,8.313669867660991e+19,6959690.189193043,12357431051540.543,2133074.971875893,4.156958508141011e+19,8093261.299144175,3.3360265661031008e-09,0,0,1,0.0,0.0,0
208,201759436.68279988,1,0.0,5490103.345639323,9161173371,69.26783816518139,221.67909726848987,1,8.392709752466928e+19,6851499.236178803,12434575514713.646,2154791.52141808,4.196479221988612e+19,8093261.299144175,3.3360265661031008e-09,0,0,1,0.0,0.0,0
209,201759436.68279988,1,0.0,5507609.461903942,9204413934,69.72813186646361,225.06529849305878,1,8.472123586536065e+19,6843308.283164564,12600996217749.963,2176508.0709602674,4.23618780323021e+19,8093261.299144175,3.3360265661031008e-09,0,0,1,0.0,0.0,0
210,201759436.68279988,1,0.0,5526354.780718266,9247654497,70.26073717142393,229.4599135491177,1,8.551911369868398e+19,6935117.330150323,12796693160649.49,2198224.6205024547,4.276083651865806e+19,8137910.6928401925,3.627064870670438e-09,0,0,1,0.0,0.0,0
211,201759436.68279988,1,0.0,5547907.497526345,9290895060,70.9223517618144,235.67343781179,1,8.632073102463933e+19,7026926.377136083,13011666343412.23,2219941.170044642,4.316166667895401e+19,8137910.6928401925,3.627064870670438e-09,0,0,1,0.0,0.0,0
212,201759436.68279988,1,0.0,5566650.8042307235,9334135624,71.8555413889707,245.70278300858968,1,8.712608784322662e+19,7118735.424121844,13245915766038.184,2241657.719586829,4.356436851318991e+19,8137910.6928401925,3.1395757105201483e-09,0,0,1,0.0,0.0,0
213,201759436.68279988,1,0.0,5585393.154898684,9377376187,73.5334436928774,266.15511363374804,2,8.793518415444587e+19,7210544.471107604,13499441428527.35,2263374.2691290164,4.396894202136579e+19,8137910.6928401925,3.1395757105201483e-09,0,0,1,0.0,0.0,0
214,201759436.68279988,1,0.0,5604134.5813981015,9420616750,78.59676345938952,334.0,2,8.874801995829712e+19,7302353.518093364,13772243330879.727,2285090.8186712037,4.437538720348165e+19,8137910.6928401925,3.1614035833626986e-09,0,0,1,0.0,0.0,0
215,200016750.42017213,1,0.0,5621214.309347226,9465600000,78.88262639380777,335.0,2,8.959758336e+19,7373740.460438955,13984042839895.816,2300000.000000001,4.480019008428399e+19,8112462.458293501,2.724846126511693e-09,0,0,1,0.0,0.0,0
216,196200000.0,1,0.0,5641056.795957342,9514400000,75.4346998566695,336.0,2,9.052380736e+19,7400399.858798154,14041220540940.773,2300000.000000001,4.526330780205409e+19,8112462.458293501,2.8703652787953615e-09,0,0,1,0.0,0.0,0
217,196200000.0,1,0.0,5661123.3999659335,9563200000,73.66898825126096,337.0,1,9.145479424e+19,7427059.257157352,14120604871984.906,2300000.000000001,4.57288091804872e+19,8128659.016441406,2.7066562324762344e-09,0,0,1,0.0,0.0,0
218,196200000.0,1,0.0,5681189.19700311,9612000000,73.12430828051751,338.0,1,9.2390544e+19,7453718.655516551,14222195833028.21,2300000.000000001,4.61966942195833e+19,8128659.016441406,2.7066562324762344e-09,0,0,1,0.0,0.0,0
219,196200000.0,1,0.0,5701254.213967912,9660800000,72.96053313519432,339.0,1,9.333105664e+19,7480378.05387575,14345993424070.691,2300000.000000001,4.666696291934241e+19,8128659.016441406,2.7066562324762344e-09,0,0,1,0.0,0.0,0
220,196200000.0,1,0.0,5721318.476862755,9709600000,72.96455195221782,340.0,1,9.427633216e+19,7507037.452234948,14491997645112.344,2300000.000000001,4.713961527976451e+19,8128659.016441406,2.7066562324762344e-09,0,0,1,0.0,0.0,0
221,196200000.0,1,0.0,5742646.997580087,9758400000,73.0570887856545,341.0,1,9.522637056e+19,7533696.850594147,14660208496153.172,2300000.000000001,4.7614651300849615e+19,8189378.380766876,2.3610482458025217e-09,0,0,1,0.0,0.0,0
222,196200000.0,1,0.0,5763974.813660934,9807200000,73.2022820711778,342.0,1,9.618117184e+19,7560356.248953346,14850625977193.172,2300000.000000001,4.809207098259772e+19,8189378.380766876,2.3610482458025217e-09,0,0,1,0.0,0.0,0
223,196200000.0,1,0.0,5785301.948593182,9856000000,73.38130791481981,343.0,1,9.7140736e+19,7587015.647312545,15063250088232.348,2300000.000000001,4.857187432500883e+19,8189378.380766876,2.3610482458025217e-09,0,0,1,0.0,0.0,0
224,196200000.0,1,0.0,5806628.425081779,9904800000,73.58338862382882,344.0,1,9.810506304e+19,7613675.045671744,15298080829270.695,2324218.75,4.905406132808293e+19,8189378.380766876,2.3610482458025217e-09,0,0,1,0.0,0.0,0
225,196200000.0,1,0.0,5826218.8345862515,9953600000,73.80191192676241,345.0,1,9.907415296e+19,7640334.444030942,15555118200308.219,2417187.5,4.953863199182003e+19,8188690.968332667,3.081368049606681e-09,0,0,1,0.0,0.0,0
226,196200000.0,1,0.0,5841974.182652381,10002400000,74.03259346464928,346.0,1,1.0004800576e+20,7666993.842390141,15834362201344.916,2510156.25,5.002558631622014e+19,8188690.968332667,3.081368049606681e-09,0,0,1,0.0,0.0,0
227,196200000.0,1,0.0,5857730.777721864,10051200000,74.27254017894097,347.0,1,1.0102662144e+20,7693653.2407493405,16135812832380.785,2603125.0,5.051492430128324e+19,8188757.272162944,2.499291440472007e-09,0,0,1,0.0,0.0,0
228,196200000.0,1,0.0,5873486.797847298,10100000000,74.51972921662232,348.0,1,1.0201e+20,7720312.639108539,16459470093415.83,2696093.75,5.100664594700934e+19,8188757.272162944,2.499291440472007e-09,0,0,1,0.0,0.0,0
229,196200000.0,1,0.0,5889242.262193481,10148800000,74.77270571518436,349.0,1,1.0299814144e+20,7746972.037467738,16805333984450.049,2789062.5,5.150075125339845e+19,8188757.272162944,2.499291440472007e-09,0,0,1,0.0,0.0,0
230,196200000.0,1,0.0,5904997.18928639,10197600000,75.03039885035314,350.0,1,1.0399104576e+20,7773631.435826937,17173404505483.441,2882031.25,5.1997240220450546e+19,8188757.272162944,2.499291440472007e-09,0,0,1,0.0,0.0,0
231,196200000.0,1,0.0,5920751.597034466,10246400000,75.29200547347226,351.0,1,1.0498871296e+20,7800290.834186136,17563681656516.006,2975000.0,5.249611284816565e+19,8188757.272162944,2.499291440472007e-09,0,0,1,0.0,0.0,0
232,196200000.0,1,0.0,5936505.502749206,10295200000,75.55691414067819,352.0,1,1.0599114304e+20,7826950.232545335,17976165437547.746,3067968.75,5.299736913654375e+19,8188757.272162944,2.557499101385474e-09,0,0,1,0.0,0.0,0
233,196200000.0,1,0.0,5954093.110642161,10344000000,75.82461990462718,353.0,1,1.06998336e+20,7853609.630904533,18410855848578.66,3160937.5,5.350100908558486e+19,8254788.021338832,3.1395757105201483e-09,0,0,1,0.0,0.0,0
234,196200000.0,1,0.0,5971680.2494128505,10392800000,76.09479142104621,354.0,1,1.0801029184e+20,7880269.029263732,18867752889608.746,3253906.25,5.400703269528896e+19,8254788.021338832,3.1395757105201483e-09,0,0,1,0.0,0.0,0
235,196200000.0,1,0.0,5989266.934698687,10441600000,76.36714543995446,355.0,1,1.0902701056e+20,7906928.427622931,19346856560638.008,3346875.0,5.451543996565606e+19,8254788.021338832,3.1395757105201483e-09,0,0,1,0.0,0.0,0
236,196200000.0,1,0.0,6006853.181615829,10490400000,76.6414631954143,356.0,1,1.1004849216e+20,7933587.825982129,19848166861666.445,3439843.75,5.502623089668617e+19,8254788.021338832,3.1395757105201483e-09,0,0,1,0.0,0.0,0
237,196200000.0,1,0.0,6024063.693438261,10539200000,76.91765824062486,357.0,1,1.1107473664e+20,7960247.224341328,20371683792694.055,3532812.5,5.553940548837927e+19,8254788.021338832,3.1395757105201483e-09,0,0,1,0.0,0.0,0
238,196200000.0,1,0.0,6040588.850660822,10588000000,77.19566386969018,358.0,1,1.12105744e+20,7986906.622700527,20917407353720.836,3625781.25,5.605496374073537e+19,8254789.2658241745,2.673914423212409e-09,0,0,1,0.0,0.0,0
239,196200000.0,1,0.0,6057051.70722141,10636800000,77.47525919747032,359.0,1,1.1314151424e+20,8013566.021059726,21485337544746.793,3718750.0,5.657290565375448e+19,8254789.2658241745,2.663000486791134e-09,0,0,1,0.0,0.0,0
240,196200000.0,1,0.0,6072806.777733526,10685600000,77.75643440117315,360.0,1,1.1418204736e+20,8040225.419418925,22075474365771.92,3811718.75,5.709323122743658e+19,8231477.031115586,3.2923708204180002e-09,0,0,1,0.0,0.0,0
241,196200000.0,1,0.0,6088503.631738177,10734400000,78.03913518530752,361.0,1,1.1522734336e+20,8066884.817778124,22687817816796.227,3904687.5,5.761594046178168e+19,8231477.031115586,3.27054294757545e-09,0,0,1,0.0,0.0,0
242,196200000.0,1,0.0,6104099.049779833,10783200000,78.32360169657461,362.0,1,1.1627740224e+20,8094086.136206672,23323848921289.156,3997656.25,5.8141033504892125e+19,8229309.350838191,3.5324774216860533e-09,0,0,1,0.0,0.0,0
243,196200000.0,1,0.0,6119640.067729522,10832000000,78.60964284376075,363.0,1,1.17332224e+20,8121287.454635219,23982040168599.844,4090625.0,5.866851020401686e+19,8229309.350838191,3.5324774216860533e-09,0,0,1,0.0,0.0,0
244,196200000.0,1,0.0,6135128.498923631,10880800000,78.89736488787985,364.0,1,1.1839180864e+20,8148488.773063767,24662391558728.293,4183593.75,5.919837055915587e+19,8229309.350838191,3.5324774216860533e-09,0,0,1,0.0,0.0,0
245,196200000.0,1,0.0,6150566.096254023,10929600000,79.1869254834595,365.0,1,1.1945615616e+20,8175690.091492314,25364903091674.504,4276562.5,5.9730614570309165e+19,8229309.350838191,3.5324774216860533e-09,0,0,1,0.0,0.0,0
246,196200000.0,1,0.0,6165954.5541828135,10978400000,79.47854740041389,366.0,1,1.2052526656e+20,8202891.409920862,26089574767438.477,4369531.25,6.026524223747674e+19,8229309.350838191,3.5324774216860533e-09,0,0,1,0.0,0.0,0
247,196200000.0,1,0.0,6181295.5106900595,11027200000,79.77253915881097,367.0,1,1.2159913984e+20,8230092.728349409,26836406586020.21,4462500.0,6.08022535606586e+19,8229309.350838191,3.5324774216860533e-09,0,0,1,0.0,0.0,0
248,196200000.0,1,0.0,6196590.549180143,11076000000,80.06932631819663,368.0,1,1.22677776e+20,8257294.046777957,27605398547419.707,4555468.75,6.134164853985474e+19,8229309.352541749,4.267349140718579e-09,0,0,1,0.0,0.0,0
249,196200000.0,1,0.0,6213300.089406113,11124800000,80.36941259566686,369.0,1,1.2376117504e+20,8284495.365206504,28396550651636.96,4648437.5,6.1883427175065166e+19,8229309.352541749,4.267349140718579e-09,0,0,1,0.0,0.0,0
250,196200000.0,1,0.0,6234712.234384724,11173600000,80.66855002920394,370.0,1,1.2484933696e+20,8290811.4078586,29160285823005.17,4741406.25,6.24275845085823e+19,8312850.455647556,3.168679540976882e-09,0,0,1,0.0,0.0,0
251,196200000.0,1,0.0,6256014.211597291,11222400000,80.97387677818958,371.0,1,1.2594226176e+20,8297127.4505106965,29948822478583.676,4834375.0,6.297412576224786e+19,8312850.455647556,3.168679540976882e-09,0,0,1,0.0,0.0,0
252,196200000.0,1,0.0,6277209.693302687,11271200000,81.287054015726,372.0,1,1.2703994944e+20,8319671.917697569,30761897256609.594,4927343.75,6.352305090972566e+19,8312850.455647556,3.2414391171187162e-09,0,0,1,0.0,0.0,0
253,196200000.0,1,0.0,6297789.5580658605,11320000000,81.61078459647398,373.0,1,1.281424e+20,8370574.000702666,31596586817514.47,5020312.5,6.407435965868175e+19,8294401.05112278,3.3760443329811096e-09,0,0,1,0.0,0.0,0
254,196200000.0,1,0.0,6318392.950136584,11368800000,81.94952606656503,374.0,1,1.2924961344e+20,8421476.083707763,32452101964316.586,5113281.25,6.4628051930196435e+19,8300307.0403670035,4.16184775531292e-09,0,0,1,0.0,0.0,0
255,196200000.0,1,0.0,6338900.145210108,11417600000,82.31128742457624,375.0,1,1.3036158976e+20,8472378.166712858,33328442697015.95,5206250.0,6.51841277242697e+19,8300307.0403670035,4.16184775531292e-09,0,0,1,0.0,0.0,0
256,196200000.0,1,0.0,6359314.3498530025,11466400000,82.71186951296784,376.0,1,1.3147832896e+20,8523280.249717955,34225609015612.56,5299218.75,6.574258704090156e+19,8300307.0403670035,4.16184775531292e-09,0,0,1,0.0,0.0,0
257,196200000.0,1,0.0,6379638.663746289,11515200000,83.18770789838595,377.0,1,1.3259983104e+20,8574182.332723051,35143600920106.414,5392187.5,6.630342988009201e+19,8300307.0403670035,4.16184775531292e-09,0,0,1,0.0,0.0,0
258,196200000.0,1,0.0,6399876.083248287,11564000000,83.8488772677176,378.0,1,1.33726096e+20,8625084.415728148,36082418410497.516,5485156.25,6.686665624184105e+19,8300307.0403670035,4.16184775531292e-09,0,0,1,0.0,0.0,0
259,196200000.0,1,0.0,6420029.50483871,11612800000,85.30528505391915,379.0,1,1.3485712384e+20,8675986.498733243,37042061486785.86,5578125.0,6.743226612614868e+19,8300307.0403670035,4.16184775531292e-09,0,0,1,0.0,0.0,0
260,191510656.31527638,2,0.0,6441440.643265476,11666289344,92.54472466967982,380.0,2,1.359929365499442e+20,8710821.603927903,37818509655866.62,5652776.001231548,6.800025012593769e+19,8291303.956534944,3.1141098588705063e-09,0,0,1,0.0,0.0,0
261,172400000.0,2,0.0,6467467.728015682,11738889344,93.40537547787861,381.0,2,1.371342798027036e+20,8671005.707891015,37759730431627.484,5652776.001231548,6.8570915874394956e+19,8291303.956534944,3.1141098588705063e-09,0,0,1,0.0,0.0,0
262,172400000.0,2,0.0,6491211.228403439,11811489344,93.6866549832281,382.0,2,1.3828151881546298e+20,8631189.811854126,37704121818542.79,5652776.001231548,6.914452981991335e+19,8291303.956534944,3.1141098588705063e-09,0,0,1,0.0,0.0,0
263,172400000.0,2,0.0,6514927.114462021,11884089344,93.96818216482617,383.0,2,1.3943465358822238e+20,8591373.915817238,37651683816612.53,5652776.001231548,6.9721091962492854e+19,8291303.956534944,3.1141098588705063e-09,0,0,1,0.0,0.0,0
264,172400000.0,2,0.0,6538616.306669066,11956689344,94.24993623607509,384.0,2,1.4059368412098177e+20,8551558.019780349,37602416425836.72,5652776.001231548,7.030060230213347e+19,8291303.956534944,3.1141098588705063e-09,0,0,1,0.0,0.0,0
265,172400000.0,2,0.0,6562279.6948196255,12029289344,94.53189870682274,385.0,2,1.4175861041374116e+20,8511742.123743461,37556319646215.34,5652776.001231548,7.08830608388352e+19,8291303.956534944,3.1141098588705063e-09,0,0,1,0.0,0.0,0
266,172400000.0,2,0.0,6585918.139048915,12101889344,94.81405307209562,386.0,2,1.4292943246650055e+20,8471926.227706572,37513393477748.41,5652776.001231548,7.146846757259805e+19,8291303.956534944,3.1141098588705063e-09,0,0,1,0.0,0.0,0
267,172400000.0,2,0.0,6610070.247636502,12174489344,95.09637376189507,387.0,2,1.4410615027925995e+20,8432110.331669684,37473637920435.914,5652776.001231548,7.205682250342202e+19,8310663.921893774,2.5902409106492996e-09,0,0,1,0.0,0.0,0
268,172400000.0,2,0.0,6635840.653466983,12247089344,95.37882548010019,388.0,2,1.4528876385201934e+20,8392294.435632795,37437052974277.86,5652776.001231548,7.26481256313071e+19,8369761.7361494545,1.8917489796876907e-09,0,0,1,0.0,0.0,0
269,172400000.0,2,0.0,6661987.541058385,12319689344,95.66141786312672,389.0,2,1.4647727318477873e+20,8352480.397445454,37403640124452.06,5652776.001231548,7.324237695640181e+19,8384124.364754178,1.6079866327345371e-09,0,0,1,0.0,0.0,0
270,172400000.0,2,0.0,6688112.647956479,12392289344,95.94415181236964,390.0,2,1.4767167827753812e+20,8312666.3592581125,37373397589899.83,5652776.001231548,7.383957647852805e+19,8384124.364754178,1.6079866327345371e-09,0,0,1,0.0,0.0,0
271,172400000.0,2,0.0,6714216.682899858,12464889344,96.22701752453106,391.0,2,1.488719791302975e+20,8272852.321070772,37346325370621.16,5652776.001231548,7.443972419768582e+19,8384123.120268836,2.0736479200422764e-09,0,0,1,0.0,0.0,0
272,172400000.0,2,0.0,6740300.364995379,12537489344,96.51000609581737,392.0,2,1.500781757430569e+20,8233038.28288343,37322423466616.055,5652776.001231548,7.50428201138751e+19,8384123.120268836,2.0736479200422764e-09,0,0,1,0.0,0.0,0
273,172400000.0,2,0.0,6766112.053903517,12610089344,96.79313207107533,393.0,2,1.512902681158163e+20,8193224.244696088,37301691877884.52,5652776.001231548,7.564886422709594e+19,8395858.94405795,1.899024937301874e-09,0,0,1,0.0,0.0,0
274,172400000.0,2,0.0,6791904.724206049,12682689344,97.07636482192332,394.0,2,1.525082562485757e+20,8153410.206508746,37284130604426.555,5652776.001231548,7.62578565373483e+19,8395858.94405795,1.899024937301874e-09,0,0,1,0.0,0.0,0
275,172400000.0,2,0.0,6817679.00985649,12755289344,97.3596976012058,395.0,2,1.537321401413351e+20,8113596.168321406,37269739646242.15,5652776.001231548,7.686979704463217e+19,8395858.94405795,1.899024937301874e-09,0,0,1,0.0,0.0,0
276,172400000.0,2,0.0,6843748.492667509,12827889344,97.64311598276845,396.0,2,1.5496191979409447e+20,8073782.130134064,37258519003331.31,5652776.001231548,7.748468574894757e+19,8407125.827731427,1.3242242857813835e-09,0,0,1,0.0,0.0,0
277,172400000.0,2,0.0,6869800.7960425215,12900489344,97.92662273294151,397.0,2,1.561975952068539e+20,8033968.091946722,37250468675694.04,5652776.001231548,7.810252265029452e+19,8407125.827731427,1.6880221664905548e-09,0,0,1,0.0,0.0,0
278,172400000.0,2,0.0,6893794.716225043,12973089344,98.21025185156881,398.0,2,1.5743916637961326e+20,7994154.053759381,37245588663330.336,5652776.001231548,7.872330774867296e+19,8333621.877174858,3.026798367500305e-09,0,0,1,0.0,0.0,0
279,172400000.0,2,0.0,6917772.583179031,13045689344,98.49395911489232,399.0,2,1.5868663331237265e+20,7954340.015572039,37243878966240.195,5652776.001231548,7.934704104408295e+19,8333621.877174858,3.026798367500305e-09,0,0,1,0.0,0.0,0
280,172400000.0,2,0.0,6941734.9320121,13118289344,98.77774008055556,400.0,2,1.5993999600513204e+20,7952776.001231549,37243876520099.34,5652776.001231548,7.997372239021803e+19,8333621.877174858,3.026798367500305e-09,0,0,1,0.0,0.0,0
281,172400000.0,2,0.0,6965682.279994948,13190889344,99.06159064142014,401.0,2,1.6119925445789145e+20,7952776.001231549,37243876520099.34,5652776.001231548,8.060335161659774e+19,8333621.877174858,3.026798367500305e-09,0,0,1,0.0,0.0,0
282,172400000.0,2,0.0,6989513.604728626,13263489344,99.34551508495466,402.0,2,1.6246440867065083e+20,7952776.001231549,37243876520099.34,5652776.001231548,8.123592872297742e+19,8333621.877174858,3.026798367500305e-09,0,0,1,0.0,0.0,0
283,172400000.0,2,0.0,7008616.376284979,13336089344,99.62990431529713,403.0,2,1.6373545864341022e+20,7952776.001231549,37243876520099.34,5652776.001231548,8.187145370935712e+19,8351391.203355301,1.8699211068451405e-09,0,0,1,0.0,0.0,0
284,172400000.0,2,0.0,7027767.082749046,13408689344,99.91434195215493,404.0,2,1.650124043761696e+20,7952776.001231549,37243876520099.34,5652776.001231548,8.250992657573682e+19,8351391.203355301,1.8699211068451405e-09,0,0,1,0.0,0.0,0
285,172400000.0,2,0.0,7046964.126290568,13481289344,100.19882528691356,405.0,2,1.6629524586892902e+20,7952776.001231549,37243876520099.34,5652776.001231548,8.315134732211652e+19,8351391.203355301,1.8699211068451405e-09,0,0,1,0.0,0.0,0
286,172400000.0,2,0.0,7066205.962340297,13553889344,100.4833518031365,406.0,2,1.675839831216884e+20,7952776.001231549,37243876520099.34,5652776.001231548,8.37957159484962e+19,8351391.203355301,1.8699211068451405e-09,0,0,1,0.0,0.0,0
287,172400000.0,2,0.0,7085491.09781463,13626489344,100.76791916011345,407.0,2,1.688786161344478e+20,7952776.001231549,37243876520099.34,5652776.001231548,8.44430324548759e+19,8351391.203355301,1.8699211068451405e-09,0,0,1,0.0,0.0,0
288,172400000.0,2,0.0,7104818.089399408,13699089344,101.05252517808013,408.0,2,1.7017914490720718e+20,7952776.001231549,37243876520099.34,5652776.001231548,8.50932968412556e+19,8351391.203355301,1.8699211068451405e-09,0,0,1,0.0,0.0,0
289,172400000.0,2,0.0,7124185.541890951,13771689344,101.33716782491256,409.0,2,1.714855694399666e+20,7952776.001231549,37243876520099.34,5652776.001231548,8.57465091076353e+19,8351391.203355301,1.8699211068451405e-09,0,0,1,0.0,0.0,0
290,172400000.0,2,0.0,7143592.106592367,13844289344,101.621845204125,410.0,2,1.7279788973272596e+20,7952776.001231549,37243876520099.34,5652776.001231548,8.6402669254015e+19,8351391.203355301,1.8699211068451405e-09,0,0,1,0.0,0.0,0
291,172400000.0,2,0.0,7164446.317037604,13916889344,101.90655554402333,411.0,2,1.7411610578548536e+20,7952776.001231549,37243876520099.34,5652776.001231548,8.706177728039469e+19,8419063.392520407,1.913576852530241e-09,0,0,1,0.0,0.0,0
292,172400000.0,2,0.0,7185337.075670067,13989489344,102.19129718788454,412.0,2,1.7544021759824475e+20,7952776.001231549,37243876520099.34,5652776.001231548,8.772383318677438e+19,8419063.392520407,3.3105607144534588e-09,0,0,1,0.0,0.0,0
293,172400000.0,2,0.0,7206017.627683561,14062089344,102.47606858760253,413.0,2,1.7677022517100416e+20,7952776.001231549,37243876520099.34,5652776.001231548,8.838883697315409e+19,8401389.62086336,4.7075445763766766e-09,0,0,1,0.0,0.0,0
294,172400000.0,2,0.0,7226732.331947565,14134689344,102.76086828792828,414.0,2,1.7810612850376357e+20,7952776.001231549,37243876520099.34,5652776.001231548,8.90567886395338e+19,8401389.62086336,4.7075445763766766e-09,0,0,1,0.0,0.0,0
295,172400000.0,2,0.0,7247480.050053727,14207289344,103.04569492677727,415.0,2,1.7944792759652293e+20,7952776.001231549,37243876520099.34,5652776.001231548,8.972768818591348e+19,8401389.62086336,4.7075445763766766e-09,0,0,1,0.0,0.0,0
296,172400000.0,2,0.0,7268259.681540643,14279889344,103.3305472259553,416.0,2,1.8079562244928235e+20,7952776.001231549,37243876520099.34,5652776.001231548,9.040153561229319e+19,8401389.62086336,4.7075445763766766e-09,0,0,1,0.0,0.0,0
297,172400000.0,2,0.0,7289129.661880666,14352489344,103.61542275989896,417.0,2,1.8214921306204173e+20,7952776.001231549,37243876520099.34,5652776.001231548,9.107833091867288e+19,8403531.59392512,4.867615643888712e-09,0,0,1,0.0,0.0,0
298,172400000.0,2,0.0,7310029.463502039,14425089344,103.90032165239447,418.0,2,1.8350869943480114e+20,7952776.001231549,37243876520099.34,5652776.001231548,9.175807410505258e+19,8403531.59392512,4.867615643888712e-09,0,0,1,0.0,0.0,0
299,172400000.0,2,0.0,7330282.034294882,14497689344,104.18525554368328,419.0,2,1.848740815675605e+20,7952776.001231549,37243876520099.34,5652776.001231548,9.244076517143226e+19,8379193.503507178,2.975866664201021e-09,0,0,1,0.0,0.0,0
300,172400000.0,2,0.0,7350562.471418407,14570289344,104.47021071418547,420.0,2,1.8624535946031992e+20,7952776.001231549,37243876520099.34,5652776.001231548,9.312640411781197e+19,8379193.503507178,2.219167072325945e-09,0,0,1,0.0,0.0,0
301,172400000.0,2,0.0,7370659.713115369,14642889344,104.46947588619801,420.0,2,1.876225331130793e+20,7952776.001231549,37243876520099.34,5652776.001231548,9.381499094419166e+19,8371628.719843216,3.004970494657755e-09,0,0,1,0.0,0.0,0
302,172400000.0,2,0.0,7390782.994350225,14715489344,104.46876050852767,420.0,2,1.890056025258387e+20,7952776.001231549,37243876520099.34,5652776.001231548,9.450652565057136e+19,8371628.719843216,3.004970494657755e-09,0,0,1,0.0,0.0,0
303,172400000.0,2,0.0,7410931.447138377,14788089344,104.46806374418156,420.0,2,1.903945676985981e+20,7952776.001231549,37243876520099.34,5652776.001231548,9.520100823695106e+19,8371628.719843216,2.990418579429388e-09,0,0,1,0.0,0.0,0
304,172400000.0,2,0.0,7431107.639434684,14860689344,104.46738480317887,420.0,2,1.917894286313575e+20,7952776.001231549,37243876520099.34,5652776.001231548,9.589843870333075e+19,8371874.024321159,1.5352270565927029e-09,0,0,1,0.0,0.0,0
305,172400000.0,2,0.0,7451307.353149131,14933289344,104.46672293944053,420.0,2,1.9319018532411687e+20,7952776.001231549,37243876520099.34,5652776.001231548,9.659881704971044e+19,8371874.024321159,1.5352270565927029e-09,0,0,1,0.0,0.0,0
306,172400000.0,2,0.0,7471529.804234439,15005889344,104.46607744791618,420.0,2,1.9459683777687627e+20,7952776.001231549,37243876520099.34,5652776.001231548,9.730214327609015e+19,8371874.024321159,2.4665496312081814e-09,0,0,1,0.0,0.0,0
307,172400000.0,2,0.0,7491774.234778251,15078489344,104.46544766192723,420.0,2,1.9600938598963567e+20,7952776.001231549,37243876520099.34,5652776.001231548,9.800841738246984e+19,8371874.024321159,2.4665496312081814e-09,0,0,1,0.0,0.0,0
308,172400000.0,2,0.0,7513089.120641919,15151089344,104.46483295070757,420.0,2,1.9742782996239506e+20,7952776.001231549,37243876520099.34,5652776.001231548,9.871763936884954e+19,8447417.03703916,2.10275175049901e-09,0,0,1,0.0,0.0,0
309,172400000.0,2,0.0,7534424.545088478,15223689344,104.464232717125,420.0,2,1.9885216969515444e+20,7952776.001231549,37243876520099.34,5652776.001231548,9.942980923522923e+19,8447417.03703916,9.822542779147625e-10,0,0,1,0.0,0.0,0
310,172400000.0,2,0.0,7555779.823498496,15296289344,104.46364639556751,420.0,2,2.0028240518791384e+20,7952776.001231549,37243876520099.34,5652776.001231548,1.0014492698160893e+20,8447417.03703916,9.822542779147625e-10,0,0,1,0.0,0.0,0
311,172400000.0,2,0.0,7577154.294073191,15368889344,104.46307344998161,420.0,2,2.0171853644067324e+20,7952776.001231549,37243876520099.34,5652776.001231548,1.0086299260798863e+20,8447417.03703916,9.822542779147625e-10,0,0,1,0.0,0.0,0
312,172400000.0,2,0.0,7597373.038644997,15441489344,104.46253550740471,420.0,2,2.0316056345343263e+20,7952776.001231549,37243876520099.34,5652776.001231548,1.0158400611436832e+20,8405143.013604404,1.964508555829525e-10,0,0,1,0.0,0.0,0
313,172400000.0,2,0.0,7617609.754800677,15514089344,104.4620099988504,420.0,2,2.04608486226192e+20,7952776.001231549,37243876520099.34,5652776.001231548,1.0230796750074801e+20,8405145.718803694,1.5643308870494366e-09,0,0,1,0.0,0.0,0
314,172400000.0,2,0.0,7637863.807167628,15586689344,104.46149646677769,420.0,2,2.060623047589514e+20,7952776.001231549,37243876520099.34,5652776.001231548,1.0303487676712772e+20,8405145.718803694,1.5643308870494366e-09,0,0,1,0.0,0.0,0
315,172400000.0,2,0.0,7656942.626413554,15659289344,104.46101712426922,420.0,2,2.075220190517108e+20,7952776.001231549,37243876520099.34,5652776.001231548,1.0376473391350741e+20,8362234.026294566,1.5643308870494366e-09,0,0,1,0.0,0.0,0
316,172400000.0,2,0.0,7676037.646956735,15731889344,104.46054904513882,420.0,2,2.089876291044702e+20,7952776.001231549,37243876520099.34,5652776.001231548,1.044975389398871e+20,8362234.082848579,4.940375220030546e-09,0,0,1,0.0,0.0,0
317,172400000.0,2,0.0,7695148.327235349,15804489344,104.46009183787103,420.0,2,2.1045913491722958e+20,7952776.001231549,37243876520099.34,5652776.001231548,1.052332918462668e+20,8362234.082848579,4.940375220030546e-09,0,0,1,0.0,0.0,0
318,172400000.0,2,0.0,7714274.145258214,15877089344,104.45964513008877,420.0,2,2.1193653648998898e+20,7952776.001231549,37243876520099.34,5652776.001231548,1.059719926326465e+20,8362234.082848579,4.940375220030546e-09,0,0,1,0.0,0.0,0
319,172400000.0,2,0.0,7733414.596433858,15949689344,104.45920856746997,420.0,2,2.1341983382274838e+20,7952776.001231549,37243876520099.34,5652776.001231548,1.067136412990262e+20,8362234.082848579,4.940375220030546e-09,0,0,1,0.0,0.0,0
320,172400000.0,2,0.0,7752569.192990518,16022289344,104.45878181270761,420.0,2,2.1490902691550777e+20,7952776.001231549,37243876520099.34,5652776.001231548,1.074582378454059e+20,8362234.082848579,6.235495675355196e-09,0,0,1,0.0,0.0,0
321,172400000.0,2,0.0,7771737.463415497,16094889344,104.45836454453705,420.0,2,2.1640411576826715e+20,7952776.001231549,37243876520099.34,5652776.001231548,1.0820578227178558e+20,8362234.082848579,4.940375220030546e-09,0,0,1,0.0,0.0,0
322,172400000.0,2,0.0,7792138.608472198,16167489344,104.45793263881767,420.0,2,2.1790510038102655e+20,7952776.001231549,37243876520099.34,5652776.001231548,1.0895627457816528e+20,8406141.718973259,3.6598066799342632e-09,0,0,1,0.0,0.0,0
323,172400000.0,2,0.0,7812552.5309991855,16240089344,104.45750947902796,420.0,2,2.1941198075378595e+20,7952776.001231549,37243876520099.34,5652776.001231548,1.0970971476454498e+20,8406141.718973259,3.6598066799342632e-09,0,0,1,0.0,0.0,0
324,172400000.0,2,0.0,7832978.80508078,16312689344,104.45709478569722,420.0,2,2.2092475688654533e+20,7952776.001231549,37243876520099.34,5652776.001231548,1.1046610283092468e+20,8406141.718973259,3.6598066799342632e-09,0,0,1,0.0,0.0,0
325,172400000.0,2,0.0,7853088.511920179,16385289344,104.45668829207906,420.0,2,2.224434287793047e+20,7952776.001231549,37243876520099.34,5652776.001231548,1.1122543877730437e+20,8382489.209334657,2.291926648467779e-09,0,0,1,0.0,0.0,0
326,172400000.0,2,0.0,7874376.101838948,16457889344,104.45626651616188,420.0,2,2.2396799643206412e+20,7952776.001231549,37243876520099.34,5652776.001231548,1.1198772260368407e+20,8423911.597244876,1.873559085652232e-09,0,0,1,0.0,0.0,0
327,172400000.0,2,0.0,7895687.97690402,16530489344,104.45585239100707,420.0,2,2.254984598448235e+20,7952776.001231549,37243876520099.34,5652776.001231548,1.1275295431006377e+20,8424856.815604517,1.5133991837501526e-09,0,0,1,0.0,0.0,0
328,172400000.0,2,0.0,7917010.637178836,16603089344,104.45544568370852,420.0,2,2.270348190175829e+20,7952776.001231549,37243876520099.34,5652776.001231548,1.1352113389644346e+20,8424856.815604517,1.5133991837501526e-09,0,0,1,0.0,0.0,0
329,172400000.0,2,0.0,7938341.881383343,16675689344,104.45504620770059,420.0,2,2.285770739503423e+20,7952776.001231549,37243876520099.34,5652776.001231548,1.1429226136282317e+20,8424790.51177424,4.773028194904327e-09,0,0,1,0.0,0.0,0
330,172400000.0,2,0.0,7959683.203767182,16748289344,104.45465371370503,420.0,2,2.301252246431017e+20,7952776.001231549,37243876520099.34,5652776.001231548,1.1506633670920285e+20,8424790.51177424,4.773028194904327e-09,0,0,1,0.0,0.0,0
331,172400000.0,2,0.0,7981034.268391035,16820889344,104.4542679977169,420.0,2,2.316792710958611e+20,7952776.001231549,37243876520099.34,5652776.001231548,1.1584335993558255e+20,8424790.51177424,4.773028194904327e-09,0,0,1,0.0,0.0,0
332,172400000.0,2,0.0,8002530.372260933,16893489344,104.45388886436176,420.0,2,2.3323921330862047e+20,7952776.001231549,37243876520099.34,5652776.001231548,1.1662333104196225e+20,8434555.277584054,6.933987606316805e-09,0,0,1,0.0,0.0,0
333,172400000.0,2,0.0,8024035.579712893,16966089344,104.45351612644356,420.0,2,2.348050512813799e+20,7952776.001231549,37243876520099.34,5652776.001231548,1.1740625002834195e+20,8434555.277584054,6.933987606316805e-09,0,0,1,0.0,0.0,0
334,172400000.0,2,0.0,8044611.892916045,17038689344,104.45314960451934,420.0,2,2.3637678501413926e+20,7952776.001231549,37243876520099.34,5652776.001231548,1.1819211689472164e+20,8367041.282358652,5.1513779908418655e-09,0,0,1,0.0,0.0,0
335,172400000.0,2,0.0,8065196.71291088,17111289344,104.45278912649874,420.0,2,2.3795441450689865e+20,7952776.001231549,37243876520099.34,5652776.001231548,1.1898093164110134e+20,8367041.282358652,5.1513779908418655e-09,0,0,1,0.0,0.0,0
336,172400000.0,2,0.0,8086997.420801433,17183889344,104.45232072707188,420.0,2,2.3953793975965804e+20,7952776.001231549,37243876520099.34,5652776.001231548,1.1977269426748103e+20,8425009.18621891,5.5952114053070545e-09,0,0,1,0.0,0.0,0
337,172400000.0,2,0.0,8110752.29077019,17256489344,104.45182479227716,420.0,2,2.4112736077241745e+20,7952776.001231549,37243876520099.34,5652776.001231548,1.2056740477386074e+20,8495072.852562262,2.4519977159798145e-09,0,0,1,0.0,0.0,0
338,172400000.0,2,0.0,8134507.686550506,17329089344,104.45133924940653,420.0,2,2.4272267754517683e+20,7952776.001231549,37243876520099.34,5652776.001231548,1.2136506316024042e+20,8494557.451948203,4.802132025361061e-09,0,0,1,0.0,0.0,0
339,172400000.0,2,0.0,8158270.510345795,17401689344,104.4508637229093,420.0,2,2.4432389007793622e+20,7952776.001231549,37243876520099.34,5652776.001231548,1.2216566942662012e+20,8494557.451948203,4.802132025361061e-09,0,0,1,0.0,0.0,0
340,172400000.0,2,0.0,8182040.514555555,17474289344,104.45039785596589,420.0,2,2.459309983706956e+20,7952776.001231549,37243876520099.34,5652776.001231548,1.2296922357299982e+20,8494557.451948203,4.802132025361061e-09,0,0,1,0.0,0.0,0
341,172400000.0,2,0.0,8205817.459832642,17546889344,104.44994130933823,420.0,2,2.4754400242345502e+20,7952776.001231549,37243876520099.34,5652776.001231548,1.2377572559937952e+20,8494557.451948203,4.802132025361061e-09,0,0,1,0.0,0.0,0
342,172400000.0,2,0.0,8229601.11480814,17619489344,104.44949376030225,420.0,2,2.491629022362144e+20,7952776.001231549,37243876520099.34,5652776.001231548,1.245851755057592e+20,8494557.451948203,4.802132025361061e-09,0,0,1,0.0,0.0,0
343,172400000.0,2,0.0,8253391.25582544,17692089344,104.44905490165607,420.0,2,2.507876978089738e+20,7952776.001231549,37243876520099.34,5652776.001231548,1.253975732921389e+20,8494557.451948203,4.802132025361061e-09,0,0,1,0.0,0.0,0
344,172400000.0,2,0.0,8277187.666683142,17764689344,104.44862444079762,420.0,2,2.5241838914173318e+20,7952776.001231549,37243876520099.34,5652776.001231548,1.262129189585186e+20,8494557.451948203,4.802132025361061e-09,0,0,1,0.0,0.0,0
345,172400000.0,2,0.0,8300990.138497342,17837289344,104.44820209885755,420.0,2,2.540549762344926e+20,7952776.001231549,37243876520099.34,5652776.001231548,1.270312125048983e+20,8494557.457265109,5.908077582716942e-09,0,0,1,0.0,0.0,0
346,172400000.0,2,0.0,8325392.307833973,17909889344,104.44777626915787,420.0,2,2.5569745908725196e+20,7952776.001231549,37243876520099.34,5652776.001231548,1.27852453931278e+20,8515935.65064143,5.791662260890007e-09,0,0,1,0.0,0.0,0
347,172400000.0,2,0.0,8348118.668850475,17982489344,104.44743253384591,420.0,2,2.5734583770001136e+20,7952776.001231549,37243876520099.34,5652776.001231548,1.2867664323765769e+20,8435225.00214168,4.234607331454754e-09,0,0,1,0.0,0.0,0
348,172400000.0,2,0.0,8370850.504606477,18055089344,104.44709331505248,420.0,2,2.5900011207277075e+20,7952776.001231549,37243876520099.34,5652776.001231548,1.2950378042403738e+20,8435225.00214168,4.234607331454754e-09,0,0,1,0.0,0.0,0
349,172400000.0,2,0.0,8393587.632610658,18127689344,104.44675850855359,420.0,2,2.6066028220553016e+20,7952776.001231549,37243876520099.34,5652776.001231548,1.3033386549041709e+20,8435225.00214168,4.234607331454754e-09,0,0,1,0.0,0.0,0
350,172400000.0,2,0.0,8416329.876454748,18200289344,104.44642801376924,420.0,2,2.6232634809828953e+20,7952776.001231549,37243876520099.34,5652776.001231548,1.3116689843679678e+20,8435225.00214168,4.234607331454754e-09,0,0,1,0.0,0.0,0
351,172400000.0,2,0.0,8439077.065610744,18272889344,104.44610173359555,420.0,2,2.6399830975104893e+20,7952776.001231549,37243876520099.34,5652776.001231548,1.3200287926317647e+20,8435225.00214168,4.234607331454754e-09,0,0,1,0.0,0.0,0
352,172400000.0,2,0.0,8461790.121593576,18345489344,104.44578220571941,420.0,2,2.6567616716380835e+20,7952776.001231549,37243876520099.34,5652776.001231548,1.3284180796955619e+20,8433357.147357073,4.234607331454754e-09,0,0,1,0.0,0.0,0
353,172400000.0,2,0.0,8484873.871556608,18418089344,104.44546047061705,420.0,2,2.6735992033656773e+20,7952776.001231549,37243876520099.34,5652776.001231548,1.3368368455593588e+20,8446926.2138344,5.77711034566164e-09,0,0,1,0.0,0.0,0
354,172400000.0,2,0.0,8505306.558666103,18490689344,104.44518548417147,420.0,2,2.6904956926932713e+20,7952776.001231549,37243876520099.34,5652776.001231548,1.3452850902231558e+20,8351327.136157551,5.77711034566164e-09,0,0,1,0.0,0.0,0
355,172400000.0,2,0.0,8525743.5639548,18563289344,104.44491407477372,420.0,2,2.7074511396208653e+20,7952776.001231549,37243876520099.34,5652776.001231548,1.3537628136869528e+20,8351327.136157551,5.77711034566164e-09,0,0,1,0.0,0.0,0
356,172400000.0,2,0.0,8546184.743483394,18635889344,104.44464616418155,420.0,2,2.7244655441484592e+20,7952776.001231549,37243876520099.34,5652776.001231548,1.3622700159507497e+20,8351327.136157551,5.77711034566164e-09,0,0,1,0.0,0.0,0
357,172400000.0,2,0.0,8566629.958110549,18708489344,104.4443816767186,420.0,2,2.741538906276053e+20,7952776.001231549,37243876520099.34,5652776.001231548,1.3708066970145466e+20,8351327.136157551,5.77711034566164e-09,0,0,1,0.0,0.0,0
358,172400000.0,2,0.0,8586766.10434206,18781089344,104.44412414562338,420.0,2,2.758671226003647e+20,7952776.001231549,37243876520099.34,5652776.001231548,1.3793728568783436e+20,8340060.252484075,8.745701052248478e-09,0,0,1,0.0,0.0,0
359,172400000.0,2,0.0,8606906.021149002,18853689344,104.44386984342368,420.0,2,2.775862503331241e+20,7952776.001231549,37243876520099.34,5652776.001231548,1.3879684955421406e+20,8340060.252484075,8.745701052248478e-09,0,0,1,0.0,0.0,0
360,172400000.0,2,0.0,8627049.582547447,18926289344,104.44361870228867,420.0,2,2.793112738258835e+20,7952776.001231549,37243876520099.34,5652776.001231548,1.3965936130059375e+20,8340060.238175865,7.843482308089733e-09,0,0,1,0.0,0.0,0
361,172400000.0,2,0.0,8647196.667339161,18998889344,104.44337065648715,420.0,2,2.8104219307864287e+20,7952776.001231549,37243876520099.34,5652776.001231548,1.4052482092697344e+20,8340060.238175865,7.843482308089733e-09,0,0,1,0.0,0.0,0
362,172400000.0,2,0.0,8667347.158077704,19071489344,104.44312564235096,420.0,2,2.8277900809140227e+20,7952776.001231549,37243876520099.34,5652776.001231548,1.4139322843335315e+20,8340060.238175865,7.843482308089733e-09,0,0,1,0.0,0.0,0
363,172400000.0,2,0.0,8687500.94123151,19144089344,104.44288359817084,420.0,2,2.8452171886416167e+20,7952776.001231549,37243876520099.34,5652776.001231548,1.4226458381973284e+20,8340060.238175865,7.843482308089733e-09,0,0,1,0.0,0.0,0
364,172400000.0,2,0.0,8707657.90705341,19216689344,104.44264446411482,420.0,2,2.8627032539692106e+20,7952776.001231549,37243876520099.34,5652776.001231548,1.4313888708611254e+20,8340060.238175865,7.843482308089733e-09,0,0,1,0.0,0.0,0
365,172400000.0,2,0.0,8727817.949454462,19289289344,104.44240818215054,420.0,2,2.8802482768968044e+20,7952776.001231549,37243876520099.34,5652776.001231548,1.4401613823249223e+20,8340060.238175865,7.843482308089733e-09,0,0,1,0.0,0.0,0
366,172400000.0,2,0.0,8747980.965882031,19361889344,104.44217469597183,420.0,2,2.8978522574243984e+20,7952776.001231549,37243876520099.34,5652776.001231548,1.4489633725887193e+20,8340060.238175865,7.843482308089733e-09,0,0,1,0.0,0.0,0
367,172400000.0,2,0.0,8768297.80136367,19434489344,104.44193588385767,420.0,2,2.9155151955519924e+20,7952776.001231549,37243876520099.34,5652776.001231548,1.4577948416525163e+20,8347305.557940941,7.377821020781994e-09,0,0,1,0.0,0.0,0
368,172400000.0,2,0.0,8788693.586438654,19507089344,104.44170000077676,420.0,2,2.9332370912795863e+20,7952776.001231549,37243876520099.34,5652776.001231548,1.4666557895163132e+20,8350959.066883047,6.737536750733852e-09,0,0,1,0.0,0.0,0
369,172400000.0,2,0.0,8809092.057940766,19579689344,104.44146698715699,420.0,2,2.95101794460718e+20,7952776.001231549,37243876520099.34,5652776.001231548,1.4755462161801101e+20,8350959.0668824855,7.09405867382884e-09,0,0,1,0.0,0.0,0
370,172400000.0,2,0.0,8829459.635994904,19652289344,104.44123739674147,420.0,2,2.968857755534774e+20,7952776.001231549,37243876520099.34,5652776.001231548,1.484466121643907e+20,8349753.4150911,9.538780432194471e-09,0,0,1,0.0,0.0,0
371,172400000.0,2,0.0,8849829.724365951,19724889344,104.4410105606669,420.0,2,2.986756524062368e+20,7952776.001231549,37243876520099.34,5652776.001231548,1.493415505907704e+20,8349753.4150911,9.538780432194471e-09,0,0,1,0.0,0.0,0
372,172400000.0,2,0.0,8869977.287180187,19797489344,104.44078642450245,420.0,2,3.004714250189962e+20,7952776.001231549,37243876520099.34,5652776.001231548,1.502394368971501e+20,8333556.856943196,6.810296326875687e-09,0,0,1,0.0,0.0,0
373,172400000.0,2,0.0,8890127.195746116,19870089344,104.44056493539449,420.0,2,3.022730933917556e+20,7952776.001231549,37243876520099.34,5652776.001231548,1.511402710835298e+20,8333556.856943196,6.810296326875687e-09,0,0,1,0.0,0.0,0
374,172400000.0,2,0.0,8910275.964865377,19942689344,104.44034604200486,420.0,2,3.0408065752451495e+20,7952776.001231549,37243876520099.34,5652776.001231548,1.5204405314990948e+20,8333311.552465253,7.486960384994745e-09,0,0,1,0.0,0.0,0
375,172400000.0,2,0.0,8930426.925959276,20015289344,104.44012969445221,420.0,2,3.058941174172744e+20,7952776.001231549,37243876520099.34,5652776.001231548,1.529507830962892e+20,8333311.552465253,7.486960384994745e-09,0,0,1,0.0,0.0,0
376,172400000.0,2,0.0,8948477.087987358,20087889344,104.43993743348155,420.0,2,3.077134730700338e+20,7952776.001231549,37243876520099.34,5652776.001231548,1.538604609226689e+20,8257606.5053784875,4.5183696784079075e-09,0,0,1,0.0,0.0,0
377,172400000.0,2,0.0,8966529.298293965,20160489344,104.43974742265165,420.0,2,3.0953872448279314e+20,7952776.001231549,37243876520099.34,5652776.001231548,1.5477308662904858e+20,8257606.5053784875,4.5183696784079075e-09,0,0,1,0.0,0.0,0
378,172400000.0,2,0.0,8984583.488603145,20233089344,104.43955961829819,420.0,2,3.1136987165555255e+20,7952776.001231549,37243876520099.34,5652776.001231548,1.556886602154283e+20,8257606.5053784875,4.5183696784079075e-09,0,0,1,0.0,0.0,0
379,172400000.0,2,0.0,9002639.592914809,20305689344,104.43937397797663,420.0,2,3.1320691458831195e+20,7952776.001231549,37243876520099.34,5652776.001231548,1.5660718168180798e+20,8257606.5053784875,4.5183696784079075e-09,0,0,1,0.0,0.0,0
380,172400000.0,2,0.0,9020697.547428876,20378289344,104.43919046041624,420.0,2,3.1504985328107133e+20,7952776.001231549,37243876520099.34,5652776.001231548,1.5752865102818768e+20,8257606.5053784875,4.5183696784079075e-09,0,0,1,0.0,0.0,0
381,172400000.0,2,0.0,9038757.290471934,20450889344,104.43900902547674,420.0,2,3.168986877338307e+20,7952776.001231549,37243876520099.34,5652776.001231548,1.5845306825456737e+20,8257606.5053784875,4.5183696784079075e-09,0,0,1,0.0,0.0,0
382,172400000.0,2,0.0,9056789.99504589,20523489344,104.4388296341068,420.0,2,3.1875341794659015e+20,7952776.001231549,37243876520099.34,5652776.001231548,1.593804333609471e+20,8255535.253985388,2.975866664201021e-09,0,0,1,0.0,0.0,0
383,172400000.0,2,0.0,9074824.370900823,20596089344,104.43865224830414,420.0,2,3.206140439193495e+20,7952776.001231549,37243876520099.34,5652776.001231548,1.6031074634732677e+20,8255535.253985388,2.975866664201021e-09,0,0,1,0.0,0.0,0
384,172400000.0,2,0.0,9092860.197880747,20668689344,104.43847683403989,420.0,2,3.2248056565210894e+20,7952776.001231549,37243876520099.34,5652776.001231548,1.6124400721370648e+20,8255529.333906894,1.4624674804508686e-09,0,0,1,0.0,0.0,0
385,172400000.0,2,0.0,9110897.586579897,20741289344,104.43830335233066,420.0,2,3.243529831448683e+20,7952776.001231549,37243876520099.34,5652776.001231548,1.6218021596008615e+20,8255529.333906894,5.311449058353901e-10,0,0,1,0.0,0.0,0
386,172400000.0,2,0.0,9128936.48494096,20813889344,104.43813176810144,420.0,2,3.262312963976277e+20,7952776.001231549,37243876520099.34,5652776.001231548,1.6311937258646585e+20,8255529.333906894,5.311449058353901e-10,0,0,1,0.0,0.0,0
387,172400000.0,2,0.0,9146976.842641879,20886489344,104.43796204718467,420.0,2,3.281155054103871e+20,7952776.001231549,37243876520099.34,5652776.001231548,1.6406147709284555e+20,8255529.333906894,5.311449058353901e-10,0,0,1,0.0,0.0,0
388,172400000.0,2,0.0,9165018.61103799,20959089344,104.43779415628903,420.0,2,3.300056101831465e+20,7952776.001231549,37243876520099.34,5652776.001231548,1.6500652947922525e+20,8255529.333906894,5.311449058353901e-10,0,0,1,0.0,0.0,0
389,172400000.0,2,0.0,9183061.743106121,21031689344,104.43762806296907,420.0,2,3.3190161071590585e+20,7952776.001231549,37243876520099.34,5652776.001231548,1.6595452974560494e+20,8255529.333906894,5.311449058353901e-10,0,0,1,0.0,0.0,0
390,172400000.0,2,0.0,9201106.193390537,21104289344,104.43746373559618,420.0,2,3.338035070086653e+20,7952776.001231549,37243876520099.34,5652776.001231548,1.6690547789198465e+20,8255529.333906894,5.311449058353901e-10,0,0,1,0.0,0.0,0
391,172400000.0,2,0.0,9219151.917950697,21176889344,104.43730114333127,420.0,2,3.3571129906142465e+20,7952776.001231549,37243876520099.34,5652776.001231548,1.6785937391836434e+20,8255529.333906894,5.311449058353901e-10,0,0,1,0.0,0.0,0
392,172400000.0,2,0.0,9237198.87431074,21249489344,104.4371402560981,420.0,2,3.376249868741841e+20,7952776.001231549,37243876520099.34,5652776.001231548,1.6881621782474405e+20,8255529.333906894,5.311449058353901e-10,0,0,1,0.0,0.0,0
393,172400000.0,2,0.0,9255583.691293132,21322089344,104.43698104455801,420.0,2,3.395445704469434e+20,7952776.001231549,37243876520099.34,5652776.001231548,1.6977600961112372e+20,8271689.488265157,1.3969838619232178e-09,0,0,1,0.0,0.0,0
394,172400000.0,2,0.0,9273969.659324087,21394689344,104.43682348008568,420.0,2,3.414700497797028e+20,7952776.001231549,37243876520099.34,5652776.001231548,1.7073874927750342e+20,8271689.488265157,1.3969838619232178e-09,0,0,1,0.0,0.0,0
395,172400000.0,2,0.0,9293816.546684429,21467289344,104.43666753474574,420.0,2,3.434014248724622e+20,7952776.001231549,37243876520099.34,5652776.001231548,1.7170443682388312e+20,8376795.699626994,2.6193447411060333e-09,0,0,1,0.0,0.0,0
396,172400000.0,2,0.0,9315329.062239476,21539889344,104.43649243665011,420.0,2,3.453386957252216e+20,7952776.001231549,37243876520099.34,5652776.001231548,1.726730722502628e+20,8442704.93622935,3.4924596548080444e-09,0,0,1,0.0,0.0,0
397,172400000.0,2,0.0,9336842.617532425,21612489344,104.436318978183,420.0,2,3.47281862337981e+20,7952776.001231549,37243876520099.34,5652776.001231548,1.736446555566425e+20,8442704.93622935,3.4924596548080444e-09,0,0,1,0.0,0.0,0
398,172400000.0,2,0.0,9358153.749149656,21685089344,104.4361507309866,420.0,2,3.492309247107404e+20,7952776.001231549,37243876520099.34,5652776.001231548,1.7461918674302222e+20,8435381.50102478,5.704350769519806e-09,0,0,1,0.0,0.0,0
399,172400000.0,2,0.0,9379557.101544857,21757689344,104.43598317560273,420.0,2,3.511858828434998e+20,7952776.001231549,37243876520099.34,5652776.001231548,1.755966658094019e+20,8438666.472248735,7.07223080098629e-09,0,0,1,0.0,0.0,0
400,2095000000.0,0,102343.75,8880366.7750759,19907689344,87.42074632779268,319.35288781372844,0,3.1340325309049884e+20,25950411.164750792,102204024981914.06,5550432.251231548,1.5671184694774763e+20,8438666.472248735,7.07223080098629e-09,0,0,1,0.0,0.0,0
401,1461538255.8044214,1,0.0,8583491.027951308,18691151088,95.22121636570019,420.0,1,3.005345851984303e+20,36524666.527616605,210160253639049.94,7318236.778864387,1.5028830862457907e+20,8438666.415694723,3.812601789832115e-09,0,0,1,0.0,0.0,0
402,1146200000.0,1,0.0,8400375.562172357,17789951088,95.01124561436282,420.0,1,3.0044133523166285e+20,43403551.70527435,338885053732579.4,10977355.168296581,1.502545561212047e+20,8438666.415694723,3.812601789832115e-09,0,0,1,0.0,0.0,0
403,659089343.6847236,1,0.0,8331848.2280631475,17375861744,94.93471099209751,420.0,1,3.019205713533994e+20,46446979.68233887,416413778530881.6,12713103.922342567,1.510019270545528e+20,8558287.208215248,5.165929906070232e-09,0,0,1,0.0,0.0,0
404,196200000.0,1,0.0,8361994.4400052745,17424661744,94.8613979578886,420.0,1,3.036188368996329e+20,45890103.48352772,409379393353483.2,12640691.1776201,1.518503563891518e+20,8494211.921570323,7.101334631443024e-09,0,0,1,0.0,0.0,0
405,196200000.0,1,0.0,8392140.650523076,17473461744,94.8115020222435,420.0,1,3.0532186532586645e+20,45333227.28471657,402490171783729.94,12568278.432897633,1.5270118168011158e+20,8494211.921570323,7.101334631443024e-09,0,0,1,0.0,0.0,0
406,196200000.0,1,0.0,8421887.691330615,17522261744,94.77510567774232,420.0,1,3.070296566320999e+20,44779943.60090614,395780732105766.44,12495865.688175166,1.5355440638926055e+20,8479841.861567412,5.966285243630409e-09,0,0,1,0.0,0.0,0
407,196200000.0,1,0.0,8451634.730807204,17571061744,94.74722570660262,420.0,1,3.087422108183334e+20,44226659.91709571,389216231965487.3,12423452.9434527,1.5441002703236324e+20,8479841.861567412,5.966285243630409e-09,0,0,1,0.0,0.0,0
408,196200000.0,1,0.0,8484842.760566078,17619861744,94.72507616394846,420.0,1,3.104595278845669e+20,43650357.77863695,382253258753601.94,12351040.198730232,1.552679892681588e+20,8636959.435933042,2.8085196390748024e-09,0,0,1,0.0,0.0,0
409,196200000.0,1,0.0,8518050.789081253,17668661744,94.70699753495335,420.0,1,3.121816078308004e+20,43074055.64017819,375447430596957.5,12278627.454007765,1.5612834865845987e+20,8636959.435933042,2.8085196390748024e-09,0,0,1,0.0,0.0,0
410,196200000.0,1,0.0,8551258.816394182,17717461744,94.69192193547428,420.0,1,3.1390845065703385e+20,42497753.50171942,368798747495553.94,12206214.709285298,1.569911052032665e+20,8636959.435933042,3.485183697193861e-09,0,0,1,0.0,0.0,0
411,196200000.0,1,0.0,8584394.795702757,17766261744,94.6791341737174,420.0,1,3.156400563632673e+20,42021451.36326066,362297209449391.2,12133801.964562831,1.578562579025786e+20,8631772.0632958,1.8189894035458565e-09,0,0,1,0.0,0.0,0
412,196200000.0,1,0.0,8617530.7738879,17815061744,94.66813669481932,420.0,1,3.173764249495009e+20,41645149.22480189,355882816458469.44,12061389.219840365,1.587238007563963e+20,8631772.0632958,1.8189894035458565e-09,0,0,1,0.0,0.0,0
413,196200000.0,1,0.0,8650640.194970965,17863861744,94.65857279966762,420.0,1,3.1911755641573435e+20,41268847.086343125,349545568522788.5,11988976.475117898,1.5959373276471945e+20,8630497.374523114,1.8189894035458565e-09,0,0,1,0.0,0.0,0
414,196200000.0,1,0.0,8678194.059448687,17912661744,94.65023858529075,420.0,1,3.208634507619678e+20,40892544.94788436,343285465642348.5,11916563.73039543,1.6046605392754816e+20,8630497.374523114,1.8189894035458565e-09,0,0,1,0.0,0.0,0
415,196200000.0,1,0.0,8705747.922911623,17961461744,94.64287532065173,420.0,1,3.226141079882013e+20,40516242.80942559,337102507817149.4,11844150.985672964,1.6134076424488236e+20,8630497.374523114,1.8189894035458565e-09,0,0,1,0.0,0.0,0
416,196200000.0,1,0.0,8733301.78539359,18010261744,94.63633063246034,420.0,1,3.243695280944348e+20,40139940.67096683,330996695047191.1,11771738.240950497,1.622178637167221e+20,8630497.374523114,1.8189894035458565e-09,0,0,1,0.0,0.0,0
417,196200000.0,1,0.0,8760855.646927295,18059061744,94.63048559560464,420.0,1,3.2612971108066827e+20,39763638.53250806,324968027332473.7,11699325.49622803,1.630973523430674e+20,8630497.374523114,1.8189894035458565e-09,0,0,1,0.0,0.0,0
418,196200000.0,1,0.0,8788409.50754434,18107861744,94.62524611633032,420.0,1,3.2789465694690175e+20,39387336.3940493,319016504672997.25,11626912.751505563,1.6397923012391816e+20,8630497.374523114,1.8189894035458565e-09,0,0,1,0.0,0.0,0
419,196200000.0,1,0.0,8816119.290384239,18156661744,94.62053622255885,420.0,1,3.296643656931353e+20,39009630.94760997,313113480364172.25,11554500.006783096,1.6486349419460405e+20,8636110.606445378,1.7025740817189217e-09,0,0,1,0.0,0.0,0
420,196200000.0,1,0.0,8843829.07236757,18205461744,94.61629576101276,420.0,1,3.314388373193688e+20,38631925.501170635,307288413756055.06,11482087.26206063,1.6575014750106e+20,8636110.606445378,1.7025740817189217e-09,0,0,1,0.0,0.0,0
421,196200000.0,1,0.0,8871538.853522887,18254261744,94.61247525432512,420.0,1,3.3321807182560225e+20,38254220.05473131,301541304848645.6,11409674.517338162,1.6663919004328598e+20,8636110.606445378,1.7025740817189217e-09,0,0,1,0.0,0.0,0
422,196200000.0,1,0.0,8899326.883944174,18303061744,94.60902055859023,420.0,1,3.350020692118357e+20,37875575.60749542,295864767485636.06,11337261.772615695,1.6753062108266643e+20,8639866.609631613,3.0122464522719383e-09,0,0,1,0.0,0.0,0
423,196200000.0,1,0.0,8927114.913591731,18351861744,94.60591299545631,420.0,1,3.367908294780692e+20,37496931.16025953,290266353639742.1,11264849.027893228,1.6842444137439858e+20,8639866.609631613,3.0122464522719383e-09,0,0,1,0.0,0.0,0
424,196200000.0,1,0.0,8954902.942491343,18400661744,94.60312539697642,420.0,1,3.385843526243027e+20,37118286.71302364,284746063310963.7,11192436.283170762,1.6932065091848244e+20,8639866.609631613,3.0122464522719383e-09,0,0,1,0.0,0.0,0
425,196200000.0,1,0.0,8980974.195637802,18449461744,94.60063563230445,420.0,1,3.4038263865053617e+20,36739642.26578775,279303896499300.88,11120023.538448295,1.70219249714918e+20,8639866.609631613,3.0122464522719383e-09,0,0,1,0.0,0.0,0
426,196200000.0,1,0.0,9007258.468058977,18498261744,94.59707841928517,420.0,1,3.421856875567697e+20,36360997.81855186,273939853204753.62,11047610.793725828,1.7112023776370534e+20,8639866.609631613,3.0122464522719383e-09,0,0,1,0.0,0.0,0
427,196200000.0,1,0.0,9035046.49486106,18547061744,94.59325373770561,420.0,1,3.439934993430032e+20,35982353.37131597,268653933427321.97,10975198.04900336,1.7202361506484434e+20,8639866.609631613,3.0122464522719383e-09,0,0,1,0.0,0.0,0
428,196200000.0,1,0.0,9062834.521010052,18595861744,94.58963798833595,420.0,1,3.458060740092367e+20,35603708.92408008,263446137167005.88,10902785.304280894,1.7292938161833502e+20,8639866.609631613,3.0122464522719383e-09,0,0,1,0.0,0.0,0
429,196200000.0,1,0.0,9090622.546527721,18644661744,94.5862142862634,420.0,1,3.4762341155547015e+20,35225064.47684419,258316464423805.34,10830372.559558427,1.7383753742417746e+20,8639866.609631613,3.0122464522719383e-09,0,0,1,0.0,0.0,0
430,196200000.0,1,0.0,9118410.57143511,18693461744,94.58296770611113,420.0,1,3.494455119817036e+20,34846420.0296083,253264915197720.38,10757959.81483596,1.747480824823716e+20,8639866.609631613,3.0122464522719383e-09,0,0,1,0.0,0.0,0
431,196200000.0,1,0.0,9146198.595752569,18742261744,94.57988499736312,420.0,1,3.512723752879371e+20,34467775.58237241,248291489488751.0,10685547.070113493,1.7566101679291744e+20,8639866.609631613,2.371962182223797e-09,0,0,1,0.0,0.0,0
432,196200000.0,1,0.0,9173986.619499754,18791061744,94.57695434939922,420.0,1,3.531040014741706e+20,34089131.13513652,243396187296897.2,10613134.325391026,1.7657634035581498e+20,8639866.609631613,2.371962182223797e-09,0,0,1,0.0,0.0,0
433,196200000.0,1,0.0,9200807.961562019,18839861744,94.57424459195032,420.0,1,3.549403905404041e+20,33719186.81810354,238762495614793.34,10549421.71087147,1.7749407151976353e+20,8605066.088819977,2.1245796233415604e-09,0,0,1,0.0,0.0,0
434,196200000.0,1,0.0,9229384.3851877,18888661744,94.57165363314436,420.0,1,3.567815424866376e+20,33333446.76220384,233951317547361.94,10485709.096351912,1.7841416637507355e+20,8668249.04428686,2.852175384759903e-09,0,0,1,0.0,0.0,0
435,196200000.0,1,0.0,9257960.808298262,18937461744,94.56918117825823,420.0,1,3.586274573128711e+20,32947706.706304137,229225584921391.2,10421996.481832355,1.793366512149277e+20,8668249.04428686,1.4842953532934189e-09,0,0,1,0.0,0.0,0
436,196200000.0,1,0.0,9286537.230910867,18986261744,94.56681987584197,420.0,1,3.604781350191046e+20,32561966.650404435,224585297736881.16,10358283.867312798,1.8026152603932597e+20,8668249.04428686,1.4842953532934189e-09,0,0,1,0.0,0.0,0
437,196200000.0,1,0.0,9314962.281398024,19035061744,94.56459530747482,420.0,1,3.6233357560533805e+20,32176226.594504736,220030455993831.8,10294571.252793241,1.811887908482684e+20,8668249.04428686,2.735760062932968e-09,0,0,1,0.0,0.0,0
438,196200000.0,1,0.0,9342896.308156362,19083861744,94.56255057889496,420.0,1,3.641937790715715e+20,31792843.061124228,215576449381847.22,10230858.638273684,1.8211844718072395e+20,8658822.954210086,6.2427716329693794e-09,0,0,1,0.0,0.0,0
439,196200000.0,1,0.0,9370768.505029641,19132661744,94.56060497149574,420.0,1,3.66058745417805e+20,31409459.47815577,211207466003430.72,10167146.023754127,1.8305049345550284e+20,8658823.15256189,8.68749339133501e-09,0,0,1,0.0,0.0,0
440,196200000.0,1,0.0,9398580.92768792,19181461744,94.5587525367931,420.0,1,3.6792847464403855e+20,31026075.895187307,206923506294184.2,10103433.40923457,1.839849296726487e+20,8658823.15256189,8.68749339133501e-09,0,0,1,0.0,0.0,0
441,196200000.0,1,0.0,9426335.568605032,19230261744,94.556987884979,420.0,1,3.69802966750272e+20,30642692.31221885,202724570254107.66,10039720.794715013,1.8492175583216144e+20,8658823.15256189,8.68749339133501e-09,0,0,1,0.0,0.0,0
442,196200000.0,1,0.0,9452985.685245866,19279061744,94.55532006144959,420.0,1,3.716822217365055e+20,30268746.746588744,198692352436178.0,9976008.180195456,1.8586098010349637e+20,8621071.083208472,6.2427716329693794e-09,0,0,1,0.0,0.0,0
443,196200000.0,1,0.0,9479581.808075087,19327861744,94.55373062816628,420.0,1,3.73566239602739e+20,29894801.18081992,194744815587373.4,9912295.5656759,1.8680259428292824e+20,8621071.083763339,6.7484506871551275e-09,0,0,1,0.0,0.0,0
444,196200000.0,1,0.0,9506125.736871518,19376661744,94.5522155346936,420.0,1,3.7545502034897247e+20,29520855.615051102,190881959708897.12,9848582.951156342,1.8774659837045712e+20,8621071.083763339,6.7484506871551275e-09,0,0,1,0.0,0.0,0
445,196200000.0,1,0.0,9532288.901090082,19425461744,94.55080420243094,420.0,1,3.7734856397520595e+20,29150873.77343631,187126988159174.28,9784870.336636785,1.8869299468641888e+20,8605216.187147213,5.744368536397815e-09,0,0,1,0.0,0.0,0
446,196200000.0,1,0.0,9558403.292773904,19474261744,94.54945887592666,420.0,1,3.792468704814394e+20,28780891.93315075,183456058571052.56,9721157.722117228,1.8964178084657683e+20,8605216.18183031,6.297341315075755e-09,0,0,1,0.0,0.0,0
447,196200000.0,1,0.0,9584470.537781216,19523061744,94.54817653314532,420.0,1,3.81149939867673e+20,28410910.092865184,179869170936643.7,9657445.107597671,1.9059295685093016e+20,8605216.18183031,6.2682374846190214e-09,0,0,1,0.0,0.0,0
448,196200000.0,1,0.0,9610492.207667904,19571861744,94.54695441549688,420.0,1,3.8305777213390645e+20,28040928.252579622,176366325255947.6,9593732.493078114,1.9154652269947883e+20,8605216.18183031,6.2682374846190214e-09,0,0,1,0.0,0.0,0
449,196200000.0,1,0.0,9636469.821604656,19620661744,94.54579000469752,420.0,1,3.849703672801399e+20,27670946.41229406,172947521528964.34,9530019.878558557,1.9250247839222288e+20,8605216.18183031,6.2682374846190214e-09,0,0,1,0.0,0.0,0
450,196200000.0,1,0.0,9662404.848123131,19669461744,94.54468100249323,420.0,1,3.868877253063734e+20,27300964.572008494,169612759755693.88,9466307.264039,1.9346082392916227e+20,8605216.18183031,6.2682374846190214e-09,0,0,1,0.0,0.0,0
451,196200000.0,1,0.0,9688302.410373755,19718261744,94.54362497937042,420.0,1,3.888098462126069e+20,26930938.288885217,166361800034506.94,9402594.649519444,1.944215592863069e+20,8605393.953181168,6.3555489759892225e-09,0,0,1,0.0,0.0,0
452,196200000.0,1,0.0,9714160.177047973,19767061744,94.54262037101849,420.0,1,3.9073672999884037e+20,26560912.00576194,163194889083568.5,9338882.034999887,1.9538468448832854e+20,8605393.953181168,6.3555489759892225e-09,0,0,1,0.0,0.0,0
453,196200000.0,1,0.0,9739979.474664994,19815861744,94.54166544055091,420.0,1,3.9266837666507384e+20,26190885.72263866,160112026902878.6,9275169.42048033,1.963501995352272e+20,8605393.953181168,6.3555489759892225e-09,0,0,1,0.0,0.0,0
454,196200000.0,1,0.0,9765761.585526729,19864661744,94.5407586120558,420.0,1,3.946047862113074e+20,25820859.439515382,157113213492437.2,9211456.805960773,1.9731810442700295e+20,8605393.953181168,6.3555489759892225e-09,0,0,1,0.0,0.0,0
455,196200000.0,1,0.0,9791507.749191683,19913461744,94.53989846012054,420.0,1,3.965459586375409e+20,25529307.155160554,154192290683761.62,9147744.191441216,1.982883985478388e+20,8605393.953181168,6.3555489759892225e-09,0,0,1,0.0,0.0,0
456,196200000.0,1,0.0,9817219.163899753,19962261744,94.53908370071369,420.0,1,3.9849189394377435e+20,25261624.622037277,151335037924030.28,9084031.576921659,1.992610804756796e+20,8605393.953181168,6.3555489759892225e-09,0,0,1,0.0,0.0,0
457,196200000.0,1,0.0,9846240.801740402,20011061744,94.537808544275,420.0,1,4.004425921300078e+20,24993942.088914,148540885448219.3,9020318.962402102,2.0023615015354873e+20,8605393.953181168,6.3555489759892225e-09,0,0,1,0.0,0.0,0
458,196200000.0,1,0.0,9875205.809623502,20059861744,94.53656866908558,420.0,1,4.023980531962413e+20,24726393.437352758,145810941352647.56,8956606.347882545,2.0121360769225592e+20,8604858.42693301,4.725734470412135e-09,0,0,1,0.0,0.0,0
459,196200000.0,1,0.0,9904108.040526815,20108661744,94.53536571651246,420.0,1,4.043582771424748e+20,24458844.78579152,143144011226081.56,8892893.733362988,2.0219345297236e+20,8604858.42693301,4.725734470412135e-09,0,0,1,0.0,0.0,0
460,196200000.0,1,0.0,9932949.587016337,20157461744,94.53419803662864,420.0,1,4.0632326396870826e+20,24191296.13423028,140540095068521.31,8829181.11884343,2.03175685993861e+20,8604858.42693301,4.725734470412135e-09,0,0,1,0.0,0.0,0
461,196200000.0,1,0.0,9961732.47190586,20206261744,94.5330640789657,420.0,1,4.082930136749418e+20,23923747.48266904,137999192879966.83,8765468.504323874,2.041603067567589e+20,8604858.42693301,4.725734470412135e-09,0,0,1,0.0,0.0,0
462,196200000.0,1,0.0,9990458.65058205,20255061744,94.5319623849371,420.0,1,4.102675262611753e+20,23656198.831107803,135521304660418.1,8701755.889804317,2.051473152610537e+20,8604858.42693301,4.725734470412135e-09,0,0,1,0.0,0.0,0
463,196200000.0,1,0.0,10017506.230389098,20303861744,94.531087921472,420.0,1,4.1224680172740877e+20,23388650.17954656,133106430409875.14,8638043.27528476,2.0613671150674536e+20,8604858.42693301,4.725734470412135e-09,0,0,1,0.0,0.0,0
464,196200000.0,1,0.0,10042605.958357742,20352661744,94.53046490947864,420.0,1,4.1423084007364225e+20,23121101.527985323,130754570128337.92,8574330.660765203,2.0712849549383395e+20,8604858.42693301,4.725734470412135e-09,0,0,1,0.0,0.0,0
465,196200000.0,1,0.0,10067676.989278935,20401461744,94.52985794286322,420.0,1,4.162196412998757e+20,22853552.87642408,128465723815806.47,8510618.046245646,2.0812266722231943e+20,8604858.42693301,4.725734470412135e-09,0,0,1,0.0,0.0,0
466,196200000.0,1,0.0,10092727.444030963,20450261744,94.52926632781545,420.0,1,4.182132054061092e+20,22585939.746072475,126239524008461.58,8446905.431726089,2.0911922665545544e+20,8605116.342094488,7.98536348156631e-09,0,0,1,0.0,0.0,0
467,196200000.0,1,0.0,10117751.082986431,20499061744,94.52868947534867,420.0,1,4.202115323923427e+20,22318326.615720864,124076379731357.31,8383192.817206532,2.1011817383414448e+20,8605116.342094488,1.529042492620647e-08,0,0,1,0.0,0.0,0
468,196200000.0,1,0.0,10143831.394299392,20547861744,94.5281267966062,420.0,1,4.222146222585762e+20,22050713.485369258,121976290984493.67,8319480.202686975,2.1111950875838657e+20,8683063.131274734,1.7298589227721095e-08,0,0,1,0.0,0.0,0
469,196200000.0,1,0.0,10169886.647740228,20596661744,94.52757773458742,420.0,1,4.242224750048097e+20,21783100.355017647,119939257767870.66,8255767.588167418,2.1212323142818166e+20,8683063.131274734,1.7298589227721095e-08,0,0,1,0.0,0.0,0
470,196200000.0,1,0.0,10197522.287285425,20645461744,94.52703404383382,420.0,1,4.262350906310432e+20,21501045.474807695,117901807928854.73,8192054.973647861,2.131293354963145e+20,8740830.130708104,1.6236299416050315e-08,0,0,1,0.0,0.0,0
471,196200000.0,1,0.0,10225134.511641227,20694261744,94.52650291978728,420.0,1,4.2825246913727667e+20,21218990.594597746,115937140764947.48,8128342.359128304,2.1413782828271482e+20,8740830.130708104,1.6236299416050315e-08,0,0,1,0.0,0.0,0
472,196200000.0,1,0.0,10252724.10131395,20743061744,94.52598388862653,420.0,1,4.3027461052351015e+20,20936935.714387793,114045256276148.92,8064629.744608747,2.1514870978738268e+20,8740830.130708104,1.6236299416050315e-08,0,0,1,0.0,0.0,0
473,196200000.0,1,0.0,10280291.810793025,20791861744,94.52547650087352,420.0,1,4.323015147897436e+20,20654880.83417784,112226154462459.03,8000917.13008919,2.1616198001031807e+20,8740830.130708104,1.6236299416050315e-08,0,0,1,0.0,0.0,0
474,196200000.0,1,0.0,10307838.369418247,20840661744,94.52498032985936,420.0,1,4.343331819359771e+20,20372825.95396789,110479835323877.81,7937204.515569633,2.1717763895152093e+20,8740830.130708104,1.6236299416050315e-08,0,0,1,0.0,0.0,0
475,196200000.0,1,0.0,10334354.137324173,20889461744,94.52452457969699,420.0,1,4.3636961196221065e+20,20099864.177803032,108949570507055.33,7882585.005095168,2.18195700938156e+20,8704457.714527737,1.2729287846013904e-08,0,0,1,0.0,0.0,0
476,196200000.0,1,0.0,10360850.140932221,20938261744,94.52407821191021,420.0,1,4.384108048684441e+20,19826902.401638173,107489936352692.64,7827965.494620703,2.1921615142785732e+20,8704457.714527737,1.2729287846013904e-08,0,0,1,0.0,0.0,0
477,196200000.0,1,0.0,10387327.039052315,20987061744,94.5236409012541,420.0,1,4.404567606546776e+20,19553940.625473313,106100932860789.72,7773345.984146238,2.2023899042062487e+20,8704457.714527737,1.2729287846013904e-08,0,0,1,0.0,0.0,0
478,196200000.0,1,0.0,10413822.131808482,21035861744,94.52321233829205,420.0,1,4.425074793209111e+20,19280978.849308454,104782560031346.58,7718726.473671773,2.2126421791645866e+20,8707097.470286446,9.09130903892219e-09,0,0,1,0.0,0.0,0
479,196200000.0,1,0.0,10440299.371547572,21084661744,94.52279222844399,420.0,1,4.4456296086714456e+20,19008017.073143594,103534817864363.23,7664106.963197309,2.222918339153587e+20,8707097.470286446,9.09130903892219e-09,0,0,1,0.0,0.0,0
480,196200000.0,1,0.0,10466759.353370158,21133461744,94.52238029110161,420.0,1,4.4662320529337804e+20,18735055.296978734,102357706359839.67,7609487.452722844,2.23321838417325e+20,8707097.470286446,9.09130903892219e-09,0,0,1,0.0,0.0,0
481,196200000.0,1,0.0,10493202.652540121,21182261744,94.52197625880515,420.0,1,4.486882125996115e+20,18462093.520813875,101251225517775.89,7554867.942248379,2.2435423142235754e+20,8707097.470286446,9.09130903892219e-09,0,0,1,0.0,0.0,0
482,196200000.0,1,0.0,10519629.825145882,21231061744,94.52157987647722,420.0,1,4.507579827858451e+20,18189131.744649015,100215375338171.88,7500248.431773914,2.2538901293045635e+20,8707097.470286446,9.09130903892219e-09,0,0,1,0.0,0.0,0
483,196200000.0,1,0.0,10548346.788000138,21279861744,94.52117970546091,420.0,1,4.5283251585207855e+20,18008857.625287425,99241564819303.98,7445628.921299449,2.264261820825212e+20,8790091.123666512,8.974893717095256e-09,0,0,1,0.0,0.0,0
484,196200000.0,1,0.0,10576205.35697155,21328661744,94.52078670827515,420.0,1,4.54911811798312e+20,17911511.799186226,98283580140885.42,7391009.410824984,2.274657342571701e+20,8729371.759341042,9.455106919631362e-09,0,0,1,0.0,0.0,0
485,196200000.0,1,0.0,10604049.358877245,21377461744,94.52040066257761,420.0,1,4.569958706245455e+20,17814165.973085023,97334544201093.12,7336389.900350519,2.2850766876669287e+20,8729371.759341042,9.455106919631362e-09,0,0,1,0.0,0.0,0
486,196200000.0,1,0.0,10630639.018350082,21426261744,94.52002735874382,420.0,1,4.59084692330779e+20,17716820.14698382,96394456999927.1,7281770.389876055,2.2955198561108948e+20,8684722.365645025,3.867171471938491e-09,0,0,1,0.0,0.0,0
487,196200000.0,1,0.0,10657215.065709287,21475061744,94.51966058560684,420.0,1,4.6117827691701246e+20,17619474.320882622,95463318537387.31,7227150.87940159,2.3059868479035998e+20,8684722.365645025,3.867171471938491e-09,0,0,1,0.0,0.0,0
488,196200000.0,1,0.0,10683777.954691986,21523861744,94.51930014879129,420.0,1,4.6327662438324594e+20,17522128.49478142,94541128813473.8,7172531.368927125,2.316477663045043e+20,8684722.365645025,3.867171471938491e-09,0,0,1,0.0,0.0,0
489,196200000.0,1,0.0,10710546.996928751,21572661744,94.51893479442604,420.0,1,4.653797347294795e+20,17422156.192463916,93621375731861.38,7117911.85845266,2.3269922950231294e+20,8695228.270510241,4.623871063813567e-09,0,0,1,0.0,0.0,0
490,196200000.0,1,0.0,10738727.981353218,21621461744,94.51854267146813,420.0,1,4.6748760795571297e+20,17309365.748510644,92530076014398.86,7050474.206342432,2.3375305698545792e+20,8746500.837053295,8.130882633849978e-09,0,0,1,0.0,0.0,0
491,196200000.0,1,0.0,10766933.827990485,21670261744,94.518157709299,420.0,1,4.6960024406194645e+20,17196575.304557376,91451271011788.98,6983036.554232203,2.348092671580744e+20,8749146.702093957,5.933543434366584e-09,0,0,1,0.0,0.0,0
492,196200000.0,1,0.0,10795128.184912078,21719061744,94.51777969659179,420.0,1,4.717176430481799e+20,17083784.860604107,90384960724031.73,6915598.902121975,2.3586786002016236e+20,8749146.702093957,5.933543434366584e-09,0,0,1,0.0,0.0,0
493,196200000.0,1,0.0,10823251.935856808,21767861744,94.51740918763925,420.0,1,4.738398049144134e+20,16971529.909916278,89335547600507.52,6848161.250011747,2.3692883601196676e+20,8747004.729032196,7.838025339879096e-09,0,0,1,0.0,0.0,0
494,196200000.0,1,0.0,10853096.519221017,21816661744,94.51696383936084,420.0,1,4.759667296606469e+20,16838496.13218288,88256105762093.33,6780723.597901518,2.3799219044089964e+20,8830120.037214475,6.601112545467913e-09,0,0,1,0.0,0.0,0
495,196200000.0,1,0.0,10882930.723967616,21865461744,94.51652758901673,420.0,1,4.7809841728688036e+20,16705462.354449483,87193420639467.83,6713285.94579129,2.3905792798550412e+20,8830120.037214475,6.601112545467913e-09,0,0,1,0.0,0.0,0
496,196200000.0,1,0.0,10913041.642196484,21914261744,94.51610015349739,420.0,1,4.802348677931139e+20,16572428.576716084,86147492232631.02,6645848.293681062,2.401260486457802e+20,8850765.759723749,6.33917807135731e-09,0,0,1,0.0,0.0,0
497,196200000.0,1,0.0,10943142.862183783,21963061744,94.51568126139425,420.0,1,4.823760811793474e+20,16439394.798982685,85118320541582.86,6578410.6415708335,2.4119655242172786e+20,8850765.759723749,6.33917807135731e-09,0,0,1,0.0,0.0,0
498,196200000.0,1,0.0,10973234.70720423,22011861744,94.51527065240643,420.0,1,4.8452205744558087e+20,16306361.021249289,84105905566323.4,6510972.989460605,2.4226943931334705e+20,8850765.759723749,6.33917807135731e-09,0,0,1,0.0,0.0,0
499,196200000.0,1,0.0,11003317.48975672,22060661744,94.51486807678263,420.0,1,4.8667279659181434e+20,16173327.243515883,83110247306852.53,6443535.337350369,2.4334470932063784e+20,8850765.759723779,6.3682819018140435e-09,0,0,1,0.0,0.0,0
500,196200000.0,1,0.0,11033390.948444724,22109461744,94.5144733182312,420.0,1,4.888282986180478e+20,16040300.22752809,82131354445312.2,6376097.685240134,2.4442236244446845e+20,8850738.712741323,7.3578121373429894e-09,0,0,1,0.0,0.0,0
501,196200000.0,1,0.0,11062208.471786305,22158261744,94.5140950345709,420.0,1,4.909885635242813e+20,15907273.211540299,81169216628878.47,6308660.033129898,2.4550239868380355e+20,8826951.839818897,9.278664947487414e-09,0,0,1,0.0,0.0,0
502,196200000.0,1,0.0,11091017.809034145,22207061744,94.51372411075126,420.0,1,4.931535913105148e+20,15774246.195552507,80223833857551.34,6241222.381019662,2.4658481803864313e+20,8826951.839818897,9.278664947487414e-09,0,0,1,0.0,0.0,0
503,196200000.0,1,0.0,11119819.233058034,22255861744,94.51336033460186,420.0,1,4.953233819767483e+20,15641219.179564714,79295206131330.84,6173784.728909426,2.476696205089873e+20,8826951.839818897,9.278664947487414e-09,0,0,1,0.0,0.0,0
504,196200000.0,1,0.0,11148613.007632108,22304661744,94.51300350216036,420.0,1,4.974979355229818e+20,15508192.163576923,78383333450216.94,6106347.076799191,2.487568060948359e+20,8826951.839818897,9.278664947487414e-09,0,0,1,0.0,0.0,0
505,196200000.0,1,0.0,11177235.576935563,22353461744,94.51265422100546,420.0,1,4.996772519492153e+20,15375165.14758913,77488215814209.64,6038909.424688955,2.4984637479618907e+20,8821063.45128565,9.074938134290278e-09,0,0,1,0.0,0.0,0
506,196200000.0,1,0.0,11206362.2699415,22402261744,94.51230247263334,420.0,1,5.0186133125544876e+20,15237536.686406026,76554919596413.1,5966870.327383406,2.5093832111968403e+20,8839469.2320669,7.270500645972788e-09,0,0,1,0.0,0.0,0
507,196200000.0,1,0.0,11235482.053227747,22451061744,94.5119573963029,420.0,1,5.0405017344168224e+20,15099908.225222923,75639662012960.06,5894831.230077858,2.5203265068704242e+20,8839469.2320669,7.270500645972788e-09,0,0,1,0.0,0.0,0
508,196200000.0,1,0.0,11264595.157118298,22499861744,94.51161880671161,420.0,1,5.062437785079157e+20,14962279.764039818,74742443063850.55,5822792.13277231,2.5312936349826423e+20,8839469.2320669,7.270500645972788e-09,0,0,1,0.0,0.0,0
509,196200000.0,1,0.0,11293701.804259676,22548661744,94.51128652546132,420.0,1,5.084421464541493e+20,14824651.302856714,73863262749084.56,5750753.035466761,2.5422845955334953e+20,8839469.2320669,7.270500645972788e-09,0,0,1,0.0,0.0,0
510,196200000.0,1,0.0,11322802.209876848,22597461744,94.51096038074135,420.0,1,5.1064527728038275e+20,14687022.841673609,73002121068662.11,5678713.938161213,2.5532993885229823e+20,8839469.2320669,7.270500645972788e-09,0,0,1,0.0,0.0,0
511,196200000.0,1,0.0,11352138.972656943,22646261744,94.5106390049135,420.0,1,5.128531709866162e+20,14586815.257377842,72157617700556.16,5606674.840855665,2.5643380125507817e+20,8848195.294974418,8.434653864242136e-09,0,0,1,0.0,0.0,0
512,196200000.0,1,0.0,11381469.903079424,22695061744,94.51032343580142,420.0,1,5.150658275728497e+20,14510953.044403154,71324115525063.0,5534635.743550116,2.5754004619797735e+20,8848195.294974418,7.823473424650729e-09,0,0,1,0.0,0.0,0
513,196200000.0,1,0.0,11410795.203654394,22743861744,94.51001351946194,420.0,1,5.172832470390832e+20,14435090.758544799,70501021256986.25,5462596.646244568,2.5864867362166728e+20,8848195.586509088,8.783899829722941e-09,0,0,1,0.0,0.0,0
514,196200000.0,1,0.0,11440115.05421519,22792661744,94.509709107636,420.0,1,5.1950542938531666e+20,14359228.472686443,69688335485532.125,5390557.548939019,2.5975968352620688e+20,8848195.586509088,8.783899829722941e-09,0,0,1,0.0,0.0,0
515,196200000.0,1,0.0,11469429.636428954,22841461744,94.50941005720306,420.0,1,5.2173237461155014e+20,14283366.186828088,68886058210700.62,5318518.451633471,2.6087307591159615e+20,8848195.586509088,8.783899829722941e-09,0,0,1,0.0,0.0,0
516,196200000.0,1,0.0,11498739.125907257,22890261744,94.509116230054,420.0,1,5.239640827177837e+20,14207503.900969733,68094189432491.73,5246479.354327923,2.6198885077783508e+20,8848195.586509088,8.347342372871935e-09,0,0,1,0.0,0.0,0
517,196200000.0,1,0.0,11528043.692407938,22939061744,94.50882749287426,420.0,1,5.2620055370401717e+20,14131641.615111377,67312729150905.445,5174440.257022374,2.6310700812492367e+20,8848195.586509088,8.783899829722941e-09,0,0,1,0.0,0.0,0
518,196200000.0,1,0.0,11556765.186157215,22987861744,94.50854371693822,420.0,1,5.2844178757025065e+20,14055779.329253022,66541677365941.79,5102401.159716826,2.642275479528619e+20,8806556.987650266,8.46375769469887e-09,0,0,1,0.0,0.0,0
519,196200000.0,1,0.0,11585482.079657411,23036661744,94.50826477791387,420.0,1,5.306877843164841e+20,13979917.043394666,65781034077600.75,5030362.062411278,2.6535047026164983e+20,8806556.987650266,8.46375769469887e-09,0,0,1,0.0,0.0,0
520,196200000.0,1,0.0,11614194.526250161,23085461744,94.50799055567721,420.0,1,5.329385439427176e+20,13904054.75753631,65030799285882.33,4958322.965105729,2.664757750512874e+20,8806556.987650266,8.46375769469887e-09,0,0,1,0.0,0.0,0
521,196200000.0,1,0.0,11642902.674165709,23134261744,94.50772093413626,420.0,1,5.351940664489511e+20,13828192.471677955,64290972990786.516,4938040.061736021,2.6760346232177462e+20,8806556.987650266,8.46375769469887e-09,0,0,1,0.0,0.0,0
522,196200000.0,1,0.0,11671606.6666933,23183061744,94.50745580106339,420.0,1,5.3745435183518456e+20,13752330.1858196,63561555192313.33,4938040.061736021,2.6873353207311152e+20,8806556.987650266,8.46375769469887e-09,0,0,1,0.0,0.0,0
523,196200000.0,1,0.0,11700306.64234586,23231861744,94.50719504793616,420.0,1,5.397194001014181e+20,13676467.899961244,62842545890462.76,4938040.061736021,2.698659843052981e+20,8806556.987650266,8.46375769469887e-09,0,0,1,0.0,0.0,0
524,196200000.0,1,0.0,11729002.735019227,23280661744,94.50693856978593,420.0,1,5.419892112476516e+20,13600605.614102889,62133945085234.8,4938040.061736021,2.710008190183343e+20,8806556.987650266,8.46375769469887e-09,0,0,1,0.0,0.0,0
525,196200000.0,1,0.0,11757695.07414604,23329461744,94.5066862650536,420.0,1,5.4426378527388507e+20,13524743.328244533,61435752776629.46,4938040.061736021,2.721380362122202e+20,8806556.987650266,8.46375769469887e-09,0,0,1,0.0,0.0,0
526,196200000.0,1,0.0,11784105.56838096,23378261744,94.50648721965739,420.0,1,5.4654312218011854e+20,13448881.042386178,60747968964646.74,4938040.061736021,2.7327763588695572e+20,8703655.91918563,6.280970410443842e-09,0,0,1,0.0,0.0,0
527,196200000.0,1,0.0,11810512.555135151,23427061744,94.50629098935065,420.0,1,5.48827221966352e+20,13373018.756527822,60070593649286.63,4938040.061736021,2.7441961804254095e+20,8703655.91918563,6.280970410443842e-09,0,0,1,0.0,0.0,0
528,196200000.0,1,0.0,11836916.151324647,23475861744,94.50609751597892,420.0,1,5.511160846325855e+20,13297156.470669467,59403626830549.15,4938040.061736021,2.755639826789758e+20,8703655.91918563,6.280970410443842e-09,0,0,1,0.0,0.0,0
529,196200000.0,1,0.0,11863316.469968267,23524661744,94.50590674312943,420.0,1,5.53409710178819e+20,13221294.184811112,58747068508434.28,4938040.061736021,2.7671072979626033e+20,8703655.91918563,6.280970410443842e-09,0,0,1,0.0,0.0,0
530,196200000.0,1,0.0,11889713.620317537,23573461744,94.50571861606475,420.0,1,5.557080986050525e+20,13145431.898952756,58100918682942.02,4938040.061736021,2.7785985939439455e+20,8703655.91918563,6.280970410443842e-09,0,0,1,0.0,0.0,0
531,196200000.0,1,0.0,11916107.70798227,23622261744,94.5055330816597,420.0,1,5.58011249911286e+20,13069569.6130944,57465177354072.39,4938040.061736021,2.790113714733784e+20,8703655.91918563,6.280970410443842e-09,0,0,1,0.0,0.0,0
532,196200000.0,1,0.0,11942498.835051954,23671061744,94.50535008834102,420.0,1,5.603191640975195e+20,12993707.327236045,56839844521825.375,4938040.061736021,2.8016526603321193e+20,8703655.91918563,6.280970410443842e-09,0,0,1,0.0,0.0,0
533,196200000.0,1,0.0,11967245.49426154,23719861744,94.50517813323623,420.0,1,5.6263184116375296e+20,12917845.04137769,56224920186200.97,4938040.061736021,2.813215430738951e+20,8644558.104929946,9.627910912968218e-09,0,0,1,0.0,0.0,0
534,196200000.0,1,0.0,11992532.510315202,23768661744,94.50500583761914,420.0,1,5.6494928110998644e+20,12841982.755519334,55620404347199.19,4938040.061736021,2.8248020259542794e+20,8664110.545734188,6.280970410443842e-09,0,0,1,0.0,0.0,0
535,196200000.0,1,0.0,12017803.724041551,23817461744,94.50483597369077,420.0,1,5.672714839362199e+20,12766120.469660979,55026297004820.016,4938040.061736021,2.8364124459781043e+20,8663165.327374548,6.280970410443842e-09,0,0,1,0.0,0.0,0
536,196200000.0,1,0.0,12042478.513947098,23866261744,94.50467162531842,420.0,1,5.695984496424534e+20,12690258.183802623,54442598159063.47,4938040.061736021,2.848046690810426e+20,8641787.135276012,9.01673047337681e-09,0,0,1,0.0,0.0,0
537,196200000.0,1,0.0,12067150.804872967,23915061744,94.5045096440035,420.0,1,5.7193017822868695e+20,12614395.897944268,53869307809929.54,4938040.061736021,2.8597047604512447e+20,8641787.135276012,9.01673047337681e-09,0,0,1,0.0,0.0,0
538,196200000.0,1,0.0,12091820.680118477,23963861744,94.50434998718137,420.0,1,5.742666696949204e+20,12538533.612085912,53306425957418.22,4938040.061736021,2.8713866549005595e+20,8641787.135276012,9.01673047337681e-09,0,0,1,0.0,0.0,0
539,196200000.0,1,0.0,12116488.220206311,24012661744,94.50419261349684,420.0,1,5.766079240411539e+20,12462671.326227557,52753952601529.52,4938040.061736021,2.883092374158371e+20,8641787.135276012,7.648850441910326e-09,0,0,1,0.0,0.0,0
540,196200000.0,1,0.0,12142715.26458889,24061461744,94.50402086099852,420.0,1,5.789539412673874e+20,12372753.18584464,52113201219615.516,4938040.061736021,2.8948218195381564e+20,8698010.553374263,5.757101462222636e-09,0,0,1,0.0,0.0,0
541,196200000.0,1,0.0,12171066.814606301,24110261744,94.5038403430788,420.0,1,5.8130472137362086e+20,12282835.045461722,51487303752704.19,4938040.061736021,2.906575094171857e+20,8774571.310932342,4.389221430756152e-09,0,0,1,0.0,0.0,0
542,196200000.0,1,0.0,12199383.718327528,24159061744,94.50366311573677,420.0,1,5.8366026435985434e+20,12192916.905078804,50876260200795.53,4938040.061736021,2.9183521980594727e+20,8773009.537000947,6.61566446069628e-09,0,0,1,0.0,0.0,0
543,196200000.0,1,0.0,12227698.583020777,24207861744,94.50348836875402,420.0,1,5.860205702260878e+20,12102998.764695887,50280070563889.56,4938040.061736021,2.930153131201003e+20,8773009.537000947,6.61566446069628e-09,0,0,1,0.0,0.0,0
544,196200000.0,1,0.0,12256011.476653652,24256661744,94.50331605153221,420.0,1,5.8838563897232137e+20,12013080.624312967,49698734841986.266,4938040.061736021,2.9419778935964487e+20,8773009.537000947,6.61566446069628e-09,0,0,1,0.0,0.0,0
545,196200000.0,1,0.0,12284103.591910142,24305461744,94.50315098326821,420.0,1,5.907554705985548e+20,11923162.48393005,49132253035085.65,4938040.061736021,2.953826485245809e+20,8762503.632135728,7.343260222114623e-09,0,0,1,0.0,0.0,0
546,196200000.0,1,0.0,12313199.482113855,24354261744,94.5029881616408,420.0,1,5.931300651047883e+20,11833244.343547132,48580625143187.72,4938040.061736021,2.965698906149084e+20,8834908.041277742,9.853465599007905e-09,0,0,1,0.0,0.0,0
547,196200000.0,1,0.0,12342293.591866031,24403061744,94.50282754205413,420.0,1,5.955094224910217e+20,11743326.203164212,48043851166292.46,4938040.061736021,2.977595156306275e+20,8834908.041277742,9.853465599007905e-09,0,0,1,0.0,0.0,0
548,196200000.0,1,0.0,12369866.579928417,24451861744,94.50272656115953,420.0,1,5.978935427572553e+20,11653408.062781295,47521931104399.88,4938040.061736021,2.989515235717381e+20,8834908.041277742,9.853465599007905e-09,0,0,1,0.0,0.0,0
549,196200000.0,1,0.0,12396129.33894097,24500661744,94.5026634013428,420.0,1,6.002824259034888e+20,11567529.960987944,47036928825246.96,4938040.061736021,3.001459166446269e+20,8818747.886919478,1.1425072443671525e-08,0,0,1,0.0,0.0,0
550,196200000.0,1,0.0,12422393.81533095,24549461744,94.50260089516688,420.0,1,6.026760719297223e+20,11481651.859194592,46565421797209.29,4938040.061736021,3.013426925070409e+20,8818747.886919478,1.1425072443671525e-08,0,0,1,0.0,0.0,0
551,196200000.0,1,0.0,12448659.95185245,24598261744,94.50253903496912,420.0,1,6.050744808359558e+20,11395773.75740124,46107410020286.86,4938040.061736021,3.0254185115897994e+20,8818747.886919478,1.1425072443671525e-08,0,0,1,0.0,0.0,0
552,196200000.0,1,0.0,12474821.280388156,24647061744,94.50247781327074,420.0,1,6.074776526221893e+20,11311172.608962951,45669245429184.34,4938040.061736021,3.037433932356376e+20,8813640.07349922,1.061016519088298e-08,0,0,1,0.0,0.0,0
553,196200000.0,1,0.0,12500984.160533883,24695861744,94.50241722277026,420.0,1,6.098855872884227e+20,11226571.460524663,45244160229229.766,4938040.061736021,3.049473180602343e+20,8813640.095772127,1.0391886462457478e-08,0,0,1,0.0,0.0,0
554,196200000.0,1,0.0,12527148.540270261,24744661744,94.50235725633661,420.0,1,6.122982848346562e+20,11141970.312086377,44832154420423.125,4938040.061736021,3.0615362563277016e+20,8813640.095772127,1.0391886462457478e-08,0,0,1,0.0,0.0,0
555,196200000.0,1,0.0,12553314.36961093,24793461744,94.50229790700293,420.0,1,6.147157452608897e+20,11057369.16364809,44433228002764.42,4938040.061736021,3.073623159532451e+20,8813640.095772127,1.0391886462457478e-08,0,0,1,0.0,0.0,0
556,196200000.0,1,0.0,12579477.896665942,24842261744,94.50223924306631,420.0,1,6.171379685671232e+20,10972768.015209801,44047380976253.664,4938040.061736021,3.085733890216592e+20,8813462.324421268,1.0435542208142579e-08,0,0,1,0.0,0.0,0
557,196200000.0,1,0.0,12605642.778295634,24891061744,94.50218118153643,420.0,1,6.195649547533567e+20,10888166.866771515,43674613340890.85,4938040.061736021,3.097868448380124e+20,8813462.324421268,1.0435542208142579e-08,0,0,1,0.0,0.0,0
558,196200000.0,1,0.0,12631808.969347516,24939861744,94.50212371592747,420.0,1,6.219967038195901e+20,10803565.718333228,43314925096675.98,4938040.061736021,3.1100268340230475e+20,8813462.324421268,1.0435542208142579e-08,0,0,1,0.0,0.0,0
559,196200000.0,1,0.0,12657976.426174182,24988661744,94.5020668398953,420.0,1,6.244332157658236e+20,10718964.56989494,42968316243609.05,4938040.061736021,3.1222090471453616e+20,8813462.324421268,1.0435542208142579e-08,0,0,1,0.0,0.0,0
560,196200000.0,1,0.0,12682735.269308867,25037461744,94.50201054723296,420.0,1,6.268744905920571e+20,10651281.468747929,42697384172308.2,4938040.061736021,3.134415150344458e+20,8745790.135256162,1.1759766493923962e-08,0,0,1,0.0,0.0,0
561,196200000.0,1,0.0,12707350.808621116,25086261744,94.50195564820886,420.0,1,6.293205282982906e+20,10583598.367600918,42434637511421.87,4938040.061736021,3.146645076128964e+20,8740588.61698473,1.8046193872578442e-08,0,0,1,0.0,0.0,0
562,196200000.0,1,0.0,12731967.491303038,25135061744,94.50190132493687,420.0,1,6.317713288845242e+20,10515915.266453907,42180076260950.03,4938040.061736021,3.158898824498882e+20,8740588.61698473,1.8046193872578442e-08,0,0,1,0.0,0.0,0
563,196200000.0,1,0.0,12756585.279242313,25183861744,94.50184757164432,420.0,1,6.342268923507577e+20,10448232.165306896,41933700420892.695,4938040.061736021,3.171176395454209e+20,8740588.61698473,1.8046193872578442e-08,0,0,1,0.0,0.0,0
564,196200000.0,1,0.0,12781204.135597028,25232661744,94.50179438267935,420.0,1,6.366872186969911e+20,10380549.064159885,41695509991249.85,4938040.061736021,3.183477788994947e+20,8740588.61698473,1.8279024516232312e-08,0,0,1,0.0,0.0,0
565,196200000.0,1,0.0,12806763.852553975,25281461744,94.50174175250702,420.0,1,6.391523079232246e+20,10312865.963012874,41465504972021.516,4938040.061736021,3.195803005121095e+20,8808256.218631042,1.8962964531965554e-08,0,0,1,0.0,0.0,0
566,196200000.0,1,0.0,12832324.567885797,25330261744,94.50168967570573,420.0,1,6.416221600294581e+20,10245182.861865863,41243685363207.67,4938040.061736021,3.208152043832654e+20,8808256.218631042,1.8962964531965554e-08,0,0,1,0.0,0.0,0
567,196200000.0,1,0.0,12857886.24831333,25379061744,94.50163814696397,420.0,1,6.440967750156916e+20,10177499.760718852,41030051164808.33,4938040.061736021,3.220524905129623e+20,8808256.218631042,2.0003426470793784e-08,0,0,1,0.0,0.0,0
568,196200000.0,1,0.0,12883448.861666715,25427861744,94.50158716107718,420.0,1,6.46576152881925e+20,10109816.659571841,40824602376823.484,4938040.061736021,3.232921589012002e+20,8808256.218631042,2.0003426470793784e-08,0,0,1,0.0,0.0,0
569,196200000.0,1,0.0,12908243.144220835,25476661744,94.50153835404974,420.0,1,6.490602936281585e+20,10038079.743041987,40596381400952.68,4938040.061736021,3.245342064522194e+20,8780563.844037738,1.0113581083714962e-08,0,0,1,0.0,0.0,0
570,196200000.0,1,0.0,12933038.29854233,25525461744,94.50149014116604,420.0,1,6.51549197254392e+20,9966342.826512132,40376440696336.96,4938040.061736021,3.2577863627126564e+20,8780563.844037738,1.0113581083714962e-08,0,0,1,0.0,0.0,0
571,196200000.0,1,0.0,12957834.2955723,25574261744,94.50144251810094,420.0,1,6.540428637606255e+20,9894605.909982275,40164780262976.32,4938040.061736021,3.27025448358339e+20,8780563.844037738,1.0113581083714962e-08,0,0,1,0.0,0.0,0
572,196200000.0,1,0.0,12982631.10722045,25623061744,94.50139548063214,420.0,1,6.56541293146859e+20,9822868.99345242,39961400100870.766,4938040.061736021,3.282746427134396e+20,8780563.844037738,1.0113581083714962e-08,0,0,1,0.0,0.0,0
573,196200000.0,1,0.0,13006246.64574367,25671861744,94.50135598157874,420.0,1,6.590444854130925e+20,9751132.076922566,39766300210020.29,4938040.061736021,3.295262193365672e+20,8738009.662827298,1.0346411727368832e-08,0,0,1,0.0,0.0,0
574,196200000.0,1,0.0,13029862.945482325,25720661744,94.50131712645903,420.0,1,6.61552440559326e+20,9679395.16039271,39579480590424.91,4938040.061736021,3.30780178227722e+20,8738009.662827298,1.0346411727368832e-08,0,0,1,0.0,0.0,0
575,196200000.0,1,0.0,13053479.981062572,25769461744,94.50127891232835,420.0,1,6.640651585855594e+20,9607658.243862854,39400941242084.6,4938040.061736021,3.3203651938690394e+20,8738009.662827298,1.0346411727368832e-08,0,0,1,0.0,0.0,0
576,196200000.0,1,0.0,13077097.727956355,25818261744,94.5012413363518,420.0,1,6.66582639491793e+20,9535921.327333,39230682164999.375,4938040.061736021,3.33295242814113e+20,8738009.662827298,1.0346411727368832e-08,0,0,1,0.0,0.0,0
577,196200000.0,1,0.0,13100716.162453225,25867061744,94.5012043958025,420.0,1,6.691048832780265e+20,9464184.410803143,39068703359169.234,4938040.061736021,3.3455634850934915e+20,8738009.662827298,1.0346411727368832e-08,0,0,1,0.0,0.0,0
578,196200000.0,1,0.0,13124384.91888677,25915861744,94.5011672412944,420.0,1,6.7163188994426e+20,9392447.494273288,38915004824594.18,4938040.061736021,3.358198364726124e+20,8740393.211004395,7.683411240577698e-09,0,0,1,0.0,0.0,0
579,196200000.0,1,0.0,13148104.236674648,25964661744,94.50113072988093,420.0,1,6.741636594904935e+20,9320710.577743433,38769586561274.2,4938040.061736021,3.370857067039029e+20,8743987.366581341,9.284121915698051e-09,0,0,1,0.0,0.0,0
580,196200000.0,1,0.0,13172061.525920046,26013461744,94.5010948589331,420.0,1,6.76700191916727e+20,9248973.661213577,38632448569209.32,4938040.061736021,3.383539592032204e+20,8761076.591651294,8.905772119760513e-09,0,0,1,0.0,0.0,0
581,196200000.0,1,0.0,13196662.377831446,26062261744,94.50103148076562,420.0,1,6.792414872229604e+20,9177236.744683722,38503590848399.51,4938040.061736021,3.39624593970565e+20,8766757.77590768,6.548361852765083e-09,0,0,1,0.0,0.0,0
582,196200000.0,1,0.0,13221263.810135001,26111061744,94.5009692727064,420.0,1,6.817875454091939e+20,9105499.828153867,38383013398844.79,4938040.061736021,3.4089761100593686e+20,8766757.77590768,6.548361852765083e-09,0,0,1,0.0,0.0,0
583,196200000.0,1,0.0,13245865.803484304,26159861744,94.50090822091285,420.0,1,6.843383664754274e+20,9033762.911624013,38270716220545.15,4938040.061736021,3.4217301030933574e+20,8766757.77590768,6.548361852765083e-09,0,0,1,0.0,0.0,0
584,196200000.0,1,0.0,13270226.145815395,26208661744,94.5008518045896,420.0,1,6.868939504216609e+20,8962847.237900145,38172774140550.055,4938040.061736021,3.434507924882445e+20,8756227.48491865,9.000359568744898e-09,0,0,1,0.0,0.0,0
585,196200000.0,1,0.0,13297039.528750116,26257461744,94.50078826861167,420.0,1,6.894542972478943e+20,8891931.564176278,38083087804958.27,4938040.061736021,3.4473095693272764e+20,8885905.330398606,1.96232576854527e-08,0,0,1,0.0,0.0,0
586,196200000.0,1,0.0,13323853.418475386,26306261744,94.5007257117993,420.0,1,6.920194069541278e+20,8821015.890452411,38001657213769.81,4938040.061736021,3.460135036427853e+20,8885905.330398606,1.96232576854527e-08,0,0,1,0.0,0.0,0
587,196200000.0,1,0.0,13350667.798098182,26355061744,94.50066412190583,420.0,1,6.945892795403613e+20,8750100.216728544,37928482366984.664,4938040.061736021,3.4729843261841736e+20,8885905.330398606,1.96232576854527e-08,0,0,1,0.0,0.0,0
588,196200000.0,1,0.0,13377482.651288593,26403861744,94.50060348698757,420.0,1,6.971639150065948e+20,8679184.543004677,37863563264602.836,4938040.061736021,3.4858574385962385e+20,8885905.330398606,1.96232576854527e-08,0,0,1,0.0,0.0,0
589,196200000.0,1,0.0,13404625.121530885,26452661744,94.50054379539615,420.0,1,6.997433133528283e+20,8604342.507175948,37806863968065.445,4938040.061736021,3.498754373628109e+20,8901608.07361877,1.8175342120230198e-08,0,0,1,0.0,0.0,0
590,196200000.0,1,0.0,13431768.034295801,26501461744,94.50048503577067,420.0,1,7.023274745790619e+20,8594673.35495343,37755206692375.89,4938040.061736021,3.511675128102002e+20,8901608.07361877,1.8175342120230198e-08,0,0,1,0.0,0.0,0
591,196200000.0,1,0.0,13458911.374832585,26550261744,94.50042719703053,420.0,1,7.049163986852953e+20,8587617.593823768,37703655814029.58,4938040.061736021,3.5246196970822907e+20,8901608.07361877,1.8175342120230198e-08,0,0,1,0.0,0.0,0
592,196200000.0,1,0.0,13486055.128882179,26599061744,94.50037026836863,420.0,1,7.075100856715288e+20,8580561.832694106,37652204503213.51,4938040.061736021,3.537588080562147e+20,8901608.07361877,1.8175342120230198e-08,0,0,1,0.0,0.0,0
593,196200000.0,1,0.0,13513199.282660818,26647861744,94.5003142392441,420.0,1,7.101085355377623e+20,8573506.071564443,37600852759927.67,4938040.061736021,3.550580278541571e+20,8901608.07361877,1.8175342120230198e-08,0,0,1,0.0,0.0,0
594,196200000.0,1,0.0,13540343.8228442,26696661744,94.5002590993762,420.0,1,7.127117482839958e+20,8566450.310434781,37549600584172.08,4938040.061736021,3.5635962910205634e+20,8901608.07361877,1.8175342120230198e-08,0,0,1,0.0,0.0,0
595,196200000.0,1,0.0,13567488.736552171,26745461744,94.50020483873769,420.0,1,7.153197239102293e+20,8559394.549305117,37498447975946.72,4938040.061736021,3.5766361179991225e+20,8901608.07361877,1.8175342120230198e-08,0,0,1,0.0,0.0,0
596,196200000.0,1,0.0,13593443.230801823,26794261744,94.50016827975607,420.0,1,7.179324624164627e+20,8552338.788175454,37447394935251.59,4938040.061736021,3.589699759477249e+20,8844450.608078407,1.8873834051191807e-08,0,0,1,0.0,0.0,0
597,196200000.0,1,0.0,13618899.295517229,26843061744,94.50013227851902,420.0,1,7.205499638026962e+20,8545283.027045792,37396441462086.71,4938040.061736021,3.602787215454943e+20,8820509.236612255,1.5839759726077318e-08,0,0,1,0.0,0.0,0
598,196200000.0,1,0.0,13644355.697636018,26891861744,94.50009683183978,420.0,1,7.231722280689297e+20,8538227.265916128,37345587556452.06,4938040.061736021,3.615898485932205e+20,8820509.236612255,1.5839759726077318e-08,0,0,1,0.0,0.0,0
599,196200000.0,1,0.0,13669775.762636974,26940661744,94.50006193661487,420.0,1,7.257992552151632e+20,8531171.504786465,37294833218347.66,4938040.061736021,3.629033570909034e+20,8817869.480853546,1.509761204943061e-08,0,0,1,0.0,0.0,0
