t,secure_bps,violations,k_min,k_mean,q_total,aos_mean,aos_max,rekey,q_sumsq,z_l1,z_sumsq,z_max,lyapunov,key_inflow,key_overflow,cg_iters,cg_columns,cg_converged,obj_lp,obj_greedy,key_blocked_edges
0,245000000.0,0,2109375.0,2425130.2083333335,0,0.8811589100178921,0.9476988686844755,0,0.0,2695312.5,782012939453.125,390625.0,78201293945312.5,0.0,0.0,0,0,1,0.0,0.0,0
1,245000000.0,0,1718750.0,2350260.4166666665,0,1.9895459465001724,2.1629597325192615,0,0.0,5390625.0,3128051757812.5,781250.0,312805175781250.0,0.0,0.0,0,0,1,0.0,0.0,0
2,245000000.0,0,1328125.0,2275390.625,0,3.1457070394308886,3.5047493651838613,0,0.0,8085937.5,7038116455078.125,1171875.0,703811645507812.5,0.0,0.0,0,0,1,0.0,0.0,0
3,245000000.0,0,937500.0,2200520.8333333335,0,4.403834662756154,5.131060202450719,0,0.0,10781250.0,12512207031250.0,1562500.0,1251220703125000.0,0.0,0.0,0,0,1,0.0,0.0,0
4,245000000.0,0,546875.0,2126674.92742537,0,4.6245103731052,7.650467716176135,0,0.0,13439702.612686677,19449874394778.945,1953125.0,1944987439477894.5,36859.887313323416,1.6007106751203537e-10,0,0,1,0.0,0.0,0
5,245000000.0,0,156250.0,2052829.0215174067,0,8.17128556844022,17.71860095389507,0,0.0,16098155.225373354,27911931461111.566,2343750.0,2791193146111156.5,36859.887313323416,1.6007106751203537e-10,0,0,1,0.0,0.0,0
6,185000000.0,1,0.0,2005024.7822761105,60000000,36.5442380003888,126.0,4,3600000000000000.0,17819107.83806003,33017068776015.05,2500000.0,5101706877601505.0,36859.887313323416,1.6007106751203537e-10,0,0,1,0.0,0.0,0
7,305000000.0,0,0.0,1905137.20970148,0,7.385585794361684,10.194888178913738,0,0.0,21415060.450746708,38563864420471.16,2500000.0,3856386442047115.5,36859.887313323416,1.6007106751203537e-10,0,0,1,0.0,0.0,0
8,245000000.0,0,0.0,1831583.6836832976,0,10.483631998273824,33.27646129541864,0,0.0,24062987.387401294,45135447018239.2,2500000.0,4513544701823920.0,47385.563345414106,1.2005330063402653e-10,0,0,1,0.0,0.0,0
9,140501483.2604238,2,0.0,1792317.0645571079,104498517,30.534889295936626,129.0,3,7539999331188435.0,25476585.675944123,48728050800176.22,2500000.0000000005,8642804745611840.0,47385.563345414106,1.127773430198431e-10,0,0,1,0.0,0.0,0
10,105000000.0,0,0.0,1772151.3168068228,244498517,7.729768102165871,15.672753057968446,0,3.763970267910366e+16,26214292.599365458,50964448632113.82,2500000.0,2.3916296202763216e+16,94345.58098974879,1.837179297581315e-10,0,0,1,0.0,0.0,0
11,105000000.0,0,0.0,1751985.5690565382,384498517,10.084494766826216,23.71860095389507,0,9.09394060270189e+16,26951999.522786792,53429068702217.37,2500000.0,5.081260988373118e+16,94345.58098974879,1.837179297581315e-10,0,0,1,0.0,0.0,0
12,95000000.0,1,0.0,1733989.9601951425,534498517,30.61845863221429,132.0,1,1.6753910937493414e+17,27611581.44620813,55735741427791.164,2500000.0,8.934312883024619e+16,94345.58098974879,1.9099388737231493e-10,0,0,1,0.0,0.0,0
13,82632187.47684973,1,0.0,1713211.2974987736,696866330,22.88086351041493,120.0,1,2.6818648801038317e+17,28371353.307688486,57417494744923.65,2500000.0,1.3983499347968395e+17,113408.57225650578,2.9103830456733704e-10,0,0,1,0.0,0.0,0
14,70027205.6461871,1,0.0,1694642.4347188845,871839124,31.04063604150598,120.0,2,3.945732734053224e+17,29051572.37217557,59321806040379.805,2500000.0,2.0321881730669917e+17,113408.57225650578,1.7826096154749393e-10,0,0,1,0.0,0.0,0
15,55000000.0,0,0.0,1685856.9089482317,1061839124,6.285333037184712,17.273243976059725,0,5.4990703744093395e+17,29379591.30433015,60377072753306.97,2500000.0,2.8099122599579766e+17,113408.57225650578,1.7644197214394808e-10,0,0,1,0.0,0.0,0
16,55000000.0,0,0.0,1677071.3831775794,1251839124,6.931479019809874,18.557074778641848,0,7.334408014765455e+17,29707610.23648473,61515176561144.914,2500000.0,3.7287191839438726e+17,113408.57225650578,1.800799509510398e-10,0,0,1,0.0,0.0,0
17,55000000.0,0,0.0,1668285.8574069268,1441839124,7.740476407936209,19.921894212010592,0,9.451745655121569e+17,30035629.168639306,62736117463893.65,2500000.0,4.7886089450246784e+17,113408.57225650578,1.800799509510398e-10,0,0,1,0.0,0.0,0
18,70163380.27053252,1,0.0,1652919.0033938556,1616675744,26.596932538039482,120.0,1,1.1772306830813366e+18,30600575.917520955,64523047788471.18,2500000.0000000005,5.950676463195154e+17,113408.57225650578,1.255102688446641e-10,0,0,1,0.0,0.0,0
19,70027205.6461871,1,0.0,1634350.1406139666,1791648538,34.98892584982511,120.0,2,1.434992167347809e+18,31280794.982008044,67001137585251.46,2500000.0,7.241961974324297e+17,113408.57225650578,7.275957614183426e-11,0,0,1,0.0,0.0,0
20,55000000.0,0,0.0,1625564.6148433136,1981648538,16.144671611089976,26.009277617544875,0,1.7283068727917486e+18,31608813.91416262,68487968778211.305,2500000.0,8.710022332736955e+17,113408.57225650578,7.09405867382884e-11,0,0,1,0.0,0.0,0
21,45980282.96965197,1,0.0,1618736.4929420943,2180668255,41.81493852855461,120.0,1,2.0499029335309957e+18,31866366.307017606,69714083398215.12,2500000.0,1.0319228751053194e+18,113408.57225650578,8.549250196665525e-11,0,0,1,0.0,0.0,0
22,64019717.03034803,0,0.0,1599525.7427659086,2361648538,24.21601634875013,98.79836557704837,1,2.399536283679628e+18,32557953.31336029,71277984281027.16,2500000.0,1.2068959402679165e+18,113408.57225650578,7.457856554538012e-11,0,0,1,0.0,0.0,0
23,45163380.27053252,1,0.0,1576563.4026417264,2561485158,42.68861592828641,121.43146561153148,3,2.7635322351915597e+18,33384597.557830855,72739498873743.86,2500000.000000001,1.3890400674831542e+18,113408.57225650578,7.275957614183426e-11,0,0,1,0.0,0.0,0
24,15435729.519223351,1,0.0,1569664.3376875515,2791049428,52.6088425245407,120.0,2,3.1520035597504e+18,33632963.896181144,73052678072790.62,2500000.000000002,1.583307047682479e+18,113408.57225650578,7.275957614183426e-11,0,0,1,0.0,0.0,0
25,14024300.126127597,1,0.0,1567909.8149491707,3022025128,30.783309379031362,120.0,1,3.587905833784641e+18,33696126.714762874,72952769475171.19,2500000.0000000005,1.8012481938398377e+18,155966.87088901908,5.338733899407089e-10,0,0,1,0.0,0.0,0
26,0.0,0,0.0,1572242.2280294208,3267025128,0.0,0.0,0,4.0557028848324214e+18,33540159.843873855,72418844429754.55,2500000.0,2.0350933268591862e+18,155966.87088901908,5.347828846424818e-10,0,0,1,0.0,0.0,0
27,0.0,0,0.0,1576856.8931816895,3512025128,0.0,0.0,0,4.554749935880203e+18,33374031.89839219,71858244446510.9,2500000.0,2.2845607923847524e+18,166127.9454816638,7.389644451905042e-10,0,0,1,0.0,0.0,0
28,29430428.729968157,2,0.0,1566297.2116423654,3727594699,50.751472402888446,120.0,3,5.041863954071258e+18,33754180.43380785,72460259101041.75,2500000.0000000023,2.528178002945733e+18,182818.13488017657,7.316884875763208e-10,0,0,1,0.0,0.0,0
29,14267048.459435644,1,0.0,1565183.1978285182,3958327650,30.77647239900409,120.0,1,5.596199521738166e+18,33794284.93110636,72259795306700.39,2500000.0000000005,2.805325740399753e+18,182818.13488017657,7.312337402254343e-10,0,0,1,0.0,0.0,0
30,0.0,0,0.0,1570261.4793529673,4203327650,0.0,0.0,0,6.185461484532143e+18,33611466.79622618,71621805874369.25,2500000.0,3.0998929228535086e+18,182818.13488017657,7.307789928745478e-10,0,0,1,0.0,0.0,0
31,0.0,0,0.0,1575339.760877417,4448327650,0.0,0.0,0,6.805973447326121e+18,33428648.661346003,70990060094997.27,2500000.0,3.41008572967256e+18,182818.13488017657,7.307789928745478e-10,0,0,1,0.0,0.0,0
32,32806785.404890552,2,0.0,1562619.2221952197,4660520865,52.78698184653708,120.0,3,7.398659670982141e+18,33886588.0539051,71830339461342.38,2500000.000000002,3.7065128694372045e+18,182818.13488017657,7.307789928745478e-10,0,0,1,0.0,0.0,0
33,15047384.295452198,1,0.0,1564689.3666881074,4890473481,120.0,120.0,2,8.070768437875348e+18,33812062.85216114,71760059288678.56,2500000.0,4.042560224866542e+18,192082.89155217836,6.493792170658708e-10,0,0,1,0.0,0.0,0
34,0.0,0,0.0,1570025.0025645567,5135473481,0.0,0.0,0,8.781174946925157e+18,33619979.96060896,71114168487598.83,2500000.0,4.3976988903113385e+18,192082.89155217836,6.507434591185302e-10,0,0,1,0.0,0.0,0
35,0.0,0,0.0,1575360.6384410062,5380473481,0.0,0.0,0,9.522831455974967e+18,33451363.99369963,70474836379638.17,2500000.0,4.768463211625447e+18,192082.89155217836,6.471054803114384e-10,0,0,1,0.0,0.0,0
36,46465338.33871759,3,0.0,1556969.2627332804,5579008143,47.9471067325029,120.0,4,1.0216644841843802e+19,34113453.519177765,71776982299410.1,2500000.0000000014,5.115500119151842e+18,192082.89155217836,6.471054803114384e-10,0,0,1,0.0,0.0,0
37,0.0,0,0.0,1562318.1856474532,5824008143,0.0,0.0,0,1.1017029227031142e+19,33920892.29426755,71135630897747.77,2500000.0,5.515628176605346e+18,192561.2249102206,6.825757736805826e-10,0,0,1,0.0,0.0,0
38,0.0,0,0.0,1567667.108561626,6069008143,0.0,0.0,0,1.1848663612218483e+19,33748534.69463659,70500990270143.16,2500000.0,5.931381905136256e+18,192561.2249102206,6.825757736805826e-10,0,0,1,0.0,0.0,0
39,13399602.768706238,1,0.0,1570108.1315693953,6300608540,61.63794449431363,120.0,1,1.270033788440678e+19,33685176.98224922,70326420054748.92,2500000.000000001,6.357201584208865e+18,192561.2249102206,6.825757736805826e-10,0,0,1,0.0,0.0,0
40,49210178.10733583,3,0.0,1550538.7061942632,6496398361,49.407501427976634,120.0,4,1.3498665743623459e+19,34389676.295753986,71786467126013.9,2500000.000000001,6.756511518524331e+18,192561.2249102206,6.812115316279233e-10,0,0,1,0.0,0.0,0
41,0.0,0,0.0,1555887.6291084357,6741398361,0.0,0.0,0,1.4419443334423775e+19,34197115.07084376,71152447078715.22,2500000.0,7.216836911919759e+18,192561.2249102206,5.06588548887521e-10,0,0,1,0.0,0.0,0
42,0.0,0,0.0,1561526.0139083068,6986398361,0.0,0.0,0,1.5371470925224092e+19,34006219.96995279,70504306546877.69,2500000.0,7.692785893266734e+18,202981.8527953467,6.393747753463686e-10,0,0,1,0.0,0.0,0
43,0.0,0,0.0,1567164.3987081773,7231398361,0.0,0.0,0,1.6354748516024408e+19,33830362.39002107,69862349449577.7,2500000.0,8.184360492957161e+18,202981.8527953467,6.389200279954821e-10,0,0,1,0.0,0.0,0
44,46969490.93916188,3,0.0,1551930.4594962215,7429428870,58.10416508188066,120.0,5,1.7262432572601879e+19,34405908.47451511,71445345741149.83,2500000.000000001,8.638360820875054e+18,202981.8527953467,6.393747753463686e-10,0,0,1,0.0,0.0,0
45,0.0,0,0.0,1557568.8442960922,7674428870,0.0,0.0,0,1.8304407790383698e+19,34230050.89458338,70804836378746.64,2500000.0,9.159284378829724e+18,202981.8527953467,8.099050319287926e-10,0,0,1,0.0,0.0,0
46,13006175.478585279,1,0.0,1560384.7083757839,7906422695,60.88266142787732,120.0,1,1.9341235258978877e+19,34155804.06057811,70558158694559.34,2500000.000000002,9.677673445358895e+18,202981.8527953467,8.099050319287926e-10,0,0,1,0.0,0.0,0
47,14543231.695007907,1,0.0,1559710.9266413627,8136879463,30.714975734155654,120.0,1,2.0426486143834255e+19,34182665.35998854,70344470705310.12,2500000.0,1.022027751898766e+19,202981.8527953467,8.121787686832249e-10,0,0,1,0.0,0.0,0
48,32806785.404890552,2,0.0,1547550.4912345873,8349072678,46.58316188778127,120.0,3,2.1458712595037364e+19,34623046.19160374,71453752038981.36,2500000.0,1.073650167272258e+19,202981.8527953467,6.33917807135731e-10,0,0,1,0.0,0.0,0
49,0.0,0,0.0,1553188.8760344582,8594072678,0.0,0.0,0,2.262082211419276e+19,34439417.34464808,70822923655361.77,2500000.0,1.1317493349461916e+19,202981.8527953467,6.357367965392768e-10,0,0,1,0.0,0.0,0
50,0.0,0,0.0,1558827.2608343288,8839072678,0.0,0.0,0,2.3814181633348153e+19,34263559.76471636,70198112971834.27,2500000.0,1.191411062797126e+19,202981.8527953467,6.352820491883904e-10,0,0,1,0.0,0.0,0
51,16403392.702445276,1,0.0,1557346.117551541,9067669286,30.712390009647773,120.0,1,2.5014852313886806e+19,34319486.079868,70048357814332.94,2500000.0,1.2514430992724836e+19,202981.8527953467,6.352820491883904e-10,0,0,1,0.0,0.0,0
52,32806785.404890552,2,0.0,1545185.6821447655,9279862500,47.451324484964275,120.0,3,2.615740779326417e+19,34759866.9114832,71233133402668.55,2500000.0,1.308582720997235e+19,202981.8527953467,6.380105332937092e-10,0,0,1,0.0,0.0,0
53,0.0,0,7475.693767427201,1551654.6995854615,9524862500,0.0,0.0,0,2.7440580498170974e+19,34546544.72928995,70538527003587.73,2492524.306232573,1.3727344101785846e+19,232884.6278650555,8.36735125631094e-10,0,0,1,0.0,0.0,0
54,0.0,0,14951.387534854402,1558123.7170261575,9769862500,0.0,0.0,0,2.8755003203077784e+19,34348260.06805594,69850439355028.27,2485048.612465146,1.4384486645474394e+19,232884.6278650555,8.36735125631094e-10,0,0,1,0.0,0.0,0
55,14254545.539015433,1,0.0,1561499.300105088,10000607954,120.0,120.0,2,3.0076888985242735e+19,34261339.0438455,69718326806200.78,2500000.000000003,1.5045416325301987e+19,232884.6278650555,8.380993676837534e-10,0,0,1,0.0,0.0,0
56,32806785.404890552,2,0.0,1550169.4973391374,10212801169,37.11862818899148,120.0,3,3.132990242362416e+19,34703811.910050765,70903665975950.52,2499999.999999999,1.5672041578409675e+19,232884.6278650555,8.353708835784346e-10,0,0,1,0.0,0.0,0
57,0.0,0,10123.967002141644,1556638.5147798331,10457801169,0.0,0.0,0,3.2734267245112185e+19,34505527.24881676,70222058149356.45,2489876.0329978615,1.6374155828371028e+19,232884.6278650555,9.1313268058002e-10,0,0,1,0.0,0.0,0
58,14451391.6902638,1,0.0,1556835.226799408,10688349777,30.690267346718745,120.0,1,3.414358025191697e+19,34508526.46685078,69950319465265.34,2499999.999999996,1.7078785157905013e+19,232884.6278650555,9.140421752817929e-10,0,0,1,0.0,0.0,0
59,13006175.478585279,1,0.0,1560481.7235199253,10920343602,60.95229185081765,120.0,1,3.5586034281038684e+19,34387333.435650885,69671475592036.664,2500000.000000003,1.7799984288078545e+19,232884.6278650555,9.1313268058002e-10,0,0,1,0.0,0.0,0
60,32806785.404890552,2,0.0,1549151.9207539745,11132536817,37.19987009260113,120.0,3,3.6948843558881165e+19,34822393.78485074,70922317321799.98,2499999.9999999986,1.848151401117276e+19,232884.6278650555,9.117684385273606e-10,0,0,1,0.0,0.0,0
61,0.0,0,5080.537296322374,1555620.9381946707,11377536817,0.0,0.0,0,3.847373837740741e+19,34624109.12361673,70247931751987.055,2494919.4627036806,1.9243893981878903e+19,232884.6278650555,7.344169716816396e-10,0,0,1,0.0,0.0,0
62,16403392.702445276,1,0.0,1554970.4275527077,11606133425,30.68912017902408,120.0,1,3.999659801024012e+19,34657608.357466094,70038128842795.89,2499999.9999999953,2.000530281800434e+19,232884.6278650555,7.34871719032526e-10,0,0,1,0.0,0.0,0
63,0.0,0,10161.074592644747,1561439.4449934037,11851133425,0.0,0.0,0,4.1583008625204216e+19,34434804.580339745,69369146206003.97,2489838.9254073584,2.079844122722271e+19,232884.6278650555,7.371454557869583e-10,0,0,1,0.0,0.0,0
64,31742556.9493509,2,0.0,1553618.1065525676,12064390867,60.86907772226713,120.0,4,4.306116723030725e+19,34735935.20988165,70442553015393.12,2500000.000000003,2.153762787045516e+19,222723.55327241076,5.379661160986871e-10,0,0,1,0.0,0.0,0
65,0.0,0,2605.1569712815267,1559855.41583128,12309390867,0.0,0.0,0,4.470723165743046e+19,34545992.04247906,69807371361848.33,2497394.8430287214,2.2360596565851415e+19,224543.13403364178,5.369429345591925e-10,0,0,1,0.0,0.0,0
66,14254545.539015433,1,0.0,1562999.2907482265,12540136321,120.0,120.0,2,4.635263718775156e+19,34467412.512100026,69728114839754.125,2500000.0000000047,2.3183291405359755e+19,224543.13403364178,5.987885742797516e-10,0,0,1,0.0,0.0,0
67,13366772.982373608,1,0.0,1563435.0492533392,12771769548,31.701640721828845,120.0,1,4.799344549911303e+19,34486325.17254702,69805588820803.09,2499999.9999999967,2.4003703308438594e+19,224543.13403364178,5.965148375253193e-10,0,0,1,0.0,0.0,0
68,16403392.702445276,1,0.0,1558993.0664080638,13000366156,41.07802598841463,120.0,2,4.9659466281670255e+19,34680836.52160799,70327121108645.88,2499999.9999999977,2.4836765852945994e+19,224543.13403364178,5.960600901744328e-10,0,0,1,0.0,0.0,0
69,14451392.233326461,1,0.0,1560388.6693670866,13230914764,30.668744359567338,120.0,1,5.139249053804937e+19,34640675.66582189,69975698352627.48,2499999.9999999944,2.570324283885995e+19,276044.71017054014,8.107008397928439e-10,0,0,1,0.0,0.0,0
70,0.0,0,13795.396819891645,1568157.2660493273,13475914764,0.0,0.0,0,5.31904336601918e+19,34371087.035999924,69220493413636.664,2486204.603180111,2.6602138879437263e+19,279669.4805606692,6.093614501878619e-10,0,0,1,0.0,0.0,0
71,16403394.331633259,1,0.0,1568806.3339417966,13704511370,31.877442594407235,120.0,1,5.493145459074206e+19,34374908.03937533,69357742975090.336,2499999.9999999967,2.747266306966854e+19,279669.4805606692,5.984475137665868e-10,0,0,1,0.0,0.0,0
72,16403394.874695921,1,0.0,1565895.637085824,13933107975,41.198610609036855,120.0,2,5.671394472576524e+19,34514293.0928214,69788900085714.95,2499999.999999998,2.8363951252891193e+19,279669.4805606692,6.089067028369755e-10,0,0,1,0.0,0.0,0
73,29433392.461412437,2,0.0,1567276.778806821,14148674582,73.99881021048239,120.0,3,5.849877604611019e+19,34499171.95749656,70050241886506.195,2500000.000000003,2.9256393047243743e+19,279669.4805606692,6.070877134334296e-10,0,0,1,0.0,0.0,0
74,0.0,0,1359.8462757081002,1575045.3754890615,14393674582,0.0,0.0,0,6.041673995373006e+19,34254102.44356694,69312636730883.18,2498640.1537242946,3.021530124053812e+19,279669.4805606692,5.975380190648139e-10,0,0,1,0.0,0.0,0
75,16403394.874695921,1,0.0,1575694.443145827,14622271187,32.120344148479305,120.0,1,6.227175845160672e+19,34265335.97455445,69490422399742.75,2499999.999999997,3.1142828268043334e+19,279669.4805606692,6.066329660825431e-10,0,0,1,0.0,0.0,0
76,16413652.859689338,1,0.0,1572781.5201646383,14850857534,41.378071965498975,120.0,2,6.416993566779977e+19,34404801.16850828,69966678473857.41,2499999.9999999986,3.209196450174727e+19,279829.76157619135,6.08451955486089e-10,0,0,1,0.0,0.0,0
77,16423910.844682755,1,0.0,1578908.6141591186,15079433623,82.61469701277545,120.0,2,6.613260869958144e+19,34236209.69110234,69681284732814.445,2499999.9999999953,3.3073272478264e+19,348887.1872753734,6.207301339600235e-10,0,0,1,0.0,0.0,0
78,0.0,0,6799.2313785405,1588599.9249167677,15324433623,0.0,0.0,0,6.81716337408344e+19,33939306.41022233,68774720386651.25,2493200.768621462,3.4092694342455865e+19,348887.1872753734,5.720721674151719e-10,0,0,1,0.0,0.0,0
79,16444426.814669589,1,0.0,1594722.7678728353,15552989196,95.72073774000698,120.0,2,7.014144014201762e+19,33770869.781107426,68509734440413.39,2499999.999999997,3.507757104445285e+19,348894.43090802664,6.866684998385608e-10,0,0,1,0.0,0.0,0
80,16444426.814669589,1,0.0,1593708.2728017021,15781544770,41.35752412512481,120.0,2,7.215580130052387e+19,33859377.320971735,68826951097527.31,2499999.9999999986,3.6084783345371685e+19,348894.43090802664,6.84849510435015e-10,0,0,1,0.0,0.0,0
81,16444426.814669589,1,0.0,1599831.1157577694,16010100343,79.508722142888,120.0,1,7.423606516911787e+19,33690940.69185684,68564534834883.08,2499999.9999999953,3.712488903804242e+19,348894.43090802664,6.866684998385608e-10,0,0,1,0.0,0.0,0
82,0.0,0,12238.6164813729,1609522.6277274368,16255100343,0.0,0.0,0,7.63961435479353e+19,33394031.97825233,67681073527723.086,2487761.3835186292,3.8204839881320415e+19,348894.43090802664,6.884874892421067e-10,0,0,1,0.0,0.0,0
83,16444426.814669589,1,0.0,1615645.4706835044,16483655917,82.87150309986211,120.0,2,7.848096635430365e+19,33225595.349137425,67437189780430.53,2499999.999999997,3.924722689612987e+19,348894.43090802664,6.866684998385608e-10,0,0,1,0.0,0.0,0
84,16444426.814669589,1,0.0,1614630.9756123705,16712211490,41.339624858722296,120.0,2,8.06116594721402e+19,33314102.88900174,67780137354229.76,2499999.9999999986,4.031260774980552e+19,348894.43090802664,6.843947630841285e-10,0,0,1,0.0,0.0,0
85,16444426.814669589,1,0.0,1620753.8185684378,16940767063,77.15288941052964,120.0,1,8.28095708542097e+19,33145666.25988684,67539939391280.32,2499999.9999999953,4.1411539421043974e+19,348894.43090802664,6.866684998385608e-10,0,0,1,0.0,0.0,0
86,0.0,0,16059.01056120077,1630445.3305381057,17185767063,0.0,0.0,0,8.50907025705916e+19,32848757.54628233,66679600839122.414,2483940.9894387946,4.2552019245379715e+19,348894.43090802664,6.880327418912202e-10,0,0,1,0.0,0.0,0
87,16444426.814669589,1,0.0,1636568.1734985162,17414322636,76.82082414120939,120.0,1,8.729054178214509e+19,32680320.91705015,66456819290639.78,2499999.999999997,4.3651916573001605e+19,348894.4310643974,5.557012627832592e-10,0,0,1,0.0,0.0,0
88,16444426.814669589,1,0.0,1635553.6784317265,17642878209,41.324306221711346,120.0,2,8.953756685931197e+19,32768828.456797183,66825497781000.414,2499999.9999999986,4.477546597943408e+19,348894.4310643974,5.757101462222636e-10,0,0,1,0.0,0.0,0
89,16444426.814669589,1,0.0,1641676.5213921377,17871433783,75.30472288903334,120.0,1,9.185312575485693e+19,32600391.827565003,66607518117633.4,2499999.9999999953,4.593322362924023e+19,348894.4310643974,5.811671144329011e-10,0,0,1,0.0,0.0,0
90,0.0,0,16059.01056120077,1651368.0333661488,18116433783,0.0,0.0,0,9.425531080880331e+19,32324911.8175285,65769843131035.06,2483940.9894387946,4.713423238871476e+19,348894.4310643974,5.82986103836447e-10,0,0,1,0.0,0.0,0
91,16444426.814669589,1,0.0,1657490.8763265598,18344989356,73.30181556528315,120.0,1,9.657016642554195e+19,32180994.30422776,65566511768757.84,2499999.999999997,4.829163986394785e+19,348894.4310643974,5.738911568187177e-10,0,0,1,0.0,0.0,0
92,16444426.814669589,1,0.0,1656476.3812597701,18573544929,41.31153576822946,120.0,2,9.893352346203914e+19,32294020.959906224,65958066788971.77,2499999.9999999986,4.947335753769847e+19,348894.4310643974,5.82986103836447e-10,0,0,1,0.0,0.0,0
93,16444426.814669589,1,0.0,1662599.2242201807,18802100502,73.8160858066797,120.0,1,1.0136672987105958e+20,32150103.446605477,65758248664375.44,2499999.9999999953,5.068994076039623e+19,348894.4310643974,5.811671144329011e-10,0,0,1,0.0,0.0,0
94,0.0,0,16059.01056120077,1672290.7361941922,19047100502,0.0,0.0,0,1.0388996826257046e+20,31877713.84881513,64938896487104.56,2483940.9894387946,5.195147802093394e+19,348894.4310643974,5.757101462222636e-10,0,0,1,0.0,0.0,0
95,16444426.814669589,1,0.0,1678486.7370494744,19275656075,71.00045922176783,120.0,1,1.0631984028449422e+20,31732479.493406698,64750163673963.75,2499999.999999997,5.316639515861451e+19,351528.115279769,5.811671144329011e-10,0,0,1,0.0,0.0,0
96,16445820.214820007,1,0.0,1677545.2641449189,19504210255,41.3013341760469,120.0,2,1.0879952045660017e+20,31844197.19313429,65161070197000.2,2499999.9999999986,5.4406276335319785e+19,351555.8867208518,7.539711077697575e-10,0,0,1,0.0,0.0,0
97,30825331.287475638,2,0.0,1681249.3221897606,19718384924,67.03779732417661,120.0,2,1.1129718897066947e+20,31788675.778683584,65225465345580.836,2500000.0000000005,5.565511703186929e+19,374168.99029770435,7.503331289626658e-10,0,0,1,0.0,0.0,0
98,15231977.569290569,1,0.0,1688337.3545658058,19948152947,70.94354041054191,120.0,1,1.1382123155169944e+20,31611331.288309563,64886549656212.53,2499999.999999997,5.691710443081534e+19,374168.99029770435,7.530616130679846e-10,0,0,1,0.0,0.0,0
99,16679216.198209131,1,0.0,1687872.0729172549,20176473731,41.32457895552388,120.0,2,1.163851703164449e+20,31705906.10282098,65221904425164.58,2499999.9999999986,5.819910734866496e+19,374168.99029770435,7.53516360418871e-10,0,0,1,0.0,0.0,0
100,16679216.198209131,1,0.0,1694646.0344102883,20404794514,76.11363524319144,120.0,1,1.1902189298019228e+20,31539868.164235387,64945772984970.15,2499999.9999999953,5.951744106739464e+19,374168.99029770435,7.53516360418871e-10,0,0,1,0.0,0.0,0
101,16679216.198209131,1,0.0,1701419.9959033215,20633115297,71.60124555343205,120.0,1,1.2162000021515125e+20,31385329.008796208,64672809328401.586,2499999.999999997,6.081646738850846e+19,374168.99029770435,7.571543392259628e-10,0,0,1,0.0,0.0,0
102,16679216.198209131,1,0.0,1700954.7142547714,20861436080,41.34967638083868,120.0,2,1.2427023934862754e+20,31497722.856894206,65029105369888.11,2499999.9999999986,6.214162258485076e+19,374168.99029770435,7.539711077697575e-10,0,0,1,0.0,0.0,0
103,16679216.198209131,1,0.0,1707728.6757478039,21089756864,79.85578537984321,120.0,2,1.2699426313407765e+20,31349503.95189519,64763971785014.83,2499999.9999999953,6.350360796421733e+19,374168.99029770435,7.539711077697575e-10,0,0,1,0.0,0.0,0
104,16682293.399457056,1,0.0,1716606.2230108795,21318074571,72.34489329888237,120.0,1,1.2967764424584643e+20,31144482.220946345,64335984551802.586,2499999.999999997,6.484525572137839e+19,449922.1186539683,5.32054400537163e-10,0,0,1,0.0,0.0,0
105,16685370.600704981,1,0.0,1718241.188155322,21546389201,41.376983528078114,120.0,2,1.3241414065229328e+20,31200193.446268268,64551576880647.79,2499999.9999999986,6.62135254838347e+19,449922.1186539683,6.739355740137398e-10,0,0,1,0.0,0.0,0
106,16688447.801952906,1,0.0,1727117.399827578,21774700753,85.88594203145516,120.0,2,1.3522542541182312e+20,30995219.796588924,64140157128499.17,2499999.9999999953,6.761912672162441e+19,449922.1186539683,7.180460670497268e-10,0,0,1,0.0,0.0,0
107,16688447.801952906,1,0.0,1735993.6114998339,22003012305,73.19459148276181,120.0,1,1.3799405094871902e+20,30790246.146909583,63733550001203.875,2499999.999999997,6.900339882935963e+19,449922.1186539683,7.107701094355434e-10,0,0,1,0.0,0.0,0
108,16688447.801952906,1,0.0,1737626.573258048,22231323857,41.4068725633794,120.0,2,1.4081682265827801e+20,30846029.494135752,63980696226186.66,2499999.9999999986,7.041480939876163e+19,449922.1186539683,8.635652193333954e-10,0,0,1,0.0,0.0,0
109,16688447.801952906,1,0.0,1746502.7849303037,22459635410,97.17629913510568,120.0,2,1.4371540527831112e+20,30641055.84445641,63591271311963.17,2499999.9999999953,7.186406176628675e+19,449922.1186539683,8.635652193333954e-10,0,0,1,0.0,0.0,0
110,29568911.72546003,2,0.0,1752583.7570358263,22675066498,67.34916130839092,120.0,2,1.4647521927407103e+20,30536710.819179464,63513556283300.71,2500000.0,7.324396099266385e+19,449922.1186539683,8.631104719825089e-10,0,0,1,0.0,0.0,0
111,16688447.801952906,1,0.0,1754216.71879404,22903378050,41.43981892728319,120.0,2,1.49383687010051e+20,30592494.166405637,63790095039924.23,2499999.9999999986,7.469822251452948e+19,449922.1186539683,8.631104719825089e-10,0,0,1,0.0,0.0,0
112,16688447.801952906,1,0.0,1763092.930466296,23131689602,120.0,120.0,2,1.5236853705347347e+20,30387520.516726293,63420735019327.75,2499999.9999999953,7.619061060023866e+19,449922.1186539683,9.613358997739851e-10,0,0,1,0.0,0.0,0
113,16688447.801952906,1,0.0,1771969.1421385515,23360001155,75.30091314956086,120.0,1,1.5530672264678952e+20,30182546.86704695,63054488629514.17,2499999.999999997,7.765966677225772e+19,449922.1186539683,8.631104719825089e-10,0,0,1,0.0,0.0,0
114,16688447.801952906,1,0.0,1773602.1038967655,23588312708,41.47646508364237,120.0,2,1.5830148693640462e+20,30238330.214273117,63362349862076.555,2499999.9999999986,7.915707970318852e+19,449922.1186539683,7.175913196988404e-10,0,0,1,0.0,0.0,0
115,16688447.801952906,1,0.0,1782478.3155690213,23816624260,120.0,120.0,2,1.6137363484033037e+20,30033356.564593773,63014984679405.21,2499999.9999999953,8.069311891863313e+19,449922.1186539683,8.672031981404871e-10,0,0,1,0.0,0.0,0
116,16688447.801952906,1,0.0,1791354.5272412773,24044935812,76.62813091406801,120.0,1,1.6439711568041345e+20,29828382.914914433,62669883630481.55,2499999.999999997,8.220482482856978e+19,449922.1186539683,8.635652193333954e-10,0,0,1,0.0,0.0,0
117,16688447.801952906,1,0.0,1792987.4889994909,24273247364,41.51765608260184,120.0,2,1.6747817652366367e+20,29884166.262140602,63009067338982.8,2499999.9999999986,8.374538916856573e+19,449922.1186539683,8.635652193333954e-10,0,0,1,0.0,0.0,0
118,14308265.486786008,1,0.0,1802380.2332922257,24503939099,120.0,120.0,2,1.7064916886039622e+20,29660597.438124016,62590721122550.37,2499999.9999999986,8.533084350231038e+19,449922.1186539683,8.672031981404871e-10,0,0,1,0.0,0.0,0
119,16688447.801952906,1,0.0,1811256.4449644813,24732250651,78.20746623887456,120.0,1,1.737580877581852e+20,29455623.78844467,62267500831037.45,2499999.999999997,8.68852706291757e+19,449922.1186539683,8.635652193333954e-10,0,0,1,0.0,0.0,0
120,30194261.985088408,2,0.0,1807027.5082057093,24947056388,37.1187804908034,120.0,3,1.7685859907735355e+20,29665667.88777943,62902356143298.52,2499999.9999999986,8.84355897742911e+19,449922.1186539683,8.635652193333954e-10,0,0,1,0.0,0.0,0
121,0.0,0,14958.309032789099,1819525.3448349861,25192056388,0.0,0.0,0,1.801883186781904e+20,29287317.66918454,61947642476384.52,2485041.69096721,9.010035410334284e+19,449922.1186539683,8.672031981404871e-10,0,0,1,0.0,0.0,0
122,16688447.801952906,1,0.0,1828416.8528935064,25420367940,80.11829653992515,120.0,2,1.8338272378076355e+20,29085193.008671645,61644853457487.1,2499999.999999997,9.169752637572753e+19,450472.78855948726,8.594724931754172e-10,0,0,1,0.0,0.0,0
123,33376895.603905812,2,0.0,1826443.486080964,25631991045,56.2517537500882,120.0,4,1.8655143671174057e+20,29296120.888797645,62686060197720.56,2499999.9999999986,9.328198696189005e+19,450472.78855948726,8.594724931754172e-10,0,0,1,0.0,0.0,0
124,0.0,0,19037.8478599134,1838956.6190965052,25876991045,0.0,0.0,0,1.8997090108510496e+20,28997413.002996035,61749594908461.1,2480962.1521400856,9.499162550204332e+19,450472.78855948726,8.599272405263036e-10,0,0,1,0.0,0.0,0
125,16688447.801952906,1,0.0,1847848.1271550255,26105302597,82.47722821028209,120.0,2,1.9325060143444515e+20,28842384.424639974,61463350939848.71,2499999.999999997,9.663144705231656e+19,450472.78855948726,8.599272405263036e-10,0,0,1,0.0,0.0,0
126,33376895.603905812,2,0.0,1845874.760342483,26316925701,61.26165151406503,120.0,4,1.9650316400703304e+20,29084906.897085182,62531195786815.445,2499999.9999999986,9.82578351230952e+19,450472.78855948726,8.599272405263036e-10,0,0,1,0.0,0.0,0
127,0.0,0,21729.74974212618,1858488.6680156675,26561925701,0.0,0.0,0,2.0001237315292493e+20,28826039.44329186,61606851125891.8,2478270.2502578725,1.0001234726157505e+20,454100.67623464006,4.961293598171324e-10,0,0,1,0.0,0.0,0
128,16688447.801952906,1,0.0,1867480.9507318304,26790237254,85.4628217760707,120.0,2,2.0337736874903218e+20,28697550.487951297,61331822293781.24,2499999.999999997,1.0169481755674547e+20,454100.67623464006,4.961293598171324e-10,0,0,1,0.0,0.0,0
129,33376895.603905812,2,0.0,1865608.358576931,27001860359,61.31883941848223,120.0,4,2.067137809632309e+20,28960197.027969006,62421221488371.49,2499999.9999999986,1.033631326037643e+20,454100.67623464006,4.488356353249401e-10,0,0,1,0.0,0.0,0
130,0.0,0,18260.65535980358,1878222.2662501158,27246860359,0.0,0.0,0,2.1031273488165038e+20,28701329.574175686,61505639319160.54,2481739.3446401935,1.051625180047571e+20,454100.67623464006,4.4519765651784837e-10,0,0,1,0.0,0.0,0
131,16688447.801952906,1,0.0,1887214.548966279,27475171911,89.36304042104388,120.0,2,2.137630257245246e+20,28572840.61883512,61240053101628.19,2499999.999999997,1.0688763686757247e+20,454100.67623464006,4.4519765651784837e-10,0,0,1,0.0,0.0,0
132,30486520.770390693,2,0.0,1885969.208294347,27689685390,61.38924551358469,120.0,4,2.1719928835059984e+20,28812906.10546599,62237696398812.1,2499999.9999999986,1.086058679449398e+20,454100.67623464006,4.488356353249401e-10,0,0,1,0.0,0.0,0
133,0.0,0,17819.033586578265,1898583.1159675317,27934685390,0.0,0.0,0,2.2088816046403682e+20,28554038.65167267,61331769774501.586,2482180.9664134183,1.1045021340899587e+20,454100.67623464245,4.0108716348186135e-10,0,0,1,0.0,0.0,0
134,43584918.42694436,3,0.0,1898696.822874998,28136100471,53.965848966943284,120.0,4,2.2427385170843065e+20,28649101.365473617,61599905981935.52,2499999.9999999977,1.1214308584481351e+20,454100.67623464245,4.0108716348186135e-10,0,0,1,0.0,0.0,0
135,16688447.801953364,1,0.0,1900445.8556771195,28364412023,41.971753604411504,120.0,2,2.2787171408133947e+20,28687150.0524558,62080370241471.37,2499999.999999999,1.1394206507769389e+20,454100.67623464245,4.0381564758718014e-10,0,0,1,0.0,0.0,0
136,0.0,0,2719.6925514162003,1913059.7633503038,28609412023,0.0,0.0,0,2.3164984729057388e+20,28405307.54790055,61185469284087.62,2497280.3074485813,1.1583104219221534e+20,454100.67623464245,4.006324161309749e-10,0,0,1,0.0,0.0,0
137,35616525.47587557,2,0.0,1918430.4211094463,28818795498,110.32791091285803,120.0,4,2.3515460675995327e+20,28405904.16559481,61583007886340.64,2499999.999999998,1.1758346168076527e+20,471597.78460939904,4.1518433135934174e-10,0,0,1,0.0,0.0,0
138,18928077.673922207,1,0.0,1919215.3355781315,29044867420,42.173428220464686,120.0,2,2.3881798802333093e+20,28572951.956349906,62187463423816.8,2499999.999999999,1.1941521275800784e+20,471883.7413552322,4.1882231016643345e-10,0,0,1,0.0,0.0,0
139,26730523.47987551,2,0.0,1926522.3224300402,29263136897,120.0,120.0,4,2.4245344120200728e+20,28505205.14130898,62246385042853.35,2499999.999999998,1.2123294523950793e+20,471883.7413552322,4.120010999031365e-10,0,0,1,0.0,0.0,0
140,13365261.739937754,1,0.0,1930928.861855747,29494771635,42.373948541685394,120.0,2,2.462252185293799e+20,28541874.433611315,62403825567842.99,2499999.999999999,1.2311884964724674e+20,471883.7413552322,4.0472514228895307e-10,0,0,1,0.0,0.0,0
141,26730523.47987551,2,0.0,1932434.9538552521,29713041111,31.078749353775933,120.0,2,2.4991640168236738e+20,28586357.669878382,62245411358979.97,2499999.999999998,1.2496442538231959e+20,471883.7413552322,4.0472514228895307e-10,0,0,1,0.0,0.0,0
142,13365261.739937754,1,0.0,1936841.4932809584,29944675850,42.77082174269265,120.0,2,2.537456901654868e+20,28527295.99116155,62418065224841.52,2499999.999999999,1.2687908688926589e+20,471883.7413552322,4.120010999031365e-10,0,0,1,0.0,0.0,0
143,26730523.47987551,2,0.0,1944148.4801328671,30162945326,95.69080868075918,120.0,4,2.5749260329278544e+20,28443050.095831797,62479216207416.16,2499999.999999998,1.2875254956801347e+20,471883.7413552322,4.120010999031365e-10,0,0,1,0.0,0.0,0
144,13365261.739937754,1,0.0,1948555.0195585738,30394580064,43.18928442570462,120.0,2,2.613794029316516e+20,28479719.388134133,62668398026839.086,2499999.999999999,1.306959683056285e+20,471883.7413552322,4.0472514228895307e-10,0,0,1,0.0,0.0,0
145,26730523.47987551,2,0.0,1955862.006410482,30612849541,112.17079662670075,120.0,4,2.6518204603326143e+20,28427653.632491075,62736725483774.67,2499999.999999998,1.325972966891791e+20,471883.7413552322,4.120010999031365e-10,0,0,1,0.0,0.0,0
146,13365261.739937754,1,0.0,1960268.5458361888,30844484279,43.88929946529428,120.0,2,2.6912635682787436e+20,28482213.44756645,62938622666730.11,2499999.999999999,1.3456947227620385e+20,471883.7413552322,4.0472514228895307e-10,0,0,1,0.0,0.0,0
147,39610987.40338263,3,0.0,1961879.8456951624,31049873292,60.29814064514076,120.0,4,2.728585627554944e+20,28549448.82390815,63006060962478.805,2499999.999999998,1.3643558198384345e+20,471883.7413552322,4.079083737451583e-10,0,0,1,0.0,0.0,0
148,13365261.739937754,1,0.0,1966286.3851208687,31281508031,45.35411995523447,120.0,2,2.7685969857028365e+20,28516055.575847454,63218892948066.08,2499999.999999999,1.3843617117443663e+20,471883.7413552322,4.079083737451583e-10,0,0,1,0.0,0.0,0
149,26730523.47987551,2,0.0,1970692.9245465759,31499777507,54.08605369997994,120.0,3,2.8077277118340183e+20,28513043.420963373,63321628220508.59,2499999.999999998,1.4039271775452296e+20,471883.7413552322,4.083631210960448e-10,0,0,1,0.0,0.0,0
150,13371376.042960025,1,0.0,1975098.1370836054,31731406131,50.93486727783218,120.0,3,2.8483135720115038e+20,28541982.57337497,63551985168698.45,2499999.999999999,1.4242203379909206e+20,471979.2773399552,4.083631210960448e-10,0,0,1,0.0,0.0,0
151,26754980.691964593,2,0.0,1982402.470158161,31949651150,103.14621546049737,120.0,4,2.8879992773996423e+20,28492221.817091804,63626462018503.8,2499999.999999998,1.4440632651618396e+20,471979.2773399552,4.083631210960448e-10,0,0,1,0.0,0.0,0
152,13377490.345982296,1,0.0,1989706.8032327157,32181273659,60.463909638388444,120.0,2,2.9266660205649664e+20,28416375.05201364,63280368974864.945,2499999.999999999,1.4633962906514581e+20,471979.2773399552,4.0517988963983953e-10,0,0,1,0.0,0.0,0
153,26754980.691964593,2,0.0,1994108.035103716,32399518678,53.1986894522877,120.0,3,2.96689291730867e+20,28374977.389900427,63106665151612.38,2499999.999999998,1.4835095653194865e+20,471979.2773399552,8.089955372270197e-10,0,0,1,0.0,0.0,0
154,13377490.345982296,1,0.0,2001412.3681782708,32631141188,60.46375849007394,120.0,2,3.006086570692323e+20,28229068.084459227,62766368797635.37,2499999.999999999,1.503106051714959e+20,471979.2773399552,8.089955372270197e-10,0,0,1,0.0,0.0,0
155,26754980.691964593,2,0.0,2008716.7012528256,32849386208,107.11321108846792,120.0,4,3.0468546587915924e+20,28136578.935115147,62854878287122.82,2499999.999999998,1.5234901842740832e+20,471979.2773399552,8.126335160341114e-10,0,0,1,0.0,0.0,0
156,13377490.345982296,1,0.0,2016021.0343273813,33081008718,60.463607498886134,120.0,2,3.086575222393576e+20,28060732.17003698,62523067374242.0,2499999.999999999,1.5433501342641622e+20,471979.2773399552,8.05357558419928e-10,0,0,1,0.0,0.0,0
157,26754980.691964593,2,0.0,2023331.3771001664,33299253737,120.0,120.0,4,3.127884501848411e+20,27984723.1431066,62620540095176.75,2499999.999999998,1.5640048714643004e+20,472195.6264762438,1.1436895874794573e-09,0,0,1,0.0,0.0,0
158,13377490.345982296,1,0.0,2030641.7198729515,33530876246,60.4634566645873,120.0,2,3.168131975668723e+20,27908714.116176214,62294352092613.83,2499999.999999999,1.584128282186454e+20,472195.6264762438,1.1400516086723655e-09,0,0,1,0.0,0.0,0
159,26754980.691964593,2,0.0,2032145.8602386266,33749121265,31.040780920085346,120.0,2,3.2099824464791234e+20,27945126.212523274,62138307341942.34,2499999.999999998,1.6050533615469036e+20,472195.6264762438,1.139596861321479e-09,0,0,1,0.0,0.0,0
160,13377490.345982296,1,0.0,2039456.2030114117,33980743775,60.46330598694019,120.0,2,3.2507568305177664e+20,27773338.44658136,61814501339001.56,2499999.999999999,1.6254402297602222e+20,472195.6264762438,1.1468728189356625e-09,0,0,1,0.0,0.0,0
161,26754980.691964593,2,0.0,2046766.5457841968,34198988795,92.73042533507594,120.0,4,3.2931484926837326e+20,27680687.035385065,61918470191955.055,2499999.999999998,1.646636164812058e+20,472195.6264762438,1.1436895874794573e-09,0,0,1,0.0,0.0,0
162,13201347.795946464,1,0.0,2052301.8267288117,34430787447,61.213366833056845,120.0,3,3.337105204614623e+20,27703367.491818175,62023898262217.266,2499999.9999999944,1.6686146262055734e+20,508676.70297363657,6.853042577859014e-10,0,0,1,0.0,0.0,0
163,26754980.691964593,2,0.0,2060625.532737636,34649032466,104.17848750585682,120.0,4,3.38005425203861e+20,27626083.666309744,62037059501188.97,2499999.999999998,1.690089163078806e+20,508676.70297363657,6.84849510435015e-10,0,0,1,0.0,0.0,0
164,13553632.896018129,1,0.0,2068985.9362071757,34880478833,60.45108723904763,120.0,2,3.421840452476906e+20,27524447.72536811,61633564126463.8,2499999.999999999,1.7109818598025793e+20,512750.03890371067,1.2087184586562216e-09,0,0,1,0.0,0.0,0
165,26268359.146328263,2,0.0,2077528.394070315,35099210474,102.09499931131978,120.0,4,3.465364797548969e+20,27417522.63331184,61638768266959.15,2499999.999999998,1.7327440375427514e+20,512750.03890371067,1.20508047984913e-09,0,0,1,0.0,0.0,0
166,13377490.345982296,1,0.0,2085965.2482994187,35330832984,60.450849326905555,120.0,2,3.507732513814829e+20,27313134.465025894,61238164650135.62,2499999.999999999,1.7539274950720645e+20,512750.03890371067,1.2087184586562216e-09,0,0,1,0.0,0.0,0
167,27241602.237600923,2,0.0,2091446.61586274,35548591382,47.27541600653003,120.0,3,3.551728841114309e+20,27244997.4722711,61002565003701.83,2499999.999999998,1.7759254231221584e+20,518467.62391408574,1.204170985147357e-09,0,0,1,0.0,0.0,0
168,13377490.345982296,1,0.0,2100042.291897687,35780213891,60.45061166820296,120.0,2,3.594623175625572e+20,27062896.507603504,60588538143487.695,2499999.999999999,1.7973721763509292e+20,518467.62391408574,1.2114469427615404e-09,0,0,1,0.0,0.0,0
169,40036979.64430118,3,0.0,2105811.665121654,35985176911,82.33939941209245,120.0,4,3.6382348529781054e+20,27012019.892895367,60863382955780.1,2499999.999999998,1.8191782898720083e+20,520486.33953390527,1.1459633242338896e-09,0,0,1,0.0,0.0,0
170,13377490.345982296,1,0.0,2114463.4165904853,36216799421,60.45037426253075,120.0,2,3.681649456708221e+20,26876126.31615909,60458741730303.1,2499999.999999999,1.8408851870958407e+20,520486.33953390527,9.658833732828498e-10,0,0,1,0.0,0.0,0
171,26754980.691964593,2,0.0,2123115.168059317,36435044440,98.39440005869437,120.0,3,3.726756276269894e+20,26766964.0689439,60488209417206.51,2499999.999999998,1.8634386263443643e+20,520486.33953390527,1.1459633242338896e-09,0,0,1,0.0,0.0,0
172,13377490.345982296,1,0.0,2131766.919528149,36666666950,60.45013710948068,120.0,2,3.7706977902183396e+20,26655848.957837667,60095025494394.7,2499999.999999999,1.8854089901346642e+20,520486.33953390527,1.1496013030409813e-09,0,0,1,0.0,0.0,0
173,26754980.691964593,2,0.0,2137515.5697934246,36884911970,45.31835747800323,120.0,2,3.816345801135578e+20,26599522.70589557,59878667156718.23,2499999.999999998,1.908232779234946e+20,520486.33953390527,1.1459633242338896e-09,0,0,1,0.0,0.0,0
174,13377490.345982296,1,0.0,2146167.3212622562,37116534479,60.44990020864541,120.0,2,3.860814225302354e+20,26446249.058353893,59494261314020.48,2499999.999999999,1.930466606912491e+20,520486.33953390527,1.1496013030409813e-09,0,0,1,0.0,0.0,0
175,39795687.7622163,3,0.0,2151989.0581759117,37321738791,77.25913589496086,120.0,4,3.9054477447592064e+20,26431646.338154543,59793714316359.26,2499999.999999998,1.9527836660939194e+20,520486.33953390527,1.1459633242338896e-09,0,0,1,0.0,0.0,0
176,13377490.345982296,1,0.0,2161107.0449248473,37553361301,60.449663559618486,120.0,2,3.950432646578655e+20,26311891.178302046,59349585049069.65,2499999.999999999,1.9752756728743766e+20,537270.8096176749,1.1677911970764399e-09,0,0,1,0.0,0.0,0
177,26754980.691964593,2,0.0,2170225.0316737834,37771606320,96.42775660053826,120.0,3,3.9971526076413687e+20,26198334.225381397,59336270032316.586,2499999.999999998,1.9986356400907167e+20,537270.8096176749,1.1696101864799857e-09,0,0,1,0.0,0.0,0
178,13183653.889352206,1,0.0,2176566.11282895,38003422666,60.72605986082686,120.0,3,4.0455629135333e+20,26224047.21136013,59312901055695.125,2499999.9999999953,2.0228407696677057e+20,537270.8096176749,1.1696101864799857e-09,0,0,1,0.0,0.0,0
179,33363481.405218825,2,0.0,2182440.407048626,38215059185,44.93362204377834,120.0,2,4.0920915271758584e+20,26193960.639783505,58930387620746.56,2499999.999999998,2.04610469397555e+20,602452.8896257243,1.1423253454267979e-09,0,0,1,0.0,0.0,0
180,35140170.43014705,2,0.0,2187170.0016506445,38424919015,60.380554328529826,120.0,3,4.1346638115117144e+20,26150874.568887472,58775779037747.02,2499999.999999999,2.067390681534895e+20,602452.8896259223,1.1059455573558807e-09,0,0,1,0.0,0.0,0
181,53303703.445776395,3,0.0,2192349.0233569667,38616615310,86.60551946696569,120.0,4,4.1792966049821255e+20,26105620.646727648,59224928018716.23,2499999.999999998,2.0897075274190815e+20,602879.9645977342,1.5315890777856112e-09,0,0,1,0.0,0.0,0
182,19985991.059236526,1,0.0,2200421.2137541105,38841629318,60.44898400777086,120.0,2,4.2235574788035006e+20,26009413.325743426,58784042147317.375,2499999.999999999,2.1118375234438975e+20,602879.9645977342,1.5279510989785194e-09,0,0,1,0.0,0.0,0
183,39971982.11847305,2,0.0,2204156.16650819,39046657336,50.71859141236599,120.0,3,4.270332040074673e+20,26014058.839814927,58608068085374.72,2499999.999999998,2.1352246281054218e+20,602879.9645977342,1.5279510989785194e-09,0,0,1,0.0,0.0,0
184,15933929.618967485,1,0.0,2210529.180095779,39275723407,60.03283863507756,120.0,3,4.320016109343542e+20,25939020.79695892,58455249545394.44,2499999.9999999953,2.1600665099213164e+20,602879.9645977342,1.5279510989785194e-09,0,0,1,0.0,0.0,0
185,67295313.77083325,4,0.0,2209623.8556009415,39453428093,84.2272392839599,120.0,7,4.3613547212871093e+20,26105384.08380779,59548353540059.25,2499999.999999999,2.1807369089970946e+20,602879.9645977342,1.5279510989785194e-09,0,0,1,0.0,0.0,0
186,13278274.682472903,1,0.0,2223488.951257633,39685149818,60.32743118514838,120.0,1,4.411900717806459e+20,25771680.65264035,58467311800878.01,2499999.999999997,2.2060088262150305e+20,602879.9645977342,1.5279510989785194e-09,0,0,1,0.0,0.0,0
187,57844308.98391382,3,0.0,2219008.1232120865,39872305509,60.320158896534416,120.0,5,4.452977456883792e+20,26068985.706899196,59124935023307.43,2500000.0000000107,2.2265478533769193e+20,602879.9645977342,1.5279510989785194e-09,0,0,1,0.0,0.0,0
188,0.0,0,20747.30419136391,2235754.788895358,40117305509,0.0,0.0,0,4.505754099212126e+20,25605418.33147621,57788505117941.805,2479252.695808633,2.252934838111181e+20,602879.9645977342,1.5243131201714277e-09,0,0,1,0.0,0.0,0
189,46196106.24067587,3,0.0,2236183.5903234696,40316109403,69.96972537803413,120.0,7,4.553306233844782e+20,25746091.680059753,58729646334772.55,2500000.0000000107,2.276711846568726e+20,583816.9733309771,1.6043486539274454e-09,0,0,1,0.0,0.0,0
190,47084356.58040176,3,0.0,2234846.3798434427,40514025048,48.54950832533912,120.0,4,4.596883411770539e+20,25917881.05256779,58971183068050.625,2499999.999999999,2.2985006770683373e+20,583816.9733309771,1.6007106751203537e-09,0,0,1,0.0,0.0,0
191,35319706.03384657,2,0.0,2238615.3544964693,40723705342,40.34270129527137,120.0,2,4.646958082156709e+20,25840350.045946196,58365480885269.42,2499999.999999997,2.32353740655924e+20,583816.9733309771,1.5243131201714277e-09,0,0,1,0.0,0.0,0
192,39971982.11847305,2,0.0,2241820.779715361,40928733359,80.30075731779579,120.0,4,4.6904281462272845e+20,25833472.77168829,58736669911060.0,2499999.999999999,2.3452728097835532e+20,583816.9733309771,1.5243131201714277e-09,0,0,1,0.0,0.0,0
193,13956560.753973443,1,0.0,2255009.1503387103,41159776798,100.72911281597368,120.0,2,4.743429757571257e+20,25494686.673866916,57975222051535.79,2499999.9999999898,2.37177285400768e+20,583816.9733309771,1.5315890777856112e-09,0,0,1,0.0,0.0,0
194,46782911.435876675,3,0.0,2251833.517949531,41357993887,52.627119257160196,120.0,6,4.791975170925254e+20,25747654.23946336,58637229697868.695,2500000.0000000107,2.3960462226923248e+20,583816.9733309771,1.877197064459324e-09,0,0,1,0.0,0.0,0
195,29978986.58885479,2,0.0,2257920.5131950015,41573014901,60.37832061630065,120.0,3,4.839450128936016e+20,25651042.76632934,58350886955899.97,2499999.999999999,2.419783415354964e+20,583816.9733309771,1.949956640601158e-09,0,0,1,0.0,0.0,0
196,48251546.53281301,3,0.0,2259071.8035900313,41769763355,53.50739850973495,120.0,4,4.8885554040322444e+20,25718511.44985859,58310219608535.586,2500000.0000000107,2.4443360122357308e+20,574552.2166589753,8.549250196665525e-10,0,0,1,0.0,0.0,0
197,37481476.99770184,2,0.0,2258763.5852169725,41977281878,45.60453100380111,120.0,3,4.933547675573238e+20,25810207.120708898,58455423863714.414,2499999.999999999,2.4668322932104826e+20,574552.2166589753,8.585629984736443e-10,0,0,1,0.0,0.0,0
198,17445700.942466803,1,0.0,2270937.409607138,42204836177,120.0,120.0,2,4.987606237410877e+20,25452549.25208313,57831396086048.336,2499999.9999999898,2.4938609501015245e+20,574552.2166589753,8.585629984736443e-10,0,0,1,0.0,0.0,0
199,33264265.74170943,2,0.0,2273915.2456804225,42416571912,63.754104510142604,120.0,5,5.038337749174015e+20,25466984.989264905,58256034346120.42,2499999.9999999986,2.5192271306213537e+20,574552.2166589753,8.549250196665525e-10,0,0,1,0.0,0.0,0
200,72208306.66407582,4,0.0,2262820.998139855,42589363603,43.33960463488662,120.0,5,5.0813838050372426e+20,25935819.010397237,58828007690737.71,2499999.999999999,2.540750730526312e+20,625125.3592089572,8.585629984736443e-10,0,0,1,0.0,0.0,0
201,52967304.640924215,4,0.0,2262948.9035287853,42781396299,59.79032149733461,120.0,6,5.127563497196681e+20,26014126.792960674,58948316300108.21,2499999.999999999,2.563840696914641e+20,625125.3592089572,8.585629984736443e-10,0,0,1,0.0,0.0,0
202,39689029.958451316,3,0.0,2265958.378944293,42986707269,60.488903959906295,120.0,5,5.175784600644247e+20,26013365.56695842,58921816446109.1,2499999.999999999,2.5879512221385697e+20,625125.3592089572,8.62200977280736e-10,0,0,1,0.0,0.0,0
203,39689029.958451316,3,0.0,2268967.8543598005,43192018239,56.50418142265575,120.0,5,5.224233451880574e+20,26017697.9374273,58792601524213.414,2499999.999999999,2.6121755185418112e+20,625125.3592089572,8.585629984736443e-10,0,0,1,0.0,0.0,0
204,39689029.958451316,3,0.0,2269107.0062518795,43397329209,60.41604115705664,120.0,6,5.2761470340345627e+20,26149023.38023215,58987883304672.27,2499999.999999999,2.638132504900586e+20,625150.5612155946,8.585629984736443e-10,0,0,1,0.0,0.0,0
205,52967304.640924215,4,0.0,2267413.2567105284,43589361905,43.34680636118937,120.0,5,5.3238860292291605e+20,26295749.43239788,59005582805632.6,2499999.999999999,2.6620020201973858e+20,662902.630569014,8.949427865445614e-10,0,0,1,0.0,0.0,0
206,52967304.640924215,4,0.0,2271461.5543275196,43781394600,84.25350992982237,120.0,7,5.3711535001988615e+20,26285086.1366956,59323280966994.08,2499999.999999999,2.6856360733803977e+20,662902.630569014,8.221832104027271e-10,0,0,1,0.0,0.0,0
207,39689029.958451316,3,0.0,2272649.374812747,43986705571,40.53457098246941,120.0,4,5.420508455958238e+20,26359342.505521778,59088939683654.25,2499999.999999999,2.7103133169188025e+20,662902.630569014,8.913048077374697e-10,0,0,1,0.0,0.0,0
208,39689029.958451316,3,0.0,2276708.218877146,44192016541,60.34215704472602,120.0,5,5.470091159506374e+20,26373087.691322375,58970668248871.88,2499999.999999999,2.735104550421436e+20,662902.630569014,7.494236342608929e-10,0,0,1,0.0,0.0,0
209,39689029.958451316,3,0.0,2275025.015783204,44397327510,43.43714314687937,120.0,5,5.52321098391704e+20,26526395.58643628,59059095383571.25,2499999.999999999,2.7616645510539035e+20,662902.630569014,8.949427865445614e-10,0,0,1,0.0,0.0,0
210,63203957.811167,4,0.0,2277724.7244274635,44579123552,84.23873510518705,120.0,7,5.569573358901016e+20,26555510.85648532,59492506841361.03,2499999.999999999,2.7848461719573493e+20,725751.9303174529,8.949427865445614e-10,0,0,1,0.0,0.0,0
211,66864782.574082,4,0.0,2271744.8973039705,44757258769,43.374279711470805,120.0,5,5.615100760429868e+20,26865306.33887518,59704754687013.18,2499999.999999999,2.8076100849696208e+20,725751.9303174529,9.713403414934874e-10,0,0,1,0.0,0.0,0
212,51015903.84222379,3,0.0,2273345.6524178977,44951242865,60.354191001940436,120.0,5,5.6630320707324556e+20,26933826.123759255,59731663620172.85,2500000.0000000107,2.8315757670298478e+20,725751.9303174529,8.949427865445614e-10,0,0,1,0.0,0.0,0
213,52496287.17807941,3,0.0,2270720.5813945625,45143746579,40.561935499208296,120.0,4,5.7109110551752534e+20,27147638.54015296,59701873062304.63,2499999.999999999,2.855515229460689e+20,725751.9303174529,8.913048077374697e-10,0,0,1,0.0,0.0,0
214,42325764.000560716,3,0.0,2275889.752747971,45346420816,84.36704611413185,120.0,7,5.7647911292650534e+20,27057607.270447623,59830146749808.22,2500000.0000000107,2.8824553947792766e+20,725751.9303174529,9.204086381942034e-10,0,0,1,0.0,0.0,0
215,72443771.90405399,4,0.0,2267196.1093935636,45518977043,43.38375012112471,120.0,5,5.81018545808051e+20,27455759.991723374,60390512010621.914,2499999.999999999,2.9051531195522656e+20,715226.2542853623,8.913048077374697e-10,0,0,1,0.0,0.0,0
216,61422332.61490327,4,0.0,2266538.5249300865,45702554710,60.36029857228626,120.0,6,5.8575914197365214e+20,27573954.73835266,60660109495963.66,2500000.0000000107,2.9288563699777565e+20,715226.2542853623,9.204086381942034e-10,0,0,1,0.0,0.0,0
217,51326273.49155,3,0.0,2264132.7668718286,45896228437,40.58934928928692,120.0,4,5.906594800656426e+20,27777579.93474434,60687664277200.22,2499999.999999999,2.95335808799249e+20,715365.733208179,1.0913936421275139e-09,0,0,1,0.0,0.0,0
218,45528681.82943961,3,0.0,2270525.9403636996,46095699754,90.27161679794284,120.0,6,5.956611985254377e+20,27666735.548590634,60737721496748.78,2500000.0000000107,2.9783667303486856e+20,715365.733208179,1.0913936421275139e-09,0,0,1,0.0,0.0,0
219,50668315.6595311,3,0.0,2265518.3726327824,46290031438,43.494830832138724,120.0,5,6.010602179455919e+20,27939720.570635654,60967356804866.945,2499999.9999999986,3.005362057084764e+20,715365.733208179,1.0913936421275139e-09,0,0,1,0.0,0.0,0
220,64731373.15415405,4,0.0,2263436.1959010456,46470300066,60.35711286971312,120.0,6,6.058200600861079e+20,28100756.83193168,61447464339884.13,2500000.0000000107,3.0291617478948795e+20,715365.733208179,1.0913936421275139e-09,0,0,1,0.0,0.0,0
221,64649181.429324284,4,0.0,2258142.220390261,46650650884,43.43323041872456,120.0,5,6.106027863023124e+20,28385861.656264,61785918035816.84,2499999.999999999,3.053075717429598e+20,715475.1231811134,1.7535057850182056e-09,0,0,1,0.0,0.0,0
222,45542683.7459752,3,0.0,2264535.393882133,46850108201,90.28398784059996,120.0,6,6.15688356439212e+20,28274547.209107492,61829698702698.57,2500000.0000000107,3.078503611894763e+20,715475.1231811134,1.7535057850182056e-09,0,0,1,0.0,0.0,0
223,53927647.67800519,3,0.0,2261003.6057769186,47041180553,40.63178526369709,120.0,4,6.206893043491849e+20,28521001.440448876,62019738101425.42,2499999.999999999,3.103508541484026e+20,715475.1231811134,1.7516867956146598e-09,0,0,1,0.0,0.0,0
224,44888577.299541265,3,0.0,2261756.217326707,47241291976,60.48173866838431,120.0,6,6.262832134058966e+20,28588516.420887146,62196097137036.06,2500000.0000000107,3.1314782631266196e+20,715475.1231811134,1.7516867956146598e-09,0,0,1,0.0,0.0,0
225,67904662.0622134,4,0.0,2255029.644752914,47418387314,43.44931648123171,120.0,5,6.310844819661486e+20,28915910.61266236,62761969341764.93,2499999.999999999,3.155485171800084e+20,714768.5138016293,1.2405507732182741e-09,0,0,1,0.0,0.0,0
226,58789147.599711105,4,0.0,2258528.5235715406,47604598167,84.30065535473575,120.0,7,6.360496645807844e+20,28886434.052315176,63057778680719.5,2500000.0000000107,3.1803113806826026e+20,714768.5138016293,1.2387317838147283e-09,0,0,1,0.0,0.0,0
227,54004091.76204391,3,0.0,2254943.9285720875,47795594076,40.668471961324975,120.0,4,6.411324709951271e+20,29132323.02993635,63310149512222.16,2499999.999999999,3.2057256651251476e+20,714768.5138016312,1.2387317838147283e-09,0,0,1,0.0,0.0,0
228,48144057.93243061,3,0.0,2257155.1991217523,47992450017,60.42850651053518,120.0,5,6.463199283113777e+20,29173988.52088141,63457324542393.086,2500000.0000000107,3.2316630988814307e+20,714768.5138016312,1.2387317838147283e-09,0,0,1,0.0,0.0,0
229,48070792.85866125,3,0.0,2253254.5645973403,48189379224,43.583128367868866,120.0,5,6.519691957087103e+20,29406352.37943213,63697568368124.86,2499999.9999999986,3.259909676111919e+20,714768.5138016312,1.2405507732182741e-09,0,0,1,0.0,0.0,0
230,61954182.23202649,4,0.0,2255360.102429595,48372425042,84.29265821054918,120.0,7,6.569537523931868e+20,29417751.967768874,64164476304378.17,2500000.0000000107,3.284832926442238e+20,714768.5138016312,1.2387317838147283e-09,0,0,1,0.0,0.0,0
231,67790010.91155455,4,0.0,2248925.847115958,48549635030,43.511758759594386,120.0,5,6.619026809536748e+20,29743906.86500391,64724743690685.59,2499999.999999999,3.3095781295120646e+20,720589.8452260396,1.0750227374956012e-09,0,0,1,0.0,0.0,0
232,48144057.93243061,3,0.0,2251298.8213163,48746490972,60.449970891066776,120.0,5,6.671738093821662e+20,29777284.722611763,64889903228366.87,2500000.0000000107,3.33593393681406e+20,720589.8452260396,1.0713847586885095e-09,0,0,1,0.0,0.0,0
233,51326273.49155049,3,0.0,2249038.1774807596,48940164698,40.73163614384784,120.0,4,6.724060918557329e+20,29977977.760244865,65109194824544.53,2499999.999999999,3.3620955684734894e+20,720589.8452260398,1.0804797057062387e-09,0,0,1,0.0,0.0,0
234,43610573.873122334,3,0.0,2253161.1351090074,49141554125,84.47033844926014,120.0,7,6.78231336046043e+20,29921998.33962305,65254750058901.39,2500000.0000000107,3.391221934980273e+20,720589.8452260398,1.0713847586885095e-09,0,0,1,0.0,0.0,0
235,71045491.5444438,4,0.0,2245637.3180720345,49315508634,43.54356405157707,120.0,5,6.83248203732902e+20,30272272.00064827,66004582388293.7,2499999.999999999,3.416307023246898e+20,720589.8452260398,1.0750227374956012e-09,0,0,1,0.0,0.0,0
236,63329791.92601563,4,0.0,2244714.777082797,49497178842,60.445729613022046,120.0,6,6.883587205885462e+20,30401966.553384237,66505390305386.414,2500000.0000000107,3.4418601083330363e+20,720589.8452260398,1.0677467798814178e-09,0,0,1,0.0,0.0,0
237,51326273.4915505,3,0.0,2242454.133247257,49690852569,40.78878840204422,120.0,4,6.936737403930629e+20,30592916.624824032,66775065614950.48,2499999.999999999,3.468435477030929e+20,720589.8452260398,1.0732037480920553e-09,0,0,1,0.0,0.0,0
238,45375793.66136298,3,0.0,2249025.599817766,49890476775,90.36039158730483,120.0,6,6.990972726385237e+20,30477615.059018657,66779820620067.66,2500000.0000000107,3.4955531430132384e+20,720589.8452260398,1.0713847586885095e-09,0,0,1,0.0,0.0,0
239,52701883.185539626,3,0.0,2242872.387974074,50082774892,43.73322849376981,120.0,5,7.049161156661873e+20,30789168.5121501,67343753100991.04,2499999.9999999986,3.524647922084038e+20,720589.8452260398,1.0786607163026929e-09,0,0,1,0.0,0.0,0
240,64055526.31844607,4,0.0,2241200.665270686,50263719365,60.449394254200115,120.0,6,7.101490024717024e+20,30922069.390973255,67963780754318.34,2500000.0000000107,3.550812976139266e+20,710169.2173409136,9.404175216332078e-10,0,0,1,0.0,0.0,0
241,67178927.66978358,4,0.0,2235065.5824741703,50441540438,43.64511452921816,120.0,5,7.152845476937652e+20,31228863.39885589,68628474610611.49,2499999.999999999,3.576491366943436e+20,710169.2173409136,9.49512468650937e-10,0,0,1,0.0,0.0,0
242,44041953.29206684,3,0.0,2241636.8823901312,50642498485,90.38021132649965,120.0,6,7.208179622229281e+20,31096651.681408152,68595399393316.59,2500000.0000000107,3.604158406514034e+20,710163.2177771811,1.6134436009451747e-09,0,0,1,0.0,0.0,0
243,55428378.13191427,3,0.0,2237306.1826530755,50832070106,40.902025156531714,120.0,4,7.262045247776396e+20,31366654.917662304,69146219684864.21,2499999.999999999,3.631091770107883e+20,710163.2177771811,1.446096575818956e-09,0,0,1,0.0,0.0,0
244,45417562.98605597,3,0.0,2236987.925780591,51031652543,60.70204859388277,120.0,6,7.322512506302389e+20,31465543.334968086,69539312661869.23,2500000.0000000107,3.6613257924638566e+20,710163.2177771811,1.4388206182047725e-09,0,0,1,0.0,0.0,0
245,69238502.43151015,4,0.0,2229958.7636725274,51207414041,43.73678551399197,120.0,5,7.374827846995562e+20,31789350.661180243,70368196067380.74,2499999.999999999,3.687484291693848e+20,710163.2177771811,1.6116246115416288e-09,0,0,1,0.0,0.0,0
246,59227687.285651855,4,0.0,2233234.5483989087,51393186353,84.38377220520468,120.0,7,7.428459701448714e+20,31754748.281267308,70621712301017.06,2500000.0000000107,3.714300472436658e+20,710163.2177771811,1.4351826393976808e-09,0,0,1,0.0,0.0,0
247,55428378.13191427,3,0.0,2228903.848661854,51582757975,41.040581419098025,120.0,4,7.483146485160014e+20,32015212.933933537,71235514819617.98,2499999.999999999,3.7416444780948265e+20,710163.2177771811,1.446096575818956e-09,0,0,1,0.0,0.0,0
248,46810217.56313448,3,0.0,2231691.2379130777,51780947758,60.576311405428065,120.0,5,7.539473815250306e+20,32040828.821292136,71508655210104.6,2500000.0000000107,3.769808416280363e+20,725088.159172665,1.393345883116126e-09,0,0,1,0.0,0.0,0
249,51267459.28376813,3,0.0,2226285.559053047,51974680298,44.18959517560127,120.0,5,7.599920178831949e+20,32336817.280162644,72096899495712.77,2499999.9999999986,3.80003218631547e+20,725088.159172665,1.3897079043090343e-09,0,0,1,0.0,0.0,0
250,63388606.133797996,4,0.0,2231091.3091160036,52156291693,84.38095553650182,120.0,7,7.654389902275854e+20,32255536.333616585,72336812159617.11,2500000.0000000107,3.8272672879500866e+20,808629.2622784718,1.7389538697898388e-09,0,0,1,0.0,0.0,0
251,48342511.13491205,3,0.0,2235866.75557768,52352949182,48.65365120002828,120.0,4,7.711493755346619e+20,32245703.882614322,72230533857860.03,2499999.999999999,3.8558191082071674e+20,808629.2622784718,1.735315890982747e-09,0,0,1,0.0,0.0,0
252,46810217.56313448,3,0.0,2240974.7310262877,52551138964,50.86423431466319,120.0,4,7.768675034587164e+20,32280619.223351274,72367683175773.3,2500000.0000000107,3.8844098849767575e+20,808629.2622784718,1.7389538697898388e-09,0,0,1,0.0,0.0,0
253,29898895.020158593,2,0.0,2253590.304174742,52766240068,80.61758153798975,120.0,4,7.829163455006373e+20,32047418.023265343,71584967423329.27,2499999.999999999,3.91465331247061e+20,817264.4113976812,6.293703336268663e-10,0,0,1,0.0,0.0,0
254,55888280.69180514,3,0.0,2256261.0734248734,52955351788,49.77451304918725,120.0,4,7.884792838853966e+20,32181781.229547434,72023867106435.06,2500000.0000000107,3.942468443294089e+20,862741.8191514455,6.439222488552332e-10,0,0,1,0.0,0.0,0
255,54163619.32739389,3,0.0,2260013.1238133684,53146188169,48.70346253421135,120.0,4,7.942058238178386e+20,32241818.876501556,72090029199147.4,2499999.999999999,3.971101209118392e+20,862741.8191514455,6.402842700481415e-10,0,0,1,0.0,0.0,0
256,61550371.86994709,4,0.0,2266391.5175448204,53329637797,69.06374980373158,120.0,6,7.9963909919575e+20,32238887.074558523,72098914865542.28,2500000.0000000107,3.9982675948936154e+20,862741.8191514455,6.402842700481415e-10,0,0,1,0.0,0.0,0
257,45243646.0280835,2,0.0,2270719.5689326716,53529394151,45.89431999862377,120.0,3,8.055126048799527e+20,32321254.342714533,72254715273501.27,2499999.999999999,4.027635279115037e+20,862741.8191514455,6.402842700481415e-10,0,0,1,0.0,0.0,0
258,52630398.570636705,3,0.0,2274804.349520115,53721763752,49.28454199168539,120.0,4,8.111893727919525e+20,32412379.35968522,72580124626967.03,2500000.0000000107,4.056019444084389e+20,862741.8191514455,6.439222488552332e-10,0,0,1,0.0,0.0,0
259,32712124.63953425,2,0.0,2287441.0434317784,53934051627,73.92299315919435,120.0,4,8.172338243742024e+20,32205186.963012315,71822169670245.05,2499999.999999999,4.0862409440406825e+20,862741.8191514455,6.439222488552332e-10,0,0,1,0.0,0.0,0
260,74081893.25849633,4,0.0,2284206.3497048537,54104969734,51.070918158452024,120.0,5,8.227167279482774e+20,32529198.212477405,72929488687058.88,2500000.0000000107,4.113656569230074e+20,815781.8015071108,5.638867150992155e-10,0,0,1,0.0,0.0,0
261,54163619.32739389,3,0.0,2286653.955158783,54295806115,48.93689606374477,120.0,4,8.284685105501756e+20,32644294.779703036,73224481338567.4,2499999.999999999,4.142415777232217e+20,815781.8015071108,5.748006515204906e-10,0,0,1,0.0,0.0,0
262,46364637.87636207,3,0.0,2295023.4191452507,54494441477,71.03569353151997,120.0,5,8.342905117619744e+20,32569431.18989776,73069173376979.77,2500000.0000000107,4.171525627983249e+20,815781.8015071108,5.748006515204906e-10,0,0,1,0.0,0.0,0
263,45243646.0280835,2,0.0,2298047.0255985376,54694197831,46.24695377497859,120.0,3,8.40292967381698e+20,32687018.471287023,73483951071593.36,2499999.999999999,4.2015383208595613e+20,815781.8015071108,5.784386303275824e-10,0,0,1,0.0,0.0,0
264,52630398.570636705,3,0.0,2300827.3612514157,54886567433,49.382676688090314,120.0,4,8.460924023852213e+20,32822914.9675193,74019203569835.7,2521399.9584761597,4.230536031129677e+20,815781.8015071108,5.784386303275824e-10,0,0,1,0.0,0.0,0
265,47897858.63311926,3,0.0,2308864.0950389346,55083669574,70.92787181576671,120.0,5,8.520923560287362e+20,32741154.82646442,73720954026134.6,2504182.2736159647,4.260535501097707e+20,815781.8015071108,5.748006515204906e-10,0,0,1,0.0,0.0,0
266,74081893.25849634,4,0.0,2305629.40131201,55254587680,51.36583716488901,120.0,5,8.575903609336937e+20,33060814.16420081,74967505254721.2,2587568.8987603756,4.288026772173723e+20,815781.8015071108,5.748006515204906e-10,0,0,1,0.0,0.0,0
267,43701429.4870371,2,0.0,2310347.4472694895,55455886251,46.953347520954814,120.0,3,8.636023110231244e+20,33117401.623439122,75265232646231.64,2655705.56836705,4.3180868203482684e+20,852684.4902042063,5.748006515204906e-10,0,0,1,0.0,0.0,0
268,52508670.06533979,3,0.0,2318716.911255957,55648377581,67.51668754013924,120.0,5,8.692444487755964e+20,33042538.03363385,75160535109222.64,2638487.883506855,4.3462974044130915e+20,911782.3044598877,5.784386303275824e-10,0,0,1,0.0,0.0,0
269,63675742.59501666,2,0.0,2315643.777843808,55829701838,49.56261470981692,120.0,3,8.749434318464774e+20,33389474.038896047,76685633781346.95,2769874.7601276543,4.374793844866168e+20,884300.67520977,5.493347998708487e-10,0,0,1,0.0,0.0,0
270,80104196.94217715,4,0.0,2311698.539079249,55994597641,60.70382272387467,120.0,6,8.803161695740748e+20,33749842.45471817,78207279915797.27,2852785.883298249,4.40165905515029e+20,884300.67520977,6.184563972055912e-10,0,0,1,0.0,0.0,0
271,28408915.966214824,2,0.0,2330097.317391018,56211188725,70.25468858839511,120.0,3,8.873034297674704e+20,33288608.570932243,76200767114823.47,2835568.198438054,4.436593349604467e+20,884300.67520977,6.184563972055912e-10,0,0,1,0.0,0.0,0
272,72801634.160869,3,0.0,2326026.0785329323,56383387091,40.22890554098441,120.0,3,8.929910592817466e+20,33653864.834724806,78007661143930.56,2966955.0750588533,4.4650333040698766e+20,884300.67520977,5.456968210637569e-10,0,0,1,0.0,0.0,0
273,25632974.855882157,1,0.0,2338690.1197941047,56602754116,31.493106434171878,120.0,1,9.00185080315076e+20,33402789.708763134,77110603871582.73,3049866.198229448,4.501002512179252e+20,856420.7175253697,9.968061931431293e-10,0,0,1,0.0,0.0,0
274,43308059.542080335,3,0.0,2349515.0824608896,56804446057,52.42725235454586,120.0,4,9.06409114335202e+20,33227472.87822776,76513052294292.0,3032648.513369253,4.5321220847283044e+20,856420.7175253697,1.0113581083714962e-09,0,0,1,0.0,0.0,0
275,53616882.67069875,2,0.0,2353413.12964696,56995829175,41.34524115775577,120.0,2,9.133420582552528e+20,33283561.622871235,76950712630073.39,3164035.389990052,4.566787241988894e+20,856420.7175253697,9.822542779147625e-10,0,0,1,0.0,0.0,0
276,71426052.95333523,4,0.0,2352574.3894093707,57169403120,42.00293475308802,120.0,4,9.191831710357881e+20,33493011.232450582,78099295383515.58,3246946.513160647,4.595993954474324e+20,856492.9875844095,3.346940502524376e-10,0,0,1,0.0,0.0,0
277,13223181.972629812,1,0.0,2373496.247143349,57401179938,80.21192059270938,120.0,2,9.266131921862695e+20,32935131.73147816,76029116600132.95,3229728.828300452,4.633141990047948e+20,856492.9875844095,3.383320290595293e-10,0,0,1,0.0,0.0,0
278,65777863.08808942,3,0.0,2370677.1985095274,57580402075,38.80876503763631,120.0,3,9.32692730093658e+20,33241502.04428057,77856730058783.33,3351900.73309292,4.663541507198349e+20,819633.1002710861,4.838511813431978e-10,0,0,1,0.0,0.0,0
279,23273942.06782946,1,0.0,2383343.2472723396,57802128133,39.88646535222206,120.0,1,9.400723320049441e+20,32997937.49944717,77318700447776.39,3425596.884435184,4.7004389787251684e+20,819633.1002710861,6.475602276623249e-10,0,0,1,0.0,0.0,0
280,59150345.666521154,4,0.0,2389706.328059666,57987977789,53.934717135197126,120.0,5,9.462395647597322e+20,32965339.23698974,77219251539014.06,3408379.199574989,4.7312750430502e+20,819633.1002710861,3.092281986027956e-10,0,0,1,0.0,0.0,0
281,37836513.35335969,2,0.0,2399487.8049878045,58195141276,47.71543734880589,120.0,3,9.533791860990046e+20,32792461.028602853,76971134649242.97,3477112.599857278,4.766972901629672e+20,819633.1002710861,7.203198038041592e-10,0,0,1,0.0,0.0,0
282,30094128.13700762,2,0.0,2412156.488537612,58410047148,41.38006463265917,120.0,2,9.599232761632627e+20,32530684.389567956,76083421096496.67,3459894.914997083,4.79969246423741e+20,819633.1002710861,3.2014213502407074e-10,0,0,1,0.0,0.0,0
283,13223181.972629812,1,0.0,2433726.058086236,58641823966,65.4882530759165,120.0,1,9.675164140379063e+20,31975534.82302482,74203063573260.39,3442677.230136888,4.837656273253105e+20,879810.6129116475,3.92901711165905e-10,0,0,1,0.0,0.0,0
284,47533726.16660307,3,0.0,2441412.0900769653,58839290239,37.76782541502958,120.0,3,9.738718956363725e+20,31927215.55286263,74368481224114.34,3477112.599857278,4.869433846663087e+20,879810.6129116475,3.92901711165905e-10,0,0,1,0.0,0.0,0
285,15833035.556883728,1,0.0,2462415.28514984,59068457203,60.174579791726096,120.0,1,9.81464642027081e+20,31384043.55134796,72401698105926.48,3459894.914997083,4.9073956118335114e+20,879810.6129116475,5.238689482212067e-10,0,0,1,0.0,0.0,0
286,63366761.723486796,4,0.0,2469534.9426648193,59250090441,49.2788692756116,120.0,4,9.875528458999498e+20,31323461.21705734,72368558539940.98,3442677.230136888,4.937836598058289e+20,879810.6129116475,5.238689482212067e-10,0,0,1,0.0,0.0,0
287,13223181.972629812,1,0.0,2488234.898070078,59481867259,31.55910631385487,120.0,1,9.952542704269726e+20,30861029.166448716,71218816913469.73,3477112.599857278,4.976342570951776e+20,879810.6129116475,4.147295840084553e-10,0,0,1,0.0,0.0,0
288,34310544.19397326,2,0.0,2501660.158347538,59692556715,41.05891199199943,120.0,2,1.0018427906744359e+21,30599074.73366748,70453523579844.38,3459894.914997083,5.009284406895759e+20,879810.6129116475,4.147295840084553e-10,0,0,1,0.0,0.0,0
289,13223181.972629812,1,0.0,2523229.7278961623,59924333533,61.7795706889488,120.0,1,1.0095996095178772e+21,30050948.11142105,68856492919443.84,3442677.230136888,5.0480669040823055e+20,879810.6129116475,4.001776687800884e-10,0,0,1,0.0,0.0,0
290,63366761.723486796,4,0.0,2527479.771267776,60105966770,40.92073360822616,120.0,4,1.0158920459419871e+21,30110889.571151793,69452338894028.305,3477112.599857278,5.0795296820488294e+20,879810.6129116475,4.147295840084553e-10,0,0,1,0.0,0.0,0
291,15833035.556883728,1,0.0,2548807.410766359,60335133735,60.2890755428835,120.0,1,1.0235286578324585e+21,29544659.885114174,67785054105643.44,3459894.914997083,5.117711074216398e+20,891490.6122371629,3.710738383233547e-10,0,0,1,0.0,0.0,0
292,49028766.080269024,3,0.0,2559363.0569004547,60531104969,46.04121669235792,120.0,3,1.0300300111760705e+21,29386953.066753097,67585456455782.4,3442677.230136888,5.1502176413368084e+20,891490.6122371629,3.710738383233547e-10,0,0,1,0.0,0.0,0
293,13223181.972629812,1,0.0,2577759.314965398,60762881787,30.987711596709623,120.0,1,1.0378949671678997e+21,29043952.464142352,66719190242065.305,3477112.599857278,5.18954155502974e+20,868877.5086603103,2.764863893389702e-10,0,0,1,0.0,0.0,0
294,35805584.107639216,2,0.0,2590556.4334768346,60972076203,40.9068135915012,120.0,2,1.0445880186624056e+21,28833903.325037915,66168699804690.26,3459894.914997083,5.2230062620118326e+20,868877.5086603103,2.764863893389702e-10,0,0,1,0.0,0.0,0
295,29056217.529513538,2,0.0,2608386.3170660287,61188019986,60.62603117085632,120.0,2,1.0523049499780971e+21,28502880.28745564,65138318504899.85,3442677.230136888,5.2615898882089904e+20,868877.5086603103,2.764863893389702e-10,0,0,1,0.0,0.0,0
296,64861801.637152754,4,0.0,2612008.218671618,61368158184,40.77563457348567,120.0,4,1.0585726669918888e+21,28590486.411706287,65884952509085.84,3477112.599857278,5.292929219911953e+20,868877.5086603103,2.764863893389702e-10,0,0,1,0.0,0.0,0
297,0.0,0,12369.559028815413,2636773.1273385063,61613158184,0.0,0.0,0,1.0666933472747988e+21,28024620.196709625,64164447569947.3,3459894.914997083,5.333530900821564e+20,891536.71200798,1.0841176845133305e-09,0,0,1,0.0,0.0,0
298,51929144.10877074,3,0.0,2646071.209391365,61806229040,45.868321809701094,120.0,3,1.0731717700448242e+21,27950507.828328077,64222917042334.73,3442677.230136888,5.365923073141163e+20,891536.71200798,1.0841176845133305e-09,0,0,1,0.0,0.0,0
299,13223181.972629812,1,0.0,2665096.2849971503,62038005858,30.789417794311596,120.0,1,1.081199378417871e+21,27608881.69808513,63497345665342.32,3477112.599857278,5.4060603894350204e+20,891514.9401306297,1.0841176845133305e-09,0,0,1,0.0,0.0,0
300,54538997.69302465,3,0.0,2673827.387799888,62228466860,45.67008081307003,120.0,3,1.0876646018317067e+21,27546763.223640066,63496120861953.24,3459894.914997083,5.4383865052793956e+20,891514.9401306297,1.0841176845133305e-09,0,0,1,0.0,0.0,0
301,29056217.529513538,2,0.0,2691822.4725577435,62444410643,60.5373860081333,120.0,2,1.09541567854813e+21,27205391.671317577,62628887466485.96,3442677.230136888,5.4771410216281165e+20,874824.7507321169,2.255546860396862e-09,0,0,1,0.0,0.0,0
302,51929144.10877074,3,0.0,2697786.7193206837,62637481499,36.787494702333106,120.0,3,1.1019807059332901e+21,27236530.78982744,63276214061852.59,3477112.599857278,5.509966805880512e+20,874824.7507321169,1.3897079043090343e-09,0,0,1,0.0,0.0,0
303,0.0,0,17217.684860195066,2721986.85672042,62882481499,0.0,0.0,0,1.1102662399713848e+21,26696501.992270533,61785457971110.09,3459894.914997083,5.551392985314895e+20,871204.9463905155,1.3533281162381172e-09,0,0,1,0.0,0.0,0
304,52623380.74864705,3,0.0,2730870.826499155,63074858119,45.78757917990896,120.0,3,1.1168678557842937e+21,26644661.39239879,61939665882452.25,3439965.368262371,5.584401218587351e+20,882052.3938885829,1.1859810911118984e-09,0,0,1,0.0,0.0,0
305,29749688.37567871,2,0.0,2745745.254187887,63290108431,40.51435245545539,120.0,2,1.1248399920142782e+21,26437369.95208856,61745133978138.11,3477112.599857278,5.6242617052053694e+20,882052.3938885829,1.0841176845133305e-09,0,0,1,0.0,0.0,0
306,53612327.78157471,3,0.0,2754414.608725101,63481496103,45.67734801866369,120.0,3,1.1313290081078697e+21,26357891.093781635,61827347485165.34,3457183.053122566,5.6567068678868337e+20,882052.3938885829,1.0841176845133305e-09,0,0,1,0.0,0.0,0
307,15305891.892258754,1,0.0,2775594.472988443,63711190211,60.63662477557757,120.0,1,1.1395466063837756e+21,25921430.251038995,60835406334954.164,3437253.506387854,5.697793867325213e+20,882052.3938885829,1.0841176845133305e-09,0,0,1,0.0,0.0,0
308,54011854.028399676,3,0.0,2780855.533658669,63902178357,36.744618430895585,120.0,3,1.1462185518229e+21,25991840.222304028,61658543050573.93,3477112.5998572777,5.7311544176575506e+20,882052.3938885833,1.2369127944111824e-09,0,0,1,0.0,0.0,0
309,0.0,0,19929.54673471192,2805356.9890444623,64147178357,0.0,0.0,0,1.1546686736121085e+21,25463605.385858282,60313474201340.33,3457183.0531225656,5.773403681534744e+20,882052.3938885833,1.0695657692849636e-09,0,0,1,0.0,0.0,0
310,68686552.19597106,4,0.0,2810755.027519525,64323491804,48.63056138176115,120.0,4,1.161186868558176e+21,25521823.45252354,60852417126973.56,3437253.5063878535,5.805995195208007e+20,882052.3938885833,1.0732037480920553e-09,0,0,1,0.0,0.0,0
311,29980590.05983015,2,0.0,2825428.6873427993,64538511214,40.511067639570264,120.0,2,1.169195013594498e+21,25301830.108635068,60825844568430.086,3477112.5998572772,5.846035893817058e+20,882052.3938885833,1.0695657692849636e-09,0,0,1,0.0,0.0,0
312,38705962.13614093,2,0.0,2837332.930257929,64744805252,40.80090228330396,120.0,2,1.1761335786219534e+21,25125461.03188224,60712986991484.89,3457183.053122565,5.8807286060967585e+20,882052.3938885833,1.0695657692849636e-09,0,0,1,0.0,0.0,0
313,15305891.892258754,1,0.0,2858512.7945212703,64974499360,60.537929406665626,120.0,1,1.1845120454280555e+21,24808173.36491618,59856957203338.63,3437253.506387853,5.92262008409748e+20,882052.3938885833,1.0732037480920553e-09,0,0,1,0.0,0.0,0
314,54011854.028399676,3,0.0,2863773.855191496,65165487506,36.72256687896006,120.0,3,1.1913145250803008e+21,24921626.43483526,60730350521370.875,3477112.599857277,5.956633355752026e+20,882052.3938885833,1.0732037480920553e-09,0,0,1,0.0,0.0,0
315,14674698.167571422,1,0.0,2885090.6970239705,65395812808,60.162929990906875,120.0,1,1.1997278656385266e+21,24658191.600062616,59806106100127.96,3457183.0531225647,5.998699134298734e+20,882052.3854032293,9.677023626863956e-10,0,0,1,0.0,0.0,0
316,68686552.1959711,4,0.0,2890804.4531161976,65572126256,48.63776985494417,120.0,4,1.2062513825546827e+21,24718312.862759672,60393491388566.516,3437253.5063878526,6.031317306264802e+20,893418.2281065095,9.968061931431293e-10,0,0,1,0.0,0.0,0
317,15305891.892258754,1,0.0,2908978.443874252,65801820364,30.581750098617896,120.0,1,1.2147363092063752e+21,24576181.26511794,60136841215699.6,3477112.5998572763,6.073741682873092e+20,893418.2281065095,9.968061931431293e-10,0,0,1,0.0,0.0,0
318,38705962.13614093,2,0.0,2921198.4044065457,66008114402,40.80934489165177,120.0,2,1.22180904440542e+21,24430174.36941834,60106345350956.164,3457183.053122564,6.10910532837245e+20,893418.2281065095,9.713403414934874e-10,0,0,1,0.0,0.0,0
319,15305891.892258754,1,0.0,2942693.9862870527,66237808511,60.4632757129141,120.0,1,1.2303483797417186e+21,24214525.994784407,59286219836321.2,3437253.506387852,6.15180118492843e+20,893418.2281065095,9.713403414934874e-10,0,0,1,0.0,0.0,0
320,68686552.1959711,4,0.0,2945086.1512568276,66414121958,40.62230216286283,120.0,4,1.237076869906428e+21,24451974.336982768,60477929667951.12,3477112.599857276,6.185444827461808e+20,893418.2281065095,9.677023626863956e-10,0,0,1,0.0,0.0,0
321,14674698.167571422,1,0.0,2966718.71094217,66644447260,60.272423540509635,120.0,1,1.2455273015055611e+21,24203588.747157913,59616920250155.016,3457183.0531225638,6.227696124448056e+20,893418.2281065095,9.677023626863956e-10,0,0,1,0.0,0.0,0
322,54011854.028399676,3,0.0,2975637.3142917156,66835435406,45.72641215672683,120.0,3,1.252502704905747e+21,24206267.84048086,59958305093708.32,3437253.5063878517,6.262573482833828e+20,894146.6499358194,9.677023626863956e-10,0,0,1,0.0,0.0,0
323,15305891.892258754,1,0.0,2993831.5389894736,67065129514,30.54578597022641,120.0,1,1.2611485000876357e+21,24110303.828026835,59720652693925.695,3477112.5998572754,6.305802221090873e+20,894146.6499358194,9.713403414934874e-10,0,0,1,0.0,0.0,0
324,38705962.13614093,2,0.0,3006071.733461471,67271423552,40.83500598978811,120.0,2,1.2683554054582695e+21,24019399.025475882,59761555029831.55,3457183.0531225633,6.341836788846377e+20,894146.6499358194,1.3787939678877592e-09,0,0,1,0.0,0.0,0
325,14674698.167571422,1,0.0,3026293.927985085,67501748854,60.15925455163293,120.0,1,1.2770364205343396e+21,23839815.295414425,59101844525761.0,3450128.8983007376,6.385241204516224e+20,842645.0822842752,1.3124008546583354e-09,0,0,1,0.0,0.0,0
326,67195997.67355391,4,0.0,3032102.7125924802,67679552856,48.6402515331941,120.0,4,1.2837847129640796e+21,24001508.81103017,59876540529704.04,3443075.984991044,6.418983441360928e+20,885194.2974461882,2.0236257114447653e-09,0,0,1,0.0,0.0,0
327,0.0,0,7052.987632718306,3056691.4513352104,67924552856,0.0,0.0,0,1.292727448295305e+21,23787405.801328834,58938980160629.0,3436022.9973583254,6.463696180456686e+20,885194.5947382856,1.7826096154749393e-09,0,0,1,0.0,0.0,0
328,38705962.13614093,2,0.0,3068682.977607276,68130846894,40.86088612991492,120.0,2,1.3000247845658716e+21,23806116.45389912,59168888803147.93,3428970.009725607,6.50018309171816e+20,885194.5947382856,1.786247594282031e-09,0,0,1,0.0,0.0,0
329,14130067.907682974,1,0.0,3087138.874376185,68361716826,30.498715900813274,120.0,1,1.308847111284953e+21,23763664.0152906,59014997591875.375,3477112.5998572754,6.544294571422357e+20,885194.5947382838,1.5825207810848951e-09,0,0,1,0.0,0.0,0
330,53380660.30371235,3,0.0,3095945.7873306354,68553336165,45.697525120168194,120.0,3,1.3159791838542383e+21,23871391.14633633,59532657924512.56,3470059.612224557,6.579955451929116e+20,885194.5947382838,1.5797922969795763e-09,0,0,1,0.0,0.0,0
331,14674698.167571422,1,0.0,3117349.9127557497,68783661467,60.27283124890432,120.0,1,1.324694884251503e+21,23752368.45291009,58887118240315.36,3463006.6245918386,6.623533308375754e+20,885194.5947382838,1.5797922969795763e-09,0,0,1,0.0,0.0,0
332,38705962.13614093,2,0.0,3129631.3113651094,68989955505,40.8972707046515,120.0,2,1.3320826325381703e+21,23757188.714573797,59093047461649.08,3455953.63695912,6.660472255738313e+20,895629.9988808462,1.6061676433309913e-09,0,0,1,0.0,0.0,0
333,0.0,0,28146.917958111528,3154509.9224451324,69234955505,0.0,0.0,0,1.34119269796804e+21,23541322.989565197,58130822249684.83,3448900.6493264018,6.70602162066245e+20,895629.9988808462,1.6270860214717686e-09,0,0,1,0.0,0.0,0
334,66777383.76865834,4,0.0,3160648.8887693444,69413178121,48.64458750021351,120.0,4,1.348243790631493e+21,23690826.254083067,58896267518725.06,3441847.6616936834,6.741277849424983e+20,893810.4181196152,1.7089405446313322e-09,0,0,1,0.0,0.0,0
335,14178315.657115528,1,0.0,3182400.0645206887,69643999806,60.27486896153346,120.0,1,1.3570774931138329e+21,23561463.7047579,58225563342764.19,3434794.674060965,6.785445691132508e+20,893810.4181196152,1.7280399333685637e-09,0,0,1,0.0,0.0,0
336,41820094.073477656,2,0.0,3195504.951306069,69847179712,40.944727654322755,120.0,2,1.364471245297893e+21,23566389.60251618,58432017430391.92,3427741.6864282466,6.822414658506895e+20,949604.7289780311,1.9172148313373327e-09,0,0,1,0.0,0.0,0
337,14444518.671807092,1,0.0,3216664.287863696,70077735193,30.447742459375924,120.0,1,1.373504559019569e+21,23503643.688880373,58163874504217.55,3477112.599857275,6.867580958972349e+20,987431.720321577,1.382431946694851e-09,0,0,1,0.0,0.0,0
338,57805429.24513109,3,0.0,3226884.6493777214,70264929764,45.76541767068811,120.0,3,1.3806688985651237e+21,23608436.07932957,58736512506295.586,3470059.6122245565,6.903403229338125e+20,970647.2502378075,1.3797034625895321e-09,0,0,1,0.0,0.0,0
339,0.0,0,9422.4462678056,3253847.072995438,70509929764,0.0,0.0,0,1.38994392285609e+21,23366142.27823039,57760031335920.18,3463006.624591838,6.949777374311785e+20,970647.2502378075,1.4051693142391741e-09,0,0,1,0.0,0.0,0
340,59143369.40432808,3,0.0,3263777.082912415,70695786394,45.81666655798721,120.0,3,1.397004894209443e+21,23508800.926966406,58376659354418.06,3455953.6369591197,6.98508284770657e+20,970647.2502378075,1.3460521586239338e-09,0,0,1,0.0,0.0,0
341,0.0,0,9422.4462678056,3290739.506530132,70940786394,0.0,0.0,0,1.406334854147044e+21,23289371.66270819,57405409991825.55,3448900.6493264013,7.031731676145212e+20,970647.2502378075,1.4051693142391741e-09,0,0,1,0.0,0.0,0
342,59378744.68262148,3,0.0,3300618.4367426187,71126407649,45.83350225751798,120.0,3,1.4135864107936092e+21,23377445.279744122,58024161958464.79,3441847.661693683,7.067990078130005e+20,970647.2502378075,1.3469616533257067e-09,0,0,1,0.0,0.0,0
343,0.0,0,7052.987632718306,3327580.860360335,71371407649,0.0,0.0,0,1.4229715764381957e+21,23158016.015485905,57058654622791.55,3434794.6740609645,7.114914940845602e+20,970647.2502378075,1.3460521586239338e-09,0,0,1,0.0,0.0,0
344,59407103.47816379,3,0.0,3337453.636320316,71557000546,45.83683452961771,120.0,3,1.4302415662403022e+21,23275321.485880665,57687670135151.88,3427741.686428246,7.151265518871646e+20,970647.2502378075,1.3460521586239338e-09,0,0,1,0.0,0.0,0
345,14444518.671807092,1,0.0,3358146.7376745474,71787556027,30.407364063702687,120.0,1,1.4394888334041712e+21,23197750.321253102,57450223244211.14,3477112.5998572744,7.1975016172441e+20,970647.2529993033,1.622538547962904e-09,0,0,1,0.0,0.0,0
346,59407103.47816379,3,0.0,3368022.6615846073,71973148924,45.89933024154402,120.0,3,1.4466692405212765e+21,23340761.915039558,58091959632686.625,3470059.612224556,7.233404294566015e+20,970760.576440632,2.0309016690589488e-09,0,0,1,0.0,0.0,0
347,0.0,0,9422.4462678056,3392983.5263948306,72218148924,0.0,0.0,0,1.4561638027768842e+21,23140691.851636052,57222799692810.05,3463006.6245918376,7.280876236684114e+20,898591.1331680362,1.7762431525625288e-09,0,0,1,0.0,0.0,0
348,36033648.8514897,2,0.0,3405927.107832621,72427115275,41.157485068110766,120.0,2,1.463988091950108e+21,23156932.88893634,57503118494307.12,3455953.6369591192,7.319997962869034e+20,898591.1331680362,1.775333657860756e-09,0,0,1,0.0,0.0,0
349,0.0,0,28211.950530873222,3430887.972642844,72672115275,0.0,0.0,0,1.4735396166415375e+21,22956862.825532835,56640167999012.35,3448900.649326401,7.367754723375687e+20,898591.1331680362,1.7762431525625288e-09,0,0,1,0.0,0.0,0
350,64951044.9906462,4,0.0,3437556.077487935,72852164229,48.80147611985285,120.0,4,1.4809929724055205e+21,23115841.938678917,57489327229532.29,3441847.6616936824,7.405022351354832e+20,898591.1331680362,1.7762431525625288e-09,0,0,1,0.0,0.0,0
351,0.0,0,7052.987632718306,3462516.9422981585,73097164229,0.0,0.0,0,1.4905998692177782e+21,22889016.69484579,56629847202782.2,3434794.674060964,7.453055975936093e+20,898591.1331680362,1.6589183360338211e-09,0,0,1,0.0,0.0,0
352,50506526.3188391,3,0.0,3472218.9336557034,73291657703,46.03595036733988,120.0,3,1.4981601179322428e+21,23018023.686368518,57230704028409.42,3427741.6864282456,7.490857820365242e+20,894963.2454928835,1.6298145055770874e-09,0,0,1,0.0,0.0,0
353,29462227.718121212,2,0.0,3487196.6314939167,73507195476,31.19420142282068,120.0,2,1.50665257923137e+21,23070607.397293802,57557485220146.5,3477112.599857274,7.53332045364207e+20,999544.4302713005,1.9426806829869747e-09,0,0,1,0.0,0.0,0
354,31674122.095169097,2,0.0,3504816.878258088,73720521354,41.52804314994328,120.0,2,1.5148949092337684e+21,23018983.518505935,57518770456599.51,3470059.6122245556,7.574532064939299e+20,998833.4793502594,1.7835191101767123e-09,0,0,1,0.0,0.0,0
355,14982466.172360908,1,0.0,3526059.446186064,73950538888,32.45923972515879,120.0,1,1.5236378645572742e+21,22902157.858769596,57162377817269.7,3463006.624591837,7.618246485164188e+20,998833.4793502594,1.7835191101767123e-09,0,0,1,0.0,0.0,0
356,46146999.56251849,3,0.0,3540538.8775276337,74149391889,46.46589622304546,120.0,3,1.5317022703924774e+21,22932495.42651329,57416197578242.94,3455953.636959119,7.658568768159966e+20,998833.4793502594,1.7826096154749393e-09,0,0,1,0.0,0.0,0
357,14982466.172360908,1,0.0,3561781.445455609,74379409423,33.20486691394755,120.0,1,1.5404942448307497e+21,22790242.997852225,57070503814091.375,3448900.6493264004,7.702528294657562e+20,998833.4793502594,1.7835191101767123e-09,0,0,1,0.0,0.0,0
358,60586892.95054704,4,0.0,3573126.2156270817,74563822530,49.6427328427216,120.0,4,1.54826345159433e+21,22908094.30782501,57629007988620.71,3441847.661693682,7.741374886979638e+20,998761.2092912196,2.1618689061142504e-09,0,0,1,0.0,0.0,0
359,14977840.88858236,1,0.0,3594368.7835550574,74793844689,34.689859964710024,120.0,1,1.5571034487501074e+21,22791250.580573913,57293595283890.23,3434794.6740609636,7.78557453734582e+20,998761.2092912196,2.1609594114124775e-09,0,0,1,0.0,0.0,0
360,31669496.81139055,2,0.0,3611989.0303148855,75007175192,44.159838529999384,120.0,2,1.5654842215910932e+21,22739608.634388562,57288269260252.96,3427741.686428245,7.827478396224727e+20,998761.2091348488,2.433807821944356e-09,0,0,1,0.0,0.0,0
361,29422359.56038945,2,0.0,3626962.2758983234,75222752832,34.7133130743555,120.0,2,1.5741685198515206e+21,22792036.610439982,57608763802517.2,3477112.5998572735,7.870900208021406e+20,998761.2091348488,2.433807821944356e-09,0,0,1,0.0,0.0,0
362,46142374.278739944,3,0.0,3641441.707235549,75421610457,53.84150424144284,120.0,4,1.5823665820652418e+21,22822356.11082529,57888151509399.24,3470059.612224555,7.911890798477718e+20,998761.2091348488,2.434717316646129e-09,0,0,1,0.0,0.0,0
363,14977840.88858236,1,0.0,3662684.275159181,75651632616,60.17860813117149,120.0,2,1.5913044807151607e+21,22680085.614727646,57568023710346.42,3463006.6245918367,7.956579971599514e+20,998761.2091348488,2.434717316646129e-09,0,0,1,0.0,0.0,0
364,31164533.390157588,2,0.0,3683664.5054931883,75865468082,60.212537106963,120.0,2,1.6004040324226228e+21,22624498.641813915,57195983282263.375,3455953.6369591183,8.002077358096396e+20,998761.2091348488,2.433807821944356e-09,0,0,1,0.0,0.0,0
365,16031720.105907599,1,0.0,3704449.660562078,76094436362,39.200487392175816,120.0,1,1.6093227677396503e+21,22515888.34606545,56931386460046.99,3448900.6493264,8.046670770084711e+20,998761.2091348488,2.434717316646129e-09,0,0,1,0.0,0.0,0
366,31136174.59461528,2,0.0,3725436.04514859,76308300188,60.14921197069946,120.0,2,1.6186365358922012e+21,22403655.9189998,56555912161489.086,3441847.6616936815,8.093239235373167e+20,998761.2091348488,2.4419932742603123e-09,0,0,1,0.0,0.0,0
367,15927576.091802802,1,0.0,3746266.543481666,76537372612,34.70668485858771,120.0,1,1.6276131154484118e+21,22294228.167673398,56294830173355.86,3434794.674060963,8.138121872072232e+20,998766.3164251671,2.815795596688986e-09,0,0,1,0.0,0.0,0
368,35740384.6586649,2,0.0,3768183.8635297203,76746632228,60.14008825478332,120.0,2,1.6368216187468762e+21,22209042.2155412,55941670259724.86,3428246.3653331995,8.184164035404641e+20,1068245.2768757741,3.5443008528091013e-09,0,0,1,0.0,0.0,0
369,43021858.91604229,3,0.0,3781979.8309350493,76948610369,37.435841159915945,120.0,3,1.6452566175796916e+21,22274550.082663327,56445185195591.38,3477112.5998572726,8.226339533083654e+20,1068028.9277394856,3.5806806408800185e-09,0,0,1,0.0,0.0,0
370,27380710.35253833,2,0.0,3805703.9711250714,77166229659,60.209068903911096,120.0,2,1.654622348999496e+21,22187872.425522488,55955035904552.0,3470564.291129509,8.273167700033385e+20,1067980.8464699867,3.638888301793486e-09,0,0,1,0.0,0.0,0
371,28835735.8435721,2,0.0,3825655.774412008,77382393923,41.66853570486247,120.0,2,1.6633120557943722e+21,22112562.155030347,55869409225311.08,3464015.9824017454,8.316616148381087e+20,1067980.8464699867,3.638888301793486e-09,0,0,1,0.0,0.0,0
372,12907832.885188926,1,0.0,3852516.8556101075,77614486090,60.13386462061652,120.0,1,1.6731078669322614e+21,21912919.75186795,55095581966148.51,3457467.673673982,8.365594430243273e+20,1067841.36754717,3.5952325561083853e-09,0,0,1,0.0,0.0,0
373,28835735.8435721,2,0.0,3872464.784482523,77830650354,41.362467277194725,120.0,2,1.681846527696993e+21,21837714.090567924,55019289091488.14,3450919.364946218,8.409287657774057e+20,1067841.36754717,3.5961420508101583e-09,0,0,1,0.0,0.0,0
374,40199827.833609134,3,0.0,3893101.805735273,78035450526,60.13703118999663,120.0,3,1.6912692982336444e+21,21778137.511245474,54822050641803.14,3447082.9180929717,8.456401313218864e+20,1056993.9200491025,3.665263648144901e-09,0,0,1,0.0,0.0,0
375,28835735.8435721,2,0.0,3912748.4166216296,78251614790,41.157261262010515,120.0,2,1.7000554199095097e+21,21685746.552619867,54785287706787.26,3443246.471239725,8.500331884835255e+20,1056993.9200491025,3.663444658741355e-09,0,0,1,0.0,0.0,0
376,27336077.09723695,2,0.0,3934074.132472745,78469278713,60.206873136194844,120.0,2,1.7095776059303007e+21,21625886.65475934,54454322962617.77,3439410.0243864786,8.547942483974466e+20,981288.8729623375,2.9358488973230124e-09,0,0,1,0.0,0.0,0
377,28835735.8435721,2,0.0,3951617.825384469,78685442977,41.104650730190464,120.0,2,1.7184115273164844e+21,21577742.840854555,54506622756438.62,3435573.577533232,8.592112143205178e+20,981288.8729623375,2.9358488973230124e-09,0,0,1,0.0,0.0,0
378,12907832.885188926,1,0.0,3976074.6706218803,78917535144,60.1276547804058,120.0,1,1.7283691443406756e+21,21405162.2850874,53884514718555.96,3431737.1306799855,8.641899606218096e+20,981288.8729623375,2.9358488973230124e-09,0,0,1,0.0,0.0,0
379,28835735.8435721,2,0.0,3993745.4298048774,79133699408,41.0539125606659,120.0,2,1.7372520196967146e+21,21355874.874741152,53940135669644.98,3427900.683826739,8.686314038619242e+20,985863.2587281815,2.6448105927556753e-09,0,0,1,0.0,0.0,0
380,40907531.34442429,3,0.0,4009305.8865918866,79337791877,45.21453116055103,120.0,3,1.7468176370069613e+21,21422837.544163503,54105866241999.4,3477112.599857272,8.734142290901049e+20,985863.2587281815,3.1468516681343317e-09,0,0,1,0.0,0.0,0
381,28835735.8435721,2,0.0,4026976.6457748837,79553956141,41.00521940718784,120.0,2,1.7557479305441237e+21,21348333.86006024,54160935321457.72,3473276.1530040256,8.77879381365594e+20,985863.2587281815,2.6448105927556753e-09,0,0,1,0.0,0.0,0
382,27327150.446176674,2,0.0,4048430.665048795,79771628990,60.20531307567285,120.0,2,1.7654256106077584e+21,21287279.52780182,53850536213776.62,3469446.0066524385,8.827181903575005e+20,985838.056721544,2.9435796022880822e-09,0,0,1,0.0,0.0,0
383,28835735.8435721,2,0.0,4066100.7241760516,79987793255,40.961020652138565,120.0,2,1.7744037045693716e+21,21238011.01896055,53912978868606.66,3465615.8603008515,8.872072435825726e+20,985838.056721544,2.9435796022880822e-09,0,0,1,0.0,0.0,0
384,12907832.885188926,1,0.0,4090683.935628996,80219885422,60.12199553471767,120.0,1,1.7845230854639858e+21,21064305.768256914,53308091474767.1,3461785.7139492645,8.922668735411404e+20,985838.0567215417,1.8376340449322015e-09,0,0,1,0.0,0.0,0
385,28835735.8435721,2,0.0,4108353.994756254,80436049686,40.920710750445885,120.0,2,1.7935501333954534e+21,21015037.259415645,53378683257795.016,3457955.5675976775,8.967804045660524e+20,985838.0567215417,1.838998286984861e-09,0,0,1,0.0,0.0,0
386,27327150.446176674,2,0.0,4129808.014030164,80653722535,60.12729724061526,120.0,2,1.803480733269091e+21,20922873.741691634,53063428594578.52,3454125.4212460904,9.017456729774049e+20,985838.0567215417,2.02817318495363e-09,0,0,1,0.0,0.0,0
387,28835735.8435721,2,0.0,4147478.073157423,80869886800,40.88378903735711,120.0,2,1.8125560142045368e+21,20848388.95909335,53140476126223.24,3450295.2748945034,9.06283321149881e+20,985838.0567215417,2.02817318495363e-09,0,0,1,0.0,0.0,0
388,41065685.46923882,3,0.0,4165950.639518342,81073821115,60.17485196487562,120.0,3,1.8221740075180386e+21,20841000.779268768,53128363908953.21,3446465.1285429164,9.110923165954102e+20,985838.0567215417,2.02817318495363e-09,0,0,1,0.0,0.0,0
389,28835735.8435721,2,0.0,4183620.698645599,81289985379,40.849837895192344,120.0,2,1.8312962645658333e+21,20791732.2704275,53212296342198.93,3442634.9821913294,9.156534535125509e+20,985838.0567215417,1.4142642612569034e-09,0,0,1,0.0,0.0,0
390,12907832.885188926,1,0.0,4208203.910098544,81522077546,60.116816764530824,120.0,1,1.841577399841624e+21,20618027.019723862,52636077736394.86,3438804.8358397423,9.207939635285856e+20,985838.0567215417,1.4156285033095628e-09,0,0,1,0.0,0.0,0
391,28835735.8435721,2,0.0,4225873.9692258015,81738241811,40.818506163590456,120.0,2,1.8507486108592738e+21,20568758.510882594,52728159297838.45,3434974.6894881553,9.253795782455667e+20,985838.0567215417,1.4524630387313664e-09,0,0,1,0.0,0.0,0
392,27327150.446176674,2,0.0,4247327.988499712,81955914661,60.123624751886936,120.0,2,1.860837055152257e+21,20476594.993158583,52441573422657.45,3431144.5431365683,9.304237717334707e+20,985838.0567215417,1.4156285033095628e-09,0,0,1,0.0,0.0,0
393,29869985.722500987,2,0.0,4265222.494215279,82171044675,40.789514008896255,120.0,2,1.8700238721597173e+21,20402110.2105603,52540110732717.85,3427314.3967849812,9.35017190090932e+20,1001998.2110798055,2.1068444766569883e-09,0,0,1,0.0,0.0,0
394,42090257.777618915,3,0.0,4280942.254585956,82373954417,45.23569539527497,120.0,3,1.8797599227811854e+21,20501940.92657352,52721592507466.18,3477112.5998572744,9.398852335498435e+20,1001998.2110798055,2.1445885067805648e-09,0,0,1,0.0,0.0,0
395,29842652.924305033,2,0.0,4300014.619459392,82589111764,40.762605898531945,120.0,2,1.888994280029968e+21,20420710.06735537,52695860299657.14,3473277.9316334506,9.445024096010139e+20,1044187.6032771687,6.912159733474255e-10,0,0,1,0.0,0.0,0
396,28980344.18747083,2,0.0,4322732.127983602,82805131420,60.12159441283055,120.0,2,1.8991437866362806e+21,20301632.2727863,52310590181846.98,3469443.2634096267,9.495771243771585e+20,1044239.2458361901,6.912159733474255e-10,0,0,1,0.0,0.0,0
397,45231323.85189065,3,0.0,4338466.372049739,83004900096,45.62731156090861,120.0,3,1.9079948064417702e+21,20312884.13178817,52630990839644.39,3465608.595185803,9.540026663199691e+20,1044239.2458361901,6.921254680491984e-10,0,0,1,0.0,0.0,0
398,13914873.214409778,1,0.0,4364450.643240403,83235985222,60.11085074695222,120.0,1,1.918458020539291e+21,20107216.530707654,51963241567568.51,3461773.926961979,9.592342065938022e+20,1044143.7098514672,1.3242242857813835e-09,0,0,1,0.0,0.0,0
399,45231323.85189065,3,0.0,4380192.158808604,83435753898,45.56812891563828,120.0,3,1.927519098684502e+21,20115010.18725211,52253538791175.62,3457939.258738155,9.6376477469613e+20,1044501.0199104742,2.684828359633684e-09,0,0,1,0.0,0.0,0
400,29303420.89350748,2,0.0,4402846.82670249,83651450478,60.20521210041612,120.0,2,1.9376016072100738e+21,20000473.95849391,51939704163024.51,3454104.590514331,9.688059975754533e+20,1044501.0199104742,3.1495801522396505e-09,0,0,1,0.0,0.0,0
401,29842776.17279295,2,0.0,4421612.152994014,83866607702,40.69201443329755,120.0,2,1.9469779532932026e+21,19919153.771761008,51938842871023.21,3450269.9222905072,9.734941705308884e+20,1033135.1772071939,5.710717232432216e-09,0,0,1,0.0,0.0,0
402,43039926.21193676,3,0.0,4440970.090596138,84068567775,60.112584005004464,120.0,3,1.9570512566839497e+21,19856168.91034321,51857302962827.2,3446435.2540666834,9.785308140722711e+20,1033135.1772071939,5.710717232432216e-09,0,0,1,0.0,0.0,0
403,50503294.195483655,3,0.0,4458574.597317336,84263064480,45.579867900350365,120.0,3,1.9658669058714504e+21,19866069.423447378,52213724100328.414,3442600.5858428595,9.829386743081353e+20,1152755.9697277187,2.7303030947223306e-09,0,0,1,0.0,0.0,0
404,19186843.55800278,1,0.0,4485945.754152227,84488877637,60.10726670402925,120.0,1,1.9763180745477335e+21,19701609.473359205,51576764753282.76,3438765.9176190356,9.881641949503421e+20,1135258.861352962,5.055881047155708e-09,0,0,1,0.0,0.0,0
405,50503294.195483655,3,0.0,4503064.230085236,84683374343,45.521318815396846,120.0,3,1.9853451412704768e+21,19771621.500834845,51887304726170.69,3434931.2493952117,9.92677759365711e+20,1135258.861352962,5.056790541857481e-09,0,0,1,0.0,0.0,0
406,34575391.23710048,2,0.0,4526696.690010521,84893798951,60.208207151629,120.0,2,1.9954077543584626e+21,19722896.158008557,51622045342531.16,3431096.581171388,9.977090393837656e+20,1120888.8013500506,3.724380803760141e-09,0,0,1,0.0,0.0,0
407,35114746.51638596,2,0.0,4546755.52618631,85103684205,40.63982342618659,120.0,2,2.0047523476107685e+21,19707386.857207566,51647288378452.195,3427261.912947564,1.0023813385342221e+21,1120888.8013500506,3.7825884646736085e-09,0,0,1,0.0,0.0,0
408,47774064.32116482,3,0.0,4566585.700881847,85300910140,45.180727792647964,120.0,3,2.014812126191623e+21,19757520.390689895,51713301254930.266,3477112.5998572744,1.0074112344259371e+21,1194491.8768155046,1.6871126717887819e-09,0,0,1,0.0,0.0,0
409,49413738.53524271,3,0.0,4585585.987066474,85496496402,45.5493036831338,120.0,3,2.023789712403611e+21,19788079.45039009,52096922123720.195,3473277.9316334506,1.0119000658940179e+21,1194491.8768155046,1.7416823538951576e-09,0,0,1,0.0,0.0,0
410,19186843.55800278,1,0.0,4614602.505441991,85722309558,60.10402710237076,120.0,1,2.0343955065193308e+21,19654517.522923455,51504197870329.84,3469443.2634096267,1.0172029036794524e+21,1194491.8768155046,1.6834746929816902e-09,0,0,1,0.0,0.0,0
411,48503035.26445823,3,0.0,4633641.605079191,85918806523,45.49391018040305,120.0,3,2.0435917653902382e+21,19723167.346455693,51830244929277.32,3465608.595185803,1.021801065719612e+21,1188774.2918051297,1.330590748693794e-09,0,0,1,0.0,0.0,0
412,32209206.86541105,2,0.0,4659673.267944998,86131597316,60.21052559397098,120.0,2,2.053871389304828e+21,19674442.003629405,51565441132193.17,3461773.926961979,1.0269408511965272e+21,1188774.2918051297,1.2651071301661432e-09,0,0,1,0.0,0.0,0
413,35114746.51638596,2,0.0,4681609.868946044,86341482569,40.6045843301628,120.0,2,2.0633533060092726e+21,19669819.474342294,51632248603765.234,3458010.7479246133,1.0316818162294966e+21,1188488.3350592963,1.3160388334654272e-09,0,0,1,0.0,0.0,0
414,19186843.55800278,1,0.0,4710459.622272778,86567295726,60.101548768837134,120.0,1,2.0740636133651865e+21,19540760.20319282,51061327843616.19,3454247.5688872477,1.0370369128153776e+21,1188488.3350592963,1.2578311725519598e-09,0,0,1,0.0,0.0,0
415,51989997.005378306,3,0.0,4728734.059539234,86760305729,45.477026325155066,120.0,3,2.0832872545198594e+21,19636866.38288537,51457414239387.414,3450484.389849882,1.0416487730013536e+21,1188488.3350592963,1.3160388334654272e-09,0,0,1,0.0,0.0,0
416,49732340.034246646,3,0.0,4750955.015887615,86955573390,60.16980384655401,120.0,3,2.0933181504895781e+21,19661935.219103254,51557752225138.43,3446721.2108125165,1.0466642310200116e+21,1188488.3350592963,1.2578311725519598e-09,0,0,1,0.0,0.0,0
417,35114746.51638596,2,0.0,4772891.616888662,87165458643,40.583189500304144,120.0,2,2.1028915501103996e+21,19653612.113524705,51624938214599.49,3442958.031775151,1.0514509375490212e+21,1188488.3350592963,1.318767317570746e-09,0,0,1,0.0,0.0,0
418,19186843.55800278,1,0.0,4801741.370215396,87391271800,60.099185774714144,120.0,1,2.113705067912687e+21,19524552.842375226,51057451972069.98,3439194.8527377853,1.0568576397015408e+21,1188488.3350592963,1.2578311725519598e-09,0,0,1,0.0,0.0,0
419,51989997.005378306,3,0.0,4820015.903418566,87584281802,45.461313713721395,120.0,3,2.1230173864817978e+21,19620659.02206778,51453930579995.086,3435431.6737004197,1.0615138386339569e+21,1188491.7887810196,1.3169483281672e-09,0,0,1,0.0,0.0,0
420,36062094.04699513,2,0.0,4845203.588947423,87793219709,60.213486835808666,120.0,2,2.1333828145685751e+21,19592328.459897965,51300263683978.35,3431668.494663054,1.066696537310656e+21,1188491.7887810196,1.2578311725519598e-09,0,0,1,0.0,0.0,0
421,35114746.51638596,2,0.0,4867140.285885184,88003104962,40.563269133487914,120.0,2,2.143048517320533e+21,19584005.354319412,51368243788586.53,3427905.3156256885,1.0715293954846454e+21,1188491.7887810196,1.3160388334654272e-09,0,0,1,0.0,0.0,0
422,32747282.15485435,2,0.0,4890144.908217805,88215357679,40.18150499540967,120.0,2,2.1537272979956533e+21,19550548.839371085,51168680882768.46,3477112.5998572744,1.0768687658659149e+21,1189945.472347048,8.722054190002382e-10,0,0,1,0.0,0.0,0
423,52176068.50182997,3,0.0,4908379.061321919,88408181612,45.44699912474017,120.0,3,2.1631139024911933e+21,19604386.147022948,51569587710992.66,3473349.420819909,1.0815621082043677e+21,1189945.472347048,9.304130799137056e-10,0,0,1,0.0,0.0,0
424,36062094.04699513,2,0.0,4933607.126949835,88617119517,60.21518309707642,120.0,2,2.1735776798664895e+21,19575328.743070118,51423630807485.31,3469586.2417825432,1.0867939822963255e+21,1189945.472347048,9.304130799137056e-10,0,0,1,0.0,0.0,0
425,35300818.01283762,2,0.0,4955503.443788538,88826818699,40.54557629156785,120.0,2,2.1833203743280784e+21,19568822.741949104,51497013092480.58,3465823.0627451777,1.0916653368653484e+21,1189945.472347048,9.340510587207973e-10,0,0,1,0.0,0.0,0
426,19186843.55800278,1,0.0,4984393.673151042,89052631855,60.09477496812074,120.0,1,2.194341065397716e+21,19439400.049908116,50934292740276.0,3462059.883707812,1.0971756261281321e+21,1189945.472347048,9.304130799137056e-10,0,0,1,0.0,0.0,0
427,52176068.50182997,3,0.0,5002627.826255156,89245455787,45.43391358145992,120.0,3,2.203816968084977e+21,19536233.071383685,51336957247554.66,3458296.7046704465,1.1019136177382134e+21,1189945.472347048,9.304130799137056e-10,0,0,1,0.0,0.0,0
428,36062094.04699513,2,0.0,5027855.89188307,89454393693,60.21702472642614,120.0,2,2.2143798711608088e+21,19507175.667430855,51201434645367.98,3454533.525633081,1.107195055723869e+21,1189945.472347048,9.304130799137056e-10,0,0,1,0.0,0.0,0
429,35300818.01283762,2,0.0,5049752.208721775,89664092875,40.52896992448918,120.0,2,2.2242146693160585e+21,19500669.66630984,51275650293714.1,3450770.3465957153,1.1121124622230587e+21,1189945.472347048,9.304130799137056e-10,0,0,1,0.0,0.0,0
430,32674077.227921054,2,0.0,5075715.521055216,89876418797,60.08351801382341,120.0,2,2.2350957287245669e+21,19423931.480791975,50977305021415.13,3447007.1675583497,1.1175529620927856e+21,1189945.472347048,9.304130799137056e-10,0,0,1,0.0,0.0,0
431,52176068.50182997,3,0.0,5093949.67415933,90069242729,45.42160851740726,120.0,3,2.244660120369529e+21,19520764.50226754,51380406369583.57,3443243.988520984,1.1223351982254015e+21,1189945.472347048,9.331415640190244e-10,0,0,1,0.0,0.0,0
432,36062094.04699513,2,0.0,5119177.739787245,90278180635,60.21901371465766,120.0,2,2.255321339911876e+21,19491707.09831471,51254921546256.47,3439480.8094836185,1.1276657954480926e+21,1189945.472347048,6.539266905747354e-10,0,0,1,0.0,0.0,0
433,32966029.117004476,2,0.0,5140567.375007931,90490214605,40.51332698339183,120.0,2,2.2653270669064822e+21,19485201.097193696,51329574035492.36,3435717.630446253,1.1326686664106447e+21,1153464.3958496554,2.837623469531536e-09,0,0,1,0.0,0.0,0
434,16852054.662169643,1,0.0,5168950.955676005,90718362551,60.0905898157733,120.0,1,2.276634794258223e+21,19355778.405152712,50773913569861.92,3431954.4514088873,1.1383224745204685e+21,1153465.581098911,2.836713974829763e-09,0,0,1,0.0,0.0,0
435,49841279.60599683,3,0.0,5186678.46008569,90913521271,45.40995940321999,120.0,3,2.2863687158173026e+21,19452611.426628277,51177848281381.21,3428191.2723715217,1.1431894756934795e+21,1153465.581098911,2.836713974829763e-09,0,0,1,0.0,0.0,0
436,47214538.82108027,3,0.0,5205546.04296105,91111306733,45.21374740854865,120.0,3,2.296961511967082e+21,19518662.329530604,51427301914462.086,3477112.5998572744,1.1484858987137323e+21,1153465.581098911,2.836713974829763e-09,0,0,1,0.0,0.0,0
437,32966029.117004476,2,0.0,5226935.711105325,91323340705,40.498516223581866,120.0,2,2.3070597281066904e+21,19469732.52807755,51501491355170.45,3473349.420819909,1.1535350142024808e+21,1153465.581098911,2.836713974829763e-09,0,0,1,0.0,0.0,0
438,16852054.662169643,1,0.0,5253772.007113613,91551488650,60.088519446873256,120.0,1,2.3184717971423064e+21,19341328.170019086,50955888396175.91,3469586.2417825432,1.1592409941599928e+21,1097763.3333465382,3.295099304523319e-09,0,0,1,0.0,0.0,0
439,49319892.60694735,3,0.0,5270178.539412214,91747168757,45.39832076855821,120.0,3,2.3283372810768674e+21,19436124.37855632,51346746620247.89,3465823.0627451777,1.1641737752130957e+21,1097763.913239716,3.2914613257162273e-09,0,0,1,0.0,0.0,0
440,33727305.151162,2,0.0,5293352.687794055,91958441452,60.223312907456325,120.0,2,2.3392777721427633e+21,19409103.497595232,51248555918668.87,3462059.883707812,1.1696440109269735e+21,1097763.913239716,3.2878233469091356e-09,0,0,1,0.0,0.0,0
441,32444642.117954995,2,0.0,5313421.383827246,92170996810,40.48289863851482,120.0,2,2.3495114451632348e+21,19397505.68158833,51310828167279.31,3458296.7046704465,1.1747608536644341e+21,1097763.913239716,3.2878233469091356e-09,0,0,1,0.0,0.0,0
442,16852054.662169643,1,0.0,5339209.027350526,92399144755,60.08683257638773,120.0,1,2.361028873671546e+21,19278539.195894927,50800149251942.01,3454533.525633081,1.1805195168506982e+21,1060011.8438862967,4.502908268477768e-09,0,0,1,0.0,0.0,0
443,49495758.62468595,3,0.0,5354897.145660707,92594648996,45.39268971966018,120.0,3,2.3709711543654935e+21,19379801.13032794,51216010527081.39,3450770.3465957153,1.1854906987837994e+21,1074648.916183766,3.433342499192804e-09,0,0,1,0.0,0.0,0
444,47214538.82108027,3,0.0,5374502.293761931,92792434457,60.17258091804558,120.0,3,2.3817579496508254e+21,19410556.528522167,51404652352645.46,3447007.1675583497,1.190884115290648e+21,1074648.916183766,3.433342499192804e-09,0,0,1,0.0,0.0,0
445,32796374.153419513,2,0.0,5393776.245069836,93004638083,40.482727923655965,120.0,2,2.3920560008148576e+21,19408859.32156995,51499073247228.4,3443243.988520984,1.1960331503147536e+21,1074648.9161835678,2.9558577807620168e-09,0,0,1,0.0,0.0,0
446,16852054.662169643,1,0.0,5419970.473857999,93232786029,60.08520879532029,120.0,1,2.4036778740422326e+21,19289042.387106616,50975485088230.484,3439480.8094836185,1.2018440345696251e+21,1074648.913422072,2.7785063139162958e-09,0,0,1,0.0,0.0,0
447,49671624.288927734,3,0.0,5435582.261508029,93428114405,45.39156301958867,120.0,3,2.413695794209114e+21,19408158.010228023,51399491487434.305,3435717.630446253,1.2068530370537057e+21,1074648.913422072,2.7794158086180687e-09,0,0,1,0.0,0.0,0
448,33727305.151162,2,0.0,5458114.326561602,93639387100,60.22849126009644,120.0,2,2.4248363580564366e+21,19402708.640085634,51334810246065.22,3431954.4514088873,1.212423312509243e+21,1074648.913422072,2.7785063139162958e-09,0,0,1,0.0,0.0,0
449,32796373.799935378,2,0.0,5477388.277946219,93851590726,40.48155876679621,120.0,2,2.4352278894591554e+21,19417491.16648701,51429894272547.87,3428191.2723715217,1.217619087719005e+21,1074648.913422072,3.4151526051573455e-09,0,0,1,0.0,0.0,0
450,30339288.33208791,2,0.0,5497728.672676258,94066251437,40.15613536081222,120.0,2,2.4466963003253184e+21,19407116.173152775,51270774395405.57,3477112.5998572744,1.2233532772400987e+21,1074648.913422072,2.7785063139162958e-09,0,0,1,0.0,0.0,0
451,50455265.926755264,3,0.0,5513340.460326288,94260796171,45.39163751649863,120.0,3,2.4567394110483663e+21,19483145.27985984,51703459189611.484,3473349.420819909,1.228374875870102e+21,1086893.3140131272,3.4769982448779047e-09,0,0,1,0.0,0.0,0
452,33727305.151162,2,0.0,5536212.6476185005,94472068866,60.23132186020811,120.0,2,2.467979397181365e+21,19474059.459126722,51624631158033.66,3469586.2417825432,1.2339948610537983e+21,1086893.3140131272,3.4769982448779047e-09,0,0,1,0.0,0.0,0
453,34363657.07559044,2,0.0,5555146.476764481,94682705208,40.485066321546434,120.0,2,2.478333544735075e+21,19501661.736562114,51760270254091.734,3465823.0627451777,1.239171948394563e+21,1086893.3140131272,3.4806362236849964e-09,0,0,1,0.0,0.0,0
454,16852054.662169643,1,0.0,5581680.827791284,94910853153,60.08213685447096,120.0,1,2.4901645761034914e+21,19392454.62014266,51215198092575.734,3462059.883707812,1.245087409571555e+21,1086893.3140131272,3.4769982448779047e-09,0,0,1,0.0,0.0,0
455,51238907.564582795,3,0.0,5596952.493202671,95104614247,45.3952617095249,120.0,3,2.5002321461272946e+21,19517692.443559594,51679954193801.62,3458296.7046704465,1.2501212410590666e+21,1086893.3140131272,3.4769982448779047e-09,0,0,1,0.0,0.0,0
456,33727305.151162,2,0.0,5619824.680494884,95315886942,60.23432165164512,120.0,2,2.5115718935950063e+21,19508606.622826476,51606827985635.83,3454533.525633081,1.2557911074803016e+21,1086893.3140131272,3.4769982448779047e-09,0,0,1,0.0,0.0,0
457,34363657.07559044,2,0.0,5638758.509640862,95526523284,40.490388412746434,120.0,2,2.522017850358374e+21,19536208.90026187,51743348912531.805,3450770.3465957153,1.2610140995140783e+21,1086893.3140131272,3.4769982448779047e-09,0,0,1,0.0,0.0,0
458,30339288.33208791,2,0.0,5660961.134123327,95741183997,60.07032028160534,120.0,2,2.5336886823910517e+21,19479686.290365532,51457919353012.79,3447007.1675583497,1.2668494869874611e+21,1036320.1714631455,3.4769982448779047e-09,0,0,1,0.0,0.0,0
459,51238907.564582795,3,0.0,5674827.990019438,95934945089,45.399232720490446,120.0,3,2.5438444468885515e+21,19604924.113782465,51923160762615.484,3443243.988520984,1.271927415760352e+21,1036320.1714631455,3.4797267289832234e-09,0,0,1,0.0,0.0,0
460,33727305.151162,2,0.0,5696295.367796374,96146217783,60.23761940211768,120.0,2,2.5552831464569575e+21,19595838.29304935,51855339855400.63,3439480.8094836185,1.2776467587624641e+21,1036320.1714631455,3.4769982448779047e-09,0,0,1,0.0,0.0,0
461,34363657.07559044,2,0.0,5713824.387427076,96356854127,40.49630449687077,120.0,2,2.5658201031959626e+21,19623440.570484743,51992346090673.43,3435717.630446253,1.2829152508325905e+21,1036320.1714631455,3.4779077395796776e-09,0,0,1,0.0,0.0,0
462,16852054.662169643,1,0.0,5738953.928938601,96585002072,60.079678028477396,120.0,1,2.577859509063783e+21,19514233.454065286,51444868859914.3,3431954.4514088873,1.2889348990187775e+21,1036320.1714631455,3.4769982448779047e-09,0,0,1,0.0,0.0,0
463,51238907.564582795,3,0.0,5752820.784834712,96778763164,45.40354391229954,120.0,3,2.588104277269002e+21,19639471.27748222,51910992100354.89,3428191.2723715217,1.294057329733711e+21,1036320.1714631455,3.4769982448779047e-09,0,0,1,0.0,0.0,0
464,47214538.82108027,3,0.0,5768434.328553523,96976548626,45.21020329488175,120.0,3,2.599373455376492e+21,19720034.27939103,52213160462555.15,3477112.5998572744,1.2996919490042924e+21,1036320.1714631455,3.4769982448779047e-09,0,0,1,0.0,0.0,0
465,34363657.07559044,2,0.0,5785963.348184224,97187184969,40.5025292802001,120.0,2,2.610001412091135e+21,19710672.240707614,52349968825871.695,3473349.420819909,1.3050059410424503e+21,1036320.1714631455,3.4769982448779047e-09,0,0,1,0.0,0.0,0
466,16852054.662169643,1,0.0,5811412.579747012,97415332914,60.07860227591692,120.0,1,2.6221446005916476e+21,19601465.12428816,51801090799260.45,3469586.2417825432,1.3110774804049038e+21,1047829.0133085361,3.4769982448779047e-09,0,0,1,0.0,0.0,0
467,51238907.564582795,3,0.0,5825599.125694383,97609094006,45.40807254329307,120.0,3,2.632477563270564e+21,19726702.947705094,52267699348077.87,3465823.0627451777,1.3162440084052168e+21,1047829.0133085361,3.4806362236849964e-09,0,0,1,0.0,0.0,0
468,48349637.99435355,3,0.0,5846378.132795993,97805744367,60.18096461305436,120.0,3,2.643819932034936e+21,19716275.522755507,52212489446225.59,3442573.1864127507,1.3219151872664126e+21,1125775.8024887806,3.2741809263825417e-09,0,0,1,0.0,0.0,0
469,49157715.25848968,3,0.0,5859970.998868857,98001586652,36.37582099307899,120.0,3,2.6542398589112125e+21,19790380.880709145,52470291981680.11,3477112.5998572744,1.3271251764848044e+21,1125775.8024887806,3.27054294757545e-09,0,0,1,0.0,0.0,0
470,16852054.662169643,1,0.0,5887806.803199198,98229734598,60.077499650455174,120.0,1,2.666485874294976e+21,19574155.18862089,51630410482585.49,3453862.7235248475,1.3332481001885362e+21,1133745.6329405077,5.366018740460277e-09,0,0,1,0.0,0.0,0
471,69803728.38034059,4,0.0,5900197.253379356,98404930870,48.34241761624604,120.0,4,2.676482585754549e+21,19713451.751464196,52183922736853.64,3430612.8471924206,1.338246511269548e+21,1133745.6329405077,5.366018740460277e-09,0,0,1,0.0,0.0,0
472,51583210.1744657,3,0.0,5916620.935197631,98598347660,45.20764988785231,120.0,3,2.687853952361975e+21,19783980.826596037,52316591611469.164,3477112.599857274,1.3439322078401488e+21,1133745.6329405077,5.366018740460277e-09,0,0,1,0.0,0.0,0
473,35072572.86804453,2,0.0,5936548.528501118,98808275088,40.51917815270534,120.0,2,2.698600151095489e+21,19688951.456864797,52193260298319.99,3453862.723524847,1.3493052948737743e+21,1133745.6329405077,5.366018740460277e-09,0,0,1,0.0,0.0,0
474,34707959.685473345,2,0.0,5960509.353442722,99018567128,60.06585998942674,120.0,2,2.7105839974189514e+21,19589649.2764003,51700607391477.49,3430612.84719242,1.355297168770215e+21,1133745.6329405077,5.366018740460277e-09,0,0,1,0.0,0.0,0
475,69803728.38034059,4,0.0,5969024.824234143,99193763398,40.3390453537091,120.0,4,2.720663376731506e+21,19797271.197996467,52394500574042.55,3477112.5998572735,1.3603369278158104e+21,1133745.6329405077,5.366018740460277e-09,0,0,1,0.0,0.0,0
476,33727305.151162,2,0.0,5993198.464829896,99405036093,60.23766967094414,120.0,2,2.732493836654603e+21,19661399.926625304,52037730663262.86,3453862.7235248466,1.366252122100368e+21,1133745.6329405077,5.366018740460277e-09,0,0,1,0.0,0.0,0
477,52928477.891348235,3,0.0,6009251.078744643,99597107615,45.411176045342124,120.0,3,2.742962679132859e+21,19704445.544644203,52265600270491.35,3430612.8471924197,1.3714865661264567e+21,1133745.6329405077,5.366018740460277e-09,0,0,1,0.0,0.0,0
478,48212281.52907708,3,0.0,6026774.304095712,99793895333,45.133317387784956,120.0,3,2.754765461759195e+21,19736760.19414566,52139292945924.52,3477112.599857273,1.377387944808892e+21,1146993.8200789369,5.6461431086063385e-09,0,0,1,0.0,0.0,0
479,49424778.688507736,3,0.0,6043955.274598255,99989470555,45.50107098146862,120.0,3,2.765158324938306e+21,19730069.031236846,52400323278657.36,3453862.723524846,1.382584402501481e+21,1146993.8200789369,5.6461431086063385e-09,0,0,1,0.0,0.0,0
480,34707959.685473345,2,0.0,6068284.104738148,100199762595,60.064491575819574,120.0,2,2.7772897443348244e+21,19624142.757203136,51872975601678.09,3430612.847192419,1.3886500594649724e+21,1146993.8200789369,5.642505129799247e-09,0,0,1,0.0,0.0,0
481,68128567.6886709,4,0.0,6077531.113864071,100376634028,40.34662181769148,120.0,4,2.7875276680423345e+21,19812053.39232642,52504528554615.08,3477112.5998572726,1.3937690844740227e+21,1146993.8200789369,5.642505129799247e-09,0,0,1,0.0,0.0,0
482,32052144.459492315,2,0.0,6102436.292794325,100589581884,60.23499480054602,120.0,2,2.799559672474049e+21,19663014.430934206,52064114160238.04,3453862.7235248457,1.3997850426484405e+21,1146993.8200789369,5.642505129799247e-09,0,0,1,0.0,0.0,0
483,52928477.891348235,3,0.0,6118856.946243798,100781653405,45.42406522230443,120.0,3,2.810156433098106e+21,19699435.955383893,52262805857450.37,3430612.8471924188,1.4050834428296388e+21,1146995.0561905876,4.929461283609271e-09,0,0,1,0.0,0.0,0
484,49901048.52452822,3,0.0,6136012.2007330125,100976752356,45.13157541829241,120.0,3,2.822068356816318e+21,19744998.792023774,52169071989821.4,3477112.599857272,1.411039395315358e+21,1146885.6662176533,4.678440745919943e-09,0,0,1,0.0,0.0,0
485,50272662.6653672,3,0.0,6153006.164362486,101171479695,45.51386310763913,120.0,3,2.8325578314563484e+21,19738444.36658113,52455233603757.21,3453890.071018079,1.4162841612515347e+21,1146885.6662176533,4.678440745919943e-09,0,0,1,0.0,0.0,0
486,34686956.81066996,2,0.0,6175590.734262094,101381792737,60.06324312840178,120.0,2,2.844837326541023e+21,19632518.09254742,51927047470715.81,3430667.5421788855,1.4224238559752587e+21,1084036.3664692142,4.925823304802179e-09,0,0,1,0.0,0.0,0
487,68107564.81386752,4,0.0,6183098.041063269,101558685172,40.35517202847156,120.0,4,2.855199818403651e+21,19820264.6427113,52561716698010.93,3477112.5998572716,1.4276051653734952e+21,1084036.3664692142,4.925823304802179e-09,0,0,1,0.0,0.0,0
488,32052144.459492315,2,0.0,6206254.401837695,101771633028,60.232777447405816,120.0,2,2.86737696958747e+21,19671471.808758188,52118426151573.23,3453890.0710180784,1.43369369663635e+21,1084036.3664692142,4.925823304802179e-09,0,0,1,0.0,0.0,0
489,52907475.01654485,3,0.0,6220930.760710449,101963725553,45.43854146695921,120.0,3,2.8781019365039617e+21,19707893.333207875,52320401272438.05,3430667.542178885,1.439056200292108e+21,1084036.3664692142,4.925823304802179e-09,0,0,1,0.0,0.0,0
490,55150697.41703534,3,0.0,6237488.563870303,102153574856,45.13006622643985,120.0,3,2.889958752741117e+21,19753292.084888358,52225457668230.93,3477112.599857271,1.4449845989163252e+21,1166280.9103605065,2.7430360205471516e-09,0,0,1,0.0,0.0,0
491,55536313.47440991,3,0.0,6253879.003834205,102343038542,45.5284078981273,120.0,3,2.900373454567989e+21,19746846.91753705,52512480961619.21,3453890.0270575443,1.4501919785320907e+21,1166281.0862026415,3.1723175197839737e-09,0,0,1,0.0,0.0,0
492,39950630.12750592,2,0.0,6277605.859065635,102548087912,60.06251640760706,120.0,2,2.91259990253662e+21,19640920.599542804,51983467648320.04,3430667.4542578175,1.456305149615075e+21,1166281.0862026415,3.1723175197839737e-09,0,0,1,0.0,0.0,0
493,93778172.74174908,5,0.0,6283426.932048828,102699309738,43.228065642529195,120.0,5,2.922243852384572e+21,19953630.325851195,52978902473739.24,3477112.599857271,1.4611272240825332e+21,1223883.8372216425,3.001332515850663e-09,0,0,1,0.0,0.0,0
494,22115705.47121235,1,0.0,6312713.087783634,102922194033,60.07269529221095,120.0,1,2.934893416633396e+21,19638223.31078177,51914965070974.78,3453890.0270575443,1.467451899813205e+21,1227080.5554468464,2.1864252630621195e-09,0,0,1,0.0,0.0,0
495,99394186.23440148,5,0.0,6321185.836638689,103067799847,50.39577007342,120.0,5,2.944356666903252e+21,19925048.245832242,52937061762383.03,3430667.4542578175,1.4721836271578023e+21,1227080.5554468464,2.193701220676303e-09,0,0,1,0.0,0.0,0
496,38995445.13209158,2,0.0,6343304.627112831,103273804402,40.13526850604129,120.0,2,2.956696714689404e+21,19803710.803056307,52331465636455.59,3477112.599857271,1.4783535904912656e+21,1232801.3382641964,2.029992174357176e-09,0,0,1,0.0,0.0,0
497,86844555.72269674,4,0.0,6354659.730723165,103431959846,48.478403351278715,120.0,4,2.966424967703266e+21,20003929.604327146,53144802555599.305,3457621.2624064153,1.4832177983318886e+21,1232801.3382641964,1.6661942936480045e-09,0,0,1,0.0,0.0,0
498,37085052.63346965,2,0.0,6380856.240849976,103639874794,60.06194924224802,120.0,2,2.978852051656385e+21,19816028.98310715,52368309919103.0,3438129.9249555594,1.4894312626591844e+21,1232801.3382641964,2.0336301531642675e-09,0,0,1,0.0,0.0,0
499,101813942.23480232,5,0.0,6385714.240516156,103783060852,43.25674944896768,120.0,5,2.9882987007841046e+21,20177998.270827707,53599561388730.89,3477112.599857271,1.4941547103481912e+21,1232801.9531055754,3.736204234883189e-09,0,0,1,0.0,0.0,0
500,1957852767.8392491,2,0.0,5362088.832575081,102070208084,15.244404343013318,120.0,2,2.9318798991162364e+21,57075175.666518874,218065096040609.94,7475083.117957531,1.4659617560677222e+21,1224159.5603537129,3.6598066799342632e-09,0,0,1,0.0,0.0,0
501,100708243.24650174,5,0.0,5370435.454948399,102214499840,50.4407265423651,120.0,5,2.941377569537367e+21,56961401.90624375,215949487931377.25,7388693.489750262,1.4707103797174765e+21,1224163.6797594773,3.157765604555607e-09,0,0,1,0.0,0.0,0
502,1060135195.3236474,3,0.0,4934510.262283583,101399364644,18.340150641059264,120.0,3,2.917694020450177e+21,72679799.79857254,424638291827784.5,11298593.327716157,1.4588894740542715e+21,1224163.6797594773,3.157765604555607e-09,0,0,1,0.0,0.0,0
503,85739423.36818227,4,0.0,4946105.326470773,101558625221,48.54585430769926,120.0,4,2.927493637798126e+21,72434268.78708939,421130155715694.6,11212203.699508889,1.4637889319146346e+21,1224163.6797594773,3.3360265661031008e-09,0,0,1,0.0,0.0,0
504,546865046.1090602,4,0.0,4736121.340485702,101256760175,27.163861064155128,120.0,4,2.9226955550843774e+21,80027917.8135411,562926115131220.44,13028557.883788241,1.4614040701537018e+21,1218342.3483350687,3.3396645449101925e-09,0,0,1,0.0,0.0,0
505,103415368.87718269,5,0.0,4740117.734513458,101398344807,43.37354794866591,120.0,5,2.932109296430333e+21,79979373.41961105,559701645499541.8,12942168.255580973,1.4661106183797164e+21,1205652.9030140517,3.765308065339923e-09,0,0,1,0.0,0.0,0
506,48617576.93179495,3,0.0,4763057.403492772,101594727230,60.26801583186392,120.0,3,2.944098152862937e+21,79363068.24967511,553857937201562.0,12855778.62736848,1.4721044622251888e+21,1205652.9030349483,2.0590960048139095e-09,0,0,1,0.0,0.0,0
507,81110395.96051481,5,0.0,4775142.842677125,101758616835,50.57517776713357,120.0,5,2.954162972161826e+21,79138129.05086292,550030661340904.9,12769388.999155987,1.477136489147047e+21,1205652.9030349483,2.0627339836210012e-09,0,0,1,0.0,0.0,0
508,63586924.09405225,4,0.0,4791585.39917282,101940029911,48.22952840579582,120.0,4,2.9658731891524585e+21,78735419.36198403,544727999346082.1,12682999.370943494,1.4829910673761637e+21,1205652.9030349483,2.077285898849368e-09,0,0,1,0.0,0.0,0
509,66141048.79825751,4,0.0,4806919.39459898,102118888862,48.70554086608338,120.0,4,2.976300347468566e+21,78441068.9335867,540700928895342.7,12596609.742731001,1.4882042438271726e+21,1205652.9030349483,2.0736479200422764e-09,0,0,1,0.0,0.0,0
510,63586924.09405225,4,0.0,4826610.507336485,102300301938,60.22092296523725,120.0,4,2.9880549377896544e+21,77955636.75099184,535386293717586.5,12510220.114518508,1.494081007524199e+21,1205652.9030349483,2.077285898849368e-09,0,0,1,0.0,0.0,0
511,81110395.96051481,5,0.0,4836935.906139966,102464191541,43.42766286589504,120.0,5,2.9981952632621053e+21,77786541.38178112,531439304869606.25,12423830.486306015,1.4991507755615396e+21,1259239.4740286868,1.5243131201714277e-09,0,0,1,0.0,0.0,0
512,48617576.93179495,3,0.0,4861364.090980217,102660573964,60.282519716551604,120.0,3,3.0103203860020975e+21,77178196.777225,525530765577923.8,12337440.858093522,1.5052127460776065e+21,1259239.4740286868,2.521119313314557e-09,0,0,1,0.0,0.0,0
513,81110395.96051481,5,0.0,4877076.575176595,102824463568,50.62047441483393,120.0,5,3.02049868956039e+21,76868638.62721893,520758603997634.5,12251051.22988103,1.5103014206405948e+21,1336226.5234678723,3.001332515850663e-09,0,0,1,0.0,0.0,0
514,63586924.09405225,4,0.0,4897146.176684316,103005876644,48.237626595146125,120.0,4,3.0323415765442683e+21,76367998.72301534,514600932402024.7,12164661.601668537,1.5162222483653743e+21,1336226.5234678723,3.001332515850663e-09,0,0,1,0.0,0.0,0
515,66141048.79825751,4,0.0,4916107.217122503,103184735595,48.71005360364549,120.0,4,3.0428858154339223e+21,75975718.07929333,509645974144355.25,12078271.973456044,1.5214938723143757e+21,1336226.5234678723,2.9976945370435715e-09,0,0,1,0.0,0.0,0
516,63586924.09405225,4,0.0,4939425.3748720335,103366148672,60.23225554313709,120.0,4,3.054773075748256e+21,75400562.87862986,503516381879837.2,11991882.34524355,1.527436889512316e+21,1336226.5234678723,3.001332515850663e-09,0,0,1,0.0,0.0,0
517,81142991.64223571,5,0.0,4951889.302826602,103530005681,43.395163884863855,120.0,5,3.065023803534804e+21,75173727.22233973,499079542248991.25,11905492.717031058,1.532561809721627e+21,1336735.8309947613,4.092726157978177e-09,0,0,1,0.0,0.0,0
518,48358656.30647546,3,0.0,4978470.164249245,103726647024,60.2990000265093,120.0,3,3.0772924397474766e+21,74517113.67598371,492803783268650.1,11819103.088818565,1.538695500252065e+21,1334713.0136094529,4.089088179171085e-09,0,0,1,0.0,0.0,0
519,80916666.69863713,5,0.0,4994168.50101432,103890730356,50.56634477740804,120.0,5,3.0875853081997963e+21,74242039.31391084,488362868564430.44,11732713.460606072,1.5438414903867547e+21,1334713.0136094529,4.063622327521443e-09,0,0,1,0.0,0.0,0
520,63328003.46873276,4,0.0,5014252.249953344,104072402352,48.247351714728126,120.0,4,3.0995681393098983e+21,73740384.39783403,482638061090526.1,11646323.83239358,1.5498323334610582e+21,1334713.0136094529,4.063622327521443e-09,0,0,1,0.0,0.0,0
521,65947319.53637982,4,0.0,5033199.142960229,104251455033,48.65318580415977,120.0,4,3.1102305448768784e+21,73358593.71444526,478012508783002.94,11559934.204181086,1.5551630736893175e+21,1334713.0136094529,4.059984348714352e-09,0,0,1,0.0,0.0,0
522,63328003.46873276,4,0.0,5056531.448141061,104433127030,60.24618481985479,120.0,4,3.1222577762851215e+21,72808696.48940513,472317668206396.44,11473544.575968593,1.5611761199093813e+21,1334713.0136094529,4.063622327521443e-09,0,0,1,0.0,0.0,0
523,80916666.69863713,5,0.0,5068981.228664327,104597210364,43.358856434440746,120.0,5,3.1326261618493164e+21,72581864.43629557,468205421841296.9,11387154.9477561,1.5663599014668424e+21,1334713.0136094529,4.063622327521443e-09,0,0,1,0.0,0.0,0
524,48358656.30647546,3,0.0,5095562.0900869705,104793851707,60.31929320726158,120.0,3,3.1450311452724355e+21,71925250.88993955,462363589225400.06,11300765.319543608,1.5725618089951402e+21,1334713.0136094529,4.059984348714352e-09,0,0,1,0.0,0.0,0
525,80916666.69863713,5,0.0,5111260.426852046,104957935041,50.529628813590676,120.0,5,3.155437514391628e+21,71650176.52786668,458243664193585.1,11214375.691331115,1.5777645815622334e+21,1334713.0136094529,4.063622327521443e-09,0,0,1,0.0,0.0,0
526,63328003.46873276,4,0.0,5127998.514907655,105139607037,48.26001242975035,120.0,4,3.1675530963980334e+21,71259739.73141849,453371651086764.2,11127986.063118622,1.5838218853641253e+21,1214269.2218065506,2.9740476747974753e-09,0,0,1,0.0,0.0,0
527,48358656.30647546,3,0.0,5151233.715446883,105336248382,60.33193039870289,120.0,3,3.1800280122926983e+21,70693880.8979126,448173869174988.3,11041596.434906129,1.5900588235332667e+21,1214269.2218065506,2.9704096959903836e-09,0,0,1,0.0,0.0,0
528,63328003.46873276,4,0.0,5171220.359744302,105517920377,60.2644321796994,120.0,4,3.1921915123298913e+21,70186496.07675928,443351609443664.75,10955206.806693636,1.5961400913258902e+21,1214269.2218065506,2.975866664201021e-09,0,0,1,0.0,0.0,0
529,77118807.53345492,5,0.0,5181972.855757932,105685801570,43.29928577043878,120.0,5,3.2030438490745843e+21,70011540.59382237,439710893442036.2,10868817.178481143,1.6015658956266364e+21,1214269.2218065506,2.9740476747974753e-09,0,0,1,0.0,0.0,0
530,48358656.30647546,3,0.0,5205208.056297159,105882442913,60.34648424795487,120.0,3,3.2155894570126284e+21,69445681.76031649,434739791467183.06,10782427.55026865,1.607838202485461e+21,1214269.2218065506,3.1595845939591527e-09,0,0,1,0.0,0.0,0
531,63328003.46873276,4,0.0,5225194.700594578,106064114910,60.27573119238285,120.0,4,3.2278218509361296e+21,68938296.93916318,430144211672782.25,10696037.922056157,1.613953939889232e+21,1214269.2218065506,3.1632225727662444e-09,0,0,1,0.0,0.0,0
532,63328003.46873276,4,0.0,5241932.788650189,106245786906,48.27802775428649,120.0,4,3.2400779788759634e+21,68547860.14271499,425759337123722.6,10609648.293843664,1.620081565371694e+21,1214269.2218065506,3.1650415621697903e-09,0,0,1,0.0,0.0,0
533,62149460.37119763,4,0.0,5257540.791195888,106428637447,48.51408534427904,120.0,4,3.251351487438669e+21,68241805.98341215,422316983959256.9,10523258.665631171,1.6257179754177306e+21,1155171.407550869,2.330125425942242e-09,0,0,1,0.0,0.0,0
534,63328003.46873276,4,0.0,5277236.083312421,106610309444,60.28888152511125,120.0,4,3.2636527752484776e+21,67742287.67114276,418009376321246.5,10436869.037418678,1.631868188561871e+21,1203780.5432946393,2.3483153199777007e-09,0,0,1,0.0,0.0,0
535,63327984.442038506,4,0.0,5293682.819187145,106791981459,48.2892008298983,120.0,4,3.275977797507181e+21,67359717.45790154,413914860573787.0,10350479.409206185,1.638030290239648e+21,1203780.2460025416,2.3483153199777007e-09,0,0,1,0.0,0.0,0
536,48358656.30647546,3,0.0,5316640.65102109,106988622803,60.38246008511302,120.0,3,3.2886675476939386e+21,66801347.65376128,409476942193381.8,10264089.780993693,1.6443747215411886e+21,1204283.948416415,3.627064870670438e-09,0,0,1,0.0,0.0,0
537,77118750.4533722,5,0.0,5330364.346958418,107156504051,50.416810402592375,120.0,5,3.2996842870040376e+21,66516932.9525158,406237076351177.1,10177700.1527812,1.6498827672096539e+21,1204283.948416415,3.949025995098054e-09,0,0,1,0.0,0.0,0
538,63327946.38865003,4,0.0,5346825.091083088,107338176104,48.30193563040852,120.0,4,3.312078204023317e+21,66133984.51652603,402365540591965.94,10091310.524568707,1.6560793385657177e+21,1204283.948416415,4.149114829488099e-09,0,0,1,0.0,0.0,0
539,48358656.30647546,3,0.0,5369782.9229170345,107534817448,60.40466273347732,120.0,3,3.324838646260303e+21,65575614.712385766,398149575724484.06,10004920.896356214,1.662459138087724e+21,1204283.948416415,4.145476850681007e-09,0,0,1,0.0,0.0,0
540,66926245.14693801,4,0.0,5390273.091703262,107712891203,60.321527160282784,120.0,4,3.3371515840170363e+21,65061662.843104444,394290678609157.1,9904475.413619159,1.668615221076379e+21,1260507.3665146646,5.446054274216294e-09,0,0,1,0.0,0.0,0
541,80717049.21166018,5,0.0,5403655.8123028185,107877174154,43.24611973747976,120.0,5,3.3481210262245915e+21,64822719.29793283,390964269911075.44,9804029.930882104,1.674099609539287e+21,1337068.1240727447,4.9494701670482755e-09,0,0,1,0.0,0.0,0
542,51956955.06476344,3,0.0,5428936.801523492,108070217199,60.43083056952435,120.0,3,3.360822512315585e+21,64225571.23612608,386590758176592.4,9703584.448145049,1.68044991523361e+21,1316029.3233876615,4.623871063813567e-09,0,0,1,0.0,0.0,0
543,66926245.14693801,4,0.0,5450969.246889524,108248290953,60.34194700759912,120.0,4,3.373203217624869e+21,63775683.08209833,382604087955182.5,9603138.965407994,1.68663986922123e+21,1316029.3233876615,4.627509042620659e-09,0,0,1,0.0,0.0,0
544,66926245.14693801,4,0.0,5469753.1484009195,108426364709,48.334505055526655,120.0,4,3.385607281505902e+21,63442742.50683757,378852157594972.1,9502693.482670939,1.6928415259687104e+21,1316029.3233876615,4.71482053399086e-09,0,0,1,0.0,0.0,0
545,51956955.06476344,3,0.0,5495034.13762159,108619407753,60.46170904010615,120.0,3,3.3983810914638915e+21,62934380.56342633,374750076465556.06,9496664.744975105,1.6992280207395924e+21,1316029.3233876615,4.6966306399554014e-09,0,0,1,0.0,0.0,0
546,66926245.14693801,4,0.0,5517066.582987625,108797481509,60.366498220517826,120.0,4,3.410832322486539e+21,62484492.40939858,371026953874393.44,9491840.929900866,1.705453263938657e+21,1316029.3233876615,4.71482053399086e-09,0,0,1,0.0,0.0,0
547,66926245.14693801,4,0.0,5535850.48449902,108975555263,48.355721907559015,120.0,4,3.423306912080935e+21,62151551.83413782,367546488529103.5,9487017.114826627,1.7116902106893205e+21,1316029.3233876615,4.71482053399086e-09,0,0,1,0.0,0.0,0
548,66665479.47110996,4,0.0,5554747.565557215,109153889784,48.48490784816694,120.0,4,3.434675060607907e+21,61873010.58457574,364315676803264.0,9482193.299752388,1.717373961871634e+21,1316029.3233876615,4.711182555183768e-09,0,0,1,0.0,0.0,0
549,65891995.268009126,4,0.0,5576555.56433494,109332997789,60.396487428732506,120.0,4,3.4472313737304516e+21,61423122.430548,360822049973499.2,9473329.446088584,1.723651769070223e+21,1299869.1690293974,3.3178366720676422e-09,0,0,1,0.0,0.0,0
550,65891995.268009126,4,0.0,5595115.019258026,109512105794,48.38172638197012,120.0,4,3.459811148035082e+21,61090181.85528724,357577517801017.94,9464465.59242478,1.729941331769321e+21,1299869.1690293974,3.3178366720676422e-09,0,0,1,0.0,0.0,0
551,50922705.18583456,3,0.0,5620171.561890389,109706183088,60.54553440097181,120.0,3,3.472764367334269e+21,60581819.911876,353965520116722.5,9455601.738760976,1.7364175802191462e+21,1299869.1690293974,3.2268872018903494e-09,0,0,1,0.0,0.0,0
552,63783787.23952632,4,0.0,5641522.0502452655,109887399302,60.433834282961286,120.0,4,3.485468276766189e+21,60163790.95144491,350718581905113.06,9438502.69748591,1.742769210241285e+21,1266928.4185843535,7.043126970529556e-09,0,0,1,0.0,0.0,0
553,63827167.500018865,4,0.0,5659623.994745503,110068572133,48.41425406144082,120.0,4,3.498194852298954e+21,60041219.51766419,347695057894812.56,9421403.656210845,1.7491321956552663e+21,1267606.2351545498,7.021299097687006e-09,0,0,1,0.0,0.0,0
554,48814497.15735173,3,0.0,5684241.855193077,110264757636,60.60396628805295,120.0,3,3.5112979082785944e+21,59742718.35330534,344247856203997.06,9404304.61493578,1.7556833789249176e+21,1267606.2351545498,7.021299097687006e-09,0,0,1,0.0,0.0,0
555,78622452.4273505,5,0.0,5699199.021266447,110431135185,50.45197735498265,120.0,5,3.5225721084582083e+21,59618109.68768221,341625845422604.2,9387205.573660715,1.7613202168136464e+21,1267606.2351545498,7.021299097687006e-09,0,0,1,0.0,0.0,0
556,63913928.02100399,4,0.0,5716923.187051923,110612221257,48.45642886954245,120.0,4,3.535365187285399e+21,59508799.37934784,338760122218764.7,9370106.53238565,1.7677164696549214e+21,1255361.8345634947,7.3569026426412165e-09,0,0,1,0.0,0.0,0
557,48814497.15735173,3,0.0,5741200.92526086,110808406759,60.681042236140364,120.0,3,3.5485385848716604e+21,59222542.615580045,335460286745513.6,9353007.491110584,1.7743028384645047e+21,1255361.8345634947,7.3569026426412165e-09,0,0,1,0.0,0.0,0
558,63913928.02100399,4,0.0,5762201.877258064,110989492832,60.54545794600275,120.0,4,3.561379465282392e+21,58995268.00362339,332493791915754.56,9335908.449835518,1.7807229820203877e+21,1255361.8345634947,7.3578121373429894e-09,0,0,1,0.0,0.0,0
559,63913928.02100399,4,0.0,5779926.043043539,111170578903,48.513703750544416,120.0,4,3.574244021494779e+21,58885957.695289016,329758215006982.4,9318809.408560453,1.7871549865688902e+21,1255361.8345634947,7.3569026426412165e-09,0,0,1,0.0,0.0,0
560,48066977.20051876,3,0.0,5804041.55903962,111367511926,60.78740711359487,120.0,3,3.5875182508135384e+21,58599700.93152122,326570774207120.8,9298790.36745401,1.79379178248419e+21,1243681.8352379792,6.629306881222874e-09,0,0,1,0.0,0.0,0
561,63166408.064171,4,0.0,5826146.433250089,111549345518,60.635138522106615,120.0,4,3.6004582401611813e+21,58361031.0197295,323504539134729.9,9267376.026512504,1.800261470534504e+21,1289263.0345782228,3.857167030218989e-09,0,0,1,0.0,0.0,0
562,63166408.064171,4,0.0,5844974.521248828,111731179110,48.59546728930902,120.0,4,3.6134219884412016e+21,58240325.41156007,320679870932556.4,9235961.685570998,1.806743062207694e+21,1289263.0345782228,3.857167030218989e-09,0,0,1,0.0,0.0,0
563,48066977.20051876,3,0.0,5870356.181671027,111928112132,60.94301566844144,120.0,3,3.626769750463623e+21,57942673.347957216,317400921136919.3,9204547.344629493,1.8134166153239252e+21,1289263.0345782228,3.8598955143243074e-09,0,0,1,0.0,0.0,0
564,63166408.064171,4,0.0,5892461.0558814965,112109945724,60.7702572047592,120.0,4,3.6397814665886245e+21,57704003.4361655,314455688176243.94,9173133.003687987,1.81992217886313e+21,1289263.0345782228,3.8598955143243074e-09,0,0,1,0.0,0.0,0
565,76550327.01886988,5,0.0,5905570.4974631015,112278395398,43.465161669427836,120.0,5,3.651442722627677e+21,57686640.021335766,312167571710892.25,9141718.662746482,1.8257525780710094e+21,1290889.265903395,3.961758920922875e-09,0,0,1,0.0,0.0,0
566,48275134.81014079,3,0.0,5930952.157885301,112475120263,61.1970773734555,120.0,3,3.6648551553739653e+21,57389394.5155642,309008878818646.94,9110304.321804976,1.8324584785748644e+21,1290889.265903395,3.959030436817557e-09,0,0,1,0.0,0.0,0
567,63374565.67379303,4,0.0,5953057.03209577,112656745697,61.00177377645523,120.0,4,3.67792972020469e+21,57151131.16160378,306184113471175.7,9078889.98086347,1.8389954785136922e+21,1290889.265903395,3.959030436817557e-09,0,0,1,0.0,0.0,0
568,63374565.67379303,4,0.0,5971885.12009451,112838371131,48.9527402462999,120.0,4,3.6910280278759556e+21,57030832.11126564,303621671219256.2,9047475.639921965,1.8455443761050996e+21,1290889.265903395,3.9599399315193295e-09,0,0,1,0.0,0.0,0
569,48275134.81014079,3,0.0,5997250.024868766,113035095997,61.68206856141609,120.0,3,3.704513945050399e+21,56733674.797073856,300587009717614.2,9016243.404437788,1.852287031226171e+21,1290286.0625774805,1.8344508134759963e-09,0,0,1,0.0,0.0,0
570,63374565.67379303,4,0.0,6019338.143431293,113216721430,61.479175944367505,120.0,4,3.7176601883829726e+21,56495499.63469321,297886269605767.6,8985011.16895361,1.8588598828184468e+21,1290286.0625774805,2.0454535842873156e-09,0,0,1,0.0,0.0,0
571,63374565.67379303,4,0.0,6038149.47578209,113398346864,49.47760505266342,120.0,4,3.730830174556087e+21,56375288.77593485,295458119192255.06,8953778.933469433,1.8654446330899627e+21,1290286.0625774805,1.8344508134759963e-09,0,0,1,0.0,0.0,0
572,48275134.81014079,3,0.0,6063514.380556348,113595071730,62.96235040367563,120.0,3,3.744389576158685e+21,56078131.46174307,292545073466830.0,8922546.697985256,1.8722240425866892e+21,1290286.0625774805,1.8344508134759963e-09,0,0,1,0.0,0.0,0
573,63374565.67379303,4,0.0,6084420.438529695,113776697164,63.0334674719341,120.0,4,3.7576074979931083e+21,55850594.844665036,290155243613264.7,8901953.007803688,1.8788327645209155e+21,1247731.8813670399,1.7935235518962145e-09,0,0,1,0.0,0.0,0
574,63374565.67379303,4,0.0,6102049.710291313,113958322598,51.896679258886536,120.0,4,3.770849162668071e+21,55741022.53120929,288047173510878.06,8881359.31762212,1.8854533860513866e+21,1247731.8813670399,1.7935235518962145e-09,0,0,1,0.0,0.0,0
575,61450896.15521763,4,0.0,6120513.908059258,114141871702,57.6128353694005,120.0,5,3.783088036094876e+21,55597435.38850139,285802008025031.2,8860765.627440551,1.8915725982482403e+21,1247731.8813670399,1.786247594282031e-09,0,0,1,0.0,0.0,0
576,63374565.67379303,4,0.0,6138549.84134796,114323497137,48.20939272137838,120.0,4,3.796375001278879e+21,55524885.504394256,283498180240218.5,8840171.937258983,1.8982158504574635e+21,1247731.8813670399,1.7835191101767123e-09,0,0,1,0.0,0.0,0
577,63374565.67379303,4,0.0,6156179.113109577,114505122572,60.13841255583937,120.0,5,3.8096857093034224e+21,55466975.435262136,281507241137623.2,8819578.247077415,1.904871005375825e+21,1247731.8813670399,1.7835191101767123e-09,0,0,1,0.0,0.0,0
578,48275134.81014079,3,0.0,6177504.63404435,114701847437,45.25291998651667,120.0,3,3.823389444610061e+21,55334982.54770757,278990830647447.34,8798984.556895847,1.9117226213880955e+21,1248192.733003327,1.9308572518639266e-09,0,0,1,0.0,0.0,0
579,63382679.006614484,4,0.0,6195552.48841444,114883464758,48.21193974577667,120.0,4,3.836747841843087e+21,55262035.19737681,276810602100725.2,8778390.866714278,1.9184016019817536e+21,1248256.1184159943,2.0118022803217173e-09,0,0,1,0.0,0.0,0
580,63463111.58607261,4,0.0,6213194.5616104,115065001646,60.139842252051835,120.0,5,3.8501275349526947e+21,55204010.15907825,274944221387299.84,8757797.17653271,1.9250912618984862e+21,1248884.4979430109,2.7175701688975096e-09,0,0,1,0.0,0.0,0
581,61585464.1547166,4,0.0,6231028.081111142,115248416181,40.25422611120351,120.0,4,3.862487655534001e+21,55094780.022553794,272574640847654.44,8737203.486351142,1.9312710852310852e+21,1330108.6949173966,3.092281986027956e-09,0,0,1,0.0,0.0,0
582,63463111.58607255,4,0.0,6254076.101941291,115429953069,75.09953444638494,120.0,5,3.875912626310509e+21,54875790.85880995,270171250323584.28,8716609.796169573,1.937983330280287e+21,1325534.3091515526,4.878529580309987e-09,0,0,1,0.0,0.0,0
583,76553950.07725409,5,0.0,6265285.816489104,115598399120,37.73328465421194,120.0,5,3.8879560501313017e+21,54945914.95969084,268488501395920.94,8696016.105988005,1.9440048739157905e+21,1325534.3091515526,4.878529580309987e-09,0,0,1,0.0,0.0,0
584,48363680.722420305,3,0.0,6288720.823851359,115795035439,45.25835364515514,120.0,3,3.90179877107764e+21,54772318.9577688,265892093052951.56,8675422.415806437,1.9509259747481252e+21,1325171.8918022274,2.1391315385699272e-09,0,0,1,0.0,0.0,0
585,76568412.46348296,5,0.0,6307380.147503741,115963467026,60.147664310384606,120.0,6,3.9138822130065657e+21,54609409.3311498,263689892046298.53,8643102.892918956,1.9569674754924874e+21,1372193.4422787211,1.622538547962904e-09,0,0,1,0.0,0.0,0
586,63478243.70163555,4,0.0,6325562.8073321795,116144988783,40.230616049194985,120.0,4,3.9273968775212827e+21,54601065.27276841,261573618938480.22,8610783.370031474,1.963724596122535e+21,1372193.4422787211,1.5861587598919868e-09,0,0,1,0.0,0.0,0
587,61468965.60365732,4,0.0,6344617.54966842,116328519817,40.254169546687926,120.0,4,3.9398949803793716e+21,54482902.78782664,259201829505392.56,8578463.847143993,1.9699734103726364e+21,1372193.4422787211,1.6189005691558123e-09,0,0,1,0.0,0.0,0
588,63478259.69780893,4,0.0,6368958.370179242,116510041558,74.19973155201146,120.0,5,3.953454946156655e+21,54252864.88239439,256725255632834.1,8546144.324256511,1.976753145603891e+21,1372193.4422787211,1.622538547962904e-09,0,0,1,0.0,0.0,0
589,73454312.51849298,5,0.0,6380783.70938144,116681587246,37.73410390508537,120.0,5,3.965738620436706e+21,54311649.415251516,254985707039781.22,8501660.223488808,1.982894808789057e+21,1323535.1307578348,3.434251993894577e-09,0,0,1,0.0,0.0,0
590,45264648.9082998,3,0.0,6407725.516635932,116881322597,80.1176938276255,120.0,4,3.9798401841411916e+21,54022629.17055297,252187439286279.06,8457176.122721104,1.9899453108145244e+21,1323535.1307578348,3.434251993894577e-09,0,0,1,0.0,0.0,0
591,73454312.51849298,5,0.0,6422827.652464033,117052868284,43.07952542535016,120.0,5,3.9921650074514264e+21,53963449.024877496,250141610678492.25,8412692.0219534,1.996107517886781e+21,1323535.1307578348,3.434251993894577e-09,0,0,1,0.0,0.0,0
592,60364127.760472186,4,0.0,6440334.495467453,117237504156,40.23471050529787,120.0,4,4.0059361042158133e+21,53955105.15395126,248165254074228.94,8368207.9211856965,2.002992868633314e+21,1323535.1307578348,3.434251993894577e-09,0,0,1,0.0,0.0,0
593,58354833.66632059,4,0.0,6461594.798920722,117424149322,60.16318561680005,120.0,5,4.018679941843481e+21,53733213.31303607,245766083005724.75,8323723.820417993,2.009364547530041e+21,1323535.1307578348,3.434251993894577e-09,0,0,1,0.0,0.0,0
594,60364127.760472186,4,0.0,6482378.4385500485,117608785194,48.21880312644979,120.0,4,4.03249708100608e+21,53606904.76357724,243463153773858.97,8279239.719650289,2.0162728868184174e+21,1323535.1307578348,3.434251993894577e-09,0,0,1,0.0,0.0,0
595,73137063.34708595,5,0.0,6497153.99622794,117780648131,51.5953150658761,120.0,6,4.044915925419487e+21,53559481.43130933,241776835976930.56,8234755.618882585,2.0224821403933412e+21,1323535.1307578348,3.434251993894577e-09,0,0,1,0.0,0.0,0
596,45581898.079706825,3,0.0,6520878.515326481,117980066233,45.26459106030029,120.0,3,4.059146605173681e+21,53386283.56022496,239285429411562.12,8190271.518114882,2.0295972311297816e+21,1316399.131420305,4.4929038267582655e-09,0,0,1,0.0,0.0,0
597,60364004.51198427,4,0.0,6541463.906005356,118164702228,48.22068868978832,120.0,4,4.0730338967680346e+21,53275108.44488983,237099373611020.28,8145786.935907772,2.0365406583213785e+21,1316397.2056626813,1.5388650353997946e-09,0,0,1,0.0,0.0,0
598,78629169.77620979,5,0.0,6553726.281967208,118331073059,51.59443947246489,120.0,6,4.08493320033432e+21,53277729.15631579,235675749189179.28,8101302.353700662,2.042490167742079e+21,1316397.2056626813,1.5388650353997946e-09,0,0,1,0.0,0.0,0
599,1677655081.3346562,2,0.0,5714715.394460075,116898417978,15.376640961978136,120.0,2,4.037197439898452e+21,83584665.6852408,576876987317495.8,11963067.771493552,2.0186564076479578e+21,1303149.018524252,2.3392203729599714e-09,0,0,1,0.0,0.0,0
