t,secure_bps,violations,k_min,k_mean,q_total,aos_mean,aos_max,rekey,q_sumsq,z_l1,z_sumsq,z_max,lyapunov,key_inflow,key_overflow,cg_iters,cg_columns,cg_converged,obj_lp,obj_greedy,key_blocked_edges
0,245000000.0,0,2109375.0,2425130.2083333335,0,0.8811589100178921,0.9476988686844755,0,0.0,2695312.5,782012939453.125,390625.0,78201293945312.5,0.0,0.0,0,0,1,0.0,0.0,0
1,245000000.0,0,1718750.0,2350260.4166666665,0,1.9895459465001724,2.1629597325192615,0,0.0,5390625.0,3128051757812.5,781250.0,312805175781250.0,0.0,0.0,0,0,1,0.0,0.0,0
2,245000000.0,0,1328125.0,2275390.625,0,3.1457070394308886,3.5047493651838613,0,0.0,8085937.5,7038116455078.125,1171875.0,703811645507812.5,0.0,0.0,0,0,1,0.0,0.0,0
3,245000000.0,0,937500.0,2200520.8333333335,0,4.403834662756154,5.131060202450719,0,0.0,10781250.0,12512207031250.0,1562500.0,1251220703125000.0,0.0,0.0,0,0,1,0.0,0.0,0
4,245000000.0,0,546875.0,2125651.0416701958,0,4.635647940560079,7.650467716176135,0,0.0,13476562.499872945,19550323485980.707,1953125.0,1955032348598070.8,0.00012705559094904493,0.0,0,0,1,0.0,0.0,0
5,245000000.0,0,156250.0,2050781.2500070585,0,8.396318220001291,17.71860095389507,0,0.0,16171874.999745889,28152465819478.695,2343750.0,2815246581947869.5,0.00012705559094904493,0.0,0,0,1,0.0,0.0,0
6,185000000.0,1,0.0,2001953.1250105882,60000000,44.91260505131313,126.0,4,3600000000000000.0,17929687.499618832,33411407469333.31,2500000.0,5141140746933331.0,0.00012705559094904493,1.2561225050020629e-11,0,0,1,0.0,0.0,0
7,305000000.0,0,0.0,1901041.666680784,0,7.394752248816655,10.194888178913738,0,0.0,21562499.999491777,39111328123094.17,2500000.0,3911132812309417.0,0.00012705559094904493,0.0,0,0,1,0.0,0.0,0
8,245000000.0,0,0.0,1826177.7127876792,0,10.5011595299682,33.27646129541864,0,0.0,24257602.339643553,45886172480352.59,2500000.0,4588617248035259.0,210.1598482264309,9.829648206505226e-11,0,0,1,0.0,0.0,0
9,125000000.0,1,0.0,1799056.8144501299,120000000,23.612603449715316,129.0,1,1.04e+16,25233954.679795325,48829469251148.28,2500000.0,1.0082946925114828e+16,210.1598482264309,9.829648206505226e-11,0,0,1,0.0,0.0,0
10,105000000.0,0,0.0,1776346.1827871625,260000000,7.907691890217348,15.672753057968446,0,4.36e+16,26052167.319733385,51402234214993.336,2500000.0,2.6940223421499336e+16,2729.760133178536,2.8133229079685407e-10,0,0,1,0.0,0.0,0
11,105000000.0,0,0.0,1753635.5511241953,400000000,10.846958661858418,23.71860095389507,0,1e+17,26870379.959671445,54220356355804.914,2500000.0,5.542203563558049e+16,2729.760133178536,2.3219826061904314e-10,0,0,1,0.0,0.0,0
12,95000000.0,1,0.0,1733095.058350117,550000000,47.2228209796152,132.0,2,1.797e+17,27610467.599609505,56890179439203.13,2500000.0,9.553901794392032e+16,2729.760133178536,2.3218404976432794e-10,0,0,1,0.0,0.0,0
13,55000000.0,0,0.0,1721239.1235168984,740000000,5.293048940391754,14.763960090402955,0,2.86e+17,28037983.196612086,58138981524202.24,2500000.0,1.4881389815242022e+17,2873.8460041317044,2.3229773660204955e-10,0,0,1,0.0,0.0,0
14,55000000.0,0,0.0,1709383.1886836798,930000000,5.808800564604804,15.930210815212474,0,4.205e+17,28465498.79361467,59480577062515.42,2500000.0,2.1619805770625155e+17,2873.8460041317044,2.3229773660204955e-10,0,0,1,0.0,0.0,0
15,55000000.0,0,0.0,1697527.2538504612,1120000000,6.410163527478148,17.13106020245072,0,5.832e+17,28893014.390617255,60914966054142.68,2500000.0,2.976914966054143e+17,2873.8460041317044,1.4077983223614865e-10,0,0,1,0.0,0.0,0
16,55000000.0,0,0.0,1685671.3190172426,1310000000,7.150349556577671,18.378563199167502,0,7.741e+17,29320529.987619836,62442148499084.0,2500000.0,3.932942148499084e+17,2873.8460041317044,1.4077983223614865e-10,0,0,1,0.0,0.0,0
17,55000000.0,0,0.0,1673815.384184024,1500000000,8.142190084314317,19.691110924228408,0,9.932e+17,29748045.58462242,64062124397339.39,2500000.0,5.0300621243973395e+17,2873.8460041317044,9.162448577626492e-11,0,0,1,0.0,0.0,0
18,55000000.0,0,0.0,1661959.4493508057,1690000000,9.680923201901567,21.098223362540544,0,1.2405e+18,30175561.181625,65774893748908.85,2500000.0,6.268274893748909e+17,2873.8460041317044,9.162448577626492e-11,0,0,1,0.0,0.0,0
19,55000000.0,0,0.0,1650103.5145175871,1880000000,12.90637308929239,22.650467716176134,0,1.516e+18,30603076.778627586,67580456553792.38,2500000.0,7.647580456553792e+17,2873.8460041317044,9.162448577626492e-11,0,0,1,0.0,0.0,0
20,55000000.0,0,0.0,1638247.5796843683,2070000000,31.86696507033739,49.5654697595253,2,1.8197e+18,31030592.37563017,69478812811989.984,2500000.0,9.16797881281199e+17,2873.8460041317044,9.36495325731812e-11,0,0,1,0.0,0.0,0
21,25000000.0,0,0.0,1632902.0615178165,2290000000,16.113218658639425,26.672753057968446,0,2.1525e+18,31223732.97263275,70289180629627.945,2500000.0,1.0832789180629628e+18,2873.8460041317044,9.36495325731812e-11,0,0,1,0.0,0.0,0
22,25000000.0,0,0.0,1627556.5433512647,2510000000,18.723920036951963,29.84602182174819,0,2.5153e+18,31416873.569635335,71137451773125.19,2500000.0,1.2647637451773125e+18,2873.8460041317044,9.36495325731812e-11,0,0,1,0.0,0.0,0
23,25000000.0,0,0.0,1622211.0251847128,2730000000,23.88090837870896,35.71860095389507,0,2.9081e+18,31610014.166637916,72023626242481.72,2500000.0,1.461252362624248e+18,2873.8460041317044,9.421796676178928e-11,0,0,1,0.0,0.0,0
24,25000000.0,0,0.0,1616865.507018161,2950000000,43.26416781070987,57.560566334556896,0,3.3309e+18,31803154.7636405,72947704037697.55,2500000.0,1.6727447704037699e+18,2873.8460041317044,9.842437975748908e-11,0,0,1,0.0,0.0,0
25,15000000.0,1,0.0,1615498.774836849,3180000000,118.92240307002552,145.0,2,3.7838e+18,31875151.790595505,73346070167940.23,2500000.0,1.899234607016794e+18,67985.1414727734,8.559908337701927e-11,0,0,1,0.0,0.0,0
26,0.0,0,0.0,1617387.2509888704,3425000000,0.0,0.0,0,4.267725e+18,31829961.31755051,73167347759015.14,2500000.0,2.1411792347759014e+18,67985.1414727734,8.741807278056513e-11,0,0,1,0.0,0.0,0
27,0.0,0,0.0,1619275.7271408918,3670000000,0.0,0.0,0,4.7829e+18,31784770.844505515,72989500609625.19,2500000.0,2.3987489500609623e+18,67985.1414727734,8.552802910344326e-11,0,0,1,0.0,0.0,0
28,0.0,0,0.0,1621294.1202282815,3915000000,0.0,0.0,0,5.329325e+18,31734903.361787274,72789250808511.62,2500000.0,2.671941425080851e+18,72662.15114601617,8.753886504564434e-11,0,0,1,0.0,0.0,0
29,0.0,0,0.0,1623312.5133156707,4160000000,0.0,0.0,0,5.907e+18,31685035.879069038,72589888187062.58,2500000.0,2.9607589888187064e+18,72662.15114601617,8.526512829121202e-11,0,0,1,0.0,0.0,0
30,0.0,0,0.0,1625330.90640306,4405000000,0.0,0.0,0,6.515925e+18,31635168.3963508,72391412745278.05,2500000.0,3.265201641274528e+18,72662.15114601617,8.526512829121202e-11,0,0,1,0.0,0.0,0
31,0.0,0,0.0,1627349.2994904493,4650000000,0.0,0.0,0,7.1561e+18,31585300.91363256,72193824483158.02,2500000.0,3.585269382448316e+18,72662.15114601617,1.6711965145077556e-10,0,0,1,0.0,0.0,0
32,0.0,0,0.0,1629367.692577839,4895000000,0.0,0.0,0,7.827525e+18,31535433.430914324,71997123400702.5,2500000.0,3.9209622123400704e+18,72662.15114601617,1.6711965145077556e-10,0,0,1,0.0,0.0,0
33,0.0,0,0.0,1631583.3888518948,5140000000,0.0,0.0,0,8.5302e+18,31480238.76215609,71781119073227.2,2500000.0,4.272278111907323e+18,79765.06586600772,2.4851942725945264e-10,0,0,1,0.0,0.0,0
34,0.0,0,0.0,1633799.0851259502,5385000000,0.0,0.0,0,9.264125e+18,31425044.09339786,71566257218804.69,2500000.0,4.639219125721881e+18,79765.06586600772,2.4715518520679325e-10,0,0,1,0.0,0.0,0
35,0.0,0,0.0,1636014.781400006,5630000000,0.0,0.0,0,1.00293e+19,31369849.424639627,71352537837434.95,2500000.0,5.021785253783743e+18,79765.06586600772,2.4715518520679325e-10,0,0,1,0.0,0.0,0
36,13084014.282622254,1,0.0,1635391.0648523122,5861915986,76.77953615153238,120.0,1,1.081333553771843e+19,31416873.617464382,71639841231585.48,2500000.0,5.413831752982373e+18,79765.06586600772,2.4715518520679325e-10,0,0,1,0.0,0.0,0
37,0.0,0,0.0,1637890.330605561,6106915986,0.0,0.0,0,1.1640225496861473e+19,31356574.698080678,71408079010669.14,2500000.0,5.827253556331804e+18,89973.56711695365,3.8744474295526743e-10,0,0,1,0.0,0.0,0
38,0.0,0,0.0,1640389.5963588096,6351915986,0.0,0.0,0,1.2498365456004516e+19,31296275.778696973,71177604774490.02,2500000.0,6.256300488479707e+18,89973.56711695365,3.892637323588133e-10,0,0,1,0.0,0.0,0
39,0.0,0,0.0,1642888.8621120583,6596915986,0.0,0.0,0,1.3387755415147559e+19,31235976.85931327,70948418523048.08,2500000.0,6.700972549426084e+18,89973.56711695365,3.894911060342565e-10,0,0,1,0.0,0.0,0
40,0.0,0,0.0,1645388.127865307,6841915986,0.0,0.0,0,1.4308395374290602e+19,31175677.939929564,70720520256343.34,2500000.0,7.161269739170936e+18,89973.56711695365,3.892637323588133e-10,0,0,1,0.0,0.0,0
41,0.0,0,0.0,1647887.3936185555,7086915986,0.0,0.0,0,1.5260285333433643e+19,31115379.02054586,70493909974375.83,2500000.0,7.637192057714259e+18,89973.56711695365,3.9403857954312116e-10,0,0,1,0.0,0.0,0
42,0.0,0,0.0,1651034.2214470431,7331915986,0.0,0.0,0,1.6243425292576686e+19,31049252.042485006,70239481350027.7,2500000.0,8.128736594423346e+18,113285.80182554133,3.9403857954312116e-10,0,0,1,0.0,0.0,0
43,0.0,0,0.0,1654181.0492755303,7576915986,0.0,0.0,0,1.725781525171973e+19,30983125.064424153,69986408642952.68,2500000.0,8.63590626672416e+18,113285.80182554133,3.9472070056945086e-10,0,0,1,0.0,0.0,0
44,0.0,0,0.0,1657327.8771040174,7821915986,0.0,0.0,0,1.8303455210862772e+19,30916998.0863633,69734691853150.74,2500000.0,9.158701074616701e+18,113285.80182554133,3.949480742448941e-10,0,0,1,0.0,0.0,0
45,0.0,0,0.0,1660474.7049325046,8066915986,0.0,0.0,0,1.9380345170005815e+19,30850871.10830245,69484330980621.9,2500000.0,9.69712101810097e+18,113285.80182554133,3.9403857954312116e-10,0,0,1,0.0,0.0,0
46,0.0,0,0.0,1663621.5327609922,8311915986,0.0,0.0,0,2.048848512914886e+19,30784744.1302416,69235326025366.15,2500000.0,1.0251166097176965e+19,113285.80182554133,4.3951331463176757e-10,0,0,1,0.0,0.0,0
47,0.0,0,0.0,1666768.3605894793,8556915986,0.0,0.0,0,2.16278750882919e+19,30718617.152180746,68987676987383.484,2500000.0,1.082083631184469e+19,113285.80182554133,4.4224179873708636e-10,0,0,1,0.0,0.0,0
48,0.0,0,0.0,1669915.1884179665,8801915986,0.0,0.0,0,2.2798515047434945e+19,30652490.174119893,68741383866673.91,2500000.0,1.140613166210414e+19,113285.80182554133,4.4224179873708636e-10,0,0,1,0.0,0.0,0
49,0.0,0,0.0,1673062.0162464539,9046915986,0.0,0.0,0,2.4000405006577983e+19,30586363.19605904,68496446663237.43,2500000.0,1.2007052147955315e+19,113285.80182554133,4.4224179873708636e-10,0,0,1,0.0,0.0,0
50,0.0,0,0.0,1676208.8440749412,9291915986,0.0,0.0,0,2.5233544965721027e+19,30520236.21799819,68252865377074.04,2500000.0,1.262359776939822e+19,113285.80182554133,4.43833414465189e-10,0,0,1,0.0,0.0,0
51,0.0,0,0.0,1679355.6719034284,9536915986,0.0,0.0,0,2.649793492486407e+19,30454109.23993734,68010640008183.734,2500000.0,1.3255768526432854e+19,113285.80182554133,4.43833414465189e-10,0,0,1,0.0,0.0,0
52,0.0,0,0.0,1682502.4997319158,9781915986,0.0,0.0,0,2.7793574884007113e+19,30387982.261876486,67769770556566.52,2500000.0,1.3903564419059212e+19,113285.80182554133,4.43833414465189e-10,0,0,1,0.0,0.0,0
53,0.0,0,2.4658535359921553e-27,1686479.9602012283,10026915986,0.0,0.0,0,2.9120464843150156e+19,30306903.89628078,67477805322414.8,2500000.0,1.456698020210732e+19,143188.57689525015,8.424194675171748e-10,0,0,1,0.0,0.0,0
54,0.0,0,2.5571814447326056e-27,1690457.420670541,10271915986,0.0,0.0,0,3.04786048022932e+19,30225825.530685075,67187419549525.37,2500000.0,1.5246021143101553e+19,143188.57689525015,8.412825991399586e-10,0,0,1,0.0,0.0,0
55,0.0,0,2.648509353473056e-27,1694434.881139853,10516915986,0.0,0.0,0,3.186799476143624e+19,30144747.16508937,66898613237898.26,2500000.0,1.5940687242041911e+19,143188.57689525015,8.412825991399586e-10,0,0,1,0.0,0.0,0
56,0.0,0,2.7398372622135062e-27,1698412.3416091655,10761915986,0.0,0.0,0,3.3288634720579285e+19,30063668.799493663,66611386387533.445,2500000.0,1.6650978498928396e+19,143188.57689525015,8.412825991399586e-10,0,0,1,0.0,0.0,0
57,0.0,0,2.8311651709539565e-27,1702389.802078478,11006915986,0.0,0.0,0,3.474052467972233e+19,29982590.433897957,66325738998430.945,2500000.0,1.7376894913761008e+19,143188.57689525015,8.412825991399586e-10,0,0,1,0.0,0.0,0
58,0.0,0,2.9224930796944068e-27,1706367.2625477905,11251915986,0.0,0.0,0,3.6223664638865367e+19,29901512.06830225,66041671070590.76,2500000.0,1.8118436486539743e+19,143188.57689525015,8.412825991399586e-10,0,0,1,0.0,0.0,0
59,0.0,0,3.013820988434857e-27,1710344.7230171033,11496915986,0.0,0.0,0,3.7738054598008414e+19,29820433.702706542,65759182604012.875,2500000.0,1.8875603217264607e+19,143188.57689525015,8.412825991399586e-10,0,0,1,0.0,0.0,0
60,0.0,0,3.1051488971753074e-27,1714322.1834864158,11741915986,0.0,0.0,0,3.928369455715145e+19,29739355.337110836,65478273598697.3,2500000.0,1.9648395105935598e+19,143188.57689525015,8.412825991399586e-10,0,0,1,0.0,0.0,0
61,0.0,0,3.1964768059157577e-27,1718299.6439557283,11986915986,0.0,0.0,0,4.08605845162945e+19,29658276.97151513,65198944054644.03,2500000.0,2.0436812152552714e+19,143188.57689525015,8.412825991399586e-10,0,0,1,0.0,0.0,0
62,0.0,0,3.287804714656208e-27,1722277.1044250403,12231915986,0.0,0.0,0,4.246872447543754e+19,29577198.605919424,64921193971853.07,2500000.0,2.1240854357115953e+19,143188.57689525015,8.576535037718713e-10,0,0,1,0.0,0.0,0
63,0.0,0,3.379132623396658e-27,1726254.564894353,12476915986,0.0,0.0,0,4.410811443458058e+19,29496120.24032372,64645023350324.42,2500000.0,2.2060521719625322e+19,143188.57689525015,8.576535037718713e-10,0,0,1,0.0,0.0,0
64,0.0,0,3.379132623396658e-27,1730243.6188224123,12721915986,0.0,0.0,0,4.5778754393723625e+19,29414624.510213137,64368381509210.03,2500000.0,2.2895814035012735e+19,143605.94141012584,8.512870408594608e-10,0,0,1,0.0,0.0,0
65,0.0,0,5886.573920708929,1734886.7365194391,12966915986,0.0,0.0,0,4.7480644352866664e+19,29315469.058340427,64022602368959.695,2494113.426079291,2.3746724436670226e+19,167152.23709296156,9.422365110367537e-10,0,0,1,0.0,0.0,0
66,0.0,0,11773.147841417858,1739529.8542164655,13211915986,0.0,0.0,0,4.921378431200971e+19,29216313.606467716,63678612727314.516,2488226.852158582,2.4613260017277587e+19,167152.23709296156,9.422365110367537e-10,0,0,1,0.0,0.0,0
67,25774007.85805089,2,0.0,1732986.3365584356,13431141978,47.82973058750987,120.0,3,5.084705898081722e+19,29493931.287767675,64330583004878.76,2499999.999999997,2.54299625487091e+19,167152.23709296156,8.949427865445614e-10,0,0,1,0.0,0.0,0
68,0.0,0,1326.133509086234,1737629.4542554624,13676141978,0.0,0.0,0,5.2640379279253045e+19,29368830.096285585,63987092425671.625,2498673.8664909108,2.632658834886909e+19,167152.23709296156,8.86757334228605e-10,0,0,1,0.0,0.0,0
69,13228318.323639417,1,0.0,1740614.5576034358,13907913659,63.503726727816,120.0,1,5.44265794692348e+19,29303603.92832651,63913446664695.41,2499999.9999999963,2.7219681079283868e+19,210809.95743047955,6.957634468562901e-10,0,0,1,0.0,0.0,0
70,0.0,0,12054.05663636808,1746728.6562626648,14152913659,0.0,0.0,0,5.628160606857119e+19,29128058.22538383,63343409996759.555,2487945.9433636284,2.8147137375285273e+19,220107.55173223594,8.003553375601768e-10,0,0,1,0.0,0.0,0
71,0.0,0,24108.11327273616,1752842.7549218934,14397913659,0.0,0.0,0,5.81678826679076e+19,28952512.52244115,62776948566900.305,2475891.8867272604,2.909021902881049e+19,220107.55173223594,7.967173587530851e-10,0,0,1,0.0,0.0,0
72,0.0,0,36162.16990910424,1758956.8535811221,14642913659,0.0,0.0,0,6.008540926724399e+19,28784764.166900124,62214001576491.17,2463837.8300908925,3.0048926033779646e+19,220107.55173223594,7.130438461899757e-10,0,0,1,0.0,0.0,0
73,42894224.92019771,3,0.0,1749875.6902682334,14845019434,51.10122759780653,120.0,4,6.182665429173578e+19,29156247.89495368,63170708754832.766,2499999.9999999995,3.0919644216743375e+19,220107.55173223594,7.967173587530851e-10,0,0,1,0.0,0.0,0
74,15429192.49455114,1,0.0,1752641.4398618045,15074590242,63.57513955346083,120.0,1,6.375468319244865e+19,29101242.75837468,63167745529743.04,2499999.9999999967,3.1883658370777297e+19,220107.55173223594,7.948983693495393e-10,0,0,1,0.0,0.0,0
75,0.0,0,11773.352549126597,1758755.538521033,15319590242,0.0,0.0,0,6.576155838401077e+19,28925697.055432,62603746944550.95,2488226.647450873,3.288703956669984e+19,220107.55173223594,7.912603905424476e-10,0,0,1,0.0,0.0,0
76,0.0,0,17660.028823689896,1765116.6285209751,15564590242,0.0,0.0,0,6.779968357557291e+19,28741259.66422364,61999786573868.0,2482339.97117631,3.390604176644384e+19,228999.2399979141,7.930793799459934e-10,0,0,1,0.0,0.0,0
77,29168891.7365124,2,0.0,1759986.875199945,15780421350,38.949692757936006,120.0,2,6.969722283506632e+19,28976962.720821515,62468749069486.37,2499999.9999999977,3.485485829244011e+19,288326.49780419236,1.2532836990430951e-09,0,0,1,0.0,0.0,0
78,14050558.142651118,1,0.0,1764946.7783197989,16011370792,63.79686003468813,120.0,1,7.174810047379463e+19,28856837.429298673,62306374864257.164,2499999.9999999967,3.588028087438374e+19,288326.49780419236,1.2496457202360034e-09,0,0,1,0.0,0.0,0
79,0.0,0,14276.978702787617,1772955.8508265123,16256370792,0.0,0.0,0,7.38765294907274e+19,28627904.51040749,61634269465586.03,2485723.021297209,3.694442817231026e+19,288326.6102416819,1.6752892406657338e-09,0,0,1,0.0,0.0,0
80,0.0,0,28553.957405575235,1780964.923333226,16501370792,0.0,0.0,0,7.603620850766017e+19,28398971.591516305,60968941389020.52,2471446.042594421,3.802420114796899e+19,288326.6102416819,1.6825651982799172e-09,0,0,1,0.0,0.0,0
81,29239252.38330904,2,0.0,1776283.3481041277,16717131540,37.53485259552676,120.0,2,7.804406746546332e+19,28626901.991114322,61443979170175.48,2499999.999999997,3.902817813064868e+19,288326.6102416819,1.6789272194728255e-09,0,0,1,0.0,0.0,0
82,41745430.4648422,3,0.0,1775233.0824023245,16920386109,62.1144987699268,120.0,3,8.00947036426693e+19,28724105.24772972,62143742934175.5,2500000.0000000005,4.0053566195628065e+19,288326.6102416819,1.6752892406657338e-09,0,0,1,0.0,0.0,0
83,0.0,0,5886.676274563299,1783242.154909038,17165386109,0.0,0.0,0,8.234286077203831e+19,28495172.328838535,61478191148522.22,2494113.3237254373,4.1177578205134004e+19,288326.6102416819,1.6752892406657338e-09,0,0,1,0.0,0.0,0
84,0.0,0,11773.352549126597,1791251.2274157517,17410386109,0.0,0.0,0,8.462226790140733e+19,28310780.373309713,60818424736265.93,2488226.647450874,4.231721579317729e+19,288326.6102416819,1.6752892406657338e-09,0,0,1,0.0,0.0,0
85,29239252.38330904,2,0.0,1786569.652186654,17626146857,36.868603330864744,120.0,2,8.674058034378729e+19,28538710.772907734,61297325037939.34,2499999.9999999967,4.337641990439744e+19,288326.6102416819,1.6789272194728255e-09,0,0,1,0.0,0.0,0
86,14619626.19165452,1,0.0,1791406.0627594145,17856527231,64.62848314435419,120.0,1,8.902463130522365e+19,28423993.68363885,61175558545843.73,2499999.999999996,4.451843320846641e+19,288326.6102416819,1.6752892406657338e-09,0,0,1,0.0,0.0,0
87,0.0,0,14276.978702787617,1799423.4742135217,18101527231,0.0,0.0,0,9.139427972430668e+19,28219891.942850668,60517127801497.21,2485723.021297208,4.570319157493349e+19,288626.81234787876,1.889929990284145e-09,0,0,1,0.0,0.0,0
88,0.0,0,28553.957405575235,1807440.8856676295,18346527231,0.0,0.0,0,9.37951781433897e+19,28037157.925481487,59863559099645.875,2471446.0425944203,4.6903575427604816e+19,288626.81234787876,1.915395841933787e-09,0,0,1,0.0,0.0,0
89,29239252.38330904,2,0.0,1802767.6493859263,18562287979,36.48113771111188,120.0,2,9.602531067850559e+19,28264863.173499856,60351120549692.38,2499999.9999999963,4.8018690451307766e+19,288626.81234787876,1.926309778355062e-09,0,0,1,0.0,0.0,0
90,14619626.19165452,1,0.0,1807612.398906081,18792668353,65.1977079822231,120.0,1,9.842777168630994e+19,28149920.932651326,60238275703463.984,2499999.9999999953,4.921990967072531e+19,288626.81234787876,1.915395841933787e-09,0,0,1,0.0,0.0,0
91,27125804.273187682,2,0.0,1809743.1340856256,19010542548,61.019347153817236,120.0,2,1.0078780383196168e+20,28157739.537747424,60406284007261.47,2500000.0000000014,5.039994254438157e+19,288626.81234787876,1.915395841933787e-09,0,0,1,0.0,0.0,0
92,0.0,0,5886.676274563299,1817760.545539733,19255542548,0.0,0.0,0,1.0330843036348095e+20,27975005.52037824,59755989050150.664,2494113.323725438,5.166019078064549e+19,288626.81234787876,1.915395841933787e-09,0,0,1,0.0,0.0,0
93,29239252.38330904,2,0.0,1813087.3092580296,19471303296,36.22780822753778,120.0,2,1.0564901638317366e+20,28202710.768396612,60249277832625.46,2499999.999999996,5.283053311937009e+19,288626.81234787876,1.9444996723905206e-09,0,0,1,0.0,0.0,0
94,14619626.19165452,1,0.0,1817932.0587781842,19701683670,65.92657622860787,120.0,1,1.0816812426006821e+20,28087768.52754808,60142409193025.57,2499999.999999995,5.409007637095341e+19,288626.81234787876,1.915395841933787e-09,0,0,1,0.0,0.0,0
95,0.0,0,14276.978702787617,1827300.6565064352,19946683670,0.0,0.0,0,1.1077899208130149e+20,27847184.757358026,59411956405305.94,2485723.021297207,5.539543723629127e+19,337269.51821704395,1.6534613678231835e-09,0,0,1,0.0,0.0,0
96,0.0,0,29433.381372816493,1837345.3164933547,20191683670,0.0,0.0,0,1.1342110990253475e+20,27603630.50699845,58570154993868.586,2470566.6186271855,5.671641196676676e+19,361607.75952908734,1.928128767758608e-09,0,0,1,0.0,0.0,0
97,49549799.831270635,3,0.0,1828939.541722988,20387133869,42.325317939095264,120.0,3,1.1576529054108903e+20,27977867.854799516,59652319646920.12,2499999.9999999953,5.788861050250921e+19,361607.76517351816,1.924490788951516e-09,0,0,1,0.0,0.0,0
98,0.0,0,20361.502718380994,1838984.2018666966,20632133869,0.0,0.0,0,1.1846587128020484e+20,27687889.54569386,58808697342589.94,2479638.497281614,5.923881650983668e+19,361607.76517351816,1.9063008949160576e-09,0,0,1,0.0,0.0,0
99,0.0,0,40723.00543676199,1849028.8620104054,20877133869,0.0,0.0,0,1.2119770201932066e+20,27405167.664571974,57976283186247.78,2459276.994563233,6.060464863797895e+19,361607.76517351816,1.924490788951516e-09,0,0,1,0.0,0.0,0
100,74038706.5363375,5,0.0,1839612.5107339635,21048095163,56.43755017191023,120.0,5,1.2332357643942899e+20,27887314.135475248,60164657326243.02,2500000.0000000023,6.166780468544712e+19,361607.76517351816,1.924490788951516e-09,0,0,1,0.0,0.0,0
101,0.0,0,5886.676274563299,1849657.1708776725,21293095163,0.0,0.0,0,1.2611051445299546e+20,27668864.195253104,59326722042217.03,2494113.323725439,6.306118989870195e+19,361607.76517351816,1.899024937301874e-09,0,0,1,0.0,0.0,0
102,0.0,0,11773.352549126597,1859701.831021381,21538095163,0.0,0.0,0,1.2892870246656193e+20,27450414.255030956,58496622266011.336,2488226.647450876,6.447020089550757e+19,361607.76517351816,1.9317667465656996e-09,0,0,1,0.0,0.0,0
103,46912902.26314981,3,0.0,1852778.572233106,21736182261,43.81492005763427,120.0,3,1.314542548958994e+20,27796385.34325859,59496387296698.67,2499999.9999999944,6.573307708667937e+19,361607.76517351816,1.8917489796876907e-09,0,0,1,0.0,0.0,0
104,0.0,0,23546.705098253195,1864696.4635597658,21981182261,0.0,0.0,0,1.3433118987728481e+20,27488240.079790708,58502464130628.7,2476453.2949017496,6.717144518505547e+19,429044.0877597484,1.5315890777856112e-09,0,0,1,0.0,0.0,0
105,38612055.772979096,3,0.0,1862648.7675842773,22187570206,46.8495296973594,120.0,4,1.3696772096110576e+20,27682855.959200155,59037541532541.67,2499999.9999999944,6.848976423470613e+19,429044.0877597484,1.5606929082423449e-09,0,0,1,0.0,0.0,0
106,0.0,0,25138.057143866597,1874566.6589109371,22432570206,0.0,0.0,0,1.3990406697802934e+20,27374710.695732273,58050303856787.4,2474861.942856128,6.995783851940035e+19,429044.0877597484,1.5352270565927029e-09,0,0,1,0.0,0.0,0
107,38612055.772979096,3,0.0,1869725.8454750185,22638958150,34.20658665332733,120.0,3,1.4259482509569876e+20,27611308.445953146,58357889607196.55,2499999.9999999944,7.13032483368101e+19,429044.0877597484,1.5352270565927029e-09,0,0,1,0.0,0.0,0
108,0.0,0,25138.057143866597,1881643.7368016785,22883958150,0.0,0.0,0,1.455905821481605e+20,27244592.82472122,57376279947380.914,2474861.942856128,7.280102870207499e+19,429044.0877597484,1.4988472685217857e-09,0,0,1,0.0,0.0,0
109,65737860.04616677,5,0.0,1876502.4820120558,23063220288,64.63904536537478,120.0,6,1.4801493020525137e+20,27543775.028041467,58995845381719.69,2500000.0000000033,7.401336468716385e+19,429044.0877597484,1.5279510989785194e-09,0,0,1,0.0,0.0,0
110,0.0,0,5886.676274563299,1888420.3733387159,23308220288,0.0,0.0,0,1.510667906337426e+20,27273692.09147491,58018128094500.06,2494113.32372544,7.553919712968075e+19,429044.0877597484,1.4988472685217857e-09,0,0,1,0.0,0.0,0
111,38612055.772979096,3,0.0,1883579.5599027975,23514608233,34.22786120605945,120.0,3,1.538627129782115e+20,27510289.841695786,58337350403401.17,2499999.9999999944,7.693719022414609e+19,429044.0877597484,1.5279510989785194e-09,0,0,1,0.0,0.0,0
112,0.0,0,17660.028823689896,1895497.4512294573,23759608233,0.0,0.0,0,1.569739844422409e+20,27143574.22046386,57364253454232.05,2482339.9711763137,7.849272864646586e+19,429044.0877597484,1.4988472685217857e-09,0,0,1,0.0,0.0,0
113,38612055.772979096,3,0.0,1890656.6377935393,23965996178,34.24309012264988,120.0,3,1.5982413382055828e+20,27380171.970684733,57702228850319.67,2499999.9999999944,7.991783713316417e+19,429044.0877597484,1.5279510989785194e-09,0,0,1,0.0,0.0,0
114,0.0,0,25138.057143866597,1902574.529120199,24210996178,0.0,0.0,0,1.6299481632012583e+20,27013456.34945281,56736090288895.984,2474861.942856128,8.150308176909181e+19,429044.0877597484,1.4988472685217857e-09,0,0,1,0.0,0.0,0
115,38612055.772979096,3,0.0,1900526.8331447104,24417384122,52.91631155888799,120.0,4,1.6589919273229173e+20,27199440.571765874,57328722584424.11,2499999.9999999944,8.29553292384043e+19,429044.0877597484,1.4370016288012266e-09,0,0,1,0.0,0.0,0
116,0.0,0,23692.118152187835,1912444.72447137,24662384122,0.0,0.0,0,1.6912928626739744e+20,26882933.58209767,56370823193378.97,2476307.8818478207,8.457028021601806e+19,429044.0877597484,1.4151737559586763e-09,0,0,1,0.0,0.0,0
117,38612055.772979096,3,0.0,1907603.9110354525,24868772065,34.27244831070784,120.0,3,1.7208788971341185e+20,27119531.33231854,56741229004565.52,2499999.9999999944,8.604961897960638e+19,429044.0877597484,1.4370016288012266e-09,0,0,1,0.0,0.0,0
118,27125804.273187682,2,0.0,1913635.1260875484,25086646261,60.743884152442334,120.0,2,1.7520428495432244e+20,26964736.056970894,56550492336425.945,2500000.000000004,8.760779752639486e+19,429044.0877597484,1.407897798344493e-09,0,0,1,0.0,0.0,0
119,38612055.772979096,3,0.0,1908794.3126516305,25293034206,34.28926698647839,120.0,3,1.7821570138459672e+20,27201333.80719177,56934857660730.69,2499999.9999999944,8.911354417806442e+19,429044.0877597484,1.4370016288012266e-09,0,0,1,0.0,0.0,0
120,0.0,0,11773.352549126597,1920712.20397829,25538034206,0.0,0.0,0,1.81562853813501e+20,26834618.185959846,55984821017766.336,2488226.647450878,9.078702538885228e+19,429044.0877597484,1.407897798344493e-09,0,0,1,0.0,0.0,0
121,38612055.772979096,3,0.0,1918664.5080028018,25744422151,52.97464594649242,120.0,4,1.846284972776238e+20,27020602.40827291,56618787866175.83,2499999.9999999944,9.231991051759852e+19,429044.0877597484,1.4115357771515846e-09,0,0,1,0.0,0.0,0
122,0.0,0,23546.705098253195,1931117.431479651,25989422151,0.0,0.0,0,1.8803506074206624e+20,26694464.839901287,55656607878475.49,2476453.2949017514,9.402309603182097e+19,448305.24516658334,1.407897798344493e-09,0,0,1,0.0,0.0,0
123,38612055.772979096,3,0.0,1926811.6501939232,26195810095,34.322088077430635,120.0,3,1.911549312400375e+20,26921432.01141874,56053867278718.38,2499999.9999999944,9.558307100674662e+19,448305.24516658334,1.4115357771515846e-09,0,0,1,0.0,0.0,0
124,0.0,0,25138.057143866597,1939264.5736707726,26440810095,0.0,0.0,0,1.9462090574001812e+20,26545085.8114834,55099077577329.24,2474861.942856128,9.731596277776679e+19,448305.24516658334,1.407897798344493e-09,0,0,1,0.0,0.0,0
125,38612055.772979096,3,0.0,1934958.7923850443,26647198038,34.34076848805494,120.0,3,1.9779500327183788e+20,26772052.983000856,55516782416666.17,2499999.9999999944,9.89030533141606e+19,448305.24516658334,1.418811734765768e-09,0,0,1,0.0,0.0,0
126,26373446.874066174,2,0.0,1942179.1147289488,26865824592,60.69672799308698,120.0,2,2.0114042987784176e+20,26584080.423851542,55239367336458.89,2500000.000000005,1.0057573887565452e+20,465974.15808419976,1.2478267308324575e-09,0,0,1,0.0,0.0,0
127,38612055.772979096,3,0.0,1941164.7465383895,27072212536,53.03906895167631,120.0,4,2.043673796137971e+20,26742630.289577067,55842201567974.02,2499999.9999999944,1.0218927402705535e+20,466243.8880172066,1.3351382222026587e-09,0,0,1,0.0,0.0,0
128,0.0,0,20607.809007934822,1954115.9656499785,27317212536,0.0,0.0,0,2.079504619108072e+20,26398688.943321325,54845914883051.3,2479392.19099207,1.0398071554689191e+20,466243.8880172066,1.331500243395567e-09,0,0,1,0.0,0.0,0
129,38612055.772979096,3,0.0,1950308.47999899,27523600481,34.37670372735524,120.0,3,2.1123163868061106e+20,26607717.471988156,55238157867649.055,2499999.9999999944,1.0562134315609229e+20,466243.8880172066,1.3351382222026587e-09,0,0,1,0.0,0.0,0
130,0.0,0,25138.057143866597,1963259.6991105787,27768600481,0.0,0.0,0,2.1487413201315932e+20,26213567.393687166,54249995480046.56,2474861.942856128,1.0744249100612767e+20,466243.8880172066,1.3351382222026587e-09,0,0,1,0.0,0.0,0
131,64990051.30313566,5,0.0,1956520.9395289272,27948610429,46.8343409918852,120.0,5,2.1782308561478222e+20,26528121.783857882,55486032086933.83,2500000.000000004,1.089170914105998e+20,466243.8880172066,1.3387762010097504e-09,0,0,1,0.0,0.0,0
132,0.0,0,10303.904503967411,1969472.1586405162,28193610429,0.0,0.0,0,2.2152173093092832e+20,26149778.588038545,54503113886821.55,2489696.0954960366,1.1076631577685284e+20,466243.8880172066,1.331500243395567e-09,0,0,1,0.0,0.0,0
133,47263375.5890446,3,0.0,1966580.333892651,28391347053,53.170621916833895,120.0,4,2.24831280027319e+20,26386352.27473741,55273515440280.78,2499999.9999999944,1.1242116736520353e+20,511302.84539254784,1.331500243395567e-09,0,0,1,0.0,0.0,0
134,0.0,0,12110.107550981058,1980783.1907091108,28636347053,0.0,0.0,0,2.285886442734179e+20,26021725.480446532,54076037965132.484,2487889.892449031,1.1429972974050546e+20,511302.84539254784,1.331500243395567e-09,0,0,1,0.0,0.0,0
135,55914695.40511011,3,0.0,1970717.5165337692,28825432357,34.636405648593765,120.0,3,2.318729467739164e+20,26480422.30533028,54914337491748.055,2499999.9999999944,1.1594196482070736e+20,511302.84539254784,1.3351382222026587e-09,0,0,1,0.0,0.0,0
136,26377995.53015657,2,0.0,1979195.981959136,29044054361,60.666142748362326,120.0,2,2.3549417993336016e+20,26271530.10458853,54426467920846.48,2500000.0000000033,1.1775253261347216e+20,511302.84539254784,1.3351382222026587e-09,0,0,1,0.0,0.0,0
137,68217150.44093558,3,0.0,1965570.5696368536,29220837211,35.073088681027464,120.0,3,2.3871634278923164e+20,26858377.502762128,55451652133705.99,2499999.9999999944,1.1936371655982919e+20,575378.1320374722,1.331500243395567e-09,0,0,1,0.0,0.0,0
138,40259802.73838052,3,0.0,1964081.2636846788,29425577409,35.63544000498941,120.0,3,2.4221775967220433e+20,27008325.071611874,55466550131029.76,2499999.9999999944,1.2111442649111527e+20,575444.4035088972,9.38598532229662e-10,0,0,1,0.0,0.0,0
139,40259802.73838052,3,0.0,1965504.269851889,29630317607,56.00195981697891,120.0,5,2.457450655545499e+20,27053429.404163755,55696999455302.484,2499999.9999999944,1.2287810247722048e+20,575444.4035088972,9.167706593871117e-10,0,0,1,0.0,0.0,0
140,40259802.73838052,3,0.0,1964014.9638997142,29835057802,41.22425391051885,120.0,4,2.4929826043626832e+20,27203376.9730135,55748761258961.98,2499999.9999999944,1.2465470509426005e+20,575444.4035088972,9.422365110367537e-10,0,0,1,0.0,0.0,0
141,66637798.26853709,5,0.0,1956801.266556446,30013420006,40.4232409784784,120.0,5,2.524501251822481e+20,27510655.61326218,56266770405409.03,2500000.0000000023,1.2623068926816459e+20,575444.4035088972,8.003553375601768e-10,0,0,1,0.0,0.0,0
142,40259802.73838052,3,0.0,1955311.9606042712,30218160203,43.579304443849715,120.0,4,2.560517669025885e+20,27611856.163431514,56339126492444.336,2499999.9999999944,1.2803151736394349e+20,575444.4035088972,7.967173587530851e-10,0,0,1,0.0,0.0,0
143,40259802.73838052,3,0.0,1950910.3425327109,30422900401,28.93874536946191,120.0,3,2.5967929762230184e+20,27817899.94989871,56210530704060.19,2499999.9999999944,1.2984526986422133e+20,575444.4035088972,7.967173587530851e-10,0,0,1,0.0,0.0,0
144,40259802.73838052,3,0.0,1949421.036580536,30627640597,43.59838994724489,120.0,4,2.6333271734138805e+20,27919100.500068042,56330602327086.69,2499999.9999999944,1.3167199173092673e+20,575444.4035088972,9.022187441587448e-10,0,0,1,0.0,0.0,0
145,40100673.752659395,3,0.0,1947966.2638283868,30832539924,43.610178770099026,120.0,4,2.6701305473648745e+20,28019057.855036426,56401507471106.4,2500000.000000013,1.3351216751899083e+20,575444.4035088972,9.058567229658365e-10,0,0,1,0.0,0.0,0
146,66796927.25425823,5,0.0,1943595.8122044515,31010742997,54.61362956859707,120.0,6,2.7027405703720632e+20,28223979.649389133,57150777339418.78,2500000.0000000014,1.351427435963371e+20,575444.4035088972,9.058567229658365e-10,0,0,1,0.0,0.0,0
147,40259802.73838052,3,0.0,1939194.1941328915,31215483195,28.96658813597901,120.0,3,2.740018125942874e+20,28430023.43585633,57098631633140.086,2499999.9999999944,1.3700661616030702e+20,575444.4035088972,9.022187441587448e-10,0,0,1,0.0,0.0,0
148,40259802.73838052,3,0.0,1934792.5760613312,31420223390,28.979776399155508,120.0,3,2.7775545715074135e+20,28636067.22232353,57084661710454.32,2499999.9999999944,1.3888343704154173e+20,575444.4035088972,9.022187441587448e-10,0,0,1,0.0,0.0,0
149,40259802.73838052,3,0.0,1933303.2701091568,31624963588,41.57785957209639,120.0,4,2.8153499070656817e+20,28737267.77249286,57284456602085.086,2499999.9999999944,1.4077322379894428e+20,575444.4035088972,9.022187441587448e-10,0,0,1,0.0,0.0,0
150,48355692.22722809,3,0.0,1925973.4512676138,31821607896,29.007361143955112,120.0,3,2.852611133121161e+20,29048726.786679424,57456488692034.29,2499999.9999999944,1.4263630230492725e+20,617610.494596645,9.058567229658365e-10,0,0,1,0.0,0.0,0
151,71484183.37036651,5,0.0,1924118.2854391118,31995123712,73.52810750896424,120.0,7,2.8852537332807133e+20,29163098.29239654,58314390691052.92,2500000.000000013,1.4426851810310477e+20,617610.494596645,8.74933903105557e-10,0,0,1,0.0,0.0,0
152,51605196.61424624,3,0.0,1915378.0914295923,32188518516,29.022551023355366,120.0,3,2.922762689198729e+20,29525330.812630266,58622944776399.25,2499999.9999999944,1.461439967544141e+20,617610.494596645,8.712959242984653e-10,0,0,1,0.0,0.0,0
153,48355692.22722809,3,0.0,1908048.2725880498,32385162824,29.043733148014184,120.0,3,2.960738641008902e+20,29836789.826816835,58889543250778.4,2499999.9999999944,1.4804282100477018e+20,617610.494596645,8.712959242984653e-10,0,0,1,0.0,0.0,0
154,48355692.22722809,3,0.0,1904216.4060198888,32581807132,43.70856681504575,120.0,4,2.998965312197983e+20,30022322.55916166,59366974194633.79,2499999.9999999944,1.499542023073186e+20,617610.494596645,7.294147508218884e-10,0,0,1,0.0,0.0,0
155,48355692.22722809,3,0.0,1896886.5871783462,32778451440,29.084178099140733,120.0,3,3.0374427027659725e+20,30333781.573348228,59726220648897.08,2499999.9999999944,1.518781077603635e+20,617610.494596645,7.366907084360719e-10,0,0,1,0.0,0.0,0
156,73092965.07381421,5,0.0,1891184.3411026236,32950358474,54.61358109281105,120.0,6,3.071121810620534e+20,30586647.967965268,60530355682664.65,2499999.9999999995,1.5356214356659497e+20,617610.494596645,9.258656064048409e-10,0,0,1,0.0,0.0,0
157,46746910.5237804,3,0.0,1887345.5429316713,33148611564,43.75613395018913,120.0,4,3.110069962208659e+20,30772430.23831227,60899308681071.25,2500000.000000013,1.5550958804130103e+20,617610.4958033578,8.931237971410155e-10,0,0,1,0.0,0.0,0
158,51605196.61424624,3,0.0,1878605.3489556718,33342006367,29.13422998464618,120.0,3,3.14904038908366e+20,31134662.75764096,61472791360495.73,2499999.9999999944,1.5745816673331908e+20,617610.4958033578,8.931237971410155e-10,0,0,1,0.0,0.0,0
159,48355692.22722809,3,0.0,1874773.4824210305,33538650674,43.802383663526484,120.0,4,3.188483224785252e+20,31320195.489080753,62080288617017.53,2499999.9999999944,1.594303692681243e+20,617610.4958033578,1.0859366739168763e-09,0,0,1,0.0,0.0,0
160,48355692.22722809,3,0.0,1867443.663613008,33735294982,29.191116078298364,120.0,3,3.228176779865751e+20,31631654.502362285,62629352869181.57,2499999.9999999944,1.6141510192857445e+20,617610.4958033578,1.089574652723968e-09,0,0,1,0.0,0.0,0
161,72207953.97710384,5,0.0,1861933.4772706118,33908087029,54.61775382363572,120.0,6,3.2630182535517405e+20,31877606.746881243,63396518170925.9,2499999.9999999986,1.631572523294041e+20,617610.4958033578,1.4279066817834973e-09,0,0,1,0.0,0.0,0
162,50881426.00750892,3,0.0,1855091.1041480964,34102205603,29.224554197333248,120.0,3,3.302836363778193e+20,32185770.874233313,63951836748129.98,2499999.9999999944,1.6514821337258446e+20,674623.1307984907,1.216903910972178e-09,0,0,1,0.0,0.0,0
163,45106187.840209946,3,0.0,1857046.0617762452,34302099415,64.40649415626534,120.0,5,3.3434717469954985e+20,32177231.09456144,64362774129307.37,2500000.000000013,1.6718002362718785e+20,674623.1307984907,1.216903910972178e-09,0,0,1,0.0,0.0,0
164,51605196.61424624,3,0.0,1852068.886274119,34495494219,29.29058770911788,120.0,3,3.383903644827487e+20,32418248.107579485,64947276387710.09,2499999.9999999944,1.6920167696901312e+20,753079.1608627851,1.1041265679523349e-09,0,0,1,0.0,0.0,0
165,48355692.22722809,3,0.0,1852000.0382133503,34692138527,40.65810016432728,120.0,4,3.424813364420496e+20,32482565.332708634,65489957747411.68,2499999.9999999944,1.7124721721679954e+20,753079.1608627851,8.822098607197404e-10,0,0,1,0.0,0.0,0
166,74333433.09980369,5,0.0,1849791.6118546585,34862805094,54.61950059650079,120.0,6,3.460408376949348e+20,32623907.37656304,66116819090854.93,2499999.999999998,1.730270305293765e+20,753079.1608627851,1.3405951904132962e-09,0,0,1,0.0,0.0,0
167,48755946.88480907,3,0.0,1846084.016660694,35059049147,29.3686356129615,120.0,3,3.5017269622503755e+20,32819219.498487253,66647200095096.28,2499999.9999999944,1.7509301283252827e+20,754264.524934161,1.4115357771515846e-09,0,0,1,0.0,0.0,0
168,48355692.22722809,3,0.0,1846048.0953796864,35255693455,44.070553049142404,120.0,4,3.543351407598078e+20,32882351.359545026,67248649653214.445,2499999.9999999944,1.771742952448692e+20,754264.524934161,1.4115357771515846e-09,0,0,1,0.0,0.0,0
169,46586850.54443581,3,0.0,1847038.6860542435,35454106604,44.14765553666351,120.0,4,3.585353113984098e+20,32908528.790202457,67603246851649.18,2500000.000000013,1.7927441602389007e+20,777399.8796876901,1.5352270565927029e-09,0,0,1,0.0,0.0,0
170,50124533.91002038,3,0.0,1846877.6870915664,35648982070,40.88884490775699,120.0,4,3.627352456430208e+20,32976163.44780033,68250080122422.1,2499999.9999999944,1.8137444782952264e+20,777399.8796876901,1.775333657860756e-09,0,0,1,0.0,0.0,0
171,75092066.10548432,5,0.0,1845180.2023569858,35818890002,54.61955502164972,120.0,6,3.6639183487097864e+20,33099111.59318671,68792194700051.73,2499999.999999998,1.8320279665495933e+20,777399.8796876901,1.3096723705530167e-09,0,0,1,0.0,0.0,0
172,48755946.88480907,3,0.0,1842115.2559061751,36015134055,29.616570845277693,120.0,3,3.706451371572364e+20,33271288.360357396,69375564390836.73,2499999.9999999944,1.8532950613505727e+20,777399.8796876901,1.7680577002465725e-09,0,0,1,0.0,0.0,0
173,46739152.09420519,3,0.0,1846570.7473025152,36213394903,64.96393097997675,120.0,5,3.749409049447999e+20,33172729.365030658,69824169271233.516,2500000.0000000126,1.8747743488932708e+20,777399.8796876901,1.8699211068451405e-09,0,0,1,0.0,0.0,0
174,49972232.360250995,3,0.0,1842977.8991696546,36408422671,29.866582410535916,120.0,3,3.7923825690102845e+20,33406592.632175885,70532935821915.64,2499999.9999999944,1.896261817440964e+20,777399.8796876901,1.6516423784196377e-09,0,0,1,0.0,0.0,0
175,48355692.22722809,3,0.0,1843584.6266318,36605066979,41.47858090499121,120.0,4,3.835724246797607e+20,33491374.89426131,71202645104511.44,2499999.9999999944,1.917933326043908e+20,777399.8796876901,1.0913936421275139e-09,0,0,1,0.0,0.0,0
176,75151985.35608758,5,0.0,1841887.1418972202,36774914994,54.62381404421349,120.0,6,3.8733217448492145e+20,33614323.03964769,71726239940979.86,2499999.9999999986,1.9367325986645482e+20,777867.998833028,1.673470251262188e-09,0,0,1,0.0,0.0,0
177,47139406.75178617,3,0.0,1842683.962690196,36972775587,45.124637636821234,120.0,4,3.917188410021943e+20,33674084.55668356,72232736580336.19,2500000.000000012,1.9586664377475518e+20,777867.998833028,1.6661942936480045e-09,0,0,1,0.0,0.0,0
178,49972232.360250995,3,0.0,1842602.0701403099,37167803355,45.83990516974413,120.0,4,3.9611251794058713e+20,33783657.13920213,73015612257882.08,2499999.9999999944,1.9806356053151934e+20,777867.998833028,1.6661942936480045e-09,0,0,1,0.0,0.0,0
179,53622117.90264295,3,0.0,1838741.4559174147,37359181238,33.29049176634238,120.0,4,4.0048427498167376e+20,34042483.461964145,73837977725032.27,2499999.9999999944,2.002495212886094e+20,838504.4122426911,9.786162991076708e-10,0,0,1,0.0,0.0,0
180,84072118.66604638,5,0.0,1836030.5981699666,37520109117,53.96751111206671,120.0,6,4.0419093229559146e+20,34201913.03581376,74413130023420.7,2499999.999999999,2.021029074607981e+20,838504.412246636,1.2259988579899073e-09,0,0,1,0.0,0.0,0
181,46454792.118180215,3,0.0,1841533.5242573668,37718654326,76.5053125427688,120.0,6,4.086889779746587e+20,34115949.00457727,74776526158700.25,2507500.188593672,2.0435196663994522e+20,840315.2666459486,1.0804797057062387e-09,0,0,1,0.0,0.0,0
182,60789443.687105685,3,0.0,1838491.3078416705,37902864883,33.9316075388953,120.0,3,4.1264169108021156e+20,34332545.959865846,74985294427527.66,2499999.9999999944,2.0632834406954854e+20,840315.2666459486,1.2478267308324575e-09,0,0,1,0.0,0.0,0
183,82835384.17443599,5,0.0,1836099.1401668617,38065029498,54.65798403761427,120.0,6,4.164161322671403e+20,34480955.404700264,75549678865155.06,2499999.9999999986,2.082156211014567e+20,840315.2666459486,1.2478267308324575e-09,0,0,1,0.0,0.0,0
184,51448589.305079855,3,0.0,1833703.8851358732,38258580909,37.77801253645076,120.0,4,4.209251950826714e+20,34669580.52787111,76208956575708.7,2511773.1478414116,2.1047021843699325e+20,840315.2666459486,1.0804797057062387e-09,0,0,1,0.0,0.0,0
185,52423631.14204486,3,0.0,1841318.719139821,38451157278,79.90799993172583,120.0,5,4.24969547769954e+20,34521542.721614845,75854483856163.23,2500000.000000011,2.124923593333626e+20,840315.2666459486,1.0804797057062387e-09,0,0,1,0.0,0.0,0
186,86207399.53259718,5,0.0,1833584.0883536404,38609949878,40.637225306026636,120.0,5,4.2877437756488575e+20,34881299.89202103,76661507384204.42,2499999.999999998,2.143948549331813e+20,840315.2666459486,1.2478267308324575e-09,0,0,1,0.0,0.0,0
187,50354711.737658486,3,0.0,1835779.907976112,38804595166,52.338392738745064,120.0,5,4.333633588957624e+20,34916075.19859298,77173247885980.0,2511773.147841411,2.166893967726698e+20,840315.2666459486,1.0804797057062387e-09,0,0,1,0.0,0.0,0
188,53342242.23250151,3,0.0,1839079.089211232,38996252925,52.389192712347935,120.0,4,4.374567031143384e+20,34923400.89201452,77108838398879.48,2499999.9999999977,2.187360624410091e+20,840315.2666459486,1.0804797057062387e-09,0,0,1,0.0,0.0,0
189,83001429.1556597,5,0.0,1835877.0756579882,39158251496,54.73829606642944,120.0,6,4.413147823549914e+20,35119983.84203499,77553268265092.89,2500000.0000000107,2.2066514650432222e+20,840171.1807749955,9.204086381942034e-10,0,0,1,0.0,0.0,0
190,53735948.59156068,3,0.0,1836601.342177316,39349515547,53.650387287906405,120.0,5,4.459447242678681e+20,35207735.060320124,78250096533577.98,2511773.1478414107,2.229801871435874e+20,840171.1807749955,9.204086381942034e-10,0,0,1,0.0,0.0,0
191,56889524.067627415,3,0.0,1835247.7968222694,39537626023,34.13406608617784,120.0,3,4.50042543905914e+20,35382558.91098766,78415051939414.39,2537918.812934984,2.2502911345815097e+20,840171.1807749955,9.204086381942034e-10,0,0,1,0.0,0.0,0
192,82835384.17443599,5,0.0,1832851.6267621566,39699790640,54.7979646967219,120.0,6,4.539845333545635e+20,35550131.495255396,79056942748298.45,2593613.1676652264,2.2700017237155656e+20,840171.1807749955,9.204086381942034e-10,0,0,1,0.0,0.0,0
193,46945810.39653329,3,0.0,1835783.2229362002,39897844829,53.7300471751259,120.0,5,4.587338032263386e+20,35558418.84597077,79257944309575.25,2579487.0563764023,2.2937482740760025e+20,840171.1807749955,9.240466170012951e-10,0,0,1,0.0,0.0,0
194,60298425.40875262,3,0.0,1836829.0344862381,40082546403,51.0495638332018,120.0,4,4.628636574128321e+20,35646865.84805526,79555449901160.69,2648497.4319704147,2.3143978425140616e+20,840171.1807749955,9.349605534225702e-10,0,0,1,0.0,0.0,0
195,79288102.33931008,5,0.0,1835202.673852151,40248258301,54.87929001383036,120.0,6,4.6691709395589746e+20,35786725.29298607,80086789171599.14,2704191.786700657,2.3346655565686587e+20,840171.1807749955,9.204086381942034e-10,0,0,1,0.0,0.0,0
196,53901993.572784394,3,0.0,1831778.654271764,40439356307,38.039564096395246,120.0,4,4.716511423327027e+20,36022039.082180955,80880855871539.03,2759886.1414308995,2.3583365925193853e+20,833068.2660550039,7.894414011389017e-10,0,0,1,0.0,0.0,0
197,53480622.72650221,3,0.0,1838725.4142246007,40630875685,79.96639602737125,120.0,5,4.758928151957445e+20,35896276.21308468,80583614252300.2,2745760.0301420754,2.3795446595929748e+20,833068.2660550039,8.076312951743603e-10,0,0,1,0.0,0.0,0
198,86244285.5155612,5,0.0,1830773.4683252326,40789631398,40.98790024146863,120.0,5,4.799196055717388e+20,36263856.727565624,81567888416175.7,2814770.405736088,2.39967959574711e+20,833068.2660550039,7.894414011389017e-10,0,0,1,0.0,0.0,0
199,50354711.737658486,3,0.0,1832767.9823757336,40984276687,54.171612615557216,120.0,5,4.847761950254317e+20,36302327.57736853,82127286757726.03,2870464.76046633,2.423963102413916e+20,833068.2660550039,6.984919309616089e-10,0,0,1,0.0,0.0,0
200,66599567.43722393,3,0.0,1828407.5148034657,41162677119,34.899469098520576,120.0,3,4.888506414569735e+20,36583624.89917603,82676098563291.17,2938802.400834068,2.444335883383431e+20,883641.4086049858,7.130438461899757e-10,0,0,1,0.0,0.0,0
201,85899845.07970847,5,0.0,1829730.3305147614,41321777274,69.701918455656,120.0,7,4.928124071967453e+20,36617313.995673075,82953488961711.36,2924676.289545244,2.464144989472688e+20,883641.4086049858,7.166818249970675e-10,0,0,1,0.0,0.0,0
202,63473656.44838021,3,0.0,1823556.7528821183,41503303617,35.72596069726978,120.0,4,4.97603226660937e+20,36949836.14606916,84131635955395.84,3018973.2364142477,2.4881002649406403e+20,883641.4086049858,6.984919309616089e-10,0,0,1,0.0,0.0,0
203,69522586.67438462,3,0.0,1822440.8643167343,41678781032,57.748657294929444,120.0,5,5.0161390513101596e+20,37114328.62362884,84748444909700.83,3087310.8767819856,2.5081542740999894e+20,883641.4086049858,7.130438461899757e-10,0,0,1,0.0,0.0,0
204,78399810.88189936,5,0.0,1824892.7889459198,41845381221,55.80193069998878,120.0,7,5.057436332616002e+20,37125073.1465337,84773676639783.06,3122399.607763445,2.5288029399846407e+20,973795.1956260566,4.874891601502895e-10,0,0,1,0.0,0.0,0
205,45786381.082163215,3,0.0,1835666.6918699506,42044594839,55.1298389112647,120.0,5,5.107967851700824e+20,36865189.357989326,84241673153349.05,3103438.3971711956,2.5540681675235656e+20,973795.2502178932,8.731149137020111e-10,0,0,1,0.0,0.0,0
206,62782552.58422672,3,0.0,1832377.1188917127,42226812286,32.88195366029581,120.0,3,5.149099994043937e+20,37050997.535296224,84441469615151.0,3084477.186578946,2.5746344384915836e+20,973795.2502178932,8.87666828930378e-10,0,0,1,0.0,0.0,0
207,79125235.57387756,5,0.0,1834514.1905703337,42392687051,52.64686590451746,120.0,6,5.190881529922342e+20,37054057.724507,84543837920991.36,3122399.6077634455,2.595525308799092e+20,973795.2502178932,8.585629984736443e-10,0,0,1,0.0,0.0,0
208,57151244.57574682,4,0.0,1833659.121197979,42580535807,37.862522896111976,120.0,5,5.241150946980939e+20,37138176.63841718,84937454592486.58,3103438.397171196,2.620660410945062e+20,973795.2502178932,9.313225746154785e-10,0,0,1,0.0,0.0,0
209,41853846.85542015,2,0.0,1839453.1878589806,42783681960,37.58527606242073,120.0,3,5.286294668468398e+20,36996973.78871147,84239332239612.97,3084477.1865789467,2.6432315735664388e+20,973795.2502178932,8.731149137020111e-10,0,0,1,0.0,0.0,0
210,84257415.79080486,5,0.0,1841590.2595376014,42944424544,49.04369359918021,120.0,5,5.326620348360552e+20,37000033.977922246,84281683023770.84,3122399.607763446,2.6633944558632996e+20,1053985.566107382,9.167706593871117e-10,0,0,1,0.0,0.0,0
211,74287286.29052421,4,0.0,1835525.1808345828,43115137258,33.57717439712788,120.0,5,5.374673332990439e+20,37271713.22773633,85057531796763.86,3103438.3971711965,2.6874217240270163e+20,1053985.566107382,9.313225746154785e-10,0,0,1,0.0,0.0,0
212,52118207.28927474,2,0.0,1839091.7387208757,43308019050,33.74410426383604,120.0,3,5.41633825255637e+20,37210700.69392012,84616841141538.78,3084477.186578947,2.7082537431193266e+20,1053985.566107382,8.585629984736443e-10,0,0,1,0.0,0.0,0
213,84257415.79080486,5,0.0,1841228.8103994967,43468761635,48.40378525873899,120.0,5,5.457158436645159e+20,37213760.88313089,84714180962550.34,3122399.6077634464,2.728663932503542e+20,1053985.566107382,8.585629984736443e-10,0,0,1,0.0,0.0,0
214,79419466.5074515,4,0.0,1832936.22292177,43634342169,32.97538361378199,120.0,5,5.504926189435807e+20,37565630.448834464,85744382230279.2,3103438.397171197,2.7525488391001335e+20,1053985.566107382,8.585629984736443e-10,0,0,1,0.0,0.0,0
215,52104757.06711981,2,0.0,1836502.780808063,43827237412,33.73704690771976,120.0,3,5.547105317604451e+20,37504617.91501825,85394300754380.31,3084477.1865789476,2.77363805310298e+20,1053775.4063862113,8.87666828930378e-10,0,0,1,0.0,0.0,0
216,84243965.56864992,5,0.0,1838639.852486684,43987993446,48.66755515919232,120.0,5,5.5884217519831174e+20,37520771.347493015,85540540828578.38,3122399.607763447,2.7942964165323873e+20,1053775.4063862113,9.822542779147625e-10,0,0,1,0.0,0.0,0
217,79416525.68591902,4,0.0,1830350.822093091,44153576919,32.79336680987601,120.0,5,5.636762760478827e+20,37872512.85816778,86601502754980.5,3103438.3971711975,2.8184679817421685e+20,1054359.9352132785,1.1932570487260818e-09,0,0,1,0.0,0.0,0
218,52053897.00003257,2,0.0,1833955.6915731425,44346523022,35.616157387625,120.0,3,5.679471400011764e+20,37864160.30738831,86331935662068.64,3084477.186578948,2.8398220319415442e+20,1054359.9352132785,1.2223608791828156e-09,0,0,1,0.0,0.0,0
219,82082936.14460734,5,0.0,1837095.6576978448,44509440087,55.90494608942139,120.0,6,5.722222090113332e+20,37886737.54319311,86366979115808.55,3122399.6077634473,2.861197412035782e+20,1054359.9352132785,1.0586518328636885e-09,0,0,1,0.0,0.0,0
220,93387421.61757882,5,0.0,1819710.9919320778,44661052664,31.137209380579037,120.0,5,5.7654610753289735e+20,38565483.53064585,88445045399957.56,3103438.397171198,2.8828189827098866e+20,1054359.9352132785,1.0732037480920553e-09,0,0,1,0.0,0.0,0
221,40468489.56200921,2,0.0,1822652.0950182911,44865584175,28.111493089605975,120.0,3,5.813404027966149e+20,38526987.369632505,87693418997324.95,3084477.1865789485,2.906789707402072e+20,1054359.9352132785,1.0877556633204222e-09,0,0,1,0.0,0.0,0
222,76957839.87430385,5,0.0,1828016.4952880908,45033626335,51.4372557844359,120.0,6,5.8587620443899875e+20,38413863.729560845,87372969882462.95,3122399.607763448,2.929468395164876e+20,1054359.9352132785,1.0913936421275139e-09,0,0,1,0.0,0.0,0
223,98512517.88788229,5,0.0,1807295.178304678,45180113818,32.25583131131336,120.0,5,5.9004015955159115e+20,39212729.160848826,90023196853246.47,3103438.3971711984,2.950290820954809e+20,1054359.9352132785,1.0586518328636885e-09,0,0,1,0.0,0.0,0
224,40468489.56200921,2,0.0,1810236.2813908914,45384645327,37.31284962661719,120.0,4,5.948908399688527e+20,39174232.99983548,89365352215672.05,3084477.186578949,2.974543565196479e+20,1054359.9352132785,1.0877556633204222e-09,0,0,1,0.0,0.0,0
225,75469225.07650465,5,0.0,1815600.6816606906,45554176103,51.39276610688173,120.0,6,5.994924556694503e+20,39061109.35976382,89036222076532.67,3122399.6077634483,2.997551314569328e+20,1031100.3289976661,1.1314114090055227e-09,0,0,1,0.0,0.0,0
226,45492730.23381763,2,0.0,1821407.1795992563,45753683373,36.427706942803994,120.0,3,6.049224470041555e+20,38904973.45386059,88264181387722.25,3109253.2987251016,3.024700499202165e+20,1031100.3289976661,1.153239281848073e-09,0,0,1,0.0,0.0,0
227,43428513.539380014,3,0.0,1831690.618084463,45955254859,43.268848352510396,120.0,4,6.105469014913783e+20,38602153.218483485,87064288799257.03,3096106.989686755,3.0528215717456904e+20,1043216.527411592,1.2150849215686321e-09,0,0,1,0.0,0.0,0
228,62395630.139456175,4,0.0,1843065.8827794096,46137859229,52.82391118327483,120.0,4,6.153264662052834e+20,38324737.98002616,86020812144441.34,3082960.6806484084,3.0767183518385616e+20,1043216.527411592,1.2223608791828156e-09,0,0,1,0.0,0.0,0
229,56178937.884737834,3,0.0,1844570.8308254278,46326680291,36.34119006063985,120.0,4,6.207574459300568e+20,38379079.11690758,85934131291773.11,3122399.607763448,3.103873163781576e+20,1043216.527411592,1.1932570487260818e-09,0,0,1,0.0,0.0,0
230,27302856.346856534,2,0.0,1858608.8003722623,46544377434,40.51909241337608,120.0,3,6.266128668429024e+20,37996717.00996484,84302025432819.27,3109253.298725101,3.133148636239945e+20,1043216.527411592,1.1896190699189901e-09,0,0,1,0.0,0.0,0
231,85795993.27338478,5,0.0,1867062.663058688,46703581441,54.36906354752625,120.0,6,6.312152930869293e+20,37827993.9695476,83693168114650.44,3096106.9896867545,3.156160158602761e+20,1120861.3920886375,1.2696546036750078e-09,0,0,1,0.0,0.0,0
232,39770735.09152986,2,0.0,1877846.0286969533,46908810706,38.3293735633529,120.0,3,6.368943195866369e+20,37528900.85693884,82579374068151.55,3082960.680648408,3.1845541773072525e+20,1120861.3920886375,9.713403414934874e-10,0,0,1,0.0,0.0,0
233,85563738.60389444,5,0.0,1879991.126596592,47068246969,40.71029010733083,120.0,5,6.41548611456488e+20,37531672.10219297,82436811549473.03,3122399.6077634473,3.20782549409399e+20,1137745.7579828787,1.0477378964424133e-09,0,0,1,0.0,0.0,0
234,47196943.94122631,3,0.0,1883958.0676428783,47266050024,27.60734645381266,120.0,3,6.472032597869907e+20,37437250.704798594,82234777976716.25,3109253.2987251007,3.2360985337129304e+20,1137745.7579828787,1.0477378964424133e-09,0,0,1,0.0,0.0,0
235,81442134.32649574,5,0.0,1891707.903669137,47429607890,45.090017841166954,120.0,5,6.520746402182516e+20,37213877.85450625,81605432817363.84,3096106.989686754,3.260454806524075e+20,1137745.7579828787,1.0622898116707802e-09,0,0,1,0.0,0.0,0
236,28478078.28631404,2,0.0,1907861.6062095065,47646129811,27.737008000200422,120.0,2,6.580556554785042e+20,36696833.060033455,79909294638581.1,3082960.6806484074,3.2903581866871593e+20,1137745.7579828787,1.0732037480920553e-09,0,0,1,0.0,0.0,0
237,85921960.838251,5,0.0,1913835.740340014,47805207850,44.53707374454979,120.0,5,6.627720208109386e+20,36617380.24762926,79616927100509.55,3122399.607763447,3.3139397209817933e+20,1137745.7579828787,1.051375875249505e-09,0,0,1,0.0,0.0,0
238,42717117.42947106,2,0.0,1923822.9548366517,48007490733,27.48323197496112,120.0,2,6.685385473764411e+20,36346702.54571899,78873132190936.0,3109253.2987251002,3.3427716100143966e+20,1138237.175020359,1.000444171950221e-09,0,0,1,0.0,0.0,0
239,81567937.08809069,5,0.0,1931559.1403896469,48170922795,44.562638665938415,120.0,5,6.734888750967845e+20,36148194.63545229,78389917547264.42,3096106.9896867536,3.36752276540147e+20,1138237.175020359,1.0040821507573128e-09,0,0,1,0.0,0.0,0
240,86773327.35678408,2,0.0,1906036.2259559561,48329149469,21.70840673258938,120.0,2,6.790680574443654e+20,37175227.47282558,81120256170334.84,3082960.680648407,3.395421407477997e+20,1114924.9403117714,1.2078089639544487e-09,0,0,1,0.0,0.0,0
241,104078083.2890063,5,0.0,1900433.4186921555,48470071385,45.84684523377521,120.0,6,6.833472563059809e+20,37426721.722298235,82084521236868.94,3122399.6077634464,3.4168183660511416e+20,1114924.9403117714,1.2187229003757238e-09,0,0,1,0.0,0.0,0
242,30676860.82553494,1,0.0,1911431.6371315767,48684394525,21.216028566208553,120.0,1,6.895935482371066e+20,37089200.55054014,81029188414518.08,3109253.2987251,3.448048770373947e+20,1114924.7894176706,7.821654435247183e-10,0,0,1,0.0,0.0,0
243,97302836.70030373,5,0.0,1917223.4493473424,48832091686,60.70548422123769,120.0,6,6.942102683129276e+20,37004655.209712386,81011261718424.86,3096106.989686753,3.4711323528263565e+20,1114924.7894176706,7.894414011389017e-10,0,0,1,0.0,0.0,0
244,68918029.19095716,2,0.0,1903325.0737988593,49008173658,21.876335804033484,120.0,2,6.999212673847299e+20,37587784.90678351,82990173982091.11,3082960.6806484065,3.499689327097631e+20,1114924.7894176706,7.967173587530851e-10,0,0,1,0.0,0.0,0
245,78583971.04539147,4,0.0,1914319.9916688253,49174589687,60.59526102227037,120.0,5,7.054204230006253e+20,37266134.574428715,82386377455466.33,3122399.607763446,3.527184501380582e+20,1114924.7894176706,7.8580342233181e-10,0,0,1,0.0,0.0,0
246,74889838.72406203,3,0.0,1900595.9731202552,49344699849,24.293416833201263,120.0,3,7.105268816832773e+20,37842987.41950299,84272645946066.2,3109253.2987250993,3.552718681062333e+20,1114924.7894176706,7.8580342233181e-10,0,0,1,0.0,0.0,0
247,78583971.04539147,4,0.0,1914512.2929987428,49511115877,75.55470130881983,120.0,5,7.160688799928244e+20,37457565.23831153,83435756746241.14,3096106.9896867527,3.580427835720868e+20,1114924.7894176706,7.8580342233181e-10,0,0,1,0.0,0.0,0
248,69192256.79376385,3,0.0,1904530.6791001123,49686923622,24.424089997799964,120.0,3,7.219441464278077e+20,37899691.515987955,84979260390630.9,3122399.6077634455,3.609805711399429e+20,1160626.6391546081,7.930793799459934e-10,0,0,1,0.0,0.0,0
249,83841016.24503696,4,0.0,1914513.3891504249,49848082605,60.67057423133599,120.0,5,7.268053004632098e+20,37649636.2543487,84326567306608.23,3097827.8362908647,3.634110828883356e+20,1160626.6391546081,9.49512468650937e-10,0,0,1,0.0,0.0,0
250,75042093.56009185,3,0.0,1906114.3972450076,50018040512,28.097854275205435,120.0,3,7.326683349219974e+20,38078271.86084514,85839054970815.05,3073256.064818284,3.663427513664957e+20,1161574.1015486612,9.458744898438454e-10,0,0,1,0.0,0.0,0
251,83993271.08106679,4,0.0,1916057.3428670173,50179047239,60.62602884893342,120.0,5,7.382448976080218e+20,37794492.52941678,85358343745295.14,3122399.607763446,3.691309846383854e+20,1161574.1015486612,7.930793799459934e-10,0,0,1,0.0,0.0,0
252,74889838.72406203,3,0.0,1903629.1385443078,50349157401,25.184231037089766,120.0,3,7.43475142073024e+20,38337948.189093664,87126013253605.4,3097827.836290865,3.717462836378373e+20,1161574.1015486612,7.967173587530851e-10,0,0,1,0.0,0.0,0
253,83993263.88506746,4,0.0,1917681.2696642326,50510164136,75.5828923816252,120.0,5,7.490939237170948e+20,37949610.032935195,86273693866285.61,3073256.0648182845,3.7455558922793406e+20,1162074.0944193741,1.0986695997416973e-09,0,0,1,0.0,0.0,0
254,75055199.8461613,3,0.0,1905198.0300813925,50680108937,26.34705931403232,120.0,3,7.550514338987601e+20,38482518.59098492,88313328752983.22,3122399.6077634464,3.7753454828225534e+20,1162278.9925766988,1.1423253454267979e-09,0,0,1,0.0,0.0,0
255,83841001.8530383,4,0.0,1915226.6419611382,50841267937,60.65735495425899,120.0,5,7.600254518731348e+20,38208683.69435937,87626979281102.28,3097827.8362908657,3.800214886344955e+20,1162278.9925766988,1.1459633242338896e-09,0,0,1,0.0,0.0,0
256,75068320.5242294,3,0.0,1906830.1555156116,51011199616,36.285541397300285,120.0,4,7.660284796877342e+20,38637841.020770036,89324972326019.22,3073256.064818285,3.830231723410997e+20,1162278.9925766988,1.3169483281672e-09,0,0,1,0.0,0.0,0
257,83993256.68906812,4,0.0,1916792.6845672193,51172206359,60.666980313664865,120.0,5,7.717350224491803e+20,38353356.657766774,88927576919810.61,3122399.607763447,3.858764039822821e+20,1162278.9925766988,1.1641532182693481e-09,0,0,1,0.0,0.0,0
258,63285311.024272434,3,0.0,1911939.0916053941,51353921048,27.406068264353806,120.0,4,7.772718972066698e+20,38624626.38565064,89927619738832.56,3097827.836290866,3.886449413653088e+20,1162278.9925766988,1.1386873666197062e-09,0,0,1,0.0,0.0,0
259,108371060.27880335,5,0.0,1910125.9500236984,51490549987,55.19177787029649,120.0,7,7.81854650902015e+20,38807438.04675052,90553064800204.42,3073256.0648182854,3.909363807574875e+20,1162278.9925766988,1.1350493878126144e-09,0,0,1,0.0,0.0,0
260,36502914.22355169,2,0.0,1922671.8658296077,51699047073,28.666833989071865,120.0,2,7.884697618865838e+20,38438667.110734046,89752118941213.25,3122399.6077634473,3.9424385615518604e+20,1159759.3922917466,6.584741640836e-10,0,0,1,0.0,0.0,0
261,83841001.8530383,4,0.0,1932630.4888125488,51860206071,51.87206331862635,120.0,4,7.935543143113973e+20,38166092.01425097,89101107922771.48,3097827.8362908666,3.967860672664909e+20,1159759.3922917466,6.766640581190586e-10,0,0,1,0.0,0.0,0
262,44032614.47886489,2,0.0,1944369.5512601691,52061173456,36.06843778072253,120.0,2,7.999739833558388e+20,37868479.88029464,88142283668361.92,3073256.064818286,3.999958059062862e+20,1159759.3922917466,6.657501216977835e-10,0,0,1,0.0,0.0,0
263,102712122.3439804,5,0.0,1942075.3299208884,52203461334,43.18217921283468,120.0,6,8.048984314625213e+20,38025238.53136334,88925550080271.36,3122399.607763448,4.024581082862687e+20,1159759.3922917466,6.912159733474255e-10,0,0,1,0.0,0.0,0
264,38573750.64111759,2,0.0,1948931.2177157449,52409887583,21.389337861535154,120.0,2,8.107357946717611e+20,37864361.90165132,87684476701299.5,3097827.836290867,4.053766657835507e+20,1159759.3922917466,8.076312951743603e-10,0,0,1,0.0,0.0,0
265,83993256.68906812,4,0.0,1962919.0531159784,52570894326,61.53156264876575,120.0,4,8.166084284108586e+20,37477708.4913305,87042512940845.4,3073256.0648182863,4.083129184567234e+20,1159759.3922917466,1.1386873666197062e-09,0,0,1,0.0,0.0,0
266,62751480.133777164,3,0.0,1958376.0588240842,52753142846,31.40429024920394,120.0,4,8.229520081630636e+20,37715422.96869327,88131130932973.69,3122399.6077634483,4.1148481719462514e+20,1159759.3922917466,1.0913936421275139e-09,0,0,1,0.0,0.0,0
267,83841001.8530383,4,0.0,1969004.388022164,52914301845,49.30898337670418,120.0,4,8.28147396314538e+20,37418738.44846523,87555687231815.78,3097827.8362908675,4.140824537259922e+20,1183868.8160367212,1.0841176845133305e-09,0,0,1,0.0,0.0,0
268,44697822.20625161,2,0.0,1977016.931712539,53114604022,25.701536478467727,120.0,2,8.346965894370082e+20,37247195.53969931,86580083625992.39,3073256.064818287,4.173569527268667e+20,1242966.6302924026,1.1386873666197062e-09,0,0,1,0.0,0.0,0
269,97392184.29919598,5,0.0,1982641.898668517,53262211839,43.973408747605866,120.0,5,8.399920032979808e+20,37122455.92713943,86747922125518.28,3122399.6077634487,4.2000467644120295e+20,1215485.0010422848,1.6079866327345371e-09,0,0,1,0.0,0.0,0
270,51959349.2081785,2,0.0,1982577.6696122836,53455252490,31.504021862700665,120.0,3,8.465559381647402e+20,37202527.37101916,87451021515029.45,3097827.836290868,4.232867141845216e+20,1215485.0010422848,1.469743438065052e-09,0,0,1,0.0,0.0,0
271,98248966.75858484,5,0.0,1991898.7634802775,53602003523,51.15071410216586,120.0,5,8.518444855573875e+20,36967849.05196812,87258892999475.39,3073256.0648182873,4.2593096866799374e+20,1214993.5840048045,1.837179297581315e-09,0,0,1,0.0,0.0,0
272,59016433.6565658,3,0.0,1985716.9701987128,53787987090,21.68641239049777,120.0,3,8.583565743515366e+20,37268152.80795978,88004796246762.36,3122399.607763449,4.29187087655393e+20,1214993.5840048045,1.6043486539274454e-09,0,0,1,0.0,0.0,0
273,64997697.345805846,3,0.0,2004531.0522532181,53967989392,62.2246438200332,120.0,3,8.646089337579391e+20,36661129.35808549,87171775602262.14,3097827.8362908685,4.323131840565298e+20,1185101.4644763048,1.3387762010097504e-09,0,0,1,0.0,0.0,0
274,61682976.445413455,3,0.0,2009313.3137690946,54151306415,41.250618219998536,120.0,4,8.704204531471248e+20,36582373.309943244,86876524227238.5,3073256.0648182877,4.3521891422598516e+20,1185101.4644763048,1.3715180102735758e-09,0,0,1,0.0,0.0,0
275,96949834.53552413,5,0.0,2011421.1103939856,54299356580,46.269736489194415,120.0,6,8.758477326747861e+20,36609108.396468855,87648459258135.98,3122399.6077634497,4.3793263118331884e+20,1185101.4644763048,1.4915713109076023e-09,0,0,1,0.0,0.0,0
276,0.0,0,24571.771472580855,2044340.5974045778,54544356580,0.0,0.0,0,8.83218278618086e+20,35734767.00301403,84982023895764.9,3097827.836290869,4.416176375114326e+20,1185101.5323813215,1.4260876923799515e-09,0,0,1,0.0,0.0,0
277,99606774.79995202,5,0.0,2052228.9715996576,54689749806,51.62432267522786,120.0,5,8.885495270874461e+20,35682372.713793255,85141753052674.77,3073256.064818288,4.442832777190283e+20,1185101.5323813215,1.4297256711870432e-09,0,0,1,0.0,0.0,0
278,62426143.45130103,3,0.0,2048601.7333760436,54872323663,26.024767865340834,120.0,3,8.95175389451174e+20,35947786.57069372,86229139757798.16,3122399.60776345,4.475963176395628e+20,1185101.5322542659,9.713403414934874e-10,0,0,1,0.0,0.0,0
279,64999061.25508061,3,0.0,2067415.521326014,55052324601,63.19724274485586,120.0,3,9.01561704713561e+20,35603196.834749565,85619842781757.88,3097827.8362908694,4.507894143410587e+20,1185101.5322542659,9.604264050722122e-10,0,0,1,0.0,0.0,0
280,71142717.54539952,3,0.0,2057695.1832660043,55226181883,35.46585729711438,120.0,4,9.07405790036344e+20,36046534.388315484,86356927117852.38,3073256.0648182887,4.537115307108838e+20,1185101.5322542659,9.567884262651205e-10,0,0,1,0.0,0.0,0
281,97774620.4475512,5,0.0,2054788.1812856384,55373407264,47.21149534985268,120.0,7,9.128747221096846e+20,36267836.34792481,87731727131492.28,3122399.6077634506,4.5644613422755545e+20,1185101.5322542659,9.349605534225702e-10,0,0,1,0.0,0.0,0
282,0.0,0,24204.413883392754,2087707.6682927012,55618407264,0.0,0.0,0,9.20397850601731e+20,35543066.18341567,85226923732994.6,3097827.83629087,4.602074479932388e+20,1185101.5322542659,9.531504474580288e-10,0,0,1,0.0,0.0,0
283,98728909.00971808,5,0.0,2095854.8592673247,55764678353,60.425971266463385,120.0,6,9.2585607406425e+20,35516896.30486167,85441166750619.27,3073256.064818289,4.6293658114880006e+20,1187560.6439111969,1.8299033399671316e-09,0,0,1,0.0,0.0,0
284,54429635.869266324,3,0.0,2097501.989324568,55955248719,25.174809230263946,120.0,3,9.327441528202968e+20,35642792.3654146,86056004498680.75,3122399.607763451,4.663806820105983e+20,1187560.6439111969,1.8444552551954985e-09,0,0,1,0.0,0.0,0
285,45253561.70261863,2,0.0,2120669.1335776094,56154995157,60.47931040581716,120.0,2,9.395987106219847e+20,35289436.98893586,84777199165156.08,3097827.8362908703,4.6980783303090884e+20,1187560.6439111969,1.82626536116004e-09,0,0,1,0.0,0.0,0
286,53478838.38173458,3,0.0,2138636.2183517087,56346516318,50.37665047328962,120.0,4,9.458654256740081e+20,34959557.73047747,83874129342806.8,3073256.0648182896,4.729411002499383e+20,1187560.6439111969,1.837179297581315e-09,0,0,1,0.0,0.0,0
287,98732400.0843532,5,0.0,2135177.001024168,56492783918,41.187612862711646,120.0,6,9.513992196937237e+20,35351218.55080135,85384369276498.17,3122399.6077634515,4.757081482837895e+20,1187560.6439111969,1.8299033399671316e-09,0,0,1,0.0,0.0,0
288,0.0,0,20490.36119772185,2168164.796688368,56737783918,0.0,0.0,0,9.590783911829629e+20,34665586.89518697,83031027108350.9,3097827.836290871,4.795474986941923e+20,1187560.6439111969,1.82626536116004e-09,0,0,1,0.0,0.0,0
289,98732400.0843532,5,0.0,2176311.2300513084,56884051517,59.525229394059494,120.0,6,9.646507048663558e+20,34689251.087530285,83312555090499.53,3073256.06481829,4.8233368368868694e+20,1187560.6439111969,1.8299033399671316e-09,0,0,1,0.0,0.0,0
290,48890764.79560924,3,0.0,2184664.0155177936,57080160754,33.95456639245508,120.0,4,9.717702916681143e+20,34770980.979062706,83711638651510.8,3122399.607763452,4.858935169979223e+20,1187560.6439111969,1.8590071704238653e-09,0,0,1,0.0,0.0,0
291,49584581.809185356,2,0.0,2208771.0512870164,57275576171,60.41057034897635,120.0,2,9.786696920441907e+20,34446533.76964291,82438715617597.2,3097827.8362908713,4.893430898936571e+20,1255232.833076302,1.331500243395567e-09,0,0,1,0.0,0.0,0
292,70560398.48874451,4,0.0,2217497.1117321453,57450015772,43.33990086232644,120.0,5,9.848997457518218e+20,34358994.84517239,82288472180446.25,3073256.0648182905,4.92458101723129e+20,1255232.833076302,1.342414179816842e-09,0,0,1,0.0,0.0,0
293,93770143.3498746,5,0.0,2210417.1061468963,57601245629,31.123561229714095,120.0,5,9.906690757128884e+20,34749260.99056719,83709370633415.11,3122399.6077634525,4.9534290879350755e+20,1237563.9145142548,7.530616130679846e-10,0,0,1,0.0,0.0,0
294,17081560.107009932,1,0.0,2233673.074188736,57829164069,20.684517205570646,120.0,1,9.983384998763965e+20,34215410.06355851,82131297509565.16,3097827.8362908717,4.991774630679492e+20,1237563.9145142548,7.34871719032526e-10,0,0,1,0.0,0.0,0
295,88051259.33702184,5,0.0,2245526.4431819976,57986112811,55.362574809203636,120.0,6,1.0042384842994848e+21,34119801.79143877,82113345796552.78,3073256.064818291,5.0212745348432206e+20,1237563.9145142548,9.713403414934874e-10,0,0,1,0.0,0.0,0
296,68681240.41420509,4,0.0,2246386.7166460613,58162431570,34.18391451767665,120.0,5,1.0110834372721148e+21,34438373.362650715,83418417630944.8,3122399.607763453,5.055500604778205e+20,1237563.9145142548,1.291482476517558e-09,0,0,1,0.0,0.0,0
297,34572420.955287255,2,0.0,2273260.796536619,58372859149,60.373666699128144,120.0,2,1.0184359484768285e+21,34009058.79870835,81910831580517.25,3097827.836290872,5.092261653215723e+20,1237563.914773274,1.4042598195374012e-09,0,0,1,0.0,0.0,0
298,69180138.8792342,4,0.0,2281795.5891938936,58548679010,43.33598108714201,120.0,5,1.0248167179237645e+21,33928405.511584096,81858121750770.05,3073256.0648182915,5.1241654477405736e+20,1237563.914773274,1.4042598195374012e-09,0,0,1,0.0,0.0,0
299,89930417.46129294,5,0.0,2276048.543954119,58703748593,30.909165750431363,120.0,5,1.0307618081450272e+21,34264600.56059097,83123714480919.16,3122399.6077634534,5.153892164439617e+20,1213225.8243553312,1.0622898116707802e-09,0,0,1,0.0,0.0,0
300,31042566.743636105,2,0.0,2295598.7215929707,58917706026,45.53644505842265,120.0,3,1.0383373418818115e+21,33854898.87717792,82177920427882.81,3097827.8362908727,5.191768887329485e+20,1213225.8243553312,1.0877556633204222e-09,0,0,1,0.0,0.0,0
301,69180138.89581142,4,0.0,2310741.4108147398,59093525887,48.38693804485136,120.0,4,1.0446914165111909e+21,33629695.45246262,81495128106395.86,3073256.064818292,5.223538577684061e+20,1208548.8146820883,1.204170985147357e-09,0,0,1,0.0,0.0,0
302,70560398.5384762,4,0.0,2309980.102458695,59267965488,34.173480538004306,120.0,5,1.0516402231828067e+21,33992136.419217624,83016139131132.33,3122399.607763454,5.258284132053165e+20,1208548.8146820883,1.3787939678877592e-09,0,0,1,0.0,0.0,0
303,53443515.243642636,3,0.0,2319667.020678675,59459521972,30.83624333825027,120.0,3,1.0588006597029024e+21,33976421.78997204,82720435428565.75,3097827.836290873,5.2940860189499405e+20,1208548.405266671,1.6261765267699957e-09,0,0,1,0.0,0.0,0
304,51689278.04754858,3,0.0,2331191.5866862726,59652832695,30.58196315287518,120.0,3,1.065622168105252e+21,33823823.12789674,82055164699295.73,3094377.094125307,5.32819289569096e+20,1208548.4052668973,1.6334524843841791e-09,0,0,1,0.0,0.0,0
305,88051206.98163798,5,0.0,2330633.3299613195,59809781489,36.98222749783924,120.0,6,1.0717191253800721e+21,34152113.50232681,83533556749064.0,3209528.6640413026,5.358679160457109e+20,1208548.4052668973,1.5679688658565283e-09,0,0,1,0.0,0.0,0
306,35341651.071233034,2,0.0,2349120.6182835666,60019439838,45.62676374285173,120.0,3,1.0793665921453714e+21,33935973.96083422,82814804159766.45,3243974.4492895943,5.396915775531017e+20,1208548.4052668973,1.6298145055770874e-09,0,0,1,0.0,0.0,0
307,69180086.49068141,4,0.0,2364263.3075053324,60195259751,48.37246243103306,120.0,4,1.0858453999783473e+21,33777032.19330214,82159140721736.06,3211695.3903698786,5.4293091590324584e+20,1208548.4052668973,1.57160684466362e-09,0,0,1,0.0,0.0,0
308,64881054.56833031,4,0.0,2370346.343060853,60375378695,34.799050278900225,120.0,5,1.0930341898400228e+21,33893076.77924079,82815279124776.03,3319856.4900360825,5.465253764479239e+20,1263144.691896533,1.5752448234707117e-09,0,0,1,0.0,0.0,0
309,61593454.071203604,3,0.0,2387719.673282002,60558785241,57.55924062393875,120.0,4,1.1002443684080994e+21,33829671.99168923,82776847302024.14,3365830.403118306,5.501304618887799e+20,1263144.691896533,1.6261765267699957e-09,0,0,1,0.0,0.0,0
310,51689278.04757753,3,0.0,2400760.802807084,60752095964,30.66998529671344,120.0,3,1.1071988587749438e+21,33629467.51323425,81994335275286.69,3400276.1883665975,5.5360762882099944e+20,1263144.691896533,1.862645149230957e-09,0,0,1,0.0,0.0,0
311,95039531.67026031,5,0.0,2404297.8413275583,60902056432,43.61565514437842,120.0,6,1.1133451507516029e+21,33810327.25882878,82976477635936.47,3441712.443864794,5.566808730235651e+20,1263144.691896533,1.5752448234707117e-09,0,0,1,0.0,0.0,0
312,34929139.31357029,2,0.0,2420506.447918422,61112127293,33.17650305776945,120.0,3,1.1211482352241245e+21,33675802.89515107,82711458801307.83,3545875.335388712,5.605823887579424e+20,1262727.3273816572,1.7898855730891228e-09,0,0,1,0.0,0.0,0
313,76213429.46608806,4,0.0,2435647.313274935,61280913864,48.35639693662658,120.0,4,1.1276820415152862e+21,33516333.569570396,82097639525305.56,3513596.2764689964,5.6384923052159566e+20,1263430.7381131144,2.1391315385699272e-09,0,0,1,0.0,0.0,0
314,70740471.68581612,4,0.0,2440447.180476421,61455173391,36.63947869490325,120.0,5,1.1349010800843977e+21,33678363.533996835,83067345134086.88,3622109.081500929,5.6745884677671223e+20,1263430.7381131144,2.1391315385699272e-09,0,0,1,0.0,0.0,0
315,59318235.87164101,3,0.0,2457623.9728663373,61640855155,54.46125374778963,120.0,4,1.1422922957654192e+21,33578144.66372249,82983185444599.66,3659195.4234911106,5.7115444620125405e+20,1220519.045603987,1.04046193882823e-09,0,0,1,0.0,0.0,0
316,65560631.850226715,4,0.0,2460824.5627762945,61820294523,27.571268557421778,120.0,4,1.1491213872764327e+21,33547254.947442442,82882045311815.3,3693641.2087394022,5.745689818427475e+20,1231884.8883072673,1.877197064459324e-09,0,0,1,0.0,0.0,0
317,95309641.3911399,5,0.0,2463405.347077857,61969984883,44.05230837264442,120.0,6,1.1553807976122379e+21,33721530.71091971,83949390483310.23,3735605.0222861916,5.776987937451673e+20,1231884.8883072673,1.877197064459324e-09,0,0,1,0.0,0.0,0
318,17081560.107009932,1,0.0,2486503.5643917243,62197903323,22.180177878225212,120.0,1,1.163665711934347e+21,33307434.511408027,82469721451244.78,3770050.8075344833,5.8184110293931865e+20,1231884.8883072673,1.8808350432664156e-09,0,0,1,0.0,0.0,0
319,95309641.3911399,5,0.0,2492499.4089037,62347593680,47.4515307245863,120.0,6,1.169965105820709e+21,33456928.40006451,83319934542460.58,3812014.6210812726,5.849908849038087e+20,1231884.8883072673,1.888111000880599e-09,0,0,1,0.0,0.0,0
320,70830508.25944264,4,0.0,2496393.693718991,62521763173,43.176430429579845,120.0,6,1.1773183361750974e+21,33635786.40549106,84376645481119.69,3920703.2787960693,5.886676057520968e+20,1231884.8883072673,1.888111000880599e-09,0,0,1,0.0,0.0,0
321,41560693.238707185,2,0.0,2521593.4707295424,62725202480,60.31725567725897,120.0,2,1.1851842379651634e+21,33271053.923619024,83052902000358.69,3888424.2198763536,5.926004242727818e+20,1231884.8883072673,1.8808350432664156e-09,0,0,1,0.0,0.0,0
322,70830508.25944264,4,0.0,2521363.4089282057,62899371973,31.215005198489955,120.0,5,1.1920413760600875e+21,33349022.5089185,83187917598397.0,3922870.0051246453,5.960290068218036e+20,1231894.1550416718,9.204086381942034e-10,0,0,1,0.0,0.0,0
323,91222564.6580305,5,0.0,2529133.4156815484,63053149407,58.89766382980542,120.0,7,1.1984697171472162e+21,33489771.988308042,84156566598240.39,3948868.6751827262,5.992432742302679e+20,1231894.1550416718,9.204086381942034e-10,0,0,1,0.0,0.0,0
324,17081560.107009932,1,0.0,2559645.7619789275,63281067846,60.28798209748069,120.0,1,1.2066523952779902e+21,32957462.593198452,82215345718904.58,3916589.6162630105,6.03334419173567e+20,1231894.1550416718,9.240466170012951e-10,0,0,1,0.0,0.0,0
325,92782598.4255921,5,0.0,2566707.5862500286,63433285247,54.259390303170974,120.0,6,1.213116516154209e+21,33104947.772110373,82966157731363.06,3948868.6751827262,6.065665546928775e+20,1231148.127213281,9.240466170012951e-10,0,0,1,0.0,0.0,0
326,51133821.51325764,3,0.0,2583268.3635610016,63627151426,42.556420311556245,120.0,4,1.220050856263483e+21,32942760.279898997,82384148071289.44,3916589.6162630105,6.100336665465487e+20,1241555.2989170898,1.1350493878126144e-09,0,0,1,0.0,0.0,0
327,70048769.77053423,4,0.0,2599912.5725391344,63802102657,70.33554201109548,120.0,6,1.2275959918852257e+21,32911090.84839096,82474763138221.5,3944700.4556545075,6.138062434189266e+20,1267227.3336674822,1.1423253454267979e-09,0,0,1,0.0,0.0,0
328,47489430.34477373,3,0.0,2621392.405637025,63999613226,60.27278231758926,120.0,4,1.2346420734605077e+21,32633288.43163798,81469058239024.58,3912421.396734792,6.173291836360777e+20,1267227.3336674822,1.1386873666197062e-09,0,0,1,0.0,0.0,0
329,86587567.66365613,5,0.0,2627463.2516792235,64158025659,52.83782669092496,120.0,7,1.2412725375346923e+21,32779312.60735975,82120281962024.89,3937247.8229212677,6.206444807955424e+20,1255111.1352535565,1.2114469427615404e-09,0,0,1,0.0,0.0,0
330,31752832.895191662,2,0.0,2645885.0342427474,64371272826,24.547662743180883,120.0,2,1.2493157095722939e+21,32550497.001018416,80861625750187.16,3904968.764001552,6.24665940948722e+20,1255111.1352535565,1.2223608791828156e-09,0,0,1,0.0,0.0,0
331,86692104.86564931,5,0.0,2655325.5684458823,64529580721,54.05701483008842,120.0,7,1.2559835203492205e+21,32636683.486733895,81394646452405.56,3930203.538633314,6.279998996392555e+20,1255111.1352535565,1.2259988579899073e-09,0,0,1,0.0,0.0,0
332,77572967.02680868,5,0.0,2665779.3144308133,64697007754,41.01746061323482,120.0,6,1.2627675177195935e+21,32650047.5411742,81581124519344.55,3948868.6751827267,6.313919169722487e+20,1330146.3864424538,1.1568772606551647e-09,0,0,1,0.0,0.0,0
333,63465928.325311445,4,0.0,2682587.0973220808,64878541825,40.386217392502694,120.0,4,1.2705149857910998e+21,32440785.0765025,80705517198650.39,3916589.616263011,6.352655634472698e+20,1330146.3864424538,1.1568772606551647e-09,0,0,1,0.0,0.0,0
334,79551168.2299048,5,0.0,2694616.2135917963,65043990657,45.05343414851021,120.0,5,1.2773084652110157e+21,32439406.38818699,80990255052676.75,3948868.6751827267,6.386623316310131e+20,1306600.090759618,1.0695657692849636e-09,0,0,1,0.0,0.0,0
335,77695562.85119203,5,0.0,2704266.844177754,65211295094,38.92524766643183,120.0,5,1.2841442920470371e+21,32421231.786811356,80825427935758.3,3916589.616263011,6.420802285663122e+20,1306600.090759618,1.0695657692849636e-09,0,0,1,0.0,0.0,0
336,67066988.76299518,4,0.0,2723801.8907505297,65389228105,50.911783668078904,120.0,4,1.2918667540609837e+21,32283418.135163106,80701253851077.66,3948868.6751827267,6.45941447155877e+20,1357419.1217388748,8.003553375601768e-10,0,0,1,0.0,0.0,0
337,80809694.78852877,5,0.0,2734989.29712886,65553418410,37.87987634836892,120.0,5,1.2986610386598447e+21,32188659.114648383,80255221711628.6,3916049.436398418,6.493385448520935e+20,1386253.1750454437,1.2223608791828156e-09,0,0,1,0.0,0.0,0
338,82911912.63261133,5,0.0,2748428.647566241,65715506498,45.808045959117806,120.0,5,1.3054456009936942e+21,32238689.389555007,80853769266970.08,3948868.6751827267,6.527308858737738e+20,1385785.0559001057,1.3387762010097504e-09,0,0,1,0.0,0.0,0
339,65043137.71364506,4,0.0,2766439.6727105994,65895463361,40.362228938165195,120.0,4,1.3132590941463773e+21,32020200.163452353,80001136676600.56,3916049.436398418,6.566375471868563e+20,1385785.0559001057,1.076841726899147e-09,0,0,1,0.0,0.0,0
340,82911912.63261133,5,0.0,2779879.023147981,66057551448,44.702402139485464,120.0,5,1.320081942665697e+21,32007854.286772143,80360224094031.38,3948868.6751827267,6.600490073552578e+20,1385785.0559001057,1.382431946694851e-09,0,0,1,0.0,0.0,0
341,80779735.16322714,5,0.0,2791059.927871514,66221771712,38.51476277000309,120.0,5,1.3269506993652548e+21,31975588.447630584,80205176730383.8,3916049.436398418,6.634833702003004e+20,1385785.0559001057,1.2660166248679161e-09,0,0,1,0.0,0.0,0
342,67175315.18302926,4,0.0,2811329.3987297215,66399596397,50.46698429605678,120.0,4,1.334800777708526e+21,31839395.335576113,80189562389922.47,3948868.6751827267,6.67408407810502e+20,1385785.0559001057,1.2660166248679161e-09,0,0,1,0.0,0.0,0
343,80779735.16322714,5,0.0,2822510.3034532545,66563816662,37.85924560379818,120.0,5,1.3417079422354596e+21,31744753.344847724,79766995739639.55,3916049.436398418,6.708619478173037e+20,1385785.0559001057,1.2660166248679161e-09,0,0,1,0.0,0.0,0
344,82911912.63261133,5,0.0,2835949.6538906363,66725904750,45.30646412935442,120.0,5,1.3486047110872275e+21,31794783.619754348,80472478557845.92,3948868.6751827267,6.743104027914696e+20,1385785.0559001057,1.2660166248679161e-09,0,0,1,0.0,0.0,0
345,65043137.71364506,4,0.0,2853994.709361626,66905861612,40.34269860330027,120.0,4,1.356547678476491e+21,31575069.301892992,79647812936989.19,3915743.163458742,6.782818040195392e+20,1387010.1476588096,1.3533281162381172e-09,0,0,1,0.0,0.0,0
346,83068724.3777254,5,0.0,2867993.8681772742,67067792888,44.63052657564042,120.0,5,1.3634806431330837e+21,31563335.971092135,80103040672637.0,3948868.6751827267,6.817483318706091e+20,1408388.341035131,1.5279510989785194e-09,0,0,1,0.0,0.0,0
347,76329446.58356479,5,0.0,2877485.6812268426,67236463440,38.3214517769611,120.0,5,1.370579705150077e+21,31595871.685825344,80164265467934.95,3927903.8399260337,6.852978690015852e+20,1290209.8761087416,1.648004399612546e-09,0,0,1,0.0,0.0,0
348,45921576.34580098,3,0.0,2896629.6672533713,67435541865,38.379696820508585,120.0,3,1.3788580055134288e+21,31448696.726915844,79634496503287.8,3906939.004669341,6.894369662063647e+20,1290209.8761087416,1.648004399612546e-09,0,0,1,0.0,0.0,0
349,76329446.58356479,5,0.0,2909305.350265653,67604212419,52.25054793548355,120.0,6,1.3859969499316347e+21,31476165.949391056,80151193387290.23,3943283.8287414825,6.93006490085156e+20,1290209.8761087416,1.648004399612546e-09,0,0,1,0.0,0.0,0
350,61658173.79538305,4,0.0,2921619.2158713564,67787554244,36.780986275194714,120.0,4,1.3933076541885238e+21,31515214.37744265,80322502848924.88,3922318.9934847895,6.966618593445468e+20,1290209.8761087416,1.648004399612546e-09,0,0,1,0.0,0.0,0
351,60592849.13398271,4,0.0,2937941.1493417495,67971961395,40.32998287090749,120.0,4,1.4015007788358427e+21,31361526.705214765,79693591100512.66,3901354.1582280966,7.007583587770314e+20,1290209.8761087416,1.9972503650933504e-09,0,0,1,0.0,0.0,0
352,79171625.24576941,5,0.0,2949375.755367088,68137789769,44.728915729039684,120.0,5,1.4086596938986137e+21,31422572.438820694,80421966973001.27,3948868.675182727,7.043378891460042e+20,1289940.1461757347,2.444721758365631e-09,0,0,1,0.0,0.0,0
353,80405413.61469848,5,0.0,2958860.075918518,68302384356,38.32325336700091,120.0,5,1.4156105715313706e+21,31471299.629702237,80507427845393.83,3927971.2724092756,7.078133365084699e+20,1353627.1310372388,2.3537722881883383e-09,0,0,1,0.0,0.0,0
354,63331861.300419,4,0.0,2971427.0815794934,68484052495,36.222460097081374,120.0,4,1.422889892912633e+21,31411598.054214094,80288426958100.17,3907073.869635824,7.114529752990123e+20,1325474.2853647256,8.11269273981452e-10,0,0,1,0.0,0.0,0
355,76770420.01456329,5,0.0,2984890.9367972366,68652282076,52.98388073478613,120.0,6,1.4301130594003787e+21,31498130.222271927,81074964510366.81,3943486.1261912077,7.150646371966405e+20,1325474.2853647256,8.11269273981452e-10,0,0,1,0.0,0.0,0
356,62099147.22638157,4,0.0,2997992.9746084027,68835182927,36.40911671767998,120.0,4,1.437510419915675e+21,31442570.34274412,80826107903094.94,3922588.723417756,7.187632925686278e+20,1325474.2853647256,8.11269273981452e-10,0,0,1,0.0,0.0,0
357,76770420.01456329,5,0.0,3008272.9598634327,69003412508,38.46405038589788,120.0,5,1.4447705202805988e+21,31452202.983337868,80824243389803.17,3901691.3206443046,7.223933425646384e+20,1325474.2853647256,8.11269273981452e-10,0,0,1,0.0,0.0,0
358,79526280.75229996,5,0.0,3020540.6930830604,69168886227,45.07970422340632,120.0,5,1.452011244556484e+21,31540301.376733907,81498963757207.0,3948868.6751827262,7.260137721746177e+20,1325474.217459709,8.11269273981452e-10,0,0,1,0.0,0.0,0
359,76770411.32272118,5,0.0,3030820.6802243404,69337115816,38.46191944749322,120.0,5,1.4593079260006588e+21,31549933.932446387,81512894016017.53,3927971.2724092747,7.29662114289731e+20,1325474.217459709,1.0440999176353216e-09,0,0,1,0.0,0.0,0
360,62099138.534539446,4,0.0,3043914.380974363,69520016677,36.53784119890235,120.0,4,1.466780363800789e+21,31494674.272001028,81269744179289.95,3907148.9201623728,7.333983088748125e+20,1325174.0153535123,1.306034391745925e-09,0,0,1,0.0,0.0,0
361,76770411.32272118,5,0.0,3057369.8991309614,69688246266,53.442006287521075,120.0,6,1.474113979127971e+21,31626832.114919357,82137196030841.5,3943636.2272443054,7.370652032835885e+20,1325174.0153535123,1.3023964129388332e-09,0,0,1,0.0,0.0,0
362,62099138.534539446,4,0.0,3070463.599880984,69871147127,36.86124686592369,120.0,4,1.48162437077335e+21,31572511.920769896,81895082195367.94,3922813.8749974035,7.408203748948945e+20,1325174.0153535123,1.1714291758835316e-09,0,0,1,0.0,0.0,0
363,76770411.32272118,5,0.0,3080735.2480748696,70039376716,38.7190963440823,120.0,5,1.4889949199835382e+21,31586640.50154366,81929348615944.84,3901991.5227505015,7.445056529266307e+20,1325174.0153535123,1.1714291758835316e-09,0,0,1,0.0,0.0,0
364,79430211.73239592,5,0.0,3093036.3389703254,70204946504,45.57465182854521,120.0,5,1.4963469413049e+21,31735418.821431577,82655834096060.36,3948868.6751827262,7.481817362358596e+20,1325174.0153535123,1.1714291758835316e-09,0,0,1,0.0,0.0,0
365,76770411.32272118,5,0.0,3103307.987164212,70373176093,38.71596663094011,120.0,5,1.5037540739711254e+21,31749547.40220534,82705394131266.31,3928046.3229358243,7.518853075249758e+20,1325174.0153535123,1.1568772606551647e-09,0,0,1,0.0,0.0,0
366,62099138.534539446,4,0.0,3116401.6879142337,70556076954,37.0303197704525,120.0,4,1.511339545120875e+21,31695227.20805588,82467735413915.95,3907223.9706889223,7.556780193339788e+20,1325174.0153535123,1.1568772606551647e-09,0,0,1,0.0,0.0,0
367,76770411.32272118,5,0.0,3130235.9705146765,70724306544,54.41724661430611,120.0,6,1.5187836116701078e+21,31867649.246837772,83344449746891.27,3940302.3977762614,7.594001402800286e+20,1338809.5353318874,1.025910023599863e-09,0,0,1,0.0,0.0,0
368,65194327.098820895,4,0.0,3144380.134615721,70904112215,37.734939476514874,120.0,4,1.5263109446430614e+21,31811261.210086703,83121088197859.14,3916071.1655347655,7.631637844303505e+20,1387171.8566487848,1.3205863069742918e-09,0,0,1,0.0,0.0,0
369,66603074.861336365,4,0.0,3161779.8747465396,71082509140,45.291567897011824,120.0,4,1.5339784075295733e+21,31891356.53264632,83600470965806.25,3948868.6751827267,7.669975638118833e+20,1387171.855442072,8.585629984736443e-10,0,0,1,0.0,0.0,0
370,87133559.07682544,5,0.0,3169738.0861671087,71240375581,37.82569420190147,120.0,5,1.5412471048962646e+21,31894059.97170688,83481984553257.48,3924637.4429412307,7.706319006465876e+20,1368065.6377401296,2.3646862246096134e-09,0,0,1,0.0,0.0,0
371,69568638.00723042,4,0.0,3182402.2357436926,71415806943,41.02526001689436,120.0,5,1.5487361121234232e+21,31923424.80015809,83813305656018.25,3900406.2106997347,7.743764373922772e+20,1368065.6377401296,2.3610482458025217e-09,0,0,1,0.0,0.0,0
372,67582067.65716547,4,0.0,3198821.9821695834,71593224877,50.34765544641892,120.0,5,1.556446046721677e+21,31938935.35930083,83999420856528.67,3937174.04316317,7.782314233029241e+20,1367481.1089130624,3.245077095925808e-09,0,0,1,0.0,0.0,0
373,87096149.23189314,5,0.0,3206772.075134221,71751128728,38.73605467484825,120.0,5,1.563768279915179e+21,31993509.6234019,84275781982852.28,3912942.810921674,7.818925675357878e+20,1367481.1089130624,3.2523530535399914e-09,0,0,1,0.0,0.0,0
374,69531228.16228363,4,0.0,3226157.6635868736,71926597499,49.86347077704962,120.0,4,1.5713564685766298e+21,31962956.669872634,84103294373176.6,3888711.578680178,7.856866446177522e+20,1367481.108912836,3.2487150747328997e-09,0,0,1,0.0,0.0,0
375,69531228.16226916,4,0.0,3241731.4202101957,72102066270,51.61670925639101,120.0,5,1.5790951365369505e+21,32077950.817754854,84836101118763.8,3933093.319366675,7.895560518785871e+20,1367481.108912836,3.2523530535399914e-09,0,0,1,0.0,0.0,0
376,84003022.51921184,5,0.0,3249681.5131748645,72263063248,37.82297592860118,120.0,5,1.5866834122729458e+21,32075866.568739954,84778481854004.84,3908862.087125179,7.933501839846583e+20,1319151.0040285483,3.1504896469414234e-09,0,0,1,0.0,0.0,0
377,53353665.97351621,3,0.0,3274746.11008071,72454709582,62.12829257113642,120.0,3,1.5954436410126778e+21,31965502.607484877,84301183597938.77,3884630.854883683,7.977302506246987e+20,1319151.0040285483,3.128661774098873e-09,0,0,1,0.0,0.0,0
378,68340629.11884065,4,0.0,3289494.116847624,72631368954,49.27948860887761,120.0,5,1.603324066239126e+21,32119532.557900444,85120809171240.02,3929012.595570123,8.016705452004801e+20,1319151.0040285483,3.128661774098873e-09,0,0,1,0.0,0.0,0
379,85913876.94315106,5,0.0,3296618.4599558776,72790455076,37.82158692176638,120.0,5,1.610838059801647e+21,32162233.51178911,85126075082269.81,3904781.363328627,8.054275425083317e+20,1319281.109571655,3.1250237952917814e-09,0,0,1,0.0,0.0,0
380,53353665.97351621,3,0.0,3321686.670904588,72982101410,61.700586350130415,120.0,3,1.6196652226176263e+21,32056130.16095845,84653772533770.22,3880550.131087131,8.098410766860665e+20,1319281.109571655,3.103195922449231e-09,0,0,1,0.0,0.0,0
381,68365609.38311712,4,0.0,3336427.449585774,73158735801,47.766753547463004,120.0,5,1.627603800263243e+21,32210387.79607445,85493952762729.56,3924931.871773571,8.138104495268978e+20,1319281.109571655,3.106833901256323e-09,0,0,1,0.0,0.0,0
382,83454959.60931483,5,0.0,3344081.797864235,73320280842,37.82113347818268,120.0,5,1.635218786272928e+21,32250420.242768865,85564301732198.83,3900700.639532075,8.176179495666373e+20,1299940.7123579527,3.106833901256323e-09,0,0,1,0.0,0.0,0
383,50878095.13016232,3,0.0,3369150.008812945,73514402746,61.40374506191005,120.0,3,1.6441678732384768e+21,32156785.70328242,85111951363565.17,3876469.407290579,8.220924478143748e+20,1299940.7123579527,3.0995579436421394e-09,0,0,1,0.0,0.0,0
384,64652253.11808629,4,0.0,3383713.6163011324,73694750493,44.76969366208407,120.0,5,1.652220620877383e+21,32286867.84188129,85822470451636.27,3906345.850066742,8.261188926857367e+20,1254881.7549826116,2.3137545213103294e-09,0,0,1,0.0,0.0,0
385,78503817.92260705,5,0.0,3395271.2418438937,73861246675,52.22818807649801,120.0,6,1.6599844144054324e+21,32466524.92657173,86651286265289.8,3936222.292842905,8.300008723313428e+20,1254881.7549826116,2.3137545213103294e-09,0,0,1,0.0,0.0,0
386,49640309.70848538,3,0.0,3419356.4317157012,74056606365,61.36802248813788,120.0,3,1.66902926558401e+21,32366578.178321682,86156209544282.25,3911991.060601409,8.345232484129594e+20,1254881.7549826116,2.3101165425032377e-09,0,0,1,0.0,0.0,0
387,64652253.11808629,4,0.0,3433920.0392038883,74236954112,50.932759499717825,120.0,5,1.6771431286368706e+21,32496660.316920556,86894111041509.66,3941867.503377572,8.385802537295395e+20,1254881.7549826116,2.3137545213103294e-09,0,0,1,0.0,0.0,0
388,78503817.92260705,5,0.0,3442471.6828012248,74403450294,37.82263508433147,120.0,5,1.6849654806667115e+21,32515277.077009026,86877809721218.53,3917636.271136076,8.424914281143278e+20,1254881.7549826116,2.2846506908535957e-09,0,0,1,0.0,0.0,0
389,49640309.70848538,3,0.0,3466556.8726730323,74598809985,61.19261780112473,120.0,3,1.694078721897621e+21,32414047.62830797,86391095454790.11,3893405.03889458,8.47048000058356e+20,1254881.7549826116,2.281012712046504e-09,0,0,1,0.0,0.0,0
390,64652253.11808629,4,0.0,3481120.4801612194,74779157733,47.11917742760784,120.0,5,1.7022537003644355e+21,32544129.766906843,87143759956942.69,3923281.4816707433,8.511355645582134e+20,1254881.7549826116,2.3137545213103294e-09,0,0,1,0.0,0.0,0
391,78503817.92260705,5,0.0,3489672.1237585554,74945653913,37.82646421711004,120.0,5,1.7101346108960678e+21,32562746.526995312,87141587736146.94,3899050.2494292473,8.550760196068075e+20,1254881.7549826116,2.3137545213103294e-09,0,0,1,0.0,0.0,0
392,49640309.70848538,3,0.0,3513757.313630363,75141013604,61.081027971002506,120.0,3,1.7193162421793097e+21,32461517.07829426,86663236746957.88,3874819.0171877514,8.596667874133296e+20,1254881.7549826116,2.3101165425032377e-09,0,0,1,0.0,0.0,0
393,64657799.87580654,4,0.0,3528322.1248420137,75321355804,44.48968480229697,120.0,5,1.7275521731277415e+21,32591599.21689313,87430664254035.61,3904695.4599639145,8.637848296302961e+20,1254968.4230719903,2.371962182223797e-09,0,0,1,0.0,0.0,0
394,78509364.6803273,5,0.0,3539880.954108239,75487846440,52.10543752360066,120.0,6,1.7354914785704055e+21,32771256.30158357,88292378074807.97,3934571.9027400776,8.677545685230101e+20,1254968.4230719903,2.371962182223797e-09,0,0,1,0.0,0.0,0
395,49656040.71290162,3,0.0,3563969.557826491,75683190399,61.08589038734553,120.0,3,1.7447432789062108e+21,32671309.55333352,87817260744724.97,3910340.6704985816,8.723804211791799e+20,1255127.5519266154,2.7976057026535273e-09,0,0,1,0.0,0.0,0
396,64668060.71705578,4,0.0,3578573.1245270413,75863522338,50.81569919311198,120.0,5,1.753042273286282e+21,32801391.691932395,88612943447395.45,3940217.1132747447,8.765299979374858e+20,1256443.7834946248,1.673470251262188e-10,0,0,1,0.0,0.0,0
397,78519625.52157654,5,0.0,3587164.72733674,76030002713,37.83978584311411,120.0,5,1.7610420942464198e+21,32819350.93463181,88628367891075.67,3915985.8810332487,8.80529909959999e+20,1256443.7834946248,1.8189894035458565e-10,0,0,1,0.0,0.0,0
398,49656117.30745487,3,0.0,3610118.5961129176,76225346596,61.02696274030186,120.0,3,1.7703623073988246e+21,32718779.003319807,88161916562286.62,3891754.6487917528,8.851899698910685e+20,1214277.6924068772,2.1500454749912024e-09,0,0,1,0.0,0.0,0
399,64678372.97201863,4,0.0,3623550.8825054746,76405668223,46.69570293427327,120.0,5,1.7787216896526747e+21,32848901.42416463,88972777756852.78,3921631.091567916,8.89369742104113e+20,1214438.8213906717,2.0700099412351847e-09,0,0,1,0.0,0.0,0
400,77864702.08619513,5,0.0,3634265.9177209847,76572803520,52.092949521623346,120.0,6,1.7867942716247635e+21,33018083.636701543,89802388055910.14,3948868.6751827234,8.934061160511874e+20,1214438.8213906717,2.0700099412351847e-09,0,0,1,0.0,0.0,0
401,49656117.30745487,3,0.0,3656908.5444493983,76768147402,61.0520183956862,120.0,3,1.7961829289899178e+21,32918056.323959596,89338591750075.28,3924637.4429412275,8.98100398354134e+20,1203072.9786873914,4.94765117764473e-10,0,0,1,0.0,0.0,0
402,49105428.30568968,3,0.0,3670394.2005220475,76964041974,40.57792661804777,120.0,4,1.80478668414503e+21,32872488.00407296,89114387779781.11,3900406.2106997315,9.024022535112929e+20,1203072.9786873914,4.474713932722807e-10,0,0,1,0.0,0.0,0
403,86240084.94709907,5,0.0,3681119.5532064866,77122801890,51.95796998100959,120.0,6,1.8127072346732327e+21,33076471.063546788,90138654612364.02,3932921.5126372506,9.063626312020775e+20,1290878.9300102245,2.6011548470705748e-09,0,0,1,0.0,0.0,0
404,54928087.65104787,3,0.0,3703277.2742784712,77312873802,61.066568046741544,120.0,3,1.822005974860033e+21,32991595.00258185,89678647996371.33,3908690.2803957546,9.11011955294816e+20,1226803.6433653,1.7207639757543802e-09,0,0,1,0.0,0.0,0
405,69970967.82553732,4,0.0,3715899.9855515216,77487902835,50.83869002357642,120.0,5,1.8303272265379653e+21,33137110.36867937,90529772274641.23,3938566.7231719177,9.151726662462101e+20,1226803.6433653,1.724401954561472e-09,0,0,1,0.0,0.0,0
406,82902848.78987175,5,0.0,3722510.7329337196,77649999985,37.87772087034385,120.0,5,1.83840931690914e+21,33219526.558479697,90582247379570.05,3914335.4909304217,9.19213716679308e+20,1212433.5833623887,1.6279955161735415e-09,0,0,1,0.0,0.0,0
407,54928087.65104787,3,0.0,3744269.285672291,77840071897,61.07201166490455,120.0,3,1.8477749259293397e+21,33092065.778114147,90167919302713.73,3890104.2586889258,9.238964797566001e+20,1212433.5833623887,1.6261765267699957e-09,0,0,1,0.0,0.0,0
408,53056737.50075296,3,0.0,3766141.339893346,78032015160,54.00442645867666,120.0,4,1.857300535042375e+21,33036752.090554852,90260487703047.69,3919980.701465089,9.286592935699578e+20,1310115.063717909,1.2987584341317415e-09,0,0,1,0.0,0.0,0
409,83033692.4315307,5,0.0,3778008.5449266755,78193981467,52.38533921840874,120.0,6,1.8653025116277081e+21,33288010.55568349,91641391964459.2,3948868.6751827225,9.326604199530505e+20,1310115.063717909,1.3005774235352874e-09,0,0,1,0.0,0.0,0
410,69435175.70599356,4,0.0,3795777.8839554647,78369546292,48.830350756255896,120.0,4,1.8735320726375815e+21,33296169.88541591,91627572959200.16,3924637.4429412265,9.367751990760867e+20,1310115.063717909,1.3005774235352874e-09,0,0,1,0.0,0.0,0
411,39129309.39566415,2,0.0,3817722.541227233,78575416983,45.176217124170165,120.0,3,1.8832935520245485e+21,33084244.485041477,90704830297154.86,3900406.2106997306,9.41655846495304e+20,1308929.699646533,1.6625563148409128e-09,0,0,1,0.0,0.0,0
412,67085487.08368926,4,0.0,3836462.3202175894,78753331496,59.60593000229394,120.0,5,1.8925746595853314e+21,33157679.103588086,91270765021180.2,3931271.1225344236,9.462964568691679e+20,1308929.699646533,1.6625563148409128e-09,0,0,1,0.0,0.0,0
413,69355071.03125429,4,0.0,3854214.275419395,78928976425,49.21834664155432,120.0,4,1.9008659198124213e+21,33267476.976487882,91710023535795.78,3907039.8902929276,9.504421309085642e+20,1308863.4281751078,1.6643753042444587e-09,0,0,1,0.0,0.0,0
414,69556038.73621216,4,0.0,3868873.94354649,79104420385,50.61460281086692,120.0,5,1.9092872925969124e+21,33348398.378216915,92249802673594.4,3937684.7952987263,9.546528712787236e+20,1308863.4281751078,1.6643753042444587e-09,0,0,1,0.0,0.0,0
415,66806990.75967843,4,0.0,3884726.7748578447,79282613395,40.48147512043153,120.0,4,1.9186396197821253e+21,33256274.854102492,91933132357562.47,3913453.5630572303,9.593290032042984e+20,1308863.4281751078,1.648004399612546e-09,0,0,1,0.0,0.0,0
416,52968150.07767129,3,0.0,3909589.268071547,79474645244,61.23793812683892,120.0,3,1.928234805606898e+21,33162647.54126451,91509432287283.73,3889222.3308157343,9.641265537466777e+20,1308863.4281751078,1.6625563148409128e-09,0,0,1,0.0,0.0,0
417,69346588.28291188,4,0.0,3924339.843513442,79650298657,46.38511919495746,120.0,5,1.9367206913543208e+21,33326437.114106975,92499396625709.0,3919049.069988329,9.68369595616823e+20,1308863.4281751078,1.6643753042444587e-09,0,0,1,0.0,0.0,0
418,83183602.66649945,5,0.0,3936087.990985466,79812115054,52.24482460059573,120.0,6,1.944888906739679e+21,33512991.42525177,93475864188124.94,3948868.675182722,9.724538009562583e+20,1308863.4281751078,1.6643753042444587e-09,0,0,1,0.0,0.0,0
419,52968150.07767129,3,0.0,3961447.9851896893,80004146903,61.41609514523427,120.0,3,1.9545504910864107e+21,33420116.00677557,93050121233166.11,3924637.442941226,9.772845505553287e+20,1326773.463833857,1.5606929082423449e-09,0,0,1,0.0,0.0,0
420,39129309.39566415,2,0.0,3983888.3025777736,80210017595,45.16335576181842,120.0,3,1.9645237284939062e+21,33219124.645471185,92125491980461.73,3900406.21069973,9.822710767961511e+20,1326773.463833857,1.5606929082423449e-09,0,0,1,0.0,0.0,0
421,83187255.2633386,5,0.0,3996132.3657118287,80371830340,51.23926856492279,120.0,6,1.972750829485707e+21,33491058.697054636,93568696083363.53,3930240.0838505263,9.863847716124618e+20,1326773.463833857,1.5625118976458907e-09,0,0,1,0.0,0.0,0
422,69346588.28291188,4,0.0,4016265.4993127626,80547483751,49.008253103709734,120.0,4,1.9812182741247695e+21,33447721.51463152,93194751423667.66,3889072.3227994186,9.906184565375271e+20,1394519.579072304,1.5479599824175239e-09,0,0,1,0.0,0.0,0
423,53160635.03428676,3,0.0,4040420.565599296,80739323116,51.31910294869061,120.0,4,1.9910851896627754e+21,33343413.6354163,92987967898721.23,3902714.4275241806,9.955518936281776e+20,1394519.579072304,1.5534169506281614e-09,0,0,1,0.0,0.0,0
424,66806990.75967843,4,0.0,4061655.9550696877,80917516126,54.94358536672185,120.0,5,2.000638398562386e+21,33344966.015943922,93206449251018.56,3915604.6378871636,1.0003285199261181e+21,1394519.579072304,1.546140993013978e-09,0,0,1,0.0,0.0,0
425,69346588.28291188,4,0.0,4081789.088670622,81093169537,49.44216726349423,120.0,4,2.009166215209949e+21,33386951.502133846,93315982168342.05,3874436.876836056,1.0045924392031913e+21,1394519.579072304,1.5479599824175239e-09,0,0,1,0.0,0.0,0
426,69346588.28291188,4,0.0,4098919.001637439,81268822949,43.51003914335511,120.0,4,2.0178305741308934e+21,33397672.29112482,93496682896618.22,3887327.087199039,1.0089246367337364e+21,1394519.579072304,1.5479599824175239e-09,0,0,1,0.0,0.0,0
427,66806990.75967843,4,0.0,4120154.3911078325,81447015957,53.22269446014228,120.0,5,2.0274484565196305e+21,33399224.671652444,93720800311723.67,3900217.2975620218,1.0137336003398464e+21,1394519.579072304,1.546140993013978e-09,0,0,1,0.0,0.0,0
428,52968150.07767129,3,0.0,4147396.221846459,81639047807,61.68280911371594,120.0,3,2.0373160972970353e+21,33238603.137937795,92955184684119.25,3859049.536510914,1.018667344166986e+21,1394519.579072304,1.597072696313262e-09,0,0,1,0.0,0.0,0
429,69346588.28291188,4,0.0,4164526.1348132747,81814701220,43.37963776784718,120.0,4,2.0460416701060174e+21,33334646.595541812,93637275671348.53,3871939.746873897,1.0230301987805759e+21,1394519.579072304,1.5988916857168078e-09,0,0,1,0.0,0.0,0
430,83185428.96491903,5,0.0,4178652.8271459755,81976515791,46.06958094980437,120.0,5,2.0544393070493056e+21,33453483.327360965,94251405435038.73,3884829.95723688,1.0272290786651963e+21,1394519.579072304,1.5988916857168078e-09,0,0,1,0.0,0.0,0
431,52968150.07767129,3,0.0,4205894.6578846015,82168547640,61.865562279540406,120.0,3,2.0643733462531137e+21,33292861.793646317,93487836032416.3,3843662.1961857723,1.03219602191016e+21,1394519.579072304,1.597072696313262e-09,0,0,1,0.0,0.0,0
432,52968150.07767129,3,0.0,4230133.26798911,82360579491,49.05545531045868,120.0,3,2.0744516032599913e+21,33186298.23134576,93294447843830.17,3856552.4065487552,1.0372351310747801e+21,1394519.579072304,1.597072696313262e-09,0,0,1,0.0,0.0,0
433,79536620.32523052,5,0.0,4243468.118169101,82526042871,46.02003214805262,120.0,5,2.0830225955081258e+21,33390457.631777957,94426772634488.64,3869442.616911738,1.0415207404313263e+21,1337506.9440771712,1.991793396882713e-09,0,0,1,0.0,0.0,0
434,65697779.643223375,4,0.0,4264564.491713626,82705345091,49.378336945258404,120.0,4,2.0918411656103275e+21,33347120.44935484,94036741443323.3,3828274.8558606305,1.045929986479308e+21,1400689.8995440549,3.3887772588059306e-09,0,0,1,0.0,0.0,0
435,49319341.43798278,3,0.0,4289766.341761728,82901025749,48.88647376539817,120.0,3,2.1021021169778767e+21,33240556.887054283,93847672899348.73,3841165.0662236135,1.0510604432562283e+21,1400689.8995440549,3.3869582694023848e-09,0,0,1,0.0,0.0,0
436,63158182.119989924,4,0.0,4311964.9711757125,83082867566,51.68980826184541,120.0,4,2.1120364212727524e+21,33242109.267581906,94096313810431.39,3854055.2765865964,1.0560276202677573e+21,1400689.8995440549,3.3869582694023848e-09,0,0,1,0.0,0.0,0
437,65697779.643223375,4,0.0,4333061.344720238,83262169786,49.98515183903244,120.0,4,2.1209165283115032e+21,33284094.75377183,94243293229666.61,3812887.5155354887,1.0604676884850745e+21,1400689.8995440549,3.3887772588059306e-09,0,0,1,0.0,0.0,0
438,65697779.643223375,4,0.0,4348213.238451284,83441472007,43.09356403107191,120.0,4,2.1299368834050506e+21,33373271.572827097,94829391952582.64,3845391.733414545,1.0649779246417205e+21,1294804.569086975,1.5224941307678819e-09,0,0,1,0.0,0.0,0
439,63158182.119989924,4,0.0,4369181.695851732,83623313826,53.15734767308295,120.0,4,2.1399370145680054e+21,33422480.414434142,95341118022930.7,3877895.9512936017,1.069978041395805e+21,1356403.707056722,1.8844730220735073e-09,0,0,1,0.0,0.0,0
440,65393250.2007307,4,0.0,4389180.071619916,83802920575,50.985873560281036,120.0,4,2.1489004254558366e+21,33435092.754007883,95198644570497.58,3856342.1977585675,1.0744597325923754e+21,1356403.707056722,1.873559085652232e-09,0,0,1,0.0,0.0,0
441,77524814.1334148,4,0.0,4400909.791019308,83970395761,47.11290805143384,120.0,5,2.1570268727175382e+21,33763590.08660056,96856682583001.45,3888846.415637624,1.0785231220270274e+21,1356403.707056722,1.8808350432664156e-09,0,0,1,0.0,0.0,0
442,79232087.3888603,5,0.0,4414901.7255192585,84136163672,56.96085913195112,120.0,7,2.1657917575792304e+21,33885070.26336426,97737613019983.62,3921350.6335166804,1.0829056525509172e+21,1356403.6524648855,1.280568540096283e-09,0,0,1,0.0,0.0,0
443,44092051.31212724,3,0.0,4434070.363325644,84337071622,35.77223171486191,120.0,4,2.1762884943550263e+21,33761979.631644115,97040357282626.47,3948868.6751827234,1.0881539512132414e+21,1381668.1725219411,1.3242242857813835e-09,0,0,1,0.0,0.0,0
444,72855977.61099347,4,0.0,4447144.519115579,84509215645,45.46380179358429,120.0,5,2.1852082799379355e+21,33741439.563584015,97035486501376.33,3920999.290564645,1.0926138435176179e+21,1381668.1725219411,1.3387762010097504e-09,0,0,1,0.0,0.0,0
445,58020963.5159952,4,0.0,4457244.882424197,84696194682,30.454606791718632,120.0,5,2.1955147400637889e+21,33651713.87200456,96468143294936.14,3948868.6751827234,1.0977670168462239e+21,1381668.1725179963,1.3606040738523006e-09,0,0,1,0.0,0.0,0
446,77623927.28079793,4,0.0,4475256.737855754,84863570753,53.92941097268387,120.0,5,2.204290937581773e+21,33639399.77503843,96569402996129.1,3921305.5635053073,1.102155125731186e+21,1380443.0807592927,1.4551915228366852e-09,0,0,1,0.0,0.0,0
447,51747142.94036836,3,0.0,4495880.994254851,85056823610,48.86425339711123,120.0,4,2.2136891779944064e+21,33647694.74620833,96756792871942.53,3947800.4232419813,1.1068542646764904e+21,1380443.0807592927,1.4551915228366852e-09,0,0,1,0.0,0.0,0
448,79698296.80121264,5,0.0,4507436.241421557,85222125314,39.07813324008207,120.0,5,2.2225626563755426e+21,33631179.21112719,96628969689490.1,3920237.311564565,1.1112909910847403e+21,1380443.0807592927,1.4551915228366852e-09,0,0,1,0.0,0.0,0
449,44298783.58545153,3,0.0,4526436.285295825,85422826530,35.87108207819684,120.0,4,2.2331938424717606e+21,33510983.921704713,95958496368332.9,3948868.6751827234,1.1166065170855171e+21,1380443.0807592927,1.4551915228366852e-09,0,0,1,0.0,0.0,0
450,73307815.47412235,4,0.0,4539378.355667196,85594518715,37.13959507579368,120.0,4,2.242229004806002e+21,33498763.903393645,96000438817369.03,3921305.5635053073,1.1211241024468828e+21,1380443.0807592927,1.469743438065052e-09,0,0,1,0.0,0.0,0
451,58647793.4084562,4,0.0,4549376.718509918,85780870921,30.768188482736214,120.0,5,2.2526609722101054e+21,33405364.565784115,95430162095065.11,3948868.6751827234,1.1263400291212621e+21,1392687.4813503479,1.4770193956792355e-09,0,0,1,0.0,0.0,0
452,74364929.60877988,4,0.0,4568435.9439388,85951505992,49.880354895047574,120.0,4,2.26160670647363e+21,33355345.14891429,95325685227727.36,3918244.4633575436,1.1308128858053377e+21,1392687.4813503479,2.3792381398379803e-09,0,0,1,0.0,0.0,0
453,51747142.94036836,3,0.0,4589400.322576538,86144758850,48.782420765707975,120.0,4,2.271126864982172e+21,33351395.719493136,95442679432887.08,3941678.222946454,1.1355729767590292e+21,1392687.4813503479,2.3792381398379803e-09,0,0,1,0.0,0.0,0
454,81265580.0768677,5,0.0,4600955.569743243,86308493269,38.359856137080335,120.0,5,2.2800944460634073e+21,33334880.184411995,95344153289997.33,3911054.011121274,1.1400567574470327e+21,1392687.4813503479,1.4915713109076023e-09,0,0,1,0.0,0.0,0
455,47433350.13676165,3,0.0,4618255.002424311,86506059918,39.637264673396444,120.0,4,2.2908216565910541e+21,33240864.45843509,94776148527585.02,3948868.675182724,1.1454203059103798e+21,1392687.4813503479,1.4842953532934189e-09,0,0,1,0.0,0.0,0
456,71740532.19846728,4,0.0,4631877.317272961,86679319386,35.918364323806884,120.0,4,2.3000559650877056e+21,33202464.876678452,94776993001574.72,3918244.463357544,1.1500374602431529e+21,1392687.4813503479,1.4770193956792355e-09,0,0,1,0.0,0.0,0
457,59431435.04628373,4,0.0,4641365.496757723,86864887952,31.248408948846418,120.0,5,2.3106113646406947e+21,33118248.83951221,94274339878893.62,3948868.675182724,1.1553151097543353e+21,1392687.4813503479,1.4770193956792355e-09,0,0,1,0.0,0.0,0
458,73581287.97095233,4,0.0,4659189.973790648,87036306664,49.25800774818733,120.0,4,2.3196983740569582e+21,33062107.22234686,94157542603536.08,3918244.463357544,1.1598586027827395e+21,1342114.338800366,2.5393092073500156e-09,0,0,1,0.0,0.0,0
459,51747142.94036836,3,0.0,4678749.542913108,87229559521,48.7124058643455,120.0,4,2.32934031874204e+21,33058157.792925704,94268638262218.28,3941678.2229464543,1.1646795862348463e+21,1342114.338800366,2.5393092073500156e-09,0,0,1,0.0,0.0,0
460,81265580.0768677,5,0.0,4688899.980564538,87393293940,38.13144026212632,120.0,5,2.3384223878075064e+21,33041642.257844564,94189081709428.47,3911054.0111212744,1.1692206128119242e+21,1342114.338800366,2.5393092073500156e-09,0,0,1,0.0,0.0,0
461,47433350.13676165,3,0.0,4704794.603730326,87590860590,39.61299083574382,120.0,4,2.3492864602620496e+21,32960269.81750515,93633615507025.81,3948868.6751827244,1.1746525934925755e+21,1342114.338800366,2.546585164964199e-09,0,0,1,0.0,0.0,0
462,71740532.19846728,4,0.0,4717012.109063701,87764120058,35.46949603108398,120.0,4,2.358638900185355e+21,32909226.95011102,93644357865945.27,3918244.4633575445,1.179328814528464e+21,1342114.338800366,2.5393092073500156e-09,0,0,1,0.0,0.0,0
463,59431435.04628373,4,0.0,4725095.479033185,87949688623,31.24578627081181,120.0,5,2.369327968617578e+21,32832154.508609463,93170193526467.77,3948868.6751827244,1.1846733013281415e+21,1342114.338800366,2.5393092073500156e-09,0,0,1,0.0,0.0,0
464,73581287.97095233,4,0.0,4742919.956066111,88121107335,48.97312321916295,120.0,4,2.378530822770488e+21,32768869.29577943,93056213011764.05,3918244.4633575445,1.1892747170065453e+21,1342114.338800366,2.5393092073500156e-09,0,0,1,0.0,0.0,0
465,51747142.94036836,3,0.0,4762479.525188569,88314360192,48.655459128495906,120.0,4,2.3882945536321084e+21,32764919.866358273,93161410123968.72,3941678.222946455,1.1941565929570666e+21,1342114.338800366,2.5393092073500156e-09,0,0,1,0.0,0.0,0
466,81265580.0768677,5,0.0,4772629.96284,88478094612,38.012577628744445,120.0,5,2.3974911106818066e+21,32748404.331277136,93100823161278.84,3911054.011121275,1.1987548654232194e+21,1342114.3388003663,2.6557245291769505e-09,0,0,1,0.0,0.0,0
467,47433350.13676165,3,0.0,4788524.586005788,88675661263,39.59407790821371,120.0,4,2.408492045063247e+21,32667031.89093772,92557692912633.66,3948868.675182725,1.2042552783009148e+21,1342114.3388003663,2.663000486791134e-09,0,0,1,0.0,0.0,0
468,71971855.85875934,4,0.0,4800691.89089205,88848689406,35.23154909846973,120.0,4,2.4179584464377343e+21,32615942.166972004,92568395890295.86,3918244.463357545,1.2089884800584563e+21,1345728.7709924297,2.663000486791134e-09,0,0,1,0.0,0.0,0
469,60356729.68745199,4,0.0,4808474.0581788635,89033332676,31.243284514453688,120.0,5,2.428760113737656e+21,32541846.51268988,92122255998201.2,3948868.675182725,1.2143892690944278e+21,1345728.7709924297,2.6557245291769505e-09,0,0,1,0.0,0.0,0
470,75869377.06021741,4,0.0,4826594.280929109,89202463299,48.817637053722414,120.0,4,2.4380382081216707e+21,32463177.32149021,91953183690856.4,3912017.439496651,1.2190282993792044e+21,1370636.8806338287,4.478351911529899e-09,0,0,1,0.0,0.0,0
471,52441113.921244554,3,0.0,4846644.940197605,89395022186,47.75649807169334,120.0,4,2.4479109353517886e+21,32438837.836865555,91949798195623.31,3931934.9993687146,1.2239646626557138e+21,1370636.8806338287,4.58749127574265e-09,0,0,1,0.0,0.0,0
472,85077883.9365361,5,0.0,4859778.738420867,89554944302,52.1392702645213,120.0,6,2.4571680755138193e+21,32581748.473960873,92724878836196.38,3948868.675182725,1.2285933102447932e+21,1370636.8806338287,4.48198989033699e-09,0,0,1,0.0,0.0,0
473,52441113.921244554,3,0.0,4882983.219664815,89747503187,45.701566092730715,120.0,3,2.4669420281640696e+21,32500640.193778083,92064678693244.77,3912017.439496651,1.233480220549904e+21,1370636.8806338287,4.478351911529899e-09,0,0,1,0.0,0.0,0
474,71308946.59251451,4,0.0,4898939.297190412,89921194240,49.97823058309141,120.0,5,2.4766173521498965e+21,32541948.77598933,92516277426818.61,3931934.9993687146,1.238317927702691e+21,1370636.8806338287,4.478351911529899e-09,0,0,1,0.0,0.0,0
475,59672592.21642724,4,0.0,4905992.120699538,90106521649,33.46924244240896,120.0,5,2.4875431365707117e+21,32462021.31839066,91968549092419.8,3948868.675182725,1.2437807651402652e+21,1299823.49082646,3.576133167371154e-09,0,0,1,0.0,0.0,0
476,70310040.38373369,4,0.0,4923351.75811583,90281211608,48.69848198993065,120.0,4,2.497154221450455e+21,32376569.724675786,91810160427320.56,3912017.439496651,1.2485862917412702e+21,1299823.49082646,3.5906850825995207e-09,0,0,1,0.0,0.0,0
477,47909056.97357296,3,0.0,4942418.898081444,90478302551,47.783266801697316,120.0,4,2.5073001319287006e+21,32352230.24005113,91831078514128.31,3931934.9993687146,1.2536592490722018e+21,1299823.49082646,5.147740012034774e-09,0,0,1,0.0,0.0,0
478,80545826.98886451,5,0.0,4954570.908736512,90642756725,52.07759132370662,120.0,6,2.5168229939369036e+21,32495109.705922127,92602742480799.92,3948868.675182725,1.2584207572426998e+21,1299885.833275103,4.845787771046162e-09,0,0,1,0.0,0.0,0
479,47909056.97357296,3,0.0,4976793.602412263,90839847667,45.71546927714468,120.0,3,2.526869489250114e+21,32413954.66890285,91955538791487.78,3912017.439496651,1.2634439401789362e+21,1299885.833275103,4.856701707467437e-09,0,0,1,0.0,0.0,0
480,66776889.644842915,4,0.0,4991767.892369665,91018070778,49.92089140926637,120.0,5,2.536816646713283e+21,32455247.665501945,92407049625847.86,3931934.9993687146,1.268417564061604e+21,1299885.833275103,4.856701707467437e-09,0,0,1,0.0,0.0,0
481,59672592.21642724,4,0.0,4998822.447613474,91203398186,33.4658304573657,120.0,5,2.5478740562745444e+21,32375257.86545463,91869757170520.83,3948868.675182725,1.2739462151129892e+21,1299885.833275103,4.856701707467437e-09,0,0,1,0.0,0.0,0
482,70310040.38373369,4,0.0,5016183.816764452,91378088146,48.61906508975433,120.0,4,2.5576012229287126e+21,32289806.271739755,91700068622833.97,3912017.439496651,1.2788097814712185e+21,1299885.833275103,4.871253622695804e-09,0,0,1,0.0,0.0,0
483,47909056.97357296,3,0.0,5036284.774158556,91575179089,47.81517071427217,120.0,4,2.5678693339483556e+21,32265420.03027862,91745204830376.27,3931934.9993687146,1.2839438414946608e+21,1337040.9182520448,5.249603418633342e-09,0,0,1,0.0,0.0,0
484,80545826.98886451,5,0.0,5049468.870507426,91739633261,52.041098435994,120.0,6,2.577506383419885e+21,32408315.081761774,92513549005789.94,3948868.675182725,1.2887624430648432e+21,1337040.9182520448,5.2532413974404335e-09,0,0,1,0.0,0.0,0
485,47909056.97357296,3,0.0,5072723.649876982,91936724205,45.7336613193217,120.0,3,2.5876733353370924e+21,32327160.044742502,91879440941817.42,3912017.439496651,1.2938458556126404e+21,1337040.9182520448,5.9626472648233175e-09,0,0,1,0.0,0.0,0
486,66776889.644842915,4,0.0,5086502.51675348,92114947316,49.88862142704884,120.0,5,2.5977396885425273e+21,32368453.04134159,92330967552215.47,3931934.9993687146,1.2988790773680188e+21,1256850.6023625557,8.840288501232862e-10,0,0,1,0.0,0.0,0
487,59672592.21642724,4,0.0,5092361.648916386,92300274722,33.46256638190555,120.0,5,2.6089287232442346e+21,32303320.135567587,91804346193282.08,3948868.675182725,1.3044735420567367e+21,1256850.6023625557,1.597072696313262e-09,0,0,1,0.0,0.0,0
488,70310040.38373369,4,0.0,5108527.594986459,92474964683,48.56194901926709,120.0,4,2.618771971672828e+21,32203011.6475794,91623324856852.08,3912017.439496651,1.3093951481688996e+21,1256850.6023625557,1.6116246115416288e-09,0,0,1,0.0,0.0,0
489,47909056.97357296,3,0.0,5126409.735670399,92672055626,47.80541506756653,120.0,4,2.629162283233868e+21,32178312.491794642,91691088248393.08,3931856.770787808,1.3145903107257587e+21,1257163.516686183,1.5097612049430609e-09,0,0,1,0.0,0.0,0
490,81328215.79117203,5,0.0,5137501.344222994,92835727410,52.021049318176956,120.0,6,2.6388873887379043e+21,32321833.37192505,92459496460218.67,3948868.6751827253,1.3194529403185982e+21,1268136.6844277293,1.979060471057892e-09,0,0,1,0.0,0.0,0
491,50506872.39234223,3,0.0,5159101.0689090295,93030220537,45.75965196812392,120.0,3,2.649095708116505e+21,32225556.571493786,91728803092778.64,3911939.2109157443,1.3245570269385618e+21,1297754.3826044528,1.9717845134437084e-09,0,0,1,0.0,0.0,0
492,80669447.98669925,5,0.0,5171072.754672537,93194551089,50.83016303077235,120.0,6,2.658866112551539e+21,32341508.754795637,92349386433235.75,3930491.8863387904,1.329442291214413e+21,1297754.3826044528,1.9717845134437084e-09,0,0,1,0.0,0.0,0
493,61716535.301175244,4,0.0,5187167.257210331,93377834554,44.63321715574054,120.0,5,2.668928852114872e+21,32388113.6985831,92641316740591.1,3948868.6751827253,1.33447369018911e+21,1297754.3828353658,1.229636836796999e-09,0,0,1,0.0,0.0,0
494,80090424.4707632,5,0.0,5196559.262851051,93542744129,37.795220207306556,120.0,5,2.678754581192721e+21,32352278.180612702,92361022785767.67,3911373.59449912,1.339386526698639e+21,1300016.8485018641,1.3897079043090343e-09,0,0,1,0.0,0.0,0
495,66755615.798209615,4,0.0,5210529.510747188,93720988514,48.705981574750105,120.0,5,2.6887587533965943e+21,32437055.005528975,93043975706467.45,3948868.6751827253,1.3443886810958678e+21,1300016.8485018641,1.3897079043090343e-09,0,0,1,0.0,0.0,0
496,53276009.32300014,3,0.0,5230832.730023987,93912712504,45.465609937653895,120.0,3,2.6992685417156245e+21,32314926.23133199,92422219217401.48,3911373.59449912,1.349643513079734e+21,1272714.0698837165,2.219167072325945e-09,0,0,1,0.0,0.0,0
497,61265275.30427955,4,0.0,5246620.662771691,94096447229,57.099186786811565,120.0,6,2.7096142468335754e+21,32376342.56413116,92903103880014.61,3923945.6010998865,1.3548164137271757e+21,1272714.0698837165,2.219167072325945e-09,0,0,1,0.0,0.0,0
498,53276009.32300014,3,0.0,5266923.88204849,94288171220,45.468368734932696,120.0,3,2.7201656507683313e+21,32258813.55771387,92288936176591.34,3902614.542949694,1.3600920542777833e+21,1272714.0698837165,2.219167072325945e-09,0,0,1,0.0,0.0,0
499,50255270.902219124,3,0.0,5280068.246460715,94482915950,36.40356732045002,120.0,4,2.7318225353342887e+21,32204462.532173354,91843107644763.27,3922867.8393023373,1.3659204519779088e+21,1287045.374125311,3.0631781555712223e-09,0,0,1,0.0,0.0,0
500,67158259.21974644,4,0.0,5294922.483619832,94660757690,50.68448655147916,120.0,5,2.7420043749059225e+21,32217178.597181365,92320093815931.27,3936267.5238715997,1.3710114194623428e+21,1286545.2688171088,2.9176590032875538e-09,0,0,1,0.0,0.0,0
501,50255270.902219124,3,0.0,5315796.439412491,94855502418,45.66035969842678,120.0,3,2.752565070685614e+21,32082302.99571509,91668736932592.58,3898897.4695150447,1.3762917022165002e+21,1269661.0655423158,1.8480932340025902e-09,0,0,1,0.0,0.0,0
502,73203623.58721596,4,0.0,5327550.868955758,95027298795,50.59628511681445,120.0,5,2.7627987037736303e+21,32188302.358082823,92533583560827.78,3936036.8849717854,1.3814086052451713e+21,1269661.0655423158,1.8553691916167736e-09,0,0,1,0.0,0.0,0
503,44185368.82166447,3,0.0,5344164.095074371,95228113426,36.96970332180293,120.0,4,2.7746336353789946e+21,32051549.81400484,91795261406668.66,3948868.675182726,1.387325997215638e+21,1269661.0655423158,2.3283064365386963e-09,0,0,1,0.0,0.0,0
504,75458640.81332989,4,0.0,5350788.703769527,95397654785,34.5830991882705,120.0,4,2.784612265931218e+21,32087405.650314398,91747975211911.38,3911498.620826171,1.3923153077631302e+21,1192016.20086527,1.3387762010097504e-09,0,0,1,0.0,0.0,0
505,50255270.902219124,3,0.0,5361311.053155703,95592399515,40.12114005920079,120.0,4,2.796561325072368e+21,32005415.832309276,91306842459380.47,3948040.9660392776,1.3982897932204297e+21,1192652.8331875275,2.444721758365631e-09,0,0,1,0.0,0.0,0
506,69417753.66291922,4,0.0,5369276.8957805345,95767981761,34.74332958267345,120.0,4,2.8069506756387175e+21,31965711.7790146,91371551015199.4,3910670.9116827226,1.4034844749744602e+21,1193106.1914710272,1.3533281162381172e-09,0,0,1,0.0,0.0,0
507,50284285.83236312,3,0.0,5379792.948523883,95962697475,40.21805227891372,120.0,4,2.818792423457585e+21,31932654.766085804,91046322714726.66,3947326.5964667043,1.409405316361064e+21,1193106.1914710272,1.3533281162381172e-09,0,0,1,0.0,0.0,0
508,69417753.66291922,4,0.0,5387758.791148715,96138279721,34.59241505264663,120.0,4,2.8290679770994453e+21,31885420.256251823,90898197018591.53,3909956.5421101493,1.4145430783694246e+21,1193106.1914710272,1.3533281162381172e-09,0,0,1,0.0,0.0,0
509,50284285.83236312,3,0.0,5398274.843892063,96332995435,40.12088137759715,120.0,4,2.841112292892754e+21,31803991.730071433,90475001162540.61,3946612.226894131,1.420565193946493e+21,1193106.1914710272,1.3533281162381172e-09,0,0,1,0.0,0.0,0
510,69417753.66291922,4,0.0,5406240.686516895,96508577682,34.76412064367906,120.0,4,2.8515847338326706e+21,31764060.997635007,90566711388582.17,3909242.172537576,1.4258014235874741e+21,1193106.1914710272,1.3533281162381172e-09,0,0,1,0.0,0.0,0
511,50284285.83236312,3,0.0,5416756.761187006,96703293397,40.21183989639754,120.0,4,2.8635209333778746e+21,31731003.787365347,90247153762150.28,3945897.8573215576,1.4317694914043136e+21,1193106.980834473,3.2159732654690742e-09,0,0,1,0.0,0.0,0
512,69417753.66291922,4,0.0,5424722.625738599,96878875643,34.60317074717956,120.0,4,2.873878356630149e+21,31683768.685508784,90119582809752.16,3908527.8029650026,1.4369481902733554e+21,1193106.980834473,3.2159732654690742e-09,0,0,1,0.0,0.0,0
513,68175706.75789025,4,0.0,5429611.855894204,97055699935,37.65161215108693,120.0,5,2.8846298229812327e+21,31711634.06035024,89888332783569.81,3945183.4877489842,1.4423239003238947e+21,1270094.0302736585,3.2159732654690742e-09,0,0,1,0.0,0.0,0
514,66307846.229715705,4,0.0,5441066.035809216,97234392090,34.78895768413648,120.0,4,2.895473615060222e+21,31588754.678359747,89745670655972.47,3907813.4333924293,1.4477457820971764e+21,1270094.0302736585,3.14321368932724e-09,0,0,1,0.0,0.0,0
515,73102877.92199811,4,0.0,5443816.736813733,97406289213,37.71644732884187,120.0,5,2.9059292381865323e+21,31754126.69180293,89717918610580.0,3944469.118176411,1.4529735908851272e+21,1270094.0302736585,3.2159732654690742e-09,0,0,1,0.0,0.0,0
516,66307846.22971569,4,0.0,5455270.916728744,97584981365,34.61764265814202,120.0,4,2.9166556084962166e+21,31586140.83593327,89346237969657.98,3907099.063819856,1.4583367388719054e+21,1270094.0302736585,3.2159732654690742e-09,0,0,1,0.0,0.0,0
517,73102877.92199811,4,0.0,5458083.935966376,97756878486,37.65265462757123,120.0,5,2.927308001847597e+21,31713045.95564365,89238636449525.64,3943193.8845057962,1.4636629247874433e+21,1272337.4866658244,3.3760443329811096e-09,0,0,1,0.0,0.0,0
518,66595008.64791295,4,0.0,5469537.819894132,97935283479,34.819003496661864,120.0,4,2.9382283542661174e+21,31564520.339420125,89120125158802.73,3905262.9660512,1.4691230891455747e+21,1272326.8311246154,4.5693013817071915e-09,0,0,1,0.0,0.0,0
519,73102877.92199811,4,0.0,5472350.543144508,98107180601,37.71395472425904,120.0,5,2.948761947093081e+21,31727654.22424175,89099763964627.33,3941357.7867371403,1.474389883522937e+21,1272326.8311246154,4.5693013817071915e-09,0,0,1,0.0,0.0,0
520,66595008.64791295,4,0.0,5483804.427072263,98285585592,34.6350199558402,120.0,4,2.9595636469311514e+21,31559673.696142692,88747768220875.16,3903426.868282544,1.4797906982423977e+21,1272326.8311246154,4.5693013817071915e-09,0,0,1,0.0,0.0,0
521,73102877.92199811,4,0.0,5486617.150322641,98457482713,37.65374136904404,120.0,5,2.9702952272720114e+21,31686584.143623672,88670520767527.48,3939521.6889684843,1.4851564806880824e+21,1272326.8311246154,4.5693013817071915e-09,0,0,1,0.0,0.0,0
522,66595008.64791295,4,0.0,5498071.034250396,98635887704,34.8550549732623,120.0,4,2.9812962833310946e+21,31538055.863514844,88577573390910.47,3902614.542949694,1.4906569994228864e+21,1272326.8311246154,4.5693013817071915e-09,0,0,1,0.0,0.0,0
523,73102877.92199811,4,0.0,5500883.757500772,98807784828,37.71185611581961,120.0,5,2.9919078423843853e+21,31701189.748336468,88576196087581.66,3937685.5911998283,1.4959627788118013e+21,1272326.8311246154,4.5693013817071915e-09,0,0,1,0.0,0.0,0
524,66595008.64791295,4,0.0,5512337.6414285265,98986189820,34.65543446902427,120.0,4,3.0027890250998643e+21,31533209.220237415,88243033635525.72,3902614.542949694,1.5014033368532957e+21,1272326.8311246154,4.5693013817071915e-09,0,0,1,0.0,0.0,0
525,73102877.92199811,4,0.0,5515150.364678905,99158086942,37.654881585745336,120.0,5,3.013599792430205e+21,31660119.667718396,88196127023301.31,3935849.4934311723,1.5068087158278046e+21,1272326.8311246154,4.5693013817071915e-09,0,0,1,0.0,0.0,0
526,64257419.69648534,4,0.0,5530221.175321417,99338829522,50.49862336757658,120.0,5,3.024729089002367e+21,31462134.254274838,88450263432975.97,3948868.675182725,1.5123733895275267e+21,1247269.9449855876,5.311449058353901e-09,0,0,1,0.0,0.0,0
527,47174378.399159595,3,0.0,5551816.645112556,99536655144,45.27809103187298,120.0,3,3.035954120465044e+21,31254290.967264988,87282545860676.98,3911174.622326642,1.5179857884871081e+21,1247269.9449855876,5.2241375669837e-09,0,0,1,0.0,0.0,0
528,66473733.46147415,4,0.0,5565912.3548168745,99715181410,50.50287173752719,120.0,5,3.046917345126995e+21,31333867.260514013,87744789227317.06,3933088.145321195,1.5234674470424202e+21,1247269.9449855876,5.326000973582268e-09,0,0,1,0.0,0.0,0
529,93770281.40056816,4,0.0,5560200.557160424,99866411128,35.95579631913668,120.0,5,3.0569230785614856e+21,31813817.696605474,88075024973749.23,3948868.675182725,1.5284703467832402e+21,1247269.9449855876,5.311449058353901e-09,0,0,1,0.0,0.0,0
530,74011780.86395083,4,0.0,5568360.613753488,100037399347,34.90259548684404,120.0,4,3.067844058708865e+21,31797993.10433959,88215613484211.56,3911174.622326642,1.533930850915781e+21,1247269.9449855876,5.333276931196451e-09,0,0,1,0.0,0.0,0
531,73102877.92199811,4,0.0,5570477.312388893,100209296468,37.71020431329178,120.0,5,3.0786106811927e+21,31944285.769069266,88277612270532.17,3947506.3086110954,1.539314168357577e+21,1247269.9449855876,5.311449058353901e-09,0,0,1,0.0,0.0,0
532,66473733.46147415,4,0.0,5581261.49010151,100387822735,34.68256990277036,120.0,4,3.0896513836676463e+21,31794387.30877894,87956762489174.52,3909812.2557550124,1.544834487510072e+21,1247269.9449855876,5.2241375669837e-09,0,0,1,0.0,0.0,0
533,73102877.92199811,4,0.0,5581736.582785367,100559719858,37.65729995848573,120.0,5,3.1006196574221244e+21,31951794.125781815,88011490859868.98,3946143.942039466,1.5503186298601482e+21,1188172.1307299063,1.8044374883174896e-09,0,0,1,0.0,0.0,0
534,66473733.46147415,4,0.0,5592229.408317098,100738246125,34.954327301674084,120.0,4,3.1118633826108037e+21,31799763.087301265,87964117969316.34,3908449.889183383,1.5559404877171988e+21,1236781.2664736765,1.6007106751203537e-09,0,0,1,0.0,0.0,0
535,71459867.69797301,4,0.0,5593698.198733415,100911786258,37.70896692986054,120.0,5,3.122759936313429e+21,31976680.451892138,88161024080546.62,3944781.5754678366,1.5613887842591223e+21,1211109.231723284,1.6298145055770874e-09,0,0,1,0.0,0.0,0
536,51214194.043711215,3,0.0,5612819.3800051585,101105572064,45.65965708250873,120.0,3,3.134363824555943e+21,31691483.694420457,87652219934688.67,3907087.5226117535,1.5671906774999648e+21,1189756.618010323,3.4633558243513107e-09,0,0,1,0.0,0.0,0
537,71988732.10436352,4,0.0,5607440.777591202,101278583331,30.156713384802533,120.0,5,3.145283781106123e+21,31968375.441016443,87914082804529.48,3943419.208896207,1.5726506819613418e+21,1189756.618010323,3.4924596548080444e-09,0,0,1,0.0,0.0,0
538,51214194.043711215,3,0.0,5626561.958862946,101472369137,45.6591478165736,120.0,3,3.156930395513851e+21,31630598.930446032,87413577665060.78,3905725.156040124,1.5784739391146922e+21,1189756.618010323,3.4633558243513107e-09,0,0,1,0.0,0.0,0
539,72517596.51075402,4,0.0,5627208.079277519,101644851541,37.65955986784654,120.0,5,3.168031703311868e+21,31845192.513445247,87653776525960.1,3942056.8423245777,1.5840246170335867e+21,1189756.618010323,3.4924596548080444e-09,0,0,1,0.0,0.0,0
540,64246033.00139031,4,0.0,5637845.503567426,101825605507,35.00530648358249,120.0,4,3.179445504098894e+21,31695088.88159059,87699986269437.3,3904362.7894684947,1.589731522048074e+21,1189765.8551225944,5.340552888810635e-09,0,0,1,0.0,0.0,0
541,70875177.46191427,4,0.0,5640974.739436921,101999730330,37.70693883592834,120.0,5,3.190480435972712e+21,31865706.692723274,87904612955633.44,3940696.785031016,1.5952490084476516e+21,1266326.6126806743,6.693881005048752e-09,0,0,1,0.0,0.0,0
542,51214785.218894035,3,0.0,5662222.736711835,102193515544,45.71264291108752,120.0,3,3.2022120387594095e+21,31561367.436584026,87399281410293.42,3903002.7321749427,1.6011147593078457e+21,1266326.6126806345,6.4828782342374325e-09,0,0,1,0.0,0.0,0
543,70875177.46191427,4,0.0,5659696.04906462,102367640367,30.158132332223214,120.0,5,3.2132872794462817e+21,31770024.932911187,87654849400560.77,3939336.7277374743,1.606652405208081e+21,1266326.6126806345,6.475602276623249e-09,0,0,1,0.0,0.0,0
544,51214785.21889149,3,0.0,5680944.046339536,102561425582,45.711655537852884,120.0,3,3.225061697421236e+21,31453500.3389084,87159018910805.77,3902614.542949694,1.612539564612509e+21,1266326.6126806345,6.475602276623249e-09,0,0,1,0.0,0.0,0
545,70875177.46191427,4,0.0,5684064.590144483,102735550405,37.66160262929353,120.0,5,3.236319265124581e+21,31639335.702257212,87383192876528.88,3938054.899024839,1.6181683708815781e+21,1266013.6983570075,6.6211214289069176e-09,0,0,1,0.0,0.0,0
546,64242496.8531466,4,0.0,5696820.777473074,102916307907,35.066179492313765,120.0,4,3.247856790469259e+21,31520694.42485347,87429978214312.5,3902614.542949694,1.623937138232451e+21,1266584.2746880334,6.708432920277119e-09,0,0,1,0.0,0.0,0
547,70948211.2322856,4,0.0,5699941.321278021,103090359695,37.70531916408335,120.0,5,3.259009413972804e+21,31705151.515694465,87659360477083.86,3936851.298893111,1.62951347292245e+21,1266584.2746880334,6.737536750733852e-09,0,0,1,0.0,0.0,0
548,51174732.18546721,3,0.0,5721205.167895466,103284184963,45.7759126343313,120.0,3,3.2708695302197823e+21,31426489.030981984,87180530292375.6,3902614.542949694,1.6354434831629204e+21,1266584.2746880334,6.7102519096806645e-09,0,0,1,0.0,0.0,0
549,71015698.24493669,4,0.0,5718591.745194526,103458169266,30.159494074686933,120.0,5,3.2820601500281995e+21,31675275.234036982,87467263934423.88,3935626.031739038,1.6410388217404931e+21,1266497.6065986545,4.498360794968903e-09,0,0,1,0.0,0.0,0
550,51169185.42774697,3,0.0,5739854.388088507,103652000080,45.77426795282833,120.0,3,3.2939632833035376e+21,31396349.128181335,86991932110815.1,3902614.542949694,1.6469903408449797e+21,1266497.6065986545,4.498360794968903e-09,0,0,1,0.0,0.0,0
551,71088732.01530801,4,0.0,5742944.436931862,103825911348,37.663752182607894,120.0,5,3.305337784972382e+21,31599940.282566044,87245041568345.6,3934400.764584965,1.6526776169903479e+21,1266497.6065986545,4.496541805565357e-09,0,0,1,0.0,0.0,0
552,64416043.44671956,4,0.0,5758455.30264228,104006495305,50.59604475286829,120.0,5,3.316995562631888e+21,31482865.01293881,87628236775161.03,3948544.1164567037,1.6585065441396216e+21,1266443.0585574808,6.943082553334534e-09,0,0,1,0.0,0.0,0
553,45156741.41783437,3,0.0,5781021.214169211,104206338564,45.26640664975395,120.0,3,3.328815455906682e+21,31240313.054679386,86540705703197.81,3910928.2921815375,1.6644163820239113e+21,1266443.0585574808,6.941263563930988e-09,0,0,1,0.0,0.0,0
554,51165694.35311185,3,0.0,5802283.099451508,104400172869,45.770755408287286,120.0,3,3.3408044452703277e+21,31070382.8126536,86109687634545.62,3902614.542949694,1.6704108336039272e+21,1266443.0585574808,6.957634468562901e-09,0,0,1,0.0,0.0,0
555,97013740.46351142,4,0.0,5788369.197305658,104548159129,26.649453417570193,120.0,5,3.351115289450468e+21,31725130.411228906,87183317789760.39,3909689.388017171,1.6755663630570129e+21,1266443.0585574808,6.943082553334534e-09,0,0,1,0.0,0.0,0
556,50382052.71528432,3,0.0,5809461.021468636,104742777076,45.765608297535906,120.0,3,3.363157248194003e+21,31452054.854513563,86728812987337.19,3902614.542949694,1.6815872969783e+21,1254198.6579664256,6.943082553334534e-09,0,0,1,0.0,0.0,0
557,71085240.94067289,4,0.0,5812211.705685032,104916691836,33.707576608670124,120.0,5,3.3746526448642404e+21,31667849.49845845,87072667976340.67,3914572.684148332,1.6873350296989178e+21,1254198.6579664256,6.970367394387722e-09,0,0,1,0.0,0.0,0
558,62848760.171064496,4,0.0,5827722.571395451,105098843075,49.79256877474296,120.0,5,3.386456875830908e+21,31538234.643918514,87420602430643.03,3931777.1361678345,1.693237179975697e+21,1254198.6579664256,6.943082553334534e-09,0,0,1,0.0,0.0,0
559,65364541.74229254,4,0.0,5834197.66915246,105278478532,35.558246160942154,120.0,5,3.3979303475582185e+21,31658948.736918923,87431292944009.61,3948868.675182725,1.6989739169084036e+21,1254198.6579664256,6.941263563930988e-09,0,0,1,0.0,0.0,0
560,50988090.16927041,3,0.0,5853278.191738371,105472490443,45.747639617825484,120.0,3,3.410015509088794e+21,31446790.423639074,87080661172756.06,3914313.9510553223,1.705016462610514e+21,1186526.4688013205,4.636603989638388e-09,0,0,1,0.0,0.0,0
561,66754220.83410616,4,0.0,5851202.565795996,105650736222,30.162705202700657,120.0,5,3.4215084786739865e+21,31674950.162106197,87316215539638.17,3936833.92402261,1.710762970958547e+21,1185979.9130906384,2.1700543584302068e-09,0,0,1,0.0,0.0,0
562,45267390.97089005,3,0.0,5871509.377459038,105850468831,45.73934334689888,120.0,3,3.43385860800676e+21,31412807.091314275,86803634272826.16,3902614.542949694,1.7169379843668074e+21,1185979.9130906384,2.1700543584302068e-09,0,0,1,0.0,0.0,0
563,66754220.83410616,4,0.0,5875184.771088543,106028714610,35.15515452302071,120.0,5,3.445541451159176e+21,31578120.871240675,86999764092905.14,3924799.172862495,1.7227794255559975e+21,1185979.9130906384,2.168235369026661e-09,0,0,1,0.0,0.0,0
564,58517740.06449777,4,0.0,5889740.563179705,106215196870,50.559323240171544,120.0,5,3.4576388632520656e+21,31482342.111283287,87308995357721.84,3942003.6248819972,1.7288281625255687e+21,1185979.9130906384,2.1700543584302068e-09,0,0,1,0.0,0.0,0
565,40825721.31126763,3,0.0,5911011.278848738,106419371149,45.26806738415563,120.0,3,3.469876316620803e+21,31179372.792794257,86263607078843.52,3907448.9007545947,1.7349467846711095e+21,1185979.9130906384,2.168235369026661e-09,0,0,1,0.0,0.0,0
566,45267390.97089005,3,0.0,5931318.09051178,106619103758,45.723658572967665,120.0,3,3.4823143464898695e+21,30992661.14240487,85801505972891.67,3902614.542949694,1.741165753395532e+21,1185979.9130906384,2.191882231272757e-09,0,0,1,0.0,0.0,0
567,92682720.3569447,4,0.0,5920864.2853263365,106771421037,35.59802290522684,120.0,5,3.4929144520100455e+21,31677712.86206325,87300797451022.58,3947173.3257413846,1.7464659560847678e+21,1185979.9130906384,2.1700543584302068e-09,0,0,1,0.0,0.0,0
568,45267390.97089005,3,0.0,5941171.096989377,106971153646,45.71698802350666,120.0,3,3.505394354706171e+21,31415569.79127133,86793517491329.92,3912618.601613982,1.7527058567048347e+21,1185979.9130906384,2.1700543584302068e-09,0,0,1,0.0,0.0,0
569,68829774.31012249,4,0.0,5944395.809278164,107147323873,37.67221236540483,120.0,5,3.517051937087501e+21,31593049.650713462,87023133051314.78,3935138.5745812696,1.7585346708570558e+21,1202185.9078876113,2.2846506908535957e-09,0,0,1,0.0,0.0,0
570,59555516.802505925,4,0.0,5956075.8341741,107332768355,35.05284404656023,120.0,4,3.5291676634241764e+21,31506258.277733292,87051956926396.4,3902614.542949694,1.7645925369077807e+21,1202185.9078876113,2.2864696802571416e-09,0,0,1,0.0,0.0,0
571,69867551.04813065,4,0.0,5958850.122531461,107507900805,34.8772984473686,120.0,5,3.540672579052301e+21,31697996.662056964,87321647395517.27,3923103.8234211546,1.7703450216908902e+21,1202185.9078876113,2.3137545213103294e-09,0,0,1,0.0,0.0,0
572,46305167.70889822,3,0.0,5979156.676785213,107706595637,45.76542075321939,120.0,3,3.5531311112451533e+21,31431802.0925658,86810077600536.02,3902614.542949694,1.7765742366303367e+21,1202185.9078876113,2.2864696802571416e-09,0,0,1,0.0,0.0,0
573,69867551.04813065,4,0.0,5975632.602332081,107881728086,26.745428288957527,120.0,5,3.564675672706899e+21,31702274.03397612,87159447622904.95,3911069.0722610396,1.782346552298212e+21,1182481.5512974637,3.741661203093827e-09,0,0,1,0.0,0.0,0
574,46305167.70889822,3,0.0,5995391.813347217,108080422918,45.75842842007225,120.0,3,3.57717704770329e+21,31431998.464200348,86659652152651.0,3902614.542949694,1.7885971898168603e+21,1182481.5512974637,3.3778633223846555e-09,0,0,1,0.0,0.0,0
575,69867551.04813065,4,0.0,5997618.7584659625,108255555366,32.636157377632586,120.0,5,3.5889136064006303e+21,31635545.76346893,86963173743701.73,3899034.3211009246,1.7944654995176895e+21,1182481.5512974637,3.739842213690281e-09,0,0,1,0.0,0.0,0
576,59555516.802505925,4,0.0,6011626.949909221,108440999849,45.52177846922288,120.0,5,3.60115326329529e+21,31535713.188128702,87248378250733.17,3916238.773120427,1.80058535648547e+21,1182481.5512974637,3.3778633223846555e-09,0,0,1,0.0,0.0,0
577,69867551.04813065,4,0.0,6013853.895027967,108616132299,37.7102702186893,120.0,5,3.6127762352668116e+21,31745418.86395997,87558718807878.38,3938758.7460877146,1.8063968735052867e+21,1182481.5512974637,3.747118171304464e-09,0,0,1,0.0,0.0,0
578,47929855.11863577,3,0.0,6033965.685776119,108813202443,45.75283180862864,120.0,3,3.6253376754493146e+21,31471457.51322777,87018270348274.66,3902614.542949694,1.8126775395516922e+21,1207867.292074613,3.2614480005577207e-09,0,0,1,0.0,0.0,0
579,69867551.04813065,4,0.0,6031146.770789019,108988334892,26.96213508671342,120.0,5,3.637000259497101e+21,31716543.713860933,87281656772581.28,3914031.1245390247,1.8185088579142277e+21,1207867.2920746168,2.5047484086826444e-09,0,0,1,0.0,0.0,0
580,49554542.52837333,3,0.0,6050906.160983529,109183780350,45.76085587994683,120.0,3,3.64957932915997e+21,31446266.531470787,86818655366939.22,3902614.542949694,1.8247983464455217e+21,1207873.7425321199,3.625245881266892e-09,0,0,1,0.0,0.0,0
581,57532543.441989124,4,0.0,6069673.878350462,109371247806,48.65476277249775,120.0,4,3.6619539143540107e+21,31159388.194854423,86082845998089.9,3902614.542949694,1.8309855654616053e+21,1234501.6528768702,2.648448571562767e-09,0,0,1,0.0,0.0,0
582,57524216.687230304,4,0.0,6085566.085931454,109558723590,41.76653618581775,120.0,4,3.674350607639719e+21,30988189.656680405,85874418741130.64,3902614.542949694,1.8371838912617337e+21,1234371.5473337637,2.7084752218797803e-09,0,0,1,0.0,0.0,0
583,57524216.687230304,4,0.0,6104333.803298386,109746199373,48.80107796571166,120.0,4,3.6866133613283094e+21,30782695.397480525,85202197283245.67,3902614.542949694,1.843315200883883e+21,1234371.5473337637,2.6921043172478676e-09,0,0,1,0.0,0.0,0
584,43390882.06004374,3,0.0,6125787.648229335,109947808492,46.00572739289871,120.0,3,3.6993766954270715e+21,30497709.985939734,84325511986959.89,3902614.542949694,1.8496967802647345e+21,1220574.898371594,2.43198883254081e-09,0,0,1,0.0,0.0,0
585,56641374.81886968,4,0.0,6143694.447103777,110136167116,41.419029834815625,120.0,4,3.7116962548752104e+21,30428544.69472864,84102394029764.73,3902614.542949694,1.8558565376770082e+21,1299920.1896939802,3.639797796495259e-09,0,0,1,0.0,0.0,0
586,43390882.06004374,3,0.0,6167352.327904792,110337776234,46.13153953159084,120.0,3,3.724503550311766e+21,30171595.7591512,83200334111824.67,3902614.542949694,1.8622600951892943e+21,1299920.1896939802,3.639797796495259e-09,0,0,1,0.0,0.0,0
587,56641662.14930612,4,0.0,6188134.605387826,110526134573,48.97724270131319,120.0,4,3.7370208285651915e+21,29983468.97280151,82581275986065.1,3902614.542949694,1.8685186724101945e+21,1299920.1896939802,3.637978807091713e-09,0,0,1,0.0,0.0,0
588,56641805.81452435,4,0.0,6206041.217198182,110714492766,41.349433378870096,120.0,4,3.7495593751886184e+21,29898865.589475956,82424407833293.06,3902614.542949694,1.8747879300350925e+21,1299920.1896939802,3.639797796495259e-09,0,0,1,0.0,0.0,0
589,181877586.16311523,4,0.0,6168054.459283144,110777615181,41.03578360890646,120.0,4,3.756903805200384e+21,31708335.190161135,85759674561876.0,3902614.542949694,1.878460478567648e+21,1255545.0828652792,4.40741132479161e-09,0,0,1,0.0,0.0,0
590,52412027.41583718,3,0.0,6188521.984391916,110970203153,46.562455386775206,120.0,3,3.769425829804562e+21,31460119.746425197,85062309321223.38,3902614.542949694,1.8847214211332133e+21,1255545.0828652792,3.794411895796657e-09,0,0,1,0.0,0.0,0
591,69862690.80769184,4,0.0,6196286.906506818,111145340463,35.67344151266174,120.0,4,3.7813271189593653e+21,31629092.209351383,85388209480955.33,3902614.542949694,1.8906720983006307e+21,1255545.0828652792,4.405592335388064e-09,0,0,1,0.0,0.0,0
592,52412027.41583718,3,0.0,6216754.431615587,111337928435,46.97393935284567,120.0,3,3.7938906586046e+21,31413404.153487075,84700641787663.0,3902614.542949694,1.8969537993664787e+21,1255545.0828652792,4.405592335388064e-09,0,0,1,0.0,0.0,0
593,69772654.23406532,4,0.0,6227385.2809870215,111513155782,41.57651312858276,120.0,4,3.8059889737274166e+21,31515871.53503818,84648824070515.4,3902614.542949694,1.9030029517461153e+21,1255545.0828652792,4.409230314195156e-09,0,0,1,0.0,0.0,0
594,65393128.77987467,4,0.0,6242218.647517651,111692762651,42.14396317914378,120.0,4,3.8182836994734503e+21,31416516.724337906,84623453783642.42,3902614.542949694,1.9091503120821036e+21,1255545.0828652792,3.6670826375484467e-09,0,0,1,0.0,0.0,0
595,69727635.94725205,4,0.0,6252859.266482577,111868035015,42.39013688869097,120.0,4,3.830267663495061e+21,31533199.085915044,84581981551964.7,3902614.542949694,1.9151422899456857e+21,1255545.0828652792,3.663444658741355e-09,0,0,1,0.0,0.0,0
596,52273741.37050149,3,0.0,6273296.781598871,112060761274,49.67083603626826,120.0,3,3.842915916686786e+21,31318578.767963924,83919068577404.83,3902614.542949694,1.9214663502502507e+21,1253384.3634069087,3.794411895796657e-09,0,0,1,0.0,0.0,0
597,69589349.90191635,4,0.0,6281090.278038086,112236171925,38.78098031306259,120.0,5,3.8549414364900916e+21,31486509.33500387,84255961430994.72,3902614.542949694,1.9274791438411888e+21,1253383.1666170142,6.333721103146672e-09,0,0,1,0.0,0.0,0
598,52273588.181394994,3,0.0,6301527.793154378,112428898336,60.20316926742864,120.0,4,3.86763123312757e+21,31271888.418657802,83601569345216.97,3902614.542949694,1.9338239767207194e+21,1253383.1666170142,6.333721103146672e-09,0,0,1,0.0,0.0,0
599,54931263.83315474,3,0.0,6309248.466811467,112618967073,30.411606103613252,120.0,3,3.8807812231328935e+21,31382576.132501256,83439167549622.16,3845356.3942435943,1.9403989554832018e+21,1253320.8241683715,6.511982064694166e-09,0,0,1,0.0,0.0,0
