t,secure_bps,violations,k_min,k_mean,q_total,aos_mean,aos_max,rekey,q_sumsq,z_l1,z_sumsq,z_max,lyapunov,key_inflow,key_overflow,cg_iters,cg_columns,cg_converged,obj_lp,obj_greedy,key_blocked_edges
0,245000000.0,0,2109375.0,2425130.2083333335,0,0.8811589100178921,0.9476988686844755,0,0.0,2695312.5,782012939453.125,390625.0,78201293945312.5,0.0,0.0,0,0,1,0.0,0.0,0
1,245000000.0,0,1718750.0,2350260.4166666665,0,1.9895459465001724,2.1629597325192615,0,0.0,5390625.0,3128051757812.5,781250.0,312805175781250.0,0.0,0.0,0,0,1,0.0,0.0,0
2,245000000.0,0,1328125.0,2275390.625,0,3.1457070394308886,3.5047493651838613,0,0.0,8085937.5,7038116455078.125,1171875.0,703811645507812.5,0.0,0.0,0,0,1,0.0,0.0,0
3,245000000.0,0,937500.0,2200520.8333333335,0,4.403834662756154,5.131060202450719,0,0.0,10781250.0,12512207031250.0,1562500.0,1251220703125000.0,0.0,0.0,0,0,1,0.0,0.0,0
4,245000000.0,0,546875.0,2125651.050486581,0,4.635647843148724,7.650467716176135,0,0.0,13476562.182483094,19550322618117.863,1953125.0,1955032261811786.2,0.3175169055994321,1.7190818213386194e-10,0,0,1,0.0,0.0,0
5,245000000.0,0,156250.0,2050781.2676398281,0,8.39631605760406,17.71860095389507,0,0.0,16171874.36496619,28152463736607.91,2343750.0,2815246373660791.0,0.3175169055994321,1.7190818213386194e-10,0,0,1,0.0,0.0,0
6,185000000.0,1,0.0,2001953.1514597419,60000000,44.912605006406146,126.0,4,3600000000000000.0,17929686.547449283,33411404047474.215,2500000.0,5141140404747422.0,0.3175169055994321,1.7190818213386194e-10,0,0,1,0.0,0.0,0
7,305000000.0,0,0.0,1901041.701946323,0,7.394752167118914,10.194888178913738,0,0.0,21562498.72993238,39111323362246.82,2500000.0,3911132336224682.0,0.3175169055994321,1.7190820988943756e-10,0,0,1,0.0,0.0,0
8,245000000.0,0,0.0,1826373.8487970042,0,10.5004877417281,33.27646129541864,0,0.0,24250541.44330785,45858604060065.766,2500000.0,4585860406006577.0,7269.786624528476,4.092726157978177e-12,0,0,1,0.0,0.0,0
9,125000000.0,1,0.0,1799449.051203241,120000000,23.60918507932908,129.0,1,1.04e+16,25219834.156683322,48772157440869.58,2500000.0,1.0077215744086958e+16,7269.786624528476,4.092726157978177e-12,0,0,1,0.0,0.0,0
10,105000000.0,0,0.0,1778168.9763218206,260000000,7.890715118527008,15.672753057968446,0,4.36e+16,25997656.85682554,51211424291026.61,2500000.0,2.692114242910266e+16,54229.804268863154,7.548806024715304e-11,0,0,1,0.0,0.0,0
11,105000000.0,0,0.0,1756888.9014404002,400000000,10.750049606937301,23.71860095389507,0,1e+17,26775479.55696776,53890353288666.86,2500000.0,5.538903532886669e+16,54229.804268863154,7.548806024715304e-11,0,0,1,0.0,0.0,0
12,95000000.0,1,0.0,1737778.9654478687,550000000,47.21266048703345,132.0,2,1.797e+17,27475177.25710998,56415977640883.9,2500000.0,9.549159776408838e+16,54229.804268863154,7.503331289626658e-11,0,0,1,0.0,0.0,0
13,55000000.0,0,0.0,1727468.8684669768,740000000,5.268727661345311,14.763960090402955,0,2.86e+17,27860227.855042685,57511988773322.664,2500000.0,1.4875119887733226e+17,58524.008687897054,2.2509993868879974e-10,0,0,1,0.0,0.0,0
14,55000000.0,0,0.0,1717158.771486085,930000000,5.771527751496369,15.930210815212474,0,4.205e+17,28245278.45297539,58695995425787.3,2500000.0,2.1611959954257872e+17,58524.008687897054,2.2509993868879974e-10,0,0,1,0.0,0.0,0
15,55000000.0,0,0.0,1706848.6745051935,1120000000,6.353559956400459,17.13106020245072,0,5.832e+17,28630329.050908092,59967997598277.8,2500000.0,2.975967997598278e+17,58524.008687897054,2.2328094928525388e-10,0,0,1,0.0,0.0,0
16,55000000.0,0,0.0,1696538.5775243016,1310000000,7.062867791026362,18.378563199167502,0,7.741e+17,29015379.648840796,61327995290794.164,2500000.0,3.931827995290794e+17,58524.008687897054,2.2328094928525388e-10,0,0,1,0.0,0.0,0
17,55000000.0,0,0.0,1686228.4805434097,1500000000,7.999649396492775,19.691110924228408,0,9.932e+17,29400430.2467735,62775988503336.41,2500000.0,5.0287759885033363e+17,58524.008687897054,2.396518539171666e-10,0,0,1,0.0,0.0,0
18,55000000.0,0,0.0,1675918.3835625178,1690000000,9.41849051803813,21.098223362540544,0,1.2405e+18,29785480.844706204,64311977235904.51,2500000.0,6.266811977235904e+17,58524.008687897054,2.3919710656628013e-10,0,0,1,0.0,0.0,0
19,55000000.0,0,0.0,1665608.2865816264,1880000000,12.241178605336525,22.650467716176134,0,1.516e+18,30170531.442638908,65935961488498.484,2500000.0,7.645935961488498e+17,58524.008687897054,2.3919710656628013e-10,0,0,1,0.0,0.0,0
20,55000000.0,0,0.0,1655298.1896007347,2070000000,25.101466930834697,41.10920120026736,1,1.8197e+18,30555582.04057161,67647941261118.32,2500000.0,9.166147941261119e+17,58524.008687897054,2.2259882825892419e-10,0,0,1,0.0,0.0,0
21,41513810.09990525,1,0.0,1644331.0569862034,2273486190,25.600019961164293,120.0,1,2.1517818773180214e+18,30951472.365799494,68717312369948.64,2500000.0,1.0827626698960055e+18,58524.008687897054,2.2464519133791327e-10,0,0,1,0.0,0.0,0
22,25000000.0,0,0.0,1640531.3766719783,2493486190,17.376840226868826,29.84602182174819,0,2.513591048712027e+18,31089334.408216357,69375919224752.516,2500000.0,1.2637331162784888e+18,58524.008687897054,2.2259882825892419e-10,0,0,1,0.0,0.0,0
23,25000000.0,0,0.0,1636731.6963577531,2713486190,20.968655932254343,35.71860095389507,0,2.9054002201060326e+18,31227196.450633217,70069223074588.77,2500000.0,1.4597070323604751e+18,58524.008687897054,2.2259882825892419e-10,0,0,1,0.0,0.0,0
24,25000000.0,0,0.0,1632932.016043528,2933486190,33.02307585597001,57.560566334556896,0,3.3272093915000387e+18,31365058.49305008,70797223919457.4,2500000.0,1.670684418141965e+18,58524.008687897054,2.2259882825892419e-10,0,0,1,0.0,0.0,0
25,15000000.0,1,0.0,1632031.6924429873,3163486190,77.7745918371524,145.0,1,3.779118562894044e+18,31404358.595328204,71126515124503.23,2500000.0,1.8966719329594724e+18,84775.85038053441,1.766693458193913e-10,0,0,1,0.0,0.0,0
26,0.0,0,0.0,1634386.5771757802,3408486190,0.0,0.0,0,4.2620527342880497e+18,31333900.271108594,70898875563372.86,2500000.0,2.1381162547003622e+18,84775.85038053441,1.7644197214394808e-10,0,0,1,0.0,0.0,0
27,0.0,0,0.0,1637023.7139805905,3653486190,0.0,0.0,0,4.776236905682055e+18,31260880.130722575,70641965187267.22,2500000.0,2.395182649359754e+18,94936.92497317915,3.80168785341084e-10,0,0,1,0.0,0.0,0
28,28653029.241734896,2,0.0,1626092.9486851427,3869833160,50.63112346204993,120.0,3,5.276523258624067e+18,31666875.74463904,71007118991522.75,2500000.0,2.6453623412111857e+18,166121.92674151316,3.8107828004285693e-10,0,0,1,0.0,0.0,0
29,12833810.978105333,1,0.0,1627922.3314205613,4101999349,86.84181673797663,120.0,2,5.844286976397062e+18,31613506.029444315,70890880592986.56,2500000.0,2.92923257625783e+18,166121.92674151316,3.7834979593753815e-10,0,0,1,0.0,0.0,0
30,0.0,0,0.0,1632536.8293856033,4346999349,0.0,0.0,0,6.448872346500625e+18,31459872.16598314,70283770311592.85,2500000.0,3.231464550281472e+18,166121.92674151316,3.7562131183221936e-10,0,0,1,0.0,0.0,0
31,30126638.7428592,2,0.0,1620806.579768799,4561872711,52.15252990289624,120.0,3,7.029989195184296e+18,31894649.215468436,70758849734171.64,2500000.0,3.522070482565565e+18,166121.92674151316,3.7562131183221936e-10,0,0,1,0.0,0.0,0
32,14571689.060651677,1,0.0,1622258.8188231094,4792301022,120.0,120.0,2,7.68493917461745e+18,31854856.672793604,70715102403041.31,2500000.0000000005,3.8495410975490294e+18,166121.92674151316,3.7562131183221936e-10,0,0,1,0.0,0.0,0
33,0.0,0,0.0,1627342.0481337027,5037301022,0.0,0.0,0,8.379688845890517e+18,31690350.27064678,70066327808960.16,2500000.0,4.196851055726155e+18,182996.25518135852,4.1382008930668235e-10,0,0,1,0.0,0.0,0
34,30126638.7428592,2,0.0,1616080.5298624497,5252174384,53.675804168787764,120.0,3,9.043743417645062e+18,32119360.026460852,70559405197410.5,2500000.0,4.528927649342272e+18,182996.25518135852,4.1654857341200113e-10,0,0,1,0.0,0.0,0
35,15554949.682207521,1,0.0,1614412.478929029,5481619434,30.684467486034414,120.0,1,9.78589051849547e+18,32179409.86006399,70313079726141.8,2500000.0,4.899976567220349e+18,182996.25518135852,4.2018655221909285e-10,0,0,1,0.0,0.0,0
36,0.0,0,0.0,1619495.7082396224,5726619434,0.0,0.0,0,1.0570745495300745e+19,31996413.60488263,69665261368567.94,2500000.0,5.292339273787229e+18,182996.25518135852,4.18367562815547e-10,0,0,1,0.0,0.0,0
37,30126638.7428592,2,0.0,1608517.7594475623,5941492794,55.20101435684161,120.0,3,1.1317678794488873e+19,32391619.761396796,70198261933445.625,2500000.0,5.665859223437781e+18,193204.75643230445,7.712515071034431e-10,0,0,1,0.0,0.0,0
38,15063319.3714296,1,0.0,1607346.6592046097,6171429475,30.6893680964493,120.0,1,1.2148072652016757e+19,32433779.37014308,69927283066258.95,2500000.0,6.081029054315004e+18,193204.75643230445,7.712515071034431e-10,0,0,1,0.0,0.0,0
39,0.0,0,0.0,1612713.457994396,6416429475,0.0,0.0,0,1.302306243217289e+19,32240574.613710776,69261318859922.88,2500000.0,6.518457347972437e+18,193204.75643230445,7.712515071034431e-10,0,0,1,0.0,0.0,0
40,30126638.7428592,2,0.0,1601735.509202336,6631302837,56.72836902508252,120.0,3,1.3852903956613243e+19,32635780.77022494,69854950039179.484,2500000.0,6.93343747331054e+18,193204.75643230445,7.685230229981244e-10,0,0,1,0.0,0.0,0
41,15063319.3714296,1,0.0,1603833.3584757529,6861239517,119.1169959269306,120.0,2,1.4771175027186098e+19,32560258.19638193,69772414919344.64,2500000.0,7.392564755084983e+18,193204.75643230445,7.667040335945785e-10,0,0,1,0.0,0.0,0
42,0.0,0,0.0,1609847.7193407777,7106239517,0.0,0.0,0,1.573629961069309e+19,32363619.813549824,69073499291896.555,2500000.0,7.875057155275734e+18,216516.99114089212,7.785274647176266e-10,0,0,1,0.0,0.0,0
43,30126638.7428592,2,0.0,1599517.3326239558,7321112879,45.35653914917513,120.0,3,1.6649049360385671e+19,32758048.43942285,69687807662407.82,2500000.0,8.331493460959076e+18,216516.99114089212,7.785274647176266e-10,0,0,1,0.0,0.0,0
44,15063319.3714296,1,0.0,1598993.7944562424,7551049560,30.67956483723573,120.0,1,1.7655197644003496e+19,32782723.87213769,69378070987790.47,2500000.0,8.834536629100527e+18,216516.99114089212,7.794369594193995e-10,0,0,1,0.0,0.0,0
45,0.0,0,0.0,1605008.1553212674,7796049560,0.0,0.0,0,1.8710457030861345e+19,32572034.939673945,68679418374485.19,2500000.0,9.362096457268122e+18,216516.99114089212,7.785274647176266e-10,0,0,1,0.0,0.0,0
46,41075670.32860016,3,0.0,1593194.5342728368,7999973889,48.46125086826975,120.0,4,1.969446196615973e+19,33003153.35609458,69611670081945.17,2500000.000000002,9.854192150088059e+18,216516.99114089212,7.785274647176266e-10,0,0,1,0.0,0.0,0
47,15063319.3714296,1,0.0,1595939.9456214926,8229910569,120.0,120.0,2,2.078826349615531e+19,32918132.096486684,69496519209020.7,2500000.0,1.0401081399998556e+19,216516.99114089212,8.249116945080459e-10,0,0,1,0.0,0.0,0
48,0.0,0,0.0,1601954.3064865172,8474910569,0.0,0.0,0,2.1933041887346725e+19,32724149.809413243,68803873888081.37,2500000.0,1.097340133106217e+19,216516.99114089212,7.848939276300371e-10,0,0,1,0.0,0.0,0
49,32183782.63570352,2,0.0,1590284.633381125,8687726787,38.47739496744421,120.0,2,2.300475370286219e+19,33166792.745274805,69620271212315.695,2500000.0,1.1509338878552326e+19,216516.99114089212,7.894414011389017e-10,0,0,1,0.0,0.0,0
50,15063319.3714296,1,0.0,1589761.0952134114,8917663468,30.674588510894136,120.0,1,2.418626787439131e+19,33191468.177989647,69317153078205.164,2500000.0,1.2100065652503476e+19,216516.99114089212,7.948983693495393e-10,0,0,1,0.0,0.0,0
51,0.0,0,0.0,1595775.4560784362,9162663468,0.0,0.0,0,2.5421016497422156e+19,32980779.2455259,68623753396013.27,2500000.0,1.271737062405068e+19,216516.99114089212,7.948983693495393e-10,0,0,1,0.0,0.0,0
52,30126638.7428592,2,0.0,1588714.018877984,9377536828,50.340153793057794,120.0,3,2.658171055234271e+19,33240819.04341933,69328531011297.664,2500000.0,1.3297788129272484e+19,216516.99114089212,6.953086995054036e-10,0,0,1,0.0,0.0,0
53,15063319.3714296,1,0.0,1592290.0628674647,9607473508,120.0,120.0,2,2.78511019369168e+19,33133370.702509157,69150978064349.8,2499999.9999999995,1.3932466066264834e+19,246419.76621060094,9.922587196342647e-10,0,0,1,0.0,0.0,0
54,0.0,0,14951.387534854402,1599135.0563733147,9852473508,0.0,0.0,0,2.91759853632985e+19,32916961.33413343,68396007364244.88,2485048.612465146,1.4594832282385674e+19,246419.76621060094,9.949872037395835e-10,0,0,1,0.0,0.0,0
55,30126638.7428592,2,0.0,1589635.3022973184,10067346870,28.72135626963135,120.0,2,3.0419587643471282e+19,33288962.878704175,69117328052606.12,2500000.0,1.5216705554540902e+19,246419.76621060094,9.949872037395835e-10,0,0,1,0.0,0.0,0
56,15063319.3714296,1,0.0,1589942.3967704293,10297283551,30.66561000276002,120.0,1,3.1776856241090343e+19,33291211.230116736,68747192702146.34,2499999.9999999995,1.5895302839815385e+19,246419.76621060094,9.949872037395835e-10,0,0,1,0.0,0.0,0
57,0.0,0,19613.697098215624,1596787.3902762798,10542283551,0.0,0.0,0,3.3191874470822904e+19,33058095.21635071,67991724397373.195,2480386.302901784,1.6602736407851188e+19,246419.76621060094,9.977156878449023e-10,0,0,1,0.0,0.0,0
58,30126638.7428592,2,0.0,1587287.6362002837,10757156913,28.756198979751087,120.0,2,3.4518384976247906e+19,33413390.11553115,68759745577231.65,2500000.0,1.7266068462681676e+19,246419.76621060094,9.977156878449023e-10,0,0,1,0.0,0.0,0
59,15063319.3714296,1,0.0,1590863.6801897644,10987093594,120.0,120.0,2,3.596353078691194e+19,33305941.774620976,68585679593551.984,2499999.9999999995,1.7988623961415326e+19,246419.76621060094,9.977156878449023e-10,0,0,1,0.0,0.0,0
60,0.0,0,18763.316769612647,1597708.6736956143,11232093594,0.0,0.0,0,3.746868381999536e+19,33089532.40624525,67833937235589.24,2481236.6832303912,1.874112530372124e+19,246419.76621060094,9.949872037395835e-10,0,0,1,0.0,0.0,0
61,29839660.426992223,2,0.0,1591540.1474163404,11447253933,50.39166287998593,120.0,3,3.88794112409326e+19,33341609.75013399,68541599823784.49,2500000.0,1.9446559780448678e+19,246419.76621060094,9.949872037395835e-10,0,0,1,0.0,0.0,0
62,15063319.3714296,1,0.0,1591847.2418894516,11677190613,30.65700170556407,120.0,1,4.041246296247319e+19,33343858.101546552,68171896090477.36,2499999.9999999995,2.021304867084564e+19,246419.76621060094,9.922587196342647e-10,0,0,1,0.0,0.0,0
63,0.0,0,11656.11735429384,1598692.2353953016,11922190613,0.0,0.0,0,4.2007779496739045e+19,33110742.087780524,67421472680640.984,2488343.882645702,2.1010631895637586e+19,246419.76621060094,9.922587196342647e-10,0,0,1,0.0,0.0,0
64,30444009.203817032,2,0.0,1588775.7794101844,12136746604,28.905967272206972,120.0,2,4.349860543133151e+19,33481038.255689315,68306703038575.516,2500000.0,2.1756133385969615e+19,236496.1302514785,7.939888746477664e-10,0,0,1,0.0,0.0,0
65,15093711.516520455,1,0.0,1592069.9468095866,12366652893,120.0,120.0,2,4.511943443672794e+19,33383737.47202198,68170783646606.96,2499999.9999999995,2.256653429672863e+19,236509.64760128502,7.930793799459934e-10,0,0,1,0.0,0.0,0
66,0.0,0,16446.97398659306,1598639.6592429555,12611652893,0.0,0.0,0,4.680485251769131e+19,33177238.222255573,67455710863471.09,2483553.0260134116,2.3409171829932003e+19,236509.64760128502,7.930793799459934e-10,0,0,1,0.0,0.0,0
67,30217815.178131767,2,0.0,1588815.157712494,12826435077,28.851865731957837,120.0,2,4.8379657384167055e+19,33560930.67518705,68382541768643.3,2500000.0000000005,2.4196666946260394e+19,236509.64760128502,7.958078640513122e-10,0,0,1,0.0,0.0,0
68,15108907.589065883,1,0.0,1588827.1845603308,13056326169,30.64879253599814,120.0,1,5.00883134117859e+19,33573801.4611095,68044410551582.79,2500000.0,2.505096114694811e+19,236509.64760128502,7.958078640513122e-10,0,0,1,0.0,0.0,0
69,0.0,0,19877.266825268813,1596089.4936780722,13301326169,0.0,0.0,0,5.186385535492789e+19,33325662.08531538,67275416590228.1,2480122.733174731,2.5938655219122967e+19,261443.12823868575,5.102265276946127e-10,0,0,1,0.0,0.0,0
70,39970072.30207885,3,0.0,1589877.2038504307,13506356098,60.64406026478044,120.0,5,5.350547113150674e+19,33562608.27155506,68111667076850.78,2500000.0000000047,2.675954673246105e+19,295984.8897362347,4.483808879740536e-10,0,0,1,0.0,0.0,0
71,15265740.921806447,1,0.0,1594786.1285388926,13736090357,103.27965684724245,120.0,2,5.530151161149725e+19,33406998.146506425,67820529951865.55,2499999.9999999995,2.7657537858743812e+19,295984.8897362347,4.383764462545514e-10,0,0,1,0.0,0.0,0
72,0.0,0,11656.11735429384,1603007.9310315659,13981090357,0.0,0.0,0,5.716668686970702e+19,33141023.654605065,66946572864893.52,2488343.8826457,2.859003809214e+19,295984.8897362347,4.474713932722807e-10,0,0,1,0.0,0.0,0
73,34259448.38495274,2,0.0,1592625.7864146528,14191830908,26.988182277576026,120.0,2,5.888586899407803e+19,33544791.258648798,67989218603296.305,2500000.0,2.9449733418899345e+19,295984.8897362347,4.483808879740536e-10,0,0,1,0.0,0.0,0
74,15265740.921806447,1,0.0,1597534.7111031143,14421565167,120.0,120.0,2,6.076937999893082e+19,33398080.367699053,67703611839507.12,2499999.999999999,3.039146036064936e+19,295984.8897362347,4.383764462545514e-10,0,0,1,0.0,0.0,0
75,0.0,0,19877.266825268813,1605756.513595788,14666565167,0.0,0.0,0,6.272430752967701e+19,33132105.875797693,66833528944108.805,2480122.73317473,3.1368837117732917e+19,295984.8897362347,4.3655745685100555e-10,0,0,1,0.0,0.0,0
76,83074810.47758764,5,0.0,1585970.6430074507,14828490357,40.82577622528046,120.0,5,6.416799123736627e+19,33857700.96942239,69138418297263.984,2500000.000000004,3.2090909460512862e+19,378420.899448057,4.4656189857050776e-10,0,0,1,0.0,0.0,0
77,0.0,0,8638.819711838289,1598130.3140422935,15073490357,0.0,0.0,0,6.6176604091015225e+19,33450640.50437694,67710508745445.164,2491361.180288166,3.3095073096382157e+19,437748.1572543353,8.058123057708144e-10,0,0,1,0.0,0.0,0
78,58266300.412406415,3,0.0,1588648.439910533,15260224056,62.4878254851129,120.0,5,6.793799688478904e+19,33822675.6653292,69090751411857.555,2500000.0000000047,3.3975907517535707e+19,437748.1572543353,7.98536348156631e-10,0,0,1,0.0,0.0,0
79,14285094.089371687,1,0.0,1594629.0345663668,15490938962,30.63616421680845,120.0,1,6.996298494744154e+19,33638251.411303595,68011822488447.09,2499999.999999999,3.4988293655969616e+19,438506.0027564523,1.000444171950221e-09,0,0,1,0.0,0.0,0
80,41457939.715301774,2,0.0,1584317.3850578102,15694481022,27.143459391198668,120.0,2,7.182374656187904e+19,34040347.947196044,69027326404372.07,2499999.9999999995,3.5918776013579956e+19,438506.0027564523,9.931682143360376e-10,0,0,1,0.0,0.0,0
81,20728969.857650887,1,0.0,1587501.1586336617,15918752052,30.65035718909146,120.0,1,7.388621620330044e+19,33956609.2520498,68117873161973.39,2499999.999999999,3.694991988896642e+19,438506.0027564523,8.203642209991813e-10,0,0,1,0.0,0.0,0
82,47267424.012418106,3,0.0,1583664.9802885314,16116484628,55.37647252311707,120.0,5,7.579804665206186e+19,34125588.82605889,68739881789865.336,2500000.0000000037,3.7905897314209915e+19,438506.0027564523,9.022187441587448e-10,0,0,1,0.0,0.0,0
83,34358772.02824759,2,0.0,1580653.1619088424,16327125857,46.7813419113473,120.0,3,7.78345103022082e+19,34264891.4413121,69167052890042.4,2500000.0000000056,3.89241718563931e+19,438506.0027564523,9.949872037395835e-10,0,0,1,0.0,0.0,0
84,29882054.361026,2,0.0,1583189.5776042591,16542243802,55.51066829979811,120.0,3,7.989981137338288e+19,34204457.62986152,68701391621425.59,2499999.999999999,3.995677582585358e+19,438506.0027564523,8.021743269637227e-10,0,0,1,0.0,0.0,0
85,36499280.75042269,2,0.0,1575030.1238269869,16750744521,26.647131799565926,120.0,2,8.192169698164626e+19,34529075.11942773,69548117866816.75,2499999.999999999,4.096780330260981e+19,438506.0027564523,8.021743269637227e-10,0,0,1,0.0,0.0,0
86,20728969.857650887,1,0.0,1578213.8974028383,16975015551,30.673716007436706,120.0,1,8.412366296234418e+19,34445336.424281485,68663074939940.29,2499999.999999999,4.2068697788666085e+19,438506.0027564523,8.021743269637227e-10,0,0,1,0.0,0.0,0
87,38701290.997093245,2,0.0,1575110.7472884236,17181314260,47.50817856402104,120.0,3,8.618353203337948e+19,34587926.981984824,69268316339305.88,2499999.999999999,4.3098692848323674e+19,514530.5858216518,5.966285243630409e-10,0,0,1,0.0,0.0,0
88,56194132.12095606,4,0.0,1574360.8881775686,17370120129,60.576822312685614,120.0,5,8.824912887053923e+19,34645799.06356001,69793486057420.2,2500000.0000000065,4.4131543783875355e+19,514530.5858216518,5.893525667488575e-10,0,0,1,0.0,0.0,0
89,35287880.324972354,2,0.0,1568839.0098089867,17579832248,26.34476201941832,120.0,2,9.043667872940304e+19,34875463.83841336,70140778163233.84,2499999.999999999,4.522535344251784e+19,514530.5858216518,5.875335773453116e-10,0,0,1,0.0,0.0,0
90,17972321.139442354,1,0.0,1579231.2827789802,17806859926,120.0,120.0,2,9.26913595765201e+19,34532219.16507801,69251758082605.74,2499999.999999995,4.635260496406831e+19,514530.5858216518,6.166374078020453e-10,0,0,1,0.0,0.0,0
91,54579073.36233576,3,0.0,1565336.49076571,17997280854,28.04526013002601,120.0,3,9.48195745206337e+19,35063308.83114016,70538896474726.17,2499999.999999999,4.741684114996432e+19,514530.5858216518,5.875335773453116e-10,0,0,1,0.0,0.0,0
92,0.0,0,34555.278847353155,1579629.0070385332,18242280854,0.0,0.0,0,9.725710407539417e+19,34579655.398902915,68955489404874.42,2465444.7211526497,4.863544758663757e+19,514530.5858216518,6.111804395914078e-10,0,0,1,0.0,0.0,0
93,55235835.316248104,3,0.0,1572937.6311604131,18432045018,61.73990783299679,120.0,5,9.941634578890198e+19,34851422.08409966,70322103597684.836,2500000.0000000075,4.971520510481076e+19,514530.5858216518,6.184563972055912e-10,0,0,1,0.0,0.0,0
94,54218498.26912266,4,0.0,1569457.0262562663,18622826520,41.2957641079928,120.0,4,1.0164129730702942e+20,35007601.014233336,70627115675873.42,2500000.000000003,5.08277113650823e+19,514530.5858216518,6.093614501878619e-10,0,0,1,0.0,0.0,0
95,20728969.857650887,1,0.0,1570648.0437559038,18847097550,24.011690341673074,120.0,1,1.0404013738559267e+20,34995601.53783081,70675120728432.44,2499999.999999999,5.202713620486917e+19,528711.861025637,6.148184183984995e-10,0,0,1,0.0,0.0,0
96,40258928.78384157,2,0.0,1572437.8716226763,19051838621,59.12100380419139,120.0,3,1.0637877987754616e+20,34962044.88821141,70270111504367.55,2499999.999999999,5.319641694992352e+19,553070.8065494415,7.548806024715304e-10,0,0,1,0.0,0.0,0
97,40081469.382372886,2,0.0,1565230.0344715875,19256757152,28.01874493460595,120.0,2,1.0869097580936195e+20,35252404.17923501,71438159504265.22,2499999.999999999,5.43526317206314e+19,553077.1716329938,5.584297468885779e-10,0,0,1,0.0,0.0,0
98,16534544.319154864,1,0.0,1577005.0634754652,19485222608,93.83327350690871,120.0,2,1.1123939834815093e+20,34869152.204851426,70372057919211.27,2500000.0000000084,5.562673637986739e+19,553077.1716329938,5.838955985382199e-10,0,0,1,0.0,0.0,0
99,61050427.22489311,3,0.0,1564596.2710485638,19669172180,39.88668623955869,120.0,4,1.1352059836886108e+20,35346745.885804296,71876235100511.48,2499999.999999999,5.676748680794059e+19,553077.1716329938,5.893525667488575e-10,0,0,1,0.0,0.0,0
100,44333723.25808824,3,0.0,1566476.6715710496,19869838457,48.72096296422597,120.0,3,1.1591494000351574e+20,35313326.18240825,71955980040193.73,2500000.0000000023,5.796466559976189e+19,553077.1716329938,5.820766091346741e-10,0,0,1,0.0,0.0,0
101,47690120.32368449,2,0.0,1555966.3801560777,20067148337,36.034037173868526,120.0,3,1.1836864083051127e+20,35722573.82693163,72954306703447.17,2499999.999999999,5.919161584592598e+19,553077.1716329938,5.820766091346741e-10,0,0,1,0.0,0.0,0
102,17972321.139442354,1,0.0,1567429.3916208306,20294176016,101.77041950462356,120.0,2,1.2094611806856343e+20,35340782.56778494,71940195431059.94,2499999.9999999967,6.048025305382482e+19,553077.1716329938,5.911715561524034e-10,0,0,1,0.0,0.0,0
103,57244694.57479946,3,0.0,1556360.3753397407,20481931321,48.31957366035993,120.0,5,1.2334496865736126e+20,35787313.81866616,73737873679693.62,2500000.0000000093,6.16798581160486e+19,553077.1716329938,5.838955985382199e-10,0,0,1,0.0,0.0,0
104,19654422.45202319,1,0.0,1565478.8718998344,20707276899,30.680165136504776,120.0,1,1.2604648592634601e+20,35482449.40231977,72359325395037.92,2499999.999999998,6.303047889571251e+19,635366.2269762384,3.601599019020796e-10,0,0,1,0.0,0.0,0
105,42660134.358113974,2,0.0,1563154.895393216,20909616765,41.83717582771884,120.0,3,1.2854496822535497e+20,35591265.57613993,73070512164452.2,2499999.999999999,6.427979116389393e+19,635366.2269762384,3.67435859516263e-10,0,0,1,0.0,0.0,0
106,69198588.51288119,4,0.0,1556529.0607972876,21085418176,50.86377690690477,120.0,5,1.309948908843528e+20,35853197.081410326,73650161334384.27,2500000.000000002,6.550481045830984e+19,635366.2269762384,3.7471181713044643e-10,0,0,1,0.0,0.0,0
107,24687813.218671616,1,0.0,1558105.3275934996,21305730362,25.778330794364308,120.0,1,1.3369233732594346e+20,35819852.936563686,73707784899003.86,2499999.999999999,6.6853539441461625e+19,635366.2269762384,3.6197889130562544e-10,0,0,1,0.0,0.0,0
108,34506865.45859722,2,0.0,1568265.9203874145,21516223496,89.4613238489946,120.0,4,1.3636490094331534e+20,35498826.25661647,73128060192897.06,2500000.0000000102,6.818976327767696e+19,635366.2269762384,3.583409124985337e-10,0,0,1,0.0,0.0,0
109,63157309.86696653,3,0.0,1553145.3570411373,21698066187,38.012806407273104,120.0,4,1.3888266940283288e+20,36066567.99689944,74928198284739.64,2500000.0000000014,6.944882752124491e+19,635366.2269762384,3.7471181713044643e-10,0,0,1,0.0,0.0,0
110,0.0,0,23401.459816982235,1570794.418901588,21943066187,0.0,0.0,0,1.4182721810140717e+20,35454603.22974018,73019156451449.84,2476598.5401830194,7.092091096634873e+19,635366.2269762384,3.4924596548080444e-10,0,0,1,0.0,0.0,0
111,67347947.5767856,3,0.0,1557755.2456854768,22120718240,40.94285805996308,120.0,5,1.4437816937280271e+20,35947414.92533718,74605347355981.0,2499999.999999999,7.219654522113696e+19,635366.2269762384,4.874891601502895e-10,0,0,1,0.0,0.0,0
112,44510775.29420958,3,0.0,1561844.6077990416,22321207465,60.30431693217839,120.0,4,1.4707608159727734e+20,35823599.34906583,74469795032277.95,2500000.000000002,7.35454877781419e+19,635366.2269762384,3.6561687011271715e-10,0,0,1,0.0,0.0,0
113,38588249.74693591,2,0.0,1561547.5627579088,22527619214,55.036243490962065,120.0,4,1.498843178811009e+20,35877507.18681701,75098234623220.75,2500000.000000011,7.494966876401277e+19,635366.2269762384,4.82032191939652e-10,0,0,1,0.0,0.0,0
114,38469496.64829491,2,0.0,1566400.0377787012,22734149718,48.11685654934286,120.0,3,1.5269698473955548e+20,35726219.54588547,74500233069227.83,2499999.9999999986,7.635594239308466e+19,635366.2269762384,4.874891601502895e-10,0,0,1,0.0,0.0,0
115,31490122.37547102,2,0.0,1567447.961187119,22947659596,39.11688144304741,120.0,3,1.555272975719956e+20,35711895.76299942,74873461354149.81,2500000.0000000093,7.777113613213322e+19,635366.2269762384,4.94765117764473e-10,0,0,1,0.0,0.0,0
116,24687813.218671616,1,0.0,1574381.8263380767,23167971783,30.72515620719184,120.0,1,1.5853679807246346e+20,35485678.07738192,73739907001673.02,2499999.999999998,7.92757730269319e+19,635366.2269762384,6.111804395914078e-10,0,0,1,0.0,0.0,0
117,31490122.37547102,2,0.0,1579329.9930493247,23381481660,39.79875492782047,120.0,3,1.614205051380268e+20,35330945.53559397,73734133529006.56,2500000.0000000093,8.07176259823663e+19,635366.2269762384,5.111360223963857e-10,0,0,1,0.0,0.0,0
118,61045319.61336444,4,0.0,1579831.1293991837,23565436339,62.52706529649187,120.0,6,1.6420113110045534e+20,35356118.843269445,74267506933006.8,2500000.000000012,8.210799230092096e+19,635366.2269762384,6.421032594516873e-10,0,0,1,0.0,0.0,0
119,34014976.74488122,2,0.0,1579783.195876434,23776421363,27.280748008822023,120.0,2,1.6721286719542457e+20,35381245.90990543,74200909099949.67,2500000.0000000093,8.361385368862228e+19,635366.2269762384,6.111804395914078e-10,0,0,1,0.0,0.0,0
120,17972321.139442354,1,0.0,1593532.0144340547,24003449042,79.19463677707138,120.0,1,1.702734783717018e+20,34909689.90164807,73063178995769.66,2499999.9999999995,8.514404550375047e+19,635366.2269762384,4.874891601502895e-10,0,0,1,0.0,0.0,0
121,56177935.59414264,3,0.0,1583864.7411329793,24192271106,32.909798413141445,120.0,4,1.7315272780056153e+20,35281113.20030376,74241857667283.92,2500000.0000000093,8.658378808604749e+19,635366.2269762384,7.494236342608929e-10,0,0,1,0.0,0.0,0
122,0.0,0,23401.459816982235,1601567.9449871161,24437271106,0.0,0.0,0,1.764374960125382e+20,34667199.32137182,72424684467641.92,2476598.540183021,8.822599047471586e+19,637315.3387489273,8.203642209991813e-10,0,0,1,0.0,0.0,0
123,48274153.00153007,3,0.0,1602819.6019472866,24633996953,48.1448309129342,120.0,4,1.7940311093741185e+20,34687610.01142172,73133728603677.75,2500000.000000013,8.970886884156629e+19,637315.3387489273,9.804352885112166e-10,0,0,1,0.0,0.0,0
124,65007950.80306214,4,0.0,1598066.7625177093,24813989003,45.66935235564197,120.0,5,1.8231632810259857e+20,34921377.01443756,73683707871214.64,2500000.0000000037,9.116553242208641e+19,637315.3387489273,9.349605534225702e-10,0,0,1,0.0,0.0,0
125,13767287.542932855,1,0.0,1606806.8885444151,25045221715,24.114698917817236,120.0,1,1.8558087488307016e+20,34669397.26102717,73065896587215.34,2500000.0000000093,9.279774403119381e+19,637315.3387489273,7.967173587530851e-10,0,0,1,0.0,0.0,0
126,42660134.358113974,2,0.0,1610385.45552283,25247561581,46.01437768316512,120.0,2,1.8869105725194325e+20,34603233.63335531,72681461898582.64,2500000.0000000005,9.435279677216149e+19,654984.2516665439,9.913492249324918e-10,0,0,1,0.0,0.0,0
127,31739608.682375208,2,0.0,1611816.9144372048,25460821972,32.12378416963436,120.0,3,1.9183473568456455e+20,34614375.04319942,73085331787666.45,2500000.0000000093,9.592467637546104e+19,655020.8405087715,5.347828846424818e-10,0,0,1,0.0,0.0,0
128,16534544.319154864,1,0.0,1626423.7120209648,25689287427,90.44259888213485,120.0,2,1.9521354423223412e+20,34171035.31182019,71893719587542.22,2500000.000000014,9.761396148807582e+19,655020.8405087715,4.929461283609271e-10,0,0,1,0.0,0.0,0
129,83398646.06735341,5,0.0,1619084.2064797292,25850888782,46.16507035722526,120.0,5,1.9788994521306618e+20,34458658.97112167,72844365629019.05,2500000.0000000093,9.8952257043096e+19,655020.8405087715,5.547917680814862e-10,0,0,1,0.0,0.0,0
130,17972321.139442354,1,0.0,1629478.7432215342,26077916461,42.80257449951428,120.0,2,2.012187296088609e+20,34132623.58315832,72100235469655.92,2500000.0000000047,1.0061657482797741e+20,655020.8405087715,6.057234713807702e-10,0,0,1,0.0,0.0,0
131,38455100.76160447,2,0.0,1627995.4920320767,26284461360,26.608877064740664,120.0,2,2.0452929435084272e+20,34248694.55674039,72230145750214.4,2500000.0000000093,1.0227187018999638e+20,655020.8405087715,5.475158104673028e-10,0,0,1,0.0,0.0,0
132,17972321.139442354,1,0.0,1642290.2720767122,26511489039,74.47524219332965,120.0,1,2.0791325040715334e+20,33796756.405895114,71118448421359.39,2500000.0000000014,1.0396373704841881e+20,655020.8405087715,5.384208634495735e-10,0,0,1,0.0,0.0,0
133,75012939.1851945,5,0.0,1638570.1475675101,26681476099,49.61176770833028,120.0,6,2.107236486537919e+20,33973940.84054958,72146092800648.05,2500000.000000015,1.05369038936176e+20,700079.7978841127,6.002665031701326e-10,0,0,1,0.0,0.0,0
134,26264722.052896235,1,0.0,1646617.189673277,26900211377,30.817213598239867,120.0,1,2.1421698261773664e+20,33739131.376082145,71020239819363.5,2499999.999999998,1.0711559333285026e+20,700079.7978841127,5.911715561524034e-10,0,0,1,0.0,0.0,0
135,46967288.563732855,3,0.0,1646591.2935357357,27098244089,33.601120219115394,120.0,3,2.1749088467961902e+20,33842010.03873985,71363796465492.6,2500000.0000000093,1.0875257871945605e+20,700079.7978841127,5.766196409240365e-10,0,0,1,0.0,0.0,0
136,33200001.020800002,2,0.0,1651628.2319227944,27310044088,33.574330262489994,120.0,2,2.209050314932975e+20,33762626.65851196,70981311872792.44,2500000.0000000056,1.1045961387783604e+20,700079.7978841127,7.767084753140807e-10,0,0,1,0.0,0.0,0
137,53733709.181921184,4,0.0,1658206.1082454647,27501310380,56.92529510046262,120.0,5,2.2400872143190983e+20,33549224.570712827,70542560764374.31,2500000.0000000154,1.1201141497203135e+20,764155.084529037,7.457856554538012e-10,0,0,1,0.0,0.0,0
138,43401682.13738407,2,0.0,1664499.7241336624,27702908698,42.477979920677214,120.0,2,2.2742277137206057e+20,33397143.083603602,69900673231063.36,2500000.0000000023,1.137183757533534e+20,764312.6964698685,9.295035852119327e-10,0,0,1,0.0,0.0,0
139,51068106.90900801,3,0.0,1660577.9628027587,27896840590,28.47975353497281,120.0,3,2.3077564381285037e+20,33640272.89322237,70528122334867.61,2500000.0000000093,1.1539487471865867e+20,764312.6964698685,8.403731044381857e-10,0,0,1,0.0,0.0,0
140,19328498.226632804,1,0.0,1673419.7659049453,28122512092,30.97565972269746,120.0,1,2.344669253734346e+20,33279914.38324986,69066945941607.61,2499999.999999998,1.1724036938131146e+20,764312.6964698685,8.36735125631094e-10,0,0,1,0.0,0.0,0
141,71746378.9782164,5,0.0,1676093.0208153175,28295765712,57.99571099681623,120.0,6,2.3746744102273853e+20,33207078.666293453,69320898174211.016,2500000.000000015,1.1874065260118668e+20,764312.6964698685,8.712959242984653e-10,0,0,1,0.0,0.0,0
142,43361333.480531216,2,0.0,1678503.9058385557,28497404379,31.98148791720069,120.0,2,2.4098364886027144e+20,33194775.490322795,69173388986989.71,2500000.0000000065,1.2049874176903442e+20,764312.6964698685,8.403731044381857e-10,0,0,1,0.0,0.0,0
143,33095785.769565657,2,0.0,1682382.631113312,28709308593,26.30427127417322,120.0,2,2.4463415294614163e+20,33157087.782137774,68830608209266.266,2500000.0000000093,1.2232395953389175e+20,764312.6964698685,9.49512468650937e-10,0,0,1,0.0,0.0,0
144,37300819.36607516,2,0.0,1691324.1909126686,28917007774,41.72026205563085,120.0,2,2.482343466033993e+20,32937138.03106716,68148873777068.29,2500000.0000000033,1.2412398818907736e+20,764312.6964698685,8.440110832452774e-10,0,0,1,0.0,0.0,0
145,71746378.9782164,5,0.0,1690097.2025202105,29090261395,49.80876535887562,120.0,6,2.5132135148336723e+20,33004711.073012646,68777576627911.85,2500000.0000000144,1.256675534993464e+20,764312.6964698685,8.421920938417315e-10,0,0,1,0.0,0.0,0
146,25389012.34108886,1,0.0,1700308.5741491085,29309872383,31.23576135008591,120.0,1,2.5514243158176006e+20,32713828.0620758,67740302688848.31,2499999.999999998,1.2757798982114892e+20,764312.6964698685,8.330971468240023e-10,0,0,1,0.0,0.0,0
147,51068106.90900801,3,0.0,1700287.0561210355,29503804277,32.33449215308508,120.0,3,2.586940897502272e+20,32816549.112792674,68117759058131.48,2500000.0000000093,1.293538566510194e+20,764312.6964698685,9.567884262651205e-10,0,0,1,0.0,0.0,0
148,37300819.36607516,2,0.0,1705328.3726175611,29711503458,31.813009611185883,120.0,2,2.6239675899463693e+20,32737008.12062395,67907570049155.35,2500000.0000000075,1.3120517025432338e+20,764312.6964698685,8.440110832452774e-10,0,0,1,0.0,0.0,0
149,53774057.83877404,4,0.0,1711901.870830764,29902729400,56.68148120255141,120.0,5,2.65777266856307e+20,32550652.878247943,67542636725449.73,2500000.000000014,1.3289538769182604e+20,764312.6964698685,8.349161362275481e-10,0,0,1,0.0,0.0,0
150,43391877.88376355,2,0.0,1718212.9991568322,30104337521,41.71768162268023,120.0,2,2.6949838301090247e+20,32424830.17685768,67276292187459.02,2500000.000000004,1.3475591913466998e+20,764789.9527703738,8.694769348949194e-10,0,0,1,0.0,0.0,0
151,51098651.31224035,3,0.0,1714291.237825928,30298238869,28.064843861976062,120.0,3,2.731486978454185e+20,32667959.986476447,68077962388514.79,2500000.0000000093,1.3658115671894809e+20,764789.9527703738,8.549250196665525e-10,0,0,1,0.0,0.0,0
152,19359042.629865143,1,0.0,1727133.0409281151,30523879827,32.10425194306513,120.0,1,2.7716479421903903e+20,32307601.47650394,66987014668706.74,2499999.999999998,1.385890958109864e+20,764789.9527703738,8.512870408594608e-10,0,0,1,0.0,0.0,0
153,71746378.9782164,5,0.0,1729819.5529579453,30697133448,57.436712992935874,120.0,6,2.8042592571737807e+20,32277827.486189432,67260661711388.82,2500000.0000000135,1.4021968892486017e+20,764789.9527703738,8.567440090700984e-10,0,0,1,0.0,0.0,0
154,43422422.286995895,2,0.0,1732217.1808617248,30898711026,32.22557757684527,120.0,2,2.8424883472946915e+20,32316292.259818554,67476051984054.945,2500000.0000000084,1.4213116496993298e+20,764789.9527703738,8.549250196665525e-10,0,0,1,0.0,0.0,0
155,33126330.172798,2,0.0,1736095.906136482,31110584696,27.10404735050755,120.0,2,2.882131747173879e+20,32302006.011450514,67368553519147.35,2500000.0000000093,1.4411332421404587e+20,764789.9527703738,8.49468051455915e-10,0,0,1,0.0,0.0,0
156,37331363.769307494,2,0.0,1745037.4659358382,31318253332,43.864851805419526,120.0,2,2.92121779263738e+20,32105457.72019688,67002734706666.84,2500000.000000005,1.4606758990533966e+20,764789.9527703738,8.603819878771901e-10,0,0,1,0.0,0.0,0
157,71746378.97821683,5,0.0,1743823.7346628383,31491506953,49.46185322924079,120.0,6,2.954693959041855e+20,32222844.199141137,67632225809161.48,2500000.000000013,1.4774146117467367e+20,764789.9527703804,4.656612873077393e-10,0,0,1,0.0,0.0,0
158,25450101.14755354,1,0.0,1754021.8491722783,31711056852,44.449039280994285,120.0,2,2.996135695662036e+20,31980491.454966467,67011487236427.74,2499999.999999998,1.4981348593182543e+20,764789.9527703804,4.547473508864641e-10,0,0,1,0.0,0.0,0
159,31739608.68237648,2,0.0,1754602.2067910891,31924317244,31.820497447978877,120.0,3,3.0367609478275636e+20,32061544.98239551,67027258344290.52,2500000.0000000093,1.5184475011721262e+20,764789.9527703804,4.638422979041934e-10,0,0,1,0.0,0.0,0
160,33534325.239972077,2,0.0,1761291.5434826398,32135782919,42.83613624554475,120.0,3,3.077086046513241e+20,31922675.263205916,66900433949867.49,2517260.069140955,1.5386099236905704e+20,764789.9527703804,4.674802767112851e-10,0,0,1,0.0,0.0,0
161,53774057.83877404,4,0.0,1767878.2988153005,32327008862,52.902415218045256,120.0,5,3.113682729709962e+20,31735842.764529396,66599864446984.336,2504303.053406407,1.556907964719428e+20,764789.9527703804,4.5656634029001e-10,0,0,1,0.0,0.0,0
162,18037288.779987045,1,0.0,1777407.6353812153,32553971573,27.366296901045562,120.0,2,3.156489066166489e+20,31494418.346350547,65814548900201.586,2500000.000000005,1.5783103476321445e+20,765805.0721538713,4.547473508864641e-10,0,0,1,0.0,0.0,0
163,63825158.98065315,3,0.0,1761055.6016820546,32735146413,24.545158150198468,120.0,3,3.1950207361582957e+20,32185291.741072435,67674789729745.84,2500000.0000000093,1.5975780428688776e+20,765805.0721538713,4.6202330850064754e-10,0,0,1,0.0,0.0,0
164,13267984.112176748,1,0.0,1778748.6253060934,32966878428,50.66172772020026,120.0,2,3.238792042752901e+20,31690278.64688302,66469829129550.48,2517260.0691409544,1.6194624912055802e+20,844261.1022181655,6.348273018375039e-10,0,0,1,0.0,0.0,0
165,71941281.89984791,5,0.0,1783600.37262405,33139937146,53.995414001115584,120.0,6,3.274016366233828e+20,31601585.754436415,66710103728865.59,2504303.0534064067,1.6370748932206428e+20,844261.1022181655,6.311893230304122e-10,0,0,1,0.0,0.0,0
166,49708383.726315804,2,0.0,1778632.3808632107,33335228762,25.748489801782284,120.0,2,3.314719566185636e+20,31972406.127556026,67839794623523.22,2500000.0000000084,1.6574276228874417e+20,844261.1022181655,6.439222488552332e-10,0,0,1,0.0,0.0,0
167,33126330.172798,2,0.0,1780617.4092476468,33547102432,22.295451272318275,120.0,2,3.357389157957676e+20,32066028.541963417,68022335240398.1,2500000.0000000093,1.6787626013140782e+20,847859.3852646617,5.729816621169448e-10,0,0,1,0.0,0.0,0
168,31435208.173250616,2,0.0,1794467.845234724,33760667224,54.22349413446337,120.0,3,3.399879789296755e+20,31732496.282675758,67439196568312.55,2517260.069140954,1.7000073338449458e+20,847859.3852646617,5.748006515204906e-10,0,0,1,0.0,0.0,0
169,73515944.60269289,5,0.0,1795219.0147514679,33932151279,46.781578509229156,120.0,6,3.4358442458823636e+20,31788725.478787925,68144664581107.49,2503549.4517931626,1.717990267605763e+20,850873.7917176373,5.347828846424818e-10,0,0,1,0.0,0.0,0
170,31348237.6522515,1,0.0,1798445.3889665515,34145803041,22.08445755437401,120.0,1,3.479977488909826e+20,31864548.676774323,68431217862142.41,2499999.999999998,1.7400571756727753e+20,850873.7917176373,5.347828846424818e-10,0,0,1,0.0,0.0,0
171,31934511.604006723,2,0.0,1801290.07441096,34358868530,31.821202169240365,120.0,3,3.5237896024220284e+20,31903568.197359838,68483690766765.94,2500000.0000000093,1.761963284901781e+20,850873.7917176373,6.148184183984995e-10,0,0,1,0.0,0.0,0
172,32206896.225212358,2,0.0,1810946.7699164795,34571661634,41.06213329236522,120.0,3,3.5672654998316915e+20,31697355.355745386,68441479362187.125,2517260.0691409544,1.783701191395208e+20,850873.7917176373,6.148184183984995e-10,0,0,1,0.0,0.0,0
173,56388066.81054183,4,0.0,1819357.4667451214,34760273568,52.630547257903366,120.0,5,3.60647559784978e+20,31459116.394951858,68153790514275.734,2503549.451793163,1.803305952715404e+20,850873.7917176373,5.493347998708487e-10,0,0,1,0.0,0.0,0
174,18167224.06107387,1,0.0,1831165.230016961,34987106344,27.23759466725612,120.0,1,3.652581670713407e+20,31277975.607505083,67530553427197.22,2500000.0000000033,1.8263583659101307e+20,850873.7917176373,6.148184183984995e-10,0,0,1,0.0,0.0,0
175,64315932.30290772,3,0.0,1816870.8013043324,35167790412,25.372136801244224,120.0,3,3.6940677829653266e+20,31955846.03105228,69853514510694.69,2500000.0000000093,1.847103744997174e+20,850873.7917176373,6.148184183984995e-10,0,0,1,0.0,0.0,0
176,14039672.164138488,1,0.0,1834632.766549452,35398750740,53.38629266442276,120.0,2,3.741063993054189e+20,31557901.115034305,68718775228796.32,2517260.069140955,1.8706007153023235e+20,858800.6263889543,4.729372449219227e-10,0,0,1,0.0,0.0,0
177,76584560.54747286,5,0.0,1838880.7335823036,35567166178,54.46286938505744,120.0,6,3.778537902804522e+20,31527967.612772416,69064871328878.94,2503549.4517931635,1.88933801627359e+20,858800.6263889543,4.729372449219227e-10,0,0,1,0.0,0.0,0
178,48165007.62239233,2,0.0,1835321.4196438668,35764001170,29.04700302541396,120.0,2,3.822441459847394e+20,31998418.691144925,70610675707041.84,2500000.0000000065,1.911291340599404e+20,858800.6263889543,4.69299266114831e-10,0,0,1,0.0,0.0,0
179,36430580.529425114,2,0.0,1837815.7229791367,35972570590,31.58125886244919,120.0,3,3.8680866677605086e+20,32143207.2498501,70984933624985.05,2500000.0000000093,1.9341143188138793e+20,943636.6512281304,5.020410753786564e-10,0,0,1,0.0,0.0,0
180,65187651.998921596,4,0.0,1846834.4239311565,36152382938,54.43026910990767,120.0,5,3.9106642707930284e+20,32101787.963087898,70953053279521.66,2517260.0691409553,1.955403088449794e+20,943636.7042966085,8.549250196665525e-10,0,0,1,0.0,0.0,0
181,63348968.96242677,4,0.0,1840940.3940338132,36334033969,36.38196565814069,120.0,5,3.95108107021484e+20,32423481.199126247,71966942456976.83,2503549.451793164,1.9756125020498772e+20,945629.5722587025,1.0222720447927713e-09,0,0,1,0.0,0.0,0
182,0.0,0,13710.617347791493,1867207.8821521108,36579033969,0.0,0.0,0,4.0005818424990204e+20,31805791.757698003,69934404344566.32,2489838.8344453727,2.0003608556538547e+20,945629.5722587025,1.0186340659856796e-09,0,0,1,0.0,0.0,0
183,69548408.49259833,4,0.0,1875394.7070682528,36754485560,48.628761959371005,120.0,4,4.0396027580165875e+20,31696599.74385246,69681753310918.99,2500000.0000000093,2.0198710607616046e+20,945629.5722587025,1.1132215149700642e-09,0,0,1,0.0,0.0,0
184,53892030.992416754,3,0.0,1869623.04136426,36945593529,25.617397412061216,120.0,3,4.085167524022978e+20,32095544.816513892,70820766367630.48,2517260.069140956,2.0426545827778567e+20,945629.5722587025,1.0368239600211382e-09,0,0,1,0.0,0.0,0
185,27806959.70707134,2,0.0,1883880.6478000628,37162786570,33.97322255511254,120.0,2,4.1329827249889654e+20,31852583.95918964,70066824854755.73,2503549.4517931645,2.0665614293193376e+20,945629.5722587025,1.0331859812140465e-09,0,0,1,0.0,0.0,0
186,55781120.949665464,3,0.0,1898042.857934491,37352005449,60.689881270157976,120.0,3,4.1774878880406615e+20,31661727.810916174,69564170565255.24,2500000.0000000014,2.088813508190896e+20,945629.5722587025,8.840288501232862e-10,0,0,1,0.0,0.0,0
187,52968073.56712805,3,0.0,1892813.6157666664,37544037376,24.91362782032897,120.0,3,4.219959762006716e+20,32010073.40216547,70331468973916.76,2500000.0000000093,2.110050212472332e+20,945629.5722587025,8.694769348949194e-10,0,0,1,0.0,0.0,0
188,14039672.164138488,1,0.0,1912987.4961748342,37774997704,32.087314417433,120.0,1,4.2701642484408195e+20,31558309.68246387,68973415684477.85,2517260.0691409563,2.1351510976360943e+20,945629.5722587025,8.658389560878277e-10,0,0,1,0.0,0.0,0
189,83313251.57391863,5,0.0,1918067.8755078693,37936684452,50.975457443614935,120.0,5,4.3095565805623044e+20,31559953.275629126,69287185985598.336,2504623.0028979233,2.154847577467138e+20,941335.3678396685,1.000444171950221e-09,0,0,1,0.0,0.0,0
190,39200786.024195194,2,0.0,1918694.735102247,38142483665,22.90653083820668,120.0,2,4.357645073245669e+20,31783393.9069404,69805207106957.76,2500000.000000006,2.1788923418299417e+20,941335.3678396685,8.658389560878277e-10,0,0,1,0.0,0.0,0
191,13767287.542932855,1,0.0,1935879.86193703,38373716377,24.946907015702322,120.0,1,4.407997297427332e+20,31435042.315252848,68645896249851.9,2500000.0000000093,2.204067294609916e+20,941335.3678396685,9.204086381942034e-10,0,0,1,0.0,0.0,0
192,68721476.78253126,4,0.0,1944306.314729582,38549994901,48.94638293443559,120.0,4,4.453076521819554e+20,31400125.166314814,68740838987197.29,2517260.0691409567,2.226607001748764e+20,941335.3678396685,9.604264050722122e-10,0,0,1,0.0,0.0,0
193,65908429.39999385,4,0.0,1936149.5521627765,38729086473,29.812922647741445,120.0,4,4.4960474777861403e+20,31853861.491927404,70005578638573.75,2504623.002897924,2.2480937444717088e+20,941335.3678396685,8.694769348949194e-10,0,0,1,0.0,0.0,0
194,0.0,0,12637.066243033016,1962297.7568249898,38974086473,0.0,0.0,0,4.548845037472e+20,31241864.568471346,68151831288870.15,2491985.936654891,2.274490670567289e+20,941335.3678396685,8.62200977280736e-10,0,0,1,0.0,0.0,0
195,69548408.49259833,4,0.0,1970365.2982850475,39149538064,48.51445833210069,120.0,4,4.5904863347255575e+20,31135970.325063787,68032529164392.195,2500000.0000000093,2.2953111998919433e+20,941335.3678396685,1.000444171950221e-09,0,0,1,0.0,0.0,0
196,52141141.857061,3,0.0,1964906.9526480814,39342396921,25.885784172170922,120.0,3,4.639220510243048e+20,31515274.33340142,69074609501884.55,2517260.069140957,2.319679329731026e+20,924461.0393998232,6.657501216977835e-10,0,0,1,0.0,0.0,0
197,26707643.375798665,2,0.0,1978815.1111944164,39560689277,40.24577956405871,120.0,3,4.690250284642138e+20,31272237.853768088,68459394099810.375,2504623.0028979243,2.345193601715169e+20,924461.0393998232,6.621121428906918e-10,0,0,1,0.0,0.0,0
198,55781120.949665464,3,0.0,1992389.3065272102,39749908156,60.57244265159658,120.0,3,4.737692483651548e+20,31094113.074133582,68096729473229.76,2499999.9999999995,2.3689143385552473e+20,924461.0393998232,7.530616130679846e-10,0,0,1,0.0,0.0,0
199,52968073.56712805,3,0.0,1986572.0495577492,39941940083,30.985360314512462,120.0,4,4.782975793636965e+20,31446752.86980191,68928171006364.63,2500165.3883666955,2.391556824989489e+20,924461.0393998232,6.621121428906918e-10,0,0,1,0.0,0.0,0
200,12940355.832865808,1,0.0,2007153.4257960794,40663999727,31.017616560194696,120.0,1,4.946312755688756e+20,30981288.540837906,67617126572542.95,2517260.0691409577,2.4732239949709505e+20,943122.6044684253,6.766640581190586e-10,0,0,1,0.0,0.0,0
201,82488764.32546411,5,0.0,2012462.375775152,41316510964,50.61858896876819,120.0,5,5.100330755944775e+20,30975597.209060233,67954848779069.484,2504623.0028979247,2.5502333328211667e+20,943122.6044684253,7.712515071034431e-10,0,0,1,0.0,0.0,0
202,39200786.024195194,2,0.0,2013138.8808314386,42012310179,31.166973424958446,120.0,3,5.26607220676647e+20,31189707.057837207,68495250861777.945,2500000.000000008,2.633104598634097e+20,943122.6044684253,6.766640581190586e-10,0,0,1,0.0,0.0,0
203,13767287.542932855,1,0.0,2033361.3457372747,42733542892,30.369332256101433,120.0,1,5.432977261592551e+20,30701797.09831386,67026571298812.266,2500000.0000000093,2.7165556573675743e+20,943122.6044684253,6.730260793119669e-10,0,0,1,0.0,0.0,0
204,87020821.29602091,5,0.0,2033857.885467187,43381522069,45.55169314653929,120.0,6,5.593608442258597e+20,30836507.617896244,67641658432614.37,2517260.069140958,2.796871862787731e+20,1013935.994633375,5.002220859751105e-10,0,0,1,0.0,0.0,0
205,42970456.92239411,3,0.0,2044224.3857193466,44073551611,38.30814741658729,120.0,4,5.761712016146721e+20,30632784.075723175,67143346381673.85,2504623.00280853,2.8809231514197423e+20,1051688.0639867943,1.9281287677586079e-10,0,0,1,0.0,0.0,0
206,21430683.701873787,1,0.0,2059485.6750172388,44787120928,20.92288909229539,120.0,1,5.940363174013782e+20,30413325.41956635,66183795545485.9,2499999.9999999986,2.970247770802436e+20,1051688.0639867943,1.6189005691558123e-10,0,0,1,0.0,0.0,0
207,77261502.36191386,4,0.0,2063245.2960472628,45444859426,46.884807375009586,120.0,5,6.107677837563914e+20,30445459.67353635,66691209794098.06,2500000.0000000093,3.053905609991751e+20,1051688.0639867943,1.9826984498649836e-10,0,0,1,0.0,0.0,0
208,34371039.62628036,2,0.0,2072890.1114196319,46145488386,24.848721687878495,120.0,2,6.290487396890187e+20,30440237.59829172,66170441941338.15,2517260.069140958,3.145309868887035e+20,1051688.0639867943,1.9281287677586079e-10,0,0,1,0.0,0.0,0
209,78038789.39500341,4,0.0,2060950.0003680442,46802449597,30.743962265352,120.0,5,6.464541258255969e+20,31015744.666205235,67617956517837.23,2504623.00280853,3.232338247084502e+20,1051688.0639867943,1.9281287677586079e-10,0,0,1,0.0,0.0,0
210,58661949.94174334,3,0.0,2077773.460821421,47478787647,60.54036980961771,120.0,3,6.64726612267905e+20,30645799.168428198,67084883146293.69,2499999.999999999,3.3237001462226715e+20,1063941.0602414263,5.693436833098531e-10,0,0,1,0.0,0.0,0
211,58442387.19825936,3,0.0,2073315.3111982208,48155345260,30.98453185348431,120.0,4,6.827964941175393e+20,30975763.021768067,67745549285640.46,2502540.2686481606,3.414050216136982e+20,1063941.0602414263,5.693436833098531e-10,0,0,1,0.0,0.0,0
212,34371039.62628036,2,0.0,2083300.4875776628,48855974220,24.850871689866807,120.0,2,7.021238586843513e+20,30822581.19846239,67225737672255.93,2517260.069140958,3.510686519159429e+20,1063941.0602414263,5.711626727133989e-10,0,0,1,0.0,0.0,0
213,87370727.00461715,5,0.0,2085821.0222707929,49503603492,52.02233424910893,120.0,6,7.202453795514341e+20,30911899.167889427,67956322188520.73,2504623.00280853,3.601294854079359e+20,1063941.0602414263,5.711626727133989e-10,0,0,1,0.0,0.0,0
214,35164558.17846942,2,0.0,2092481.348046725,50203438935,29.396516925475296,120.0,3,7.400088074456874e+20,30921640.783119928,67775773710127.836,2500000.000000003,3.700111813002147e+20,1063941.0602414263,5.693436833098531e-10,0,0,1,0.0,0.0,0
215,37199104.84034105,2,0.0,2101651.5306778606,50901239830,24.82928331844662,120.0,2,7.594095682491128e+20,30810813.45877382,67277054497913.57,2500000.0000000093,3.797115118300062e+20,1056671.5911338034,4.2382453102618456e-10,0,0,1,0.0,0.0,0
216,71602305.8661499,4,0.0,2112656.58750828,51564637523,48.61845131387698,120.0,4,7.790799414423745e+20,30764352.756357156,67218982712723.62,2517260.069140958,3.895466926194585e+20,1056671.5911338034,3.5288394428789616e-10,0,0,1,0.0,0.0,0
217,73748768.39789075,4,0.0,2103696.464782623,52225888755,30.943779219431804,120.0,5,7.98473904290897e+20,31256387.641385455,68432750671455.64,2504623.00280853,3.992437954205156e+20,1058420.2766005099,8.476490620523691e-10,0,0,1,0.0,0.0,0
218,21430683.701873787,1,0.0,2119144.7599864523,52939458071,20.908950862782735,120.0,1,8.195067422746906e+20,30930595.727661412,67498206246298.05,2499999.9999999986,4.0976012095796996e+20,1058420.2766005099,8.458300726488233e-10,0,0,1,0.0,0.0,0
219,75101866.29942587,4,0.0,2124174.4527523164,53599356205,44.209372560386235,120.0,5,8.392103294685997e+20,30917439.022184722,67873131947731.14,2500000.0000000093,4.196119520474946e+20,1058420.2766005099,8.458300726488233e-10,0,0,1,0.0,0.0,0
220,53322420.35582277,3,0.0,2121668.135534825,54281033784,31.129744304965545,120.0,4,8.603163811133682e+20,31160923.50359373,68448746242280.2,2517260.069140958,4.301650354313083e+20,1058420.2766005099,8.476490620523691e-10,0,0,1,0.0,0.0,0
221,50365449.44828316,3,0.0,2128127.698482556,54965668336,30.826349431037514,120.0,3,8.810937511104542e+20,31127297.60404965,68337727401318.81,2503740.234513469,4.4055370932796726e+20,1061951.3497807526,7.385096978396177e-10,0,0,1,0.0,0.0,0
222,59333445.16095861,3,0.0,2144750.1654120213,55641334891,60.54982551746568,120.0,3,9.024089952737072e+20,30929158.403397016,67848698402552.39,2499999.999999999,4.512112825066939e+20,1061951.3497807526,8.003553375601768e-10,0,0,1,0.0,0.0,0
223,56150485.56988346,3,0.0,2141728.8695097766,56320184405,25.643090543839694,120.0,3,9.235075822158186e+20,31206084.008682474,68430460692844.56,2502540.2686481606,4.6176063415397856e+20,1061951.3497807526,8.094502845779061e-10,0,0,1,0.0,0.0,0
224,35274994.36042251,2,0.0,2151266.4346897285,57019909410,24.819721521244844,120.0,2,9.45968788094365e+20,31085073.868478104,67973090688763.59,2517260.0691409577,4.729911913562514e+20,1061951.3497807526,8.11269273981452e-10,0,0,1,0.0,0.0,0
225,75101866.29942587,4,0.0,2155748.1126490533,57679807544,42.73723023382925,120.0,4,9.671374333365467e+20,31100155.945768308,68443850008971.33,2509555.136067372,4.8357556105327424e+20,1038691.7435651402,8.167262421920896e-10,0,0,1,0.0,0.0,0
226,54710223.159003705,3,0.0,2155200.845104458,58360097321,30.47751007550256,120.0,4,9.897744640390762e+20,31323662.904282823,69119596865143.83,2502540.2686481606,4.948941439792246e+20,1038691.7435651402,8.167262421920896e-10,0,0,1,0.0,0.0,0
227,37199104.84034105,2,0.0,2163871.5875253687,59057898215,24.829863085783007,120.0,2,1.012217576063703e+21,31210434.543704525,68746496759034.71,2500000.0000000093,5.061156626815274e+20,1038691.743565703,8.294591680169106e-10,0,0,1,0.0,0.0,0
228,59333445.16095861,3,0.0,2179847.954282194,59733564771,60.56722509220155,120.0,3,1.0350600117667653e+21,31035554.949267223,68388018033408.2,2499999.999999999,5.17536844685186e+20,1038691.743565703,8.458300726488233e-10,0,0,1,0.0,0.0,0
229,56150485.56988346,3,0.0,2176180.558207309,60412414285,25.558222834896497,120.0,3,1.0576580006399489e+21,31335740.16076773,69107382420003.24,2502540.2686481606,5.2883591105821645e+20,1038691.743565703,8.449205779470503e-10,0,0,1,0.0,0.0,0
230,21430683.701873787,1,0.0,2191080.838604615,61125983601,20.919275648979802,120.0,1,1.0818648531219962e+21,31075751.611249108,68317675098943.1,2499999.9999999986,5.40939258328508e+20,1038691.743565703,8.549250196665525e-10,0,0,1,0.0,0.0,0
231,89417361.17772752,5,0.0,2189569.790840056,61771566241,39.24534850078132,120.0,5,1.1043205709949975e+21,31252637.28308433,69260162710061.09,2517260.0691409577,5.5216721151376975e+20,1042662.4842722325,8.61291482578963e-10,0,0,1,0.0,0.0,0
232,40890319.24185196,2,0.0,2191911.3360356484,62465675922,25.843985361484528,120.0,2,1.1286792526442516e+21,31367183.557069186,69576419931395.45,2509555.136067372,5.6434658396411894e+20,1042662.4842722325,1.013177097775042e-09,0,0,1,0.0,0.0,0
233,77291362.16846834,5,0.0,2197862.3488118094,63123384559,46.87994036577462,120.0,6,1.1517988832702046e+21,31331557.543600116,70114091892936.45,2501850.202993786,5.759064530442916e+20,1108693.23344812,1.0504663805477321e-09,0,0,1,0.0,0.0,0
234,34573192.332004495,2,0.0,2206150.7943164418,63823811366,33.93161056107334,120.0,4,1.1767994249534378e+21,31334736.941564217,70033613343600.94,2514020.945722429,5.884067158380532e+20,1108693.23344812,1.0495568858459592e-09,0,0,1,0.0,0.0,0
235,63484122.10060246,4,0.0,2215098.169954553,64495327245,50.55508237372468,120.0,5,1.2005896983611166e+21,31215918.142056532,70236762607634.805,2506316.012648843,6.00301872856819e+20,1108693.23344812,1.0504663805477321e-09,0,0,1,0.0,0.0,0
236,21430683.701873787,1,0.0,2231942.9361819266,65208896561,20.90645628212894,120.0,1,1.2263790696340487e+21,31055602.646780062,69404858073154.41,2499999.9999999986,6.131964753028317e+20,1108693.23344812,1.0495568858459592e-09,0,0,1,0.0,0.0,0
237,63484122.10060246,4,0.0,2240890.3118200377,65880412439,50.55850974929581,120.0,5,1.2506656708939651e+21,30946264.967503607,69650718785988.48,2500000.0000000093,6.253398005188611e+20,1108693.23344812,1.051375875249505e-09,0,0,1,0.0,0.0,0
238,48126693.76781912,3,0.0,2243631.800318299,66567285746,32.79980899702308,120.0,4,1.2765300000550082e+21,31097182.619244866,69933043556048.16,2533547.9712330834,6.382719933318597e+20,1118793.9080904662,1.101398083847016e-09,0,0,1,0.0,0.0,0
239,47470342.388872534,3,0.0,2260371.324065377,67254815404,45.503825764753785,120.0,3,1.3017701834723395e+21,30695507.66906441,69273642154254.914,2525843.0381594975,6.508920191003851e+20,1118793.9080904662,1.1004885891452432e-09,0,0,1,0.0,0.0,0
240,54349786.61087541,3,0.0,2265881.4413306694,67935465617,36.407683349892345,120.0,4,1.3278803642205266e+21,30935691.12570592,69798742804755.97,2518138.1050859117,6.639471619845438e+20,1095481.6733818785,1.304215402342379e-09,0,0,1,0.0,0.0,0
241,47470342.388872534,3,0.0,2281973.40300251,68622995274,45.51770630887236,120.0,3,1.3536231228245502e+21,30559990.305256683,69238825444640.7,2510433.172012326,6.768184852948196e+20,1095481.6733818785,1.5361365512944758e-09,0,0,1,0.0,0.0,0
242,36893435.31834912,2,0.0,2292386.90049458,69321101838,31.44419973103217,120.0,3,1.3805256623624948e+21,30623636.432404846,69269793433533.695,2502728.23893874,6.902697581605907e+20,1095460.8182760167,1.9708750187419355e-09,0,0,1,0.0,0.0,0
243,47470342.388872534,3,0.0,2308478.282857923,70008631496,45.533792675955716,120.0,3,1.4067743093176087e+21,30247951.253285002,68771548334811.15,2500000.0000000093,7.033940318136378e+20,1095460.8182760167,1.9690560293383896e-09,0,0,1,0.0,0.0,0
244,36893435.31834912,2,0.0,2318891.7803499927,70706738061,31.30674875912967,120.0,3,1.4341995499480982e+21,30311586.952880234,68812264229225.61,2500000.000000003,7.17106656200472e+20,1095460.8182760167,1.9717845134437084e-09,0,0,1,0.0,0.0,0
245,61277582.456738405,4,0.0,2328990.436989436,71380460479,40.534473157518185,120.0,4,1.4607457964713197e+21,30158327.994667873,68709340324513.96,2517260.0691409577,7.303797691696923e+20,1095460.8182760167,1.9708750187419355e-09,0,0,1,0.0,0.0,0
246,36893435.31834912,2,0.0,2339403.934481506,72078567044,31.17904506093625,120.0,3,1.4886912528911415e+21,30221963.694263104,68760675948964.65,2509555.136067372,7.443525025131657e+20,1095460.8182760167,1.989064912777394e-09,0,0,1,0.0,0.0,0
247,61277582.456738405,4,0.0,2352498.953982899,72752289461,48.544259195982605,120.0,4,1.515736313135573e+21,30031927.493614163,68627257196301.36,2501850.202993786,7.578750192935061e+20,1095460.8182760167,1.9699655240401626e-09,0,0,1,0.0,0.0,0
248,36893435.31834912,2,0.0,2364181.947300995,73450396025,31.055339390884075,120.0,3,1.5442019853447277e+21,30049861.34347246,68476177946164.08,2500000.000000003,7.721078402901584e+20,1141162.6680129543,1.95359461940825e-09,0,0,1,0.0,0.0,0
249,61210030.62255247,4,0.0,2375579.4191389405,74124185995,40.547792675498684,120.0,4,1.571746922340277e+21,29867266.201544814,68195122382498.414,2517260.0691409577,7.858802806823767e+20,1141162.6680129543,1.95359461940825e-09,0,0,1,0.0,0.0,0
250,51585579.06835508,3,0.0,2384230.1863343557,74807600416,35.84995004325609,120.0,4,1.6004991897567463e+21,29998576.866292432,68345263017653.9,2500000.0000000144,8.002564294046749e+20,1146784.9006433457,2.48473952524364e-09,0,0,1,0.0,0.0,0
251,47470342.388872534,3,0.0,2401747.237652347,75495130073,45.59312154003148,120.0,3,1.6287613017800405e+21,29692565.27422638,67759292633073.445,2500000.0000000093,8.143874268192836e+20,1146784.9006433457,2.48473952524364e-09,0,0,1,0.0,0.0,0
252,51585579.06835508,3,0.0,2407209.605596458,76178544494,30.72305065819361,120.0,4,1.6580287682496058e+21,29885401.174337126,67963857312223.414,2517260.069140957,8.290211805105341e+20,1146784.9006433457,2.48473952524364e-09,0,0,1,0.0,0.0,0
253,62162486.138878495,4,0.0,2421517.2064159955,76851382008,48.56075854842598,120.0,4,1.6865534209754936e+21,29686660.243893683,67671842489223.29,2500000.000000014,8.432834776719958e+20,1146027.055745939,1.2259988579899073e-09,0,0,1,0.0,0.0,0
254,36699426.86980717,2,0.0,2433440.5779353017,77549682581,30.652298043493904,120.0,3,1.7165811282502896e+21,29742047.68914816,67538662279723.41,2500000.000000003,8.582973179913727e+20,1146027.055745939,1.2259988579899073e-09,0,0,1,0.0,0.0,0
255,62162486.138878495,4,0.0,2444559.779503537,78222520095,40.56261795881776,120.0,4,1.7456042081391317e+21,29622602.884431183,67304648505815.016,2517260.0691409567,8.728088345344164e+20,1146027.055745939,1.2259988579899073e-09,0,0,1,0.0,0.0,0
256,51391570.61981313,3,0.0,2453294.751771539,78906128524,35.469681483864115,120.0,4,1.7759043124141802e+21,29752180.889887877,67461859490530.92,2500000.0000000135,8.879589023930392e+20,1146027.055745939,1.2732925824820995e-09,0,0,1,0.0,0.0,0
257,47470342.388872534,3,0.0,2470790.7518423805,79593658182,45.62876863981978,120.0,3,1.8056735928498698e+21,29498508.473698623,66898701689331.76,2500000.0000000093,9.028434862951039e+20,1146027.055745939,1.2732925824820995e-09,0,0,1,0.0,0.0,0
258,51391570.61981313,3,0.0,2476337.3248590804,80277266611,30.366297066221072,120.0,4,1.836489010055491e+21,29688123.530425377,67111325030258.13,2517260.0691409563,9.182512161602486e+20,1146027.055745939,1.2732925824820995e-09,0,0,1,0.0,0.0,0
259,62162486.138878495,4,0.0,2490644.925678617,80950104125,48.585777554503366,120.0,4,1.8665067314025417e+21,29490519.368386284,66835934696242.94,2500000.000000013,9.332600492947404e+20,1146027.055745939,1.2951204553246498e-09,0,0,1,0.0,0.0,0
260,36699426.86980717,2,0.0,2501263.8522633594,81648404698,30.189179910878643,120.0,3,1.8980923052439036e+21,29557646.81805185,66727821629805.75,2500000.000000003,9.490528254041147e+20,1099067.0381016044,1.2369127944111824e-09,0,0,1,0.0,0.0,0
261,62162486.138878495,4,0.0,2511078.6088970285,82321242212,40.58578051796367,120.0,4,1.9286084537539072e+21,29485162.030979205,66520639210873.67,2517260.069140956,9.643108789408747e+20,1099067.0381016044,1.2369127944111824e-09,0,0,1,0.0,0.0,0
262,51391570.61981313,3,0.0,2518509.136230467,83004850642,35.101433134386504,120.0,4,1.9604522839529753e+21,29591260.02761373,66703757798267.47,2500000.0000000126,9.802328123522675e+20,1099067.0381016044,1.2587406672537327e-09,0,0,1,0.0,0.0,0
263,47470342.388872534,3,0.0,2534700.6913667424,83692380300,45.67578786924628,120.0,3,1.9917287736523733e+21,29372807.624657728,66163639890119.08,2500000.0000000093,9.958710031901757e+20,1099067.0381016044,1.2587406672537327e-09,0,0,1,0.0,0.0,0
264,51391570.61981313,3,0.0,2538942.819448877,84375988729,30.069131934238605,120.0,4,2.0240879167820144e+21,29562422.68138448,66408824178537.53,2517260.0691409553,1.012050599273425e+21,1099067.0381016044,1.2587406672537327e-09,0,0,1,0.0,0.0,0
265,62162486.138878495,4,0.0,2551945.9753338504,85048826242,48.621845505299326,120.0,4,2.055598706750227e+21,29388298.528167557,66154620784789.03,2500000.000000012,1.0278059688371919e+21,1099067.0381016044,1.2587406672537327e-09,0,0,1,0.0,0.0,0
266,36699426.86980717,2,0.0,2562564.9019185915,85747126815,29.80090445529019,120.0,3,2.0887421471581547e+21,29431945.969010953,66064752856094.92,2500000.000000003,1.044377680054363e+21,1099067.0381016044,1.2587406672537327e-09,0,0,1,0.0,0.0,0
267,62162486.138878495,4,0.0,2573820.8114997465,86419964330,40.619725706724076,120.0,4,2.1207513642893205e+21,29359461.18193831,65875060309243.97,2517260.069140955,1.0603822696506912e+21,1150948.5442110838,9.094947017729282e-10,0,0,1,0.0,0.0,0
268,51391570.61981313,3,0.0,2583996.269629306,87103572759,34.789138651440076,120.0,4,2.1541389204124082e+21,29422732.495355688,66075777214784.77,2500000.0000000116,1.0770760677839256e+21,1197884.5467619805,1.2587406672537327e-09,0,0,1,0.0,0.0,0
269,47476300.79259057,3,0.0,2602849.6379095647,87791096458,45.73692204058248,120.0,3,2.18692215281536e+21,29249327.677210078,65547753439819.49,2500000.0000000093,1.093467631183024e+21,1194985.41134305,2.0372681319713593e-09,0,0,1,0.0,0.0,0
270,51391570.61981313,3,0.0,2609756.1652484057,88474704887,29.810460171816455,120.0,4,2.2208250182939784e+21,29396022.95066159,65818505990050.23,2517260.0691409544,1.1104190909975883e+21,1194985.41134305,2.0372681319713593e-09,0,0,1,0.0,0.0,0
271,60881516.59209428,4,0.0,2625418.548164636,89148823371,48.66556497671654,120.0,4,2.2538559994465152e+21,29266244.873414848,65582913152384.46,2500000.000000011,1.1269345580145729e+21,1184884.7367007039,1.949956640601158e-09,0,0,1,0.0,0.0,0
272,36699426.86980717,2,0.0,2638421.2997104637,89847123943,29.458510079124174,120.0,3,2.2885575240846276e+21,29296949.346454207,65553991800095.54,2500000.000000003,1.1442853174414938e+21,1184884.7367007039,1.9208528101444244e-09,0,0,1,0.0,0.0,0
273,63004593.28734204,4,0.0,2651175.8576710112,90519119350,40.666966047849435,120.0,4,2.322152842946281e+21,29249559.46616329,65384194015140.14,2517260.069140954,1.161082959892542e+21,1196620.5604898187,1.964508555829525e-09,0,0,1,0.0,0.0,0
274,51391570.61981313,3,0.0,2661316.205070788,91202727780,36.45828807465456,120.0,4,2.3570849990507613e+21,29304223.825229235,65569694078012.92,2500000.0000000107,1.1785490564947884e+21,1196620.5604898187,1.9426806829869747e-09,0,0,1,0.0,0.0,0
275,51728412.58680414,3,0.0,2680121.566428689,91885999367,45.853634457310996,120.0,3,2.391508048692754e+21,29154927.787561722,65164739198931.07,2500000.0000000093,1.195760540820297e+21,1196620.5604898187,1.964508555829525e-09,0,0,1,0.0,0.0,0
276,51391570.61981313,3,0.0,2687073.8137246543,92569607796,34.97025846970019,120.0,4,2.426956380887911e+21,29291663.291528866,65430077640380.45,2517260.0691409535,1.2134847334517194e+21,1196631.329799503,2.0590960048139095e-09,0,0,1,0.0,0.0,0
277,66421934.8084497,4,0.0,2702690.47668376,93238185862,48.79618334777808,120.0,4,2.461587904932357e+21,29185950.137058597,65314357529677.48,2500000.0000000102,1.2308004839019313e+21,1196631.329799503,2.0590960048139095e-09,0,0,1,0.0,0.0,0
278,36699426.86980717,2,0.0,2716019.5136624184,93936486435,36.79247614999281,120.0,3,2.4978496780239126e+21,29194086.967049565,65232333764388.0,2500000.000000003,1.2489313622453327e+21,1196631.0122825974,1.6807462088763714e-09,0,0,1,0.0,0.0,0
279,66421934.8084497,4,0.0,2728447.768550307,94605064500,40.81559565945138,120.0,4,2.5329821966264036e+21,29173386.91103081,65199700072311.74,2517260.069140953,1.2664976182832092e+21,1196631.0122825974,2.142769517377019e-09,0,0,1,0.0,0.0,0
280,47866533.93532102,3,0.0,2740118.3701164173,95292197966,40.69999571284257,120.0,4,2.56959697338829e+21,29176089.51839739,65234614775887.06,2500000.00000001,1.2848050101556226e+21,1196631.0122825974,2.142769517377019e-09,0,0,1,0.0,0.0,0
281,51729791.05844373,3,0.0,2758923.423506913,95975468175,46.13960153256301,120.0,3,2.60553588001391e+21,29034501.483525887,64852407993247.11,2500000.0000000093,1.3027744252477542e+21,1196631.0122825974,2.142769517377019e-09,0,0,1,0.0,0.0,0
282,47827149.675233014,3,0.0,2767422.719684604,96662641026,31.367530278377274,120.0,4,2.642671316213122e+21,29121755.734425303,64970313192581.8,2517260.0691409525,1.3213421551378802e+21,1196631.0122825974,2.9358488973230124e-09,0,0,1,0.0,0.0,0
283,79934583.86475642,5,0.0,2784291.9347574655,97317706442,50.94210977354748,120.0,5,2.678271600916015e+21,29036625.153099842,64975548325143.47,2500000.0000000093,1.33914229801284e+21,1347290.776647086,3.2268872018903494e-09,0,0,1,0.0,0.0,0
284,47627404.79799238,3,0.0,2793917.86737621,98005079037,24.934746308621968,120.0,3,2.7157176658815615e+21,29118112.4783385,65183814558049.98,2500000.0000000075,1.3578653513222366e+21,1347290.776647086,3.5179255064576864e-09,0,0,1,0.0,0.0,0
285,79934583.86475642,5,0.0,2807598.6831977684,98660144453,43.86501957756123,120.0,5,2.751805239747824e+21,29137129.948499564,65272404787793.49,2517260.069140952,1.3759091471143907e+21,1347290.776647086,3.5179255064576864e-09,0,0,1,0.0,0.0,0
286,42990085.29663615,3,0.0,2826620.502536148,99352154368,34.08003157103294,120.0,4,2.790048074892821e+21,29012958.386681706,64952731080239.305,2500000.000000009,1.3950305327195187e+21,1347290.776647086,3.5179255064576864e-09,0,0,1,0.0,0.0,0
287,65242440.114750445,4,0.0,2846678.1168603133,100021911928,49.505320512022266,120.0,4,2.826945339472932e+21,28926104.418591645,64693618548676.43,2500000.0000000093,1.413479139098321e+21,1347290.776647086,3.52520146407187e-09,0,0,1,0.0,0.0,0
288,67470096.54121608,4,0.0,2846574.029626699,100689441831,25.73832936788863,120.0,4,2.864927589166248e+21,29216662.424924888,65474593201291.51,2517260.0691409516,1.432470342042444e+21,1347290.776647086,3.5179255064576864e-09,0,0,1,0.0,0.0,0
289,79934583.86475642,5,0.0,2863443.244699561,101344507247,51.627460951155705,120.0,5,2.901990407598298e+21,29130547.389156707,65491899868548.266,2500000.0000000093,1.4510017529891358e+21,1347290.776647086,3.5179255064576864e-09,0,0,1,0.0,0.0,0
290,28297941.54663019,2,0.0,2885653.463289244,102051209305,28.82197386979298,120.0,3,2.941587279550296e+21,28962795.63646903,64886707656978.84,2500000.0000000075,1.4708001284459135e+21,1347290.776647086,3.52520146407187e-09,0,0,1,0.0,0.0,0
291,80034767.1681642,5,0.0,2899356.0202790764,102706174538,44.86726269102461,120.0,5,2.979137135590974e+21,29004143.69605059,65003736929335.24,2517260.069140951,1.48957506816918e+21,1348856.1407628327,2.6157067622989416e-09,0,0,1,0.0,0.0,0
292,67770646.45143941,4,0.0,2902288.144118847,103373403892,28.51225139448771,120.0,4,3.018116828378585e+21,29212819.25278459,65704821623331.62,2500000.000000008,1.5090649846714548e+21,1348856.1407628327,2.622982719913125e-09,0,0,1,0.0,0.0,0
293,63081002.564703315,4,0.0,2922367.3228034093,104045322889,52.15108124600958,120.0,5,3.056542760960096e+21,29082341.344088715,65452343654201.1,2500000.0000000093,1.5282779257144135e+21,1331180.862761664,3.27054294757545e-09,0,0,1,0.0,0.0,0
294,43090268.60004392,3,0.0,2937688.021777735,104737232621,29.204791254688622,120.0,4,3.096838850406616e+21,29065660.442277554,65282217591518.94,2517260.0691409507,1.548425953425067e+21,1331180.862761664,3.255991032347083e-09,0,0,1,0.0,0.0,0
295,75511525.46125437,5,0.0,2955069.604347594,105396721095,56.8693613824156,120.0,6,3.1354803318570583e+21,29004326.41111076,65262259036724.14,2500000.0000000093,1.567746692154433e+21,1331180.862761664,2.790329745039344e-09,0,0,1,0.0,0.0,0
296,53278869.308249,3,0.0,2960568.7004845454,106078442226,24.53323918426907,120.0,3,3.175801742164116e+21,29199055.874582857,65752041321036.375,2500000.0000000075,1.58790744628619e+21,1331180.862761664,2.790329745039344e-09,0,0,1,0.0,0.0,0
297,76635844.93005875,5,0.0,2974832.6020204294,106736806382,51.630339520842426,120.0,6,3.214805113231079e+21,29170509.082951333,65751577959134.66,2517260.06914095,1.6074091317733354e+21,1353840.0661093334,3.4415279515087605e-09,0,0,1,0.0,0.0,0
298,45990646.62854564,3,0.0,2992712.2779308446,107425815735,34.960680023820096,120.0,4,3.2560016914232556e+21,29084561.83321267,65568442254904.35,2500000.0000000075,1.6280074025558532e+21,1353840.0661093334,2.975866664201021e-09,0,0,1,0.0,0.0,0
299,64045629.28519662,4,0.0,3008317.411417916,108096770106,40.46591380107939,120.0,4,3.295680914312091e+21,29073469.467404857,65279121893102.336,2500000.0000000093,1.647846985068235e+21,1329501.9756913907,3.092281986027956e-09,0,0,1,0.0,0.0,0
300,65070635.02975324,4,0.0,3009910.7625611606,108766699469,26.013757097123154,120.0,4,3.3367367694846887e+21,29311820.287023753,65983011593642.664,2517260.0691409498,1.6683749830435036e+21,1329501.9756913907,3.106833901256323e-09,0,0,1,0.0,0.0,0
301,78411903.48975609,5,0.0,3024009.5035884106,109423287567,60.1388505009018,120.0,6,3.376561668125036e+21,29213779.474057663,65933628421722.54,2500000.0000000093,1.6882874274253602e+21,1258316.9739230569,2.10275175049901e-09,0,0,1,0.0,0.0,0
302,31298502.878539678,2,0.0,3042424.159522733,110126989063,29.905201017725624,120.0,3,3.4191351305522543e+21,29078587.232612263,65467524865932.28,2500000.0000000075,1.7095741120286137e+21,1258316.9739230569,2.10275175049901e-09,0,0,1,0.0,0.0,0
303,73164261.39271459,5,0.0,3053513.8191427244,110788824803,51.62650690846619,120.0,6,3.4595960119472606e+21,29101475.737727538,65494508370578.95,2517260.0691409493,1.7298045554244673e+21,1223775.2124255102,2.000888343900442e-09,0,0,1,0.0,0.0,0
304,65764871.66962956,4,0.0,3055509.3739951374,111458059930,28.833769095069474,120.0,4,3.5016402788058467e+21,29289854.995764077,66194799758329.555,2500000.0000000075,1.7508267588828993e+21,1234622.6599235777,2.015440259128809e-09,0,0,1,0.0,0.0,0
305,44911335.238254175,3,0.0,3064403.333473062,112148148596,23.18624953815715,120.0,3,3.543559338728505e+21,29270464.642231148,65849006579424.336,2500000.0000000093,1.7717862542649105e+21,1234622.6599235777,2.000888343900442e-09,0,0,1,0.0,0.0,0
306,78459296.49707769,5,0.0,3072122.9266987736,112804689299,52.58558192721026,120.0,7,3.584903443246632e+21,29385183.873629875,66265072579044.75,2517260.0691409493,1.7924583481305737e+21,1234622.6599235777,2.0081643015146255e-09,0,0,1,0.0,0.0,0
307,60989029.96669787,4,0.0,3076795.2338445894,113478700269,34.050484019437235,120.0,5,3.627934740341092e+21,29466457.933806416,66713273979252.67,2500000.0000000093,1.813974041497944e+21,1234622.6599235777,2.004526322707534e-09,0,0,1,0.0,0.0,0
308,27190801.058040395,2,0.0,3096357.71272589,114186509468,25.00531981101691,120.0,2,3.672391442550979e+21,29326153.2366636,66020874772378.75,2499999.999999999,1.8362023233629667e+21,1235455.7590690015,2.000888343900442e-09,0,0,1,0.0,0.0,0
309,93786741.33778791,5,0.0,3090725.2093216684,114827722727,33.87225353172372,120.0,5,3.7136588921751774e+21,29762918.555925433,66823652506319.14,2517260.0691409493,1.8568361284528392e+21,1235455.7590690015,2.0081643015146255e-09,0,0,1,0.0,0.0,0
310,44000518.389063895,3,0.0,3106632.1801751023,115518722209,33.84406800759752,120.0,3,3.758064857590498e+21,29486296.94300845,66541166206332.18,2500000.000000006,1.8790390829118697e+21,1235455.7590690015,2.0118022803217173e-09,0,0,1,0.0,0.0,0
311,62755214.712554425,4,0.0,3114631.085307548,116190966994,37.37948600749141,120.0,6,3.8006928372388845e+21,29602755.52160904,66977977320463.305,2500000.0000000093,1.9003531164171743e+21,1235455.7590690015,2.0081643015146255e-09,0,0,1,0.0,0.0,0
312,61844397.863364145,4,0.0,3125972.8884245865,116864122596,34.9194022506553,120.0,4,3.8450278667739453e+21,29604913.48956194,66810516988327.74,2517260.0691409493,1.9225206144386715e+21,1235218.3204354793,1.4879333321005106e-09,0,0,1,0.0,0.0,0
313,64243285.46745071,4,0.0,3130914.080818384,117534879310,29.760203058664345,120.0,5,3.8894888002584995e+21,29719388.955685444,67180536971308.22,2500000.0000000093,1.944751118182947e+21,1275172.9541786297,1.4842953532934189e-09,0,0,1,0.0,0.0,0
314,61366973.0926091,4,0.0,3140618.7767958655,118208512338,36.92656330645238,120.0,5,3.9342787260467574e+21,29816890.04640526,67527527269722.43,2517260.0691409493,1.9671461157761057e+21,1275172.9541786297,1.4988472685217857e-09,0,0,1,0.0,0.0,0
315,79052643.6114343,5,0.0,3149115.65260533,118864459693,38.04125911509254,120.0,5,3.9775356375689467e+21,29789767.015566457,67373680267092.71,2500000.0000000093,1.9887745561525e+21,1274356.1139039393,1.6152625903487206e-09,0,0,1,0.0,0.0,0
316,43523093.61830884,3,0.0,3162670.286626814,119555936600,29.453326033834383,120.0,4,4.0235004062786467e+21,29730778.200204376,67042307713204.84,2517260.0691409493,2.0117569073700945e+21,1274365.4153697458,2.0736479200422764e-09,0,0,1,0.0,0.0,0
317,79052643.61143428,5,0.0,3168213.2471211553,120211883957,39.2185031279198,120.0,6,4.067171701132897e+21,29853585.613045666,67607576583928.32,2500000.0000000093,2.033592611324107e+21,1274365.4153697458,2.0881998352706432e-09,0,0,1,0.0,0.0,0
318,61366973.09260911,4,0.0,3180849.68515423,120885516983,34.910331037871124,120.0,4,4.1130429045762095e+21,29810194.12572313,67242775654282.95,2517260.0691409493,2.05652817656567e+21,1274365.4153697458,2.08092387765646e-09,0,0,1,0.0,0.0,0
319,61208764.13713403,4,0.0,3186426.979189256,121559308219,30.062590205133752,120.0,5,4.1591043818285753e+21,29914680.93341085,67567454031873.88,2500000.0000000093,2.0795589476596908e+21,1274365.4153697458,2.0736479200422764e-09,0,0,1,0.0,0.0,0
320,61366973.0926091,4,0.0,3196109.2435331573,122232941245,36.81922728749841,120.0,5,4.20541630627023e+21,30012182.02413066,67935483131611.69,2517260.0691409493,2.1027149466834281e+21,1274365.4153697458,2.0881998352706432e-09,0,0,1,0.0,0.0,0
321,79052643.6114343,5,0.0,3204606.3777166726,122888888603,38.02723580858974,120.0,5,4.2501351646574884e+21,29985058.993291862,67769860416266.914,2500000.0000000093,2.1250743593147858e+21,1274365.4153697458,2.1318555809557438e-09,0,0,1,0.0,0.0,0
322,43523093.61830884,3,0.0,3218260.154902253,123580365510,29.9128940472217,120.0,4,4.297644750805983e+21,29926070.17792978,67466717215510.836,2517260.0691409493,2.148829122074713e+21,1277934.5692772774,1.4915713109076023e-09,0,0,1,0.0,0.0,0
323,79052643.61143428,5,0.0,3223902.258560693,124236312865,39.736683135050505,120.0,6,4.3427756270315304e+21,30048877.59077107,68034918844444.66,2500000.0000000093,2.1713946170076496e+21,1277934.5692772774,1.5570549294352531e-09,0,0,1,0.0,0.0,0
324,61366973.09260911,4,0.0,3236637.8397578658,124909945892,34.90305893370112,120.0,4,4.390171194622012e+21,30005486.103448533,67676448245197.484,2517260.0691409493,2.1950923649558305e+21,1277934.5692772774,1.4988472685217857e-09,0,0,1,0.0,0.0,0
325,59665299.153920576,4,0.0,3241979.3236186192,125585280593,30.460831041819134,120.0,5,4.437797676155027e+21,30128060.391408283,68097481341119.945,2500000.0000000093,2.2189056478256476e+21,1253817.9289145672,1.4770193956792355e-09,0,0,1,0.0,0.0,0
326,58280043.12618204,4,0.0,3253612.698392539,126262000549,37.99371781146351,120.0,5,4.485717902706517e+21,30213503.161946744,68507682509237.164,2517260.0691409493,2.2428658021215093e+21,1296372.1101250057,1.5497789718210697e-09,0,0,1,0.0,0.0,0
327,77608723.86903219,5,0.0,3263747.5923675317,126919391827,38.02244361835328,120.0,5,4.5319398721380664e+21,30191242.745407857,68296235975875.12,2500000.0000000093,2.2659767656926308e+21,1322044.144875398,1.5425030142068863e-09,0,0,1,0.0,0.0,0
328,43722184.09993186,3,0.0,3278540.2247426338,127610669642,30.514213497009877,120.0,4,4.5809895598286496e+21,30133031.62723962,68016812588319.586,2517260.0691409493,2.2905015815955837e+21,1322044.144875398,1.5352270565927029e-09,0,0,1,0.0,0.0,0
329,79251734.0930573,5,0.0,3285364.388990237,128266417908,41.18519029439824,120.0,6,4.6275752429141387e+21,30254283.645693228,68584413525086.62,2500000.0000000093,2.313794479898422e+21,1322044.1448748352,1.4915713109076023e-09,0,0,1,0.0,0.0,0
330,61566063.57423212,4,0.0,3299238.8253769153,128939851844,34.90370959212499,120.0,4,4.6764903415257875e+21,30211669.85556453,68230386754375.52,2517260.0691409493,2.338251993801569e+21,1322044.1448748352,1.4988472685217857e-09,0,0,1,0.0,0.0,0
331,61407854.61875704,4,0.0,3306097.323165203,129613443990,30.994298399367,120.0,5,4.725591328980095e+21,30314601.26886457,68577435134899.92,2500000.0000000093,2.3628025222335614e+21,1322044.1448748352,1.4770193956792355e-09,0,0,1,0.0,0.0,0
332,75860292.40220445,5,0.0,3317390.179766826,130272583698,45.8299535597733,120.0,6,4.773336440225616e+21,30312306.29449029,68686937503106.09,2517260.0691409493,2.3866750888065583e+21,1340780.9353313884,1.5570549294352531e-09,0,0,1,0.0,0.0,0
333,61407854.61875704,4,0.0,3325653.0064044073,130946175842,27.477742381189884,120.0,4,4.82178637344924e+21,30267843.771219067,68452012520636.914,2500000.0000000093,2.4109000319258717e+21,1340780.9353313884,1.5497789718210697e-09,0,0,1,0.0,0.0,0
334,72308911.53510126,5,0.0,3337716.1864969875,131608866931,42.517297800807654,120.0,6,4.870183733935132e+21,30272359.47640243,68417087418773.625,2517260.0691409493,2.435098708676308e+21,1340767.4179815818,1.5934347175061703e-09,0,0,1,0.0,0.0,0
335,61407854.61875704,4,0.0,3345094.7752049067,132282459076,34.21599223584877,120.0,5,4.920288644282565e+21,30326856.62790057,68684017814236.4,2500000.0000000093,2.460151190543064e+21,1340767.4179815818,1.5788828022778034e-09,0,0,1,0.0,0.0,0
336,58694348.998305164,4,0.0,3367608.559232552,132958764727,49.15900791243453,120.0,4,4.970776519390109e+21,30138928.54760592,68080088585984.92,2517260.0691409493,2.4853950677039133e+21,1397924.8842046577,1.1350493878126144e-09,0,0,1,0.0,0.0,0
337,68049097.61025305,4,0.0,3375638.5843427754,133625715630,31.486104042049313,120.0,5,5.021034563755925e+21,30327086.217091113,68630708028572.516,2500000.0000000093,2.510524144948765e+21,1467988.5505480084,1.3387762010097504e-09,0,0,1,0.0,0.0,0
338,57679714.160376586,4,0.0,3400098.5813244022,134303035916,49.11362193514727,120.0,4,5.07206876707831e+21,30142253.985259436,68030852748228.29,2517260.0691409493,2.53604118662443e+21,1460061.7158766913,1.2587406672537327e-09,0,0,1,0.0,0.0,0
339,81992276.60885172,5,0.0,3402111.4827142283,134956043640,29.411181437858332,120.0,5,5.120915720608983e+21,30351561.83294791,68778837396620.4,2500000.0000000093,2.560464738188231e+21,1460061.7158766913,1.2660166248679161e-09,0,0,1,0.0,0.0,0
340,56665079.32244801,4,0.0,3426791.669547836,135634378560,49.06510094989149,120.0,4,5.17248743377521e+21,30172788.459542286,68147284074664.33,2517260.0691409493,2.5862505316160126e+21,1460061.7158766913,1.2514647096395493e-09,0,0,1,0.0,0.0,0
341,65480692.82156135,4,0.0,3435716.2638289486,136303897869,30.458106792431906,120.0,5,5.223894859150942e+21,30338774.470081314,68611236467607.77,2500000.0000000093,2.6119542906991175e+21,1460061.7158766913,1.2514647096395493e-09,0,0,1,0.0,0.0,0
342,56665079.32244801,4,0.0,3460396.4506625556,136982232788,49.02138395591139,120.0,4,5.275981293010838e+21,30147997.112246152,67980977547409.32,2517260.0691409493,2.6379974446031737e+21,1460061.7158766913,1.2514647096395493e-09,0,0,1,0.0,0.0,0
343,84560681.39754342,5,0.0,3460737.2135180775,137632672106,29.23517892725545,120.0,5,5.325686866317781e+21,30397436.284757935,68849675265366.164,2500000.0000000093,2.6628503181264174e+21,1460061.7158766913,1.2514647096395493e-09,0,0,1,0.0,0.0,0
344,56665079.32244801,4,0.0,3485417.400351685,138311007027,48.98178378144415,120.0,4,5.378277111859833e+21,30208630.080146484,68213701356143.19,2517260.0691409493,2.689145377300052e+21,1460061.7158766913,1.2514647096395493e-09,0,0,1,0.0,0.0,0
345,65480692.82156135,4,0.0,3494678.396774485,138980526334,30.46961385057763,120.0,5,5.430694853871963e+21,30371588.471410323,68675067004976.125,2500000.0000000093,2.715354294442682e+21,1472172.1929774422,9.604264050722122e-10,0,0,1,0.0,0.0,0
346,56665079.32244801,4,0.0,3520288.824454678,139658861255,48.94525280498833,120.0,4,5.483799820107684e+21,30174755.875024784,68031780518696.85,2517260.0691409493,2.7419067132318937e+21,1493550.3863537638,1.4260876923799515e-09,0,0,1,0.0,0.0,0
347,84183230.93329814,4,0.0,3515642.054825291,140309678024,27.636022172301537,120.0,4,5.534795872489113e+21,30654165.37944822,69214909924859.67,2500000.0000000093,2.7674048577355493e+21,1409833.3520925543,2.4519977159798145e-09,0,0,1,0.0,0.0,0
348,61377334.56653141,4,0.0,3537904.3844956057,140983300689,48.9133637425317,120.0,4,5.588136338124398e+21,30447223.51217021,68826334057013.03,2517260.0691409493,2.794075051695605e+21,1409833.3520925543,2.4519977159798145e-09,0,0,1,0.0,0.0,0
349,70192948.06564476,4,0.0,3542365.8719415143,141648107741,27.65796852854662,120.0,4,5.640238653390584e+21,30647096.147229776,69372210161800.17,2500000.0000000093,2.820126263916308e+21,1409833.3520925543,2.4519977159798145e-09,0,0,1,0.0,0.0,0
350,61377334.56653141,4,0.0,3564628.2016118285,142321730406,48.88421764682273,120.0,4,5.694083473235327e+21,30497547.660707556,68982678135061.98,2517260.0691409493,2.847048634885477e+21,1409833.3520925543,2.2773747332394123e-09,0,0,1,0.0,0.0,0
351,70192948.06564476,4,0.0,3569089.689057737,142986537458,27.681711503901372,120.0,4,5.746676715874552e+21,30697420.29576712,69533654351100.33,2500000.0000000093,2.873345311302711e+21,1409833.3520925543,2.2773747332394123e-09,0,0,1,0.0,0.0,0
352,61377334.56653141,4,0.0,3591351.0023713233,143660160124,48.857491467798766,120.0,4,5.801025889928752e+21,30547890.103666015,69141547082213.38,2517260.0691409493,2.9005198591190845e+21,1409796.7632503267,1.0841176845133305e-09,0,0,1,0.0,0.0,0
353,70192955.70580533,4,0.0,3596395.882103613,144324967168,27.70726683396224,120.0,4,5.854110059357732e+21,30737252.530360162,69681482335509.33,2500000.0000000093,2.9270619978270995e+21,1430835.6236241646,1.3242242857813835e-09,0,0,1,0.0,0.0,0
354,61377334.56653141,4,0.0,3616897.5770530147,144998589835,48.83217283829217,120.0,4,5.908963587618627e+21,30583915.265017994,69276664595130.24,2517260.0691409493,2.954488721475773e+21,1346450.502139653,2.990418579429388e-09,0,0,1,0.0,0.0,0
355,69693990.73215754,4,0.0,3619869.131456332,145663895843,27.734009084300038,120.0,4,5.962577127662204e+21,30774151.97992799,69808135029290.51,2500000.0000000093,2.981295544644605e+21,1346450.502139653,2.990418579429388e-09,0,0,1,0.0,0.0,0
356,61377334.56653141,4,0.0,3640370.8264057343,146337518508,48.808761635138126,120.0,4,6.017935190616468e+21,30621789.25554998,69400536560196.78,2517260.0691409493,3.00897453536189e+21,1346450.502139653,2.990418579429388e-09,0,0,1,0.0,0.0,0
357,69693990.73215754,4,0.0,3643342.3808090515,147002824517,27.76313967246689,120.0,4,6.072040177686375e+21,30812025.970459975,69936630615325.414,2500000.0000000093,3.036027082506249e+21,1346450.502139653,3.536115400493145e-09,0,0,1,0.0,0.0,0
358,61377334.56653141,4,0.0,3663843.776610961,147676447183,48.78702514348781,120.0,4,6.127902775334009e+21,30659671.323064227,69526272950252.79,2517260.0691409493,3.0639583402942996e+21,1346439.732829969,3.521563485264778e-09,0,0,1,0.0,0.0,0
359,69691233.78887835,4,0.0,3666816.527604244,148341755950,27.79501916563764,120.0,4,6.182499425712275e+21,30849883.807027433,70066916763595.06,2500000.0000000093,3.0912567195478136e+21,1346439.732829969,3.521563485264778e-09,0,0,1,0.0,0.0,0
360,61377334.56653141,4,0.0,3685206.1294321213,149015378614,48.76835721290733,120.0,4,6.238866559050526e+21,30743817.22624431,69713517687769.195,2517260.0691409493,3.119440250877032e+21,1270415.1497647692,4.336470738053322e-09,0,0,1,0.0,0.0,0
361,69691233.78887835,4,0.0,3686067.0864513717,149680687382,27.831812757140845,120.0,4,6.293954659327804e+21,30944765.465548635,70319247275660.48,2500000.0000000093,3.1469843615886297e+21,1270415.1497647692,4.336470738053322e-09,0,0,1,0.0,0.0,0
362,61377334.56653141,4,0.0,3704456.688279248,150354310047,48.75275194536081,120.0,4,6.350826328356673e+21,30819692.738999214,69964349245845.78,2517260.0691409493,3.175420160613261e+21,1270415.1497647692,4.336470738053322e-09,0,0,1,0.0,0.0,0
363,69691233.78887835,4,0.0,3705317.6452984978,151019618812,27.87248907008474,120.0,4,6.40640587853296e+21,31020640.978303537,70576843923051.33,2500000.0000000093,3.203209996950872e+21,1270415.1497647692,4.0745362639427185e-09,0,0,1,0.0,0.0,0
364,61377334.56653141,4,0.0,3723707.247126374,151693241479,48.73857597887001,120.0,4,6.463782083252447e+21,30895568.251754113,70221017328961.68,2517260.0691409493,3.2318980637279566e+21,1270415.1497647692,4.0745362639427185e-09,0,0,1,0.0,0.0,0
365,69691233.78887835,4,0.0,3724568.204145624,152358550244,27.91777588155708,120.0,4,6.519853083327743e+21,31096516.491058435,70840277095481.48,2500000.0000000093,3.2599336256915814e+21,1270415.1497647692,4.0745362639427185e-09,0,0,1,0.0,0.0,0
366,61377334.56653141,4,0.0,3742957.8059735,153032172910,48.72573581555024,120.0,4,6.577733823737847e+21,30971443.764509015,70483521937116.9,2517260.0691409493,3.288873960221117e+21,1270415.1497647692,4.0745362639427185e-09,0,0,1,0.0,0.0,0
367,69691233.78887835,4,0.0,3743818.7630349505,153697481675,27.968611441775657,120.0,4,6.634296273712153e+21,31172392.003053743,71109546791619.16,2500000.0000000093,3.3171552478107554e+21,1270415.151283955,4.147295840084553e-09,0,0,1,0.0,0.0,0
368,63212548.42308248,4,0.0,3762648.4985572705,154369269128,48.71497670015633,120.0,4,6.69256058525718e+21,31032228.06587718,70719641766903.58,2517260.0691409493,3.346287364592767e+21,1299090.3677925654,3.965396899729967e-09,0,0,1,0.0,0.0,0
369,73361661.50198007,4,0.0,3761748.9210097427,155030907466,28.05790264260214,120.0,4,6.749429349883405e+21,31294091.240999337,71481971831896.05,2500000.0000000093,3.3747218231388857e+21,1299090.3677925589,3.958120942115784e-09,0,0,1,0.0,0.0,0
370,65047762.2796327,4,0.0,3780039.367274166,155700859704,48.70607808277917,120.0,4,6.808073771293413e+21,31140546.80244732,71121501628898.12,2517260.0691409493,3.4040439977968696e+21,1292506.3595360795,4.6566128730773926e-09,0,0,1,0.0,0.0,0
371,73361661.50197963,4,0.0,3778956.900608403,156362498042,28.1642401167379,120.0,4,6.865430513854076e+21,31406455.58331095,71895259613138.69,2500000.0000000093,3.4327224464529996e+21,1292506.3595360795,4.6566128730773926e-09,0,0,1,0.0,0.0,0
372,64823930.539894275,4,0.0,3797247.3468728266,157032674112,48.69767088002135,120.0,4,6.92458410849624e+21,31249619.140630692,71533316269815.34,2517260.0691409493,3.462299207579747e+21,1290757.674069373,4.634785000234842e-09,0,0,1,0.0,0.0,0
373,73361661.50197963,4,0.0,3796116.305610766,157694312451,28.29693544640942,120.0,4,6.982428863726409e+21,31517713.778327707,72326340480714.0,2500000.0000000093,3.4912216644972524e+21,1290757.674069373,4.634785000234842e-09,0,0,1,0.0,0.0,0
374,63905862.16027954,4,0.0,3814455.3264714875,158365406588,48.692197014191585,120.0,4,7.042116079576409e+21,31361840.512055263,71982000147010.19,2517260.0691409493,3.5210652379882193e+21,1279910.2265713057,4.612957127392292e-09,0,0,1,0.0,0.0,0
375,71973188.222227,4,0.0,3813324.285209427,159028433399,28.4831057101326,120.0,4,7.100497723374437e+21,31638507.906742502,72810659069749.64,2500000.0000000093,3.5502561427531256e+21,1279910.2265713057,3.768946044147015e-09,0,0,1,0.0,0.0,0
376,63211625.520403236,4,0.0,3829861.7060815725,159700221774,48.689720648993294,120.0,4,7.160710726827803e+21,31531277.84016158,72673556632134.86,2517260.0691409493,3.5803626307695647e+21,1204205.1794845406,4.001776687800884e-09,0,0,1,0.0,0.0,0
377,37103561.46134305,2,0.0,3845545.730113589,160398118213,32.22752458357051,120.0,2,7.222537654089881e+21,31480069.60233326,72324043453834.72,2500000.000000006,3.611276059449286e+21,1204205.1794845406,3.157765604555607e-09,0,0,1,0.0,0.0,0
378,63211625.520403236,4,0.0,3862083.1509857345,161069906587,48.67884406327408,120.0,4,7.283264904378985e+21,31419682.11662073,72188442654853.56,2517260.0691409493,3.6416396710337577e+21,1204205.1794845406,2.317392500117421e-09,0,0,1,0.0,0.0,0
379,71221909.43374085,4,0.0,3859938.227237382,161733684678,28.719380871628037,120.0,4,7.342700397834339e+21,31725702.529620513,73158334835289.55,2500000.000000009,3.671357514750653e+21,1228737.0432271468,2.382876118645072e-09,0,0,1,0.0,0.0,0
380,63211625.520403236,4,0.0,3877157.088769045,162405473052,48.67663359573451,120.0,4,7.403929545960695e+21,31604475.589383923,72939380445807.47,2517260.0691409493,3.701972066918392e+21,1228737.0432271468,2.9358488973230124e-09,0,0,1,0.0,0.0,0
381,37103561.46134305,2,0.0,3893522.5534605766,163103369490,33.658114005073834,120.0,2,7.466796545067957e+21,31534868.453748643,72532920585089.8,2500000.000000006,3.733405525826037e+21,1228737.0432271468,2.928572939708829e-09,0,0,1,0.0,0.0,0
382,79538594.36610255,5,0.0,3903655.056976361,163758830896,43.36647204206273,120.0,5,7.526180909211477e+21,31540040.24930106,72633240462958.89,2517260.0691409493,3.7630977179297844e+21,1228737.0428695658,2.9358488973230124e-09,0,0,1,0.0,0.0,0
383,58872853.240352005,3,0.0,3905847.8056361377,164434958043,29.936246583285516,120.0,4,7.588936878503801e+21,31790397.341856554,73575495085030.95,2500000.000000006,3.794475796801409e+21,1228737.0428695658,2.9358488973230124e-09,0,0,1,0.0,0.0,0
384,63211625.474632844,4,0.0,3921815.029472862,165106746418,48.666819624462946,120.0,4,7.651182027082279e+21,31711610.95815828,73352005519274.36,2517260.0691409493,3.8255983487416916e+21,1183678.0854942244,3.4888216760009527e-09,0,0,1,0.0,0.0,0
385,53430530.28415717,3,0.0,3929842.498443645,165788315887,39.674261697355035,120.0,4,7.712700944618273e+21,31762170.551706232,73277753991641.44,2516655.0369560327,3.8563578000845355e+21,1183678.0854942244,3.4633558243513107e-09,0,0,1,0.0,0.0,0
386,63211625.474632844,4,0.0,3945809.7222803715,166460104261,48.65657272901277,120.0,4,7.775450543851194e+21,31626994.66132522,73053819292107.92,2517260.0691409493,3.887732577307526e+21,1183678.0854942244,3.5142875276505947e-09,0,0,1,0.0,0.0,0
387,55538287.057703175,3,0.0,3948921.7747604377,167139565974,35.48615664796812,120.0,4,7.839410184949212e+21,31854874.879746996,73831616125923.28,2533547.9712330867,3.919712475636219e+21,1183678.0854942244,3.474269760772586e-09,0,0,1,0.0,0.0,0
388,79538594.34321734,5,0.0,3957802.640581284,167795027380,43.3599691382367,120.0,5,7.900255305587329e+21,31850601.909490045,73921699851746.89,2517260.0691409493,3.95013504496365e+21,1183678.0854942244,4.038156475871801e-09,0,0,1,0.0,0.0,0
389,29444404.05799798,2,0.0,3977902.898139284,168500582976,36.188548433505545,120.0,3,7.965597585915469e+21,31641139.48366065,73120733552710.22,2533547.9712330867,3.9828061050310896e+21,1183678.0854942244,3.4524418879300356e-09,0,0,1,0.0,0.0,0
390,79538594.34321734,5,0.0,3983240.5849521905,169156044382,43.18519995754693,120.0,6,8.026929736217205e+21,31773865.723230697,73536451851981.8,2517260.0691409493,4.013472221753788e+21,1183678.0854942244,4.059984348714352e-09,0,0,1,0.0,0.0,0
391,45771372.926582485,3,0.0,3996254.4844943117,169845273009,40.37390768334168,120.0,4,8.090348335848395e+21,31668542.4332234,73062493604162.17,2533547.9712330867,4.045181474173558e+21,1183678.0854942244,3.485183697193861e-09,0,0,1,0.0,0.0,0
392,63211625.474632844,4,0.0,4012221.708331038,170517061384,48.63811223820102,120.0,4,8.154612579705742e+21,31549394.13584594,72840138697453.19,2517260.0691409493,4.0773135738667406e+21,1183678.0854942244,4.05634636990726e-09,0,0,1,0.0,0.0,0
393,45771372.926582485,3,0.0,4022141.3220418375,171206290012,29.9645748069567,120.0,4,8.220505850086875e+21,31603101.439659074,73000498829595.48,2533547.9712330867,4.110260225093321e+21,1199838.2398524883,4.685716703534126e-09,0,0,1,0.0,0.0,0
394,81607094.10107511,5,0.0,4031022.1878626826,171859682917,43.34444872525144,120.0,5,8.28266504016248e+21,31604590.31411364,73100945508126.62,2517260.0691409493,4.1413398301757905e+21,1199838.2398524883,4.71482053399086e-09,0,0,1,0.0,0.0,0
395,37445440.46535525,2,0.0,4050962.9334524595,172557237477,34.30798406947162,120.0,2,8.349199385597224e+21,31357531.068040006,72081504145502.23,2533547.9712330867,4.1746069009490263e+21,1302951.8485031014,4.449248081073165e-09,0,0,1,0.0,0.0,0
396,101790476.38125649,5,0.0,4053715.5310818395,173190447000,40.19274602823062,120.0,5,8.410983665806728e+21,31548597.228424404,72558257149169.48,2517260.0691409493,4.205499088729079e+21,1326965.8002419302,4.489265847951174e-09,0,0,1,0.0,0.0,0
397,75403079.53777242,4,0.0,4054890.8413159866,173850043921,32.930722155472175,120.0,5,8.47473968077347e+21,31622323.682569757,72793248862128.98,2533547.9712330867,4.2373771197116213e+21,1326965.8002419302,4.48198989033699e-09,0,0,1,0.0,0.0,0
398,73366121.49003026,4,0.0,4070885.019635889,174511677798,48.62019273892152,120.0,4,8.540358676414982e+21,31466531.57230628,72404361385386.81,2517260.0691409493,4.2701865786436296e+21,1326488.543941425,2.6157067622989416e-09,0,0,1,0.0,0.0,0
399,68440114.74168953,4,0.0,4077436.4776013973,175178237684,32.65444121045224,120.0,5,8.606317614080625e+21,31479561.92177007,72648467420062.73,2501211.542128166,4.303166071887055e+21,1347037.9354223113,2.699380274862051e-09,0,0,1,0.0,0.0,0
400,92323412.46816823,5,0.0,4085773.481475398,175330914272,43.3301140436692,120.0,5,8.623104600551518e+21,31523308.607754048,72577891051990.16,2517260.0691409493,4.311559558064864e+21,1347037.9354223113,2.6921043172478676e-09,0,0,1,0.0,0.0,0
401,63612139.82578244,4,0.0,4094572.242448432,175512302131,31.02852195176334,120.0,4,8.643263670751185e+21,31446570.248120617,72588991379605.4,2500000.000000006,4.3216390942747305e+21,1347028.6339565048,1.9354047253727913e-09,0,0,1,0.0,0.0,0
402,86881089.51197338,5,0.0,4105271.107287008,175670421044,43.32903944550389,120.0,5,8.660931202311801e+21,31469231.82447115,72423338501428.31,2517260.0691409493,4.3304728434897505e+21,1347028.6339565048,1.9354047253727913e-09,0,0,1,0.0,0.0,0
403,74156080.51296845,4,0.0,4109770.521856554,175841264962,30.197484330542597,120.0,4,8.680682410587395e+21,31514227.558980733,72788100596380.4,2500000.000000006,4.340348484103757e+21,1439375.7732868295,5.602487362921238e-09,0,0,1,0.0,0.0,0
404,92153059.85556641,5,0.0,4120110.6251500216,175994111903,43.332170276382804,120.0,5,8.698010958970818e+21,31498195.017699867,72528506569586.2,2517260.0691409493,4.3490127323360663e+21,1375300.486641905,2.342858351767063e-09,0,0,1,0.0,0.0,0
405,79428050.85656145,4,0.0,4119397.8982869857,176159683852,30.003685737196747,120.0,4,8.717515537595032e+21,31648740.378528763,73180364735365.28,2500000.000000006,4.3587650868339896e+21,1375300.486641905,2.2628228180110455e-09,0,0,1,0.0,0.0,0
406,92147101.45184836,5,0.0,4129738.0015804535,176312536749,43.33744502409669,120.0,5,8.734883448297493e+21,31601380.145926423,72923219891699.7,2517260.0691409493,4.3674490164707354e+21,1375207.3865838107,2.117303665727377e-09,0,0,1,0.0,0.0,0
407,79428050.85656145,4,0.0,4129020.1024919692,176478108698,30.147932295954224,120.0,4,8.754431991096119e+21,31752018.606813412,73585781693311.25,2500000.000000006,4.377223354126229e+21,1375207.3865838107,2.117303665727377e-09,0,0,1,0.0,0.0,0
408,89614149.60960224,5,0.0,4141380.396343741,176633494549,43.343378061178036,120.0,5,8.771948293381523e+21,31686453.38417181,73351304096806.12,2517260.0691409493,4.385981481821171e+21,1428099.0103861864,2.0736479200422764e-09,0,0,1,0.0,0.0,0
409,79428050.85656145,4,0.0,4142131.7090275446,176799066499,30.32967004422412,120.0,4,8.791540657941193e+21,31836524.63235084,74111652153285.16,2500000.000000006,4.395777740135812e+21,1428099.0103861864,2.0736479200422764e-09,0,0,1,0.0,0.0,0
410,87087156.17107412,5,0.0,4155040.3955526087,176956979343,43.350937556960325,120.0,5,8.809204766472698e+21,31775549.038953777,73814807071546.56,2517260.0691409493,4.404609764717056e+21,1428099.0103861864,2.0736479200422764e-09,0,0,1,0.0,0.0,0
411,79428050.85656145,4,0.0,4155691.755929565,177122551292,30.548793164268336,120.0,4,8.82884100787742e+21,31934154.104238927,74603829634303.45,2500000.000000006,4.414427964321674e+21,1424500.7273396903,2.08092387765646e-09,0,0,1,0.0,0.0,0
412,86165995.71117109,5,0.0,4168700.394761476,177281385296,43.36238970833493,120.0,5,8.84658382098848e+21,31876257.302823823,74301779167422.08,2517260.0691409493,4.423299340672157e+21,1424500.7273396903,2.0881998352706432e-09,0,0,1,0.0,0.0,0
413,79417963.69234824,4,0.0,4169349.5660836995,177446967332,30.819736460543847,120.0,4,8.86626435119162e+21,32036740.315602638,75104520994317.17,2522732.6448205905,4.4331396860479097e+21,1424343.1153988587,2.0736479200422764e-09,0,0,1,0.0,0.0,0
414,86145821.38274467,5,0.0,4182362.583025078,177605821511,43.379673391890435,120.0,5,8.884046890085541e+21,31978804.111202322,74805000127111.62,2567820.223688877,4.4420309255427835e+21,1424343.1153988587,2.0736479200422764e-09,0,0,1,0.0,0.0,0
415,79407876.52813503,4,0.0,4183013.9434020347,177771413635,31.16211588484537,120.0,5,8.903771710116152e+21,32139208.31801072,75620674354169.77,2598058.349557705,4.4518934171255114e+21,1424343.1153988587,2.0736479200422764e-09,0,0,1,0.0,0.0,0
416,86145821.38274467,5,0.0,4196026.960343413,177930267813,43.40486858396834,120.0,5,8.921593191780587e+21,32081311.516595613,75323735110393.83,2643145.928425992,4.4608041282638043e+21,1424343.1153988587,2.0736479200422764e-09,0,0,1,0.0,0.0,0
417,79407876.52813503,4,0.0,4196678.32072037,178095859936,31.606864375874945,120.0,5,8.941361909911982e+21,32241715.723404013,76152537219521.16,2673384.05429482,4.4706885702097127e+21,1424343.1153988587,2.0736479200422764e-09,0,0,1,0.0,0.0,0
418,86145821.38274467,5,0.0,4209691.337661748,178254714114,43.441497280413465,120.0,5,8.959222334346928e+21,32183818.921988904,75858177636233.98,2718471.6331631066,4.4796187529912275e+21,1424343.1153988587,2.0954757928848267e-09,0,0,1,0.0,0.0,0
419,79407876.52813503,4,0.0,4210342.698038704,178420306238,32.20985168590669,120.0,5,8.97903495057911e+21,32344223.128797304,76700107627430.48,2748709.7590319347,4.4895251453003175e+21,1424343.1153988587,2.0954757928848267e-09,0,0,1,0.0,0.0,0
420,86145821.38274467,5,0.0,4223355.714980083,178579160417,43.49591454195429,120.0,5,8.996934317784569e+21,32286326.3273822,76408327704632.05,2793797.3379002213,4.498474799725055e+21,1424343.1153988587,2.0954757928848267e-09,0,0,1,0.0,0.0,0
421,79407876.52813503,4,0.0,4224007.0753570385,178744752541,33.07749858550267,120.0,5,9.016790832117535e+21,32446730.534190595,77263385577897.72,2824035.4637690494,4.508403142397325e+21,1424343.1153988587,2.0954757928848267e-09,0,0,1,0.0,0.0,0
422,86145821.38274467,5,0.0,4237032.521418628,178903606720,43.580592293666655,120.0,5,9.034729142093507e+21,32388386.28444788,76973523034278.94,2869011.1805554326,4.517372268399057e+21,1424790.5637264717,4.3655745685100555e-10,0,0,1,0.0,0.0,0
423,79407876.52813503,4,0.0,4237696.310915797,179069198843,34.4410501633855,120.0,5,9.054629554527257e+21,32548790.491256274,77841064197366.84,2899137.444342357,4.527322561370048e+21,1424790.5637264717,4.3655745685100555e-10,0,0,1,0.0,0.0,0
424,86145821.38274467,5,0.0,4250721.756977388,179228053021,43.72424661590831,120.0,5,9.072606807273743e+21,32490446.241513554,77553723879795.11,2944113.1611287403,4.5363111590092593e+21,1424790.5637264717,4.3655745685100555e-10,0,0,1,0.0,0.0,0
425,79407876.52813503,4,0.0,4251385.5464745555,179393645145,36.011169105290335,120.0,5,9.092551117808277e+21,32650850.448321953,78434381816311.17,2974239.424915665,4.54628340234232e+21,1424790.5637264717,4.5838532969355583e-10,0,0,1,0.0,0.0,0
426,86145821.38274467,5,0.0,4264410.992536146,179552499324,44.01077067710319,120.0,5,9.110567313325276e+21,32592506.198579233,78149563724786.48,3019215.141702048,4.5552914716190106e+21,1424790.5637264717,4.2928149923682213e-10,0,0,1,0.0,0.0,0
427,79407876.52813503,4,0.0,4265074.782033313,179718091447,36.423334162637346,120.0,5,9.130555521960596e+21,32752910.405387633,79043338434730.69,3049341.4054889726,4.565285665314142e+21,1424790.5637264717,4.3655745685100555e-10,0,0,1,0.0,0.0,0
428,86145821.38274467,5,0.0,4278100.228094904,179876945625,44.828705251899486,120.0,5,9.148610660248107e+21,32694566.155644912,78761042569253.05,3094317.1222753557,4.5743132062283103e+21,1424790.5637264717,4.3655745685100555e-10,0,0,1,0.0,0.0,0
429,79407876.52813503,4,0.0,4278764.017592072,180042537749,37.78848811511293,120.0,5,9.168642766984212e+21,32854970.36245331,79667934052625.38,3124443.3860622803,4.584329350285511e+21,1424790.5637264717,4.2928149923682213e-10,0,0,1,0.0,0.0,0
430,86145821.38274467,5,0.0,4291789.463653662,180201391928,51.66621227851494,120.0,6,9.186736848042238e+21,32796626.11271059,79388160413194.8,3169419.1028486635,4.5933763628371605e+21,1424790.5637264717,4.3655745685100555e-10,0,0,1,0.0,0.0,0
431,72073452.15443048,4,0.0,4297228.269019128,180374318476,40.29792654664888,120.0,6,9.207074862672434e+21,32842429.938679855,79859809288474.64,3175944.360818304,4.603545417317146e+21,1424790.5637264717,4.3655745685100555e-10,0,0,1,0.0,0.0,0
432,69484614.76403949,4,0.0,4312060.609352939,180549833861,48.0455749837037,120.0,6,9.225530721438188e+21,32755335.730375357,79575151077392.06,3132236.2334330864,4.6127733182342014e+21,1424790.5637264717,4.3655745685100555e-10,0,0,1,0.0,0.0,0
433,55042751.82196187,3,0.0,4328558.912486703,180739791110,44.95380573786199,120.0,5,9.247021583790037e+21,32667172.197712857,79113956235059.42,3162108.7173741385,4.623518703290642e+21,1423775.4443429809,2.1827872842550278e-11,0,0,1,0.0,0.0,0
434,78108994.9665935,5,0.0,4345223.068024512,180906682115,45.45800969927635,120.0,5,9.265512058546638e+21,32537003.385000702,78489605952587.94,3175944.360818304,4.632763878233914e+21,1430716.251809769,1.1932570487260818e-09,0,0,1,0.0,0.0,0
435,86945828.82331449,3,0.0,4346389.212767702,181064736284,54.50437343708145,120.0,5,9.284686236049864e+21,32802778.101530578,79214528927119.72,3132236.2334330864,4.6423510394778246e+21,1430716.251809769,1.2150849215686321e-09,0,0,1,0.0,0.0,0
436,85756350.85550278,5,0.0,4359734.203423172,181223979934,45.40477752841967,120.0,5,9.302915182701384e+21,32637275.01883881,78901788922557.08,3175944.360818304,4.6514654815295845e+21,1430716.251809769,1.1714291758835316e-09,0,0,1,0.0,0.0,0
437,81488823.73914163,4,0.0,4364453.085851369,181387491110,42.61105259464493,120.0,6,9.320628810856494e+21,32710608.733803567,79012303875372.3,3132236.2334330864,4.6603223066586346e+21,1430716.251809769,1.1714291758835316e-09,0,0,1,0.0,0.0,0
438,80735164.93138796,5,0.0,4376363.940067333,181551755946,44.81157790046906,120.0,5,9.339090930975202e+21,32607352.510847975,78609961333042.4,3175944.360818304,4.6695533264837343e+21,1300631.3099231762,4.3655745685100555e-10,0,0,1,0.0,0.0,0
439,79212973.6065048,4,0.0,4379865.386842079,181717542973,43.677033448849215,120.0,6,9.356507289841153e+21,32680133.746688005,78550511939586.4,3151850.24094916,4.67826149997177e+21,1333548.3308018758,4.147295840084553e-10,0,0,1,0.0,0.0,0
440,67591168.306745,4,0.0,4398395.462395231,181894951805,48.26212471620745,120.0,4,9.375005216235775e+21,32378145.77279215,77397496652686.86,3127756.121080016,4.687510347867553e+21,1333548.3308018758,4.2928149923682213e-10,0,0,1,0.0,0.0,0
441,78182785.67830737,4,0.0,4399048.314841918,182061769019,44.13574539106148,120.0,6,9.395211863923132e+21,32546310.034576006,78192592730013.81,3175944.3608183037,4.697613751220839e+21,1333548.3308018758,4.2928149923682213e-10,0,0,1,0.0,0.0,0
442,65507388.308148585,4,0.0,4417506.265299577,182241261630,48.25731948774829,120.0,4,9.414115985120812e+21,32299375.633776437,77125802789417.22,3151850.2409491595,4.7070657051406846e+21,1295796.2614484564,8.440110832452774e-10,0,0,1,0.0,0.0,0
443,65583662.15222964,4,0.0,4424495.849670532,182420677968,37.985644843003946,120.0,6,9.435109126416297e+21,32288657.70782983,77329763511567.52,3175944.3608183037,4.7175622961845e+21,1329252.3974083858,2.5174813345074654e-09,0,0,1,0.0,0.0,0
444,68691331.28712347,4,0.0,4443488.911363903,182596986637,48.25264199479271,120.0,4,9.453937256536258e+21,32097281.935023084,76274323874147.98,3145534.6098661153,4.726976255700516e+21,1329252.3974083858,2.5320332497358322e-09,0,0,1,0.0,0.0,0
445,67724851.45728251,4,0.0,4449198.290968421,182774261785,37.15770349481112,120.0,5,9.474885226820413e+21,32117971.72886235,76606428187233.42,3175944.3608183037,4.737450274053025e+21,1329252.3443399076,1.3751559890806675e-09,0,0,1,0.0,0.0,0
446,67074533.126246706,4,0.0,4468205.81670242,182952187252,48.24819931688981,120.0,4,9.493874262285862e+21,31923047.61805068,75553641992347.4,3148562.2424084228,4.74694468650713e+21,1317141.8672391567,1.3751559890806675e-09,0,0,1,0.0,0.0,0
447,66174706.99200381,4,0.0,4474588.002801499,183131012544,35.22605501658932,120.0,5,9.514916593599668e+21,31928599.262445528,75819457867383.55,3175944.3608183037,4.75746587874562e+21,1317141.8672391567,1.3897079043090343e-09,0,0,1,0.0,0.0,0
448,68624677.59152542,4,0.0,4493259.12565675,183307387866,48.24397400234158,120.0,4,9.533830416741024e+21,31745785.655268848,74811891091924.4,3148562.2424084228,4.766922689559622e+21,1317141.8672391567,1.3751559890806675e-09,0,0,1,0.0,0.0,0
449,66174706.99200381,4,0.0,4499641.311755829,183486213160,34.715836464766575,120.0,5,9.554917854520852e+21,31751337.299663696,75083894817849.95,3175944.3608183037,4.777466435649907e+21,1317141.8672391567,1.3897079043090343e-09,0,0,1,0.0,0.0,0
450,68624677.59152542,4,0.0,4518312.434611078,183662588482,48.23993808632147,120.0,4,9.5738720179512e+21,31568523.692487013,74091219980417.58,3148562.2424084228,4.786943418097598e+21,1317141.8672391567,1.3897079043090343e-09,0,0,1,0.0,0.0,0
451,66958348.629831344,4,0.0,4524524.559590837,183840630133,35.402433401321545,120.0,5,9.594979607570276e+21,31577136.437029626,74396035122716.95,3175944.3608183037,4.79749724338865e+21,1329386.267830212,2.1100277081131935e-09,0,0,1,0.0,0.0,0
452,67841035.95369789,4,0.0,4543705.865804047,184017789097,48.23605051450837,120.0,4,9.614032848106698e+21,31379017.329114124,73381647998947.19,3145501.1422606586,4.807023762218149e+21,1329386.267830212,2.1100277081131935e-09,0,0,1,0.0,0.0,0
453,67741990.26765887,4,0.0,4549407.807425845,184195047107,35.19717424864621,120.0,5,9.635160568430225e+21,31399874.474247795,73740562936712.2,3175944.3608183037,4.817587658271406e+21,1329386.267830212,2.10275175049901e-09,0,0,1,0.0,0.0,0
454,67057394.31587036,4,0.0,4568759.1747583775,184372989713,48.23232804942541,120.0,4,9.654313111829212e+21,31195633.166036766,72724649122942.19,3145501.1422606586,4.827163828379519e+21,1329386.267830212,2.1100277081131935e-09,0,0,1,0.0,0.0,0
455,67741990.26765887,4,0.0,4574461.116380175,184550247724,35.016095032337574,120.0,5,9.675485958030116e+21,31216490.311170433,73090766310896.42,3175944.3608183037,4.83775028809169e+21,1329386.267830212,2.1100277081131935e-09,0,0,1,0.0,0.0,0
456,67057394.31587036,4,0.0,4593812.483712705,184728190328,48.22876009910394,120.0,4,9.69467909513567e+21,31012249.002959404,72088676352725.27,3145501.1422606586,4.84734675643547e+21,1329386.267830212,2.1100277081131935e-09,0,0,1,0.0,0.0,0
457,67741990.26765887,4,0.0,4599514.425334503,184905448338,34.874622556981166,120.0,5,9.715897067213951e+21,31033106.14809307,72461995790868.72,3175944.3608183037,4.857955779806554e+21,1329386.267830212,2.1100277081131935e-09,0,0,1,0.0,0.0,0
458,67057394.31587036,4,0.0,4618347.415859573,185083390944,48.225345241320234,120.0,4,9.735130798026073e+21,30828864.839882046,71473729688296.42,3145501.1422606586,4.867572546386005e+21,1310724.7027616098,2.5756889954209328e-09,0,0,1,0.0,0.0,0
459,67741990.26765887,4,0.0,4623530.98067391,185260648954,34.7609578110475,120.0,5,9.75639389598173e+21,30854387.376282863,71854488803952.1,3175944.3608183037,4.878204133439745e+21,1310724.7027616098,2.5756889954209328e-09,0,0,1,0.0,0.0,0
460,67057394.31587036,4,0.0,4642363.97119898,185438591560,48.22207435372205,120.0,4,9.775668220500417e+21,30645480.676804684,70879809129655.67,3145501.1422606586,4.887841198231122e+21,1310724.7027616098,2.561137080192566e-09,0,0,1,0.0,0.0,0
461,67741990.26765887,4,0.0,4647547.536013316,185615849570,34.66755924842393,120.0,5,9.796976444333453e+21,30671003.2132055,71267770495500.55,3175944.3608183037,4.898495348943776e+21,1310724.7027616098,2.5756889954209328e-09,0,0,1,0.0,0.0,0
462,67057394.31587036,4,0.0,4666380.526538386,185793792175,48.21893090996478,120.0,4,9.81629136255871e+21,30462096.513727322,70306914676802.98,3145501.1422606586,4.908152711970822e+21,1310724.7027616098,2.5756889954209328e-09,0,0,1,0.0,0.0,0
463,67741990.26765887,4,0.0,4671564.091352723,185971050184,34.5894133329443,120.0,5,9.837644712269121e+21,30487619.050128143,70702078292837.06,3175944.3608183037,4.918829426342389e+21,1310724.7027616098,2.5756889954209328e-09,0,0,1,0.0,0.0,0
464,67057394.31587036,4,0.0,4690397.081877793,186148992790,48.21590738420079,120.0,4,9.857000224200944e+21,30278712.350649964,69755046329738.37,3145501.1422606586,4.928507087605104e+21,1310724.7027616098,2.5756889954209328e-09,0,0,1,0.0,0.0,0
465,67741990.26765887,4,0.0,4695580.646692131,186326250800,34.523042106679725,120.0,5,9.878398699788732e+21,30304234.88705078,70157412195961.664,3175944.3608183037,4.939206365635586e+21,1310724.7027616098,2.5756889954209328e-09,0,0,1,0.0,0.0,0
466,67057394.31587036,4,0.0,4715627.458133529,186504193406,48.212978101048726,120.0,4,9.897794805427121e+21,30095328.187572602,69224204088461.836,3145501.1422606586,4.948904325133969e+21,1354422.2557494682,2.2846506908535957e-09,0,0,1,0.0,0.0,0
467,67741990.26765887,4,0.0,4722024.843864196,186681451415,34.46589472463365,120.0,5,9.919238406892287e+21,30109926.335726455,69633284625446.96,3175944.3608183037,4.959626166774606e+21,1354422.2557494682,2.2846506908535957e-09,0,0,1,0.0,0.0,0
468,83397520.87737091,5,0.0,4740690.809483888,186843053894,50.186264105921616,120.0,5,9.938015654283248e+21,29897825.85469586,68771299688014.04,3145501.1422606586,4.969014704271593e+21,1432369.0449297128,2.3283064365386963e-09,0,0,1,0.0,0.0,0
469,61379052.7212296,4,0.0,4750634.229624601,187026674842,34.396396897309565,120.0,5,9.95976096685018e+21,29792768.085461415,68812645431875.26,3175944.3608183037,4.979887364689632e+21,1432369.0449297128,2.3283064365386963e-09,0,0,1,0.0,0.0,0
470,83397520.87737091,5,0.0,4771596.605021251,187188277322,50.18115405393161,120.0,5,9.97857731650012e+21,29578840.43626545,67939356822643.03,3139274.118399765,4.989295452185741e+21,1515039.7969002263,1.4842953532934189e-09,0,0,1,0.0,0.0,0
471,64567288.93800734,4,0.0,4781760.760318626,187368710031,34.346407983262914,120.0,5,1.0000265237310153e+22,29492463.738613687,68155451564727.82,3175944.3608183037,5.000139434200233e+21,1515039.7969002263,1.4842953532934189e-09,0,0,1,0.0,0.0,0
472,80209284.66059317,5,0.0,4803415.027255375,187533500747,50.1764000898527,120.0,5,1.001936375160129e+22,29266082.041695934,67248011784745.05,3139274.118399765,5.009688600601823e+21,1515039.7969002263,1.4842953532934189e-09,0,0,1,0.0,0.0,0
473,64567288.93800734,4,0.0,4813579.182552749,187713933458,34.30615820184696,120.0,5,1.0041097070161437e+22,29179705.34404417,67490141879289.71,3175944.3608183037,5.020555284094906e+21,1515039.7969002263,1.4842953532934189e-09,0,0,1,0.0,0.0,0
474,80209284.66059317,5,0.0,4835233.4494895,187878724173,50.17200096119753,120.0,5,1.0060235232548116e+22,28953323.64712642,66610660082767.164,3139274.118399765,5.030124277340066e+21,1515039.7969002263,1.4842953532934189e-09,0,0,1,0.0,0.0,0
475,60096704.371568814,4,0.0,4846341.103008222,188063627470,33.62646130435984,120.0,5,1.0082158270285779e+22,28854708.01042893,66766577280240.086,3158481.139855653,5.041085811800618e+21,1444226.4070928576,3.14321368932724e-09,0,0,1,0.0,0.0,0
476,75615755.33168851,5,0.0,4867025.191002601,188233011714,50.16787476146039,120.0,5,1.0101687720630272e+22,28641045.50553529,65980917144441.06,3121810.8974371143,5.05085045840685e+21,1444226.4070928576,3.14321368932724e-09,0,0,1,0.0,0.0,0
477,60096704.371568814,4,0.0,4878132.844521325,188417915009,30.686137168061553,120.0,5,1.0123656723525817e+22,28550397.53550658,66163851127745.8,3141017.9188930024,5.061834978148022e+21,1444226.4070928576,3.14321368932724e-09,0,0,1,0.0,0.0,0
478,76194887.42764856,5,0.0,4898816.932515704,188586720122,50.1640888267356,120.0,5,1.014320054956122e+22,28336735.030612938,65395196999338.26,3104347.6764744637,5.07160681430031e+21,1448750.8765925453,3.14321368932724e-09,0,0,1,0.0,0.0,0
479,60675836.46752886,4,0.0,4909673.226617779,188771044286,29.661930641684023,120.0,4,1.0165181597573777e+22,28269398.73401383,65610544622624.57,3123554.697930352,5.08259735984135e+21,1448750.8765925453,3.092281986027956e-09,0,0,1,0.0,0.0,0
480,76774019.52360858,5,0.0,4930231.634903833,188939270267,50.160603312564824,120.0,5,1.0184739672872848e+22,28057998.463870034,64880285184585.055,3086884.455511813,5.092376324464943e+21,1448750.8765925453,3.128661774098873e-09,0,0,1,0.0,0.0,0
481,60675836.46752886,4,0.0,4941087.929005908,189123594430,29.13900907316203,120.0,4,1.0206766561575119e+22,27993279.16340039,65120078790493.695,3106091.476967701,5.103389792795438e+21,1448750.8765925453,3.1359377317130566e-09,0,0,1,0.0,0.0,0
482,76774019.52360858,5,0.0,4961646.3372919625,189291820410,50.15733064744399,120.0,5,1.0226365169001174e+22,27781878.893256593,64415607581127.38,3069421.2345491624,5.113189026061346e+21,1448750.8765925453,3.128661774098873e-09,0,0,1,0.0,0.0,0
483,60675836.46752886,4,0.0,4974808.010654593,189476144574,28.820444445622588,120.0,4,1.0248437898393156e+22,27717159.59278695,64679758044475.04,3088628.2560050506,5.124225417172382e+21,1531744.5299726115,3.1359377317130566e-09,0,0,1,0.0,0.0,0
484,76548030.84007305,5,0.0,4997622.755518147,189644596543,50.15419914507148,120.0,5,1.026808625349939e+22,27508407.627528336,64004731466754.89,3051958.013586512,5.134049527222842e+21,1528213.4567923686,3.1868694350123405e-09,0,0,1,0.0,0.0,0
485,60449847.78399331,4,0.0,5010735.386197719,189829146696,28.605699082428178,120.0,4,1.0290214051584324e+22,27446336.631943874,64296445761953.27,3071165.0350424,5.145113455436738e+21,1528213.4567923686,3.2669049687683582e-09,0,0,1,0.0,0.0,0
486,76548030.84007305,5,0.0,5033209.7700542,189997598665,50.151280990444235,120.0,5,1.0309902963717643e+22,27297687.612402968,63642696191699.88,3034494.792623861,5.15495784612844e+21,1515960.4605377365,5.980837158858776e-09,0,0,1,0.0,0.0,0
487,60449847.78399331,4,0.0,5045982.039726698,190182148817,28.450883054235216,120.0,4,1.0332076627392385e+22,27298562.467904307,63946339844903.94,3053701.8140797494,5.166044708330177e+21,1515960.4605377365,6.177288014441729e-09,0,0,1,0.0,0.0,0
488,76548030.84007305,5,0.0,5068456.423583177,190350600785,50.148523526454966,120.0,5,1.035180609655279e+22,27152756.353731494,63301639007636.516,3017031.5716612106,5.175909378440296e+21,1515960.4605377365,6.170012056827545e-09,0,0,1,0.0,0.0,0
489,60449847.78399331,4,0.0,5081311.852888167,190535150938,28.329743465128058,120.0,4,1.0374025625817343e+22,27152882.772540424,63608347635898.89,3035490.1564246872,5.187019173743435e+21,1518954.2073073841,5.769834388047457e-09,0,0,1,0.0,0.0,0
490,76702414.18429491,5,0.0,5103902.899707047,190703448523,50.1459023748689,120.0,5,1.0393783680844022e+22,27004228.288352005,62965840522316.4,2998071.4773137365,5.196898137006064e+21,1521366.4470608507,4.110916052013636e-09,0,0,1,0.0,0.0,0
491,62499763.81152547,4,0.0,5117136.182601248,190885948760,28.233970722333623,120.0,4,1.0415966368418803e+22,26991042.731457397,63260672865171.69,3017133.1220155796,5.207989510276688e+21,1550984.1452375741,3.7834979593753815e-09,0,0,1,0.0,0.0,0
492,78597946.8676052,5,0.0,5140138.586339249,191052350813,50.14294723321197,120.0,5,1.043568718356574e+22,26828182.458118983,62606411517674.164,2979714.442904629,5.217849852424022e+21,1550984.1452375741,3.776222001761198e-09,0,0,1,0.0,0.0,0
493,49154369.65748744,3,0.0,5158662.225879204,191248196443,27.238882879415293,120.0,3,1.0458964313068504e+22,26668714.577585574,62372015873748.0,2998776.087606472,5.229488393735839e+21,1537505.459765797,3.2741809263825417e-09,0,0,1,0.0,0.0,0
494,85014255.06437959,5,0.0,5177418.1107307,191408182189,43.26252813533766,120.0,5,1.0477918971890133e+22,26591999.51827172,62038373057291.47,2940578.5814499515,5.238965689782372e+21,1620620.767948075,3.2669049687683582e-09,0,0,1,0.0,0.0,0
495,66290776.70593473,4,0.0,5190685.32496822,191586891411,27.716298944897485,120.0,4,1.0498359648172636e+22,26525219.20792002,62039911480555.0,2938861.399106225,5.249186028077466e+21,1620620.767948075,3.2669049687683582e-09,0,0,1,0.0,0.0,0
496,64242364.498369426,4,0.0,5220524.588806858,191767649047,60.16094025951736,120.0,4,1.0520566013089932e+22,26252719.914693154,61124978227326.695,2880663.8929497045,5.260289119042789e+21,1576106.970834535,4.663888830691576e-09,0,0,1,0.0,0.0,0
497,63517929.0585656,4,0.0,5233091.052207844,191949131118,27.876315107593808,120.0,4,1.0542723311098892e+22,26332523.035398014,61533303896252.555,2878946.710605978,5.271367808879835e+21,1576106.970834535,4.6202330850064754e-09,0,0,1,0.0,0.0,0
498,80943289.13855447,5,0.0,5255714.652299832,192113187829,50.136043609730386,120.0,5,1.0562111732246368e+22,26172792.663913436,60952254204251.7,2820749.2044494576,5.281061961348604e+21,1576106.970834535,4.6202330850064754e-09,0,0,1,0.0,0.0,0
499,49413395.70015884,3,0.0,5274933.326478331,192308774433,26.81471704264615,120.0,3,1.0585528523256674e+22,26077888.87106312,60727196259383.805,2828580.149238479,5.292770334347963e+21,1614299.4793655258,5.384208634495735e-09,0,0,1,0.0,0.0,0
500,83387609.68453789,5,0.0,5294496.046918451,192470386822,43.24491879250642,120.0,5,1.060476533646076e+22,25983457.3320815,60378364300366.67,2770382.6432331363,5.302388706066811e+21,1614299.4787608152,5.384208634495735e-09,0,0,1,0.0,0.0,0
501,65962729.43687825,4,0.0,5304697.767187875,192649424094,27.499052042062754,120.0,4,1.062536238945554e+22,25989903.786640182,60474462971683.85,2778213.5881733354,5.312687242174067e+21,1548276.226965072,1.6952981241047382e-09,0,0,1,0.0,0.0,0
502,66840675.109464645,4,0.0,5333200.085317663,192827583419,60.153648013641856,120.0,4,1.0647506289987322e+22,25745540.842918783,59570369206901.41,2720016.082167993,5.323759102030581e+21,1548276.226965072,1.6880221664905548e-09,0,0,1,0.0,0.0,0
503,65963209.26920748,4,0.0,5343401.493196248,193006620210,27.698342001129063,120.0,4,1.0669718964839886e+22,25874828.76404683,60021779688836.945,2727847.027108192,5.334865484597912e+21,1548276.226965072,1.6880221664905548e-09,0,0,1,0.0,0.0,0
504,82881274.20341904,5,0.0,5364721.149041145,193168738935,50.13084480318165,120.0,5,1.0689056675681146e+22,25715102.14170586,59457424111748.39,2669649.5211028494,5.344534283582985e+21,1544305.4862585426,1.709850039333105e-09,0,0,1,0.0,0.0,0
505,48963377.61511852,3,0.0,5382313.3859928455,193364775558,26.650874021058346,120.0,3,1.0712643260095853e+22,25642026.35622989,59226303684330.586,2677480.4660430485,5.356327552678295e+21,1545200.440332558,1.673470251262188e-09,0,0,1,0.0,0.0,0
506,83780097.60593124,5,0.0,5400382.78505705,193525995461,43.21168315979468,120.0,5,1.0731940434844437e+22,25541028.09445988,58897942090657.06,2619282.960037706,5.365976107216428e+21,1563606.2211138085,8.87666828930378e-10,0,0,1,0.0,0.0,0
507,66747478.5502457,4,0.0,5410499.43412659,193704247983,27.39256277346529,120.0,4,1.075264691450686e+22,25551570.776973143,59014618093829.79,2631715.3501732177,5.376329358715239e+21,1563606.2211138085,8.87666828930378e-10,0,0,1,0.0,0.0,0
508,67231243.70154107,4,0.0,5439342.826618132,193882016738,60.14708962809825,120.0,4,1.077486928108898e+22,25302226.709121265,58140666216789.555,2573517.844167875,5.387440454611112e+21,1563606.2211138085,8.87666828930378e-10,0,0,1,0.0,0.0,0
509,66747478.55024571,4,0.0,5449459.475687673,194060269259,27.583057754828896,120.0,4,1.0797201907529074e+22,25435610.858203895,58594262557476.13,2585950.234303387,5.398606813190793e+21,1563606.2211138085,8.87666828930378e-10,0,0,1,0.0,0.0,0
510,83780097.60593124,5,0.0,5471120.205894325,194221489162,50.12610579167403,120.0,5,1.0816576195784172e+22,25270250.114592087,58052085490468.91,2527752.7282980443,5.408293903100635e+21,1563606.2211138085,8.87666828930378e-10,0,0,1,0.0,0.0,0
511,50198624.64585553,3,0.0,5488621.43693958,194416290537,26.555565106499703,120.0,3,1.0840263303325582e+22,25203255.927423965,57847023582148.336,2540185.118433556,5.420137436365149e+21,1570875.3299834821,4.220055416226387e-10,0,0,1,0.0,0.0,0
512,83780097.60593124,5,0.0,5506892.75569461,194577510440,43.17705535911987,120.0,5,1.0859676676552615e+22,25102539.144376177,57555889560311.6,2500000.000000006,5.429844093865263e+21,1570875.3299834821,4.0745362639427185e-10,0,0,1,0.0,0.0,0
513,66776944.611076385,4,0.0,5517211.324454975,194755733495,27.32622808432542,120.0,4,1.0880502378944117e+22,25112966.725089323,57670560542246.91,2502540.2686481588,5.440256956528113e+21,1571335.7371839616,8.294591680169106e-10,0,0,1,0.0,0.0,0
514,67231243.70154107,4,0.0,5546269.425726245,194933502251,60.14114754600272,120.0,4,1.0902859153548767e+22,24863162.250036966,56844817709399.19,2500000.000000006,5.451435261256154e+21,1571335.7371839616,8.149072527885437e-10,0,0,1,0.0,0.0,0
515,66835876.73273776,4,0.0,5556562.416308804,195111666375,27.50247184332498,120.0,4,1.0925319770638448e+22,24997237.009920314,57278621804126.61,2502540.2686481588,5.462665613181404e+21,1571335.7371839616,8.294591680169106e-10,0,0,1,0.0,0.0,0
516,83868495.78842328,5,0.0,5578399.488028475,195272797880,50.121771268440206,120.0,5,1.094479468430102e+22,24832221.571708865,56786294319960.86,2500000.000000006,5.472403020779942e+21,1571335.7371839616,8.149072527885437e-10,0,0,1,0.0,0.0,0
517,50198624.64585553,3,0.0,5595922.451189691,195467599254,26.491087572917028,120.0,3,1.096862436839853e+22,24764456.286496513,56578279570926.375,2502540.2686481588,5.484317842027222e+21,1571657.6861580003,2.08092387765646e-09,0,0,1,0.0,0.0,0
518,78538755.13449386,5,0.0,5614157.95116062,195634060498,43.14986641896939,120.0,5,1.0988387174466596e+22,24669143.422020383,56417870695445.35,2500000.000000006,5.494199229020368e+21,1530019.0872991767,2.117303665727377e-09,0,0,1,0.0,0.0,0
519,49803257.67705223,3,0.0,5634392.2017218685,195829257241,30.61747813911379,120.0,3,1.1010355925461859e+22,24537853.04691845,56108470676775.164,2500000.000000006,5.505183573577997e+21,1530019.0872991767,2.066371962428093e-09,0,0,1,0.0,0.0,0
520,50720323.19280416,3,0.0,5650418.889645504,196023536919,26.509884557262108,120.0,3,1.1034226340191281e+22,24527154.24711141,56123942602242.25,2502540.2686481588,5.517118782489901e+21,1530019.0872991767,2.0736479200422764e-09,0,0,1,0.0,0.0,0
521,84911892.88232054,5,0.0,5667271.330209351,196183625025,43.13208082162417,120.0,5,1.1053750121420785e+22,24476676.75178871,56103283277987.97,2500000.000000006,5.52688067103872e+21,1530019.0872991767,2.1391315385699272e-09,0,0,1,0.0,0.0,0
522,49803257.67705223,3,0.0,5687505.580770601,196378821768,30.669706421862312,120.0,3,1.1075784954833936e+22,24325446.076860797,55826431986752.664,2500000.000000006,5.537898060060166e+21,1530019.0872991767,2.2846506908535957e-09,0,0,1,0.0,0.0,0
523,50720323.19280416,3,0.0,5703532.268694234,196573101444,26.55092693218821,120.0,3,1.1099727346719909e+22,24314747.27705375,55849070112216.17,2502540.2686481588,5.549869258266965e+21,1530019.0872991767,2.0736479200422764e-09,0,0,1,0.0,0.0,0
524,84911892.88232054,5,0.0,5720384.709258083,196733189551,43.11693687222195,120.0,5,1.11193094818645e+22,24264269.781731054,55845452218105.305,2500000.000000006,5.559660325477471e+21,1530019.0872991767,2.1391315385699272e-09,0,0,1,0.0,0.0,0
525,49803257.67705223,3,0.0,5740618.959819334,196928386293,30.748597544513274,120.0,3,1.1141410397695536e+22,24113039.106803138,55601348671271.484,2500000.000000006,5.570710758982635e+21,1530019.0872991767,2.066371962428093e-09,0,0,1,0.0,0.0,0
526,50720323.19280416,3,0.0,5755048.321666859,197122665970,26.62775710181998,120.0,3,1.116542476673806e+22,24103745.865153696,55637626405866.055,2502540.2686481588,5.58271794713167e+21,1472515.3485593058,9.38598532229662e-10,0,0,1,0.0,0.0,0
527,84911892.88232054,5,0.0,5770303.4361546,197282754078,43.10389750453084,120.0,5,1.1185065255797738e+22,24057485.04430379,55657251403535.29,2500000.000000006,5.59253819362401e+21,1472515.3485593058,1.0040821507573128e-09,0,0,1,0.0,0.0,0
528,49803257.67705223,3,0.0,5788940.3606397435,197477950820,30.876333589240833,120.0,3,1.1207232254046661e+22,23907659.927533474,55452348867600.15,2500000.000000006,5.603621672258217e+21,1472515.3485593058,9.313225746154785e-10,0,0,1,0.0,0.0,0
529,50720323.19280416,3,0.0,5803369.72248727,197672230496,26.772607182868036,120.0,3,1.1231318600245737e+22,23895555.56956883,55495731075666.78,2502540.2686481588,5.615664849695976e+21,1472515.3485593058,9.38598532229662e-10,0,0,1,0.0,0.0,0
530,84911892.88232054,5,0.0,5818624.836975009,197832318604,43.09252252739837,120.0,5,1.1251017443220505e+22,23849294.748718925,55531823497442.766,2500000.000000006,5.625514274792602e+21,1472515.3485593058,9.458744898438454e-10,0,0,1,0.0,0.0,0
531,49803257.67705223,3,0.0,5837261.761460152,198027515346,31.105178286547073,120.0,3,1.1273250523887314e+22,23699469.631948613,55359690346432.59,2500000.000000006,5.636630797912692e+21,1472515.3485593058,8.731149137020111e-10,0,0,1,0.0,0.0,0
532,50720323.19280416,3,0.0,5851691.123307679,198221795024,27.08189589920119,120.0,3,1.1297408847242942e+22,23687365.27398397,55410260395019.125,2502540.2686481588,5.64870996464751e+21,1472515.3485593058,7.639755494892597e-10,0,0,1,0.0,0.0,0
533,84911892.88232054,5,0.0,5865642.459946785,198381883130,43.08249532271186,120.0,5,1.1317166044132797e+22,23641104.453134064,55462820240901.87,2500000.000000006,5.658588568348423e+21,1425579.346008409,7.712515071034431e-10,0,0,1,0.0,0.0,0
534,49803257.67705223,3,0.0,5884325.86035395,198577079872,31.616721657866908,120.0,3,1.133946520721749e+22,23531728.99972546,55321820299550.586,2500000.000000006,5.669738135790775e+21,1474188.481752179,7.566995918750763e-10,0,0,1,0.0,0.0,0
535,49077312.96877905,3,0.0,5898445.142085302,198773002559,28.03992088135544,120.0,3,1.136376494207847e+22,23526042.65044842,55380523619980.195,2502540.2686481588,5.681888009091597e+21,1448516.4470017867,8.803908713161945e-10,0,0,1,0.0,0.0,0
536,83268882.65829542,5,0.0,5913206.242405733,198934733677,43.07368412946861,120.0,5,1.1383650030654799e+22,23529059.90285472,55442355583751.01,2500000.000000006,5.691830559562958e+21,1441894.8211609984,8.87666828930378e-10,0,0,1,0.0,0.0,0
537,48160247.453027114,3,0.0,5931349.152723568,199131573430,33.68641009078419,120.0,4,1.1406084917351347e+22,23431741.590592552,55321549672186.25,2500000.000000006,5.703047990830641e+21,1441894.8211609984,8.731149137020111e-10,0,0,1,0.0,0.0,0
538,48947809.55012595,3,0.0,5945368.812525306,199327625620,34.64604486215591,120.0,4,1.143046125503846e+22,23424537.62312817,55382258233434.51,2502540.2686481588,5.715236165745053e+21,1441894.8211609984,8.803908713161945e-10,0,0,1,0.0,0.0,0
539,83398386.07694852,5,0.0,5960101.808805231,199489227234,43.065840449343746,120.0,5,1.1450394447724392e+22,23428060.74826358,55450415725387.97,2500000.000000006,5.725202768903768e+21,1441894.8211609984,8.87666828930378e-10,0,0,1,0.0,0.0,0
540,51758546.2113151,3,0.0,5986873.366167856,199682468688,45.068598755627335,120.0,3,1.1471729250933502e+22,23175426.789195143,54670298225326.79,2500000.000000006,5.735870092496574e+21,1498118.2392592484,9.022187441587448e-10,0,0,1,0.0,0.0,0
541,48550377.15935451,3,0.0,6003697.312360543,199878918310,34.39843311921938,120.0,4,1.1496189232476534e+22,23135453.70185228,54610186300334.305,2502540.2686481588,5.748100077256897e+21,1533534.309576424,6.853952072560787e-09,0,0,1,0.0,0.0,0
542,90992415.98429595,5,0.0,6018743.428892668,200032925895,43.055840023482155,120.0,5,1.1515558980335253e+22,23156308.397777956,54764432521018.24,2500000.000000006,5.757784966610879e+21,1512495.5088913408,6.8757799454033375e-09,0,0,1,0.0,0.0,0
543,51758546.2113151,3,0.0,6045914.354856185,200226167349,45.068099905723386,120.0,3,1.1536954490996648e+22,22908934.138880793,54039540497501.49,2500000.000000006,5.768482649452373e+21,1512495.5088913408,6.861228030174971e-09,0,0,1,0.0,0.0,0
544,48550377.15935451,3,0.0,6062153.889918728,200422616971,34.379169123158235,120.0,4,1.1561484119186501e+22,22863701.351366658,54004516110122.266,2502540.2686481588,5.780747460044861e+21,1512495.5088913408,6.8757799454033375e-09,0,0,1,0.0,0.0,0
545,90992415.98429595,5,0.0,6077116.846818364,200576624554,43.04719876088537,120.0,5,1.1580909347743877e+22,22886801.357369572,54178189147439.46,2500000.000000006,5.790460091690853e+21,1509501.7621216932,9.40781319513917e-09,0,0,1,0.0,0.0,0
546,56392428.39640398,3,0.0,6105210.2299430305,200765232126,45.06764027758044,120.0,3,1.1602168061739535e+22,22640175.535164814,53488221770402.39,2500000.000000006,5.801089379691944e+21,1581906.171263707,9.422365110367537e-09,0,0,1,0.0,0.0,0
547,53184259.34444339,3,0.0,6122372.222166722,200957047868,34.36201165369066,120.0,4,1.1626569568487849e+22,22578129.562331133,53459544218781.75,2502540.2686481588,5.813290130198346e+21,1581906.171263707,9.436917025595903e-09,0,0,1,0.0,0.0,0
548,95626298.16938482,5,0.0,6138340.795859995,201106421568,43.039170247847096,120.0,5,1.164585224568518e+22,22601229.568334043,53649327078001.39,2500000.000000006,5.822931487775298e+21,1581906.171263707,9.436917025595903e-09,0,0,1,0.0,0.0,0
549,55358178.5174751,3,0.0,6166209.732396353,201296063390,45.067216799063445,120.0,3,1.166725592194688e+22,22383836.41208963,52996948858227.96,2500000.000000006,5.833633260668325e+21,1565746.0169054433,1.1052179615944624e-08,0,0,1,0.0,0.0,0
550,53184259.34444339,3,0.0,6182922.831443426,201487879132,34.571138764913975,120.0,4,1.1691726386855982e+22,22351533.605089873,52996631284319.164,2502540.2686481588,5.845868493091119e+21,1565746.0169054433,1.106673153117299e-08,0,0,1,0.0,0.0,0
551,93557798.41152705,5,0.0,6198891.405136701,201639321333,43.032581310723785,120.0,5,1.1711234209701886e+22,22396296.69974758,53185734574488.65,2500000.000000006,5.8556224234244e+21,1565746.0169054433,1.0993971955031157e-08,0,0,1,0.0,0.0,0
552,51020386.17862017,3,0.0,6225818.980488411,201833300947,45.06678511872447,120.0,3,1.1733055833485594e+22,22208383.254737977,52579889828044.766,2500000.000000006,5.86653317473178e+21,1497968.011610835,9.851646609604359e-09,0,0,1,0.0,0.0,0
553,51937451.700817056,3,0.0,6241461.080898104,202026363495,34.558969822060895,120.0,4,1.1757637943249556e+22,22200228.76561934,52618263663925.93,2502540.2686481588,5.878824233451145e+21,1497968.0117115374,9.93895810097456e-09,0,0,1,0.0,0.0,0
554,86129021.39033343,5,0.0,6257159.080015939,202185234475,43.02865267453148,120.0,5,1.1777814988932537e+22,22251150.257872324,52779311534566.17,2500000.000000006,5.888912772397422e+21,1497968.0117115374,9.93895810097456e-09,0,0,1,0.0,0.0,0
555,47662562.28432963,3,0.0,6279194.826331954,202382571910,40.17644809875947,120.0,4,1.1800609972984318e+22,22145131.3379351,52543312818923.12,2500000.000000006,5.900310240823441e+21,1497968.0117115374,9.924406185746193e-09,0,0,1,0.0,0.0,0
556,55295275.601552546,3,0.0,6300846.022385905,202572276634,36.21285058476582,120.0,3,1.1824186824389355e+22,22025752.02707208,52126893567620.77,2502540.2686481588,5.912098624884034e+21,1485723.6111204822,8.454662747681141e-09,0,0,1,0.0,0.0,0
557,86129021.39033343,5,0.0,6316203.899265099,202731147614,43.024953174377345,120.0,5,1.1844421350370304e+22,22085856.81976835,52308641549474.03,2500000.000000006,5.922215906049307e+21,1485723.6111204822,8.461938705295324e-09,0,0,1,0.0,0.0,0
558,51020386.18506512,3,0.0,6335713.440073767,202925127228,40.17029833712108,120.0,4,1.186716726543742e+22,22022248.498815637,52261705589323.28,2500000.000000006,5.933588858889268e+21,1485723.6111204822,8.454662747681141e-09,0,0,1,0.0,0.0,0
559,51937451.700817056,3,0.0,6358093.330550619,203118189776,36.20709842364055,120.0,3,1.189108983634426e+22,21883630.48804484,51786775267171.78,2502540.2686481588,5.945550096849657e+21,1485723.6111204822,8.454662747681141e-09,0,0,1,0.0,0.0,0
560,86028838.08692564,5,0.0,6373429.46626154,203277160938,43.02148196723185,120.0,5,1.1911390342276782e+22,21944517.962798987,51976614755180.38,2500000.000000006,5.955700368799867e+21,1484158.2470047357,7.996277417987585e-09,0,0,1,0.0,0.0,0
561,50920202.88165734,3,0.0,6392681.198306979,203471240736,40.16468954361269,120.0,4,1.1934204234446624e+22,21880126.959788397,51931218659322.81,2500000.000000006,5.967107310345178e+21,1474094.4494706162,2.0445440895855427e-09,0,0,1,0.0,0.0,0
562,51837268.397409275,3,0.0,6414759.797684054,203664403467,36.20176944386407,120.0,3,1.1958203133318023e+22,21742291.63107547,51463984060625.08,2502540.2686481588,5.979106713057417e+21,1474094.4494706162,1.9863364286720753e-09,0,0,1,0.0,0.0,0
563,86028838.08692564,5,0.0,6429816.38346347,203823374628,43.01822772963772,120.0,5,1.197856133436657e+22,21803179.10582962,51661534112528.81,2500000.000000006,5.989285833336696e+21,1474094.4494706162,2.0590960048139095e-09,0,0,1,0.0,0.0,0
564,50920202.88165734,3,0.0,6449068.11550891,204017454425,40.159575955748025,120.0,4,1.2001439824656026e+22,21738396.761790093,51620360279971.62,2500000.000000006,6.00072507436404e+21,1474094.4494706162,1.979060471057892e-09,0,0,1,0.0,0.0,0
565,66350160.60901504,4,0.0,6477495.932768882,204196104265,60.09836821879823,120.0,4,1.2025056725916556e+22,21530579.651173756,51061783296883.234,2500000.000000006,6.012533469136608e+21,1541762.0511169264,1.979060471057892e-09,0,0,1,0.0,0.0,0
566,82987412.69589725,4,0.0,6477750.230692797,204358116854,30.354022591245844,120.0,5,1.2047644657694169e+22,21869272.821302727,51460141242857.92,2502540.2686481588,6.023827474861208e+21,1541762.0511169264,1.9863364286720753e-09,0,0,1,0.0,0.0,0
567,91648865.70662497,5,0.0,6497077.362799885,204511467987,50.091490188942124,120.0,5,1.2067807117733467e+22,21699423.755513966,51377072899995.04,2500000.000000006,6.033908696574024e+21,1541762.0511169264,2.0445440895855427e-09,0,0,1,0.0,0.0,0
568,54647282.20725894,3,0.0,6512171.751734873,204701820706,28.873872555661467,120.0,4,1.2092568547746166e+22,21617248.421665005,51133936755014.36,2502540.2686481588,6.046289387266758e+21,1541762.0511169264,1.9863364286720753e-09,0,0,1,0.0,0.0,0
569,92220105.47139227,5,0.0,6527665.258939224,204854600598,43.014936675667286,120.0,5,1.2112663502360322e+22,21647860.95476926,51108982160483.23,2500000.000000006,6.056336862078377e+21,1547118.5185338838,1.57160684466362e-09,0,0,1,0.0,0.0,0
570,72427013.82367578,4,0.0,6535191.541232836,205027173585,28.57350800426157,120.0,4,1.2134170525048458e+22,21706393.261912867,51189143290961.18,2502540.2686481588,6.067090381438559e+21,1547118.5185338838,1.5788828022778034e-09,0,0,1,0.0,0.0,0
571,75011613.61974275,4,0.0,6561888.493653105,205197161971,60.095984786641,120.0,4,1.2157499154015218e+22,21486562.084647913,50779405622872.99,2500000.000000006,6.078754654948171e+21,1547118.5185338838,1.57160684466362e-09,0,0,1,0.0,0.0,0
572,72998253.58844307,4,0.0,6569166.842021037,205369163718,28.309785905909976,120.0,4,1.2180812904528226e+22,21629929.048563413,50926801330621.37,2502540.2686481588,6.090411544944246e+21,1547118.5185338838,1.5825207810848951e-09,0,0,1,0.0,0.0,0
573,93362585.00092688,5,0.0,6586716.902523488,205520801134,50.08969848418074,120.0,5,1.2200770073217085e+22,21558202.93628174,50874467634698.22,2500000.000000006,6.100390124055305e+21,1504564.3373234433,4.318280844017863e-09,0,0,1,0.0,0.0,0
574,54647282.20725894,3,0.0,6600778.0216308795,205711153852,27.408196641353673,120.0,3,1.222567117952447e+22,21465805.4160551,50603684531190.875,2502540.2686481588,6.112840650130688e+21,1504564.3373234433,4.3146428652107716e-09,0,0,1,0.0,0.0,0
575,93362585.00092688,5,0.0,6614345.66646901,205862791267,43.01346091286087,120.0,5,1.224566590980325e+22,21511102.946199283,50617827437645.36,2500000.000000006,6.122838016684369e+21,1504564.3373234433,4.318280844017863e-09,0,0,1,0.0,0.0,0
576,72998253.58844307,4,0.0,6620441.954247762,206034793012,27.83828527402575,120.0,4,1.2267186290098811e+22,21603004.210881647,50704988642288.83,2502540.2686481588,6.13359821554827e+21,1504564.3373234433,4.383764462545514e-09,0,0,1,0.0,0.0,0
577,75011613.61974275,4,0.0,6645956.84607885,206204781398,60.093820240120365,120.0,4,1.229064636419532e+22,21343109.860084563,50306444511068.78,2500000.000000006,6.145328212742111e+21,1504564.3373234433,4.3146428652107716e-09,0,0,1,0.0,0.0,0
578,72998253.58844307,4,0.0,6652053.6378959725,206376783145,27.79270560050853,120.0,4,1.2314090895713755e+22,21493880.354011793,50448937642924.83,2502540.2686481588,6.157050492750642e+21,1504582.4827046422,5.39512257091701e-09,0,0,1,0.0,0.0,0
579,93441264.50091127,5,0.0,6669604.202436787,206528341880,50.08808038689895,120.0,5,1.233415566280236e+22,21414732.566337194,50407970343036.02,2500000.000000006,6.167082872198214e+21,1505197.1662982702,6.151822162792087e-09,0,0,1,0.0,0.0,0
580,55090920.14885719,3,0.0,6683552.475443315,206718250961,26.903737610591115,120.0,3,1.2359167889911233e+22,21322646.924252667,50111187168331.086,2502540.2686481588,6.179588956074333e+21,1510899.6419484871,6.002665031701326e-09,0,0,1,0.0,0.0,0
581,94873141.07673693,5,0.0,6699201.375367882,206868377821,43.012132989058884,120.0,5,1.2379200126676671e+22,21311596.896164637,50093795193320.04,2500000.000000006,6.189605072717855e+21,1591290.7397774495,3.714376362040639e-09,0,0,1,0.0,0.0,0
582,72130174.00151417,4,0.0,6707249.724873268,207041247646,27.522012158564298,120.0,4,1.2401090039923069e+22,21375989.15391251,50147899212567.305,2502540.2686481588,6.200550034751455e+21,1566758.876034843,4.874891601502895e-09,0,0,1,0.0,0.0,0
583,76415533.00493854,4,0.0,6734187.572774205,207209832111,60.091750059086976,120.0,4,1.2424613018186507e+22,21139542.6119859,49784935485206.76,2500000.000000006,6.212311487586803e+21,1566758.876034843,4.874891601502895e-09,0,0,1,0.0,0.0,0
584,55349241.899856836,3,0.0,6748948.496476488,207399482870,26.700095631379735,120.0,3,1.2449703011027073e+22,21117460.49761466,49562907659194.15,2502540.2686481588,6.224856461804302e+21,1546209.483034771,6.5410858951509e-09,0,0,1,0.0,0.0,0
585,100149580.97300358,5,0.0,6767014.692624285,207544333290,43.010169183495286,120.0,5,1.2469954313726804e+22,21081355.485718746,49508828304152.26,2500000.000000006,6.234982107746232e+21,1675887.3285147261,4.605681169778109e-09,0,0,1,0.0,0.0,0
586,77768128.81314515,5,0.0,6793599.572762651,207711565161,50.08603446903093,120.0,5,1.2491504355083115e+22,20829889.877792038,48997269944016.66,2500000.000000006,6.245757077268552e+21,1675887.3285147261,4.603862180374563e-09,0,0,1,0.0,0.0,0
587,63525807.254003726,4,0.0,6826366.01607773,207893039353,60.090395135616745,120.0,4,1.2515762075388063e+22,20558735.612922285,48239053993544.72,2500000.000000006,6.257885861599431e+21,1675887.3285147261,4.602043190971017e-09,0,0,1,0.0,0.0,0
588,63525807.254003726,4,0.0,6859132.459392808,208074513546,60.09005990762971,120.0,4,1.254004394268845e+22,20297281.240419682,47509844207627.12,2500000.000000006,6.270026722328646e+21,1675887.3285147261,4.602043190971017e-09,0,0,1,0.0,0.0,0
589,73944811.73731375,5,0.0,6882938.477895787,208245568734,43.00305080983936,120.0,5,1.2562011603834608e+22,20136629.135378882,47074697251246.43,2500000.000000006,6.281010509387029e+21,1636697.3906857471,4.10909706261009e-09,0,0,1,0.0,0.0,0
590,73944811.73731375,5,0.0,6909549.869772111,208416623922,50.08486067237206,120.0,5,1.2583998679030935e+22,19925480.309617907,46645557465862.25,2500000.000000006,6.292004004071214e+21,1636697.3906857471,4.10909706261009e-09,0,0,1,0.0,0.0,0
591,61017651.23294906,4,0.0,6941772.008395121,208600606271,60.0892918406045,120.0,4,1.2608455391086572e+22,19663834.763136756,45994169598815.04,2500000.000000006,6.304232294960246e+21,1636697.3906857471,4.107278073206544e-09,0,0,1,0.0,0.0,0
592,61017651.23294906,4,0.0,6973994.14701813,208784588620,60.08903898716493,120.0,4,1.263293635383362e+22,19416293.15045921,45371543373355.17,2500000.000000006,6.316472714071147e+21,1636697.3906857471,5.751644494011998e-09,0,0,1,0.0,0.0,0
593,73944811.73731375,5,0.0,6997800.1655211095,208955643810,42.99701849862764,120.0,5,1.265498617359874e+22,19268645.36840004,45022186704592.63,2500000.000000006,6.327497589018041e+21,1636697.3906857471,4.10909706261009e-09,0,0,1,0.0,0.0,0
594,73944811.73731375,5,0.0,7024411.557397433,209126698997,50.083817295503074,120.0,5,1.2677055407414028e+22,19120997.58634087,44692450873862.0,2500000.000000006,6.338532172952102e+21,1636697.3906857471,4.10909706261009e-09,0,0,1,0.0,0.0,0
595,61017651.23294906,4,0.0,7056633.696020441,209310681346,60.08828972060005,120.0,4,1.2701603951371113e+22,18922853.08356153,44132402196365.89,2500000.000000006,6.350806388925777e+21,1636697.3906857471,4.165485734120011e-09,0,0,1,0.0,0.0,0
596,61017651.23294906,4,0.0,7087268.12726733,209494663695,60.088067669722506,120.0,4,1.2726176746019611e+22,18738997.947167274,43599960058142.07,2500000.000000006,6.363092733005811e+21,1579539.9251453842,2.142769517377019e-09,0,0,1,0.0,0.0,0
597,72412563.96348007,5,0.0,7109153.919346048,209667251132,42.99193053368397,120.0,5,1.2748440291331138e+22,18605639.531493194,43334862562911.5,2500000.000000006,6.374224479151825e+21,1555598.5536792327,2.231899998150766e-09,0,0,1,0.0,0.0,0
598,72412563.96348007,5,0.0,7133845.084798109,209839838566,50.08290121279836,120.0,5,1.277072346220344e+22,18472281.115819115,43085901066475.05,2500000.000000006,6.385366039691827e+21,1555598.5536792327,1.940861693583429e-09,0,0,1,0.0,0.0,0
599,58906271.36315534,4,0.0,7164146.996996856,210025932295,60.08739164541601,120.0,4,1.2795524532218582e+22,18290688.214174706,42610487229670.37,2500000.000000006,6.397766527158014e+21,1551074.084179545,1.9972503650933504e-09,0,0,1,0.0,0.0,0
