t,secure_bps,violations,k_min,k_mean,q_total,aos_mean,aos_max,rekey,q_sumsq,z_l1,z_sumsq,z_max,lyapunov,key_inflow,key_overflow,cg_iters,cg_columns,cg_converged,obj_lp,obj_greedy,key_blocked_edges
0,245000000.0,0,2109375.0,2435980.902777778,0,0.8751098228663845,0.9476988686844755,0,0.0,571875.0,109013671875.0,190625.0,10901367187500.0,7200000.0,0.0,0,0,1,0.0,0.0,0
1,245000000.0,0,1718750.0,2371961.8055555555,0,1.9737810568620733,2.1629597325192615,0,0.0,1143750.0,436054687500.0,381250.0,43605468750000.0,7200000.0,0.0,0,0,1,0.0,0.0,0
2,245000000.0,0,1328125.0,2307942.7083333335,0,3.1130668279988,3.5047493651838613,0,0.0,1715625.0,981123046875.0,571875.0,98112304687500.0,7200000.0,0.0,0,0,1,0.0,0.0,0
3,245000000.0,0,1137500.0,2260590.277777778,0,4.235624306353174,4.756697408871322,0,0.0,2287500.0,1744218750000.0,762500.0,174421875000000.0,7200000.0,0.0,0,0,1,0.0,0.0,0
4,245000000.0,0,946875.0,2215279.6236265716,0,4.666390981465657,6.109982856389292,0,0.0,2859375.0,2725341796875.0,953125.0,272534179687500.0,7273503.950556569,2.0372681319713593e-10,0,0,1,0.0,0.0,0
5,245000000.0,0,756250.0,2181080.0805864763,0,5.668928703342633,7.641135688345988,0,0.0,3431250.0,3924492187500.0,1143750.0,392449218750000.0,7273503.950556569,2.0372681319713593e-10,0,0,1,0.0,0.0,0
6,245000000.0,0,565625.0,2157991.6486574914,0,6.743954716750298,9.529671299360247,0,0.0,4003125.0,5341669921875.0,1334375.0,534166992187500.0,7273503.950556569,2.0372681319713593e-10,0,0,1,0.0,0.0,0
7,245000000.0,0,375000.0,2134903.2167285075,0,8.067975006641428,12.319148936170212,0,0.0,4575000.0,6976875000000.0,1525000.0,697687500000000.0,7273503.950556569,2.0372681319713593e-10,0,0,1,0.0,0.0,0
8,245000000.0,0,184375.0,2117366.139804856,0,10.384045135878056,18.78894133513149,0,0.0,5146875.0,8830107421875.0,1715625.0,883010742187500.0,7273503.956860727,0.0,0,0,1,0.0,0.0,0
9,243400000.0,1,0.0,2105909.6524954312,1600000,40.98164923185481,129.0,3,2560000000000.0,5700000.0,10830000000000.0,1900000.0,1084280000000000.0,7273503.956860727,0.0,0,0,1,0.0,0.0,0
10,196200000.0,1,0.0,2121736.304269527,50400000,39.948904225422666,130.0,3,2540160000000000.0,5688259.995588916,10785525810941.455,1900000.0,2348632581094145.5,7320463.974505061,7.09405867382884e-11,0,0,1,0.0,0.0,0
11,196200000.0,1,0.0,2138059.9563391116,99200000,37.07263062291032,131.0,3,9840640000000000.0,5676519.991177833,10741327277290.053,1900000.0,5994452727729005.0,7320463.974505061,7.275957614183426e-11,0,0,1,0.0,0.0,0
12,196200000.0,1,0.0,2154383.6084086974,148000000,35.27372093834945,132.0,3,2.1904e+16,5664779.986766749,10697404399045.797,1900000.0,1.202174043990458e+16,7320463.974505061,7.275957614183426e-11,0,0,1,0.0,0.0,0
13,196200000.0,1,0.0,2171236.78801347,196800000,32.29176403795393,133.0,3,3.873024e+16,5653039.982355665,10653757176208.684,1900000.0,2.0430495717620868e+16,7339526.9657718185,7.275957614183426e-11,0,0,1,0.0,0.0,0
14,196200000.0,1,0.0,2188089.9676182424,245600000,31.977070382817757,134.0,2,6.031936e+16,5641299.977944582,10610385608778.717,1900000.0,3.122071856087787e+16,7339526.9657718185,7.275957614183426e-11,0,0,1,0.0,0.0,0
15,196200000.0,1,0.0,2204943.147223016,294400000,31.909277705501594,135.0,2,8.667136e+16,5629559.973533498,10567289696755.895,1900000.0,4.439240896967559e+16,7339526.9657718185,7.09405867382884e-11,0,0,1,0.0,0.0,0
16,196200000.0,1,0.0,2221796.3268277883,343200000,31.98440316228475,136.0,2,1.1778624e+17,5617819.9691224145,10524469440140.215,1900000.0,5.9945566944014024e+16,7339526.9657718185,7.09405867382884e-11,0,0,1,0.0,0.0,0
17,196200000.0,1,0.0,2238649.5064325607,392000000,32.14983058835174,137.0,2,1.53664e+17,5606079.964711331,10481924838931.682,1900000.0,7.788019248389317e+16,7339526.9657718185,1.000444171950221e-10,0,0,1,0.0,0.0,0
18,196200000.0,1,0.0,2255502.6860373337,440800000,32.376054571682026,138.0,2,1.9430464e+17,5594339.960300247,10439655893130.293,1900000.0,9.819628558931302e+16,7339526.9657718185,1.000444171950221e-10,0,0,1,0.0,0.0,0
19,196200000.0,1,0.0,2272355.865642106,489600000,32.64523203038005,139.0,2,2.3970816e+17,5582599.955889164,10397662602736.047,1900000.0,1.208938462602736e+17,7339526.9657718185,1.000444171950221e-10,0,0,1,0.0,0.0,0
20,196200000.0,1,0.0,2289209.045246879,538400000,32.94592849083395,140.0,2,2.8987456e+17,5570859.95147808,10355944967748.947,1900000.0,1.4597287449677488e+17,7339526.9657718185,1.000444171950221e-10,0,0,1,0.0,0.0,0
21,196200000.0,1,0.0,2306062.2248516516,587200000,33.270471409122266,141.0,2,3.4480384e+17,5559119.947066996,10314502988168.992,1900000.0,1.734333702988169e+17,7339526.9657718185,1.000444171950221e-10,0,0,1,0.0,0.0,0
22,196200000.0,1,0.0,2322915.404456424,636000000,33.61351617745816,142.0,2,4.04496e+17,5547379.942655913,10273336663996.18,1900000.0,2.032753336663996e+17,7339526.9657718185,1.000444171950221e-10,0,0,1,0.0,0.0,0
23,196200000.0,1,0.0,2339551.0369929094,684800000,33.971370238281764,143.0,2,4.6895104e+17,5535639.938244829,10232445995230.514,1900000.0,2.3549876459952304e+17,7339526.9657718185,1.000444171950221e-10,0,0,1,0.0,0.0,0
24,196200000.0,1,0.0,2355701.6645216593,733600000,34.34134356004912,144.0,2,5.3816896e+17,5523899.933833745,10191830981871.992,1900000.0,2.701036630981872e+17,7339526.9657718185,1.000444171950221e-10,0,0,1,0.0,0.0,0
25,196200000.0,1,0.0,2372590.0575609095,782400000,34.710201772313205,145.0,2,6.1214976e+17,5510073.368927701,10144350927115.738,1900000.0,3.0708931509271155e+17,7371132.813967272,1.6916601452976465e-10,0,0,1,0.0,0.0,0
26,196200000.0,1,0.0,2389398.9763868707,831200000,35.08969839741083,146.0,2,6.9089344e+17,5496246.804021657,10097253220153.688,1900000.0,3.4645644532201536e+17,7371132.813967272,1.6916601452976465e-10,0,0,1,0.0,0.0,0
27,196200000.0,1,0.0,2406132.3319761166,880000000,30.568785858954296,147.0,2,7.744e+17,5482420.2391156135,10050537860985.838,1900000.0,3.8820505378609856e+17,7371178.240067953,9.993925687012961e-10,0,0,1,0.0,0.0,0
28,196200000.0,1,0.0,2422795.6506207488,928800000,30.782329416476387,148.0,2,8.6266944e+17,5468593.67420957,10004204849612.191,1900000.0,4.323351404849612e+17,7371330.422596876,9.993925687012961e-10,0,0,1,0.0,0.0,0
29,196200000.0,1,0.0,2439387.180502865,977600000,31.001892908814,149.0,2,9.5570176e+17,5454767.109303526,9958254186032.746,1900000.0,4.7884670541860326e+17,7371330.422596876,9.993925687012961e-10,0,0,1,0.0,0.0,0
30,196200000.0,1,0.0,2455661.1401991774,1026400000,31.226675278159007,150.0,2,1.05349696e+18,5440940.544397482,9912685870247.504,1900000.0,5.277397485870248e+17,7371330.422596876,9.993925687012961e-10,0,0,1,0.0,0.0,0
31,196200000.0,1,0.0,2471218.389962605,1075200000,31.456107511208394,151.0,2,1.15605504e+18,5427113.979491438,9867499902256.463,1900000.0,5.790142699902257e+17,7371330.422596876,9.993925687012961e-10,0,0,1,0.0,0.0,0
32,196200000.0,1,0.0,2486645.946679442,1124000000,31.689291348864845,152.0,2,1.263376e+18,5413287.414585394,9822696282059.625,1900000.0,6.32670269628206e+17,7371330.422596876,9.993925687012961e-10,0,0,1,0.0,0.0,0
33,196200000.0,1,0.0,2501948.1629654756,1172800000,31.925733360992794,153.0,2,1.37545984e+18,5399460.495508544,9778273876692.438,1900000.0,6.887077473876692e+17,7371331.839280099,1.113988901124685e-09,0,0,1,0.0,0.0,0
34,196200000.0,1,0.0,2517129.18830464,1221600000,32.16502610244904,154.0,2,1.49230656e+18,5385633.576431694,9734233838707.566,1900000.0,7.471267033838707e+17,7371331.839280099,1.113988901124685e-09,0,0,1,0.0,0.0,0
35,196200000.0,1,0.0,2532193.062395164,1270400000,32.40682820538451,155.0,2,1.61391616e+18,5371806.657354845,9690576168105.01,1900000.0,8.079271376168105e+17,7371331.839280099,1.113988901124685e-09,0,0,1,0.0,0.0,0
36,196200000.0,1,0.0,2547143.6902786675,1319200000,32.650851925557276,156.0,2,1.74028864e+18,5357979.738277995,9647300864884.77,1900000.0,8.711090500864884e+17,7371331.839280099,1.1721965620381525e-09,0,0,1,0.0,0.0,0
37,196200000.0,1,0.0,2562268.4163079127,1368000000,32.89677998389368,157.0,2,1.871424e+18,5344152.819201145,9604407929046.846,1900000.0,9.366724407929047e+17,7381540.340531045,1.7906529592437437e-09,0,0,1,0.0,0.0,0
38,196200000.0,1,0.0,2577287.3200481543,1416800000,33.14448184946577,158.0,2,2.00732224e+18,5330325.900124296,9561897360591.236,1900000.0,1.0046173097360591e+18,7381540.340531045,1.2867928944615414e-09,0,0,1,0.0,0.0,0
39,196200000.0,1,0.0,2592203.928909026,1465600000,33.393777261592874,159.0,2,2.14798336e+18,5316498.981047446,9519769159517.941,1900000.0,1.0749436569159517e+18,7381540.340531045,1.2867928944615414e-09,0,0,1,0.0,0.0,0
40,196200000.0,1,0.0,2607021.6527198395,1514400000,33.64451018400493,160.0,2,2.29340736e+18,5302672.061970596,9478023325826.963,1900000.0,1.1476514823325827e+18,7381540.340531045,1.0792362559186586e-09,0,0,1,0.0,0.0,0
41,196200000.0,1,0.0,2621743.787648931,1563200000,33.8965448177095,161.0,2,2.44359424e+18,5288845.1428937465,9436659859518.3,1900000.0,1.2227407859859517e+18,7381540.340531045,1.0792362559186586e-09,0,0,1,0.0,0.0,0
42,196200000.0,1,0.0,2636412.392556714,1612000000,30.331558623721126,162.0,2,2.598544e+18,5275018.223816897,9395678760591.953,1900000.0,1.3002115678760591e+18,7382939.752847878,1.5428511801474087e-09,0,0,1,0.0,0.0,0
43,196200000.0,1,0.0,2650991.6749650207,1660800000,30.49492395341538,163.0,2,2.75825664e+18,5261191.304740047,9355080029047.922,1900000.0,1.3800638280029048e+18,7382939.752847878,1.5428511801474087e-09,0,0,1,0.0,0.0,0
44,196200000.0,1,0.0,2665484.6122904997,1709600000,30.65927594453242,164.0,2,2.92273216e+18,5247364.385663197,9314863664886.205,1900000.0,1.4622975663664886e+18,7382939.752847878,1.5428511801474087e-09,0,0,1,0.0,0.0,0
45,196200000.0,1,0.0,2679894.0827025804,1758400000,30.82453294256393,165.0,2,3.09197056e+18,5233537.466586348,9275029668106.805,1900000.0,1.5469127829668106e+18,7382939.752847878,1.5428511801474087e-09,0,0,1,0.0,0.0,0
46,196200000.0,1,0.0,2694222.8684317074,1807200000,30.990622303449015,166.0,2,3.26597184e+18,5219710.547509498,9235578038709.719,1900000.0,1.633909477803871e+18,7382939.752847878,1.5428511801474087e-09,0,0,1,0.0,0.0,0
47,196200000.0,1,0.0,2707276.7638081196,1856000000,31.15773648960114,167.0,2,3.444736e+18,5205883.628432648,9196508776694.95,1900000.0,1.7232876508776694e+18,7382939.752847878,1.5428511801474087e-09,0,0,1,0.0,0.0,0
48,196200000.0,1,0.0,2719954.07179688,1904800000,31.32560957049658,168.0,2,3.62826304e+18,5192056.709355799,9157821882062.494,1900000.0,1.8150473021882063e+18,7382939.752847878,1.5428511801474087e-09,0,0,1,0.0,0.0,0
49,196200000.0,1,0.0,2732514.7055771244,1953600000,31.494132997309862,169.0,2,3.81655296e+18,5178229.790278949,9119517354812.355,1900000.0,1.9091884317354813e+18,7382939.752847878,1.5428511801474087e-09,0,0,1,0.0,0.0,0
50,196200000.0,1,0.0,2744962.5542891365,2002400000,31.663259903700077,170.0,2,4.00960576e+18,5164402.871202099,9081595194944.531,1900000.0,2.0057110395194944e+18,7382939.752847878,1.4573586781807535e-09,0,0,1,0.0,0.0,0
51,196200000.0,1,0.0,2757301.377435192,2051200000,31.832947935170793,171.0,2,4.20742144e+18,5150575.952125249,9044055402459.023,1900000.0,2.104615125540246e+18,7382939.752847878,1.4573586781807535e-09,0,0,1,0.0,0.0,0
52,196200000.0,1,0.0,2769534.8092008214,2100000000,32.003158711077766,172.0,2,4.41e+18,5136749.0330484,9006897977355.832,1900000.0,2.2059006897977357e+18,7382939.752847878,1.4573586781807535e-09,0,0,1,0.0,0.0,0
53,196200000.0,1,0.0,2782496.9952728655,2148800000,27.3556755442803,173.0,2,4.61734144e+18,5115446.420204123,8941771169316.035,1900000.0,2.3095648971169316e+18,7412842.527917586,2.5232864686586254e-09,0,0,1,0.0,0.0,0
54,196200000.0,1,0.0,2794634.0939290607,2197600000,27.436062164518887,174.0,2,4.82944576e+18,5094143.807359846,8877138500653.164,1900000.0,2.4156105938500654e+18,7412842.527917586,2.5232864686586254e-09,0,0,1,0.0,0.0,0
55,196200000.0,1,0.0,2805773.67525744,2246400000,24.36897552364579,175.0,2,5.04631296e+18,5072841.194515569,8812999971367.217,1900000.0,2.524037779997137e+18,7412842.527917586,2.5232864686586254e-09,0,0,1,0.0,0.0,0
56,196200000.0,1,0.0,2816786.6894700457,2295200000,22.572876974168466,176.0,2,5.26794304e+18,5051538.581671292,8749355581458.192,1900000.0,2.634846455558146e+18,7412842.527917586,2.019426403876423e-09,0,0,1,0.0,0.0,0
57,196200000.0,1,0.0,2827677.355470734,2344000000,21.50856822541037,177.0,2,5.494336e+18,5030235.968827015,8686205330926.094,1900000.0,2.748036620533093e+18,7412842.527917586,2.019426403876423e-09,0,0,1,0.0,0.0,0
58,196200000.0,1,0.0,2838449.7515332373,2392800000,20.818292550519633,178.0,2,5.72549184e+18,5008933.355982738,8623549219770.919,1900000.0,2.8636082749219773e+18,7412842.527917586,2.019426403876423e-09,0,0,1,0.0,0.0,0
59,196200000.0,1,0.0,2849107.8199888286,2441600000,20.344881661249286,179.0,1,5.96141056e+18,4987630.743138461,8561387247992.668,1900000.0,2.9815614187247995e+18,7412842.527917586,2.019426403876423e-09,0,0,1,0.0,0.0,0
60,196200000.0,1,0.0,2859655.3717577383,2490400000,20.00845062587077,180.0,1,6.20209216e+18,4966328.130294184,8499719415591.341,1900000.0,3.1018960519415593e+18,7412842.527917586,2.019426403876423e-09,0,0,1,0.0,0.0,0
61,196200000.0,1,0.0,2870096.0907295216,2539200000,19.764092186350197,181.0,1,6.44753664e+18,4945025.517449907,8438545722566.939,1900000.0,3.224612174572257e+18,7412842.527917586,2.019426403876423e-09,0,0,1,0.0,0.0,0
62,196200000.0,1,0.0,2880433.5379974176,2588000000,19.58461934756697,182.0,1,6.697744e+18,4923722.904605631,8377866168919.461,1900000.0,3.349709786616892e+18,7412842.527917586,2.019426403876423e-09,0,0,1,0.0,0.0,0
63,196200000.0,1,0.0,2890671.1559515544,2636800000,19.452607947114288,183.0,1,6.95271424e+18,4902420.291761354,8317680754648.906,1900000.0,3.4771888880754647e+18,7412842.527917586,2.4850876911841624e-09,0,0,1,0.0,0.0,0
64,196200000.0,1,0.0,2900814.575760321,2685600000,19.538191505837066,184.0,1,7.21244736e+18,4881117.678917076,8257989479755.276,1900000.0,3.6070494789479757e+18,7412953.097098227,1.6805188352009282e-09,0,0,1,0.0,0.0,0
65,196200000.0,1,0.0,2911025.8714286643,2734400000,19.28776745512854,185.0,1,7.47694336e+18,4859815.066072799,8198792344238.571,1900000.0,3.739291559234424e+18,7420688.815844368,2.027036316576414e-09,0,0,1,0.0,0.0,0
66,196200000.0,1,0.0,2921146.991647628,2783200000,19.24098027217071,186.0,1,7.74620224e+18,4838512.453228522,8140089348098.79,1900000.0,3.87391512893481e+18,7420688.815844368,2.027036316576414e-09,0,0,1,0.0,0.0,0
67,196200000.0,1,0.0,2931180.942265524,2832000000,19.211719637522247,187.0,1,8.020224e+18,4817209.840384246,8081880491335.933,1900000.0,4.0109201880491336e+18,7420688.815844368,2.027036316576414e-09,0,0,1,0.0,0.0,0
68,196200000.0,1,0.0,2941130.6289357212,2880800000,19.19675553840377,188.0,1,8.29900864e+18,4795907.227539969,8024165773950.0,1900000.0,4.150306736577395e+18,7420688.815844368,2.027036316576414e-09,0,0,1,0.0,0.0,0
69,196200000.0,1,0.0,2951214.1517645554,2929600000,19.1935596328377,189.0,1,8.58255616e+18,4774604.6146956915,7966945195940.99,1900000.0,4.292074774519594e+18,7431022.798632175,1.7105321603594348e-09,0,0,1,0.0,0.0,0
70,196200000.0,1,0.0,2962198.8920937954,2978400000,19.200148921751904,190.0,1,8.87086656e+18,4753302.001851415,7910218757308.906,1900000.0,4.436224301875731e+18,7478060.757585701,1.858779796748422e-09,0,0,1,0.0,0.0,0
71,196200000.0,1,0.0,2973107.5171111673,3027200000,19.215100586777346,191.0,1,9.16393984e+18,4731999.389007138,7853986458053.746,1900000.0,4.5827553186458056e+18,7478060.757585701,1.858779796748422e-09,0,0,1,0.0,0.0,0
72,196200000.0,1,0.0,2983942.563993735,3076000000,19.237187194147886,192.0,1,9.461776e+18,4710696.776162861,7798248298175.51,1900000.0,4.731667824829818e+18,7478060.757585701,1.858779796748422e-09,0,0,1,0.0,0.0,0
73,196200000.0,1,0.0,2994706.4853459904,3124800000,19.265412570515643,193.0,1,9.76437504e+18,4689394.163318584,7743004277674.197,1900000.0,4.882961820427768e+18,7478060.757585701,1.858779796748422e-09,0,0,1,0.0,0.0,0
74,196200000.0,1,0.0,3005401.6520189447,3173600000,19.29895963681391,194.0,1,1.007173696e+19,4668091.550474307,7688254396549.809,1900000.0,5.036637305439655e+18,7478060.757585701,1.975195118575357e-09,0,0,1,0.0,0.0,0
75,196200000.0,1,0.0,3016030.3558352417,3222400000,19.337151765519053,195.0,1,1.038386176e+19,4646788.937630029,7633998654802.346,1900000.0,5.19269427986548e+18,7478060.757585701,1.975195118575357e-09,0,0,1,0.0,0.0,0
76,196200000.0,1,0.0,3026689.820166077,3271200000,19.37940383357675,196.0,1,1.070074944e+19,4625486.324785752,7580237052431.806,1900000.0,5.351132743705244e+18,7482621.138832479,1.9315393728902563e-09,0,0,1,0.0,0.0,0
77,196200000.0,1,0.0,3039006.050403053,3320000000,19.424389222532696,197.0,1,1.10224e+19,4604183.711941476,7526969589438.19,1900000.0,5.511952696958944e+18,7541948.396638758,2.1518644643947482e-09,0,0,1,0.0,0.0,0
78,196200000.0,1,0.0,3051262.2449877677,3368800000,19.47260024123468,198.0,1,1.134881344e+19,4582881.099097199,7474196265821.499,1900000.0,5.675154139626582e+18,7541948.396638758,2.1518644643947482e-09,0,0,1,0.0,0.0,0
79,196200000.0,1,0.0,3063523.8152590934,3417600000,19.523663778489112,199.0,1,1.167998976e+19,4561578.486252922,7421917081581.732,1900000.0,5.840737071708158e+18,7544231.162055434,1.4861143426969647e-09,0,0,1,0.0,0.0,0
80,196200000.0,1,0.0,3075729.285548697,3466400000,19.577311604425603,200.0,1,1.201592896e+19,4540275.873408644,7370132036718.89,1900000.0,6.008701493203672e+18,7544231.162055434,1.4861143426969647e-09,0,0,1,0.0,0.0,0
81,196200000.0,1,0.0,3087880.5258559682,3515200000,19.63328691234051,201.0,1,1.235663104e+19,4518973.260564367,7318841131232.971,1900000.0,6.179047404113123e+18,7544231.162055434,1.4861143426969647e-09,0,0,1,0.0,0.0,0
82,196200000.0,1,0.0,3099979.343846985,3564000000,19.69136652214879,202.0,1,1.2702096e+19,4497670.64772009,7268044365123.977,1900000.0,6.351774804436513e+18,7544231.162055434,1.4861143426969647e-09,0,0,1,0.0,0.0,0
83,196200000.0,1,0.0,3112027.486932289,3612800000,19.75135550856731,203.0,1,1.305232384e+19,4476368.034875813,7217741738391.906,1900000.0,6.526883694173839e+18,7544231.162055434,1.4861143426969647e-09,0,0,1,0.0,0.0,0
84,196200000.0,1,0.0,3124026.6442754027,3661600000,19.813082830207392,204.0,1,1.340731456e+19,4455065.422031537,7167933251036.76,1900000.0,6.704374073325104e+18,7544231.162055434,1.4861143426969647e-09,0,0,1,0.0,0.0,0
85,196200000.0,1,0.0,3135978.448734401,3710400000,19.876397748302644,205.0,1,1.376706816e+19,4433762.8091872595,7118618903058.539,1900000.0,6.884245941890306e+18,7544231.162055434,1.4861143426969647e-09,0,0,1,0.0,0.0,0
86,196200000.0,1,0.0,3147884.478738754,3759200000,19.941166873296833,206.0,1,1.413158464e+19,4412460.196342982,7069798694457.241,1900000.0,7.066499299869446e+18,7544231.162055434,1.4861143426969647e-09,0,0,1,0.0,0.0,0
87,196200000.0,1,0.0,3161330.1055841413,3808000000,20.004182524968073,207.0,1,1.4500864e+19,4372151.437732405,6989416715622.742,1900000.0,7.251130941671562e+18,7620255.745120633,1.1568772606551647e-09,0,0,1,0.0,0.0,0
88,196200000.0,1,0.0,3174732.9587446875,3856800000,20.068690702155727,208.0,1,1.487490624e+19,4331842.679121829,6911302529076.84,1900000.0,7.438144250252908e+18,7620255.745120633,1.1823431123048067e-09,0,0,1,0.0,0.0,0
89,196200000.0,1,0.0,3188094.4640098866,3905600000,20.13457116536033,209.0,1,1.525371136e+19,4291533.920511251,6835456134819.536,1900000.0,7.627539225613482e+18,7620255.745120633,1.1823431123048067e-09,0,0,1,0.0,0.0,0
90,196200000.0,1,0.0,3201415.9996429174,3954400000,20.201716410634422,210.0,1,1.563727936e+19,4251225.161900675,6761877532850.83,1900000.0,7.819315867753285e+18,7620255.745120633,1.1823431123048067e-09,0,0,1,0.0,0.0,0
91,196200000.0,1,0.0,3214698.897964853,4003200000,20.270030017978556,211.0,1,1.602561024e+19,4210916.403290098,6690566723170.721,1900000.0,8.013474176672317e+18,7620255.745120633,1.8153514247387648e-09,0,0,1,0.0,0.0,0
92,196200000.0,1,0.0,3227944.446886062,4052000000,20.339425250920193,212.0,1,1.6418704e+19,4170607.644679521,6621523705779.21,1900000.0,8.210014152370578e+18,7620255.745120633,1.1823431123048067e-09,0,0,1,0.0,0.0,0
93,196200000.0,1,0.0,3241153.8913865704,4100800000,20.409823863742943,213.0,1,1.681656064e+19,4130298.886068944,6554748480676.297,1900000.0,8.408935794848068e+18,7620255.745120633,1.1823431123048067e-09,0,0,1,0.0,0.0,0
94,196200000.0,1,0.0,3254328.4349470665,4149600000,20.481155081257324,214.0,1,1.721918016e+19,4089990.1274583675,6490241047861.98,1900000.0,8.610239104104786e+18,7620255.745120633,1.1823431123048067e-09,0,0,1,0.0,0.0,0
95,196200000.0,1,0.0,3268482.630637826,4198400000,20.55211584776331,215.0,1,1.762656256e+19,4037520.692380499,6414258484273.885,1900000.0,8.813922705848428e+18,7668898.450989799,1.255102688446641e-09,0,0,1,0.0,0.0,0
96,196200000.0,1,0.0,3282647.5797118424,4247200000,20.623976169086284,216.0,1,1.803870784e+19,3984536.9567372175,6341908148456.4,1900000.0,9.019988110814846e+18,7670980.036882191,2.0445440895855427e-09,0,0,1,0.0,0.0,0
97,196200000.0,1,0.0,3296781.0028983024,4296000000,20.696720629734934,217.0,1,1.8455616e+19,3931553.2210939364,6273811548384.274,1900000.0,9.228435381154839e+18,7670980.036992253,1.3133103493601084e-09,0,0,1,0.0,0.0,0
98,196200000.0,1,0.0,3310883.951057908,4344800000,20.77028532165426,218.0,1,1.887728704e+19,3878569.4854506548,6209968684057.506,1900000.0,9.439264516868405e+18,7670980.036992253,1.3133103493601084e-09,0,0,1,0.0,0.0,0
99,196200000.0,1,0.0,3324957.4400248877,4393600000,20.84461261236108,219.0,1,1.930372096e+19,3825585.7498073736,6150379555476.096,1900000.0,9.652475517955547e+18,7670980.036992253,1.3133103493601084e-09,0,0,1,0.0,0.0,0
100,196200000.0,1,0.0,3339002.451772327,4442400000,20.91965036739438,220.0,1,1.973491776e+19,3772602.014164092,6095044162640.042,1900000.0,9.868068384416264e+18,7670980.036992253,1.3133103493601084e-09,0,0,1,0.0,0.0,0
101,196200000.0,1,0.0,3353019.935540879,4491200000,20.995351288779496,221.0,1,2.017087744e+19,3719618.2785208104,6043962505549.347,1900000.0,1.0086043116250554e+19,7670980.036992253,1.3133103493601084e-09,0,0,1,0.0,0.0,0
102,196200000.0,1,0.0,3367010.80892984,4540000000,21.071672349332584,222.0,1,2.06116e+19,3666634.5428775293,5997134584204.01,1900000.0,1.030639971345842e+19,7670980.036992253,1.3133103493601084e-09,0,0,1,0.0,0.0,0
103,196200000.0,1,0.0,3380975.9589518635,4588800000,21.148574306620613,223.0,1,2.105708544e+19,3613650.8072342477,5954560398604.029,1900000.0,1.052913817603986e+19,7670980.036992253,1.3133103493601084e-09,0,0,1,0.0,0.0,0
104,196200000.0,1,0.0,3397192.6772593176,4637600000,21.215059557242892,224.0,1,2.150733376e+19,3551439.461222298,5888434388230.999,1900000.0,1.0754255723438823e+19,7767945.398427318,1.9972503650933504e-09,0,0,1,0.0,0.0,0
105,196200000.0,1,0.0,3413385.358509444,4686400000,21.283319799580507,225.0,1,2.196234496e+19,3489228.1152103487,5827008342346.844,1900000.0,1.0981755180834234e+19,7767945.398427318,1.9972503650933504e-09,0,0,1,0.0,0.0,0
106,196200000.0,1,0.0,3429554.8039374873,4735200000,21.353158168184397,226.0,1,2.242211904e+19,3427016.769198399,5770282260951.563,1900000.0,1.1211636548226095e+19,7767945.398427318,1.9972503650933504e-09,0,0,1,0.0,0.0,0
107,196200000.0,1,0.0,3445701.7880708487,4784000000,21.42440643255067,227.0,1,2.2886656e+19,3364805.4231864493,5718256144045.158,1900000.0,1.1443899825614404e+19,7767945.398427318,1.9972503650933504e-09,0,0,1,0.0,0.0,0
108,196200000.0,1,0.0,3461827.0596193513,4832800000,21.49691992940596,228.0,1,2.335595584e+19,3335223.0971807344,5669865338681.06,1900000.0,1.1678544906533868e+19,7767945.398427318,1.9972503650933504e-09,0,0,1,0.0,0.0,0
109,196200000.0,1,0.0,3477931.342335826,4881600000,21.57057353916427,229.0,1,2.383001856e+19,3318519.793044639,5622198403259.405,1900000.0,1.1915571499840326e+19,7767945.398427318,1.9972503650933504e-09,0,0,1,0.0,0.0,0
110,196200000.0,1,0.0,3494015.3358480055,4930400000,21.645258463246698,230.0,1,2.430884416e+19,3301816.4889085437,5575089468575.877,1900000.0,1.2154979588946858e+19,7767945.398427318,1.9972503650933504e-09,0,0,1,0.0,0.0,0
111,196200000.0,1,0.0,3510079.716462699,4979200000,21.720879621764023,231.0,1,2.479243264e+19,3285113.1847724486,5528538534630.475,1900000.0,1.2396769173853463e+19,7767945.398427318,1.9972503650933504e-09,0,0,1,0.0,0.0,0
112,196200000.0,1,0.0,3526125.137943157,5028000000,21.797353536182257,232.0,1,2.5280784e+19,3268409.880636353,5482545601423.198,1900000.0,1.2640940254560141e+19,7767945.398427318,1.9972503650933504e-09,0,0,1,0.0,0.0,0
113,196200000.0,1,0.0,3542152.2322605196,5076800000,21.874606594393562,233.0,1,2.577389824e+19,3251706.5765002575,5437110668954.047,1900000.0,1.2887492831066896e+19,7767945.398427318,1.9972503650933504e-09,0,0,1,0.0,0.0,0
114,196200000.0,1,0.0,3558161.6103202254,5125600000,21.9525736197286,234.0,1,2.627177536e+19,3235003.2723641624,5392233737223.021,1900000.0,1.3136426903373722e+19,7767945.398427318,1.9972503650933504e-09,0,0,1,0.0,0.0,0
115,196200000.0,1,0.0,3574153.8626641924,5174400000,22.03119668335701,235.0,1,2.677441536e+19,3218299.9682280673,5347914806230.123,1900000.0,1.3387742471480623e+19,7767945.398427318,1.9972503650933504e-09,0,0,1,0.0,0.0,0
116,196200000.0,1,0.0,3590129.560149617,5223200000,22.110424112956096,236.0,1,2.728181824e+19,3201596.6640919717,5304153875975.35,1900000.0,1.3641439535387597e+19,7767945.398427318,1.9972503650933504e-09,0,0,1,0.0,0.0,0
117,196200000.0,1,0.0,3606089.254605114,5272000000,22.190209660694183,237.0,1,2.7793984e+19,3184893.359955876,5260950946458.701,1900000.0,1.3897518095094647e+19,7767945.398427318,1.9972503650933504e-09,0,0,1,0.0,0.0,0
118,196200000.0,1,0.0,3622033.479465015,5320800000,22.27051180133548,238.0,1,2.831091264e+19,3168190.055819781,5218306017680.18,1900000.0,1.4155978150601769e+19,7767945.398427318,1.9972503650933504e-09,0,0,1,0.0,0.0,0
119,196200000.0,1,0.0,3637962.750382507,5369600000,22.35129313724443,239.0,1,2.883260416e+19,3151486.751683686,5176219089639.783,1900000.0,1.4416819701908963e+19,7767945.398427318,1.9972503650933504e-09,0,0,1,0.0,0.0,0
120,196200000.0,1,0.0,3653877.5658223364,5418400000,22.43251989169686,240.0,1,2.935905856e+19,3134783.4475475904,5134690162337.513,1900000.0,1.4680042749016234e+19,7767945.398427318,1.9972503650933504e-09,0,0,1,0.0,0.0,0
121,196200000.0,1,0.0,3669778.407633757,5467200000,22.51416147552002,241.0,1,2.989027584e+19,3118080.143411495,5093719235773.368,1900000.0,1.4945647291923577e+19,7767945.398427318,1.9972503650933504e-09,0,0,1,0.0,0.0,0
122,196200000.0,1,0.0,3685687.5976833617,5516000000,22.596117068052692,242.0,1,3.0426256e+19,3101180.134564629,5052833715672.7,1900000.0,1.5213633283371567e+19,7768732.2172704,1.7644197214394808e-09,0,0,1,0.0,0.0,0
123,196200000.0,1,0.0,3701583.7301535313,5564800000,22.678441208028257,243.0,1,3.096699904e+19,3084280.125717763,5012519416170.081,1900000.0,1.5484000771941618e+19,7768732.2172704,1.7644197214394808e-09,0,0,1,0.0,0.0,0
124,196200000.0,1,0.0,3717467.2402969147,5613600000,22.761110142948073,244.0,1,3.151250496e+19,3067380.116870897,4972776337265.51,1900000.0,1.5756749757633726e+19,7768732.2172704,1.7644197214394808e-09,0,0,1,0.0,0.0,0
125,196200000.0,1,0.0,3733338.5488577387,5662400000,22.844102177569184,245.0,1,3.206277376e+19,3050480.108024031,4933604478958.986,1900000.0,1.6031880240447896e+19,7768732.2172704,1.7644197214394808e-09,0,0,1,0.0,0.0,0
126,196200000.0,1,0.0,3749198.0625554216,5711200000,22.927397452777004,246.0,1,3.261780544e+19,3033580.099177165,4895003841250.512,1900000.0,1.6309392220384125e+19,7768732.2172704,1.7644197214394808e-09,0,0,1,0.0,0.0,0
127,196200000.0,1,0.0,3765692.3581800386,5760000000,23.010798200768747,247.0,1,3.31776e+19,3016680.090330299,4856974424140.085,1900000.0,1.6589285697442415e+19,7799749.03141301,2.521119313314557e-09,0,0,1,0.0,0.0,0
128,196200000.0,1,0.0,3782175.632160321,5808800000,23.094479560382055,248.0,1,3.374215744e+19,2999780.081483433,4819516227627.707,1900000.0,1.6871560671622762e+19,7799749.03141301,2.521119313314557e-09,0,0,1,0.0,0.0,0
129,196200000.0,1,0.0,3798648.2518844134,5857600000,23.178425177604,249.0,1,3.431147776e+19,2982880.072636567,4782629251713.377,1900000.0,1.715621714292517e+19,7799749.03141301,2.064552973024547e-09,0,0,1,0.0,0.0,0
130,196200000.0,1,0.0,3815110.5724941883,5906400000,23.262619976851926,250.0,1,3.488556096e+19,2965980.063789701,4746313496397.096,1900000.0,1.744325511134964e+19,7799749.03141301,2.064552973024547e-09,0,0,1,0.0,0.0,0
131,196200000.0,1,0.0,3831562.937293455,5955200000,23.347050037040095,251.0,1,3.546440704e+19,2949080.054942835,4710568961678.862,1900000.0,1.7732674576896168e+19,7799749.03141301,2.064552973024547e-09,0,0,1,0.0,0.0,0
132,196200000.0,1,0.0,3848005.678142565,6004000000,23.43170248186651,252.0,1,3.6048016e+19,2932180.046095969,4675395647558.678,1900000.0,1.8024475539564755e+19,7799749.03141301,2.064552973024547e-09,0,0,1,0.0,0.0,0
133,196200000.0,1,0.0,3865377.84411851,6052800000,23.516490075547026,253.0,1,3.663638784e+19,2915280.037249103,4640793554036.541,1900000.0,1.8318657999355404e+19,7844807.988788351,1.191438059322536e-09,0,0,1,0.0,0.0,0
134,196200000.0,1,0.0,3882741.017047698,6101600000,23.601479763910415,254.0,1,3.722952256e+19,2898380.028402237,4606762681112.452,1900000.0,1.861522195626811e+19,7844807.988788351,1.191438059322536e-09,0,0,1,0.0,0.0,0
135,196200000.0,1,0.0,3900095.496698354,6150400000,23.686661153476486,255.0,1,3.782742016e+19,2881480.0195553713,4573303028786.412,1900000.0,1.8914167410302878e+19,7844807.988788351,1.191438059322536e-09,0,0,1,0.0,0.0,0
136,196200000.0,1,0.0,3917441.5728464285,6199200000,23.772024570503266,256.0,1,3.843008064e+19,2864580.0107085053,4540414597058.421,1900000.0,1.9215494361459704e+19,7844807.988788351,1.191438059322536e-09,0,0,1,0.0,0.0,0
137,196200000.0,1,0.0,3935195.68636162,6248000000,23.8575302697879,257.0,1,3.9037504e+19,2847680.0018616393,4508097385928.478,1900000.0,1.9519202809738592e+19,7864783.704929775,1.191438059322536e-09,0,0,1,0.0,0.0,0
138,196200000.0,1,0.0,3952941.9472705107,6296800000,23.943201805464927,258.0,1,3.964969024e+19,2830779.9930147734,4476351395396.582,1900000.0,1.982529275513954e+19,7864783.704929775,1.191438059322536e-09,0,0,1,0.0,0.0,0
139,196200000.0,1,0.0,3970680.617326643,6345600000,24.029031259506088,259.0,1,4.026663936e+19,2813879.9841679074,4445176625462.735,1900000.0,2.013376419766255e+19,7864783.704929775,1.191438059322536e-09,0,0,1,0.0,0.0,0
140,196200000.0,1,0.0,3988411.9495584443,6394400000,24.115011223493386,260.0,1,4.088835136e+19,2796979.9753210414,4414573076126.937,1900000.0,2.044461713730761e+19,7864783.704929775,1.191438059322536e-09,0,0,1,0.0,0.0,0
141,196200000.0,1,0.0,4006136.188560056,6443200000,24.201134757684805,261.0,1,4.151482624e+19,2780079.9664741755,4384540747389.186,1900000.0,2.075785157407474e+19,7864783.704929775,1.191438059322536e-09,0,0,1,0.0,0.0,0
142,196200000.0,1,0.0,4022491.8514463603,6492000000,24.287501383245832,262.0,1,4.2146064e+19,2763179.9576273095,4355079639249.4844,1900000.0,2.1073467507963924e+19,7864783.704929775,2.1227606339380145e-09,0,0,1,0.0,0.0,0
143,196200000.0,1,0.0,4038676.7093910854,6540800000,24.374010286349176,263.0,1,4.278206464e+19,2746279.9487804435,4326189751707.8306,1900000.0,2.139146493897517e+19,7864783.704929775,2.1227606339380145e-09,0,0,1,0.0,0.0,0
144,196200000.0,1,0.0,4054852.824431681,6589600000,24.460643068515786,264.0,1,4.342282816e+19,2729379.9399335776,4297871084764.225,1900000.0,2.1711843867108475e+19,7864783.704929775,9.440555004402995e-10,0,0,1,0.0,0.0,0
145,196200000.0,1,0.0,4071020.4879982886,6638400000,24.547394349019154,265.0,1,4.406835456e+19,2712479.9310867116,4270123638418.668,1900000.0,2.203460429236384e+19,7864783.704929775,9.440555004402995e-10,0,0,1,0.0,0.0,0
146,196200000.0,1,0.0,4087179.981806705,6687200000,24.634259061523323,266.0,1,4.471864384e+19,2695579.9222398456,4242947412671.159,1900000.0,2.2359746214741266e+19,7864783.704929775,9.440555004402995e-10,0,0,1,0.0,0.0,0
147,196200000.0,1,0.0,4103331.5781822037,6736000000,24.721232431139764,267.0,1,4.5373696e+19,2678679.9133929797,4216342407521.6987,1900000.0,2.2687269634240754e+19,7864783.704929775,9.258656064048409e-10,0,0,1,0.0,0.0,0
148,196200000.0,1,0.0,4119475.5403725486,6784800000,24.808309953480826,268.0,1,4.603351104e+19,2661779.9045461137,4190308622970.286,1900000.0,2.3017174550862295e+19,7864783.704929775,9.258656064048409e-10,0,0,1,0.0,0.0,0
149,196200000.0,1,0.0,4135612.12285058,6833600000,24.89548737550889,269.0,1,4.669808896e+19,2644879.8956992477,4164846059016.9224,1900000.0,2.3349460964605903e+19,7864783.704929775,9.258656064048409e-10,0,0,1,0.0,0.0,0
150,196200000.0,1,0.0,4151817.8081413824,6882400000,24.982756343377957,270.0,1,4.736742976e+19,2627979.8868523818,4139954715661.607,1900000.0,2.3684128875471565e+19,7868443.058594103,1.6825651982799172e-09,0,0,1,0.0,0.0,0
151,196200000.0,1,0.0,4168016.5975010074,6931200000,25.07011755195733,271.0,1,4.804153344e+19,2611079.878005516,4115634592904.3394,1900000.0,2.402117828345929e+19,7868443.058594103,1.6825651982799172e-09,0,0,1,0.0,0.0,0
152,196200000.0,1,0.0,4184208.7207938326,6980000000,25.157567396034924,272.0,1,4.87204e+19,2594179.86915865,4091885690745.1206,1900000.0,2.4360609188569076e+19,7868443.058594103,1.6825651982799172e-09,0,0,1,0.0,0.0,0
153,196200000.0,1,0.0,4200394.400222081,7028800000,25.245102460156776,273.0,1,4.940402944e+19,2577279.860311784,4068708009183.9497,1900000.0,2.4702421590800916e+19,7868443.058594103,1.6825651982799172e-09,0,0,1,0.0,0.0,0
154,196200000.0,1,0.0,4216573.850581242,7077600000,25.332719506130456,274.0,1,5.009242176e+19,2560379.851464918,4046101548220.827,1900000.0,2.5046615490154824e+19,7868443.058594103,1.6825651982799172e-09,0,0,1,0.0,0.0,0
155,196200000.0,1,0.0,4232747.279506948,7126400000,25.42041546151179,275.0,1,5.078557696e+19,2543479.842618052,4024066307855.753,1900000.0,2.5393190886630785e+19,7868443.058594103,1.6825651982799172e-09,0,0,1,0.0,0.0,0
156,196200000.0,1,0.0,4248914.887713651,7175200000,25.508187408985382,276.0,1,5.148349504e+19,2526579.833771186,4002602288088.7275,1900000.0,2.574214778022881e+19,7868443.058594103,1.6825651982799172e-09,0,0,1,0.0,0.0,0
157,196200000.0,1,0.0,4265076.869225315,7224000000,25.596032576558517,277.0,1,5.2186176e+19,2509679.82492432,3981709488919.75,1900000.0,2.609348617094889e+19,7868443.058594103,1.6825651982799172e-09,0,0,1,0.0,0.0,0
158,196200000.0,1,0.0,4280337.416275669,7272800000,25.684017740989727,278.0,1,5.289361984e+19,2492779.816077454,3961387910348.8203,1900000.0,2.6447206058791035e+19,7868443.058594103,1.6825651982799172e-09,0,0,1,0.0,0.0,0
159,196200000.0,1,0.0,4295020.562809792,7321600000,25.772114202467833,279.0,1,5.360582656e+19,2475879.807230588,3941637552375.9395,1900000.0,2.6803307443755237e+19,7868443.058594103,1.6825651982799172e-09,0,0,1,0.0,0.0,0
160,196200000.0,1,0.0,4309697.268991611,7370400000,25.860275108878568,280.0,1,5.432279616e+19,2458979.798383722,3922458415001.107,1900000.0,2.71617903258415e+19,7868443.058594103,1.6825651982799172e-09,0,0,1,0.0,0.0,0
161,196200000.0,1,0.0,4324367.749499536,7419200000,25.94849820521554,281.0,1,5.504452864e+19,2442079.789536856,3903850498224.3223,1900000.0,2.752265470504982e+19,7868443.058594103,1.6825651982799172e-09,0,0,1,0.0,0.0,0
162,196200000.0,1,0.0,4339032.227303753,7468000000,26.036781340555283,282.0,1,5.5771024e+19,2425179.78068999,3885813802045.5864,1900000.0,2.7885900581380207e+19,7868443.614712162,2.0609149942174554e-09,0,0,1,0.0,0.0,0
163,196200000.0,1,0.0,4353690.887561587,7516800000,26.125122467009984,283.0,1,5.650228224e+19,2408279.771843124,3868348326464.8984,1900000.0,2.8251527954832646e+19,7868443.614712162,2.0609149942174554e-09,0,0,1,0.0,0.0,0
164,196200000.0,1,0.0,4369202.346504335,7565600000,26.21343772177348,284.0,1,5.723830336e+19,2391379.762996258,3851454071482.259,1900000.0,2.861953682540715e+19,7909647.88574026,2.0609149942174554e-09,0,0,1,0.0,0.0,0
165,196200000.0,1,0.0,4384708.369273187,7614400000,26.301811073885663,285.0,1,5.797908736e+19,2374479.7541493922,3835131037097.668,1900000.0,2.898992719310371e+19,7909647.88574026,2.0609149942174554e-09,0,0,1,0.0,0.0,0
166,196200000.0,1,0.0,4400209.137073937,7663200000,26.39024052936902,286.0,1,5.872463424e+19,2357579.7453025263,3819379223311.125,1900000.0,2.936269905792233e+19,7909647.88574026,2.0609149942174554e-09,0,0,1,0.0,0.0,0
167,196200000.0,1,0.0,4415705.136042979,7712000000,26.478724186214222,287.0,1,5.9474944e+19,2340679.7364556603,3804198630122.6304,1900000.0,2.973785241986301e+19,7909670.275637298,2.6175257517024875e-09,0,0,1,0.0,0.0,0
168,196200000.0,1,0.0,4431196.224536274,7760800000,26.56726022906896,288.0,1,6.023001664e+19,2323779.7276087943,3789589257532.1836,1900000.0,3.0115387278925754e+19,7909670.275637298,2.333763404749334e-09,0,0,1,0.0,0.0,0
169,196200000.0,1,0.0,4446682.566236932,7809600000,26.655846924294107,289.0,1,6.098985216e+19,2306879.7187619284,3775551105539.7856,1900000.0,3.0495303635110556e+19,7909670.275679591,1.8590071704238653e-09,0,0,1,0.0,0.0,0
170,196200000.0,1,0.0,4462164.319370809,7858400000,26.744482615357786,290.0,1,6.175445056e+19,2289979.7099150624,3762084174145.436,1900000.0,3.0877601488417415e+19,7909670.275679591,2.3246684577316046e-09,0,0,1,0.0,0.0,0
171,196200000.0,1,0.0,4477641.636890126,7907200000,26.833165718540474,291.0,1,6.252381184e+19,2273079.701068196,3749188463349.135,1900000.0,3.1262280838846333e+19,7909670.275679591,2.3246684577316046e-09,0,0,1,0.0,0.0,0
172,196200000.0,1,0.0,4493114.666648709,7956000000,26.92189471892673,292.0,1,6.3297936e+19,2256179.69222133,3736863973150.8813,1900000.0,3.1649341686397317e+19,7909670.275679591,2.3246684577316046e-09,0,0,1,0.0,0.0,0
173,196200000.0,1,0.0,4508583.551571909,8004800000,27.010668166661347,293.0,1,6.407682304e+19,2239279.683374464,3725110703550.677,1900000.0,3.2038784031070355e+19,7909670.275679591,2.3246684577316046e-09,0,0,1,0.0,0.0,0
174,196200000.0,1,0.0,4524048.429820912,8053600000,27.099484673449652,294.0,1,6.486047296e+19,2222379.674527598,3713928654548.52,1900000.0,3.2430607872865456e+19,7909670.275679591,2.3246684577316046e-09,0,0,1,0.0,0.0,0
175,196200000.0,1,0.0,4539509.434951519,8102400000,27.188342909283392,295.0,1,6.564888576e+19,2205479.665680732,3703317826144.4116,1900000.0,3.2824813211782615e+19,7909670.275679591,2.3246684577316046e-09,0,0,1,0.0,0.0,0
176,196200000.0,1,0.0,4555199.81370773,8151200000,27.277241599375404,296.0,1,6.644206144e+19,2188579.656833866,3693278218338.352,1900000.0,3.3221400047821832e+19,7926454.745763361,1.9717845134437084e-09,0,0,1,0.0,0.0,0
177,196200000.0,1,0.0,4570886.573249977,8200000000,27.366179521287496,297.0,1,6.724e+19,2171679.647987,3683809831130.3403,1900000.0,3.362036838098311e+19,7926454.745763361,1.9717845134437084e-09,0,0,1,0.0,0.0,0
178,196200000.0,1,0.0,4586569.834218722,8248800000,27.455155502237446,298.0,1,6.804270144e+19,2154779.6391401337,3674912664520.377,1900000.0,3.4021718211266454e+19,7926454.745763361,1.4115357771515846e-09,0,0,1,0.0,0.0,0
179,196200000.0,1,0.0,4602257.6245245645,8297600000,27.544168416454376,299.0,1,6.885016576e+19,2137879.630293268,3666586718508.462,1900000.0,3.442544953867185e+19,7927024.277796748,2.359229256398976e-09,0,0,1,0.0,0.0,0
180,196200000.0,1,0.0,4619210.5642218385,8346400000,27.633135245992797,300.0,1,6.966239296e+19,2120979.621446402,3658831993094.595,1900000.0,3.4831562363199308e+19,7987908.371268896,2.359229256398976e-09,0,0,1,0.0,0.0,0
181,196200000.0,1,0.0,4636920.801691995,8395200000,27.72207323518154,301.0,1,7.047938304e+19,2104079.612599536,3651648488278.777,1900000.0,3.524005668484883e+19,8015284.860038107,5.262336344458163e-09,0,0,1,0.0,0.0,0
182,196200000.0,1,0.0,4654627.984255284,8444000000,27.811050418688737,302.0,1,7.1301136e+19,2087179.6037526699,3645036204061.0063,1900000.0,3.5650932503620407e+19,8015284.860038107,5.415131454356015e-09,0,0,1,0.0,0.0,0
183,196200000.0,1,0.0,4672332.213741931,8492800000,27.90006559373933,303.0,1,7.212765184e+19,2070279.594905804,3638995140441.2847,1900000.0,3.6064189819514044e+19,8015284.860038107,5.415131454356015e-09,0,0,1,0.0,0.0,0
184,196200000.0,1,0.0,4690033.588587826,8541600000,27.989117607979207,304.0,1,7.295893056e+19,2053379.586058938,3633525297419.6113,1900000.0,3.6479828632529744e+19,8015284.860038107,5.415131454356015e-09,0,0,1,0.0,0.0,0
185,196200000.0,1,0.0,4707732.2039476605,8590400000,28.07820535677533,305.0,1,7.379497216e+19,2036479.5772120717,3628626674995.986,1900000.0,3.68978489426675e+19,8015284.860038107,4.585672286339104e-09,0,0,1,0.0,0.0,0
186,196200000.0,1,0.0,4725428.151804304,8639200000,28.16732778069262,306.0,1,7.463577664e+19,2019579.5683652058,3624299273170.4087,1900000.0,3.731825074992732e+19,8015284.860038107,4.585672286339104e-09,0,0,1,0.0,0.0,0
187,196200000.0,1,0.0,4743121.521074528,8688000000,28.25648386313387,307.0,1,7.5481344e+19,2002679.5595183398,3620543091942.8804,1900000.0,3.774103405430919e+19,8015284.860038107,4.585672286339104e-09,0,0,1,0.0,0.0,0
188,196200000.0,1,0.0,4760812.397711214,8736800000,28.34567262813026,308.0,1,7.633167424e+19,1985779.5506714736,3617358131313.4,1900000.0,3.816619885581313e+19,8015284.860038107,4.170942702330649e-09,0,0,1,0.0,0.0,0
189,196200000.0,1,0.0,4778236.101034553,8785600000,28.434893138271047,309.0,1,7.718676736e+19,1968879.5418246076,3614744391281.968,1900000.0,3.859374515443913e+19,7996221.86877135,4.170942702330649e-09,0,0,1,0.0,0.0,0
190,196200000.0,1,0.0,4795657.475130331,8834400000,28.524144492762083,310.0,1,7.804662336e+19,1951979.5329777417,3612701871848.584,1900000.0,3.902367295018719e+19,7996221.86877135,4.170942702330649e-09,0,0,1,0.0,0.0,0
191,196200000.0,1,0.0,4813076.597639468,8883200000,28.613425825603688,311.0,1,7.891124224e+19,1935079.5241308757,3611230573013.2485,1900000.0,3.94559822430573e+19,7996221.86877135,4.170942702330649e-09,0,0,1,0.0,0.0,0
192,196200000.0,1,0.0,4830493.543614847,8932000000,28.702736303879146,312.0,1,7.9780624e+19,1918179.5152840097,3610330494775.9614,1900000.0,3.989067303304948e+19,7996221.86877135,4.170942702330649e-09,0,0,1,0.0,0.0,0
193,196200000.0,1,0.0,4847908.385607597,8980800000,28.792075126145964,313.0,1,8.065476864e+19,1901279.5064371435,3610001637136.7227,1900000.0,4.032774532016371e+19,7996221.86877135,4.170942702330649e-09,0,0,1,0.0,0.0,0
194,196200000.0,1,0.0,4865321.193750472,9029600000,28.88144152092249,314.0,1,8.153367616e+19,1900000.0,3610000000000.0,1900000.0,4.076719908e+19,7996221.86877135,4.170942702330649e-09,0,0,1,0.0,0.0,0
195,196200000.0,1,0.0,4882732.035838467,9078400000,28.970834745263325,315.0,1,8.241734656e+19,1900000.0,3610000000000.0,1900000.0,4.120903428e+19,7996221.86877135,4.170942702330649e-09,0,0,1,0.0,0.0,0
196,196200000.0,1,0.0,4900140.947892511,9127200000,29.060254084701956,316.0,1,8.330577984e+19,1900000.0,3610000000000.0,1900000.0,4.165325092e+19,7996220.452088127,2.890374162234366e-09,0,0,1,0.0,0.0,0
197,196200000.0,1,0.0,4917548.022777498,9176000000,29.149698848075253,317.0,1,8.4198976e+19,1900000.0,3610000000000.0,1900000.0,4.2099849e+19,7996220.452088127,2.890374162234366e-09,0,0,1,0.0,0.0,0
198,196200000.0,1,0.0,4934953.3217323935,9224800000,29.239168370299442,318.0,1,8.509693504e+19,1900000.0,3610000000000.0,1900000.0,4.254882852e+19,7996220.452088127,2.890374162234366e-09,0,0,1,0.0,0.0,0
199,196200000.0,1,0.0,4952356.903954866,9273600000,29.328662009899663,319.0,1,8.599965696e+19,1900000.0,3610000000000.0,1900000.0,4.300018948e+19,7996220.452088127,2.890374162234366e-09,0,0,1,0.0,0.0,0
200,196200000.0,1,0.0,4969812.5732396655,9322400000,29.418177746776756,320.0,1,8.690714176e+19,1900000.0,3610000000000.0,1900000.0,4.345393188e+19,7998800.287464119,4.418325261212885e-09,0,0,1,0.0,0.0,0
201,196200000.0,1,0.0,4987266.63833339,9371200000,29.507716420737154,321.0,1,8.781938944e+19,1900000.0,3610000000000.0,1900000.0,4.391005572e+19,7998800.287464119,4.418325261212885e-09,0,0,1,0.0,0.0,0
202,196200000.0,1,0.0,5004719.152709078,9420000000,29.597277453942844,322.0,1,8.87364e+19,1900000.0,3610000000000.0,1900000.0,4.4368561e+19,7998800.287464119,4.418325261212885e-09,0,0,1,0.0,0.0,0
203,196200000.0,1,0.0,5022170.168057327,9468800000,29.686860288279078,323.0,1,8.965817344e+19,1900000.0,3610000000000.0,1900000.0,4.482944772e+19,7998800.287464119,4.418325261212885e-09,0,0,1,0.0,0.0,0
204,196200000.0,1,0.0,5040387.991113578,9517600000,29.776424660581963,324.0,1,9.058470976e+19,1900000.0,3610000000000.0,1900000.0,4.529271588e+19,8032415.0074444935,2.6429916033521295e-09,0,0,1,0.0,0.0,0
205,196200000.0,1,0.0,5059653.082005119,9566400000,29.86562435213258,325.0,1,9.151600896e+19,1900000.0,3610000000000.0,1900000.0,4.575836548e+19,8070167.076797913,2.4392647901549935e-09,0,0,1,0.0,0.0,0
206,196200000.0,1,0.0,5078916.818830728,9615200000,29.9548608855638,326.0,1,9.245207104e+19,1900000.0,3610000000000.0,1900000.0,4.622639652e+19,8070167.076797913,2.4392647901549935e-09,0,0,1,0.0,0.0,0
207,196200000.0,1,0.0,5098179.246725938,9664000000,30.04413303238728,327.0,1,9.3392896e+19,1900000.0,3610000000000.0,1900000.0,4.6696809e+19,8070167.076797913,2.4392647901549935e-09,0,0,1,0.0,0.0,0
208,196200000.0,1,0.0,5117440.409321759,9712800000,30.133439619652506,328.0,1,9.433848384e+19,1900000.0,3610000000000.0,1900000.0,4.716960292e+19,8070167.076797913,2.4392647901549935e-09,0,0,1,0.0,0.0,0
209,196200000.0,1,0.0,5136700.348794838,9761600000,30.22277952678538,329.0,1,9.528883456e+19,1900000.0,3610000000000.0,1900000.0,4.764477828e+19,8070167.076797913,2.4392647901549935e-09,0,0,1,0.0,0.0,0
210,196200000.0,1,0.0,5157629.737496967,9810400000,30.312113383646366,330.0,1,9.624394816e+19,1900000.0,3610000000000.0,1900000.0,4.812233508e+19,8150357.392687402,4.965841071680188e-10,0,0,1,0.0,0.0,0
211,196200000.0,1,0.0,5178557.983258846,9859200000,30.401479547844225,331.0,1,9.720382464e+19,1900000.0,3610000000000.0,1900000.0,4.860227332e+19,8150357.392687402,4.965841071680188e-10,0,0,1,0.0,0.0,0
212,196200000.0,1,0.0,5199485.124178484,9908000000,30.490877004603632,332.0,1,9.8168464e+19,1900000.0,3610000000000.0,1900000.0,4.9084593e+19,8150357.392687402,4.965841071680188e-10,0,0,1,0.0,0.0,0
213,196200000.0,1,0.0,5220411.197083954,9956800000,30.580304782174483,333.0,1,9.913786624e+19,1900000.0,3610000000000.0,1900000.0,4.956929412e+19,8150357.392687402,4.965841071680188e-10,0,0,1,0.0,0.0,0
214,196200000.0,1,0.0,5241336.237575728,10005600000,30.669761949537033,334.0,1,1.0011203136e+20,1900000.0,3610000000000.0,1900000.0,5.005637668e+19,8150357.392687402,4.965841071680188e-10,0,0,1,0.0,0.0,0
215,196200000.0,1,0.0,5262260.279936262,10054400000,30.759247614257017,335.0,1,1.0109095936e+20,1900000.0,3610000000000.0,1900000.0,5.054584068e+19,8150357.386383244,9.040377335622907e-10,0,0,1,0.0,0.0,0
216,196200000.0,1,0.0,5283183.357563556,10103200000,30.84876092046571,336.0,1,1.0207465024e+20,1900000.0,3610000000000.0,1900000.0,5.103768612e+19,8150357.386383244,9.040377335622907e-10,0,0,1,0.0,0.0,0
217,196200000.0,1,0.0,5304118.389777932,10152000000,30.938301046983042,337.0,1,1.03063104e+20,1900000.0,3610000000000.0,1900000.0,5.1531913e+19,8151285.262086909,4.0745362639427185e-10,0,0,1,0.0,0.0,0
218,196200000.0,1,0.0,5325052.52050269,10200800000,31.027867205546304,338.0,1,1.0405632064e+20,1900000.0,3610000000000.0,1900000.0,5.202852132e+19,8151285.262086909,4.0745362639427185e-10,0,0,1,0.0,0.0,0
219,196200000.0,1,0.0,5345985.779787485,10249600000,31.117458639150037,339.0,1,1.0505430016e+20,1900000.0,3610000000000.0,1900000.0,5.252751108e+19,8151285.262086909,4.0745362639427185e-10,0,0,1,0.0,0.0,0
220,196200000.0,1,0.0,5366918.196680313,10298400000,31.207074620486775,340.0,1,1.0605704256e+20,1900000.0,3610000000000.0,1900000.0,5.302888228e+19,8151285.262086909,4.0745362639427185e-10,0,0,1,0.0,0.0,0
221,196200000.0,1,0.0,5388693.12376543,10347200000,31.29671445048126,341.0,1,1.0706454784e+20,1900000.0,3610000000000.0,1900000.0,5.353263492e+19,8212004.62641238,4.0745362639427185e-10,0,0,1,0.0,0.0,0
222,196200000.0,1,0.0,5410467.263682056,10396000000,31.386377456911728,342.0,1,1.08076816e+20,1900000.0,3610000000000.0,1900000.0,5.4038769e+19,8212004.62641238,4.0745362639427185e-10,0,0,1,0.0,0.0,0
223,196200000.0,1,0.0,5432240.642669138,10444800000,31.476062993112212,343.0,1,1.0909384704e+20,1900000.0,3610000000000.0,1900000.0,5.454728452e+19,8212004.62641238,4.0745362639427185e-10,0,0,1,0.0,0.0,0
224,196200000.0,1,0.0,5454013.286090996,10493600000,31.56577043675026,344.0,1,1.1011564096e+20,1900000.0,3610000000000.0,1900000.0,5.505818148e+19,8212004.62641238,4.0745362639427185e-10,0,0,1,0.0,0.0,0
225,196200000.0,1,0.0,5475462.168380145,10542400000,31.655499188675073,345.0,1,1.1114219776e+20,1900000.0,3610000000000.0,1900000.0,5.557145988e+19,8188745.0201967675,1.1496013030409813e-09,0,0,1,0.0,0.0,0
226,196200000.0,1,0.0,5496910.363324455,10591200000,31.745248671831153,346.0,1,1.1217351744e+20,1900000.0,3610000000000.0,1900000.0,5.608711972e+19,8188745.0201967675,1.1496013030409813e-09,0,0,1,0.0,0.0,0
227,196200000.0,1,0.0,5518610.314635713,10640000000,31.83501387875012,347.0,1,1.132096e+20,1900000.0,3610000000000.0,1900000.0,5.6605161e+19,8200861.218610693,2.8812792152166367e-09,0,0,1,0.0,0.0,0
228,196200000.0,1,0.0,5540309.623661406,10688800000,31.92479885371072,348.0,1,1.1425044544e+20,1900000.0,3610000000000.0,1900000.0,5.712558372e+19,8200861.218610693,2.8812792152166367e-09,0,0,1,0.0,0.0,0
229,196200000.0,1,0.0,5562008.311811052,10737600000,32.01460307586329,349.0,1,1.1529605376e+20,1900000.0,3610000000000.0,1900000.0,5.764838788e+19,8200861.218610693,2.8812792152166367e-09,0,0,1,0.0,0.0,0
230,196200000.0,1,0.0,5583706.399780525,10786400000,32.10442604283997,350.0,1,1.1634642496e+20,1900000.0,3610000000000.0,1900000.0,5.817357348e+19,8200861.218610693,2.8812792152166367e-09,0,0,1,0.0,0.0,0
231,196200000.0,1,0.0,5606482.308474115,10835200000,32.19426726993029,351.0,1,1.1740155904e+20,1900000.0,3610000000000.0,1900000.0,5.870114052e+19,8278506.083287738,3.725290298461914e-09,0,0,1,0.0,0.0,0
232,196200000.0,1,0.0,5628746.850275561,10884000000,32.28415144297092,352.0,1,1.18461456e+20,1900000.0,3610000000000.0,1900000.0,5.9231089e+19,8278506.083287738,3.725290298461914e-09,0,0,1,0.0,0.0,0
233,196200000.0,1,0.0,5649227.022159601,10932800000,32.37413984309806,353.0,1,1.1952611584e+20,1900000.0,3610000000000.0,1900000.0,5.976341892e+19,8278551.93497414,2.1100277081131935e-09,0,0,1,0.0,0.0,0
234,196200000.0,1,0.0,5669706.531718536,10981600000,32.46414356661598,354.0,1,1.2059553856e+20,1900000.0,3610000000000.0,1900000.0,6.029813028e+19,8278551.93497414,2.1100277081131935e-09,0,0,1,0.0,0.0,0
235,196200000.0,1,0.0,5690185.401029876,11030400000,32.55416222526955,355.0,1,1.2166972416e+20,1900000.0,3610000000000.0,1900000.0,6.083522308e+19,8278551.93497414,2.1100277081131935e-09,0,0,1,0.0,0.0,0
236,196200000.0,1,0.0,5710663.6514352,11079200000,32.64419544402454,356.0,1,1.2274867264e+20,1900000.0,3610000000000.0,1900000.0,6.137469732e+19,8278551.93497414,2.1100277081131935e-09,0,0,1,0.0,0.0,0
237,196200000.0,1,0.0,5731141.303564713,11128000000,32.73424286050288,357.0,1,1.23832384e+20,1900000.0,3610000000000.0,1900000.0,6.1916553e+19,8278551.93497414,2.1100277081131935e-09,0,0,1,0.0,0.0,0
238,196200000.0,1,0.0,5751618.377360944,11176800000,32.824304124446996,358.0,1,1.2492085824e+20,1900000.0,3610000000000.0,1900000.0,6.246079012e+19,8278551.934974334,1.9208528101444244e-09,0,0,1,0.0,0.0,0
239,196200000.0,1,0.0,5772094.89210167,11225600000,32.914378897211186,359.0,1,1.2601409536e+20,1900000.0,3610000000000.0,1900000.0,6.300740868e+19,8278551.934974334,1.9208528101444244e-09,0,0,1,0.0,0.0,0
240,196200000.0,1,0.0,5792531.99385771,11274400000,33.0044684771186,360.0,1,1.2711209536e+20,1900000.0,3610000000000.0,1900000.0,6.355640868e+19,8277152.5226575015,1.9208528101444244e-09,0,0,1,0.0,0.0,0
241,196200000.0,1,0.0,5812968.573207436,11323200000,33.094570885308,361.0,1,1.2821485824e+20,1900000.0,3610000000000.0,1900000.0,6.410779012e+19,8277152.5226575015,1.9208528101444244e-09,0,0,1,0.0,0.0,0
242,196200000.0,1,0.0,5833361.789183942,11372000000,33.18468663225948,362.0,1,1.29322384e+20,1900000.0,3610000000000.0,1900000.0,6.4661553e+19,8275095.320395849,3.754394128918648e-09,0,0,1,0.0,0.0,0
243,196200000.0,1,0.0,5853754.517000768,11420800000,33.27481458217195,363.0,1,1.3043467264e+20,1900000.0,3610000000000.0,1900000.0,6.521769732e+19,8275095.320395849,3.754394128918648e-09,0,0,1,0.0,0.0,0
244,196200000.0,1,0.0,5874146.772929908,11469600000,33.364954449294494,364.0,1,1.3155172416e+20,1900000.0,3610000000000.0,1900000.0,6.577622308e+19,8275095.320395849,3.754394128918648e-09,0,0,1,0.0,0.0,0
245,196200000.0,1,0.0,5894538.572700947,11518400000,33.455105956871876,365.0,1,1.3267353856e+20,1900000.0,3610000000000.0,1900000.0,6.633713028e+19,8275095.320395849,3.754394128918648e-09,0,0,1,0.0,0.0,0
246,196200000.0,1,0.0,5914929.931519157,11567200000,33.54526883678917,366.0,1,1.3380011584e+20,1900000.0,3610000000000.0,1900000.0,6.690041892e+19,8275095.320395849,3.754394128918648e-09,0,0,1,0.0,0.0,0
247,196200000.0,1,0.0,5935320.864082965,11616000000,33.63544282923334,367.0,1,1.34931456e+20,1900000.0,3610000000000.0,1900000.0,6.7466089e+19,8275095.320395849,3.754394128918648e-09,0,0,1,0.0,0.0,0
248,196200000.0,1,0.0,5956346.132513866,11664800000,33.72562768237063,368.0,1,1.3606755904e+20,1900000.0,3610000000000.0,1900000.0,6.803414052e+19,8320797.170132786,3.0122464522719383e-09,0,0,1,0.0,0.0,0
249,196200000.0,1,0.0,5977371.0026337085,11713600000,33.8158231520391,369.0,1,1.3720842496e+20,1900000.0,3610000000000.0,1900000.0,6.860457348e+19,8320797.170132786,3.0122464522719383e-09,0,0,1,0.0,0.0,0
250,785000000.0,1,0.0,5806855.417456156,11173600000,33.91011340021663,370.0,1,1.2484933696e+20,8493873.1351749,18278876372199.38,2300000.0,6.242649636763722e+19,8326873.7974909,1.3533281162381172e-09,0,0,1,0.0,0.0,0
251,196200000.0,1,0.0,5839117.237856827,11222400000,34.00026319481045,371.0,1,1.2594226176e+20,8187746.270349802,17171872645188.426,2300000.0,6.297284806726452e+19,8326873.7974909,1.3533281162381172e-09,0,0,1,0.0,0.0,0
252,196200000.0,1,0.0,5871378.698464594,11271200000,34.09042447732839,372.0,1,1.2703994944e+20,7881619.405524704,16158988818967.14,2300000.0,6.35215906188819e+19,8326873.7974909,1.3533281162381172e-09,0,0,1,0.0,0.0,0
253,196200000.0,1,0.0,5903579.5303603215,11320000000,34.18059920921946,373.0,1,1.281424e+20,7575454.989840871,15240076130110.68,2300000.0,6.407272400761301e+19,8324741.235509162,2.7939677238464355e-09,0,0,1,0.0,0.0,0
254,196200000.0,1,0.0,5935780.031209875,11368800000,34.27078486300401,374.0,1,1.2924961344e+20,7269290.574157037,14415295329421.65,2300000.0,6.462624824953294e+19,8324741.607051246,4.2782630771398544e-09,0,0,1,0.0,0.0,0
255,196200000.0,1,0.0,5967980.207059831,11417600000,34.360981190915496,375.0,1,1.3036158976e+20,6963126.158473203,13684646416900.059,2300000.0,6.518216334464169e+19,8324741.607051246,4.2782630771398544e-09,0,0,1,0.0,0.0,0
256,196200000.0,1,0.0,6000180.068743511,11466400000,34.451187952750495,376.0,1,1.3147832896e+20,6656961.74278937,13048129392545.9,2300000.0,6.5740469292939256e+19,8324741.607051246,4.2782630771398544e-09,0,0,1,0.0,0.0,0
257,196200000.0,1,0.0,6032379.626733124,11515200000,34.541404915578966,377.0,1,1.3259983104e+20,6350797.327105537,12505744256359.18,2300000.0,6.630116609442564e+19,8324741.607051246,4.2782630771398544e-09,0,0,1,0.0,0.0,0
258,196200000.0,1,0.0,6064578.8911518045,11564000000,34.63163185346787,378.0,1,1.33726096e+20,6044632.911421703,12057491008339.893,2300000.0,6.686425374910083e+19,8324741.607051246,4.2782630771398544e-09,0,0,1,0.0,0.0,0
259,196200000.0,1,0.0,6096777.87178525,11612800000,34.721868547217305,379.0,1,1.3485712384e+20,5838468.49573787,11693369648488.041,2300000.0,6.742973125696485e+19,8324741.607051246,4.2782630771398544e-09,0,0,1,0.0,0.0,0
260,196200000.0,1,0.0,6127998.244392048,11661600000,34.81213690409941,380.0,1,1.3599291456e+20,5744044.084465121,11386907102255.305,2300000.0,6.7997595970710225e+19,8277781.589406911,2.663000486791134e-09,0,0,1,0.0,0.0,0
261,196200000.0,1,0.0,6159218.351817306,11710400000,34.90241393900729,381.0,1,1.3713346816e+20,5649619.673192372,11091103450937.809,2300000.0,6.85678431903451e+19,8277781.589406911,2.663000486791134e-09,0,0,1,0.0,0.0,0
262,196200000.0,1,0.0,6190438.202900418,11759200000,34.99269947341747,382.0,1,1.3827878464e+20,5555195.261919621,10805958694535.555,2300000.0,6.914047291586945e+19,8277781.589406911,2.663000486791134e-09,0,0,1,0.0,0.0,0
263,196200000.0,1,0.0,6221657.806186114,11808000000,35.082993333736006,383.0,1,1.39428864e+20,5460770.850646872,10531472833048.541,2300000.0,6.971548514728331e+19,8277781.589406911,2.663000486791134e-09,0,0,1,0.0,0.0,0
264,196200000.0,1,0.0,6252877.169934312,11856800000,35.17329535112798,384.0,1,1.4058370624e+20,5366346.439374123,10267645866476.77,2300000.0,7.029287988458665e+19,8277781.589406911,2.663000486791134e-09,0,0,1,0.0,0.0,0
265,196200000.0,1,0.0,6284096.302129594,11905600000,35.26360536135399,385.0,1,1.4174331136e+20,5271922.028101373,10014477794820.238,2300000.0,7.087265712777948e+19,8277781.589406911,2.663000486791134e-09,0,0,1,0.0,0.0,0
266,196200000.0,1,0.0,6311358.914125137,11954400000,35.35392320461335,386.0,1,1.4290767936e+20,5177497.616828624,9771968618078.95,2300000.0,7.145481687686181e+19,8277781.589406911,2.663000486791134e-09,0,0,1,0.0,0.0,0
267,196200000.0,1,0.0,6337742.627030788,12003200000,35.4442487253939,387.0,1,1.4407681024e+20,5083073.205555874,9540118336252.9,2300000.0,7.203935913183362e+19,8329663.09551639,6.548361852765083e-10,0,0,1,0.0,0.0,0
268,196200000.0,1,0.0,6364946.933751319,12052000000,35.53458177232765,388.0,1,1.45250704e+20,4988648.794283125,9318926949342.094,2300000.0,7.262628389269493e+19,8388760.909772072,2.750311978161335e-09,0,0,1,0.0,0.0,0
269,196200000.0,1,0.0,6391977.158487674,12100800000,35.62492568592166,389.0,1,1.4642936064e+20,4896310.941291955,9111824872578.14,2300000.0,7.321559150248726e+19,8380414.676645751,4.351022653281689e-09,0,0,1,0.0,0.0,0
270,196200000.0,1,0.0,6419007.187774796,12149600000,35.71527674598985,390.0,1,1.4761278016e+20,4803973.088300785,8914822132986.537,2300000.0,7.38072815622133e+19,8380414.676645751,4.816683940589428e-09,0,0,1,0.0,0.0,0
271,196200000.0,1,0.0,6446037.028127655,12198400000,35.80563481531757,391.0,1,1.4880096256e+20,4711635.235309616,8727918730567.284,2300000.0,7.440135407187306e+19,8380414.676645556,5.005858838558197e-09,0,0,1,0.0,0.0,0
272,196200000.0,1,0.0,6473066.6858440675,12247200000,35.895999760228264,392.0,1,1.4999390784e+20,4619297.382318446,8551114665320.383,2300000.0,7.499780903146653e+19,8380414.676645556,5.005858838558197e-09,0,0,1,0.0,0.0,0
273,196200000.0,1,0.0,6499265.5343710845,12296000000,35.98646085030605,393.0,1,1.51191616e+20,4534435.223094704,8409403053534.274,2300000.0,7.559664894030535e+19,8350511.901575863,4.089088179171085e-09,0,0,1,0.0,0.0,0
274,196200000.0,1,0.0,6525464.212234487,12344800000,36.076926504455805,394.0,1,1.5239408704e+20,4449573.063870962,8277114970776.143,2300000.0,7.619787123149708e+19,8350511.901575863,4.554749466478825e-09,0,0,1,0.0,0.0,0
275,196200000.0,1,0.0,6550022.761801939,12393600000,36.16739665221245,395.0,1,1.5360132096e+20,4364710.90464722,8154250417045.987,2300000.0,7.680147590504171e+19,8350511.901575863,4.554749466478825e-09,0,0,1,0.0,0.0,0
276,196200000.0,1,0.0,6570666.634892107,12442400000,36.25787111192499,396.0,1,1.5481331776e+20,4279839.068328116,8040778062337.038,2300000.0,7.740746295780624e+19,8350550.6099573085,5.296897143125534e-09,0,0,1,0.0,0.0,0
277,196200000.0,1,0.0,6591310.353822463,12491200000,36.34834993080705,397.0,1,1.5603007744e+20,4194967.232009012,7936729966973.803,2300000.0,7.80158323929967e+19,8350550.6099573085,4.831235855817795e-09,0,0,1,0.0,0.0,0
278,196200000.0,1,0.0,6610933.035529493,12540000000,36.43883304262955,398.0,1,1.572516e+20,4110095.3956899084,7842106130956.278,2300000.0,7.86265842106131e+19,8277046.65940074,5.180481821298599e-09,0,0,1,0.0,0.0,0
279,196200000.0,1,0.0,6630555.573182743,12588800000,36.52932038251798,399.0,1,1.5847788544e+20,4025223.559370805,7756906554284.468,2300000.0,7.923971841065543e+19,8277046.65940074,5.180481821298599e-09,0,0,1,0.0,0.0,0
280,196200000.0,1,0.0,6650177.971584008,12637600000,36.619811886917574,400.0,1,1.5970893376e+20,3940351.7230517017,7681131236958.369,2300000.0,7.985523499312369e+19,8277046.65940074,5.6461431086063385e-09,0,0,1,0.0,0.0,0
281,196200000.0,1,0.0,6669800.235375015,12686400000,36.71030749355943,401.0,1,1.6094474496e+20,3855479.886732598,7614780178977.983,2300000.0,8.04731339580179e+19,8277046.65940074,5.6461431086063385e-09,0,0,1,0.0,0.0,0
282,196200000.0,1,0.0,6689422.369042778,12735200000,36.80080714142775,402.0,1,1.6218531904e+20,3805534.3029071307,7556633537230.061,2300000.0,8.109341518335372e+19,8277046.65940074,5.180481821298599e-09,0,0,1,0.0,0.0,0
283,196200000.0,1,0.0,6712078.23483667,12784000000,36.89125943375654,403.0,1,1.63430656e+20,3786662.2911805958,7500164768018.338,2300000.0,8.17160780164768e+19,8427706.423765229,6.51925802230835e-09,0,0,1,0.0,0.0,0
284,196200000.0,1,0.0,6734733.979037616,12832800000,36.98171677408648,404.0,1,1.6468075584e+20,3767790.279454061,7444408304459.829,2300000.0,8.234112236083044e+19,8427706.423765229,4.6566128730773926e-09,0,0,1,0.0,0.0,0
285,196200000.0,1,0.0,6757389.605698718,12881600000,37.07217907703526,405.0,1,1.6593561856e+20,3748918.2677275254,7389364146554.533,2300000.0,8.296854821641465e+19,8427706.423765229,4.190951585769653e-09,0,0,1,0.0,0.0,0
286,196200000.0,1,0.0,6780045.118737966,12930400000,37.162646259179695,406.0,1,1.6719524416e+20,3730046.25600099,7335032294302.45,2300000.0,8.359835558322943e+19,8427706.423765229,4.190951585769653e-09,0,0,1,0.0,0.0,0
287,196200000.0,1,0.0,6802700.52194276,12979200000,37.25311823899884,407.0,1,1.6845963264e+20,3711174.244274455,7281412747703.58,2300000.0,8.423054446127478e+19,8427706.423765229,4.190951585769653e-09,0,0,1,0.0,0.0,0
288,196200000.0,1,0.0,6825355.818974244,13028000000,37.343594936818995,408.0,1,1.69728784e+20,3692302.23254792,7228505506757.922,2300000.0,8.486511485055068e+19,8427706.423765229,4.6566128730773926e-09,0,0,1,0.0,0.0,0
289,196200000.0,1,0.0,6848011.013371535,13076800000,37.434076274760706,409.0,1,1.7100269824e+20,3673430.220821385,7176310571465.478,2300000.0,8.550206675105715e+19,8427706.423765229,4.6566128730773926e-09,0,0,1,0.0,0.0,0
290,196200000.0,1,0.0,6870666.108555765,13125600000,37.524562176687496,410.0,1,1.7228137536e+20,3654558.2090948494,7124827941826.246,2300000.0,8.614140016279418e+19,8427706.423765229,4.190951585769653e-09,0,0,1,0.0,0.0,0
291,196200000.0,1,0.0,6895200.8908664035,13174400000,37.61500652921832,411.0,1,1.7356481536e+20,3635686.1973683145,7074057617840.229,2300000.0,8.678311508576179e+19,8495378.612930333,4.6566128730773926e-09,0,0,1,0.0,0.0,0
292,196200000.0,1,0.0,6919735.580467953,13223200000,37.70545662960739,412.0,1,1.7485301824e+20,3616814.1856417796,7023999599507.422,2300000.0,8.742721151995996e+19,8495378.612930333,4.6566128730773926e-09,0,0,1,0.0,0.0,0
293,196200000.0,1,0.0,6944270.180449188,13272000000,37.795912363398436,413.0,1,1.76145984e+20,3597942.173915244,6974653886827.83,2300000.0,8.807368946538868e+19,8495378.612820271,3.2014213502407074e-09,0,0,1,0.0,0.0,0
294,196200000.0,1,0.0,6968804.693798926,13320800000,37.88637361935487,414.0,1,1.7744371264e+20,3579070.162188709,6926020479801.45,2300000.0,8.872254892204799e+19,8495378.612820271,6.28642737865448e-09,0,0,1,0.0,0.0,0
295,196200000.0,1,0.0,6993339.123404887,13369600000,37.9768402893418,415.0,1,1.7874620416e+20,3560198.150462174,6878099378428.283,2300000.0,8.937378988993785e+19,8495378.612820271,7.472408469766378e-09,0,0,1,0.0,0.0,0
296,196200000.0,1,0.0,7017873.472058528,13418400000,38.06731226821342,416.0,1,1.8005345856e+20,3541326.138735639,6830890582708.33,2300000.0,9.002741236905827e+19,8495378.612820271,7.006747182458639e-09,0,0,1,0.0,0.0,0
297,196200000.0,1,0.0,7042407.809122716,13467200000,38.15778944793612,417.0,1,1.8136547584e+20,3522453.527029028,6784392625745.71,2300000.0,9.068341635926257e+19,8495381.012740575,6.322807166725397e-09,0,0,1,0.0,0.0,0
298,196200000.0,1,0.0,7066942.07054146,13516000000,38.24827173489292,418.0,1,1.82682256e+20,3503580.9153224174,6738607019728.348,2300000.0,9.134180186070198e+19,8495381.012740575,6.788468454033136e-09,0,0,1,0.0,0.0,0
299,196200000.0,1,0.0,7091475.920174735,13564800000,38.33875903227648,419.0,1,1.8400379904e+20,3484708.3036158066,6693533764656.242,2300000.0,9.200256887337646e+19,8495356.629109835,6.453774403780699e-09,0,0,1,0.0,0.0,0
300,196200000.0,1,0.0,7116009.699121544,13613600000,38.429251245865785,420.0,1,1.8533010496e+20,3465835.691909196,6649172860529.393,2300000.0,9.266571739728606e+19,8495356.629109835,5.9881131164729595e-09,0,0,1,0.0,0.0,0
301,196200000.0,1,0.0,7140541.296091869,13662400000,38.42883919302713,420.0,1,1.8666117376e+20,3446963.080202585,6605524307347.801,2300000.0,9.333124743243073e+19,8495204.446580913,5.427864380180836e-09,0,0,1,0.0,0.0,0
302,196200000.0,1,0.0,7165072.827009617,13711200000,38.42843187535521,420.0,1,1.8799700544e+20,3428090.4684959743,6562588105111.467,2300000.0,9.399915897881051e+19,8495204.446580913,4.9622030928730965e-09,0,0,1,0.0,0.0,0
303,196200000.0,1,0.0,7186838.246218531,13760000000,38.428123005335316,420.0,1,1.893376e+20,3409217.8567893635,6520364253820.389,2300000.0,9.466945203642538e+19,8460662.685083367,4.496541805565357e-09,0,0,1,0.0,0.0,0
304,196200000.0,1,0.0,7208326.156921348,13808800000,38.42782946568772,420.0,1,1.9068295744e+20,3390345.245082753,6478852753474.567,2300000.0,9.534212660527535e+19,8460664.189520916,6.097252480685711e-09,0,0,1,0.0,0.0,0
305,196200000.0,1,0.0,7229838.35597206,13857600000,38.42753875350496,420.0,1,1.9203307776e+20,3371472.633376142,6438053604074.004,2300000.0,9.60171826853604e+19,8460664.189520916,6.097252480685711e-09,0,0,1,0.0,0.0,0
306,196200000.0,1,0.0,7251374.0337590715,13906400000,38.42725082246724,420.0,1,1.9338796096e+20,3352600.0216695312,6397966805618.697,2300000.0,9.669462027668056e+19,8460664.189520916,5.631591193377972e-09,0,0,1,0.0,0.0,0
307,196200000.0,1,0.0,7272932.4076578375,13955200000,38.42696562771167,420.0,1,1.9474760704e+20,3333727.4099629205,6358592358108.647,2300000.0,9.737443937923582e+19,8460664.189520916,6.097252480685711e-09,0,0,1,0.0,0.0,0
308,196200000.0,1,0.0,7295561.929641274,14004000000,38.42668312576108,420.0,1,1.96112016e+20,3314854.7982563097,6319930261543.8545,2300000.0,9.805663999302615e+19,8536207.202238917,6.497430149465799e-09,0,0,1,0.0,0.0,0
309,196200000.0,1,0.0,7318212.65988025,14052800000,38.42640327445686,420.0,1,1.9748118784e+20,3295982.186549699,6281980515924.318,2300000.0,9.87412221180516e+19,8536207.202238917,6.03176886215806e-09,0,0,1,0.0,0.0,0
310,196200000.0,1,0.0,7340883.891432914,14101600000,38.426126032895304,420.0,1,1.9885512256e+20,3277109.574843088,6244743121250.04,2300000.0,9.942818575431213e+19,8536207.202238917,6.497430149465799e-09,0,0,1,0.0,0.0,0
311,196200000.0,1,0.0,7363574.940922145,14150400000,38.42585136136738,420.0,1,2.0023382016e+20,3258236.9631364774,6208218077521.019,2300000.0,1.0011753090180776e+20,8536207.202238917,6.497430149465799e-09,0,0,1,0.0,0.0,0
312,196200000.0,1,0.0,7386282.981148927,14199200000,38.42557922130191,420.0,1,2.0161728064e+20,3239364.3514298666,6172405384737.254,2300000.0,1.0080925756053848e+20,8536051.206957597,6.468326319009066e-09,0,0,1,0.0,0.0,0
313,196200000.0,1,0.0,7409160.538894937,14248000000,38.425309575211735,420.0,1,2.03005504e+20,3220491.739723256,6137305042898.746,2300000.0,1.015033657305043e+20,8546923.117569778,5.333276931196451e-09,0,0,1,0.0,0.0,0
314,196200000.0,1,0.0,7432055.998109647,14296800000,38.42504238664288,420.0,1,2.0439849024e+20,3201619.128016645,6102917052005.495,2300000.0,1.021998554117052e+20,8546923.117569778,5.333276931196451e-09,0,0,1,0.0,0.0,0
315,196200000.0,1,0.0,7454825.235841766,14345600000,38.424777620126484,420.0,1,2.0579623936e+20,3182746.5163100343,6069241412057.501,2300000.0,1.028987266041412e+20,8536589.228601584,7.443304639309645e-09,0,0,1,0.0,0.0,0
316,196200000.0,1,0.0,7477653.704637506,14394400000,38.424515241133385,420.0,1,2.0719875136e+20,3163873.9046034236,6036278123054.765,2300000.0,1.035999793078123e+20,8539649.454368286,7.516064215451479e-09,0,0,1,0.0,0.0,0
317,196200000.0,1,0.0,7500498.3437636215,14443200000,38.424255216031185,420.0,1,2.0860602624e+20,3145001.292896813,6004027184997.285,2300000.0,1.043036135227185e+20,8539649.454368286,7.516064215451479e-09,0,0,1,0.0,0.0,0
318,196200000.0,1,0.0,7523358.614209101,14492000000,38.42399751204368,420.0,1,2.10018064e+20,3126128.681190202,5972488597885.0625,2300000.0,1.0500962924885978e+20,8539649.454368286,7.516064215451479e-09,0,0,1,0.0,0.0,0
319,196200000.0,1,0.0,7546233.994929965,14540800000,38.42374209721257,420.0,1,2.1143486464e+20,3107256.0694835912,5941662361718.097,2300000.0,1.0571802648623617e+20,8539649.454368286,7.516064215451479e-09,0,0,1,0.0,0.0,0
320,196200000.0,1,0.0,7569123.9822503645,14589600000,38.42348894036122,420.0,1,2.1285642816e+20,3088383.4577769805,5911548476496.388,2300000.0,1.0642880523484765e+20,8539649.454368286,7.05040292814374e-09,0,0,1,0.0,0.0,0
321,196200000.0,1,0.0,7592028.089283652,14638400000,38.42323801106045,420.0,1,2.1428275456e+20,3069510.8460703697,5882146942219.936,2300000.0,1.0714196549469422e+20,8539649.454368286,7.516064215451479e-09,0,0,1,0.0,0.0,0
322,196200000.0,1,0.0,7615557.781415325,14687200000,38.42298899107316,420.0,1,2.1571384384e+20,3050638.234363759,5853457758888.741,2300000.0,1.078575072657759e+20,8583557.090492968,4.867615643888712e-09,0,0,1,0.0,0.0,0
323,196200000.0,1,0.0,7639100.671682096,14736000000,38.42274213934595,420.0,1,2.17149696e+20,3031765.622657148,5825480926502.804,2300000.0,1.0857543054809265e+20,8583557.090492968,4.867615643888712e-09,0,0,1,0.0,0.0,0
324,196200000.0,1,0.0,7662656.32014613,14784800000,38.422497427523616,420.0,1,2.1859031104e+20,3012893.0109505374,5798216445062.123,2300000.0,1.0929573534164451e+20,8583557.090492968,4.867615643888712e-09,0,0,1,0.0,0.0,0
325,196200000.0,1,0.0,7686224.300231133,14833600000,38.42225482787884,420.0,1,2.2003568896e+20,2994020.3992439266,5771664314566.699,2300000.0,1.1001842164643145e+20,8583556.996673355,6.03176886215806e-09,0,0,1,0.0,0.0,0
326,196200000.0,1,0.0,7710517.189286573,14882400000,38.42197392775459,420.0,1,2.2148582976e+20,2975147.787537316,5745824535016.532,2300000.0,1.107434894624535e+20,8613614.980427817,7.159542292356491e-09,0,0,1,0.0,0.0,0
327,196200000.0,1,0.0,7734821.617160188,14931200000,38.42169521188126,420.0,1,2.2294073344e+20,2956275.175830705,5720697106411.623,2300000.0,1.1147093878971064e+20,8613616.016208295,6.570189725607634e-09,0,0,1,0.0,0.0,0
328,196200000.0,1,0.0,7759137.185318392,14980000000,38.421418653684256,420.0,1,2.244004e+20,2937402.5641240943,5696282028751.97,2300000.0,1.1220076962820288e+20,8613616.016208295,6.570189725607634e-09,0,0,1,0.0,0.0,0
329,196200000.0,1,0.0,7783211.101618077,15028800000,38.421155607276745,420.0,1,2.2586482944e+20,2918529.9524174836,5672579302037.574,2300000.0,1.129329819779302e+20,8601499.81779437,5.638867150992155e-09,0,0,1,0.0,0.0,0
330,196200000.0,1,0.0,7807295.427894805,15077600000,38.420894606880324,420.0,1,2.2733402176e+20,2899657.340710873,5649588926268.436,2300000.0,1.1366757583889262e+20,8601499.81779437,6.599293556064367e-09,0,0,1,0.0,0.0,0
331,196200000.0,1,0.0,7831389.817149343,15126400000,38.420635627829796,420.0,1,2.2880797696e+20,2880784.729004262,5627310901444.554,2300000.0,1.1440455121109015e+20,8601499.81779437,6.599293556064367e-09,0,0,1,0.0,0.0,0
332,196200000.0,1,0.0,7855648.071978693,15175200000,38.420378645935685,420.0,1,2.3028669504e+20,2861912.1172976512,5605745227565.929,2300000.0,1.1514390809452275e+20,8612597.755925281,7.450580596923828e-09,0,0,1,0.0,0.0,0
333,196200000.0,1,0.0,7879915.730101749,15224000000,38.42012363746692,420.0,1,2.31770176e+20,2843039.5055910405,5584891904632.562,2300000.0,1.1588564648919047e+20,8612597.755925281,7.916241884231567e-09,0,0,1,0.0,0.0,0
334,196200000.0,1,0.0,7904085.037537252,15272800000,38.41987057913435,420.0,1,2.3325841984e+20,2824166.8938844297,5564750932644.451,2300000.0,1.1662976639509327e+20,8604862.03717914,7.676135282963514e-09,0,0,1,0.0,0.0,0
335,196200000.0,1,0.0,7928263.131828321,15321600000,38.41961944807519,420.0,1,2.3475142656e+20,2805294.282177819,5545322311601.597,2300000.0,1.1737626781223117e+20,8604862.03717914,7.210473995655775e-09,0,0,1,0.0,0.0,0
336,196200000.0,1,0.0,7953801.344274668,15370400000,38.419352770004856,420.0,1,2.3624919616e+20,2786421.670471208,5526606041504.0,2300000.0,1.1812515074060416e+20,8653520.667690942,4.547473508864641e-09,0,0,1,0.0,0.0,0
337,196200000.0,1,0.0,7980468.681489039,15419200000,38.419038851124576,420.0,1,2.3775172864e+20,2767549.0587645974,5508602122351.661,2300000.0,1.1887641518021224e+20,8707324.536794519,5.464244168251753e-09,0,0,1,0.0,0.0,0
338,196200000.0,1,0.0,8006910.838197445,15468000000,38.41872764160497,420.0,1,2.39259024e+20,2748676.4470579866,5491310554144.578,2300000.0,1.1963006113105542e+20,8690540.06671075,6.344635039567947e-09,0,0,1,0.0,0.0,0
339,196200000.0,1,0.0,8033360.667468806,15516800000,38.41841910326912,420.0,1,2.4077108224e+20,2729803.835351376,5474731336882.752,2300000.0,1.2038608859313368e+20,8690540.06671075,6.344635039567947e-09,0,0,1,0.0,0.0,0
340,196200000.0,1,0.0,8058127.518769749,15565600000,38.418196071188305,420.0,1,2.4228790336e+20,2710931.223644765,5458864470566.184,2300000.0,1.2114449756644706e+20,8690540.06671075,6.344635039567947e-09,0,0,1,0.0,0.0,0
341,196200000.0,1,0.0,8082359.602983771,15614400000,38.418000880188046,420.0,1,2.4380948736e+20,2692058.6119381543,5443709955194.872,2300000.0,1.2190528805099551e+20,8690540.06671075,6.344635039567947e-09,0,0,1,0.0,0.0,0
342,196200000.0,1,0.0,8106598.614242684,15663200000,38.41780677143545,420.0,1,2.4533583424e+20,2673186.0002315436,5429267790768.817,2300000.0,1.2266846004677907e+20,8690540.06671075,6.344635039567947e-09,0,0,1,0.0,0.0,0
343,196200000.0,1,0.0,8130844.321644987,15712000000,38.41761374014666,420.0,1,2.46866944e+20,2654313.388524933,5415537977288.02,2300000.0,1.2343401355379773e+20,8690540.06671075,6.344635039567947e-09,0,0,1,0.0,0.0,0
344,196200000.0,1,0.0,8155096.501985901,15760800000,38.41742178146477,420.0,1,2.4840281664e+20,2635440.776818322,5402520514752.4795,2300000.0,1.2420194857205147e+20,8690540.06671075,6.344635039567947e-09,0,0,1,0.0,0.0,0
345,196200000.0,1,0.0,8179354.939500807,15809600000,38.41723089046257,420.0,1,2.4994345216e+20,2616568.1651117112,5390215403162.195,2300000.0,1.2497226510154031e+20,8690540.06671075,6.344635039567947e-09,0,0,1,0.0,0.0,0
346,196200000.0,1,0.0,8204064.804645911,15858400000,38.41702243645358,420.0,1,2.5148885056e+20,2597695.5534051005,5378622642517.169,2300000.0,1.2574496314226426e+20,8711918.260087071,4.5693013817071915e-09,0,0,1,0.0,0.0,0
347,196200000.0,1,0.0,8226656.261988391,15907200000,38.41681528446845,420.0,1,2.5303901184e+20,2578822.9416984897,5367742232817.399,2300000.0,1.2652004269422328e+20,8593739.795160681,5.77711034566164e-09,0,0,1,0.0,0.0,0
348,196200000.0,1,0.0,8249253.371412963,15956000000,38.416609425775306,420.0,1,2.54593936e+20,2559950.3299918785,5357574174062.887,2300000.0,1.272975037574174e+20,8593739.795160681,5.77711034566164e-09,0,0,1,0.0,0.0,0
349,196200000.0,1,0.0,8271855.944516891,16004800000,38.41640485164659,420.0,1,2.5615362304e+20,2541077.7182852677,5348118466253.631,2300000.0,1.2807734633184662e+20,8593739.795160681,5.77711034566164e-09,0,0,1,0.0,0.0,0
350,196200000.0,1,0.0,8294463.799177529,16053600000,38.41620155336056,420.0,1,2.5771807296e+20,2522205.106578657,5339375109389.633,2300000.0,1.2885957041751094e+20,8593739.795160681,5.77711034566164e-09,0,0,1,0.0,0.0,0
351,196200000.0,1,0.0,8317076.759342987,16102400000,38.41599952220286,420.0,1,2.5928728576e+20,2503332.494872046,5331344103470.891,2300000.0,1.2964417601441035e+20,8593739.795160681,5.77711034566164e-09,0,0,1,0.0,0.0,0
352,196200000.0,1,0.0,8339263.865744455,16151200000,38.415798749468124,420.0,1,2.6086126144e+20,2484459.8831654354,5324025448497.406,2300000.0,1.3043116312254485e+20,8562722.981018072,3.5070115700364113e-09,0,0,1,0.0,0.0,0
353,196200000.0,1,0.0,8364068.570301978,16200000000,38.41546975363219,420.0,1,2.6244e+20,2444701.6754354914,5310938574873.838,2300000.0,1.3122053109385748e+20,8667304.165796489,3.6088749766349792e-09,0,0,1,0.0,0.0,0
354,196200000.0,1,0.0,8388761.022621479,16248800000,38.41514972180923,420.0,1,2.6402350144e+20,2405140.1724163177,5301054455855.733,2300000.0,1.3201228082544558e+20,8661956.965706628,6.199115887284279e-09,0,0,1,0.0,0.0,0
355,196200000.0,1,0.0,8413457.932998456,16297600000,38.41483354456343,420.0,1,2.6561176576e+20,2365578.669397144,5294300561879.9,2300000.0,1.3280641231005619e+20,8661956.965706628,6.199115887284279e-09,0,0,1,0.0,0.0,0
356,196200000.0,1,0.0,8438159.152830996,16346400000,38.414521147850586,420.0,1,2.6720479296e+20,2326017.166377971,5290676892946.339,2300000.0,1.336029255476893e+20,8661956.965706628,6.199115887284279e-09,0,0,1,0.0,0.0,0
357,196200000.0,1,0.0,8462864.53847057,16395200000,38.41421245962693,420.0,1,2.6880258304e+20,2300000.0,5290000000000.0,2300000.0,1.3440182052e+20,8661956.965706628,6.199115887284279e-09,0,0,1,0.0,0.0,0
358,196200000.0,1,0.0,8487572.875824131,16444000000,38.413907465407725,420.0,1,2.70405136e+20,2300000.0,5290000000000.0,2300000.0,1.35203097e+20,8661918.257325182,6.00994098931551e-09,0,0,1,0.0,0.0,0
359,196200000.0,1,0.0,8512285.10589294,16492800000,38.41360603976371,420.0,1,2.7201245184e+20,2300000.0,5290000000000.0,2300000.0,1.3600675492e+20,8661918.257325182,6.00994098931551e-09,0,0,1,0.0,0.0,0
360,196200000.0,1,0.0,8535945.201932808,16541600000,38.41330811628954,420.0,1,2.7362453056e+20,2300000.0,5290000000000.0,2300000.0,1.3681279428e+20,8585893.674259983,6.2173057813197374e-09,0,0,1,0.0,0.0,0
361,196200000.0,1,0.0,8559608.935498802,16590400000,38.41301363031417,420.0,1,2.7524137216e+20,2300000.0,5290000000000.0,2300000.0,1.3762121508e+20,8585893.674259983,6.2173057813197374e-09,0,0,1,0.0,0.0,0
362,196200000.0,1,0.0,8583276.185340064,16639200000,38.41272251884167,420.0,1,2.7686297664e+20,2300000.0,5290000000000.0,2300000.0,1.3843201732e+20,8585893.674259983,6.2173057813197374e-09,0,0,1,0.0,0.0,0
363,196200000.0,1,0.0,8606946.83424741,16688000000,38.41243472049465,420.0,1,2.78489344e+20,2300000.0,5290000000000.0,2300000.0,1.39245201e+20,8585893.674259983,6.2173057813197374e-09,0,0,1,0.0,0.0,0
364,196200000.0,1,0.0,8630620.768918643,16736800000,38.412150175459914,420.0,1,2.8012047424e+20,2300000.0,5290000000000.0,2300000.0,1.4006076612e+20,8585893.674259983,6.2173057813197374e-09,0,0,1,0.0,0.0,0
365,196200000.0,1,0.0,8654297.879828306,16785600000,38.4118688254364,420.0,1,2.8175636736e+20,2300000.0,5290000000000.0,2300000.0,1.4087871268e+20,8585893.674259983,6.2173057813197374e-09,0,0,1,0.0,0.0,0
366,196200000.0,1,0.0,8677978.06110177,16834400000,38.41159061358529,420.0,1,2.8339702336e+20,2300000.0,5290000000000.0,2300000.0,1.4169904068e+20,8585893.674259983,7.3814589995890856e-09,0,0,1,0.0,0.0,0
367,196200000.0,1,0.0,8702059.302113293,16883200000,38.41131548448212,420.0,1,2.8504244224e+20,2300000.0,5290000000000.0,2300000.0,1.4252175012e+20,8614556.278079314,9.858922567218542e-09,0,0,1,0.0,0.0,0
368,196200000.0,1,0.0,8727632.947126769,16932000000,38.41104338407078,420.0,1,2.86692624e+20,2300000.0,5290000000000.0,2300000.0,1.43346841e+20,8686053.954107447,8.782080840319395e-09,0,0,1,0.0,0.0,0
369,196200000.0,1,0.0,8753209.365588497,16980800000,38.410774259619515,420.0,1,2.8834756864e+20,2300000.0,5290000000000.0,2300000.0,1.4417431332e+20,8686053.954107447,8.782080840319395e-09,0,0,1,0.0,0.0,0
370,196200000.0,1,0.0,8777537.320884373,17029600000,38.41055253415155,420.0,1,2.9000727616e+20,2300000.0,5290000000000.0,2300000.0,1.4500416708e+20,8625999.034147054,9.45146894082427e-09,0,0,1,0.0,0.0,0
371,196200000.0,1,0.0,8801867.86781356,17078400000,38.41033327954947,420.0,1,2.9167174656e+20,2300000.0,5290000000000.0,2300000.0,1.4583640228e+20,8625999.034147054,9.45146894082427e-09,0,0,1,0.0,0.0,0
372,196200000.0,1,0.0,8826188.03282573,17127200000,38.410116451153584,420.0,1,2.9334097984e+20,2300000.0,5290000000000.0,2300000.0,1.4667101892e+20,8625071.15844339,8.200004231184721e-09,0,0,1,0.0,0.0,0
373,196200000.0,1,0.0,8850510.619575256,17176000000,38.40990200541079,420.0,1,2.95014976e+20,2300000.0,5290000000000.0,2300000.0,1.47508017e+20,8625071.15844339,8.200004231184721e-09,0,0,1,0.0,0.0,0
374,196200000.0,1,0.0,8874835.52644259,17224800000,38.40968989983938,420.0,1,2.9669373504e+20,2300000.0,5290000000000.0,2300000.0,1.4834739652e+20,8625069.654005839,7.83620635047555e-09,0,0,1,0.0,0.0,0
375,196200000.0,1,0.0,8899162.696288945,17273600000,38.409480092995246,420.0,1,2.9837725696e+20,2300000.0,5290000000000.0,2300000.0,1.4918915748e+20,8625069.654005839,7.83620635047555e-09,0,0,1,0.0,0.0,0
376,196200000.0,1,0.0,8922466.763640715,17322400000,38.40931439952909,420.0,1,3.0006554176e+20,2300000.0,5290000000000.0,2300000.0,1.5003329988e+20,8588159.212531168,6.0899765230715275e-09,0,0,1,0.0,0.0,0
377,196200000.0,1,0.0,8945772.94562065,17371200000,38.409150008724,420.0,1,3.0175858944e+20,2300000.0,5290000000000.0,2300000.0,1.5087982372e+20,8588159.212531168,6.0899765230715275e-09,0,0,1,0.0,0.0,0
378,196200000.0,1,0.0,8969081.171741152,17420000000,38.40898690462191,420.0,1,3.034564e+20,2300000.0,5290000000000.0,2300000.0,1.51728729e+20,8588159.212531168,6.0899765230715275e-09,0,0,1,0.0,0.0,0
379,196200000.0,1,0.0,8993072.814523717,17468800000,38.408798022786705,420.0,1,3.0515897344e+20,2300000.0,5290000000000.0,2300000.0,1.5258001572e+20,8612691.076273773,6.526533979922533e-09,0,0,1,0.0,0.0,0
380,196200000.0,1,0.0,9017066.367442077,17517600000,38.408610954774666,420.0,1,3.0686630976e+20,2300000.0,5290000000000.0,2300000.0,1.5343368388e+20,8612691.076273773,6.526533979922533e-09,0,0,1,0.0,0.0,0
381,196200000.0,1,0.0,9041061.766825031,17566400000,38.408425672449845,420.0,1,3.0857840896e+20,2300000.0,5290000000000.0,2300000.0,1.5428973348e+20,8612691.076273773,6.526533979922533e-09,0,0,1,0.0,0.0,0
382,196200000.0,1,0.0,9064893.465669945,17615200000,38.408242148271306,420.0,1,3.1029527104e+20,2300000.0,5290000000000.0,2300000.0,1.5514816452e+20,8600776.123598557,6.959453457966447e-09,0,0,1,0.0,0.0,0
383,196200000.0,1,0.0,9088726.88993345,17664000000,38.40806035527687,420.0,1,3.12016896e+20,2300000.0,5290000000000.0,2300000.0,1.56008977e+20,8600776.123598557,6.959453457966447e-09,0,0,1,0.0,0.0,0
384,196200000.0,1,0.0,9111623.25382293,17712800000,38.40791254345556,420.0,1,3.1374328384e+20,2300000.0,5290000000000.0,2300000.0,1.5687217092e+20,8555717.166223217,3.6416167858988047e-09,0,0,1,0.0,0.0,0
385,196200000.0,1,0.0,9134521.230020227,17761600000,38.40776633457347,420.0,1,3.1547443456e+20,2300000.0,5290000000000.0,2300000.0,1.5773774628e+20,8555717.166223217,3.6416167858988047e-09,0,0,1,0.0,0.0,0
386,196200000.0,1,0.0,9157420.764781743,17810400000,38.407621703610346,420.0,1,3.1721034816e+20,2300000.0,5290000000000.0,2300000.0,1.5860570308e+20,8555717.166223217,3.6416167858988047e-09,0,0,1,0.0,0.0,0
387,196200000.0,1,0.0,9180321.806155343,17859200000,38.40747862606365,420.0,1,3.1895102464e+20,2300000.0,5290000000000.0,2300000.0,1.5947604132e+20,8555717.166223217,3.6416167858988047e-09,0,0,1,0.0,0.0,0
388,196200000.0,1,0.0,9203224.303920612,17908000000,38.40733707793494,420.0,1,3.20696464e+20,2300000.0,5290000000000.0,2300000.0,1.60348761e+20,8555717.166223217,3.6416167858988047e-09,0,0,1,0.0,0.0,0
389,196200000.0,1,0.0,9226128.209531168,17956800000,38.40719703571664,420.0,1,3.2244666624e+20,2300000.0,5290000000000.0,2300000.0,1.6122386212e+20,8555717.166223217,3.6416167858988047e-09,0,0,1,0.0,0.0,0
390,196200000.0,1,0.0,9249033.476058843,18005600000,38.407058476379255,420.0,1,3.2420163136e+20,2300000.0,5290000000000.0,2300000.0,1.6210134468e+20,8555717.166223217,3.6416167858988047e-09,0,0,1,0.0,0.0,0
391,196200000.0,1,0.0,9271940.058139717,18054400000,38.40692137735903,420.0,1,3.2596135936e+20,2300000.0,5290000000000.0,2300000.0,1.6298120868e+20,8555717.166223217,3.6416167858988047e-09,0,0,1,0.0,0.0,0
392,196200000.0,1,0.0,9294847.911922026,18103200000,38.40678571654599,420.0,1,3.2772585024e+20,2300000.0,5290000000000.0,2300000.0,1.6386345412e+20,8555717.166223217,3.6416167858988047e-09,0,0,1,0.0,0.0,0
393,196200000.0,1,0.0,9317756.99503342,18152000000,38.40665147227235,420.0,1,3.29495104e+20,2300000.0,5290000000000.0,2300000.0,1.64748081e+20,8555717.16707267,5.853507900610566e-09,0,0,1,0.0,0.0,0
394,196200000.0,1,0.0,9340667.266479155,18200800000,38.406518623301274,420.0,1,3.3126912064e+20,2300000.0,5290000000000.0,2300000.0,1.6563508932e+20,8555717.16707267,5.853507900610566e-09,0,0,1,0.0,0.0,0
395,196200000.0,1,0.0,9363600.571137931,18249600000,38.406387148816066,420.0,1,3.3304790016e+20,2300000.0,5290000000000.0,2300000.0,1.6652447908e+20,8570981.09472662,8.385541150346398e-09,0,0,1,0.0,0.0,0
396,196200000.0,1,0.0,9386624.519446677,18298400000,38.40625412111249,420.0,1,3.3483144256e+20,2300000.0,5290000000000.0,2300000.0,1.6741625028e+20,8575278.689168736,8.094502845779061e-09,0,0,1,0.0,0.0,0
397,196200000.0,1,0.0,9409649.541173434,18347200000,38.40612242685367,420.0,1,3.3661974784e+20,2300000.0,5290000000000.0,2300000.0,1.6831040292e+20,8575278.689168736,8.094502845779061e-09,0,0,1,0.0,0.0,0
398,196200000.0,1,0.0,9432599.364002919,18396000000,38.405994678312304,420.0,1,3.38412816e+20,2300000.0,5290000000000.0,2300000.0,1.69206937e+20,8571619.335504409,5.707988748326898e-09,0,0,1,0.0,0.0,0
399,196200000.0,1,0.0,9456121.006311923,18444800000,38.40584998160841,420.0,1,3.4021064704e+20,2300000.0,5290000000000.0,2300000.0,1.7010585252e+20,8592168.726985294,6.639311322942376e-09,0,0,1,0.0,0.0,0
400,196200000.0,1,0.0,9479643.618235437,18493600000,38.40570695587716,420.0,1,3.4201324096e+20,2300000.0,5290000000000.0,2300000.0,1.7100714948e+20,8592168.726985294,6.639311322942376e-09,0,0,1,0.0,0.0,0
401,196200000.0,1,0.0,9503103.412749507,18542400000,38.40556777588396,420.0,1,3.4382059776e+20,2300000.0,5290000000000.0,2300000.0,1.7191082788e+20,8589108.50121859,6.639311322942376e-09,0,0,1,0.0,0.0,0
402,196200000.0,1,0.0,9526564.11331447,18591200000,38.40543021268981,420.0,1,3.4563271744e+20,2300000.0,5290000000000.0,2300000.0,1.7281688772e+20,8589108.50121859,6.639311322942376e-09,0,0,1,0.0,0.0,0
403,196200000.0,1,0.0,9551741.826301984,18640000000,38.405294239441254,420.0,1,3.474496e+20,2300000.0,5290000000000.0,2300000.0,1.73725329e+20,8671483.056739647,7.308699423447251e-09,0,0,1,0.0,0.0,0
404,196200000.0,1,0.0,9576504.225190781,18688800000,38.40517423688676,420.0,1,3.4927124544e+20,2300000.0,5290000000000.0,2300000.0,1.7463615172e+20,8651507.340598226,8.545612217858434e-09,0,0,1,0.0,0.0,0
405,196200000.0,1,0.0,9601267.442511987,18737600000,38.40505580216307,420.0,1,3.5109765376e+20,2300000.0,5290000000000.0,2300000.0,1.7554935588e+20,8651507.340598226,8.545612217858434e-09,0,0,1,0.0,0.0,0
406,196200000.0,1,0.0,9626031.450738596,18786400000,38.40493891024336,420.0,1,3.5292882496e+20,2300000.0,5290000000000.0,2300000.0,1.7646494148e+20,8651507.331744704,7.577909855172038e-09,0,0,1,0.0,0.0,0
407,196200000.0,1,0.0,9650796.223744832,18835200000,38.404823536630914,420.0,1,3.5476475904e+20,2300000.0,5290000000000.0,2300000.0,1.7738290852e+20,8651507.331744704,7.577909855172038e-09,0,0,1,0.0,0.0,0
408,196200000.0,1,0.0,9675810.681276612,18884000000,38.40470786409151,420.0,1,3.56605456e+20,2300000.0,5290000000000.0,2300000.0,1.78303257e+20,8668197.107478384,4.827597877010703e-09,0,0,1,0.0,0.0,0
409,196200000.0,1,0.0,9700825.853452465,18932800000,38.40459365674732,420.0,1,3.5845091584e+20,2300000.0,5290000000000.0,2300000.0,1.7922598692e+20,8668197.107478384,4.827597877010703e-09,0,0,1,0.0,0.0,0
410,196200000.0,1,0.0,9725841.716450918,18981600000,38.40448089163578,420.0,1,3.6030113856e+20,2300000.0,5290000000000.0,2300000.0,1.8015109828e+20,8668197.107478384,4.827597877010703e-09,0,0,1,0.0,0.0,0
411,196200000.0,1,0.0,9750857.936273756,19030400000,38.4043695462825,420.0,1,3.6215612416e+20,2300000.0,5290000000000.0,2300000.0,1.8107859108e+20,8668174.717581347,3.5324774216860533e-09,0,0,1,0.0,0.0,0
412,196200000.0,1,0.0,9775874.80163194,19079200000,38.40425959868835,420.0,1,3.6401587264e+20,2300000.0,5290000000000.0,2300000.0,1.8200846532e+20,8668174.717581347,3.5324774216860533e-09,0,0,1,0.0,0.0,0
413,196200000.0,1,0.0,9800892.291007625,19128000000,38.40415102731675,420.0,1,3.65880384e+20,2300000.0,5290000000000.0,2300000.0,1.82940721e+20,8668174.717581347,3.5324774216860533e-09,0,0,1,0.0,0.0,0
414,196200000.0,1,0.0,9825910.383600222,19176800000,38.404043811081664,420.0,1,3.6774965824e+20,2300000.0,5290000000000.0,2300000.0,1.8387535812e+20,8668174.717581347,3.5324774216860533e-09,0,0,1,0.0,0.0,0
415,196200000.0,1,0.0,9850929.0593025,19225600000,38.40393792933568,420.0,1,3.6962369536e+20,2300000.0,5290000000000.0,2300000.0,1.8481237668e+20,8668174.717581347,3.5324774216860533e-09,0,0,1,0.0,0.0,0
416,196200000.0,1,0.0,9875948.298677474,19274400000,38.40383336185874,420.0,1,3.7150249536e+20,2300000.0,5290000000000.0,2300000.0,1.8575177668e+20,8668174.717581347,3.5324774216860533e-09,0,0,1,0.0,0.0,0
417,196200000.0,1,0.0,9900968.082936056,19323200000,38.40373008884694,420.0,1,3.7338605824e+20,2300000.0,5290000000000.0,2300000.0,1.8669355812e+20,8668174.717581347,3.5324774216860533e-09,0,0,1,0.0,0.0,0
418,196200000.0,1,0.0,9925988.393915454,19372000000,38.40362809090202,420.0,1,3.75274384e+20,2300000.0,5290000000000.0,2300000.0,1.87637721e+20,8668174.717581347,3.5324774216860533e-09,0,0,1,0.0,0.0,0
419,196200000.0,1,0.0,9951568.72343602,19420800000,38.403507529271174,420.0,1,3.7716747264e+20,2300000.0,5290000000000.0,2300000.0,1.8858426532e+20,8695031.167711398,1.0284566087648273e-08,0,0,1,0.0,0.0,0
420,196200000.0,1,0.0,9977149.54514792,19469600000,38.403388178560256,420.0,1,3.7906532416e+20,2300000.0,5290000000000.0,2300000.0,1.8953319108e+20,8695031.167711398,1.0284566087648273e-08,0,0,1,0.0,0.0,0
421,196200000.0,1,0.0,10002730.842644792,19518400000,38.40327002046491,420.0,1,3.8096793856e+20,2300000.0,5290000000000.0,2300000.0,1.9048449828e+20,8695031.167711398,1.0284566087648273e-08,0,0,1,0.0,0.0,0
422,196200000.0,1,0.0,10029253.51833433,19567200000,38.40315303704657,420.0,1,3.8287531584e+20,2300000.0,5290000000000.0,2300000.0,1.9143818692e+20,8762777.282949844,7.570633897557855e-09,0,0,1,0.0,0.0,0
423,196200000.0,1,0.0,10055776.638618482,19616000000,38.403037210723305,420.0,1,3.84787456e+20,2300000.0,5290000000000.0,2300000.0,1.92394257e+20,8762777.282949844,7.570633897557855e-09,0,0,1,0.0,0.0,0
424,196200000.0,1,0.0,10082300.18867743,19664800000,38.40292252426095,420.0,1,3.8670435904e+20,2300000.0,5290000000000.0,2300000.0,1.9335270852e+20,8762777.282949844,7.570633897557855e-09,0,0,1,0.0,0.0,0
425,196200000.0,1,0.0,10108824.154185344,19713600000,38.40280896076452,420.0,1,3.8862602496e+20,2300000.0,5290000000000.0,2300000.0,1.9431354148e+20,8762777.282949844,8.501956472173333e-09,0,0,1,0.0,0.0,0
426,196200000.0,1,0.0,10135348.521293933,19762400000,38.40269650366985,420.0,1,3.9055245376e+20,2300000.0,5290000000000.0,2300000.0,1.9527675588e+20,8762777.282949844,8.501956472173333e-09,0,0,1,0.0,0.0,0
427,196200000.0,1,0.0,10161873.276616503,19811200000,38.40258513673551,420.0,1,3.9248364544e+20,2300000.0,5290000000000.0,2300000.0,1.9624235172e+20,8762777.282949844,8.501956472173333e-09,0,0,1,0.0,0.0,0
428,196200000.0,1,0.0,10188398.407212585,19860000000,38.402474844034934,420.0,1,3.944196e+20,2300000.0,5290000000000.0,2300000.0,1.97210329e+20,8762777.282949844,8.501956472173333e-09,0,0,1,0.0,0.0,0
429,196200000.0,1,0.0,10214923.900573064,19908800000,38.40236560994881,420.0,1,3.9636031744e+20,2300000.0,5290000000000.0,2300000.0,1.9818068772e+20,8762777.282949844,7.170456228777766e-09,0,0,1,0.0,0.0,0
430,196200000.0,1,0.0,10241449.744605798,19957600000,38.40225741915766,420.0,1,3.9830579776e+20,2300000.0,5290000000000.0,2300000.0,1.9915342788e+20,8762777.282949844,4.580215318128467e-09,0,0,1,0.0,0.0,0
431,196200000.0,1,0.0,10267975.927621711,20006400000,38.40215025663468,420.0,1,4.0025604096e+20,2300000.0,5290000000000.0,2300000.0,2.0012854948e+20,8762777.282949844,4.580215318128467e-09,0,0,1,0.0,0.0,0
432,196200000.0,1,0.0,10294502.438321358,20055200000,38.40204410763874,420.0,1,4.0221104704e+20,2300000.0,5290000000000.0,2300000.0,2.0110605252e+20,8762777.282949844,4.580215318128467e-09,0,0,1,0.0,0.0,0
433,196200000.0,1,0.0,10321029.25419616,20104000000,38.40193895770762,420.0,1,4.04170816e+20,2300000.0,5290000000000.0,2300000.0,2.02085937e+20,8762776.726831786,3.343302523717284e-09,0,0,1,0.0,0.0,0
434,196200000.0,1,0.0,10347556.376273204,20152800000,38.40183479265143,420.0,1,4.0613534784e+20,2300000.0,5290000000000.0,2300000.0,2.0306820292e+20,8762776.726831786,3.343302523717284e-09,0,0,1,0.0,0.0,0
435,196200000.0,1,0.0,10374083.794345759,20201600000,38.401731598546206,420.0,1,4.0810464256e+20,2300000.0,5290000000000.0,2300000.0,2.0405285028e+20,8762776.726831786,3.343302523717284e-09,0,0,1,0.0,0.0,0
436,196200000.0,1,0.0,10400611.498547304,20250400000,38.401629361727714,420.0,1,4.1007870016e+20,2300000.0,5290000000000.0,2300000.0,2.0503987908e+20,8762776.726831786,3.343302523717284e-09,0,0,1,0.0,0.0,0
437,196200000.0,1,0.0,10427139.479340203,20299200000,38.40152806878537,420.0,1,4.1205752064e+20,2300000.0,5290000000000.0,2300000.0,2.0602928932e+20,8762776.726831786,3.343302523717284e-09,0,0,1,0.0,0.0,0
438,196200000.0,1,0.0,10453095.442589633,20348000000,38.4014277066754,420.0,1,4.14041104e+20,2300000.0,5290000000000.0,2300000.0,2.07021081e+20,8721572.29389718,4.063622327521443e-09,0,0,1,0.0,0.0,0
439,196200000.0,1,0.0,10480762.75146415,20396800000,38.40129234701778,420.0,1,4.1602945024e+20,2300000.0,5290000000000.0,2300000.0,2.0801525412e+20,8783171.431866927,4.063622327521443e-09,0,0,1,0.0,0.0,0
440,196200000.0,1,0.0,10508430.31018262,20445600000,38.401158687692345,420.0,1,4.1802255936e+20,2300000.0,5290000000000.0,2300000.0,2.0901180868e+20,8783171.431866927,4.063622327521443e-09,0,0,1,0.0,0.0,0
441,196200000.0,1,0.0,10536098.1104169,20494400000,38.401026696392684,420.0,1,4.2002043136e+20,2300000.0,5290000000000.0,2300000.0,2.1001074468e+20,8783171.431866927,4.063622327521443e-09,0,0,1,0.0,0.0,0
442,196200000.0,1,0.0,10562717.47552332,20543200000,38.40091751055552,420.0,1,4.2202306624e+20,2300000.0,5290000000000.0,2300000.0,2.1101206212e+20,8745419.362513509,6.537447916343808e-09,0,0,1,0.0,0.0,0
443,196200000.0,1,0.0,10590816.797036748,20592000000,38.40078307701947,420.0,1,4.24030464e+20,2300000.0,5290000000000.0,2300000.0,2.12015761e+20,8804428.416599724,6.41375663690269e-09,0,0,1,0.0,0.0,0
444,196200000.0,1,0.0,10618916.33671052,20640800000,38.40065036233929,420.0,1,4.2604262464e+20,2300000.0,5290000000000.0,2300000.0,2.1302184132e+20,8804428.416599724,6.41375663690269e-09,0,0,1,0.0,0.0,0
445,196200000.0,1,0.0,10646170.474863285,20689600000,38.40051933326504,420.0,1,4.2805954816e+20,2300000.0,5290000000000.0,2300000.0,2.1403030308e+20,8743544.323127575,4.129105946049094e-09,0,0,1,0.0,0.0,0
446,196200000.0,1,0.0,10673424.81687477,20738400000,38.4003899574001,420.0,1,4.3008123456e+20,2300000.0,5290000000000.0,2300000.0,2.1504114628e+20,8743544.323127575,4.129105946049094e-09,0,0,1,0.0,0.0,0
447,196200000.0,1,0.0,10700679.355949685,20787200000,38.40026220317399,420.0,1,4.3210768384e+20,2300000.0,5290000000000.0,2300000.0,2.1605437092e+20,8743544.323127575,4.129105946049094e-09,0,0,1,0.0,0.0,0
448,196200000.0,1,0.0,10727934.08551925,20836000000,38.400136039816054,420.0,1,4.34138896e+20,2300000.0,5290000000000.0,2300000.0,2.17069977e+20,8743544.323127575,4.129105946049094e-09,0,0,1,0.0,0.0,0
449,196200000.0,1,0.0,10755188.99923364,20884800000,38.40001143733026,420.0,1,4.3617487104e+20,2300000.0,5290000000000.0,2300000.0,2.1808796452e+20,8743544.323127575,4.129105946049094e-09,0,0,1,0.0,0.0,0
450,196200000.0,1,0.0,10782444.090954697,20933600000,38.39988836647094,420.0,1,4.3821560896e+20,2300000.0,5290000000000.0,2300000.0,2.1910833348e+20,8743544.323127575,4.129105946049094e-09,0,0,1,0.0,0.0,0
451,196200000.0,1,0.0,10809869.415868182,20982400000,38.399766798719384,420.0,1,4.4026110976e+20,2300000.0,5290000000000.0,2300000.0,2.2013108388e+20,8755788.72371863,6.0645106714218855e-09,0,0,1,0.0,0.0,0
452,196200000.0,1,0.0,10837294.907119004,21031200000,38.399646706261365,420.0,1,4.4231137344e+20,2300000.0,5290000000000.0,2300000.0,2.2115621572e+20,8755788.72371863,6.0645106714218855e-09,0,0,1,0.0,0.0,0
453,196200000.0,1,0.0,10864720.559162596,21080000000,38.39952806196545,420.0,1,4.443664e+20,2300000.0,5290000000000.0,2300000.0,2.22183729e+20,8755788.72371863,6.0645106714218855e-09,0,0,1,0.0,0.0,0
454,196200000.0,1,0.0,10892146.366639188,21128800000,38.399410839362126,420.0,1,4.4642618944e+20,2300000.0,5290000000000.0,2300000.0,2.2321362372e+20,8755788.72371863,6.0645106714218855e-09,0,0,1,0.0,0.0,0
455,196200000.0,1,0.0,10919572.32436768,21177600000,38.399295012623725,420.0,1,4.4849074176e+20,2300000.0,5290000000000.0,2300000.0,2.2424589988e+20,8755788.72371863,6.0645106714218855e-09,0,0,1,0.0,0.0,0
456,196200000.0,1,0.0,10946998.427339679,21226400000,38.399180556545,420.0,1,4.5056005696e+20,2300000.0,5290000000000.0,2300000.0,2.2528055748e+20,8755788.72371863,6.0645106714218855e-09,0,0,1,0.0,0.0,0
457,196200000.0,1,0.0,10974424.670713732,21275200000,38.39906744652447,420.0,1,4.5263413504e+20,2300000.0,5290000000000.0,2300000.0,2.2631759652e+20,8755788.72371863,6.0645106714218855e-09,0,0,1,0.0,0.0,0
458,196200000.0,1,0.0,11001797.303239444,21324000000,38.39895754715424,420.0,1,4.54712976e+20,2300000.0,5290000000000.0,2300000.0,2.27357017e+20,8753208.88834264,6.602931534871459e-09,0,0,1,0.0,0.0,0
459,196200000.0,1,0.0,11029170.066963077,21372800000,38.39884894598409,420.0,1,4.5679657984e+20,2300000.0,5290000000000.0,2300000.0,2.2839881892e+20,8753208.88834264,6.602931534871459e-09,0,0,1,0.0,0.0,0
460,196200000.0,1,0.0,11056542.957511367,21421600000,38.39874162011843,420.0,1,4.5888494656e+20,2300000.0,5290000000000.0,2300000.0,2.2944300228e+20,8753208.88834264,6.602931534871459e-09,0,0,1,0.0,0.0,0
461,196200000.0,1,0.0,11083915.97065682,21470400000,38.39863554719715,420.0,1,4.6097807616e+20,2300000.0,5290000000000.0,2300000.0,2.3048956708e+20,8753208.88834264,6.602931534871459e-09,0,0,1,0.0,0.0,0
462,196200000.0,1,0.0,11111289.102312874,21519200000,38.39853070538004,420.0,1,4.6307596864e+20,2300000.0,5290000000000.0,2300000.0,2.3153851332e+20,8753208.88834264,6.602931534871459e-09,0,0,1,0.0,0.0,0
463,196200000.0,1,0.0,11138662.348529167,21568000000,38.39842707333168,420.0,1,4.65178624e+20,2300000.0,5290000000000.0,2300000.0,2.32589841e+20,8753208.88834264,6.602931534871459e-09,0,0,1,0.0,0.0,0
464,196200000.0,1,0.0,11166035.705487037,21616800000,38.39832463020699,420.0,1,4.6728604224e+20,2300000.0,5290000000000.0,2300000.0,2.3364355012e+20,8753208.88834264,6.602931534871459e-09,0,0,1,0.0,0.0,0
465,196200000.0,1,0.0,11193409.169495085,21665600000,38.39822335563715,420.0,1,4.6939822336e+20,2300000.0,5290000000000.0,2300000.0,2.3469964068e+20,8753208.88834264,6.602931534871459e-09,0,0,1,0.0,0.0,0
466,196200000.0,1,0.0,11220829.00114951,21714400000,38.39812160431085,420.0,1,4.7151516736e+20,2300000.0,5290000000000.0,2300000.0,2.3575811268e+20,8755429.568240222,6.908521754667163e-09,0,0,1,0.0,0.0,0
467,196200000.0,1,0.0,11248248.932836378,21763200000,38.398020982479785,420.0,1,4.7363687424e+20,2300000.0,5290000000000.0,2300000.0,2.3681896612e+20,8755429.568240222,6.908521754667163e-09,0,0,1,0.0,0.0,0
468,196200000.0,1,0.0,11276751.555515453,21812000000,38.39792147112439,420.0,1,4.75763344e+20,2300000.0,5290000000000.0,2300000.0,2.37882201e+20,8833376.357420465,6.766640581190586e-09,0,0,1,0.0,0.0,0
469,196200000.0,1,0.0,11305254.271669298,21860800000,38.39782305164989,420.0,1,4.7789457664e+20,2300000.0,5290000000000.0,2300000.0,2.3894781732e+20,8833376.357420465,6.766640581190586e-09,0,0,1,0.0,0.0,0
470,196200000.0,1,0.0,11334996.654388892,21909600000,38.39768353494258,420.0,1,4.8003057216e+20,2300000.0,5290000000000.0,2300000.0,2.4001581508e+20,8893744.516047351,3.2014213502407074e-09,0,0,1,0.0,0.0,0
471,196200000.0,1,0.0,11364739.12445546,21958400000,38.39754524183342,420.0,1,4.8217133056e+20,2300000.0,5290000000000.0,2300000.0,2.4108619428e+20,8893744.516047351,3.2014213502407074e-09,0,0,1,0.0,0.0,0
472,196200000.0,1,0.0,11394481.678957436,22007200000,38.39740815397374,420.0,1,4.8431685184e+20,2300000.0,5290000000000.0,2300000.0,2.4215895492e+20,8893744.516047351,3.2014213502407074e-09,0,0,1,0.0,0.0,0
473,196200000.0,1,0.0,11424224.31508031,22056000000,38.39727225340199,420.0,1,4.86467136e+20,2300000.0,5290000000000.0,2300000.0,2.43234097e+20,8893744.516047351,3.2014213502407074e-09,0,0,1,0.0,0.0,0
474,196200000.0,1,0.0,11453967.030103382,22104800000,38.397137522533306,420.0,1,4.8862218304e+20,2300000.0,5290000000000.0,2300000.0,2.4431162052e+20,8893744.516047351,3.2014213502407074e-09,0,0,1,0.0,0.0,0
475,196200000.0,1,0.0,11483257.742911128,22153600000,38.39700394414946,420.0,1,4.9078199296e+20,2300000.0,5290000000000.0,2300000.0,2.4539152548e+20,8872044.748742191,1.0040821507573128e-09,0,0,1,0.0,0.0,0
476,196200000.0,1,0.0,11512548.529446723,22202400000,38.39687150138918,420.0,1,4.9294656576e+20,2300000.0,5290000000000.0,2300000.0,2.4647381188e+20,8872044.748742191,1.0040821507573128e-09,0,0,1,0.0,0.0,0
477,196200000.0,1,0.0,11541839.387252577,22251200000,38.39674017773863,420.0,1,4.9511590144e+20,2300000.0,5290000000000.0,2300000.0,2.4755847972e+20,8872044.748742191,1.0040821507573128e-09,0,0,1,0.0,0.0,0
478,196200000.0,1,0.0,11571171.956656625,22300000000,38.39660995702237,420.0,1,4.9729e+20,2300000.0,5290000000000.0,2300000.0,2.48645529e+20,8875043.023402333,7.8580342233181e-10,0,0,1,0.0,0.0,0
479,196200000.0,1,0.0,11600504.59265877,22348800000,38.39648082339447,420.0,1,4.9946886144e+20,2300000.0,5290000000000.0,2300000.0,2.4973495972e+20,8875043.023402333,7.8580342233181e-10,0,0,1,0.0,0.0,0
480,196200000.0,1,0.0,11629837.29303908,22397600000,38.39635276132997,420.0,1,5.0165248576e+20,2300000.0,5290000000000.0,2300000.0,2.5082677188e+20,8875043.023402333,7.8580342233181e-10,0,0,1,0.0,0.0,0
481,196200000.0,1,0.0,11659170.055651609,22446400000,38.396225755616605,420.0,1,5.0384087296e+20,2300000.0,5290000000000.0,2300000.0,2.5192096548e+20,8875043.023402333,7.8580342233181e-10,0,0,1,0.0,0.0,0
482,196200000.0,1,0.0,11688502.87842195,22495200000,38.39609979134675,420.0,1,5.0603402304e+20,2300000.0,5290000000000.0,2300000.0,2.5301754052e+20,8875043.023402333,7.8580342233181e-10,0,0,1,0.0,0.0,0
483,196200000.0,1,0.0,11718809.840282984,22544000000,38.39594245905809,420.0,1,5.08231936e+20,2300000.0,5290000000000.0,2300000.0,2.54116497e+20,8921798.908433158,3.1723175197839737e-09,0,0,1,0.0,0.0,0
484,196200000.0,1,0.0,11748273.533853635,22592800000,38.39578647272607,420.0,1,5.1043461184e+20,2300000.0,5290000000000.0,2300000.0,2.5521783492e+20,8861079.544107687,3.550667315721512e-09,0,0,1,0.0,0.0,0
485,196200000.0,1,0.0,11777737.28176462,22641600000,38.395631814361614,420.0,1,5.1264205056e+20,2300000.0,5290000000000.0,2300000.0,2.5632155428e+20,8861079.544107687,3.550667315721512e-09,0,0,1,0.0,0.0,0
486,196200000.0,1,0.0,11805530.45062356,22690400000,38.39553299621085,420.0,1,5.1485425216e+20,2300000.0,5290000000000.0,2300000.0,2.5742765508e+20,8780889.228218198,9.313225746154785e-10,0,0,1,0.0,0.0,0
487,196200000.0,1,0.0,11833323.670260517,22739200000,38.395435026009544,420.0,1,5.1707121664e+20,2300000.0,5290000000000.0,2300000.0,2.5853613732e+20,8780889.228218198,9.313225746154785e-10,0,0,1,0.0,0.0,0
488,196200000.0,1,0.0,11861116.938982897,22788000000,38.39533789129836,420.0,1,5.19292944e+20,2300000.0,5290000000000.0,2300000.0,2.59647001e+20,8780889.228218198,9.313225746154785e-10,0,0,1,0.0,0.0,0
489,196200000.0,1,0.0,11888910.255169168,22836800000,38.39524157986688,420.0,1,5.2151943424e+20,2300000.0,5290000000000.0,2300000.0,2.6076024612e+20,8780889.229273638,7.421476766467094e-10,0,0,1,0.0,0.0,0
490,196200000.0,1,0.0,11915751.262719681,22885600000,38.39521492021429,420.0,1,5.2375068736e+20,2300000.0,5290000000000.0,2300000.0,2.6187587268e+20,8805770.786281213,3.1141098588705063e-09,0,0,1,0.0,0.0,0
491,196200000.0,1,0.0,11942825.265888536,22934400000,38.39519668123954,420.0,1,5.2598670336e+20,2300000.0,5290000000000.0,2300000.0,2.6299388068e+20,8835388.484457936,2.9176590032875538e-09,0,0,1,0.0,0.0,0
492,196200000.0,1,0.0,11969899.2465006,22983200000,38.39517847318332,420.0,1,5.2822748224e+20,2300000.0,5290000000000.0,2300000.0,2.6411427012e+20,8835388.484457936,2.9176590032875538e-09,0,0,1,0.0,0.0,0
493,196200000.0,1,0.0,11998087.904675629,23032000000,38.39516029593656,420.0,1,5.30473024e+20,2300000.0,5290000000000.0,2300000.0,2.65237041e+20,8915648.038904306,3.2669049687683582e-09,0,0,1,0.0,0.0,0
494,196200000.0,1,0.0,12026543.881774222,23080800000,38.39514214939164,420.0,1,5.3272332864e+20,2300000.0,5290000000000.0,2300000.0,2.6636219332e+20,8934896.519021526,5.1513779908418655e-09,0,0,1,0.0,0.0,0
495,196200000.0,1,0.0,12054999.838497344,23129600000,38.3951240334423,420.0,1,5.3497839616e+20,2300000.0,5290000000000.0,2300000.0,2.6748972708e+20,8934896.519021526,5.1513779908418655e-09,0,0,1,0.0,0.0,0
496,196200000.0,1,0.0,12082821.02992568,23178400000,38.39510594798367,420.0,1,5.3723822656e+20,2300000.0,5290000000000.0,2300000.0,2.6861964228e+20,8889194.835929079,7.075868779793382e-09,0,0,1,0.0,0.0,0
497,196200000.0,1,0.0,12110642.202314276,23227200000,38.39508789291217,420.0,1,5.3950281984e+20,2300000.0,5290000000000.0,2300000.0,2.6975193892e+20,8889194.835929079,7.075868779793382e-09,0,0,1,0.0,0.0,0
498,196200000.0,1,0.0,12138463.356297787,23276000000,38.39506986812553,420.0,1,5.41772176e+20,2300000.0,5290000000000.0,2300000.0,2.70886617e+20,8889194.835929079,7.075868779793382e-09,0,0,1,0.0,0.0,0
499,196200000.0,1,0.0,12166302.136612944,23324800000,38.395051873522696,420.0,1,5.4404629504e+20,2300000.0,5290000000000.0,2300000.0,2.7202367652e+20,8890041.753843727,8.967617759481072e-09,0,0,1,0.0,0.0,0
500,1145000000.0,0,200000.0,11885284.646904087,22424800000,27.64013478011899,301.6185009936532,0,5.0287165504e+20,13117036.329667913,44870234734349.89,3706250.0,2.5144031454347343e+20,8889891.550408788,7.970811566337943e-09,0,0,1,0.0,0.0,0
501,512286098.03254056,1,0.0,11813639.362499146,22157513902,38.40798433514426,420.0,1,4.909554223158813e+20,16519456.620654661,74860323579503.84,4940961.320439612,2.454851971902986e+20,8932089.574975848,1.561056706123054e-08,0,0,1,0.0,0.0,0
502,196200000.0,1,0.0,11844886.688049518,22206313902,38.40804466774669,420.0,1,4.931203771127133e+20,16217742.950322576,73161797598694.69,4940961.320439612,2.465675047361165e+20,8932089.574975848,1.561056706123054e-08,0,0,1,0.0,0.0,0
503,196200000.0,1,0.0,11879918.497204827,22255113902,38.40787590876709,420.0,1,4.9529009478954536e+20,15916029.279990489,71553911874258.48,4940961.320439612,2.476522027859601e+20,8932089.574975848,1.611988409422338e-08,0,0,1,0.0,0.0,0
504,196200000.0,1,0.0,11915402.662322523,22303913902,38.40761465683348,420.0,1,4.9746457534637736e+20,15614315.609658401,70036666406195.266,4940961.320439612,2.487392913398293e+20,8854444.710298803,1.4431861927732825e-08,0,0,1,0.0,0.0,0
505,196200000.0,1,0.0,11950848.301800832,22352713902,38.40735901366906,420.0,1,4.9964381878320936e+20,15312601.939326316,68610061194505.0,4940961.320439612,2.498287703977241e+20,8855056.871733196,7.970811566337943e-09,0,0,1,0.0,0.0,0
506,196200000.0,1,0.0,11986248.809644591,22401513902,38.40710875822351,420.0,1,5.018278251000414e+20,15010888.26899423,67274096239187.72,4940961.320439612,2.5092063995964464e+20,8855072.527259057,7.228663889691234e-09,0,0,1,0.0,0.0,0
507,196200000.0,1,0.0,12021605.37495673,22450313902,38.40686368211842,420.0,1,5.040165942968734e+20,14709174.598662144,66028771540243.39,4940961.320439612,2.5201490002559074e+20,8855072.527259057,7.228663889691234e-09,0,0,1,0.0,0.0,0
508,196200000.0,1,0.0,12056919.462488296,22499113902,38.40662358849312,420.0,1,5.062101263737055e+20,14407460.928330056,64874087097672.016,4940961.320439612,2.531115505955625e+20,8855072.527259057,7.228663889691234e-09,0,0,1,0.0,0.0,0
509,196200000.0,1,0.0,12092192.48816531,22547913902,38.40638829117761,420.0,1,5.084084213305375e+20,14105747.257997971,63810042911473.625,4940961.320439612,2.542105916695599e+20,8855072.527259057,7.228663889691234e-09,0,0,1,0.0,0.0,0
510,196200000.0,1,0.0,12127425.820716256,22596713902,38.40615761393778,420.0,1,5.106114791673695e+20,13804033.587665886,62836638981648.19,4940961.320439612,2.553120232475829e+20,8855072.527259057,7.228663889691234e-09,0,0,1,0.0,0.0,0
511,196200000.0,1,0.0,12162623.016944312,22645513902,38.405931319615924,420.0,1,5.1281929988420154e+20,13602319.917333798,61943875308195.72,4940961.320439612,2.5641584432963158e+20,8855179.744810041,1.3660610420629382e-08,0,0,1,0.0,0.0,0
512,196200000.0,1,0.0,12197783.122151237,22694313902,38.405709320234564,420.0,1,5.1503188348103354e+20,13500606.247001711,61071751891116.22,4940961.320439612,2.575220489157059e+20,8855179.744810041,1.3660610420629382e-08,0,0,1,0.0,0.0,0
513,196200000.0,1,0.0,12232912.500516606,22743113902,38.40549146545545,420.0,1,5.172492299578656e+20,13398831.042923104,60209763071878.19,4940961.320439612,2.5863063595523998e+20,8855425.879796129,1.7007550923153758e-08,0,0,1,0.0,0.0,0
514,196200000.0,1,0.0,12268007.219383337,22791913902,38.405277612445225,420.0,1,5.194713393146976e+20,13297055.838844497,59358429146500.92,4940961.320439612,2.5974160550026346e+20,8855425.879796129,1.7007550923153758e-08,0,0,1,0.0,0.0,0
515,196200000.0,1,0.0,12303068.43406805,22840713902,38.40506762538728,420.0,1,5.216982115515296e+20,13195280.634765888,58517750114984.43,4940961.320439612,2.608549575507763e+20,8855425.879796129,1.7007550923153758e-08,0,0,1,0.0,0.0,0
516,196200000.0,1,0.0,12338097.261376811,22889513902,38.40486137503254,420.0,1,5.2392984666836166e+20,13093505.430687279,57687725977328.7,4940961.320439612,2.6197069210677857e+20,8855425.879796129,1.7007550923153758e-08,0,0,1,0.0,0.0,0
517,196200000.0,1,0.0,12373705.0044466,22938313902,38.40463558656331,420.0,1,5.2616624466519366e+20,12984407.543915339,56807192584910.68,4940961.320439612,2.630888030518553e+20,8884716.610569457,1.962689566425979e-08,0,0,1,0.0,0.0,0
518,196200000.0,1,0.0,12409282.483312862,22987113902,38.40441385025884,420.0,1,5.284074055420257e+20,12875309.6571434,55938659597894.23,4940961.320439612,2.6420929663697266e+20,8884716.61056944,1.962689566425979e-08,0,0,1,0.0,0.0,0
519,196200000.0,1,0.0,12444830.706782378,23035913902,38.40419603925868,420.0,1,5.306533292988577e+20,12766211.770371458,55082127016279.34,4940961.320439612,2.653321728621305e+20,8884716.61056944,1.962689566425979e-08,0,0,1,0.0,0.0,0
520,196200000.0,1,0.0,12480350.650035044,23084713902,38.40398203227027,420.0,1,5.329040159356897e+20,12657113.883599516,54237594840066.03,4940961.320439612,2.6645743172732885e+20,8884716.61056944,1.962689566425979e-08,0,0,1,0.0,0.0,0
521,196200000.0,1,0.0,12515843.25574475,23133513902,38.4037717132494,420.0,1,5.351594654525218e+20,12548015.996827576,53405063069254.3,4940961.320439612,2.6758507323256783e+20,8884716.61056944,1.962689566425979e-08,0,0,1,0.0,0.0,0
522,196200000.0,1,0.0,12551309.43516294,23182313902,38.40356497110336,420.0,1,5.374196778493538e+20,12438918.110055637,52584531703844.13,4940961.320439612,2.6871509737784728e+20,8884716.61056944,1.962689566425979e-08,0,0,1,0.0,0.0,0
523,196200000.0,1,0.0,12586750.069165982,23231113902,38.40336169941513,420.0,1,5.3968465312618584e+20,12329820.223283695,51776000743835.55,4940961.320439612,2.698475041631673e+20,8884716.61056944,1.962689566425979e-08,0,0,1,0.0,0.0,0
524,196200000.0,1,0.0,12622166.009267723,23279913902,38.40316179618664,420.0,1,5.4195439128301784e+20,12220722.336511753,50979470189228.53,4940961.320439612,2.7098229358852784e+20,8884716.61056944,1.962689566425979e-08,0,0,1,0.0,0.0,0
525,196200000.0,1,0.0,12655918.389288893,23328713902,38.40296516359959,420.0,1,5.4422889231984984e+20,12111624.449739814,50194940040023.086,4940961.320439612,2.7211946565392892e+20,8884716.61056944,1.962689566425979e-08,0,0,1,0.0,0.0,0
526,196200000.0,1,0.0,12684524.36687103,23377513902,38.40280918455295,420.0,1,5.465081562366819e+20,12004045.719807401,49433734294067.11,4940961.320439612,2.7325902149177036e+20,8826758.477101848,1.6381818568333983e-08,0,0,1,0.0,0.0,0
527,196200000.0,1,0.0,12713108.038543575,23426313902,38.40265618507791,420.0,1,5.487921830335139e+20,11896466.989874989,48684232182026.51,4940961.320439612,2.7440095993997515e+20,8826758.477101848,1.6847479855641723e-08,0,0,1,0.0,0.0,0
528,196200000.0,1,0.0,12741670.147836857,23475113902,38.40250608151451,420.0,1,5.5108097271034597e+20,11788888.259942578,47946433703901.3,4940961.320439612,2.7554528099854336e+20,8826758.477101848,1.7313141142949462e-08,0,0,1,0.0,0.0,0
529,196200000.0,1,0.0,12770211.413496844,23523913902,38.402358793486606,420.0,1,5.5337452526717796e+20,11681309.530010166,47220338859691.48,4940961.320439612,2.7669198466747495e+20,8826758.477101848,1.7313141142949462e-08,0,0,1,0.0,0.0,0
530,196200000.0,1,0.0,12798732.530311316,23572713902,38.40221424373481,420.0,1,5.5567284070400996e+20,11573730.800077753,46505947649397.05,4940961.320439612,2.7784107094676993e+20,8826758.477101848,1.6847479855641723e-08,0,0,1,0.0,0.0,0
531,196200000.0,1,0.0,12827234.169908457,23621513902,38.402072357960044,420.0,1,5.57975919020842e+20,11466152.070145342,45803260073017.99,4940961.320439612,2.7899253983642832e+20,8826758.477101848,1.5639670891687274e-08,0,0,1,0.0,0.0,0
532,196200000.0,1,0.0,12855716.981528841,23670313902,38.401933064676896,420.0,1,5.60283760217674e+20,11358573.34021293,45112276130554.33,4940961.320439612,2.8014639133645006e+20,8826758.477101848,1.5174009604379535e-08,0,0,1,0.0,0.0,0
533,196200000.0,1,0.0,12882950.38830804,23719113902,38.40183462935434,420.0,1,5.625963642945061e+20,11250994.610280517,44432995822006.055,4940961.320439612,2.8130262544683526e+20,8767660.662846165,1.6279955161735415e-08,0,0,1,0.0,0.0,0
534,196200000.0,1,0.0,12911178.89171695,23767913902,38.40170720216979,420.0,1,5.649137312513381e+20,11143415.880348105,43765419147373.16,4940961.320439612,2.8246124216758377e+20,8816269.798589936,1.0371877579018474e-08,0,0,1,0.0,0.0,0
535,196200000.0,1,0.0,12939390.373498358,23816713902,38.40158219337204,420.0,1,5.672358610881701e+20,11035837.150415692,43109546106655.66,4940961.320439612,2.836222414986957e+20,8816268.762809457,7.450580596923828e-09,0,0,1,0.0,0.0,0
536,196200000.0,1,0.0,12967147.84901813,23865513902,38.40147328520089,420.0,1,5.6956275380500215e+20,10928258.420483282,42465376699853.54,4940961.320439612,2.8478562344017107e+20,8795265.59826476,6.955815479159355e-09,0,0,1,0.0,0.0,0
537,196200000.0,1,0.0,12994889.432215415,23914313902,38.401366750632555,420.0,1,5.7189440940183414e+20,10820679.69055087,41832910926966.805,4940961.320439612,2.8595138799200977e+20,8795265.59826476,7.4214767664670944e-09,0,0,1,0.0,0.0,0
538,196200000.0,1,0.0,13022615.652834289,23963113902,38.40126253303025,420.0,1,5.742308278786662e+20,10713100.960618457,41212148787995.45,4940961.320439612,2.871195351542119e+20,8795265.59826476,7.4214767664670944e-09,0,0,1,0.0,0.0,0
539,196200000.0,1,0.0,13050327.0229607,24011913902,38.401160577768316,420.0,1,5.765720092354982e+20,10605522.230686046,40603090282939.5,4940961.320439612,2.882900649267774e+20,8795265.59826476,7.4214767664670944e-09,0,0,1,0.0,0.0,0
540,196200000.0,1,0.0,13079195.358821446,24060713902,38.40106083214218,420.0,1,5.789179534723302e+20,10497943.500753634,40005735411798.92,4940961.320439612,2.894629773097063e+20,8851489.016363008,3.0704541131854057e-09,0,0,1,0.0,0.0,0
541,196200000.0,1,0.0,13109644.833504468,24109513902,38.40091237384142,420.0,1,5.8126866058916227e+20,10390364.770821221,39420084174573.734,4940961.320439612,2.906382723029986e+20,8928049.77392109,3.536115400493145e-09,0,0,1,0.0,0.0,0
542,196200000.0,1,0.0,13139642.585445052,24158313902,38.40077826640999,420.0,1,5.8362413058599426e+20,10288045.74106008,38877286602382.09,4940961.320439612,2.9181595302165738e+20,8907010.973236006,1.7389538697898388e-09,0,0,1,0.0,0.0,0
543,196200000.0,1,0.0,13169627.370137282,24207113902,38.40064585526216,420.0,1,5.859843634628263e+20,10185726.711298939,38345236476655.055,4940961.320439612,2.9299601625506084e+20,8907010.973236006,1.7389538697898388e-09,0,0,1,0.0,0.0,0
544,196200000.0,1,0.0,13199599.619822785,24255913902,38.40051509969805,420.0,1,5.883493592196583e+20,10083407.681537798,37823933797392.625,4940961.320439612,2.941784620032089e+20,8907010.973236006,1.7389538697898388e-09,0,0,1,0.0,0.0,0
545,196200000.0,1,0.0,13229559.752313118,24304713902,38.400385960395994,420.0,1,5.907191178564904e+20,9981088.652040517,37313378566091.07,4940961.320439612,2.953632902661018e+20,8907010.972180564,4.649336915463209e-09,0,0,1,0.0,0.0,0
546,196200000.0,1,0.0,13260513.788329693,24353513902,38.400258399351294,420.0,1,5.930936393733223e+20,9878769.622543234,36813570781208.94,4940961.320439612,2.965505010437393e+20,8979415.381322578,6.788468454033136e-09,0,0,1,0.0,0.0,0
547,196200000.0,1,0.0,13291456.501521103,24402313902,38.40013237982168,420.0,1,5.954729237701544e+20,9776450.593045954,36324510442746.21,4940961.320439612,2.9774009433612144e+20,8979415.381322578,6.788468454033136e-09,0,0,1,0.0,0.0,0
548,196200000.0,1,0.0,13322388.269314872,24451113902,38.40000786627336,420.0,1,5.978569710469864e+20,9674131.563548673,35846197550702.89,4940961.320439612,2.989320701432483e+20,8979415.381322578,6.788468454033136e-09,0,0,1,0.0,0.0,0
549,196200000.0,1,0.0,13353309.456539875,24499913902,38.399884824330506,420.0,1,6.002457812038184e+20,9571812.534051392,35378632105078.984,4940961.320439612,3.001264284651197e+20,8979415.380473124,7.777998689562082e-09,0,0,1,0.0,0.0,0
550,196200000.0,1,0.0,13384220.415898852,24548713902,38.39976322072722,420.0,1,6.026393542406504e+20,9469493.504554112,34921814105874.49,4940961.320439612,3.013231693017358e+20,8979415.380473124,7.777998689562082e-09,0,0,1,0.0,0.0,0
551,196200000.0,1,0.0,13415121.48832067,24597513902,38.399643023262065,420.0,1,6.050376901574825e+20,9367174.475056829,34475743553089.402,4940961.320439612,3.0252229265309657e+20,8979415.380473124,7.777998689562082e-09,0,0,1,0.0,0.0,0
552,196200000.0,1,0.0,13444600.961592924,24646313902,38.399524200754854,420.0,1,6.074407889543146e+20,9264855.445559548,34040420446723.727,4940961.320439612,3.03723798519202e+20,8911637.375178516,6.788468454033136e-09,0,0,1,0.0,0.0,0
553,196200000.0,1,0.0,13474267.931684215,24695113902,38.399406723005576,420.0,1,6.098486506311465e+20,9162536.416062267,33615844786777.465,4940961.320439612,3.0492768690005194e+20,8925802.33928073,5.376932676881552e-09,0,0,1,0.0,0.0,0
554,196200000.0,1,0.0,13503925.970941778,24743913902,38.39929056075538,420.0,1,6.122612751879786e+20,9060217.386564985,33202016573250.61,4940961.320439612,3.061339577956466e+20,8925802.33928073,5.376932676881552e-09,0,0,1,0.0,0.0,0
555,196200000.0,1,0.0,13533575.37706009,24792713902,38.39917568564943,420.0,1,6.146786626248106e+20,8957898.357067704,32798935806143.168,4940961.320439612,3.073426112059859e+20,8925802.33928073,5.376932676881552e-09,0,0,1,0.0,0.0,0
556,196200000.0,1,0.0,13562961.346131466,24841513902,38.399068377307486,420.0,1,6.171008129416426e+20,8858640.427718187,32421086962400.727,4940961.320439612,3.0855364857951755e+20,8913557.938689675,3.179593477398157e-09,0,0,1,0.0,0.0,0
557,196200000.0,1,0.0,13592339.248013817,24890313902,38.39896219181474,420.0,1,6.195277261384746e+20,8759382.49836867,32053480013835.496,4940961.320439612,3.097670684172387e+20,8913557.938689675,3.179593477398157e-09,0,0,1,0.0,0.0,0
558,196200000.0,1,0.0,13621709.351613455,24939113902,38.39885710547919,420.0,1,6.219594022153067e+20,8660124.569019152,31696114960447.477,4940961.320439612,3.109828707191494e+20,8913557.938689675,3.179593477398157e-09,0,0,1,0.0,0.0,0
559,196200000.0,1,0.0,13651071.916873125,24987913902,38.39875309533149,420.0,1,6.243958411721386e+20,8560866.639669634,31348991802236.668,4940961.320439612,3.122010554852495e+20,8913557.938689675,3.179593477398157e-09,0,0,1,0.0,0.0,0
560,196200000.0,1,0.0,13679017.35779656,25036713902,38.3986501390972,420.0,1,6.268370430089707e+20,8461608.710320117,31012110539203.074,4940961.320439612,3.1342162271553926e+20,8845885.749524571,3.572495188564062e-09,0,0,1,0.0,0.0,0
561,196200000.0,1,0.0,13705902.246424109,25085513902,38.398580986192876,420.0,1,6.292830077258027e+20,8362350.7809705995,30685471171346.69,4940961.320439612,3.146445724100185e+20,8795317.358997282,1.0382791515439749e-08,0,0,1,0.0,0.0,0
562,196200000.0,1,0.0,13732780.325697092,25134313902,38.398512864816524,420.0,1,6.317337353226348e+20,8263092.851621082,30369073698667.52,4940961.320439612,3.1586990456868726e+20,8795317.358997282,1.0382791515439749e-08,0,0,1,0.0,0.0,0
563,196200000.0,1,0.0,13759651.822593994,25183113902,38.39844575475047,420.0,1,6.341892257994667e+20,8163834.9222715655,30062918121165.56,4940961.320439612,3.1709761919154546e+20,8795317.358997282,1.0382791515439749e-08,0,0,1,0.0,0.0,0
564,196200000.0,1,0.0,13786516.956527347,25231913902,38.39837963637334,420.0,1,6.366494791562988e+20,8064576.992922048,29767004438840.812,4940961.320439612,3.1832771627859326e+20,8795317.358997282,1.0382791515439749e-08,0,0,1,0.0,0.0,0
565,196200000.0,1,0.0,13814040.265567617,25280713902,38.39831449063815,420.0,1,6.391144953931309e+20,7965319.063572531,29481332651693.277,4940961.320439612,3.195601958298306e+20,8843148.828958118,1.0528310667723417e-08,0,0,1,0.0,0.0,0
566,196200000.0,1,0.0,13841557.628771948,25329513902,38.39825029905126,420.0,1,6.415842745099628e+20,7866061.134223014,29205902759722.953,4940961.320439612,3.207950578452574e+20,8843148.828958118,1.0528310667723417e-08,0,0,1,0.0,0.0,0
567,196200000.0,1,0.0,13869069.244334882,25378313902,38.398187043652335,420.0,1,6.440588165067949e+20,7766803.204873497,28940714762929.844,4940961.320439612,3.2203230232487376e+20,8843148.828958118,1.0528310667723417e-08,0,0,1,0.0,0.0,0
568,196200000.0,1,0.0,13896575.303844446,25427113902,38.39812470699513,420.0,1,6.465381213836269e+20,7667545.275523979,28685768661313.94,4940961.320439612,3.232719292686796e+20,8843148.828958118,1.0528310667723417e-08,0,0,1,0.0,0.0,0
569,196200000.0,1,0.0,13923161.26464297,25475913902,38.39809222667903,420.0,1,6.490221891404589e+20,7568287.171456914,28441064183450.516,4940961.320439612,3.245139386766478e+20,8799241.891703628,4.9112713895738125e-09,0,0,1,0.0,0.0,0
570,196200000.0,1,0.0,13949742.033618296,25524713902,38.39806081481966,420.0,1,6.515110197772909e+20,7469029.06738985,28206601642347.223,4940961.320439612,3.257583305488097e+20,8799241.891703628,4.9112713895738125e-09,0,0,1,0.0,0.0,0
571,196200000.0,1,0.0,13976317.783831205,25573513902,38.39803045678853,420.0,1,6.54004613294123e+20,7369770.963322785,27982381038004.06,4940961.320439612,3.270051048851653e+20,8799241.891703628,4.9112713895738125e-09,0,0,1,0.0,0.0,0
572,196200000.0,1,0.0,14002888.682573775,25622313902,38.398001138415424,420.0,1,6.56502969690955e+20,7270512.85925572,27768402370421.027,4940961.320439612,3.2825426168571455e+20,8799241.891703628,4.9112713895738125e-09,0,0,1,0.0,0.0,0
573,196200000.0,1,0.0,14028568.346119793,25671113902,38.398001492437295,420.0,1,6.59006088967787e+20,7171254.755188655,27564665639598.125,4940961.320439612,3.2950580095045743e+20,8756687.710493186,5.347828846424818e-09,0,0,1,0.0,0.0,0
574,196200000.0,1,0.0,14054243.476236312,25719913902,38.39800319389034,420.0,1,6.61513971124619e+20,7071996.65112159,27371170845535.355,4940961.320439612,3.307597226793941e+20,8756687.710493186,5.347828846424818e-09,0,0,1,0.0,0.0,0
575,196200000.0,1,0.0,14079914.224037636,25768713902,38.39800623437922,420.0,1,6.640266161614511e+20,6972738.547054525,27187917988232.72,4940961.320439612,3.320160268725244e+20,8756687.710493186,5.347828846424818e-09,0,0,1,0.0,0.0,0
576,196200000.0,1,0.0,14105580.735600943,25817513902,38.39801060598219,420.0,1,6.66544024078283e+20,6873480.442987461,27014907067690.21,4940961.320439612,3.332747135298483e+20,8756687.710493186,5.347828846424818e-09,0,0,1,0.0,0.0,0
577,196200000.0,1,0.0,14131243.152134169,25866313902,38.398016301239586,420.0,1,6.690661948751151e+20,6774222.338920395,26852138083907.836,4940961.320439612,3.3453578265136595e+20,8756687.710493186,5.347828846424818e-09,0,0,1,0.0,0.0,0
578,196200000.0,1,0.0,14156908.689016098,25915113902,38.39802316662344,420.0,1,6.715931285519472e+20,6674879.288319931,26699357435768.86,4940961.320439612,3.357992342117172e+20,8757027.496626783,6.693881005048752e-09,0,0,1,0.0,0.0,0
579,196200000.0,1,0.0,14182873.246102145,25963913902,38.39803134434422,420.0,1,6.741248251087791e+20,6575536.237719468,26556832247974.984,4940961.320439612,3.3706506823761435e+20,8778832.464947138,6.853952072560787e-09,0,0,1,0.0,0.0,0
580,196200000.0,1,0.0,14208841.110773183,26012713902,38.39804082822601,420.0,1,6.766612845456112e+20,6476193.187119003,26424562520526.21,4940961.320439612,3.3833328472905764e+20,8779336.940903254,6.548361852765083e-09,0,0,1,0.0,0.0,0
581,196200000.0,1,0.0,14235448.361979894,26061513902,38.398017456312125,420.0,1,6.792025068624432e+20,6356544.0872749435,26247194513684.15,4940961.320439612,3.39603878150673e+20,8785018.125159638,9.466020856052637e-09,0,0,1,0.0,0.0,0
582,196200000.0,1,0.0,14261541.076158132,26110313902,38.39799603156652,420.0,1,6.817484920592753e+20,6243027.953366534,26084220300456.598,4940961.320439612,3.4087685445166766e+20,8760486.261417031,9.15315467864275e-09,0,0,1,0.0,0.0,0
583,196200000.0,1,0.0,14287630.449020334,26159113902,38.397976534928915,420.0,1,6.842992401361072e+20,6173497.125652719,25932243281212.676,4940961.320439612,3.4215221329238177e+20,8760486.261417031,9.15315467864275e-09,0,0,1,0.0,0.0,0
584,196200000.0,1,0.0,14312691.342041604,26207913902,38.3979705790221,420.0,1,6.868547510929393e+20,6120513.96905779,25804443220942.51,4940961.320439612,3.434299559907917e+20,8711274.266116813,7.4214767664670944e-09,0,0,1,0.0,0.0,0
585,196200000.0,1,0.0,14338913.308168711,26256713902,38.397965755057015,420.0,1,6.894150249297714e+20,6067530.812462861,25682257590437.875,4940961.320439612,3.447100806906447e+20,8794747.149244606,1.0113581083714962e-08,0,0,1,0.0,0.0,0
586,196200000.0,1,0.0,14365132.256097417,26305513902,38.39796255805975,420.0,1,6.919800616466033e+20,6014547.655867932,25565686389698.76,4940961.320439612,3.459925873919406e+20,8794747.149244606,1.0113581083714962e-08,0,0,1,0.0,0.0,0
587,196200000.0,1,0.0,14391348.28643433,26354313902,38.3979609774776,420.0,1,6.945498612434354e+20,5961564.499273003,25454729618725.176,4940961.320439612,3.472774760946796e+20,8794747.149244606,1.0113581083714962e-08,0,0,1,0.0,0.0,0
588,196200000.0,1,0.0,14417561.496432515,26403113902,38.397961003287946,420.0,1,6.971244237202674e+20,5908581.342678075,25349387277517.113,4940961.320439612,3.4856474679886145e+20,8794747.149244606,1.0113581083714962e-08,0,0,1,0.0,0.0,0
589,196200000.0,1,0.0,14443339.831303457,26451913902,38.3979626259876,420.0,1,6.997037490770993e+20,5855598.186083145,25249659366074.58,4940961.320439612,3.498543995044863e+20,8770380.03665017,9.022187441587448e-09,0,0,1,0.0,0.0,0
590,196200000.0,1,0.0,14469115.530724542,26500713902,38.39796583658263,420.0,1,7.022878373139314e+20,5802615.029488217,25155545884397.57,4940961.320439612,3.511464342115541e+20,8770380.03665017,9.022187441587448e-09,0,0,1,0.0,0.0,0
591,196200000.0,1,0.0,14494888.6825441,26549513902,38.39797062657864,420.0,1,7.048766884307635e+20,5749631.872893288,25067046832486.086,4940961.320439612,3.52440850920065e+20,8770380.03665017,9.022187441587448e-09,0,0,1,0.0,0.0,0
592,196200000.0,1,0.0,14520659.371682175,26598313902,38.39797698797153,420.0,1,7.074703024275955e+20,5696648.7162983585,24984162210340.125,4940961.320439612,3.537376496300188e+20,8770380.03665017,9.022187441587448e-09,0,0,1,0.0,0.0,0
593,196200000.0,1,0.0,14546427.680228157,26647113902,38.397984913238695,420.0,1,7.100686793044275e+20,5643665.55970343,24906892017959.69,4940961.320439612,3.550368303414155e+20,8770380.03665017,9.022187441587448e-09,0,0,1,0.0,0.0,0
594,196200000.0,1,0.0,14572193.68753511,26695913902,38.397994395330585,420.0,1,7.126718190612595e+20,5590682.403108501,24835236255344.785,4940961.320439612,3.563383930542553e+20,8770380.03665017,9.022187441587448e-09,0,0,1,0.0,0.0,0
595,196200000.0,1,0.0,14597957.470311005,26744713902,38.39800542766279,420.0,1,7.152797216980916e+20,5537699.246513572,24769194922495.402,4940961.320439612,3.5764233776853805e+20,8770380.03665017,9.022187441587448e-09,0,0,1,0.0,0.0,0
596,196200000.0,1,0.0,14623719.096061233,26793513902,38.398018004223665,420.0,1,7.178923872149235e+20,5484716.169666372,24708768106137.97,4940961.320439612,3.589486644842724e+20,8770379.717659254,8.803908713161945e-09,0,0,1,0.0,0.0,0
597,196200000.0,1,0.0,14649473.319675991,26842313902,38.398032119219245,420.0,1,7.205098156117556e+20,5431733.092819172,24653955702644.926,4940961.320439612,3.6025737320144804e+20,8770124.192789814,9.560608305037022e-09,0,0,1,0.0,0.0,0
598,196200000.0,1,0.0,14675225.533880083,26891113902,38.39804776741653,420.0,1,7.231320068885877e+20,5378750.015971973,24604757712016.277,4940961.320439612,3.61568463920065e+20,8770124.192789814,9.560608305037022e-09,0,0,1,0.0,0.0,0
599,196200000.0,1,0.0,14700934.162950251,26939913902,38.39806494401958,420.0,1,7.257589610454196e+20,5325766.939124772,24561174134252.02,4940961.320439612,3.628819366401232e+20,8767125.918129673,1.0128132998943329e-08,0,0,1,0.0,0.0,0
