scheduler,scenario,seed,horizon_s,secure_goodput_bps,secrecy_outage_rate,rekey_events,mean_queue,mean_aos,max_aos
shortest_path,nominal,0,3600,196379555.55555555,0.19927777777777778,3619,87219100666.66667,175.12286168541274,3719.0
aos_ideal,nominal,0,3600,241862630.73855105,3.930888888888889,71483,11072826904.248056,739.3532295663815,3719.0
aos_backpressure,nominal,0,3600,244823897.76951873,0.08105555555555556,1610,434654007.3088889,5.452123391747537,383.433804191633
