t,secure_bps,violations,k_min,k_mean,q_total,aos_mean,aos_max,rekey,q_sumsq,z_l1,z_sumsq,z_max,lyapunov,key_inflow,key_overflow,cg_iters,cg_columns,cg_converged,obj_lp,obj_greedy,key_blocked_edges
0,245000000.0,0,2109375.0,2425130.2083333335,0,0.8811589100178921,0.9476988686844755,0,0.0,762500.0,145351562500.0,190625.0,14535156250000.0,7200000.0,0.0,0,0,1,0.0,0.0,0
1,245000000.0,0,1796875.0,2350260.4166666665,0,1.9315194519902665,2.1124243899047483,0,0.0,918750.0,229335937500.0,346875.0,22933593750000.0,7200000.0,0.0,0,0,1,0.0,0.0,0
2,245000000.0,0,1640625.0,2275390.625,0,3.0512916738522198,3.218305033122668,0,0.0,1065625.0,237236328125.0,303125.0,23723632812500.0,7200000.0,0.0,0,0,1,0.0,0.0,0
3,245000000.0,0,1160095.3703703706,2202363.7602880658,0,4.1463299723175515,4.722511389707835,0,0.0,1221875.0,531513671875.0,650000.0,53151367187500.0,7200000.0,0.0,0,0,1,0.0,0.0,0
4,245000000.0,0,1203845.3703703706,2133063.8887423268,0,3.9617859793449237,5.659964049482299,0,0.0,1368491.4378233051,512792081597.3347,606250.0,51279208159733.47,7200517.124353389,2.992237568832934e-10,0,0,1,0.0,0.0,0
5,245000000.0,0,856970.3703703706,2097097.3505299208,0,5.554613305254539,7.3310828311432665,0,0.0,1525000.0,1017460937500.0,953125.0,101746093750000.0,7200517.124353389,2.992237568832934e-10,0,0,1,0.0,0.0,0
6,245000000.0,0,900720.3703703706,2083353.0345397373,0,5.385542653310977,8.217982498475136,0,0.0,1671616.4378233051,972215909722.3347,909375.0,97221590972233.47,7200517.124353389,2.992237568832934e-10,0,0,1,0.0,0.0,0
7,245000000.0,0,944470.3703703706,2069608.7185495538,0,6.148160368426352,9.115349208898568,0,0.0,2390107.8756466103,1330318717014.3389,865625.0,133031871701433.89,7200517.124353389,2.992237568832934e-10,0,0,1,0.0,0.0,0
8,245000000.0,0,597595.3703703706,2064083.4719667488,0,8.167612657497315,11.34115514251728,0,0.0,2505396.519838041,1709141886968.4895,1212500.0,170914188696848.94,7206922.711617138,0.0,0,0,1,0.0,0.0,0
9,245000000.0,0,641345.3703703706,2061628.2000672247,0,7.563061777844136,12.11358981048905,0,0.0,2648810.164029472,1913634922576.5542,1168750.0,191363492257655.4,7206922.711617138,0.0,0,0,1,0.0,0.0,0
10,245000000.0,0,685095.3703703706,2071091.483917887,0,6.631068168677135,12.915046633998351,0,0.0,3352358.8038098193,2505975899980.721,1125000.0,250597589998072.12,7253882.729261473,9.458744898438454e-11,0,0,1,0.0,0.0,0
11,245000000.0,0,338220.37037037057,2081051.7680640395,0,9.015941636399079,16.89587234344548,0,0.0,3444167.439179083,2769935237325.6104,1471875.0,276993523732561.03,7253882.729261473,9.458744898438454e-11,0,0,1,0.0,0.0,0
12,245000000.0,0,381970.37037037057,2091012.0522101915,0,7.765198595435424,17.222336125026594,0,0.0,3587581.0833705137,3206049540451.9204,1428125.0,320604954045192.06,7253882.729261473,9.458744898438454e-11,0,0,1,0.0,0.0,0
13,245000000.0,0,425720.37037037057,2100973.3360285866,0,6.191004004628503,17.686910067743206,0,0.0,4291129.7231508605,4030067315698.7695,1384375.0,403006731569876.94,7253918.717462234,4.862670266447822e-10,0,0,1,0.0,0.0,0
14,245000000.0,0,78845.37037037057,2110934.6198469824,0,10.312318819212459,39.04841533983503,0,0.0,4382938.358520124,4197562107651.1523,1731250.0,419756210765115.25,7253918.717462234,4.862670266447822e-10,0,0,1,0.0,0.0,0
15,245000000.0,0,278845.37037037057,2103534.792554266,0,7.150719412145435,17.51651462724127,0,0.0,4682602.002711555,4861421030238.287,1531250.0,486142103023828.7,7253918.717462234,4.862670266447822e-10,0,0,1,0.0,0.0,0
16,245000000.0,0,322595.37037037057,2113496.076372662,0,7.665158819716236,22.18055813873636,0,0.0,5386150.642491903,6048846429637.641,1487500.0,604884642963764.0,7253918.717462234,4.862670266447822e-10,0,0,1,0.0,0.0,0
17,238784414.81481487,1,0.0,2126155.0968165714,6215585,19.744283942863444,137.0,1,38633499194292.92,5380840.759342648,5771478934992.458,1810095.3703703706,596464643096392.2,7253918.717462234,4.862670266447822e-10,0,0,1,0.0,0.0,0
18,251215585.18518513,0,200000.0,2116057.532898342,0,8.925494307908842,21.39431577822546,0,0.0,5850461.810941486,7212905540921.69,1610095.3703703706,721290554092169.0,7253918.717462234,4.862670266447822e-10,0,0,1,0.0,0.0,0
19,245000000.0,0,243750.0,2136869.511161181,0,10.210823600927421,27.171603677221654,0,0.0,5551645.446310749,5620565141831.594,1566345.3703703706,562056514183159.4,7253918.717462234,4.862670266447822e-10,0,0,1,0.0,0.0,0
20,218600000.0,1,0.0,2158289.12831291,26400000,21.321882723000122,140.0,1,696960000000000.0,5040329.081680013,5263152771634.625,1810095.3703703706,874795277163462.5,7253918.717462234,4.862670266447822e-10,0,0,1,0.0,0.0,0
21,271400000.0,0,200000.0,2139430.967686861,0,10.116697738092533,23.87575155636739,0,0.0,5813387.717049276,7041409665307.086,1610095.3703703706,704140966530708.6,7253918.717462234,4.862670266447822e-10,0,0,1,0.0,0.0,0
22,207400000.0,1,0.0,2165711.695949701,37600000,22.38620542156542,142.0,1,1413760000000000.0,5317696.35241854,6248089709861.209,1810095.3703703706,1331688970986121.0,7253918.717462234,4.862670266447822e-10,0,0,1,0.0,0.0,0
23,282600000.0,0,116428.34119231277,2154795.7104775864,0,12.583589594775372,26.58441972227385,0,0.0,6211955.009843222,8173700983221.005,1610095.3703703706,817370098322100.5,7253918.717462234,4.862670266447822e-10,0,0,1,0.0,0.0,0
24,207400000.0,1,0.0,2180373.886664403,37600000,23.352792901882804,144.0,1,1413760000000000.0,5716263.645212485,7159354300298.509,1810095.3703703706,1422815430029851.0,7253918.717462234,4.862670266447822e-10,0,0,1,0.0,0.0,0
25,282600000.0,0,43750.0,2189033.4250072935,0,16.54615336735219,69.6927374301676,1,0.0,5949646.435955234,6756757600524.831,1766345.3703703706,675675760052483.1,7295770.406716629,1.0090115409866485e-09,0,0,1,0.0,0.0,0
26,245000000.0,0,87500.0,2177300.989136895,0,14.393329581515815,48.59887005649718,0,0.0,6401779.226697983,7097013185412.298,1722595.3703703706,709701318541229.8,7295770.406716629,1.0090115409866485e-09,0,0,1,0.0,0.0,0
27,245000000.0,0,133790.2686481612,2198326.0635990035,0,9.607814546996355,28.225302496553837,0,0.0,5657845.533376677,5980215488019.285,1676305.1017222095,598021548801928.5,7305931.481309274,1.3077805505190554e-09,0,0,1,0.0,0.0,0
28,245000000.0,0,180080.5372963224,2208426.6131657395,0,7.525409837823141,31.175382552742956,0,0.0,5957758.174044771,7075902325384.545,1630014.8330740484,707590232538454.5,7305947.097610945,1.32005872899299e-09,0,0,1,0.0,0.0,0
29,202950926.3217878,1,0.0,2236705.8399761296,42049074,16.182890567918434,120.0,1,1768124597195717.8,5366535.843118297,6171197454049.963,1810095.3703703708,1501182044002855.0,7305947.097610945,1.3382486230284485e-09,0,0,1,0.0,0.0,0
30,287049073.67821217,0,36175.6046930413,2210524.4632413792,0,15.74590610877664,53.79872140652413,2,0.0,6642341.843491991,9126224039192.309,1607555.1017222097,912622403919230.9,7305947.097610945,1.3077805505190554e-09,0,0,1,0.0,0.0,0
31,208700617.54785854,1,0.0,2243764.232837616,36299382,16.42743706171198,120.0,1,1317645166406836.8,6140958.437972872,7930065165535.598,1810095.3703703708,1451829099756978.0,7305947.097610945,1.3236967078000816e-09,0,0,1,0.0,0.0,0
32,281299382.45214146,0,46290.268648161174,2251593.262136724,0,13.297748656983531,42.29199911888781,1,2.220446049250313e-16,6197761.271379495,6580961394805.887,1763805.1017222097,658096139480588.6,7305947.097610945,1.325970444554514e-09,0,0,1,0.0,0.0,0
33,245000000.0,0,92580.53729632235,2260457.237091059,0,9.474191202683462,35.922518868103055,0,0.0,6266093.330251713,7502346554059.994,1717514.8330740486,750234655405999.4,7305952.407754015,8.348433055971327e-10,0,0,1,0.0,0.0,0
34,245000000.0,0,138870.80594448355,2279069.7203236436,0,11.762363796130364,38.05091041360686,0,0.0,5930074.482444668,6992707659732.984,1671224.5644258875,699270765973298.5,7305952.407754015,7.184279837701979e-10,0,0,1,0.0,0.0,0
35,245000000.0,0,185161.0745926447,2281945.1033354914,0,9.298189038743777,41.59867444614218,0,0.0,6429985.795576994,8444273060753.448,1624934.2957777265,844427306075344.9,7305952.407754015,7.766356446836653e-10,0,0,1,0.0,0.0,0
36,204251543.8696463,1,0.0,2302393.2020024527,40748456,17.27295908428367,120.0,1,1660436677007359.2,5859082.958764274,7275585309453.2295,1810095.3703703713,1557776869449002.5,7305952.407754015,6.311164923999968e-10,0,0,1,0.0,0.0,0
37,285748456.1303537,0,46290.268648161174,2293199.0306464448,0,14.446059316718234,50.04695105669398,1,0.0,7116704.392119228,10320062124022.596,1763805.1017222102,1032006212402259.6,7316160.909004961,7.971721061039716e-10,0,0,1,0.0,0.0,0
38,245000000.0,0,92580.53729632235,2285178.748863566,0,11.16703452488613,39.27918132395267,0,0.0,7170539.206264908,8299221563017.247,1717514.833074049,829922156301724.8,7316160.909004961,2.1373125491663814e-10,0,0,1,0.0,0.0,0
39,245000000.0,0,130113.18575116666,2271761.0333124283,0,15.29999220015873,40.60148524169575,0,0.0,7307152.018383879,9085908406397.941,1671224.564425888,908590840639794.1,7316160.909004961,2.319211489520967e-10,0,0,1,0.0,0.0,0
40,192401235.09571704,1,0.0,2311194.9584084055,52598765,18.10188911521885,120.0,1,2766630069456028.5,6224260.480701495,7648391441358.665,1810095.3703703715,2148154178863880.8,7316160.909004961,1.737134880386293e-10,0,0,1,0.0,0.0,0
41,281597081.5259062,1,0.0,2310573.9078595997,16001683,31.63563205129742,120.0,3,256053870941819.78,7286626.192676105,10458057813462.098,1763805.1017222104,1173832716817119.8,7316160.909004961,2.319211489520967e-10,0,0,1,0.0,0.0,0
42,261001683.37837678,0,92580.53729632235,2305241.65901948,0,8.88265040248924,43.324180225048515,0,0.0,7646460.01267795,8649694777390.143,1717514.8330740493,864969477739014.2,7339473.143713549,7.09405867382884e-10,0,0,1,0.0,0.0,0
43,245000000.0,0,138870.80594448355,2330554.0129555953,0,9.812744688301704,44.67456569325404,0,0.0,6712510.954195873,6957757281218.638,1671224.5644258882,695775728121863.8,7339473.143713549,1.623448042664677e-10,0,0,1,0.0,0.0,0
44,245000000.0,0,185161.0745926447,2350133.8153799474,0,7.02232334585342,47.17921975571686,0,0.0,6654135.520686325,7938102108045.035,1624934.2957777272,793810210804503.5,7339473.143713549,3.2014213502407074e-10,0,0,1,0.0,0.0,0
45,204251543.8696463,1,0.0,2387316.1127530327,40748456,14.992139270698532,120.0,1,1660436677007359.2,6083232.683873604,6949420066794.89,1810095.370370372,1525160345183168.5,7339473.143713549,1.7462298274040222e-10,0,0,1,0.0,0.0,0
46,285748456.1303537,0,46290.268648161174,2388608.616041778,0,13.217499173298853,50.172869349322944,1,0.0,6995161.647552906,9575179673442.934,1763805.1017222109,957517967344293.4,7339473.143713549,2.6193447411060333e-10,0,0,1,0.0,0.0,0
47,245000000.0,0,92580.53729632235,2409372.9448714363,0,11.141142925866115,48.47079786388692,0,0.0,6672868.706425123,7726649243315.641,1717514.8330740498,772664924331564.0,7339473.143713549,2.2373569663614035e-10,0,0,1,0.0,0.0,0
48,245000000.0,0,81093.41709872102,2417524.094041067,0,10.254061678859143,52.092812604311746,0,0.0,6804359.273817558,9051650922125.156,1671224.5644258887,905165092212515.6,7339473.143713549,2.419255906715989e-10,0,0,1,0.0,0.0,0
49,192401235.09571704,1,0.0,2448431.686080681,52598765,15.484207709491642,120.0,1,2766630069456028.5,6102717.736135173,7685910850104.565,1810095.3703703722,2151906119738470.8,7339473.143713549,2.651177055668086e-10,0,0,1,0.0,0.0,0
50,297598764.9042829,0,46290.268648161174,2451223.6392999813,0,13.584893247680002,51.46657968727572,1,0.0,6396816.571229456,6645275496988.706,1763805.101722211,664527549698870.6,7339473.143713549,2.419255906715989e-10,0,0,1,0.0,0.0,0
51,245000000.0,0,92580.53729632235,2459163.3491811077,0,7.9482035574623415,53.86517963244982,0,0.0,6465148.630101672,7388060842991.064,1717514.83307405,738806084299106.5,7339473.143713549,4.747562343254685e-10,0,0,1,0.0,0.0,0
52,245000000.0,0,106781.74501752964,2467037.224863239,0,9.547979235479525,55.941573946236886,0,0.0,6607915.600939505,8661017556537.458,1671224.564425889,866101755653745.8,7339473.143713549,7.075868779793382e-10,0,0,1,0.0,0.0,0
53,245000000.0,0,185161.0745926447,2485855.617917793,0,6.407805713154968,54.27138126555309,0,0.0,6282788.33204559,6920914122697.346,1624934.2957777278,692091412269734.6,7345141.799245815,8.099050319287926e-10,0,0,1,0.0,0.0,0
54,204251543.8696463,1,0.0,2511447.7599885296,40748456,11.216863892289885,120.0,1,1660436677007359.2,5518426.167466736,6123596572394.623,1810095.3703703727,1442577995743142.0,7345141.799245815,7.937615009723231e-10,0,0,1,0.0,0.0,0
55,285748456.1303537,0,5936.834197442047,2486448.693731951,0,16.331465333413306,120.0,2,0.0,6592493.870556472,8758794617101.038,1607555.1017222116,875879461710103.8,7345141.799245815,7.669314072700217e-10,0,0,1,0.0,0.0,0
56,208700617.54785854,1,0.0,2509992.8609243236,36299382,11.157320766802924,120.0,1,1317645166406836.8,6088273.482199684,7701698610135.049,1810095.3703703727,1428992444216923.2,7345141.799245815,7.755716069368646e-10,0,0,1,0.0,0.0,0
57,281299382.45214146,0,202540.26864816117,2517976.2854689676,0,10.237696096102011,58.18735036695477,0,2.220446049250313e-16,6142239.33276864,6219311317731.093,1607555.1017222116,621931131773109.2,7345141.799245815,7.814833224983886e-10,0,0,1,0.0,0.0,0
58,245000000.0,0,220515.58013654844,2530160.4387237956,0,2.8805747717212333,9.028710300048166,0,0.0,6207737.063874724,6906414277348.784,1561264.8330740505,690641427734878.4,7345141.799245815,8.956249075708911e-10,0,0,1,0.0,0.0,0
59,220550926.32178777,1,0.0,2548400.029891043,24449074,11.05191002012124,120.0,1,597757203722649.9,5688677.7501105815,6391268132829.537,1810095.370370373,938005415144278.8,7345141.799245815,8.0831341620069e-10,0,0,1,0.0,0.0,0
60,269449073.6782122,0,46290.268648161174,2550921.8267964516,0,6.661256719641144,42.29199911888781,1,0.0,6189592.722794792,8026208161529.567,1763805.1017222118,802620816152956.8,7345141.799245815,8.833467290969566e-10,0,0,1,0.0,0.0,0
61,245000000.0,0,92580.53729632235,2573361.2047690046,0,8.052017884419747,61.955202084882615,0,0.0,5864465.4539008755,6566032932872.48,1717514.8330740507,656603293287248.0,7345141.799245815,8.978986443253234e-10,0,0,1,0.0,0.0,0
62,245000000.0,0,138870.80594448355,2588608.9056260595,0,7.514543435020335,63.050876739240266,0,0.0,5539338.185006959,5653823944397.778,1671224.5644258896,565382394439777.9,7345141.799245815,7.669314072700217e-10,0,0,1,0.0,0.0,0
63,245000000.0,0,185161.0745926447,2592906.082724911,0,2.478016763073632,10.743384482370306,0,0.0,5604835.916113044,6122186638208.883,1624934.2957777285,612218663820888.2,7345141.799245815,7.901235221652314e-10,0,0,1,0.0,0.0,0
64,245000000.0,0,228911.0745926447,2607745.763565503,0,7.364082373714564,65.04572551135504,0,0.0,5282248.915356684,5239449313833.037,1581184.2957777285,523944931383303.7,7334980.7256743815,1.143462213804014e-09,0,0,1,0.0,0.0,0
65,245000000.0,0,274531.0230904046,2611797.2940554945,0,2.143837266666476,7.258710752668237,0,0.0,5348416.966102564,5718335081781.394,1535564.3472799687,571833508178139.4,7342460.519665421,1.1889369488926604e-09,0,0,1,0.0,0.0,0
66,226958648.7265701,1,0.0,2623589.096697423,18041351,10.996240643832634,120.0,1,325490355771290.7,5003720.7417792035,5673158385697.293,1810095.3703703731,730061016455374.6,7342460.519665421,1.1880274541908875e-09,0,0,1,0.0,0.0,0
67,263041351.2734299,0,151398.59650772763,2607827.278980097,0,2.801446406329377,13.123480437686226,0,0.0,5653157.691314617,7030141601731.979,1608225.4218726133,703014160173197.9,7342460.519665421,1.1598331184359267e-09,0,0,1,0.0,0.0,0
68,245000000.0,0,247489.8969955198,2622467.8949163887,0,7.457485887223646,68.86135508964217,0,0.0,5328700.742060497,5815202962380.656,1562605.4733748534,581520296238065.6,7342460.519665421,1.2821601558243856e-09,0,0,1,0.0,0.0,0
69,220036120.44627962,1,0.0,2637992.926531244,24963880,11.041830653597772,120.0,1,623195282372658.6,4996371.114395663,5707381342047.734,1810095.3703703731,882335775391102.8,7389574.828707217,6.118625606177375e-10,0,0,1,0.0,0.0,0
70,269963879.55372036,0,201872.84699452715,2633061.1122271353,0,7.180417384498082,70.77952263417617,0,0.0,5383651.141421572,6244692624106.218,1608222.523375846,624469262410621.8,7393254.058269396,1.7350885173073038e-09,0,0,1,0.0,0.0,0
71,245000000.0,0,247495.6939890543,2656660.1675755214,0,7.725042968803657,71.84208832388741,0,0.0,5037735.447416121,5167865632741.067,1562599.6763813188,516786563274106.75,7393254.058269396,1.438365870853886e-09,0,0,1,0.0,0.0,0
72,245000000.0,0,293118.54098358145,2661198.399214376,0,2.1779128470250253,6.799979332522413,0,0.0,5128481.179217934,5741463132912.559,1516976.8293867917,574146313291255.9,7393254.058269396,1.3219505490269512e-09,0,0,1,0.0,0.0,0
73,231717795.3223958,1,0.0,2671430.35110313,13282205,10.953846098500877,120.0,1,176416961097770.84,4973835.052664104,5735981250299.045,1810095.3703703731,661806605578789.9,7393254.058269396,1.3219505490269512e-09,0,0,1,0.0,0.0,0
74,258282204.6776042,0,201872.84699452715,2671279.134529939,0,7.425926179538929,74.70952234237588,0,0.0,5238627.386304745,6106393051278.972,1608222.523375846,610639305127897.1,7393254.058269396,1.2694272299995646e-09,0,0,1,0.0,0.0,0
75,245000000.0,0,247495.6939890543,2697572.828658078,0,8.069705900078132,75.76098497748195,0,0.0,4894611.5887976205,5018342707922.212,1562599.6763813188,501834270792221.2,7393254.058269396,1.3219505490269512e-09,0,0,1,0.0,0.0,0
76,245000000.0,0,293118.54098358145,2703152.949721479,0,2.122170513323384,6.799979332522413,0,0.0,5002478.335116106,5612485025782.901,1516976.8293867917,561248502578290.1,7393256.194661957,1.387434167554602e-09,0,0,1,0.0,0.0,0
77,231717795.3223958,1,0.0,2712915.8796119536,13282205,10.942825327700154,120.0,1,176416961097770.84,4891562.786352499,5605830918088.488,1810095.3703703731,648791572357734.2,7383234.224320986,1.28738975035958e-09,0,0,1,0.0,0.0,0
78,258282204.6776042,0,201872.84699452715,2712304.360067527,0,7.662367132643859,78.65105803318957,0,0.0,5156354.05179686,6004837287010.018,1608222.523375846,600483728701001.8,7383234.224320986,1.2748841982102022e-09,0,0,1,0.0,0.0,0
79,245000000.0,0,247495.6939890543,2738146.179617399,0,8.416533195925801,79.69413165739243,0,0.0,4812337.186093454,4891054824603.809,1562599.6763813188,489105482460380.9,7383234.224326875,9.708855941426009e-10,0,0,1,0.0,0.0,0
80,245000000.0,0,293118.54098358145,2745062.071407493,0,2.072171305322963,6.799979332522413,0,0.0,4920203.93241194,5514413049492.087,1516976.8293867917,551441304949208.7,7383234.224326875,9.126779332291335e-10,0,0,1,0.0,0.0,0
81,245000000.0,0,338741.3879781086,2759682.4498821995,0,8.397522249611644,81.69188045679154,0,0.0,4628070.678730426,4458573807516.861,1471353.9823922645,445857380751686.1,7383234.224326875,9.126779332291335e-10,0,0,1,0.0,0.0,0
82,243397244.15299475,1,0.0,2764095.352154801,1602756,10.881397638370082,120.0,1,2568826305109.5103,4677442.2636848185,5017055170708.62,1810095.3703703731,502989930223416.75,7383234.224326875,9.126779332291335e-10,0,0,1,0.0,0.0,0
83,246602755.84700525,0,201872.84699452715,2768281.576182278,0,7.5446222676273145,83.63807601704328,0,0.0,4608452.173614436,4729426597811.353,1608222.523375846,472942659781135.25,7383234.224326875,9.001723810797557e-10,0,0,1,0.0,0.0,0
84,245000000.0,0,247495.6939890543,2783010.2883594935,0,2.0237115633942317,8.048429201707195,0,0.0,4966988.193480503,5421479927829.721,1562599.6763813188,542147992782972.06,7383234.224326875,9.126779332291335e-10,0,0,1,0.0,0.0,0
85,245000000.0,0,293118.54098358145,2799098.9483677982,0,8.831039595566788,85.63617323477548,0,0.0,4621071.431278771,4335426528907.836,1516976.8293867917,433542652890783.6,7383234.224326875,9.126779332291335e-10,0,0,1,0.0,0.0,0
86,245000000.0,0,338741.3879781086,2802623.422095142,0,1.7762078081580022,5.88683060342613,0,0.0,4728938.177597256,4940584685367.405,1471353.9823922645,494058468536740.5,7383234.224326875,9.001723810797557e-10,0,0,1,0.0,0.0,0
87,243397244.15299475,1,0.0,2808383.1332221143,1602756,10.864315910439933,120.0,1,2568826305109.5103,4708718.216758941,5141330035818.353,1810095.3703703731,515417416734390.0,7459258.807392075,1.074795363820158e-09,0,0,1,0.0,0.0,0
88,246602755.84700525,0,201872.84699452715,2813924.067324833,0,8.05969073616325,88.5574838651456,0,0.0,4699772.40023614,5185252395625.535,1608222.523375846,518525239562553.5,7459258.807392075,1.074795363820158e-09,0,0,1,0.0,0.0,0
89,245000000.0,0,247495.6939890543,2840865.8218685775,0,9.295833479203687,89.588768168273,0,0.0,4353270.03356674,4199256328528.675,1562599.6763813188,419925632852867.5,7459258.807392075,1.0873009159695357e-09,0,0,1,0.0,0.0,0
90,245000000.0,0,293118.54098358145,2846875.1674708845,0,1.7476856674801935,6.799979332522413,0,0.0,4461136.779885226,4720588167608.001,1516976.8293867917,472058816760800.1,7459258.807392075,1.074795363820158e-09,0,0,1,0.0,0.0,0
91,245000000.0,0,338741.3879781086,2862627.203960255,0,9.277205160286458,91.58714772815233,0,0.0,4169003.5262037115,3791569937471.969,1471353.9823922645,379156993747196.94,7459258.807392075,9.874838724499568e-10,0,0,1,0.0,0.0,0
92,245000000.0,0,384364.23497263575,2867491.1966044544,0,1.5653020636220425,5.18989521729233,0,0.0,4276870.272522197,4297081098715.193,1425731.1353977374,429708109871519.3,7459258.807392075,9.874838724499568e-10,0,0,1,0.0,0.0,0
93,245000000.0,0,39362.0819671629,2872319.084827953,0,4.936753307050752,49.55145776739481,1,0.0,4373489.171846156,4635924602136.1045,1770733.2884032102,463592460213610.44,7459258.807392075,9.874838724499568e-10,0,0,1,0.0,0.0,0
94,245000000.0,0,241234.92896169005,2878327.349889217,0,8.379746342342262,94.51947407327988,0,0.0,4326978.765159168,4575999801249.336,1568860.441408683,457599980124933.6,7459258.807392075,9.874838724499568e-10,0,0,1,0.0,0.0,0
95,245000000.0,0,286857.7759562172,2905481.0862038424,0,9.726338942447251,95.54653428230945,0,0.0,4029653.3388665006,3699620763409.1313,1523237.594414156,369962076340913.1,7480027.497836689,1.0727490007411689e-09,0,0,1,0.0,0.0,0
96,245000000.0,0,332480.62295074435,2911147.4582658163,0,1.5449794224152342,5.997349957857682,0,0.0,4125350.911071679,4130059363795.6787,1477614.7474196288,413005936379567.9,7504366.103871977,1.2821601558243856e-09,0,0,1,0.0,0.0,0
97,245000000.0,0,378103.4699452715,2927650.028086568,0,9.752103311735063,97.54513770522593,0,0.0,3820639.911280749,3280865022925.622,1431991.9004251016,328086502292562.2,7505183.505672865,1.4204033504938707e-09,0,0,1,0.0,0.0,0
98,245000000.0,0,423726.31693979865,2933271.4284360223,0,1.39295123889251,4.708914706322479,0,0.0,3915928.9114898196,3687101395496.9106,1386369.0534305745,368710139549691.06,7505183.505672865,1.4204033504938707e-09,0,0,1,0.0,0.0,0
99,245000000.0,0,78724.1639343258,2938863.369592849,0,2.855081365741538,25.086497007952765,0,0.0,3999970.064704363,4086885646237.099,1731371.2064360473,408688564623709.94,7505183.505672865,1.4204033504938707e-09,0,0,1,0.0,0.0,0
100,245000000.0,0,280597.01092885295,2945642.111307915,0,8.716336180297349,100.48631653890058,0,0.0,3940881.91190796,3932202463587.3223,1529498.3594415202,393220246358732.25,7505183.505672865,1.4204033504938707e-09,0,0,1,0.0,0.0,0
101,245000000.0,0,326219.8579233801,2971723.4944955097,0,10.181154711700005,101.50995394727052,0,0.0,3636170.9121170305,3160908898324.344,1483875.512446993,316090889832434.44,7505183.505672865,1.4329089026432484e-09,0,0,1,0.0,0.0,0
102,245000000.0,0,371842.70491790725,2977232.8200743184,0,1.3729426939734528,5.364192388960276,0,0.0,3731459.912326101,3498549718283.118,1438252.6654524659,349854971828311.8,7505183.505672865,1.4204033504938707e-09,0,0,1,0.0,0.0,0
103,245000000.0,0,417465.5519124344,2993567.116730634,0,10.238168528115098,103.50873785565668,0,0.0,3426748.9125351715,2776899395588.0215,1392629.8184579387,277689939558802.16,7505183.505672865,1.4204033504938707e-09,0,0,1,0.0,0.0,0
104,245000000.0,0,463088.39890696155,3000833.3287270344,0,1.2449567774565324,4.30952379915222,0,0.0,3481996.4850429455,3042470781144.2393,1347006.9714634116,304247078114423.94,7585266.361075457,9.845280146691948e-10,0,0,1,0.0,0.0,0
105,245000000.0,0,118086.2459014887,3008075.5036661066,0,2.1258192961767697,16.79455074647708,0,0.0,3525996.210556193,3518103623387.1333,1692009.1244688844,351810362338713.3,7585266.361075457,9.845280146691948e-10,0,0,1,0.0,0.0,0
106,245000000.0,0,319959.09289601585,3016509.720560873,0,9.066695524339998,106.45713786519765,0,0.0,3426866.630058494,3219720670458.9043,1490136.2774743573,321972067045890.44,7585266.361075457,9.845280146691948e-10,0,0,1,0.0,0.0,0
107,245000000.0,0,365581.939890543,3042541.5040295767,0,10.651764977021125,107.47796317617579,0,0.0,3082114.202566268,2586609795576.414,1444513.4304798301,258660979557641.4,7585266.361075457,9.970335668185726e-10,0,0,1,0.0,0.0,0
108,245000000.0,0,411204.78688507015,3049716.2692670263,0,1.2109678783487692,4.851957239782455,0,0.0,3137361.7750740424,2752914760763.8784,1398890.583485303,275291476076387.84,7585266.361075457,9.845280146691948e-10,0,0,1,0.0,0.0,0
109,245000000.0,0,456827.6338795973,3056870.045672446,0,1.2661777362609876,4.368456274804011,0,0.0,3644988.684839548,3259808136507.328,1353267.7364907758,325980813650732.8,7585266.361075457,9.845280146691948e-10,0,0,1,0.0,0.0,0
110,245000000.0,0,111825.48087412445,3064003.532873571,0,2.193511214288536,17.72649214082528,0,0.0,3586808.007268998,3569459790616.693,1698269.8894962487,356945979061669.3,7585266.361075457,1.1245901987422258e-09,0,0,1,0.0,0.0,0
111,245000000.0,0,313698.3278686516,3072332.6849549892,0,9.462402552038743,111.41423538328144,0,0.0,3509901.7222585324,3388627995025.384,1496397.0425017215,338862799502538.4,7585266.361075457,9.845280146691948e-10,0,0,1,0.0,0.0,0
112,245000000.0,0,359321.17486317875,3101245.022840576,0,11.095411927014664,112.43126240354498,0,0.0,3123107.399392002,2639570223888.575,1450774.1955071944,263957022388857.53,7585266.361075457,1.0206804290646687e-09,0,0,1,0.0,0.0,0
113,245000000.0,0,404944.0218577059,3108321.610846884,0,1.2319312545772683,4.926787666061634,0,0.0,3200578.2673870088,2904081228257.1626,1405151.3485126672,290408122825716.25,7585266.361075457,9.845280146691948e-10,0,0,1,0.0,0.0,0
114,245000000.0,0,450566.86885223305,3126231.17703998,0,11.171557442227478,114.43039234711645,0,0.0,2855825.8398947828,2258330550498.058,1359528.50151814,225833055049805.8,7585266.361075457,1.008174876915291e-09,0,0,1,0.0,0.0,0
115,245000000.0,0,496189.7158467602,3133272.9230728955,0,1.1237470934234874,4.022609350625474,0,0.0,2933296.7078897897,2474726349784.598,1313905.654523613,247472634978459.8,7585266.361075457,9.845280146691948e-10,0,0,1,0.0,0.0,0
116,245000000.0,0,151187.56284128735,3140298.1142472643,0,1.7772165197865053,13.141678351770116,0,0.0,2977296.433403037,3061111805517.9995,1658907.8075290858,306111180551799.94,7585266.361075457,1.008174876915291e-09,0,0,1,0.0,0.0,0
117,245000000.0,0,353060.4098358145,3148522.5801694854,0,9.827454271846497,117.39287537981679,0,0.0,2900390.148392571,2714722578201.766,1457034.9605345586,271472257820176.62,7585266.361075457,9.970335668185726e-10,0,0,1,0.0,0.0,0
118,245000000.0,0,398683.25683034165,3175710.4790925565,0,11.57856259270338,118.40815928575331,0,0.0,2555637.720900345,2226411820606.3887,1411412.1135400315,222641182060638.88,7585266.361075457,1.0206804290646687e-09,0,0,1,0.0,0.0,0
119,245000000.0,0,444306.1038248688,3182689.2436989946,0,1.1076855778502346,4.491292580140706,0,0.0,2633108.588895352,2325191500200.1484,1365789.2665455043,232519150020014.84,7585266.361075457,9.845280146691948e-10,0,0,1,0.0,0.0,0
120,245000000.0,0,489928.95081939595,3189653.55282777,0,1.1493826692380733,4.073909262555927,0,0.0,3229627.607604844,2727081466922.9116,1320166.4195509772,272708146692291.16,7585266.361075457,9.845280146691948e-10,0,0,1,0.0,0.0,0
121,245000000.0,0,535551.7978139231,3207454.5827725823,0,11.724532056368139,121.39143364878454,0,0.0,2782694.7770288214,2048993397526.3306,1274543.57255645,204899339752633.06,7585266.361075457,1.1245901987422258e-09,0,0,1,0.0,0.0,0
122,245000000.0,0,581174.6448084502,3215363.9470122834,0,1.0641210289675611,3.4353952337756812,0,0.0,2851412.8158026873,2270967066296.035,1228920.7255619229,227096706629603.5,7620277.6779600205,5.64341462450102e-10,0,0,1,0.0,0.0,0
123,245000000.0,0,236172.4918029774,3223260.2536725514,0,1.3284227541746356,8.432681146097789,0,0.0,2835864.987499348,2798331737641.859,1573922.8785673957,279833173764185.88,7620277.6779600205,5.64341462450102e-10,0,0,1,0.0,0.0,0
124,245000000.0,0,281795.33879750455,3236699.4935615887,0,1.3368120153492493,7.072252352193467,0,0.0,2915208.702488882,2922525422185.013,1528300.0315728686,292252542218501.3,7620277.6779600205,5.768470145994797e-10,0,0,1,0.0,0.0,0
125,245000000.0,0,327418.1857920317,3256032.722065758,0,12.29374891354202,125.36239776877872,0,0.0,2552950.6165543743,2449148157546.125,1482677.1845783414,244914815754612.5,7620277.6779600205,5.768470145994797e-10,0,0,1,0.0,0.0,0
126,245000000.0,0,373831.2632545392,3263958.262492537,0,1.1647914923121223,5.335734225140784,0,0.0,2629631.2540814006,2516491904956.2246,1436264.1071158338,251649190495622.47,7623438.5998319425,8.403731044381857e-10,0,0,1,0.0,0.0,0
127,245000000.0,0,420244.34071704675,3282726.166518933,0,12.350405680497262,127.36178319336284,0,0.0,2266546.087404408,2138314365410.0437,1389851.0296533261,213831436541004.38,7623586.000929959,6.948539521545172e-10,0,0,1,0.0,0.0,0
128,245000000.0,0,466657.4181795543,3290632.3544565504,0,1.051820593023858,4.276634823382855,0,0.0,2343226.7249314347,2152080193193.7188,1343437.9521908185,215208019319371.88,7623586.000929959,6.948539521545172e-10,0,0,1,0.0,0.0,0
129,245000000.0,0,513070.4956420618,3309378.5825824216,0,12.451218134429872,129.36117069888414,0,0.0,2111751.7875534915,1862883900478.064,1297024.8747283109,186288390047806.4,7623586.000929959,6.948539521545172e-10,0,0,1,0.0,0.0,0
130,245000000.0,0,559483.5731045693,3317263.8171495306,0,0.9703068956478704,3.5683472201010615,0,0.0,2188432.425080518,1864348840029.7256,1250611.7972658032,186434884002972.56,7623586.000929959,6.948539521545172e-10,0,0,1,0.0,0.0,0
131,245000000.0,0,605896.6505670769,3325139.0959061324,0,1.0088259279308274,3.295454008736453,0,0.0,2775371.533826384,2159593806624.793,1204198.7198032956,215959380662479.3,7623586.000929959,6.948539521545172e-10,0,0,1,0.0,0.0,0
132,245000000.0,0,261684.7280295844,3333004.7507125773,0,1.235770059441914,7.6136896689888784,0,0.0,2698031.0363285835,2692784923735.167,1548410.6423407882,269278492373516.7,7623586.000929959,6.109530659159645e-10,0,0,1,0.0,0.0,0
133,245000000.0,0,308097.8054920919,3346312.7830476523,0,1.245145097094879,6.470443867487014,0,0.0,2754845.2726304466,2771386777352.1304,1501997.5648782805,277138677735213.03,7668644.9583053,7.855760486563668e-10,0,0,1,0.0,0.0,0
134,245000000.0,0,354510.88295459945,3365949.5643786187,0,13.049493802976512,134.32536605277278,0,0.0,2366301.515417167,2367002598585.684,1455584.4874157729,236700259858568.4,7668644.9583053,7.855760486563668e-10,0,0,1,0.0,0.0,0
135,245000000.0,0,400923.960417107,3374726.9579866086,0,1.0933287924189772,4.97606561680087,0,0.0,2420452.6742565227,2380617480444.042,1409171.4099532652,238061748044404.2,7668644.9583053,7.855760486563668e-10,0,0,1,0.0,0.0,0
136,245000000.0,0,447337.0378796145,3394346.6425364614,0,13.122485919609915,136.32487057531924,0,0.0,2233746.406562637,2075145462027.3816,1362758.3324907576,207514546202738.16,7668644.9583053,7.855760486563668e-10,0,0,1,0.0,0.0,0
137,245000000.0,0,493750.11534212204,3403107.850285811,0,0.991082858541033,4.042444737212422,0,0.0,2287889.3806875176,2083433922808.2563,1316345.25502825,208343392280825.62,7668661.327734251,6.982645572861657e-10,0,0,1,0.0,0.0,0
138,245000000.0,0,540163.1928046296,3422875.803815837,0,13.231898101554469,138.32437660462784,0,0.0,2101191.297708107,1803678495106.0718,1269932.1775657423,180367849510607.2,7676528.716975857,7.466951501555741e-10,0,0,1,0.0,0.0,0
139,245000000.0,0,586576.2702671371,3431785.4720486617,0,0.9157975099877479,3.4038134301964154,0,0.0,2155334.2718329877,1806642918076.7266,1223519.1001032346,180664291807672.66,7676528.716975857,7.466951501555741e-10,0,0,1,0.0,0.0,0
140,245000000.0,0,632989.3477296446,3440687.802457154,0,0.9479390108339608,3.1546271355538145,0,0.0,2719735.7171767084,2089754340759.6394,1177106.022640727,208975434075963.94,7676528.716975857,7.466951501555741e-10,0,0,1,0.0,0.0,0
141,245000000.0,0,679402.4251921521,3460433.734079902,0,13.42805295050134,141.3137231391181,0,0.0,2231895.633739269,1580986030856.2095,1130692.9451782194,158098603085620.94,7676528.716975857,1.8835635273717344e-09,0,0,1,0.0,0.0,0
142,245000000.0,0,725815.5026546597,3469322.114469025,0,0.8894609642971703,2.75172996819013,0,0.0,2286038.6078641494,1683464578381.6338,1084279.8677157117,168346457838163.38,7676528.716975857,2.143679012078792e-09,0,0,1,0.0,0.0,0
143,245000000.0,0,381603.5801171672,3478203.866628605,0,0.9832258219240924,5.227342617618808,0,0.0,2353077.9481092747,2301371228744.158,1428491.7902532043,230137122874415.8,7676528.716975857,1.8835635273717344e-09,0,0,1,0.0,0.0,0
144,245000000.0,0,428016.65757967473,3487079.211499628,0,1.0261345770861987,4.661823648720611,0,0.0,2409883.999696663,2324307930720.8296,1382078.7127906966,232430793072082.97,7676528.716975857,2.3765096557326615e-09,0,0,1,0.0,0.0,0
145,245000000.0,0,474429.73504218226,3506799.0571028227,0,13.900209588343289,145.29479294942684,0,0.0,2223185.9167172527,2014238505689.4485,1335665.635328189,201423850568944.84,7676528.716975857,1.8835635273717344e-09,0,0,1,0.0,0.0,0
146,245000000.0,0,520842.8125046898,3515470.997129632,0,0.9365941459475865,3.8325717094781795,0,0.0,2277328.890842133,2030842963554.89,1289252.5578656814,203084296355489.0,7676528.716975857,1.9108483684249222e-09,0,0,1,0.0,0.0,0
147,245000000.0,0,567255.8899671973,3533971.9257491324,0,14.017260410352401,147.2943861542892,0,0.0,2090630.8078627228,1746487745970.7217,1242839.4804031737,174648774597072.16,7676528.716975857,1.8835635273717344e-09,0,0,1,0.0,0.0,0
148,245000000.0,0,613668.9674297048,3541612.64267272,0,0.8698517970436607,3.2537839161836737,0,0.0,2144773.7819876033,1757768166025.9429,1196426.402940666,175776816602594.28,7676528.716975857,1.9108483684249222e-09,0,0,1,0.0,0.0,0
149,245000000.0,0,660082.0448922124,3549244.1595865535,0,0.9000592371665501,3.025343095388553,0,0.0,2709175.227331324,2049195585793.4226,1150013.3254781584,204919558579342.25,7676528.716975857,1.8835635273717344e-09,0,0,1,0.0,0.0,0
150,245000000.0,0,706495.1223547199,3568595.937833064,0,14.220622469341869,150.2855848433642,0,0.0,2200252.098350011,1534103912627.473,1103600.2480156508,153410391262747.28,7718694.808063605,1.7380443750880659e-09,0,0,1,0.0,0.0,0
151,245000000.0,0,752908.1998172274,3577088.424737126,0,0.8456572628370295,2.652842879922074,0,0.0,2233312.026931017,1631341411922.073,1057187.1705531431,163134141192207.3,7718694.808063605,1.7380443750880659e-09,0,0,1,0.0,0.0,0
152,245000000.0,0,408696.27727973496,3585572.601306452,0,0.9410009629415906,4.881665055097456,0,0.0,2342517.458263891,2238762721440.284,1401399.0930906357,223876272144028.4,7718694.808063605,1.7380443750880659e-09,0,0,1,0.0,0.0,0
153,245000000.0,0,455109.3547422425,3597903.161462794,0,0.968945152769873,4.384913352917843,0,0.0,2378240.464307405,2264098684534.0947,1354986.015628128,226409868453409.47,7718694.808063605,1.7380443750880659e-09,0,0,1,0.0,0.0,0
154,245000000.0,0,501522.43220475,3611883.0696521937,0,14.684091392622848,154.27699534776366,0,0.0,2212625.4268718683,1955346205588.1575,1308572.9381656204,195534620558815.75,7718694.808063605,1.7380443750880659e-09,0,0,1,0.0,0.0,0
155,245000000.0,0,547935.5096672575,3620343.9406572254,0,0.8880660926774464,3.6434152369051858,0,0.0,2245685.3554528747,1974349924570.7378,1262159.8607031128,197434992457073.78,7718694.808063605,1.7380443750880659e-09,0,0,1,0.0,0.0,0
156,245000000.0,0,594348.5871297651,3639648.2496352666,0,14.807464234778609,156.27663615903361,0,0.0,2080070.3180173384,1691311653072.0137,1215746.7832406051,169131165307201.38,7718694.808063605,1.7380443750880659e-09,0,0,1,0.0,0.0,0
157,245000000.0,0,640761.6645922726,3648113.903383221,0,0.8267452281573049,3.116421734649187,0,0.0,2113130.246598345,1704991334244.374,1169333.7057780975,170499133424437.4,7719380.744986427,1.7380443750880659e-09,0,0,1,0.0,0.0,0
158,245000000.0,0,687174.7420547801,3656572.7763617556,0,0.8547618991763835,2.906238601591681,0,0.0,2656448.646398192,1986984543194.138,1122920.6283155899,198698454319413.78,7719380.744986427,1.7380443750880659e-09,0,0,1,0.0,0.0,0
159,245000000.0,0,733587.8195172877,3675875.789040963,0,15.016697365586445,159.26885016473037,0,0.0,2147525.5174168786,1488846361683.0579,1076507.5508530822,148884636168305.78,7719380.744986427,1.7380443750880659e-09,0,0,1,0.0,0.0,0
160,245000000.0,0,780000.8969797952,3684321.771023413,0,0.8061112640926228,2.5608165211258918,0,0.0,2180585.4459978854,1583010880936.7747,1030094.4733905747,158301088093677.47,7719380.744986427,1.7380443750880659e-09,0,0,1,0.0,0.0,0
161,245000000.0,0,435788.9744423027,3692761.6279619606,0,0.9029991216470936,4.578870157044654,0,0.0,2331956.968418506,2178168870373.052,1374306.3959280672,217816887037305.2,7719380.744986427,1.7380443750880659e-09,0,0,1,0.0,0.0,0
162,245000000.0,0,482202.05190481024,3703203.863784974,0,0.9191912544126786,4.139055271218086,0,0.0,2367679.97446202,2211820830551.429,1327893.3184655595,221182083055142.9,7791679.536354984,1.7380443750880659e-09,0,0,1,0.0,0.0,0
163,245000000.0,0,528615.1293673178,3718935.5149836293,0,15.471788493826732,163.26851177675186,0,0.0,2202064.937026484,1898468561723.5083,1281480.2410030519,189846856172350.84,7791679.536354984,1.7380443750880659e-09,0,0,1,0.0,0.0,0
164,245000000.0,0,575028.2068298253,3731000.995190263,0,0.8462316688125178,3.4720521951642125,0,0.0,2215510.858091417,1920516878152.733,1235067.1635405442,192051687815273.28,7870135.566419278,1.8690116121433675e-09,0,0,1,0.0,0.0,0
165,245000000.0,0,621441.2842923328,3741967.251728471,0,0.8728786879203233,3.2131544781349843,0,0.0,2739215.25037519,2200335923083.516,1188654.0860780366,220033592308351.62,7870135.566419278,1.8690116121433675e-09,0,0,1,0.0,0.0,0
166,245000000.0,0,667854.3617548404,3753761.7969349646,0,15.668074379011584,166.26959779283857,0,0.0,2207974.7843591585,1685939705501.1697,1142241.008615529,168593970550116.97,7870135.566419278,1.8690116121433675e-09,0,0,1,0.0,0.0,0
167,245000000.0,0,724701.4636059044,3766681.2631464642,0,0.814362747198412,2.7559542047253047,0,0.0,2230600.688551609,1758893558381.9968,1085393.906764465,175889355838199.7,7911871.663973505,1.8553691916167736e-09,0,0,1,0.0,0.0,0
168,245000000.0,0,781548.5654569684,3784634.4469658756,0,15.80843919168928,168.2695927867598,0,0.0,2025507.6085969727,1396902709271.0815,1028546.8049134009,139690270927108.16,7911871.663973505,1.8553691916167736e-09,0,0,1,0.0,0.0,0
169,245000000.0,0,838395.6673080324,3797865.736377282,0,0.7646182900440089,2.382666575363751,0,0.0,2048133.512789423,1460997469874.435,971699.7030623369,146099746987443.5,7935007.018727033,2.3628672352060676e-09,0,0,1,0.0,0.0,0
170,245000000.0,0,504617.7691590963,3806927.5786301293,0,0.8274682105087424,3.955557185670596,0,0.0,2249612.349114266,1999791763324.6519,1305477.6012112729,199979176332465.2,7935007.018727033,2.4792825570330024e-09,0,0,1,0.0,0.0,0
171,245000000.0,0,561464.8710101603,3820149.989724453,0,0.8452890222310033,3.5557776193348656,0,0.0,2285335.3551577805,2023282100717.7605,1248630.4993602089,202328210071776.06,7935007.018727033,2.3628672352060676e-09,0,0,1,0.0,0.0,0
172,245000000.0,0,618311.9728612243,3804409.9484273028,0,0.6832628778673602,3.2293901743252116,0,0.0,2916436.9991303245,1896763085793.2412,1191783.3975091449,189676308579324.12,7935007.018727033,2.3628672352060676e-09,0,0,1,0.0,0.0,0
173,245000000.0,0,675159.0747122883,3806512.9521164424,0,0.8013450236603773,2.957883839466353,0,0.0,2921251.090948214,2118804053504.8125,1134936.2956580808,211880405350481.25,7935007.018727033,2.3628672352060676e-09,0,0,1,0.0,0.0,0
174,245000000.0,0,732006.1765633523,3808612.0138941035,0,0.8324784092760754,2.7284899690434514,0,0.0,3434521.4588434305,2599090502380.757,1078089.1938070168,259909050238075.7,7935007.018727033,2.3628672352060676e-09,0,0,1,0.0,0.0,0
175,245000000.0,0,788853.2784144164,3821557.95960178,0,16.434240198499324,175.26925252798154,0,0.0,2875936.290441414,1658015700780.0068,1021242.0919559528,165801570078000.7,7935007.018727033,2.3628672352060676e-09,0,0,1,0.0,0.0,0
176,245000000.0,0,790099.4757372569,3823760.2886307696,0,0.7807927263735704,2.5281270704118732,0,0.0,2897233.0594774038,1951730525363.506,963065.8549484283,195173052536350.62,7940323.559352875,2.1991581888869405e-09,0,0,1,0.0,0.0,0
177,245000000.0,0,514580.7524294653,3825959.0569457207,0,0.8140213244371957,3.8791207596013053,0,0.0,2713517.5189114017,2091163402457.0947,1295514.6179409039,209116340245709.47,7940323.559352875,1.9226717995479703e-09,0,0,1,0.0,0.0,0
178,245000000.0,0,572756.9894369898,3833709.9387926566,0,0.8557576447155619,3.485796315897675,0,0.0,2749240.524954916,2243959629598.7217,1237338.3809333793,224395962959872.16,7940323.559352875,1.9226717995479703e-09,0,0,1,0.0,0.0,0
179,245000000.0,0,639235.0046987336,3820769.6586410827,0,0.6876567423264168,3.123852937314966,0,0.0,3344896.799605631,2161035101827.384,1170860.3656716354,216103510182738.4,8025159.584192052,2.8612703317776322e-09,0,0,1,0.0,0.0,0
180,245000000.0,0,705713.0199604774,3824726.47401526,0,0.8063136479675345,2.8300030472225477,0,0.0,3314258.135286866,2459714714190.6963,1104382.3504098915,245971471419069.62,8025189.13145135,3.47245077136904e-09,0,0,1,0.0,0.0,0
181,245000000.0,0,381566.03522222117,3828903.0901313904,0,0.9536693578111975,5.227855627168418,0,0.0,3088109.8086716277,2502326523326.124,1428529.3351481478,250232652332612.4,8033213.888178784,3.47245077136904e-09,0,0,1,0.0,0.0,0
182,245000000.0,0,448044.0504839651,3838632.2562748366,0,0.9221175712768338,4.453906020677626,0,0.0,3098018.358803992,2657799935937.117,1362051.3198864039,265779993593711.72,8033213.888178784,3.588866093195975e-09,0,0,1,0.0,0.0,0
183,245000000.0,0,514522.065745709,3848358.517074321,0,0.92539232338584,3.879562356088435,0,0.0,3575835.9705625554,3048870488821.4404,1295573.30462466,304887048882144.06,8033213.888178784,3.588866093195975e-09,0,0,1,0.0,0.0,0
184,245000000.0,0,581000.0810074528,3866452.6623700527,0,17.328137946044368,184.28419804395463,0,0.0,2981790.65920906,2087352071246.3013,1229095.289362916,208735207124630.12,8033213.888178784,3.625245881266892e-09,0,0,1,0.0,0.0,0
185,245000000.0,0,647478.0962691966,3870617.84423229,0,0.8365704743697936,3.084144262553101,0,0.0,2968971.194079681,2292774623576.6953,1162617.274101172,229277462357669.53,8033213.888178784,3.625245881266892e-09,0,0,1,0.0,0.0,0
186,245000000.0,0,713956.1115309404,3853079.0128191966,0,0.6747801505238046,2.797374506971325,0,0.0,3560607.7035518535,2252864855717.7847,1096139.2588394282,225286485571778.47,8033213.888178784,3.625245881266892e-09,0,0,1,0.0,0.0,0
187,245000000.0,0,780434.1267926842,3857239.0333880982,0,0.7977977475970613,2.5593967954903554,0,0.0,3533981.417596807,2641172652391.301,1029661.2435776844,264117265239130.06,8033213.888178784,3.625245881266892e-09,0,0,1,0.0,0.0,0
188,245000000.0,0,456287.142054428,3861396.6016136687,0,0.8525035572688665,4.373619583998608,0,0.0,3307833.0909815677,2483673996587.5894,1353808.2283159406,248367399658758.94,8033213.888178784,3.625245881266892e-09,0,0,1,0.0,0.0,0
189,245000000.0,0,522765.1573161718,3871106.854960121,0,0.8816045896167887,3.8185052443125693,0,0.0,3317741.6411139327,2727447487989.407,1287330.2130541967,272744748798940.72,8033177.899978023,3.5288394428789616e-09,0,0,1,0.0,0.0,0
190,245000000.0,0,589243.1725779156,3880275.5690845614,0,0.9042316988189238,3.3884339420054674,0,0.0,3795559.2528724954,3206818119664.5557,1220852.1977924528,320681811966455.56,8033177.899978023,3.5070115700364113e-09,0,0,1,0.0,0.0,0
191,245000000.0,0,655721.1878396594,3895276.4545486537,0,17.92468031713882,191.30090024328408,0,0.0,3201513.941519,2103565101862.9392,1154374.1825307088,210356510186293.9,8033177.899978023,3.5070115700364113e-09,0,0,1,0.0,0.0,0
192,245000000.0,0,717306.1071733739,3899424.5042154086,0,0.8274029123948603,2.7843282690025495,0,0.0,3188694.4763896214,2397287732984.1587,1087896.167268965,239728773298415.88,8033177.899978023,3.5070115700364113e-09,0,0,1,0.0,0.0,0
193,245000000.0,0,398052.218363147,3903570.4839077005,0,0.9150659953555907,5.011875408696394,0,0.0,2962546.1497743824,2503686354073.417,1412043.1520072212,250368635407341.7,8033177.899978023,3.5070115700364113e-09,0,0,1,0.0,0.0,0
194,245000000.0,0,464530.2336248909,3913270.018180233,0,0.9326138005667891,4.296176393156744,0,0.0,2972454.699906747,2650609631282.465,1345565.1367454773,265060963128246.5,8033177.899978023,3.470631781965494e-09,0,0,1,0.0,0.0,0
195,245000000.0,0,531008.2488866348,3922967.6181766293,0,0.9610745475914225,3.7593402060692074,0,0.0,3450272.31166531,3033130048764.8433,1279087.1214837334,303313004876484.3,8033177.899978023,3.470631781965494e-09,0,0,1,0.0,0.0,0
196,245000000.0,0,597486.2641483786,3905406.293300334,0,0.7179803834622795,3.341764247247876,0,0.0,4041910.1486732503,2937698827276.2524,1212609.1062219895,293769882727625.25,8033172.589834952,2.8085196390748024e-09,0,0,1,0.0,0.0,0
197,245000000.0,0,621315.9919971605,3914412.727762748,0,0.8965477197894285,3.213801389839787,0,0.0,4015285.190253971,3420470386739.3936,1146131.0909602456,342047038673939.4,8033172.589834952,2.342858351767063e-09,0,0,1,0.0,0.0,0
198,245000000.0,0,339817.2946718662,3918549.237077281,0,0.9975434907752249,5.8682468033952615,0,0.0,3789139.5187102677,3163401012919.5396,1470278.075698502,316340101291953.94,8033172.589834952,2.342858351767063e-09,0,0,1,0.0,0.0,0
199,245000000.0,0,406295.30993361,3928239.6129637137,0,1.027193539629471,4.910442009081823,0,0.0,3799048.0688426327,3501638222158.3726,1403800.060436758,350163822215837.25,8033172.589834952,2.3646862246096134e-09,0,0,1,0.0,0.0,0
200,245000000.0,0,472773.32519535394,3917280.5744135156,0,0.799514155799614,4.221428040878679,0,0.0,4365399.334575582,3466313446929.481,1337322.045175014,346631344692948.1,8083745.732384934,1.433363649994135e-09,0,0,1,0.0,0.0,0
201,245000000.0,0,539251.3404570979,3933576.9020463694,0,0.9281975893086557,3.7019806342504076,0,0.0,4313487.804881312,3935400186020.8403,1270844.0299132701,393540018602084.06,8083745.732384934,1.433363649994135e-09,0,0,1,0.0,0.0,0
202,245000000.0,0,605729.3557188417,3960722.398470986,0,18.94184307459784,202.31968818314405,0,0.0,3694158.577324361,2549229177526.964,1204366.0146515262,254922917752696.38,8083745.732384934,1.8189894035458565e-09,0,0,1,0.0,0.0,0
203,245000000.0,0,672207.3709805855,3975305.586492334,0,0.8403485966940778,2.970852795457104,0,0.0,3656052.540919991,2913894604251.808,1137887.9993897823,291389460425180.8,8083745.732384934,2.168235369026661e-09,0,0,1,0.0,0.0,0
204,245000000.0,0,348060.38624232926,3980529.68189752,0,0.9786267854128994,5.729667641551092,0,0.0,3404620.2981012966,2812265414186.714,1462034.9841280384,281226541418671.38,8085305.159748145,1.7898855730891228e-09,0,0,1,0.0,0.0,0
205,245000000.0,0,414538.40150407306,3991307.954741848,0,0.9700132867318292,4.813032905649266,0,0.0,3389242.2769586584,3026457354350.352,1395556.9688662945,302645735435035.2,8085305.159748195,2.5629560695961118e-09,0,0,1,0.0,0.0,0
206,245000000.0,0,481016.416765817,3980383.506518085,0,0.7600781282843243,4.149236271700847,0,0.0,3954814.277403285,2980405297138.381,1329078.9536045506,298040529713838.06,8085305.159748195,2.257365849800408e-09,0,0,1,0.0,0.0,0
207,245000000.0,0,547494.4320275609,3996714.7149655395,0,0.8769481896908559,3.646345128075071,0,0.0,3903682.0129973134,3346162161350.2217,1262600.9383428067,334616216135022.2,8085305.159748195,2.257365849800408e-09,0,0,1,0.0,0.0,0
208,245000000.0,0,613972.4472893047,3991343.2896766504,0,0.7058830588388635,3.252178221667758,0,0.0,4469254.01344194,3492870413059.006,1196122.9230810627,349287041305900.56,8085305.159748195,2.293745637871325e-09,0,0,1,0.0,0.0,0
209,245000000.0,0,680450.4625510485,4007672.049924113,0,0.8259730040564407,2.9349161970084903,0,0.0,4418121.749035968,4020349340934.15,1129644.9078193188,402034934093415.0,8085305.159748195,2.293745637871325e-09,0,0,1,0.0,0.0,0
210,245000000.0,0,356303.4778127923,4024194.6129522664,0,0.9598918065837442,5.597482600065516,0,0.0,4162010.3217017315,3470131877222.644,1453791.892557575,347013187722264.4,8094663.528779231,2.017259248532355e-09,0,0,1,0.0,0.0,0
211,245000000.0,0,422781.4930745361,4046271.6070698807,0,0.9504935394954596,4.719413265289132,0,0.0,4141953.116043587,3841954383382.246,1387313.877295831,384195438338224.6,8094663.528779231,1.877197064459324e-09,0,0,1,0.0,0.0,0
212,245000000.0,0,489259.50833628,4043829.7520402605,0,0.7426468908931083,4.079472128520464,0,0.0,4702845.931972696,4044620068161.492,1320835.862034087,404462006816149.25,8094663.528779231,1.8044374883174896e-09,0,0,1,0.0,0.0,0
213,245000000.0,0,555737.5235980239,4060349.052867333,0,0.8668828521196109,3.592357107662895,0,0.0,4647034.483051207,4563952378815.096,1254357.8467723432,456395237881509.56,8094663.528779231,1.7589627532288432e-09,0,0,1,0.0,0.0,0
214,245000000.0,0,622215.5388597677,4055165.949079458,0,0.695328289468655,3.209162601528182,0,0.0,5207927.298980315,4955323252960.898,1187879.8315105992,495532325296089.9,8094663.528779231,1.9572325982153416e-09,0,0,1,0.0,0.0,0
215,245000000.0,0,688693.5541215115,4071549.802577289,0,0.8246873283005366,2.8998386139007413,0,0.0,5155318.6436907,5639286875350.897,1308600.4554202359,563928687535089.8,8088257.941515482,2.1009327610954642e-09,0,0,1,0.0,0.0,0
216,245000000.0,0,364546.5693832553,4087932.706935545,0,0.9433392730125091,5.471259115834051,0,0.0,4902410.009988338,4662412183299.563,1445548.8009871114,466241218329956.4,8088257.941515482,1.6807462088763714e-09,0,0,1,0.0,0.0,0
217,245000000.0,0,435073.72418197547,4110207.677642519,0,0.939130632289272,4.586380442324911,0,0.0,4881506.458425092,5186623750313.526,1375021.6461883914,518662375031352.6,8104454.4996633865,1.4242687029764056e-09,0,0,1,0.0,0.0,0
218,245000000.0,0,505600.8789806955,4107140.52027498,0,0.7354747341170692,3.9478810301792073,0,0.0,5441552.928449099,5637285827042.094,1304494.4913896713,563728582704209.4,8104454.4996633865,1.5279510989785194e-09,0,0,1,0.0,0.0,0
219,245000000.0,0,576128.0337794155,4123858.191153937,0,0.8636808655385093,3.4654355410578117,0,0.0,5384895.133622507,6313992389195.264,1416236.980974103,631399238919526.4,8104454.4996633865,1.9335857359692454e-09,0,0,1,0.0,0.0,0
220,245000000.0,0,646655.1885781356,4118873.6443682206,0,0.6956725339322267,3.0880629620073097,0,0.0,5944941.603646514,6958344845935.596,1540802.36236257,695834484593559.6,8104454.4996633865,1.4679244486615062e-09,0,0,1,0.0,0.0,0
221,245000000.0,0,326557.3433768556,4135596.669849962,0,1.0062171474864228,6.105801138150625,0,0.0,5355718.081480131,5833588560770.313,1483538.0269935112,583358856077031.4,8104957.385714976,1.5061232261359692e-09,0,0,1,0.0,0.0,0
222,245000000.0,0,397084.49817557563,4157874.4764423305,0,0.954630890922909,5.024058985381283,0,0.0,5299134.715524322,6300958997886.3,1413010.8721947912,630095899788630.0,8104957.385714976,1.520675141364336e-09,0,0,1,0.0,0.0,0
223,245000000.0,0,467611.65297429566,4179816.804927955,0,0.9246357797678479,4.267926303808122,0,0.0,5610422.484017338,7046841240705.1875,1523873.5065279703,704684124070518.8,8104957.385714976,1.520675141364336e-09,0,0,1,0.0,0.0,0
224,245000000.0,0,538138.8077730157,4174836.1947700223,0,0.7337778516798114,3.7096198069311037,0,0.0,6170468.954041345,7756220454218.33,1648438.8879164371,775622045421833.0,8104957.385714976,2.4519977159798145e-09,0,0,1,0.0,0.0,0
225,245000000.0,0,608665.9625717357,4191556.273947724,0,0.8702619007861006,3.280484925816524,0,0.0,6113811.159214754,8598529417383.718,1773004.269304904,859852941738371.8,8104957.38571361,1.0168150765821338e-09,0,0,1,0.0,0.0,0
226,245000000.0,0,288568.11737045576,4208275.67689063,0,1.081662377400717,6.906837735320571,0,0.0,5852804.246438439,7152823734882.498,1521527.252999911,715282373488249.8,8104957.38571361,9.731593308970332e-10,0,0,1,0.0,0.0,0
227,245000000.0,0,359095.27216917585,4230549.981695459,0,1.0277888841692786,5.554085695022352,0,0.0,5835949.834412169,7846931250273.678,1631510.0320818375,784693125027367.8,8104957.385713612,1.2641976354643703e-09,0,0,1,0.0,0.0,0
228,245000000.0,0,429622.42696789594,4225673.408467052,0,0.7985388746446243,4.644439942625435,0,0.0,6395996.304436175,8621337220559.629,1756075.4134703043,862133722055962.9,8104957.385713612,1.2641976354643703e-09,0,0,1,0.0,0.0,0
229,245000000.0,0,500149.5817666161,4242390.914972094,0,0.9281173647635175,3.9908244419754784,0,0.0,6339338.509609583,9466596449982.92,1880640.7948587711,946659644998292.0,8104957.385713612,1.2641976354643703e-09,0,0,1,0.0,0.0,0
230,245000000.0,0,570676.7365653361,4237406.442109209,0,0.7502466758689433,3.498480648374998,0,0.0,6899384.979633589,10434692800280.633,2005206.176247238,1043469280028063.2,8104957.385713612,1.3078533811494708e-09,0,0,1,0.0,0.0,0
231,245000000.0,0,254958.78579503356,4254487.778541387,0,1.1674506110805225,7.813757960242701,0,0.0,6460609.877404484,8811141431754.678,1739146.5576357048,881114143175467.8,8122476.963437521,1.3733369996771216e-09,0,0,1,0.0,0.0,0
232,245000000.0,0,329865.83502473094,4277124.118759265,0,1.0652993368426793,6.044746203096212,0,0.0,6404026.511448674,9491978277477.607,1863711.9390241716,949197827747760.8,8122476.963437521,1.395164872519672e-09,0,0,1,0.0,0.0,0
233,245000000.0,0,404772.8842544283,4298120.7027824465,0,1.0064466604854603,4.928865573841442,0,0.0,6708331.252901619,10443466168041.607,1988277.3204126384,1044346616804160.8,8127683.228655709,1.5697878552600741e-09,0,0,1,0.0,0.0,0
234,245000000.0,0,479679.93348412565,4289016.542226245,0,0.7994580236108609,4.16077281508996,0,0.0,7261394.695885555,11389409121811.29,2112842.7018011054,1138940912181129.0,8127683.228655709,1.6279955161735415e-09,0,0,1,0.0,0.0,0
235,245000000.0,0,554586.982713823,4306204.243359803,0,0.9420896791082392,3.599796363533915,0,0.0,7197753.874018892,12437620291418.926,2237408.083189572,1243762029141892.5,8127683.228655709,1.6279955161735415e-09,0,0,1,0.0,0.0,0
236,245000000.0,0,238869.03194352041,4323391.462695417,0,1.2142121618178863,8.337883318222255,0,0.0,6925384.039771528,10432829070568.209,1971348.464578039,1043282907056820.9,8127683.228655709,1.5479599824175239e-09,0,0,1,0.0,0.0,0
237,245000000.0,0,313776.0811732178,4320885.622946167,0,0.9410217075382057,6.353722914859666,0,0.0,7313601.012385311,11436475788591.629,2095913.8459665058,1143647578859163.0,8127683.228655709,1.5697878552600741e-09,0,0,1,0.0,0.0,0
238,245000000.0,0,391208.29906350165,4341371.8669719305,0,1.0305723156856568,5.099331158406171,0,0.0,7207706.067928522,12297557119049.896,2220479.2273549726,1229755711904989.8,8137783.903298055,1.380612957291305e-09,0,0,1,0.0,0.0,0
239,245000000.0,0,468640.51695378555,4358768.16587153,0,1.001797344656101,4.258576353191451,0,0.0,7509485.64072088,13449568319968.049,2345044.6087434394,1344956831996805.0,8137783.903298055,1.3224052963778377e-09,0,0,1,0.0,0.0,0
240,245000000.0,0,546072.7348440695,4381934.953077756,0,22.41355245157141,240.34097857808945,0,0.0,6875122.687042627,10242701491376.502,2078984.9901319062,1024270149137650.2,8114471.668589467,2.2246240405365825e-09,0,0,1,0.0,0.0,0
241,245000000.0,0,623504.9527343534,4387571.751415473,0,0.8660305397438751,3.202536651219711,0,0.0,6821982.924516979,11229762380971.664,2203550.371520373,1122976238097166.4,8114471.668589467,2.2246240405365825e-09,0,0,1,0.0,0.0,0
242,245000000.0,0,310312.1706246373,4392101.969693784,0,1.02561574918349,6.424419565695321,0,0.0,6544563.010757114,9345697077595.041,1937490.881813176,934569707759504.1,8114471.152972123,3.141394699923694e-09,0,0,1,0.0,0.0,0
243,245000000.0,0,387744.3885149212,4400856.1122458605,0,0.990638089786119,5.144768796896046,0,0.0,6525105.46612175,10183237888958.586,2062056.392105979,1018323788895858.6,8114471.152972123,3.141394699923694e-09,0,0,1,0.0,0.0,0
244,245000000.0,0,465176.6064052051,4382352.84450108,0,0.7852183992970961,4.2902195702664265,0,0.0,7087299.986703728,11134483293088.506,2186621.902398782,1113448329308850.6,8114471.152972123,3.141394699923694e-09,0,0,1,0.0,0.0,0
245,245000000.0,0,542608.824295489,4395966.052167622,0,0.9099747331623731,3.679116141265694,0,0.0,7009478.00772652,12118902523750.662,2311187.412691585,1211890252375066.2,8114471.152972123,3.141394699923694e-09,0,0,1,0.0,0.0,0
246,245000000.0,0,229416.0421857729,4399163.287674532,0,1.2445784694093796,8.679951191885763,0,0.0,6732058.093966655,10218017002715.828,2045127.9229843877,1021801700271582.8,8114471.152972123,3.141394699923694e-09,0,0,1,0.0,0.0,0
247,245000000.0,0,463098.2600760568,4390554.546823126,0,0.7171249353910045,1.5814428184488347,0,0.0,6868850.549331292,11552195324840.764,2169693.4332771907,1155219532484076.2,8114471.152972123,3.141394699923694e-09,0,0,1,0.0,0.0,0
248,245000000.0,0,540530.4779663407,4373252.640259917,0,0.7824309275407737,3.6932362653174833,0,0.0,7454241.816525735,12659598518737.87,2294258.9435699936,1265959851873787.0,8115299.695583025,3.1977833714336157e-09,0,0,1,0.0,0.0,0
249,245000000.0,0,227337.69585662463,4383506.493412023,0,1.251903300162278,8.758956739476861,0,0.0,7052126.152986277,10726570050284.684,2028199.4538627965,1072657005028468.4,8115299.695583025,3.1977833714336157e-09,0,0,1,0.0,0.0,0
250,245000000.0,0,461019.91374690854,4383694.974082063,0,0.7333918008847939,1.6997166121744216,0,0.0,7128304.378644923,11979172908529.666,2131879.688379148,1197917290852966.5,8198840.798688832,2.775777829810977e-09,0,0,1,0.0,0.0,0
251,245000000.0,0,538452.1316371924,4401244.317841147,0,0.9470503956508115,3.7074651905261105,0,0.0,7409198.804565165,13043086904051.254,2235559.9228954995,1304308690405125.5,8198840.798688832,2.775777829810977e-09,0,0,1,0.0,0.0,0
252,245000000.0,0,225259.34952747636,4406025.840924563,0,1.2582392803978582,8.839413726667349,0,0.0,7090008.3392523965,10847805725088.799,1948615.1574118508,1084780572508879.9,8198840.798688832,2.775777829810977e-09,0,0,1,0.0,0.0,0
253,245000000.0,0,302691.56741776026,4412732.198147994,0,1.1373540200260936,6.585629021594748,0,0.0,7070549.360607484,11699992148169.527,2052293.957918654,1169999214816952.8,8198846.534721136,1.1459633242338896e-09,0,0,1,0.0,0.0,0
254,245000000.0,0,380123.7853080442,4424380.307165982,0,1.0608882031037685,5.247638896070198,0,0.0,7464422.717746988,12682199723634.99,2155972.758425457,1268219972363499.0,8244323.9424749,1.2478267308324575e-09,0,0,1,0.0,0.0,0
255,245000000.0,0,457556.0031983281,4413305.840501172,0,0.8505638108736651,4.361517428733756,0,0.0,7982991.824669029,13520283881159.316,2259651.55893226,1352028388115931.8,8244323.9424749,1.2478267308324575e-09,0,0,1,0.0,0.0,0
256,245000000.0,0,534988.221088612,4430475.137922808,0,0.9942960663774203,3.7314252838204647,0,0.0,7861544.432025995,14540857493010.629,2363330.3594390634,1454085749301063.0,8244323.9424749,1.2478267308324575e-09,0,0,1,0.0,0.0,0
257,245000000.0,0,221795.4389788959,4436516.994982058,0,1.266945880276396,8.976844450525077,0,0.0,7519612.394817248,12032880347979.912,2076384.1599458666,1203288034797991.2,8244323.9424749,1.2478267308324575e-09,0,0,1,0.0,0.0,0
258,245000000.0,0,299227.6568691798,4448098.622653967,0,1.1717869723035008,6.6616114613034245,0,0.0,7477416.146305002,12911102512137.295,2180062.9604526698,1291110251213729.5,8244323.9424749,1.2478267308324575e-09,0,0,1,0.0,0.0,0
259,245000000.0,0,376659.8747594637,4437371.158982173,0,0.9165055591146395,5.295770437020414,0,0.0,7995985.253227043,13773440088186.281,2283741.760959473,1377344008818628.0,8244323.9424749,1.2478267308324575e-09,0,0,1,0.0,0.0,0
260,245000000.0,0,454092.0926497476,4453499.999578382,0,1.042569322282089,4.394714899033104,0,0.0,7886277.864995093,14812385111596.377,2399160.56587736,1481238511159637.8,8197363.924830565,1.1750671546906233e-09,0,0,1,0.0,0.0,0
261,245000000.0,0,140899.31054003153,4465267.188614876,0,1.7331294818155563,14.094501181073573,0,0.0,7567825.836608513,12428401326419.33,2123954.3707952467,1242840132641933.0,8197363.924830565,1.1750671546906233e-09,0,0,1,0.0,0.0,0
262,245000000.0,0,374581.52843031543,4458451.320866186,0,0.7935605811883156,1.9898296378069067,0,0.0,7681879.588096268,13951478528328.34,2239373.1757131335,1395147852832834.0,8197363.924830565,1.1750671546906233e-09,0,0,1,0.0,0.0,0
263,245000000.0,0,452013.74632059934,4477768.272093531,0,24.57398665720907,263.36530707140463,0,0.0,7006484.777599972,10570176372470.81,1964166.9806310204,1057017637247081.0,8197363.924830565,1.1750671546906233e-09,0,0,1,0.0,0.0,0
264,245000000.0,0,529445.9642108832,4478301.801996206,0,0.9098017943638751,3.7704123227241357,0,0.0,6930606.311197442,11434744281306.035,2079585.7855489072,1143474428130603.5,8197363.924830565,1.1750671546906233e-09,0,0,1,0.0,0.0,0
265,245000000.0,0,216253.18210116716,4479673.6904496215,0,1.2875455805319003,9.205849049744508,0,0.0,6612154.282810862,9497164014604.604,1804379.590466794,949716401460460.4,8197363.924830565,1.1750671546906233e-09,0,0,1,0.0,0.0,0
266,245000000.0,0,449935.39999145106,4473348.875368159,0,0.7146997392761398,1.6054538302349524,0,0.0,6726208.0342986155,10710913282121.64,1919798.395384681,1071091328212164.0,8197363.924830565,1.1750671546906233e-09,0,0,1,0.0,0.0,0
267,245000000.0,0,527367.617881735,4478755.51099822,0,0.9277248988447012,3.7852433273979744,0,0.0,7105880.642794463,11626088760152.469,2035217.2003025678,1162608876015247.0,8249245.430940045,6.803020369261503e-10,0,0,1,0.0,0.0,0
268,245000000.0,0,214174.83577201888,4480009.030786009,0,1.2953028134605373,9.294767173049136,0,0.0,6761487.8458800735,9535957577669.66,1760011.0052204547,953595757766966.0,8249245.461886186,1.3496901374310255e-09,0,0,1,0.0,0.0,0
269,245000000.0,0,447857.0536623028,4475603.992254809,0,0.7289598453003876,1.6249967567746222,0,0.0,6859999.8519899,10769563595050.73,1885892.7324515989,1076956359505073.0,8207649.369286654,2.9085640562698245e-09,0,0,1,0.0,0.0,0
270,245000000.0,0,525289.2715525867,4481547.992338917,0,0.9418467452717333,3.8001914690373098,0,0.0,7250071.46816256,11771089596465.33,2011774.459682743,1177108959646533.0,8207649.369286654,2.824890543706715e-09,0,0,1,0.0,0.0,0
271,245000000.0,0,209571.32078228414,4481725.880245913,0,1.313230524507447,9.497969583749056,0,0.0,6931527.05486911,9666165756688.826,1747031.1869138873,966616575668882.6,8197548.694644308,3.1614035833626986e-09,0,0,1,0.0,0.0,0
272,245000000.0,0,440728.3700119816,4477727.636960395,0,0.7452616058576302,1.6450213215655538,0,0.0,7019640.037829054,10959844097583.742,1872912.9141450315,1095984409758374.2,8197548.694644308,3.1614035833626986e-09,0,0,1,0.0,0.0,0
273,245000000.0,0,515753.6756025882,4461611.844227538,0,0.7945758385359956,3.8703159637283533,0,0.0,7539584.744686686,11715391750735.926,1998794.6413761757,1171539175073592.5,8192353.0645556785,3.4542608773335814e-09,0,0,1,0.0,0.0,0
274,245000000.0,0,200153.98119319486,4473389.144465898,0,1.354398430326359,9.942631948602273,0,0.0,6883765.419690244,9719237678464.445,1734051.36860732,971923767846444.5,8192353.0645556785,3.4542608773335814e-09,0,0,1,0.0,0.0,0
275,245000000.0,0,431429.2867838015,4475998.044666232,0,0.7449758394776371,1.6655455625466011,0,0.0,6934855.978160033,10856887116551.533,1859933.095838464,1085688711655153.4,8192353.0645556785,3.6907294997945428e-09,0,0,1,0.0,0.0,0
276,245000000.0,0,506454.59237440815,4492694.429348838,0,0.9532711888349219,3.9412393346208363,0,0.0,7188972.741155406,11806837342280.459,1985814.8230696083,1180683734228046.0,8192353.328936724,3.6925484891980886e-09,0,0,1,0.0,0.0,0
277,245000000.0,0,190854.8979650148,4495151.685683111,0,1.3975093668160452,10.424544909792738,0,0.0,6873026.010715748,9740460544077.955,1721071.5503007525,974046054407795.5,8192353.328936724,3.6925484891980886e-09,0,0,1,0.0,0.0,0
278,245000000.0,0,422130.20355562144,4483379.263824179,0,0.6709810143810264,1.686772314042679,0,0.0,7117647.555852386,11610994635543.732,2003203.2775318967,1161099463554373.2,8191836.204583335,2.8230715543031693e-09,0,0,1,0.0,0.0,0
279,245000000.0,0,497155.5091462281,4498989.373060766,0,0.9761462287692209,4.014810562725147,0,0.0,7511801.744289222,12670509018666.39,2129085.0047630407,1267050901866639.0,8191836.204583335,2.8194335754960775e-09,0,0,1,0.0,0.0,0
280,245000000.0,0,181555.81473683473,4510915.162179701,0,1.443543745884102,10.955553526920637,0,0.0,7196113.576026258,10456361936951.068,1864341.731994185,1045636193695106.9,8191836.204583335,2.8194335754960775e-09,0,0,1,0.0,0.0,0
281,245000000.0,0,412831.1203274414,4513161.464344668,0,0.7725862846734353,1.7089245760994336,0,0.0,7284485.121162896,11821228222542.678,1990223.459225329,1182122822254267.8,8191836.204583335,2.8230715543031693e-09,0,0,1,0.0,0.0,0
282,245000000.0,0,487856.425918048,4498156.47972193,0,0.8226523747749772,4.0911807515756795,0,0.0,7804688.258006701,12605870325096.404,2116105.186456473,1260587032509640.5,8191836.204583335,2.8194335754960775e-09,0,0,1,0.0,0.0,0
283,245000000.0,0,172256.73150865466,4512008.45835462,0,1.4961382749040808,11.543563026872029,0,0.0,7107686.48346149,10378257627451.936,1851361.9136876173,1037825762745193.5,8277361.756538511,3.27054294757545e-09,0,0,1,0.0,0.0,0
284,245000000.0,0,403532.0370992613,4512703.105116351,0,0.6674438185110746,1.6716848879216846,0,0.0,7273844.59238251,12072316139785.303,2133493.6409187615,1207231613978530.2,8277361.756538511,3.2741809263825417e-09,0,0,1,0.0,0.0,0
285,245000000.0,0,478557.34268986795,4542400.216234267,0,0.9734297996296756,4.170512724884727,0,0.0,7486779.236305422,12956806820489.318,2259375.3681499055,1295680682048931.8,8277361.756538511,3.27054294757545e-09,0,0,1,0.0,0.0,0
286,245000000.0,0,553582.6482804746,4539218.1459211735,0,0.7927902809749083,3.6063154990534794,0,0.0,7964219.597171639,13714587969159.008,2385257.0953810494,1371458796915900.8,8277361.756538511,3.27054294757545e-09,0,0,1,0.0,0.0,0
287,245000000.0,0,237982.95387108123,4559667.437658189,0,1.1973066601843163,8.3687977221961,0,0.0,7268539.719069076,11314438037545.348,2120513.8226121934,1131443803754534.8,8277361.756538511,3.27054294757545e-09,0,0,1,0.0,0.0,0
288,245000000.0,0,313008.2594616879,4588233.24594741,0,1.0953086036012871,6.369259214482605,0,0.0,7122197.827990096,11904140204106.283,2246395.5498433374,1190414020410628.2,8277361.756538511,3.27054294757545e-09,0,0,1,0.0,0.0,0
289,245000000.0,0,388033.5650522945,4607826.86240271,0,1.0176348133364568,5.140944585928355,0,0.0,7335132.471913008,12742145717500.164,2372277.2770744814,1274214571750016.5,8277361.756538511,3.27054294757545e-09,0,0,1,0.0,0.0,0
290,245000000.0,0,463058.87064290117,4592420.847570193,0,0.8107798574246387,4.309798015991432,0,0.0,7812572.832779225,13511289443673.275,2498159.0043056253,1351128944367327.5,8277361.756538511,3.27054294757545e-09,0,0,1,0.0,0.0,0
291,245000000.0,0,538084.1762335078,4609804.425223024,0,0.9307667420635101,3.7099957449570677,0,0.0,7649934.089716801,14384352623336.719,2624040.7315367693,1438435262333672.0,8277361.756538511,3.27054294757545e-09,0,0,1,0.0,0.0,0
292,245000000.0,0,222484.48182411445,4627165.858945022,0,1.249679964474261,8.949167224836797,0,0.0,7292805.041918896,11920747912396.666,2359297.4587679133,1192074791239666.5,8277361.756538511,3.27054294757545e-09,0,0,1,0.0,0.0,0
293,245000000.0,0,296719.5569467407,4638867.449568478,0,1.1208134446779103,6.717731345938358,0,0.0,7184684.638889018,12662869188342.822,2485179.1859990573,1266286918834282.2,8273383.432865702,3.077730070799589e-09,0,0,1,0.0,0.0,0
294,245000000.0,0,370954.632069367,4623291.403474347,0,0.8635057379010859,5.376999847731467,0,0.0,7663323.931123659,13446802040599.57,2611060.913230201,1344680204059957.0,8273383.432865702,3.066816134378314e-09,0,0,1,0.0,0.0,0
295,245000000.0,0,445189.70719199325,4640507.85484951,0,0.9622130870374864,4.482398333629444,0,0.0,7501884.119429659,14276673089094.787,2736942.640461345,1427667308909478.8,8273383.432865702,3.066816134378314e-09,0,0,1,0.0,0.0,0
296,245000000.0,0,519424.7823146195,4636003.581556101,0,0.781473972969122,3.8430145296019216,0,0.0,7980523.411664301,15193349384298.297,2862824.367692489,1519334938429829.8,8273383.432865702,3.066816134378314e-09,0,0,1,0.0,0.0,0
297,245000000.0,0,203034.85743724578,4653310.464813243,0,1.3294621767216406,9.802246660794872,0,0.0,7424346.892225852,12828480831726.068,2598081.094923633,1282848083172606.8,8278007.953818356,2.73939804174006e-09,0,0,1,0.0,0.0,0
298,245000000.0,0,433519.93255987205,4656404.531349482,0,0.7123186972022391,1.4976707868392094,0,0.0,7432351.44157099,13920961536540.283,2723962.822154777,1392096153654028.2,8278007.953818356,2.5174813345074654e-09,0,0,1,0.0,0.0,0
299,245000000.0,0,507755.0076824983,4668264.23553916,0,0.9200738836262227,3.9311652363098735,0,0.0,7659810.192309461,14922334792028.896,2849844.549385921,1492233479202889.8,8253669.863400413,1.5661498764529824e-09,0,0,1,0.0,0.0,0
300,245000000.0,0,191365.08280512458,4680135.173562307,0,1.385752349825882,10.396897247855005,0,0.0,7314527.091080605,12550836201045.564,2585101.276617065,1255083620104556.5,8253669.863400413,1.6771082300692797e-09,0,0,1,0.0,0.0,0
301,245000000.0,0,421850.15792775084,4671278.59289255,0,0.7155013019381735,1.4669984648708987,0,0.0,7374043.310942553,13763238653967.443,2710983.003848209,1376323865396744.2,8253654.247098743,1.7316779121756554e-09,0,0,1,0.0,0.0,0
302,245000000.0,0,496085.2330503771,4675039.134345733,0,0.9292738334273379,4.02345486653656,0,0.0,7738976.274334517,14818731416033.75,2836864.731079353,1481873141603375.0,8253654.247098743,1.7207639757543802e-09,0,0,1,0.0,0.0,0
303,245000000.0,0,570317.4096762361,4654128.509733663,0,0.7573777936019077,3.500680998209724,0,0.0,8227483.057949405,15720179814347.996,2962746.458310497,1572017981434799.5,8253642.653111674,1.8044374883174896e-09,0,0,1,0.0,0.0,0
304,245000000.0,0,253924.5863020951,4668786.317497753,0,1.1462923245079304,7.845457470429807,0,0.0,7543662.731560261,13234909619599.682,2698003.185541641,1323490961959968.2,8255064.468927721,1.5279510989785194e-09,0,0,1,0.0,0.0,0
305,245000000.0,0,328156.7629279541,4691546.752061947,0,1.0552511976385535,6.076132181545851,0,0.0,7407594.134265205,13975859805575.752,2823884.912772785,1397585980557575.2,8255064.468927721,1.5279510989785194e-09,0,0,1,0.0,0.0,0
306,245000000.0,0,402388.9395538131,4698919.778946216,0,0.9858575962039904,4.957994143845868,0,0.0,7636219.721889443,14967906487783.139,2949766.640003929,1496790648778313.8,8255064.468927721,1.5279510989785194e-09,0,0,1,0.0,0.0,0
307,245000000.0,0,476621.11617967207,4683251.328620647,0,0.7889783984418879,4.1874195512906045,0,0.0,8124726.505504331,15885941901276.225,3075648.367235073,1588594190127622.5,8255064.468927721,1.5279510989785194e-09,0,0,1,0.0,0.0,0
308,245000000.0,0,556778.5456552863,4700860.246840429,0,0.9055879473640838,3.5856524342476654,0,0.0,7969541.19281715,16903020773955.533,3201530.094466217,1690302077395553.2,8278765.480326741,2.5029294192790985e-09,0,0,1,0.0,0.0,0
309,245000000.0,0,246310.9751309005,4717384.220931302,0,1.1682836510608974,8.086984408764753,0,0.0,7612421.191033154,14293249903749.146,2936786.821697361,1429324990374914.8,8278765.480326741,2.270098775625229e-09,0,0,1,0.0,0.0,0
310,245000000.0,0,326468.4046065147,4729382.636683231,0,1.063687024718852,6.107459443005487,0,0.0,7515687.410895102,15172665512977.33,3062668.548928505,1517266551297733.0,8278765.480326741,2.2118911147117615e-09,0,0,1,0.0,0.0,0
311,245000000.0,0,406625.83408212895,4714098.000446512,0,0.8265735138889079,4.9064603682529055,0,0.0,7998268.941660235,16093260075785.623,3188550.276159649,1609326007578562.2,8278765.480326741,2.270098775625229e-09,0,0,1,0.0,0.0,0
312,245000000.0,0,486783.26355774316,4731600.626895788,0,0.9281695616862403,4.100181677847261,0,0.0,7843083.62948366,17068154589163.4,3314432.0033907928,1706815458916340.0,8278765.47930553,2.051820047199726e-09,0,0,1,0.0,0.0,0
313,245000000.0,0,566940.6930333574,4743172.60808735,0,0.9088847470433974,3.521494452735987,0,0.0,8202094.239033241,18256398980359.88,3440313.7306219367,1825639898035988.0,8326049.97401328,2.4410837795585394e-09,0,0,1,0.0,0.0,0
314,245000000.0,0,256473.1225089716,4750172.873621053,0,1.1366403524675286,7.767801083510417,0,0.0,7844974.237759851,15532073675287.3,3175570.4578530807,1553207367528730.0,8326049.97401328,2.4410837795585394e-09,0,0,1,0.0,0.0,0
315,245000000.0,0,336630.5519845858,4758901.182027185,0,1.059145445401897,5.923634541495249,0,0.0,7769696.304386968,16549353896219.955,3301452.1850842247,1654935389621995.5,8283138.281504152,3.54702933691442e-09,0,0,1,0.0,0.0,0
316,245000000.0,0,416787.98146020004,4743370.651446046,0,0.824961799359898,4.787117123402764,0,0.0,8271107.602341528,17531260841334.492,3427333.9123153687,1753126084133449.2,8288390.4406556375,2.4410837795585394e-09,0,0,1,0.0,0.0,0
317,245000000.0,0,496945.41093581426,4760631.318565666,0,0.9378677579026594,4.016504532577773,0,0.0,8134752.056843774,18648767875779.375,3553215.6395465126,1864876787577937.5,8288390.4406556375,2.4410837795585394e-09,0,0,1,0.0,0.0,0
318,245000000.0,0,186477.84041142848,4766760.282351576,0,1.4101791371238248,10.667927450043754,0,0.0,7796461.822249206,16094670761583.936,3288472.3667776566,1609467076158393.5,8288390.4406556375,2.8194335754960775e-09,0,0,1,0.0,0.0,0
319,245000000.0,0,422885.2698870427,4761063.78476675,0,0.7056467953866965,1.3491457659768478,0,0.0,7874807.809300581,17415596000432.252,3414354.0940088006,1741559600043225.2,8288390.4406556375,2.8194335754960775e-09,0,0,1,0.0,0.0,0
320,245000000.0,0,503042.6993626569,4741005.977752459,0,0.7857487272345249,3.967917802457857,0,0.0,8376219.107255141,18498167118647.89,3540235.8212399445,1849816711864789.0,8288390.4406556375,2.4410837795585394e-09,0,0,1,0.0,0.0,0
321,245000000.0,0,192575.12883827114,4753766.1831237525,0,1.3807187238420473,10.331905818701365,0,0.0,7780770.848239963,16053856806803.312,3275492.5484710885,1605385680680331.2,8288390.4406556375,2.4410837795585394e-09,0,0,1,0.0,0.0,0
322,245000000.0,0,428982.55831388535,4756528.997150066,0,0.7025851580119049,1.3608546617988537,0,0.0,7819776.738139399,17239974733712.145,3401374.2757022325,1723997473371214.5,8288401.000645508,2.9940565582364798e-09,0,0,1,0.0,0.0,0
323,245000000.0,0,509139.9877894996,4772537.198793165,0,0.9224804079327541,3.920492507686469,0,0.0,8061301.560108373,18409810206485.953,3527256.0029333765,1840981020648595.2,8288401.000645508,2.4301698431372643e-09,0,0,1,0.0,0.0,0
324,245000000.0,0,198672.4172651138,4777088.494572122,0,1.3519901543852588,10.016406008369762,0,0.0,7723006.0455188695,15876794137931.59,3262512.7301645204,1587679413793159.0,8288401.000645508,2.6157067622989416e-09,0,0,1,0.0,0.0,0
325,245000000.0,0,435079.846740728,4773846.566007333,0,0.7109286714352048,1.450276129460108,0,0.0,7801346.752575309,17184688151870.604,3388394.4573956644,1718468815187060.2,8284198.38411284,2.863089321181178e-09,0,0,1,0.0,0.0,0
326,245000000.0,0,515237.27621634223,4784221.727074288,0,0.9247700995533051,3.8741874950576984,0,0.0,8178890.967868047,18417961064372.566,3514276.1846268084,1841796106437256.8,8281112.51041919,2.10275175049901e-09,0,0,1,0.0,0.0,0
327,245000000.0,0,204769.70569195645,4780595.973711464,0,1.3240470506194006,9.71960373503212,0,0.0,7840304.572337813,15828544516259.65,3249532.9118579524,1582854451625965.0,8300452.116947494,2.10275175049901e-09,0,0,1,0.0,0.0,0
328,245000000.0,0,441177.13516757067,4778097.570362916,0,0.7170771482647782,1.469695623505724,0,0.0,7918354.3984535225,17183175774563.77,3375414.6390890963,1718317577456377.0,8300452.116947494,2.10275175049901e-09,0,0,1,0.0,0.0,0
329,245000000.0,0,521334.5646431849,4764710.861937224,0,0.7743736804629446,3.8289635329154064,0,0.0,8419469.535472417,18215324731700.637,3501296.3663202403,1821532473170063.8,8300452.116947493,2.7430360205471516e-09,0,0,1,0.0,0.0,0
330,245000000.0,0,210866.9941187991,4777764.388902013,0,1.2981316875911415,9.439884717855346,0,0.0,7742332.309637525,15742874946990.137,3236553.0935513843,1574287494699013.8,8300452.116947493,2.7430360205471516e-09,0,0,1,0.0,0.0,0
331,245000000.0,0,447274.4235944133,4786729.429075881,0,0.7015476804208636,1.3514776153304584,0,0.0,7781047.318596231,16933704183590.55,3362434.8207825283,1693370418359055.0,8300452.116947493,2.7430360205471516e-09,0,0,1,0.0,0.0,0
332,245000000.0,0,546190.6658672518,4815895.2802602835,0,0.8994904940057213,3.6550331077562626,0,0.0,8003522.446827251,18054521045808.86,3488316.548013672,1805452104580886.0,8375487.36813639,2.10275175049901e-09,0,0,1,0.0,0.0,0
333,245000000.0,0,254481.9081400904,4819471.026472269,0,1.143795364400434,7.828342971758784,0,0.0,7627418.425702569,15446500036475.117,3223573.275244816,1544650003647511.8,8375487.36813639,2.029992174357176e-09,0,0,1,0.0,0.0,0
334,245000000.0,0,351528.2019151691,4836533.047809321,0,1.0235535860537048,5.673304970026971,0,0.0,7551088.200316039,16366153051270.805,3349455.00247596,1636615305127080.5,8368007.574145351,1.9572325982153416e-09,0,0,1,0.0,0.0,0
335,245000000.0,0,448574.49569024774,4853738.407166568,0,0.9479503574128784,4.44865093365523,0,0.0,7911743.551309314,17487473905868.195,3475336.729707104,1748747390586819.5,8368007.574145351,1.9572325982153416e-09,0,0,1,0.0,0.0,0
336,245000000.0,0,545620.7894653264,4837536.476376154,0,0.7550490260256898,3.6588436417800487,0,0.0,8357351.3018832095,18343046754191.418,3586929.0905531575,1834304675419141.8,8473823.3512066,2.510205376893282e-09,0,0,1,0.0,0.0,0
337,245000000.0,0,252042.08324040496,4859655.936094919,0,1.1488507638696135,7.903823642251165,0,0.0,7642185.305920294,15735357163004.121,3307896.451399211,1573535716300412.0,8473826.280245313,1.6443664208054543e-09,0,0,1,0.0,0.0,0
338,245000000.0,0,504009.24185902317,4864258.354907121,0,0.6788211294871054,1.2817372567017173,0,0.0,7682227.985516104,16779884918854.973,3419488.812245264,1677988491885497.2,8468509.739619471,2.8448994271457195e-09,0,0,1,0.0,0.0,0
339,245000000.0,0,599726.4004776414,4873691.032345364,0,0.864980949305186,3.329302654935404,0,0.0,7893611.366496897,17828665423263.836,3531081.1730913175,1782866542326383.5,8468509.739619471,2.8448994271457195e-09,0,0,1,0.0,0.0,0
340,245000000.0,0,304818.55909625965,4873950.875399375,0,1.015388953627642,6.539825463537282,0,0.0,7495325.315391118,15153941602723.336,3252048.533937371,1515394160272333.5,8468509.739619471,2.837623469531536e-09,0,0,1,0.0,0.0,0
341,245000000.0,0,400535.7177148778,4893283.361417181,0,0.9593919238419226,4.980876947589899,0,0.0,7417123.676987472,15996222367503.43,3363640.894783424,1599622236750343.0,8468509.739619471,3.368768375366926e-09,0,0,1,0.0,0.0,0
342,245000000.0,0,496252.87633349607,4885199.716995467,0,0.7561098308083224,4.022098403426119,0,0.0,7864059.0981984725,16822890644467.604,3475233.2556294776,1682289064446760.2,8468509.739619471,2.8448994271457195e-09,0,0,1,0.0,0.0,0
343,245000000.0,0,591970.0349521143,4907220.379994752,0,0.8577468150522014,3.3728517161267875,0,0.0,7721885.987478047,17768903451293.05,3586825.616475531,1776890345129305.0,8468509.739619471,2.837623469531536e-09,0,0,1,0.0,0.0,0
344,245000000.0,0,297062.1935707326,4918084.364532392,0,1.0305002057056114,6.710008995238048,0,0.0,7323599.936372267,15199330044308.342,3307792.9773215842,1519933004430834.2,8468509.739619471,2.837623469531536e-09,0,0,1,0.0,0.0,0
345,245000000.0,0,392779.3521893509,4937970.782029579,0,0.9580202114666417,5.078986465085882,0,0.0,7244232.571098247,15992510669333.516,3418219.6112972633,1599251066933351.5,8473172.64710097,2.7575879357755184e-09,0,0,1,0.0,0.0,0
346,245000000.0,0,488496.51080796914,4949290.66090535,0,0.8987431675831012,4.085830962714677,0,0.0,7580071.4027849985,16952971886070.904,3528646.2452729424,1695297188607090.5,8494550.840477291,2.4665496312081814e-09,0,0,1,0.0,0.0,0
347,245000000.0,0,584213.6694265874,4932874.572052612,0,0.7219518019850163,3.417555167430845,0,0.0,8020437.438503605,17793632072558.863,3644265.051859775,1779363207255886.2,8473595.6191227,2.3865140974521637e-09,0,0,1,0.0,0.0,0
348,245000000.0,0,289305.8280452057,4952147.284086678,0,1.0473478716037554,6.889286424138082,0,0.0,7305200.24219202,15363149605450.064,3369258.858446608,1536314960545006.5,8473595.6191227,2.3865140974521637e-09,0,0,1,0.0,0.0,0
349,245000000.0,0,385022.98666382395,4968465.443943652,0,0.9570370396496948,5.181038614526189,0,0.0,7176974.689943209,16052231668987.055,3484877.6650334406,1605223166898705.5,8473595.6191227,2.8594513423740864e-09,0,0,1,0.0,0.0,0
350,245000000.0,0,480740.1452824422,4979190.867829745,0,0.8943673077656004,4.151615802804661,0,0.0,7381695.419976621,16988078282156.875,3600496.4716202733,1698807828215687.5,8473595.6191227,2.393790055066347e-09,0,0,1,0.0,0.0,0
351,245000000.0,0,576457.3039010605,4984324.795092131,0,0.8638251744083288,3.4634595259057854,0,0.0,7722726.424274527,18070432419594.74,3716115.278207106,1807043241959473.8,8473595.6191227,2.88855517283082e-09,0,0,1,0.0,0.0,0
352,245000000.0,0,281549.46251967875,4989420.908465763,0,1.0653359393637676,7.078406669631183,0,0.0,7321877.868511152,15585551010067.787,3441145.935068443,1558555101006778.8,8473448.218024684,4.5183696784079075e-09,0,0,1,0.0,0.0,0
353,245000000.0,0,533516.621138297,4989291.705999415,0,0.6425935045357734,1.339584821433376,0,0.0,7377376.389009261,16557076711736.777,3551541.891758509,1655707671173677.8,8520891.195665024,4.089088179171085e-09,0,0,1,0.0,0.0,0
354,245000000.0,0,629233.7797569153,4968182.647568321,0,0.695216960890331,3.173425583077142,0,0.0,7816824.212992035,17319878880401.225,3661937.848448575,1731987888040122.5,8485877.742387898,3.5197444958612323e-09,0,0,1,0.0,0.0,0
355,245000000.0,0,334325.93837553356,4983399.058227892,0,0.9557395956348511,5.964346240821334,0,0.0,7095445.9550478505,14943722618349.402,3381708.805138641,1494372261834940.2,8485877.742387898,3.5197444958612323e-09,0,0,1,0.0,0.0,0
356,245000000.0,0,430043.0969941518,5002022.163721039,0,0.9042010640109619,4.639907271330539,0,0.0,6971525.040959974,15594720084120.426,3492104.761828707,1559472008412042.5,8485877.742387898,3.6707206163555384e-09,0,0,1,0.0,0.0,0
357,245000000.0,0,525760.2556127701,5012986.295831764,0,0.8565077905834081,3.796793662182122,0,0.0,7166720.419328246,16489901205470.547,3602500.718518773,1648990120547054.8,8485877.742387898,3.5270204534754157e-09,0,0,1,0.0,0.0,0
358,245000000.0,0,621477.4142313884,4999557.379837369,0,0.6942979726586535,3.2129679796808768,0,0.0,7606168.375501543,17263295943946.06,3712896.675208839,1726329594394606.0,8485877.478006853,3.0704541131854057e-09,0,0,1,0.0,0.0,0
359,245000000.0,0,326569.57285000663,5021559.138786547,0,0.9690362444662397,6.1055731843439425,0,0.0,6884790.249747882,15019690216152.602,3432667.631898905,1501969021615260.2,8485877.478006853,3.0704541131854057e-09,0,0,1,0.0,0.0,0
360,245000000.0,0,422286.7314686249,5038742.369266169,0,0.9049168007597556,4.724929583927308,0,0.0,6779875.613616828,15761585109098.357,3562069.7343552713,1576158510909835.8,8409852.894941654,2.291926648467779e-09,0,0,1,0.0,0.0,0
361,245000000.0,0,518003.89008724317,5047980.511515858,0,0.8562505853908977,3.853535663603225,0,0.0,6994077.005560878,16756778959141.174,3691471.8368116375,1675677895914117.5,8409852.894941654,2.499291440472007e-09,0,0,1,0.0,0.0,0
362,245000000.0,0,613721.0487058614,5057186.030516557,0,0.8345168731866912,3.2535082444476084,0,0.0,7351044.225002185,17908557735505.836,3820873.9392680037,1790855773550583.5,8409852.894941654,2.4920154828578234e-09,0,0,1,0.0,0.0,0
363,245000000.0,0,318813.2073244797,5060804.45815435,0,0.9829559480551553,6.253650425295968,0,0.0,6981993.330780327,15724954339962.764,3559651.04172437,1572495433996276.2,8409852.894941654,2.4920154828578234e-09,0,0,1,0.0,0.0,0
364,245000000.0,0,570780.365943098,5060020.293489673,0,0.6220590634320688,1.4754826670559622,0,0.0,7049353.663884801,16687097928608.95,3689053.144180736,1668709792860895.0,8409852.894941654,2.499291440472007e-09,0,0,1,0.0,0.0,0
365,245000000.0,0,275872.52456171624,5059045.027286355,0,1.080022726924814,7.22354088100999,0,0.0,6680302.769662943,14725627868530.736,3427830.246637102,1472562786853073.8,8409852.894941654,2.2846506908535957e-09,0,0,1,0.0,0.0,0
366,245000000.0,0,527839.6831803345,5057376.5155663965,0,0.6080082150369064,1.3447100832459131,0,0.0,6747663.102767417,15538139219778.938,3557232.3490934684,1553813921977893.8,8409852.894941654,2.291926648467779e-09,0,0,1,0.0,0.0,0
367,245000000.0,0,623556.8417989528,5069741.120460998,0,0.8138698726786555,3.202270579951164,0,0.0,7097464.671253892,16612023451712.502,3679468.8005950013,1661202345171250.2,8438515.498760985,3.448803909122944e-09,0,0,1,0.0,0.0,0
368,245000000.0,0,328649.00041757105,5069169.447481619,0,0.9647024974893857,6.067059197712026,0,0.0,6714082.475122368,14533454814071.373,3411080.2520965342,1453345481407137.2,8425638.847250199,4.547473508864641e-09,0,0,1,0.0,0.0,0
369,245000000.0,0,580616.1590361893,5067885.359241428,0,0.6149105828831032,1.323429593683167,0,0.0,6781442.8082268415,15355318329278.932,3533316.703598067,1535531832927893.2,8424952.910327375,3.92901711165905e-09,0,0,1,0.0,0.0,0
370,245000000.0,0,676333.3176548076,5050528.871393539,0,0.6584455135791364,2.9527559738605227,0,0.0,7257972.336031842,16113838680648.828,3655553.1550996,1611383868064882.8,8364897.990366983,4.059984348714352e-09,0,0,1,0.0,0.0,0
371,245000000.0,0,381425.47627342585,5065356.80897732,0,0.8794810353343229,5.2297771045202115,0,0.0,6595089.04304127,14167081261502.69,3387164.606601133,1416708126150269.0,8364897.990366983,3.5433913581073284e-09,0,0,1,0.0,0.0,0
372,245000000.0,0,473093.4953550678,5080837.345188671,0,0.8549605169567366,4.218577178541796,0,0.0,6505244.8606610885,14907163618737.28,3509401.058102666,1490716361873728.0,8348701.432219078,2.5320332497358322e-09,0,0,1,0.0,0.0,0
373,245000000.0,0,564761.5144367097,5095310.0999275725,0,0.8224245613602458,3.5350584105941953,0,0.0,6746357.201167477,15907814368726.746,3631637.509604199,1590781436872674.5,8348701.432219078,2.5320332497358322e-09,0,0,1,0.0,0.0,0
374,245000000.0,0,656429.5335183516,5082149.50539195,0,0.670717309735765,3.0421511326037374,0,0.0,7226935.868509455,16712584691456.395,3753873.961105732,1671258469145639.5,8347279.616403032,1.4406396076083183e-09,0,0,1,0.0,0.0,0
375,245000000.0,0,357472.55259999353,5101756.479319923,0,0.9140152182954387,5.5792277135140305,0,0.0,6572150.8545928355,14815473207670.943,3485485.4126072647,1481547320767094.2,8347279.616403032,1.4406396076083183e-09,0,0,1,0.0,0.0,0
376,245000000.0,0,449140.57168163545,5120763.687889311,0,0.8749812931358413,4.443056515719964,0,0.0,6488271.500396778,15540015601915.066,3607721.8641087976,1554001560191506.8,8327251.680960832,1.9044819055125117e-09,0,0,1,0.0,0.0,0
377,245000000.0,0,540808.5907632774,5128617.799323019,0,0.837602389432662,3.691340510460499,0,0.0,6729383.840903167,16526967275250.078,3729958.3156103306,1652696727525007.8,8327251.680960832,1.9044819055125117e-09,0,0,1,0.0,0.0,0
378,245000000.0,0,632476.6098449193,5136779.331821147,0,0.8230837214466017,3.1571805003023203,0,0.0,7118268.992767363,17680084595479.14,3852194.7671118635,1768008459547914.0,8327251.680960832,1.9044819055125117e-09,0,0,1,0.0,0.0,0
379,245000000.0,0,333519.6289265612,5140077.272971192,0,0.9532670673262166,5.978722403877442,0,0.0,6770760.571539785,15632836746839.766,3583806.2186133964,1563283674683976.5,8351783.544703439,1.3133103493601084e-09,0,0,1,0.0,0.0,0
380,245000000.0,0,581437.6480082031,5139645.408783997,0,0.6191206089138171,1.4942109207351382,0,0.0,6868148.364624455,16490870571407.559,3706042.6701149293,1649087057140755.8,8351783.544703439,1.3133103493601084e-09,0,0,1,0.0,0.0,0
381,245000000.0,0,282480.66708984505,5138299.388106272,0,1.0613010364831053,7.055154838358445,0,0.0,6520639.943396876,14639854517398.383,3437654.1216164622,1463985451739838.2,8351783.544703439,1.3133103493601084e-09,0,0,1,0.0,0.0,0
382,245000000.0,0,530398.686171487,5135931.153864874,0,0.608372251261252,1.3471177468186168,0,0.0,6618027.7364815455,15366226463093.8,3559890.573117995,1536622646309380.0,8351782.647916824,1.3133103493601084e-09,0,0,1,0.0,0.0,0
383,245000000.0,0,622066.7052531289,5124864.9219561275,0,0.6738801834069345,3.2099291827629823,0,0.0,7096354.4396733185,16100899806180.2,3682127.024619528,1610089980618020.0,8351782.647916824,1.3133103493601084e-09,0,0,1,0.0,0.0,0
384,245000000.0,0,323109.7243347708,5139233.303970422,0,0.9734692055064174,6.170749748730813,0,0.0,6461846.940294167,14342012093909.67,3413738.476121061,1434201209390967.0,8306723.690541482,1.6043486539274454e-09,0,0,1,0.0,0.0,0
385,245000000.0,0,571027.7434164127,5140106.883287574,0,0.6069927056494735,1.3257615899851312,0,0.0,6544481.132914477,14986960084426.35,3535974.927622594,1498696008442635.0,8306723.690541482,1.6043486539274454e-09,0,0,1,0.0,0.0,0
386,245000000.0,0,662695.7624980547,5162803.147786349,0,0.7849006726353034,3.013428912778183,0,0.0,6810374.916258739,16059757292902.18,3658211.379124127,1605975729290218.0,8306723.690541482,1.6043486539274454e-09,0,0,1,0.0,0.0,0
387,245000000.0,0,363738.7815796966,5166062.243736719,0,0.9031673136230339,5.483376325758202,0,0.0,6485395.973718831,14142127049880.09,3389822.83062566,1414212704988009.0,8306723.690541482,1.6043486539274454e-09,0,0,1,0.0,0.0,0
388,245000000.0,0,455406.8006613385,5183362.3485731,0,0.8726529407080745,4.382055651015668,0,0.0,6449063.245491172,15004647097807.453,3512059.2821271927,1500464709780745.2,8306723.690541482,1.6043486539274454e-09,0,0,1,0.0,0.0,0
389,245000000.0,0,547074.8197429804,5196673.988449714,0,0.8378713250468124,3.6491368111709632,0,0.0,6854344.910107388,16082022355989.564,3634295.7336287256,1608202235598956.5,8306723.690541482,1.6043486539274454e-09,0,0,1,0.0,0.0,0
390,245000000.0,0,638742.8388246223,5178008.623167593,0,0.6763580154824513,3.1262561745505923,0,0.0,7355201.091986832,16862943383810.914,3756532.1851302586,1686294338381091.5,8306723.690541482,1.6043486539274454e-09,0,0,1,0.0,0.0,0
391,245000000.0,0,339785.85790626425,5197661.256575582,0,0.9411912802200381,5.868788136596077,0,0.0,6720693.592607681,14946919229816.314,3488143.6366317915,1494691922981631.5,8306723.690541482,1.6043486539274454e-09,0,0,1,0.0,0.0,0
392,245000000.0,0,431453.8769879062,5217265.501680308,0,0.8959283084459733,4.624770655151118,0,0.0,6647077.785227991,15730690804366.416,3610380.0881333244,1573069080436641.5,8306723.690541482,1.6043486539274454e-09,0,0,1,0.0,0.0,0
393,245000000.0,0,523121.8960695481,5225712.886897383,0,0.855386928921792,3.8159062137991864,0,0.0,6912971.568572253,16784097511051.695,3732616.5396348573,1678409751105169.5,8306760.647539572,2.3610482458025217e-09,0,0,1,0.0,0.0,0
394,245000000.0,0,614789.91515119,5209392.854703439,0,0.6944356957137708,3.247860919432167,0,0.0,7413809.271952652,17618728060544.332,3854852.9911363903,1761872806054433.2,8306760.647539572,2.3610482458025217e-09,0,0,1,0.0,0.0,0
395,245000000.0,0,317339.08212268667,5228770.0696842335,0,0.981872607176333,6.282609055300372,0,0.0,6776307.955292836,15684867923161.277,3586464.442637923,1568486792316127.8,8305123.462727266,3.2887328416109085e-09,0,0,1,0.0,0.0,0
396,245000000.0,0,566763.2490941833,5227559.836627924,0,0.613657154866877,1.4971842893332596,0,0.0,6837958.215345043,16408334835245.11,3708700.894139456,1640833483524511.0,8371032.699329622,3.14321368932724e-09,0,0,1,0.0,0.0,0
397,245000000.0,0,659937.41606568,5242810.17369936,0,0.8051155645553411,3.026005112413324,0,0.0,7081361.9182313485,17507707713017.031,3830937.345640989,1750770771301703.0,8371032.699329622,3.14321368932724e-09,0,0,1,0.0,0.0,0
398,245000000.0,0,362486.58303717664,5246648.052209022,0,0.9029771294526162,5.502266365070879,0,0.0,6753469.792887502,15437106499070.232,3562548.797142522,1543710649907023.2,8328866.608241875,2.8812792152166367e-09,0,0,1,0.0,0.0,0
399,245000000.0,0,455660.7500086733,5264621.602136116,0,0.8874417532871369,4.379618786948548,0,0.0,6712098.8297653925,16350365540753.379,3684785.248644055,1635036554075338.0,8349415.99972276,3.357854438945651e-09,0,0,1,0.0,0.0,0
400,245000000.0,0,548834.91698017,5274193.552886528,0,0.8543919417497383,3.6374554220464885,0,0.0,7110836.111597304,17475070555771.715,3807021.700145588,1747507055577171.5,8349415.99972276,3.357854438945651e-09,0,0,1,0.0,0.0,0
401,245000000.0,0,251384.0839516666,5278092.324567465,0,1.1426722866749006,7.924429974684991,0,0.0,6775295.370088757,15532731394186.818,3538633.1516471207,1553273139418681.8,8344163.840571276,3.765308065339923e-09,0,0,1,0.0,0.0,0
402,245000000.0,0,500808.25092316326,5281253.464173552,0,0.615516817626357,1.4454290700182684,0,0.0,6897937.834412611,16355636046615.69,3660869.6031486536,1635563604661569.0,8344163.840571276,3.765308065339923e-09,0,0,1,0.0,0.0,0
403,245000000.0,0,593982.4178946599,5258335.280535315,0,0.6955113623412087,3.3614438676641614,0,0.0,7381719.613644974,17163064830896.732,3783106.0546501866,1716306483089673.2,8344247.771971062,3.9108272176235914e-09,0,0,1,0.0,0.0,0
404,245000000.0,0,296531.58486615657,5273785.255444543,0,1.0261292574989906,6.721975419516191,0,0.0,6744594.483118482,15259395223921.297,3514717.5061517195,1525939522392129.8,8344231.402542111,3.82351572625339e-09,0,0,1,0.0,0.0,0
405,245000000.0,0,545955.7518376532,5274397.397620824,0,0.6154400328985208,1.4208704822902742,0,0.0,6819645.9730336,16003057007503.92,3636953.9576532524,1600305700750392.0,8344231.402542111,3.82351572625339e-09,0,0,1,0.0,0.0,0
406,245000000.0,0,639129.9188091499,5284477.861941583,0,0.8080142418649605,3.124365759564326,0,0.0,7097064.196427077,17125278185375.396,3759190.4091547853,1712527818537539.8,8343975.805888616,3.3141986932605505e-09,0,0,1,0.0,0.0,0
407,245000000.0,0,341679.08578064654,5288810.552254875,0,0.9370136572482092,5.836364350756517,0,0.0,6761618.053729016,15062444332616.477,3490801.8606563183,1506244433261647.8,8343975.805888616,3.3141986932605505e-09,0,0,1,0.0,0.0,0
408,245000000.0,0,446162.3937731107,5309279.424834024,0,0.8894680525963482,4.472648030895899,0,0.0,6676441.000913374,15888525144649.033,3613038.312157851,1588852514464903.2,8469666.72317702,2.812157617881894e-09,0,0,1,0.0,0.0,0
409,245000000.0,0,550645.7017655749,5323390.214822646,0,0.8449780489335277,3.625515423393822,0,0.0,7026298.744344906,16915302048901.38,3735274.763659384,1691530204890138.0,8469666.72317702,2.812157617881894e-09,0,0,1,0.0,0.0,0
410,245000000.0,0,264504.009758039,5329499.45712965,0,1.1042739493041198,7.5328429194822855,0,0.0,6628007.143002643,14944661357284.56,3466886.215160917,1494466135728456.0,8469666.72317702,2.812157617881894e-09,0,0,1,0.0,0.0,0
411,245000000.0,0,514803.2933619467,5333996.3397951,0,0.6117676622167185,1.3741746072109853,0,0.0,6720823.255596526,15683830932140.514,3589122.66666245,1568383093214051.2,8427930.625622794,2.4629116524010897e-09,0,0,1,0.0,0.0,0
412,245000000.0,0,608852.5769658544,5315667.000445349,0,0.6808805640120017,3.2794811000888497,0,0.0,7163638.724635435,16410798916669.488,3711359.118163983,1641079891666948.8,8427930.625622794,2.4629116524010897e-09,0,0,1,0.0,0.0,0
413,245000000.0,0,312276.86056976207,5332138.838628131,0,0.9916573959056335,6.3841293492362166,0,0.0,6484663.982568601,14575872102833.348,3442970.569665516,1457587210283334.8,8420063.236381188,2.408341970294714e-09,0,0,1,0.0,0.0,0
414,245000000.0,0,562576.1441736697,5334299.450298793,0,0.6057292003852133,1.3519590320201453,0,0.0,6519616.0942082,15171964997544.926,3565207.0211670487,1517196499754492.5,8420063.236381188,2.408341970294714e-09,0,0,1,0.0,0.0,0
415,245000000.0,0,656625.4277775774,5352668.0616712,0,0.7840998785280741,3.041244932938392,0,0.0,6755740.326876878,16175185817319.664,3687443.4726685816,1617518581731966.5,8420063.236381188,2.408341970294714e-09,0,0,1,0.0,0.0,0
416,245000000.0,0,360049.7113814851,5357726.711943533,0,0.905713019516064,5.539403403335781,0,0.0,6378316.774311728,14249015108541.73,3419054.9241701146,1424901510854173.0,8420063.236381188,2.408341970294714e-09,0,0,1,0.0,0.0,0
417,245000000.0,0,454098.9949853928,5377705.336941932,0,0.8676807441958493,4.394648245848562,0,0.0,6304448.862517054,15039600739202.955,3541291.3756716475,1503960073920295.5,8420063.236381188,2.408341970294714e-09,0,0,1,0.0,0.0,0
418,245000000.0,0,548148.2785893005,5391956.638954746,0,0.8291521279074865,3.6420035862404463,0,0.0,6664740.630337141,16026493105712.824,3663527.8271731804,1602649310571282.5,8420063.236381188,2.408341970294714e-09,0,0,1,0.0,0.0,0
419,245000000.0,0,642197.5621932081,5375501.263785402,0,0.6710684994584052,3.1094645215698535,0,0.0,7107556.0992439855,16744788764745.21,3785764.2786747133,1674478876474521.0,8420063.236645319,2.699380274862051e-09,0,0,1,0.0,0.0,0
420,245000000.0,0,345621.8457971158,5394958.058173361,0,0.9280282258725782,5.769976775124085,0,0.0,6428581.357045085,14915799185595.686,3517375.7301762463,1491579918559568.5,8420063.236645319,2.699380274862051e-09,0,0,1,0.0,0.0,0
421,245000000.0,0,439671.1294010235,5416767.951534005,0,0.877938459389407,4.538531949480044,0,0.0,6307283.468552619,15599886661794.902,3639612.181677779,1559988666179490.2,8420063.236645319,2.699380274862051e-09,0,0,1,0.0,0.0,0
422,245000000.0,0,533720.4130049312,5428829.2728292495,0,0.8341695046657608,3.740272395364035,0,0.0,6526471.172279619,16410644368813.39,3744912.1043697004,1641064436881339.0,8487809.351883765,3.7180143408477306e-09,0,0,1,0.0,0.0,0
423,245000000.0,0,627769.6966088389,5435287.828159023,0,0.8142459787054057,3.1808148687614173,0,0.0,6869826.411158029,17361340272924.904,3850212.0270616217,1736134027292490.5,8487809.351883765,3.7180143408477306e-09,0,0,1,0.0,0.0,0
424,245000000.0,0,331193.98021274654,5441700.74675921,0,0.9520215651167736,6.020578695372935,0,0.0,6458529.800841589,15324855032427.68,3564886.949753543,1532485503242768.0,8487809.351883765,3.7180143408477306e-09,0,0,1,0.0,0.0,0
425,245000000.0,0,581493.2638166542,5440140.01828401,0,0.6017628590950937,1.4552281777582254,0,0.0,6540911.88891485,15898287536513.316,3670186.872445464,1589828753651331.8,8487809.351883765,3.7180143408477306e-09,0,0,1,0.0,0.0,0
426,245000000.0,0,284917.5474205619,5440626.428733243,0,1.0502463211026085,6.995023628466425,0,0.0,6129615.27859841,14104465513515.512,3384861.7951373854,1410446551351551.2,8487809.351883765,3.7180143408477306e-09,0,0,1,0.0,0.0,0
427,245000000.0,0,535216.8310244696,5439914.070875512,0,0.5890209144674095,1.2866865947467432,0,0.0,6211997.36667167,14530661008158.527,3490161.7178293066,1453066100815852.8,8487809.351883765,3.7180143408477306e-09,0,0,1,0.0,0.0,0
428,245000000.0,0,629266.1146283773,5425387.846653519,0,0.6550604406350126,3.1732627751680043,0,0.0,6637876.306768902,15045994614461.16,3595461.640521228,1504599461446116.0,8487809.351883765,3.7180143408477306e-09,0,0,1,0.0,0.0,0
429,245000000.0,0,332690.39823228493,5442036.887493862,0,0.9512844471340021,5.993579709200328,0,0.0,5925028.506950779,13388698220596.434,3310136.563213149,1338869822059643.2,8487809.351883765,3.7180143408477306e-09,0,0,1,0.0,0.0,0
430,245000000.0,0,582989.6818361926,5442088.434432786,0,0.5788789961480774,1.2276677246611345,0,0.0,5959980.618458313,13664746094927.416,3415436.4859050703,1366474609492741.5,8487809.351883765,3.7180143408477306e-09,0,0,1,0.0,0.0,0
431,245000000.0,0,677038.9654401003,5466256.550928432,0,0.7499481478469218,2.949682985699566,0,0.0,6179168.3221853115,14455180569116.684,3520736.4085969916,1445518056911668.2,8487809.351883765,3.7180143408477306e-09,0,0,1,0.0,0.0,0
432,245000000.0,0,380463.249044008,5471794.877078323,0,0.8743321740464434,5.242969027847995,0,0.0,5767871.711868873,12736444874943.877,3235411.331288913,1273644487494387.8,8487809.351883765,3.7180143408477306e-09,0,0,1,0.0,0.0,0
433,245000000.0,0,474512.53264791565,5490640.903805954,0,0.8282636080749709,4.20598798703138,0,0.0,5694003.799942133,13315914794100.242,3340711.253980834,1331591479410024.2,8415510.56051521,4.780304152518511e-09,0,0,1,0.0,0.0,0
434,245000000.0,0,568561.8162518233,5503659.00383454,0,0.7897638404728826,3.511471350312096,0,0.0,6005767.561087102,14058326768622.947,3446011.1766727553,1405832676862294.8,8478693.515982093,4.2273313738405704e-09,0,0,1,0.0,0.0,0
435,245000000.0,0,662611.099855731,5487060.26917458,0,0.6355335852445723,3.0138133621254974,0,0.0,6436204.41913517,14518107247305.447,3551311.0993646765,1451810724730544.8,8478693.515982093,4.2273313738405704e-09,0,0,1,0.0,0.0,0
436,245000000.0,0,366035.3834596387,5508775.2705752365,0,0.8944121286141824,5.449065921514707,0,0.0,5655615.745899326,12954279598349.852,3265986.0220565978,1295427959834985.2,8478693.515982093,4.2273313738405704e-09,0,0,1,0.0,0.0,0
437,245000000.0,0,616334.6670635464,5509976.806251249,0,0.5614414620039155,1.1952744749327795,0,0.0,5658976.379673418,13123926087232.574,3371285.944748519,1312392608723257.5,8478693.515982093,4.2273313738405704e-09,0,0,1,0.0,0.0,0
438,245000000.0,0,710383.950667454,5519482.707178194,0,0.7304671929807114,2.811421312110718,0,0.0,5892001.069094198,14013245553087.031,3496199.8749565138,1401324555308703.0,8348608.574095501,3.077730070799589e-09,0,0,1,0.0,0.0,0
439,245000000.0,0,413808.2342713617,5517134.695634786,0,0.8295203288606569,4.8215050588692705,0,0.0,5505992.07800931,12562496650610.916,3230488.8051645085,1256249665061091.5,8364935.322052108,3.925379132851958e-09,0,0,1,0.0,0.0,0
440,245000000.0,0,507857.5178752694,5534574.138506422,0,0.8004260126134254,3.930373296538851,0,0.0,5426347.144260278,13235884352484.553,3355402.7353725033,1323588435248455.2,8364935.322052108,3.925379132851958e-09,0,0,1,0.0,0.0,0
441,245000000.0,0,601906.8014791771,5542946.214797267,0,0.7704790866152521,3.3172622950896917,0,0.0,5779457.681843317,14101590414418.025,3480316.665580498,1410159041441802.5,8364935.322052108,3.925379132851958e-09,0,0,1,0.0,0.0,0
442,245000000.0,0,695956.0850830848,5524008.012192536,0,0.6244377968379242,2.8696212613762864,0,0.0,6247159.629340328,14686724231714.57,3605230.595788493,1468672423171457.0,8364935.322052059,3.128661774098873e-09,0,0,1,0.0,0.0,0
443,245000000.0,0,399380.36868699244,5543716.922455561,0,0.8472763073116374,4.995249908377878,0,0.0,5558721.036224647,13326514420164.07,3338476.7779278057,1332651442016407.0,8377880.172259392,4.823959898203611e-09,0,0,1,0.0,0.0,0
444,245000000.0,0,493429.6522909001,5557912.227109797,0,0.8067432116003244,4.045064835276688,0,0.0,5419095.822965307,13887741932805.572,3462347.9600671185,1388774193280557.2,8377880.172259392,5.056790541857481e-09,0,0,1,0.0,0.0,0
445,245000000.0,0,587478.9358948078,5566411.395800077,0,0.7735636886337377,3.398592333570807,0,0.0,5661441.98959366,14698694307845.12,3586226.529021256,1469869430784512.0,8377850.625000094,2.975866664201021e-09,0,0,1,0.0,0.0,0
446,245000000.0,0,681528.2194987155,5569211.294110505,0,0.759002981911109,2.9302817713074267,0,0.0,6012489.428310078,15656848567879.262,3711270.824845768,1565684856787926.2,8373187.717518596,3.878085408359766e-09,0,0,1,0.0,0.0,0
447,245000000.0,0,384952.50310262316,5572059.442309904,0,0.8664082948681072,5.181984788082093,0,0.0,5784683.974488077,14199913711570.273,3445690.12067028,1419991371157027.2,8373187.717518596,3.878085408359766e-09,0,0,1,0.0,0.0,0
448,245000000.0,0,635251.7867065308,5564655.45447598,0,0.5698873257410246,1.3570294450056715,0,0.0,5861289.040739044,14660081260688.186,3570734.416494792,1466008126068818.5,8373187.717518596,3.878085408359766e-09,0,0,1,0.0,0.0,0
449,245000000.0,0,338676.0703104385,5562345.96973061,0,0.9405904716892527,5.887962605585226,0,0.0,5630443.719418976,13330854586897.22,3305153.712319304,1333085458689722.0,8373187.717518596,3.878085408359766e-09,0,0,1,0.0,0.0,0
450,245000000.0,0,588975.3539143462,5559342.10990362,0,0.5609706992022333,1.2388934899786177,0,0.0,5707048.785669943,13712877504870.389,3430198.0081438157,1371287750487038.8,8373187.717518596,3.878085408359766e-09,0,0,1,0.0,0.0,0
451,245000000.0,0,683024.6375182539,5563041.127608661,0,0.7447967317887102,2.923871291034642,0,0.0,6058094.288252561,14671688911488.893,3555240.367834528,1467168891148889.2,8373195.462053795,2.975866664201021e-09,0,0,1,0.0,0.0,0
452,245000000.0,0,386448.92112216156,5560732.005437041,0,0.8665448258714186,5.161970755286748,0,0.0,5672515.028413928,13190609387317.771,3289657.7275252403,1319060938731777.2,8373195.462053795,2.975866664201021e-09,0,0,1,0.0,0.0,0
453,245000000.0,0,480498.20472606923,5575763.220198547,0,0.824343560390636,4.15370188376471,0,0.0,5592870.094664896,13921393802411.014,3414700.0872159526,1392139380241101.2,8373195.462053795,2.975866664201021e-09,0,0,1,0.0,0.0,0
454,245000000.0,0,574547.4883299769,5561034.3610120285,0,0.6546021775965108,3.4749521812756936,0,0.0,6056313.542678322,14408120130319.81,3539742.446906665,1440812013031981.0,8373195.462053795,2.975866664201021e-09,0,0,1,0.0,0.0,0
455,245000000.0,0,668596.7719338846,5575780.170024847,0,0.747683595477899,2.9868722249417865,0,0.0,5904336.099830131,15243184663098.873,3664784.806597377,1524318466309887.2,8373195.462053795,2.975866664201021e-09,0,0,1,0.0,0.0,0
456,245000000.0,0,372021.0555377923,5583299.338540281,0,0.8865576585554696,5.36162763551392,0,0.0,5676526.77374053,13852212639645.062,3399202.1662880895,1385221263964506.2,8373195.462053795,2.975866664201021e-09,0,0,1,0.0,0.0,0
457,245000000.0,0,622320.3391417,5585566.116346923,0,0.5641447123487375,1.3155321984586128,0,0.0,5753131.839991497,14269601769559.133,3524244.525978802,1426960176955913.2,8373195.462053795,2.975866664201021e-09,0,0,1,0.0,0.0,0
458,245000000.0,0,716369.6227456076,5588110.490934725,0,0.7369096901331608,2.787963048038398,0,0.0,6129463.913849106,15269418339041.283,3649286.885669514,1526941833904128.2,8322622.319503814,2.219167072325945e-09,0,0,1,0.0,0.0,0
459,245000000.0,0,419793.9063495153,5585099.361090105,0,0.8231436847845893,4.7529205385849425,0,0.0,5764611.4240383655,13710204776788.008,3383704.2453602264,1371020477678800.8,8322622.319503814,2.219167072325945e-09,0,0,1,0.0,0.0,0
460,245000000.0,0,513843.189953423,5601838.674063028,0,0.8053161819208041,3.884677973852459,0,0.0,5710253.0615643235,14478462875355.5,3508746.6050509387,1447846287535550.0,8322622.319503814,2.219167072325945e-09,0,0,1,0.0,0.0,0
461,245000000.0,0,607892.4735573307,5604190.003384979,0,0.7804209067996418,3.284652195346423,0,0.0,6086585.135421933,15445410029425.879,3633788.964741651,1544541002942588.0,8322622.319503814,2.219167072325945e-09,0,0,1,0.0,0.0,0
462,245000000.0,0,701941.7571612383,5584790.106054148,0,0.6313497375651932,2.845185934147382,0,0.0,6575315.15471035,15996367903719.629,3758831.3244323633,1599636790371963.0,8322622.319503814,2.219167072325945e-09,0,0,1,0.0,0.0,0
463,245000000.0,0,405366.040765146,5603710.087773772,0,0.8408174666759786,4.921671102817063,0,0.0,5887932.18830693,14475893497469.73,3493248.6841230756,1447589349746973.0,8322622.319503814,2.219167072325945e-09,0,0,1,0.0,0.0,0
464,245000000.0,0,499415.3243690537,5619565.934452126,0,0.8139139030279371,3.9966801626662622,0,0.0,5773593.5463225795,15149988138513.6,3618291.043813788,1514998813851360.0,8322622.319503814,2.219167072325945e-09,0,0,1,0.0,0.0,0
465,245000000.0,0,593464.6079729614,5627283.216171499,0,0.7861564472369844,3.3643718619678835,0,0.0,6044583.539445651,16082572375504.178,3743333.4035045,1608257237550417.8,8322622.319503814,2.219167072325945e-09,0,0,1,0.0,0.0,0
466,245000000.0,0,687513.8915768691,5630008.3351348555,0,0.7774646586651325,2.904807040885551,0,0.0,6399066.83680933,17150723495456.762,3868375.7631952125,1715072349545676.2,8366319.872491672,2.1464074961841106e-09,0,0,1,0.0,0.0,0
467,245000000.0,0,390938.17518077674,5632691.387028209,0,0.8591454128564444,5.1028456186425935,0,0.0,6117246.5733886855,15498484706792.598,3602793.1228859248,1549848470679259.8,8366319.872491672,2.1464074961841106e-09,0,0,1,0.0,0.0,0
468,245000000.0,0,484987.4587846844,5643436.344183622,0,0.8491677587812102,4.115332533480242,0,0.0,6041039.434420714,16353957681310.057,3727835.482576637,1635395768131005.8,8367815.409421496,2.8958311304450035e-09,0,0,1,0.0,0.0,0
469,245000000.0,0,579036.7423885921,5624358.804360137,0,0.676792452037673,3.44805743126547,0,0.0,6507920.677215203,16860131525885.201,3852877.8422673494,1686013152588520.0,8367815.409421496,2.8958311304450035e-09,0,0,1,0.0,0.0,0
470,245000000.0,0,673086.0259924998,5641869.615228576,0,0.7826173694694027,2.966980359895864,0,0.0,6324272.677023711,17759246315424.375,3971693.1780971675,1775924631542437.5,8450486.161392009,2.8812792152166367e-09,0,0,1,0.0,0.0,0
471,245000000.0,0,376510.30959640746,5649507.150445791,0,0.8799411143052144,5.297868559240621,0,0.0,6102577.247132605,16102082475808.184,3699883.5139269857,1610208247580818.2,8450486.161392009,2.8812792152166367e-09,0,0,1,0.0,0.0,0
472,245000000.0,0,626809.5932003151,5643562.568230157,0,0.5794801255629769,1.631530383609891,0,0.0,6153738.7799011655,16584267827595.305,3818698.849756804,1658426782759530.5,8450486.161392009,2.8812792152166367e-09,0,0,1,0.0,0.0,0
473,245000000.0,0,330233.8768042228,5648311.0829662895,0,0.956906505709792,6.038029742900085,0,0.0,5935879.072074118,15066452951753.648,3546889.185586622,1506645295175364.8,8450486.161392009,2.8812792152166367e-09,0,0,1,0.0,0.0,0
474,245000000.0,0,580533.1604081305,5646809.628471214,0,0.5666936730451688,1.450497493669514,0,0.0,5987040.604842678,15469284079832.297,3665704.52141644,1546928407983229.8,8450486.161392009,2.8812792152166367e-09,0,0,1,0.0,0.0,0
475,245000000.0,0,674582.4440120382,5661786.435262773,0,0.7570704978229496,2.9604084856360804,0,0.0,6306415.550081994,16439772287356.408,3784519.8572462583,1643977228735640.8,8448927.630815413,1.8189894035458565e-09,0,0,1,0.0,0.0,0
476,245000000.0,0,378006.72761594586,5660947.014320029,0,0.8791280742456095,5.2769511839025585,0,0.0,5959269.309486387,14799258987002.412,3512710.1930760765,1479925898700241.2,8448927.630815413,1.8189894035458565e-09,0,0,1,0.0,0.0,0
477,245000000.0,0,472056.01121985354,5676774.287837288,0,0.836095407690788,4.2278291630681695,0,0.0,5854180.842254947,15557207032386.541,3631525.5289058946,1555720703238654.0,8448927.630815413,1.8189894035458565e-09,0,0,1,0.0,0.0,0
478,245000000.0,0,569417.3416083686,5686095.232320113,0,0.8021559298140813,3.5062047629210054,0,0.0,6170243.740709657,16485368290971.023,3750340.8647357128,1648536829097102.2,8462175.817953842,1.3533281162381172e-09,0,0,1,0.0,0.0,0
479,245000000.0,0,666778.6719968836,5669004.520851691,0,0.6437033996817699,2.9950043088667764,0,0.0,6599483.8498834735,16920886527707.135,3869156.200565531,1692088652770713.5,8462175.817953842,1.3533281162381172e-09,0,0,1,0.0,0.0,0
480,245000000.0,0,373515.0023853986,5690237.938183535,0,0.8851145469803469,5.340240009776375,0,0.0,6090447.132475829,15367824731668.973,3597346.536395349,1536782473166897.2,8462175.817953842,1.3533281162381172e-09,0,0,1,0.0,0.0,0
481,245000000.0,0,627126.3327739136,5695020.247071455,0,0.5638596861297853,1.505593373990898,0,0.0,6081628.385734081,15721653020052.605,3716161.872225167,1572165302005260.5,8462175.817953842,1.3533281162381172e-09,0,0,1,0.0,0.0,0
482,245000000.0,0,724487.6631624287,5711123.650159849,0,0.7388029205545573,2.7567663815011314,0,0.0,6292349.203454253,16689762937376.953,3834977.2080549854,1668976293737695.2,8462175.817953842,1.3533281162381172e-09,0,0,1,0.0,0.0,0
483,245000000.0,0,431223.9935509437,5712289.443704809,0,0.8103209502398109,4.627230394057872,0,0.0,5938578.869289431,14988742553422.195,3563167.5438848035,1498874255342219.5,8545169.471333908,1.2660166248679161e-09,0,0,1,0.0,0.0,0
484,245000000.0,0,528585.3239394587,5732684.899146733,0,0.7954834149330288,3.7765396992546503,0,0.0,5791993.575367958,15751772143154.713,3681982.8797146217,1575177214315471.2,8544666.585282318,4.0745362639427185e-10,0,0,1,0.0,0.0,0
485,245000000.0,0,625946.6543279737,5744601.016046101,0,0.7724912732549574,3.190064076733621,0,0.0,6066559.647132635,16684585668826.871,3800798.21554444,1668458566882687.0,8544666.585282318,4.0745362639427185e-10,0,0,1,0.0,0.0,0
486,245000000.0,0,723307.9847164887,5729020.367924041,0,0.6252068304728118,2.761256319413415,0,0.0,6458982.114131936,17128412183833.47,3919613.551374258,1712841218383347.0,8535308.216251284,1.0477378964424133e-09,0,0,1,0.0,0.0,0
487,245000000.0,0,430044.31510500377,5751764.415953883,0,0.8107842447937847,4.6398941591719955,0,0.0,6069756.692278873,15560644560450.465,3647803.887204076,1556064456045046.5,8535308.216251284,1.0477378964424133e-09,0,0,1,0.0,0.0,0
488,245000000.0,0,527405.6454935188,5776371.91454233,0,0.7903239656331529,3.784970915918292,0,0.0,5867870.30336261,16233416542859.613,3766619.2230338943,1623341654285961.2,8535308.216251284,1.0477378964424133e-09,0,0,1,0.0,0.0,0
489,245000000.0,0,624766.9758820338,5787922.4669055,0,0.7668147957493746,3.1960778965380063,0,0.0,6041772.921046356,17136612129814.973,3885434.0010018013,1713661212981497.2,8535310.447698927,2.0372681319713593e-09,0,0,1,0.0,0.0,0
490,245000000.0,0,722128.3062705488,5796210.427080334,0,0.7624467858710618,2.765760906684417,0,0.0,6321017.61946464,18161310492302.53,4004248.7789697084,1816131049230253.0,8617554.991590219,3.739842213690281e-09,0,0,1,0.0,0.0,0
491,245000000.0,0,428864.63665906386,5804253.181573636,0,0.811116445938972,4.65262743068174,0,0.0,6260912.563330979,16426327368507.396,3732438.5569376154,1642632736850739.8,8647172.689766943,4.631147021427751e-09,0,0,1,0.0,0.0,0
492,245000000.0,0,526225.9670475789,5820605.862657334,0,0.8148764449132874,3.7934398626073595,0,0.0,6119006.453925025,17279368532685.975,3851253.3349055224,1727936853268597.5,8647172.689766943,4.631147021427751e-09,0,0,1,0.0,0.0,0
493,245000000.0,0,623587.2974360939,5806746.791678157,0,0.6499062650045503,3.202114433338495,0,0.0,6472618.351593096,17703516076980.215,3970068.1128734294,1770351607698021.5,8642548.168814288,6.715708877891302e-09,0,0,1,0.0,0.0,0
494,245000000.0,0,720948.6278246089,5827338.494200167,0,0.7611064183738563,2.770280215126169,0,0.0,6289173.090442008,18638732941595.91,4088872.870045427,1863873294159591.0,8642588.251997929,6.657501216977835e-09,0,0,1,0.0,0.0,0
495,245000000.0,0,427684.95821312396,5840669.943599555,0,0.8125600725006582,4.6654307824014785,0,0.0,6231360.253192856,16913164231924.693,3817052.627217424,1691316423192469.2,8642588.251997929,6.657501216977835e-09,0,0,1,0.0,0.0,0
496,245000000.0,0,681296.3360776773,5838334.8969938895,0,0.5557442740351674,1.803939870253224,0,0.0,6245704.096310863,17449458794932.582,3935857.3843894214,1744945879493258.2,8641759.899291178,5.37329469807446e-09,0,0,1,0.0,0.0,0
497,245000000.0,0,388032.71394223056,5847036.680463052,0,0.863823490384206,5.1409558330793494,0,0.0,6060328.945297725,15812662003285.758,3664037.141561419,1581266200328575.8,8641759.899291178,5.707988748326898e-09,0,0,1,0.0,0.0,0
498,245000000.0,0,641644.0918067838,5849488.477570269,0,0.5402461002774344,1.5851630140512416,0,0.0,6074672.83589177,16273285153943.771,3782841.898733416,1627328515394377.2,8641759.899291178,5.547917680814862e-09,0,0,1,0.0,0.0,0
499,245000000.0,0,739005.469671337,5863344.94709288,0,0.7258985744043063,2.7026827259645416,0,0.0,6355063.596276268,17276831375773.906,3901646.6559054134,1727683137577390.5,8641759.917538846,3.830791683867574e-09,0,0,1,0.0,0.0,0
500,245000000.0,0,445741.8475358903,5866491.095451352,0,0.7934583676006267,4.476858416178091,0,0.0,6077222.422688181,15534294446578.14,3629827.8470869586,1553429444657814.0,8641754.181500655,3.80168785341084e-09,0,0,1,0.0,0.0,0
501,245000000.0,0,553664.1944638088,5887075.539692262,0,0.7742127525224353,3.605785302102275,0,0.0,5927358.476827955,16319690776449.908,3748634.0382685037,1631969077644990.8,8678791.792535927,3.743480192497373e-09,0,0,1,0.0,0.0,0
502,245000000.0,0,661586.5413917273,5899592.766255632,0,0.7541846184032314,3.0184736257985376,0,0.0,6199792.83476773,17281682991070.85,3867440.229450049,1728168299107085.0,8678791.792535927,3.743480192497373e-09,0,0,1,0.0,0.0,0
503,245000000.0,0,378883.8883196458,5908406.519510592,0,0.8759562279155975,5.264766581301125,0,0.0,6208123.457834724,15626892138236.383,3595621.420631594,1562689213823638.2,8678791.792535927,3.743480192497373e-09,0,0,1,0.0,0.0,0
504,245000000.0,0,638676.340816587,5916119.617357013,0,0.5380402109991207,1.503630316209094,0,0.0,6229450.375468841,16128407867057.625,3714427.611813139,1612840786705762.5,8661272.214812018,4.623871063813567e-09,0,0,1,0.0,0.0,0
505,245000000.0,0,744907.9725169981,5900471.514855403,0,0.5921527323009999,2.681295915434693,0,0.0,6599525.212400796,16545025487895.312,3833233.8029946843,1654502548789531.2,8626551.523872133,2.6157067622989416e-09,0,0,1,0.0,0.0,0
506,245000000.0,0,460514.60421740916,5920351.129635508,0,0.7777819029478957,4.333557338648909,0,0.0,5978640.992641141,14884330021731.473,3561414.9941762295,1488433002173147.2,8644957.304653384,4.420144250616431e-09,0,0,1,0.0,0.0,0
507,245000000.0,0,566746.2359178204,5943692.255797578,0,0.7434905607786814,3.522700589580825,0,0.0,5804408.700687181,15536724567383.69,3680221.1853577746,1553672456738369.0,8644957.304653384,4.383764462545514e-09,0,0,1,0.0,0.0,0
508,245000000.0,0,672977.8676182315,5960263.08906957,0,0.7214853428727906,2.9674564938872465,0,0.0,5992462.006282317,16426945344993.947,3799027.3765393198,1642694534499394.8,8644957.304653384,4.420144250616431e-09,0,0,1,0.0,0.0,0
509,245000000.0,0,779209.4993186425,5973961.28108518,0,0.7176602115775772,2.5634140596168096,0,0.0,6289325.783326482,17449115525576.885,3917833.567720865,1744911552557688.5,8644957.304653384,4.420144250616431e-09,0,0,1,0.0,0.0,0
510,245000000.0,0,494816.13101905363,5982061.57217141,0,0.7433594071335853,4.033753391381981,0,0.0,6137749.702014705,15663845021757.19,3646014.75890241,1566384502175719.0,8644957.304653384,4.420144250616431e-09,0,0,1,0.0,0.0,0
511,245000000.0,0,601047.7627194647,6007903.9829586465,0,0.753001938534145,3.321995568866414,0,0.0,5994392.143597857,16503796663347.574,3764820.950083955,1650379666334757.5,8698543.875647122,5.35146682523191e-09,0,0,1,0.0,0.0,0
512,245000000.0,0,707279.3944198758,5995338.768791011,0,0.5990540417543669,2.823744437233166,0,0.0,6328470.804642319,16882095060195.516,3883627.1412655003,1688209506019551.5,8698543.875647122,5.35146682523191e-09,0,0,1,0.0,0.0,0
513,245000000.0,0,422886.0261202869,6015494.116631489,0,0.8169921889447722,4.718249427341246,0,0.0,6057871.550184065,15340629078719.826,3611808.3324470455,1534062907871982.5,8703075.460059281,3.2669049687683582e-09,0,0,1,0.0,0.0,0
514,245000000.0,0,685367.6578206981,6023986.498428378,0,0.5098683392620371,1.522154272582706,0,0.0,6010830.180527156,15691836576461.738,3730614.5236285906,1569183657646173.8,8703075.460059281,3.230525180697441e-09,0,0,1,0.0,0.0,0
515,245000000.0,0,791599.2895211092,6039172.930655989,0,0.6841114491215211,2.523343165256186,0,0.0,6173223.096728464,16635006773736.883,3849420.714810136,1663500677373688.2,8703075.460059281,3.2669049687683582e-09,0,0,1,0.0,0.0,0
516,245000000.0,0,507205.9212215203,6049183.785270701,0,0.7318653652029462,3.935412628000897,0,0.0,5878278.521284366,14897432010388.65,3577601.905991681,1489743201038865.0,8703075.460059281,3.2669049687683582e-09,0,0,1,0.0,0.0,0
517,245000000.0,0,613437.5529219314,6072316.64797693,0,0.7207551427244653,3.2550093829537046,0,0.0,5729187.194109234,15620966129396.674,3690674.3284149426,1562096612939667.5,8726010.535092417,4.401954356580973e-09,0,0,1,0.0,0.0,0
518,245000000.0,0,719550.9282614333,6087661.391848203,0,0.7058468408067218,2.7756539080806677,0,0.0,5992509.277156116,16513736531944.36,3803746.7508382043,1651373653194436.0,8725537.50964878,4.874891601502895e-09,0,0,1,0.0,0.0,0
519,245000000.0,0,435039.30360093515,6097410.357181806,0,0.8017918048958658,4.586742487393769,0,0.0,5998833.67691727,14858748171486.002,3526194.173261466,1485874817148600.2,8725537.50964878,4.874891601502895e-09,0,0,1,0.0,0.0,0
520,245000000.0,0,697402.678940437,6106425.995854919,0,0.5058496015586045,1.4232087852305675,0,0.0,6011726.118500423,15296922560396.531,3639266.5956847277,1529692256039653.0,8725537.50964878,4.896719474345446e-09,0,0,1,0.0,0.0,0
521,245000000.0,0,803516.0542799389,6091728.339841586,0,0.5581048607745502,2.485966550151753,0,0.0,6337923.474941429,15682511247769.953,3752339.0181079893,1568251124776995.2,8725537.50964878,4.874891601502895e-09,0,0,1,0.0,0.0,0
522,245000000.0,0,519004.4296194408,6113318.304477912,0,0.7217651878289302,3.846121082975537,0,0.0,5743593.195688427,14044234549520.018,3474786.440531251,1404423454952001.8,8725537.50964878,4.874891601502895e-09,0,0,1,0.0,0.0,0
523,245000000.0,0,625117.8049589427,6136596.308781732,0,0.6910669515170994,3.194287056141374,0,0.0,5540301.826031519,14618239093179.361,3587858.8629545127,1461823909317936.2,8725537.50964878,4.874891601502895e-09,0,0,1,0.0,0.0,0
524,245000000.0,0,731231.1802984446,6153079.675434161,0,0.6730296106186335,2.7313778131994257,0,0.0,5698212.125938492,15419666776297.197,3700931.2853777744,1541966677629719.8,8725537.50964878,4.874891601502895e-09,0,0,1,0.0,0.0,0
525,245000000.0,0,837344.5556379465,6168430.871856751,0,0.6691119071486787,2.3856539492620437,0,0.0,5961534.208985373,16343259451551.057,3814003.707801036,1634325945155105.8,8725537.50964878,4.874891601502895e-09,0,0,1,0.0,0.0,0
526,245000000.0,0,552832.9309774484,6175364.770297973,0,0.693968134362867,3.6111973270896716,0,0.0,5918611.718716279,14754667859103.021,3557336.4060007497,1475466785910302.2,8590114.900433494,4.20550350099802e-09,0,0,1,0.0,0.0,0
527,245000000.0,0,658946.3063169502,6196601.371753373,0,0.7022853823312397,3.0305495778310587,0,0.0,5801194.913354171,15666252322622.719,3691294.1042004633,1566625232262272.0,8590114.900433494,4.20550350099802e-09,0,0,1,0.0,0.0,0
528,245000000.0,0,765059.6816564521,6181888.822642007,0,0.5670113514617402,2.6107626440741494,0,0.0,6174218.29862637,16200954796927.924,3825251.802400177,1620095479692792.5,8590114.900433494,4.20550350099802e-09,0,0,1,0.0,0.0,0
529,245000000.0,0,871173.056995954,6198811.963882876,0,0.6674333978883883,2.2931228888090702,0,0.0,6030866.137110318,17229776118827.908,3959209.5005998905,1722977611882790.8,8590114.900433494,4.20550350099802e-09,0,0,1,0.0,0.0,0
530,245000000.0,0,586661.4323354559,6211152.7030934915,0,0.6700973875904382,3.403320160133184,0,0.0,5910121.387677004,15577125877228.633,3702542.198799604,1557712587722863.2,8590114.900433494,4.20550350099802e-09,0,0,1,0.0,0.0,0
531,245000000.0,0,692774.8076749578,6225407.924162891,0,0.6936552616375035,2.8827797981056484,0,0.0,5792704.582314896,16495153354637.299,3836499.8969993177,1649515335463730.0,8590114.900433494,4.20550350099802e-09,0,0,1,0.0,0.0,0
532,245000000.0,0,798888.1830144597,6237681.535195145,0,0.6923534212249384,2.500349476926634,0,0.0,6102852.694192969,17601682684014.844,3970457.5951990313,1760168268401484.5,8590114.900433494,4.20550350099802e-09,0,0,1,0.0,0.0,0
533,245000000.0,0,514376.55835396145,6244367.694661031,0,0.7241260019248451,3.8806576814197995,0,0.0,6099066.139397548,15971094020633.143,3713790.293398745,1597109402063314.2,8590114.86948735,3.2741809263825417e-09,0,0,1,0.0,0.0,0
534,245000000.0,0,776739.9336934633,6250328.577495256,0,0.5021099382624623,1.6711316563248952,0,0.0,6137899.349508095,16649692930720.252,3847747.9915984585,1664969293072025.2,8590114.869488183,4.030880518257618e-09,0,0,1,0.0,0.0,0
535,245000000.0,0,492228.3090329652,6252733.52593795,0,0.743773034344077,4.05491729361854,0,0.0,5938570.9738779105,15056843190071.88,3591080.689798172,1505684319007188.0,8570775.26295988,3.688910510390997e-09,0,0,1,0.0,0.0,0
536,245000000.0,0,754591.6843724671,6253292.853205673,0,0.4922276666940033,1.515721747534332,0,0.0,5988093.280676617,15675772594608.402,3725038.3879978857,1567577259460840.2,8549397.069583558,4.096364136785269e-09,0,0,1,0.0,0.0,0
537,245000000.0,0,860705.059711969,6268623.50581049,0,0.6653042057272045,2.3209797568886437,0,0.0,6308930.504715506,16824409735921.748,3858996.0861975993,1682440973592174.8,8549397.069583558,4.096364136785269e-09,0,0,1,0.0,0.0,0
538,245000000.0,0,576193.435051471,6269877.284672164,0,0.6776853865259208,3.46504287565511,0,0.0,5971265.725598454,15061535458052.713,3602328.784397313,1506153545805271.2,8549397.069583558,4.096364136785269e-09,0,0,1,0.0,0.0,0
539,245000000.0,0,682306.8103909729,6287797.733597531,0,0.6956054533618432,2.9269428748348707,0,0.0,5864538.032397161,16001697850053.348,3736286.4825970265,1600169785005334.8,8549397.069583558,4.096364136785269e-09,0,0,1,0.0,0.0,0
540,245000000.0,0,788420.1857304748,6275267.9946746845,0,0.5626969614908448,2.5335050156455505,0,0.0,6220138.82078105,16535651441012.53,3870244.18079674,1653565144101253.0,8605620.487681808,2.8594513423740864e-09,0,0,1,0.0,0.0,0
541,245000000.0,0,503908.56106997654,6289847.947242737,0,0.7333686866944339,3.9611132672452647,0,0.0,5934931.071698967,15086115078566.135,3613576.8789964537,1508611507856613.5,8682181.245239887,3.67435859516263e-09,0,0,1,0.0,0.0,0
542,245000000.0,0,766271.9364094784,6297699.229768329,0,0.48605415449538913,1.54829019049929,0,0.0,5891498.888649845,15610169065709.994,3752794.277367438,1561016906570999.5,8661142.444554806,3.296008799225092e-09,0,0,1,0.0,0.0,0
543,245000000.0,0,872385.3117489803,6312685.555141696,0,0.6494740700953758,2.289940044898328,0,0.0,6073903.650941055,16714641170657.387,3892011.6757384227,1671464117065738.8,8661142.444554806,2.7284841053187847e-09,0,0,1,0.0,0.0,0
544,245000000.0,0,587873.6870884821,6321822.9369614255,0,0.6695467516122191,3.396314088830203,0,0.0,5823319.029724625,15089429770844.066,3640604.074109407,1508942977084406.8,8661142.444554806,3.4124241210520267e-09,0,0,1,0.0,0.0,0
545,245000000.0,0,693987.062427984,6344282.374689763,0,0.6794400991211388,2.877751411677889,0,0.0,5678311.515606203,16017014309766.244,3779822.0303423023,1601701430976624.5,8661140.213107161,5.9881131164729595e-09,0,0,1,0.0,0.0,0
546,245000000.0,0,800100.4377674859,6362571.5804310795,0,0.6765492760147541,2.496565855804072,0,0.0,5966128.618899234,17131718697151.64,3919039.9865751974,1713171869715164.0,8733544.622249175,5.878973752260208e-09,0,0,1,0.0,0.0,0
547,245000000.0,0,515588.8131069876,6372201.745734822,0,0.7220257355846452,3.871551123941571,0,0.0,6028045.113406625,15591241320304.604,3667632.9428080926,1559124132030460.2,8733544.622249175,5.995389074087143e-09,0,0,1,0.0,0.0,0
548,245000000.0,0,777952.1884464895,6381095.821354806,0,0.4923596186129449,1.6159123551167671,0,0.0,6039287.041426292,16275665958719.787,3806850.8990409877,1627566595871978.8,8733544.622249175,5.878973752260208e-09,0,0,1,0.0,0.0,0
549,245000000.0,0,493440.5637859914,6389894.813013156,0,0.74110180679043,4.044975567307337,0,0.0,5878070.46395335,14766429792822.734,3555443.855273883,1476642979282273.5,8733507.665251086,6.51925802230835e-09,0,0,1,0.0,0.0,0
550,245000000.0,0,755803.9391254933,6394289.818902277,0,0.48263066124739357,1.481613205745515,0,0.0,5889312.391973017,15388175598096.303,3694661.811506778,1538817559809630.2,8733507.665251086,6.51925802230835e-09,0,0,1,0.0,0.0,0
551,245000000.0,0,861917.3144649952,6416045.938164128,0,0.6529203251840154,2.317719167844014,0,0.0,6177129.495266047,16535253846719.176,3833879.767739673,1653525384671917.5,8733507.665251086,6.51925802230835e-09,0,0,1,0.0,0.0,0
552,245000000.0,0,577405.6898044972,6421080.313927103,0,0.674877690462535,3.4577806464455874,0,0.0,5926545.989773438,14877248031589.75,3582472.7239725683,1487724803158975.0,8730863.87236579,6.461050361394882e-09,0,0,1,0.0,0.0,0
553,245000000.0,0,683519.0651439991,6442781.358560788,0,0.6849055497674694,2.9217593809155185,0,0.0,5781537.917793105,15836322883081.326,3721690.6802054634,1583632288308132.5,8730863.87671873,6.9776433520019054e-09,0,0,1,0.0,0.0,0
554,245000000.0,0,789632.440483501,6437497.254045219,0,0.5551159164615618,2.529620462799283,0,0.0,6105458.960372829,16408129172066.535,3860908.6364383586,1640812917206653.5,8730863.87671873,6.9776433520019054e-09,0,0,1,0.0,0.0,0
555,245000000.0,0,895745.8158230027,6452835.953489517,0,0.6565517039277632,2.230286403025442,0,0.0,5966547.1243791655,17487596144174.895,4000126.5926712537,1748759614417489.5,8730863.87671873,7.09405867382884e-09,0,0,1,0.0,0.0,0
556,245000000.0,0,611234.1911625047,6468125.8854340045,0,0.6519761162433306,3.2667237943742053,0,0.0,5939100.56313449,15865488683785.5,3748721.485037949,1586548868378550.0,8730856.132183531,4.634785000234842e-09,0,0,1,0.0,0.0,0
557,245000000.0,0,717347.5665020066,6494479.942539456,0,0.6805327963904845,2.784167571888633,0,0.0,5794092.491154157,16838407823165.143,3887941.377404644,1683840782316514.2,8730856.132183531,4.634785000234842e-09,0,0,1,0.0,0.0,0
558,245000000.0,0,823460.9418415085,6509677.468781987,0,0.6834384282260247,2.425827469198017,0,0.0,6081911.530580986,17998448583615.27,4027161.2697713394,1799844858361527.0,8730856.132183531,4.634785000234842e-09,0,0,1,0.0,0.0,0
559,245000000.0,0,538949.3171810103,6519275.533708879,0,0.7007159252975453,3.7040513551191854,0,0.0,6143831.897355977,16376351497140.195,3775756.1621380346,1637635149714019.5,8730856.132183531,4.751200322061777e-09,0,0,1,0.0,0.0,0
560,245000000.0,0,801312.6925205122,6528136.711956577,0,0.4910873572467365,1.77059195397785,0,0.0,6155073.825375645,17113412770817.502,3914976.05450473,1711341277081750.2,8730856.132183531,4.634785000234842e-09,0,0,1,0.0,0.0,0
561,245000000.0,0,516801.06786001404,6532631.084599564,0,0.7186887931439334,3.862487206265658,0,0.0,5993861.120170304,15522554513850.54,3663570.946871425,1552255451385054.0,8704663.053745082,3.296008799225092e-09,0,0,1,0.0,0.0,0
562,245000000.0,0,779164.4431995159,6536425.183759695,0,0.479589638190282,1.6106289278706107,0,0.0,6018199.5874091955,16202286423806.893,3802790.8392381202,1620228642380689.2,8704663.053745082,3.296008799225092e-09,0,0,1,0.0,0.0,0
563,245000000.0,0,885277.8185390178,6552729.129438923,0,0.6590655875750852,2.2566287434530343,0,0.0,6319115.16605525,17402564551163.16,3942010.7316048155,1740256455116316.0,8704663.053745082,3.296008799225092e-09,0,0,1,0.0,0.0,0
564,245000000.0,0,600766.1938785198,6557217.676004722,0,0.6579317797251144,3.3235499440564213,0,0.0,6042342.454391792,15649723863501.373,3690605.6239715107,1564972386350137.2,8704663.053745082,3.296008799225092e-09,0,0,1,0.0,0.0,0
565,245000000.0,0,712465.2967371767,6578838.367937449,0,0.6842045452133023,2.8032197349281187,0,0.0,5904845.194111529,16643100390231.44,3829825.516338206,1664310039023144.0,8727005.963821702,2.699380274862051e-09,0,0,1,0.0,0.0,0
566,245000000.0,0,824164.3995958336,6565506.476687892,0,0.5555217081963562,2.423759436276701,0,0.0,6236278.984525121,17229919527273.63,3969045.408704901,1722991952727363.0,8727005.963821702,2.699380274862051e-09,0,0,1,0.0,0.0,0
567,245000000.0,0,545238.5024544904,6580783.033130102,0,0.6967331949028206,3.6614042968650478,0,0.0,5999451.472916629,15744588148047.959,3717640.3010715963,1574458814804796.0,8727005.963821702,2.815795596688986e-09,0,0,1,0.0,0.0,0
568,245000000.0,0,813187.6053131473,6589760.375744206,0,0.4725007363694182,1.6839530126693976,0,0.0,5963856.12891546,16314165955419.88,3856860.1934382915,1631416595541988.0,8727005.963821702,2.699380274862051e-09,0,0,1,0.0,0.0,0
569,245000000.0,0,924886.7081718042,6601256.273904837,0,0.642202374068935,2.1600914910519347,0,0.0,6153513.65726156,17455830488186.87,3996080.085804987,1745583048818687.0,8728058.682375137,4.827597877010703e-09,0,0,1,0.0,0.0,0
570,245000000.0,0,645960.811030461,6611795.176603753,0,0.6313185832926079,3.0913773537758127,0,0.0,5865032.571293203,15719585734597.502,3744674.978171682,1571958573459750.2,8728058.682375137,4.944013198837638e-09,0,0,1,0.0,0.0,0
571,245000000.0,0,757659.9138891179,6634867.533254859,0,0.6612160787106394,2.6362273310941147,0,0.0,5733126.318527031,16679599999673.578,3883894.870538377,1667959999967357.8,8728058.682375137,4.827597877010703e-09,0,0,1,0.0,0.0,0
572,245000000.0,0,869359.0167477748,6651175.84185726,0,0.6650790536078162,2.297902315613729,0,0.0,6028195.630013039,17830017395188.13,4023114.7629050724,1783001739518813.0,8728058.682375137,4.827597877010703e-09,0,0,1,0.0,0.0,0
573,245000000.0,0,590433.1196064316,6660903.665959434,0,0.6641467419527439,3.3816165069194932,0,0.0,6052209.264049747,16176833389399.42,3771709.6552717676,1617683338939942.0,8727476.920493677,6.049958756193519e-09,0,0,1,0.0,0.0,0
574,245000000.0,0,858382.2224650885,6669888.177531082,0,0.48042223301069126,1.7642717042123308,0,0.0,6076843.892224304,16925655751770.035,3910929.547638463,1692565575177003.5,8727476.920493677,7.0394889917224646e-09,0,0,1,0.0,0.0,0
575,245000000.0,0,579456.3253237454,6676709.512100909,0,0.6715832139212332,3.445565002473725,0,0.0,5890535.39255411,15297057838840.557,3659524.440005158,1529705783884055.8,8727476.920493677,7.796188583597541e-09,0,0,1,0.0,0.0,0
576,245000000.0,0,847405.4281824023,6680986.301099693,0,0.46913735888293234,1.6053974024859015,0,0.0,5915170.020728666,15988797683760.893,3798744.3323718533,1598879768376089.2,8727476.920493677,7.0394889917224646e-09,0,0,1,0.0,0.0,0
577,245000000.0,0,568479.5310410592,6702624.202146322,0,0.6783476827363559,3.511978729672377,0,0.0,5728861.521058472,14450006454767.14,3547339.2247385485,1445000645476714.0,8727476.920493677,7.0394889917224646e-09,0,0,1,0.0,0.0,0
578,245000000.0,0,836428.6338997161,6706906.155032789,0,0.4599944992188931,1.472705665637977,0,0.0,5753434.204687715,15084207061617.758,3686497.172559929,1508420706161775.8,8727724.698674936,7.1995600592345e-09,0,0,1,0.0,0.0,0
579,245000000.0,0,948144.8558491289,6734081.552578883,0,0.6194749066403018,2.107159921559865,0,0.0,6048715.333478382,16223569258331.451,3825655.1203813097,1622356925833145.0,8727793.17503796,7.999915396794677e-09,0,0,1,0.0,0.0,0
580,245000000.0,0,673508.3840660302,6739415.403744451,0,0.6148729463367828,2.965122520707189,0,0.0,5750944.465826512,14508644042495.115,3574188.06820269,1450864404249511.5,8744882.400107913,8.058123057708144e-09,0,0,1,0.0,0.0,0
581,245000000.0,0,783571.6594331762,6762614.322094114,0,0.6374403111482566,2.549161667966602,0,0.0,5604948.297607228,15310076773602.379,3693039.966780474,1531007677360238.0,8802405.585683279,1.0102667147293687e-08,0,0,1,0.0,0.0,0
582,245000000.0,0,893634.9348003222,6777052.147029978,0,0.6382671299124917,2.235548738599605,0,0.0,5887709.289672217,16301344825254.896,3811891.8653582577,1630134482525489.8,8777873.721940672,9.487848728895187e-09,0,0,1,0.0,0.0,0
583,245000000.0,0,613073.2101674681,6787971.846909875,0,0.6483093282826747,3.256940649559629,0,0.0,5885942.761103968,14563576671537.516,3540118.7639360414,1456357667153751.5,8777873.721940672,9.604264050722122e-09,0,0,1,0.0,0.0,0
584,245000000.0,0,879386.4855346141,6796969.87016368,0,0.45881269710604045,1.474559249669429,0,0.0,5922880.38810358,15222506900294.236,3666136.3134686584,1522250690029423.8,8728661.726640454,4.762114258483052e-09,0,0,1,0.0,0.0,0
585,245000000.0,0,606161.2741844524,6802268.43711767,0,0.6527745809145553,3.2940177264869672,0,0.0,5721306.4587946115,13565632046075.625,3401528.863001275,1356563204607562.5,8758215.65937879,5.045876605436206e-09,0,0,1,0.0,0.0,0
586,245000000.0,0,879811.0628342907,6806872.560317621,0,0.44986213843091283,1.4344502991139616,0,0.0,5745841.410512921,14157059890276.133,3527546.4125338914,1415705989027613.2,8758215.65937879,5.045876605436206e-09,0,0,1,0.0,0.0,0
587,245000000.0,0,997210.851484129,6810180.7231496,0,0.49176611927318276,2.0035847106114124,0,0.0,6080577.645120766,14642361692652.996,3653563.962066508,1464236169265299.5,8758215.65937879,5.045876605436206e-09,0,0,1,0.0,0.0,0
588,245000000.0,0,723985.6401339672,6821034.847662094,0,0.5901508015809922,2.758675329942298,0,0.0,5515060.09564301,13016024925213.934,3388956.5115991244,1301602492521393.2,8758215.65937879,5.162291927263141e-09,0,0,1,0.0,0.0,0
589,245000000.0,0,841385.4287838055,6841205.926561918,0,0.5960227840455937,2.3742101081775613,0,0.0,5345420.224461352,13703080357602.596,3514974.061131741,1370308035760259.5,8663358.661509544,3.881723387166858e-09,0,0,1,0.0,0.0,0
590,245000000.0,0,958785.2174336438,6855628.411711706,0,0.5936875358935864,2.0837995456397755,0,0.0,5494622.759962409,14637837758918.168,3640991.6106643574,1463783775891816.8,8663358.661509544,3.881723387166858e-09,0,0,1,0.0,0.0,0
591,245000000.0,0,685560.006083482,6869986.706725642,0,0.6076058870299482,2.9130738497412723,0,0.0,5502988.555391377,13064782561929.18,3376384.160196974,1306478256192918.0,8663358.661509544,3.9981387089937925e-09,0,0,1,0.0,0.0,0
592,245000000.0,0,802959.7947333202,6895394.062386027,0,0.6122099407757018,2.4876865896800417,0,0.0,5371273.507109688,13862606120588.592,3502401.7097295905,1386260612058859.2,8663358.661509544,3.881723387166858e-09,0,0,1,0.0,0.0,0
593,245000000.0,0,920359.5833831585,6909630.324819465,0,0.6100100751930642,2.170705157975522,0,0.0,5658901.308260792,14853156695320.69,3628419.259262207,1485315669532069.0,8663358.661509544,3.881723387166858e-09,0,0,1,0.0,0.0,0
594,245000000.0,0,647134.3720329967,6918253.0489853695,0,0.6268421643445868,3.0857798726622376,0,0.0,5667267.10368976,13248430554923.715,3363811.8087948235,1324843055492371.5,8663358.661509544,3.9981387089937925e-09,0,0,1,0.0,0.0,0
595,245000000.0,0,920784.160682835,6926125.27875192,0,0.4412545078514482,1.460268089413506,0,0.0,5691802.05540807,13861471277213.99,3489829.35832744,1386147127721399.0,8663358.661509544,3.881723387166858e-09,0,0,1,0.0,0.0,0
596,245000000.0,0,647558.9493326733,6933174.426369453,0,0.6265557290059922,3.0837597755113473,0,0.0,5518906.535325531,12377191430706.512,3239511.2742451476,1237719143070651.2,8606201.195969181,6.122718332335353e-09,0,0,1,0.0,0.0,0
597,245000000.0,0,921208.7379825116,6934112.809241841,0,0.4362177633111396,1.4209224562504261,0,0.0,5543441.487043841,13038341461693.682,3379818.190162855,1303834146169368.2,8582259.824503029,7.010385161265731e-09,0,0,1,0.0,0.0,0
598,245000000.0,0,647983.5266323499,6946345.125987459,0,0.6263567436618732,3.081742321531996,0,0.0,5370545.966961301,11625157850563.844,3129500.106080563,1162515785056384.5,8582259.824503029,7.010385161265731e-09,0,0,1,0.0,0.0,0
599,245000000.0,0,762071.2684975809,6964368.616976218,0,0.6119620827562549,2.620987164066367,0,0.0,5242142.965464219,12470373840193.77,3269807.0219982704,1247037384019377.0,8569011.6373646,7.883500074967742e-09,0,0,1,0.0,0.0,0
